protein_id,protein_name,organism,sequence_length,domain_start,domain_end,domain_score,signature_name
A0A016SEB0,UPAR/Ly6 domain-containing protein qvr,Ancylostoma ceylanicum,160,24,136,,InterPro:IPR031424
A0A016SHP2,Protein quiver,Ancylostoma ceylanicum,171,26,146,,InterPro:IPR031424
A0A016SNB4,Protein sleepless,Ancylostoma ceylanicum,172,15,130,,InterPro:IPR031424
A0A016SY42,Uncharacterized protein,Ancylostoma ceylanicum,92,20,81,,InterPro:IPR031424
A0A016SYY1,Uncharacterized protein,Ancylostoma ceylanicum,144,20,82,,InterPro:IPR031424
A0A016SZ28,Protein quiver,Ancylostoma ceylanicum,130,20,109,,InterPro:IPR031424
A0A016TC47,Protein quiver,Ancylostoma ceylanicum,109,8,96,,InterPro:IPR031424
A0A016TCX3,Protein sleepless,Ancylostoma ceylanicum,123,22,110,,InterPro:IPR031424
A0A016TCX6,Protein sleepless,Ancylostoma ceylanicum,140,22,118,,InterPro:IPR031424
A0A016TD22,Protein quiver,Ancylostoma ceylanicum,107,6,94,,InterPro:IPR031424
A0A016TD31,Protein quiver,Ancylostoma ceylanicum,124,6,102,,InterPro:IPR031424
A0A016U9G5,Protein quiver,Ancylostoma ceylanicum,210,23,146,,InterPro:IPR031424
A0A016UBH5,UPAR/Ly6 domain-containing protein,Ancylostoma ceylanicum,199,12,135,,InterPro:IPR031424
A0A016UEU9,Protein sleepless,Ancylostoma ceylanicum,126,18,100,,InterPro:IPR031424
A0A016UX52,Protein sleepless,Ancylostoma ceylanicum,230,52,141,,InterPro:IPR031424
A0A016UXU2,Protein sleepless,Ancylostoma ceylanicum,251,73,162,,InterPro:IPR031424
A0A016UYB4,Protein sleepless,Ancylostoma ceylanicum,187,73,162,,InterPro:IPR031424
A0A016UYZ5,Protein sleepless,Ancylostoma ceylanicum,166,52,141,,InterPro:IPR031424
A0A016UZW4,Protein sleepless,Ancylostoma ceylanicum,235,121,210,,InterPro:IPR031424
A0A023EDS6,Putative retroactive,Aedes albopictus (Asian tiger mosquito),134,9,105,,InterPro:IPR031424
A0A023EFB9,Putative secreted protein,Aedes albopictus (Asian tiger mosquito),151,20,123,,InterPro:IPR031424
A0A023EFE3,Uncharacterized protein,Aedes albopictus (Asian tiger mosquito),123,13,92,,InterPro:IPR031424
A0A023EFJ7,Putative secreted protein,Aedes albopictus (Asian tiger mosquito),151,20,123,,InterPro:IPR031424
A0A023EFU8,Putative secreted protein,Aedes albopictus (Asian tiger mosquito),159,25,135,,InterPro:IPR031424
A0A023EGA3,Putative retrotransposon-like 1,Aedes albopictus (Asian tiger mosquito),142,25,119,,InterPro:IPR031424
A0A023EGD3,Putative secreted protein,Aedes albopictus (Asian tiger mosquito),165,23,136,,InterPro:IPR031424
A0A023EGD7,Putative secreted protein,Aedes albopictus (Asian tiger mosquito),142,25,119,,InterPro:IPR031424
A0A023EGK6,Putative secreted protein,Aedes albopictus (Asian tiger mosquito),145,21,114,,InterPro:IPR031424
A0A023EGM3,Putative salivary protein mys,Aedes albopictus (Asian tiger mosquito),169,24,139,,InterPro:IPR031424
A0A023EGZ6,Putative secreted protein,Aedes albopictus (Asian tiger mosquito),151,26,125,,InterPro:IPR031424
A0A023EH01,Putative secreted protein,Aedes albopictus (Asian tiger mosquito),151,20,123,,InterPro:IPR031424
A0A023EHP3,Putative secreted protein,Aedes albopictus (Asian tiger mosquito),165,23,136,,InterPro:IPR031424
A0A023FD89,Putative salivary protein mys,Triatoma infestans (Assassin bug),162,8,137,,InterPro:IPR031424
A0A023FSX4,Putative tpa exp: secreted protein,Amblyomma cajennense (Cayenne tick),144,29,121,,InterPro:IPR031424
A0A023FT47,Putative tpa exp: secreted protein,Amblyomma cajennense (Cayenne tick),145,30,122,,InterPro:IPR031424
A0A023FT50,Putative secreted protein,Amblyomma parvum (South American tick),153,13,122,,InterPro:IPR031424
A0A023G0Q8,Putative secreted protein,Amblyomma parvum (South American tick),144,29,121,,InterPro:IPR031424
A0A023G146,Putative secreted protein,Amblyomma parvum (South American tick),156,26,129,,InterPro:IPR031424
A0A023G553,Putative secreted protein,Amblyomma triste (Neotropical tick),160,22,131,,InterPro:IPR031424
A0A023G7S0,Putative kunitz-like protein,Amblyomma triste (Neotropical tick),158,22,132,,InterPro:IPR031424
A0A023GC97,Putative tpa exp: secreted protein,Amblyomma triste (Neotropical tick),144,29,121,,InterPro:IPR031424
A0A026VTG0,Uncharacterized protein,Ooceraea biroi (Clonal raider ant),150,24,118,,InterPro:IPR031424
A0A026W1W7,Uncharacterized protein,Ooceraea biroi (Clonal raider ant),136,7,110,,InterPro:IPR031424
A0A026W6D0,Uncharacterized protein,Ooceraea biroi (Clonal raider ant),117,2,86,,InterPro:IPR031424
A0A026W6Q2,Protein sleepless,Ooceraea biroi (Clonal raider ant),136,26,112,,InterPro:IPR031424
A0A026WLW1,Uncharacterized protein,Ooceraea biroi (Clonal raider ant),153,26,125,,InterPro:IPR031424
A0A026WMK1,UPAR/Ly6 domain-containing protein,Ooceraea biroi (Clonal raider ant),130,24,104,,InterPro:IPR031424
A0A026X1Y6,Ig-like domain-containing protein,Ooceraea biroi (Clonal raider ant),507,389,483,,InterPro:IPR031424
A0A026X3L7,Uncharacterized protein,Ooceraea biroi (Clonal raider ant),138,4,115,,InterPro:IPR031424
A0A034VCA2,Uncharacterized protein,Bactrocera dorsalis (Oriental fruit fly),109,21,105,,InterPro:IPR031424
A0A034VF06,Uncharacterized protein,Bactrocera dorsalis (Oriental fruit fly),150,21,122,,InterPro:IPR031424
A0A034VLL4,LOW QUALITY PROTEIN: uncharacterized protein LOC105233276,Bactrocera dorsalis (Oriental fruit fly),153,25,128,,InterPro:IPR031424
A0A034VR30,Uncharacterized protein LOC105224753 isoform X1,Bactrocera dorsalis (Oriental fruit fly),162,23,135,,InterPro:IPR031424
A0A034VZQ8,Uncharacterized protein LOC105232838,Bactrocera dorsalis (Oriental fruit fly),168,24,121,,InterPro:IPR031424
A0A034W2Y1,UPAR/Ly6 domain-containing protein qvr,Bactrocera dorsalis (Oriental fruit fly),278,43,131,,InterPro:IPR031424
A0A034W385,Protein sleepless,Bactrocera dorsalis (Oriental fruit fly),129,27,105,,InterPro:IPR031424
A0A034W4W8,Protein sleepless,Bactrocera dorsalis (Oriental fruit fly),141,24,117,,InterPro:IPR031424
A0A034WDG5,Uncharacterized protein LOC105223094,Bactrocera dorsalis (Oriental fruit fly),157,31,125,,InterPro:IPR031424
A0A034WEC6,Protein sleepless,Bactrocera dorsalis (Oriental fruit fly),159,28,135,,InterPro:IPR031424
A0A034WG99,Uncharacterized protein,Bactrocera dorsalis (Oriental fruit fly),159,20,123,,InterPro:IPR031424
A0A034WGA7,Uncharacterized protein,Bactrocera dorsalis (Oriental fruit fly),147,24,124,,InterPro:IPR031424
A0A034WGT7,Uncharacterized protein LOC105223518,Bactrocera dorsalis (Oriental fruit fly),141,21,117,,InterPro:IPR031424
A0A034WKB7,Uncharacterized protein LOC105223513,Bactrocera dorsalis (Oriental fruit fly),154,22,125,,InterPro:IPR031424
A0A034WML7,Uncharacterized protein LOC105223517,Bactrocera dorsalis (Oriental fruit fly),151,24,123,,InterPro:IPR031424
A0A034WQS1,Uncharacterized protein LOC105223093,Bactrocera dorsalis (Oriental fruit fly),151,22,119,,InterPro:IPR031424
A0A034WTM3,Uncharacterized protein LOC105226888 isoform X2,Bactrocera dorsalis (Oriental fruit fly),154,11,128,,InterPro:IPR031424
A0A067QST0,Uncharacterized protein,Zootermopsis nevadensis (Dampwood termite),123,13,109,,InterPro:IPR031424
A0A067R4K6,Uncharacterized protein,Zootermopsis nevadensis (Dampwood termite),140,22,114,,InterPro:IPR031424
A0A067R4V8,Uncharacterized protein,Zootermopsis nevadensis (Dampwood termite),161,23,136,,InterPro:IPR031424
A0A067R6Z0,Uncharacterized protein,Zootermopsis nevadensis (Dampwood termite),177,25,149,,InterPro:IPR031424
A0A067RB70,UPAR/Ly6 domain-containing protein qvr,Zootermopsis nevadensis (Dampwood termite),137,8,96,,InterPro:IPR031424
A0A067RDS9,Uncharacterized protein,Zootermopsis nevadensis (Dampwood termite),155,26,125,,InterPro:IPR031424
A0A067RDT4,Uncharacterized protein,Zootermopsis nevadensis (Dampwood termite),125,4,98,,InterPro:IPR031424
A0A067RGD8,Uncharacterized protein,Zootermopsis nevadensis (Dampwood termite),157,27,130,,InterPro:IPR031424
A0A067RGE3,Uncharacterized protein,Zootermopsis nevadensis (Dampwood termite),150,29,121,,InterPro:IPR031424
A0A067RGF1,Uncharacterized protein,Zootermopsis nevadensis (Dampwood termite),133,5,99,,InterPro:IPR031424
A0A067RGR4,Uncharacterized protein,Zootermopsis nevadensis (Dampwood termite),155,22,133,,InterPro:IPR031424
A0A068W7A7,UPAR/Ly6 domain-containing protein qvr,Echinococcus granulosus (Hydatid tapeworm),165,50,138,,InterPro:IPR031424
A0A068W9Y0,Protein quiver; Steroid dehydrogenase,Echinococcus granulosus (Hydatid tapeworm),181,33,155,,InterPro:IPR031424
A0A068WK15,UPAR/Ly6 domain-containing protein qvr,Echinococcus granulosus (Hydatid tapeworm),184,67,160,,InterPro:IPR031424
A0A068WL64,UPAR/Ly6 domain-containing protein qvr,Echinococcus granulosus (Hydatid tapeworm),166,48,144,,InterPro:IPR031424
A0A068WLV4,Expressed conserved protein,Echinococcus granulosus (Hydatid tapeworm),200,34,142,,InterPro:IPR031424
A0A068WMH4,Expressed protein,Echinococcus granulosus (Hydatid tapeworm),168,39,138,,InterPro:IPR031424
A0A068WRH1,Expressed conserved protein,Echinococcus granulosus (Hydatid tapeworm),144,26,120,,InterPro:IPR031424
A0A068WRQ9,G-patch domain-containing protein,Echinococcus granulosus (Hydatid tapeworm),528,14,110,,InterPro:IPR031424
A0A068WWP5,Expressed protein,Echinococcus granulosus (Hydatid tapeworm),128,23,105,,InterPro:IPR031424
A0A068Y1N5,G-patch domain-containing protein,Echinococcus multilocularis (Fox tapeworm),547,14,113,,InterPro:IPR031424
A0A068Y266,Expressed conserved protein,Echinococcus multilocularis (Fox tapeworm),144,26,120,,InterPro:IPR031424
A0A068Y7F1,Expressed protein,Echinococcus multilocularis (Fox tapeworm),160,39,130,,InterPro:IPR031424
A0A068YAL8,Steroid dehydrogenase,Echinococcus multilocularis (Fox tapeworm),181,33,155,,InterPro:IPR031424
A0A068YDC1,UPAR/Ly6 domain-containing protein qvr,Echinococcus multilocularis (Fox tapeworm),160,45,133,,InterPro:IPR031424
A0A068YEB9,Protein quiver,Echinococcus multilocularis (Fox tapeworm),174,32,127,,InterPro:IPR031424
A0A068YES5,UPAR/Ly6 domain-containing protein qvr,Echinococcus multilocularis (Fox tapeworm),184,67,160,,InterPro:IPR031424
A0A068YMQ3,UPAR/Ly6 domain-containing protein qvr,Echinococcus multilocularis (Fox tapeworm),166,48,144,,InterPro:IPR031424
A0A069DPK0,Putative ly-6/neurotoxin superfamily member 1,Panstrongylus megistus,151,27,124,,InterPro:IPR031424
A0A074Z196,Protein quiver,Opisthorchis viverrini,168,37,136,,InterPro:IPR031424
A0A074Z1Q2,UPAR/Ly6 domain-containing protein qvr,Opisthorchis viverrini,145,32,118,,InterPro:IPR031424
A0A074Z3A9,UPAR/Ly6 domain-containing protein,Opisthorchis viverrini,143,21,115,,InterPro:IPR031424
A0A074ZFJ2,Protein quiver,Opisthorchis viverrini,172,21,143,,InterPro:IPR031424
A0A074ZN05,Protein quiver,Opisthorchis viverrini,888,708,795,,InterPro:IPR031424
A0A074ZR32,Protein quiver,Opisthorchis viverrini,159,27,122,,InterPro:IPR031424
A0A075A830,Protein quiver,Opisthorchis viverrini,146,29,117,,InterPro:IPR031424
A0A075AHH9,UPAR/Ly6 domain-containing protein qvr,Opisthorchis viverrini,147,20,116,,InterPro:IPR031424
A0A076KUZ9,Protein quiver,Nephila pilipes (Giant wood spider),157,18,130,,InterPro:IPR031424
A0A077YZ22,Protein quiver,Trichuris trichiura (Whipworm),148,28,123,,InterPro:IPR031424
A0A077ZFN5,Protein quiver,Trichuris trichiura (Whipworm),160,18,127,,InterPro:IPR031424
A0A077ZG91,Protein sleepless,Trichuris trichiura (Whipworm),127,17,104,,InterPro:IPR031424
A0A084VDE1,AGAP011412-PA-like protein,Anopheles sinensis (Mosquito),141,16,112,,InterPro:IPR031424
A0A084W7P2,AGAP008640-PA-like protein,Anopheles sinensis (Mosquito),150,17,126,,InterPro:IPR031424
A0A084W7P3,AGAP008641-PA-like protein,Anopheles sinensis (Mosquito),154,26,125,,InterPro:IPR031424
A0A084W7P4,AGAP008642-PA-like protein,Anopheles sinensis (Mosquito),151,20,123,,InterPro:IPR031424
A0A084W8A5,AGAP008115-PA-like protein,Anopheles sinensis (Mosquito),188,41,156,,InterPro:IPR031424
A0A084W8A9,Uncharacterized protein,Anopheles sinensis (Mosquito),131,10,113,,InterPro:IPR031424
A0A084W8B0,AGAP008113-PA-like protein,Anopheles sinensis (Mosquito),143,26,120,,InterPro:IPR031424
A0A084W8B1,AGAP008113-PA-like protein,Anopheles sinensis (Mosquito),143,26,120,,InterPro:IPR031424
A0A084WNF5,Uncharacterized protein,Anopheles sinensis (Mosquito),177,57,146,,InterPro:IPR031424
A0A085LRL9,Protein quiver,Trichuris suis (pig whipworm),173,30,141,,InterPro:IPR031424
A0A085LY60,Uncharacterized protein,Trichuris suis (pig whipworm),498,80,174,,InterPro:IPR031424
A0A085NLC9,Uncharacterized protein,Trichuris suis (pig whipworm),150,31,125,,InterPro:IPR031424
A0A087SZE2,Uncharacterized protein,Stegodyphus mimosarum (African social velvet spider),152,30,124,,InterPro:IPR031424
A0A087SZE3,Protein quiver,Stegodyphus mimosarum (African social velvet spider),86,1,58,,InterPro:IPR031424
A0A087T0L6,Uncharacterized protein,Stegodyphus mimosarum (African social velvet spider),148,32,124,,InterPro:IPR031424
A0A087T9I2,Protein sleepless,Stegodyphus mimosarum (African social velvet spider),141,24,117,,InterPro:IPR031424
A0A087TBX2,Uncharacterized protein,Stegodyphus mimosarum (African social velvet spider),146,27,119,,InterPro:IPR031424
A0A087TLJ7,Uncharacterized protein,Stegodyphus mimosarum (African social velvet spider),156,18,130,,InterPro:IPR031424
A0A087TWH3,Uncharacterized protein,Stegodyphus mimosarum (African social velvet spider),141,25,118,,InterPro:IPR031424
A0A087TWU8,Protein sleepless,Stegodyphus mimosarum (African social velvet spider),150,25,118,,InterPro:IPR031424
A0A087U2R7,Uncharacterized protein,Stegodyphus mimosarum (African social velvet spider),144,22,119,,InterPro:IPR031424
A0A087UCE6,Uncharacterized protein,Stegodyphus mimosarum (African social velvet spider),132,24,113,,InterPro:IPR031424
A0A087UI23,Uncharacterized protein,Stegodyphus mimosarum (African social velvet spider),123,19,122,,InterPro:IPR031424
A0A087UNJ1,Uncharacterized protein,Stegodyphus mimosarum (African social velvet spider),123,24,113,,InterPro:IPR031424
A0A087UTH0,Uncharacterized protein,Stegodyphus mimosarum (African social velvet spider),131,17,106,,InterPro:IPR031424
A0A087VWY1,Expressed protein,Echinococcus multilocularis (Fox tapeworm),128,23,105,,InterPro:IPR031424
A0A087VYC7,Expressed conserved protein,Echinococcus multilocularis (Fox tapeworm),202,34,142,,InterPro:IPR031424
A0A090L8B7,Protein sleepless,Strongyloides ratti (Parasitic roundworm),456,344,431,,InterPro:IPR031424
A0A090L915,Protein quiver,Strongyloides ratti (Parasitic roundworm),104,4,77,,InterPro:IPR031424
A0A090LTF9,UPAR/Ly6 domain-containing protein qvr,Strongyloides ratti (Parasitic roundworm),176,41,154,,InterPro:IPR031424
A0A090XBK2,Putative conserved plasma membrane protein,Ixodes ricinus (Common tick),107,4,76,,InterPro:IPR031424
A0A094ZF92,Uncharacterized protein,Schistosoma haematobium (Blood fluke),92,12,85,,InterPro:IPR031424
A0A094ZH04,Protein quiver,Schistosoma haematobium (Blood fluke),152,28,123,,InterPro:IPR031424
A0A094ZIJ8,Protein quiver,Schistosoma haematobium (Blood fluke),142,15,103,,InterPro:IPR031424
A0A094ZSD5,Protein quiver,Schistosoma haematobium (Blood fluke),147,29,117,,InterPro:IPR031424
A0A094ZV75,Uncharacterized protein,Schistosoma haematobium (Blood fluke),194,24,165,,InterPro:IPR031424
A0A094ZWX6,UPAR/Ly6 domain-containing protein qvr,Schistosoma haematobium (Blood fluke),156,30,126,,InterPro:IPR031424
A0A095AE77,Protein quiver,Schistosoma haematobium (Blood fluke),117,3,92,,InterPro:IPR031424
A0A095C2Q4,Protein quiver,Schistosoma haematobium (Blood fluke),176,38,146,,InterPro:IPR031424
A0A0A1WEA1,Elongation factor 2,Zeugodacus cucurbitae (Melon fruit fly),213,34,180,,InterPro:IPR031424
A0A0A1WHL0,UPAR/Ly6 domain-containing protein qvr,Zeugodacus cucurbitae (Melon fruit fly),234,46,134,,InterPro:IPR031424
A0A0A1WN45,Putative histone-lysine N-methyltransferase PFF1440w,Zeugodacus cucurbitae (Melon fruit fly),150,21,122,,InterPro:IPR031424
A0A0A1WNK1,Protein quiver,Zeugodacus cucurbitae (Melon fruit fly),168,24,121,,InterPro:IPR031424
A0A0A1WP31,Ribosomal protein S12 methylthiotransferase RimO,Zeugodacus cucurbitae (Melon fruit fly),157,31,125,,InterPro:IPR031424
A0A0A1WPV7,"Phospholipase A1-Ialpha2, chloroplastic",Zeugodacus cucurbitae (Melon fruit fly),153,25,128,,InterPro:IPR031424
A0A0A1WU61,Protein TIF31 homolog,Zeugodacus cucurbitae (Melon fruit fly),141,24,117,,InterPro:IPR031424
A0A0A1WV64,Proto-oncogene tyrosine-protein kinase ROS,Zeugodacus cucurbitae (Melon fruit fly),151,22,119,,InterPro:IPR031424
A0A0A1WWD6,Probable alpha-galactosidase B,Zeugodacus cucurbitae (Melon fruit fly),154,22,125,,InterPro:IPR031424
A0A0A1WZQ0,"3-hydroxyanthranilate 3,4-dioxygenase",Zeugodacus cucurbitae (Melon fruit fly),147,24,124,,InterPro:IPR031424
A0A0A1X0N0,UPAR/Ly6 domain-containing protein qvr,Zeugodacus cucurbitae (Melon fruit fly),231,43,131,,InterPro:IPR031424
A0A0A1XBQ5,Secreted Ly-6/uPAR-related protein 1,Zeugodacus cucurbitae (Melon fruit fly),142,21,117,,InterPro:IPR031424
A0A0A1XC14,UPAR/Ly6 domain-containing protein qvr,Zeugodacus cucurbitae (Melon fruit fly),233,37,125,,InterPro:IPR031424
A0A0A1XED3,Lymphocyte antigen 6I,Zeugodacus cucurbitae (Melon fruit fly),161,20,123,,InterPro:IPR031424
A0A0A1XG12,Cytosolic 5'-nucleotidase 3,Zeugodacus cucurbitae (Melon fruit fly),151,24,123,,InterPro:IPR031424
A0A0A1XHA5,Probable alpha-galactosidase B,Zeugodacus cucurbitae (Melon fruit fly),154,22,125,,InterPro:IPR031424
A0A0A1XLH2,Methionine synthase,Zeugodacus cucurbitae (Melon fruit fly),159,28,135,,InterPro:IPR031424
A0A0A9W9P3,Putative cellulose synthase A catalytic subunit 3 [UDP-forming],Lygus hesperus (Western plant bug),144,20,117,,InterPro:IPR031424
A0A0A9WF08,Tyrosine--tRNA ligase,Lygus hesperus (Western plant bug),167,27,138,,InterPro:IPR031424
A0A0A9WPE3,Protein quiver,Lygus hesperus (Western plant bug),152,35,131,,InterPro:IPR031424
A0A0A9WSC6,Uncharacterized protein,Lygus hesperus (Western plant bug),154,23,124,,InterPro:IPR031424
A0A0A9WYG5,Uncharacterized protein,Lygus hesperus (Western plant bug),145,30,123,,InterPro:IPR031424
A0A0A9WZJ0,Protein quiver,Lygus hesperus (Western plant bug),145,26,121,,InterPro:IPR031424
A0A0A9X2S6,Protein quiver,Lygus hesperus (Western plant bug),148,27,123,,InterPro:IPR031424
A0A0A9XAT5,tRNA-specific 2-thiouridylase mnmA,Lygus hesperus (Western plant bug),163,42,140,,InterPro:IPR031424
A0A0A9XS61,Protein sleepless,Lygus hesperus (Western plant bug),171,34,146,,InterPro:IPR031424
A0A0A9XVK8,Protein quiver,Lygus hesperus (Western plant bug),124,21,120,,InterPro:IPR031424
A0A0A9XZ32,Protein quiver,Lygus hesperus (Western plant bug),152,24,127,,InterPro:IPR031424
A0A0A9XZB9,Putative E3 ubiquitin-protein ligase ARI4,Lygus hesperus (Western plant bug),152,29,125,,InterPro:IPR031424
A0A0A9Z8P9,Angiopoietin-related protein 3,Lygus hesperus (Western plant bug),136,21,112,,InterPro:IPR031424
A0A0A9ZFY9,Uncharacterized protein,Lygus hesperus (Western plant bug),187,66,160,,InterPro:IPR031424
A0A0B1TBK8,Protein quiver,Oesophagostomum dentatum (Nodular worm),174,17,131,,InterPro:IPR031424
A0A0B1TRX9,Protein quiver,Oesophagostomum dentatum (Nodular worm),128,15,103,,InterPro:IPR031424
A0A0B2USX1,Uncharacterized protein,Toxocara canis (Canine roundworm),308,20,142,,InterPro:IPR031424
A0A0B2UT22,Protein quiver,Toxocara canis (Canine roundworm),219,48,187,,InterPro:IPR031424
A0A0B2VCU5,Protein sleepless,Toxocara canis (Canine roundworm),138,21,110,,InterPro:IPR031424
A0A0B2VMR3,Protein sleepless,Toxocara canis (Canine roundworm),132,18,107,,InterPro:IPR031424
A0A0B2VT48,Protein sleepless,Toxocara canis (Canine roundworm),174,50,140,,InterPro:IPR031424
A0A0B2VWJ1,Protein quiver,Toxocara canis (Canine roundworm),158,17,127,,InterPro:IPR031424
A0A0B2W4B8,Protein sleepless,Toxocara canis (Canine roundworm),186,44,160,,InterPro:IPR031424
A0A0B2W5A9,UPAR/Ly6 domain-containing protein qvr,Toxocara canis (Canine roundworm),158,23,136,,InterPro:IPR031424
A0A0B4LEU0,UPAR/Ly6 domain-containing protein qvr,Drosophila melanogaster (Fruit fly),155,36,124,,InterPro:IPR031424
A0A0B6Y199,Protein sleepless,Arion vulgaris,144,24,116,,InterPro:IPR031424
A0A0B6Y2L5,UPAR/Ly6 domain-containing protein qvr,Arion vulgaris,147,24,120,,InterPro:IPR031424
A0A0B6YKN5,Protein quiver,Arion vulgaris,96,25,90,,InterPro:IPR031424
A0A0B6YTG1,Protein sleepless,Arion vulgaris,170,54,144,,InterPro:IPR031424
A0A0B7B093,Protein sleepless,Arion vulgaris,157,27,130,,InterPro:IPR031424
A0A0B7B4R0,Protein sleepless,Arion vulgaris,134,24,109,,InterPro:IPR031424
A0A0B7B609,Protein sleepless,Arion vulgaris,144,35,118,,InterPro:IPR031424
A0A0B7BWE6,UPAR/Ly6 domain-containing protein qvr,Arion vulgaris,146,23,119,,InterPro:IPR031424
A0A0C2DS65,Protein sleepless,Ancylostoma duodenale,136,21,110,,InterPro:IPR031424
A0A0C2FAC2,Uncharacterized protein,Ancylostoma duodenale,144,44,142,,InterPro:IPR031424
A0A0C2FRZ3,Protein quiver,Ancylostoma duodenale,113,12,100,,InterPro:IPR031424
A0A0C2G9W1,Protein quiver,Ancylostoma duodenale,178,15,136,,InterPro:IPR031424
A0A0C2GT18,Protein quiver,Ancylostoma duodenale,172,15,130,,InterPro:IPR031424
A0A0C2HGX9,Protein quiver,Ancylostoma duodenale,158,11,131,,InterPro:IPR031424
A0A0C5AYN4,CG31676-like protein protein,Megaselia abdita (Humpbacked fly),106,1,104,,InterPro:IPR031424
A0A0C5B1T1,CG9336-like protein 3 protein,Megaselia abdita (Humpbacked fly),109,1,109,,InterPro:IPR031424
A0A0C5B2S9,Atilla-like protein 2 protein,Megaselia abdita (Humpbacked fly),112,14,112,,InterPro:IPR031424
A0A0C5B4Z5,CG9336-like protein 2 protein,Megaselia abdita (Humpbacked fly),121,20,121,,InterPro:IPR031424
A0A0C5BFE9,Twit-like protein protein,Megaselia abdita (Humpbacked fly),109,1,108,,InterPro:IPR031424
A0A0C5BFF6,CG9336-like protein 4 protein,Megaselia abdita (Humpbacked fly),109,1,109,,InterPro:IPR031424
A0A0C9PRI2,Protein sleepless,Fopius arisanus,105,5,79,,InterPro:IPR031424
A0A0C9Q2S4,Aat protein,Fopius arisanus,149,24,119,,InterPro:IPR031424
A0A0C9QAZ2,Qvr_0 protein,Fopius arisanus,135,3,106,,InterPro:IPR031424
A0A0C9QCG5,ORF c13406_g1_i1|g.4742 c13406_g1_i1|m.4742 type:3prime_partial len:136 (+) protein,Fopius arisanus,135,35,122,,InterPro:IPR031424
A0A0C9QIU4,Protein sleepless,Fopius arisanus,186,26,156,,InterPro:IPR031424
A0A0C9QQ49,Qvr_1 protein,Fopius arisanus,141,26,120,,InterPro:IPR031424
A0A0C9QZK7,Uncharacterized protein,Amblyomma americanum (Lone star tick),133,3,106,,InterPro:IPR031424
A0A0C9R4W4,Kif15-a protein,Fopius arisanus,129,54,105,,InterPro:IPR031424
A0A0C9R6C6,PheS_0 protein,Fopius arisanus,105,5,79,,InterPro:IPR031424
A0A0C9RAR3,Protein sleepless,Fopius arisanus,139,24,113,,InterPro:IPR031424
A0A0C9RX20,Putative conserved plasma membrane protein,Amblyomma americanum (Lone star tick),141,26,114,,InterPro:IPR031424
A0A0D6M1V7,Protein sleepless,Ancylostoma ceylanicum,209,47,136,,InterPro:IPR031424
A0A0D6M2K5,Protein quiver,Ancylostoma ceylanicum,158,48,137,,InterPro:IPR031424
A0A0D8XAM2,Protein quiver,Dictyocaulus viviparus (Bovine lungworm),128,32,118,,InterPro:IPR031424
A0A0D8XV41,Protein quiver,Dictyocaulus viviparus (Bovine lungworm),129,18,107,,InterPro:IPR031424
A0A0D8Y3R0,Protein quiver,Dictyocaulus viviparus (Bovine lungworm),198,21,144,,InterPro:IPR031424
A0A0D8Y5C3,Protein sleepless,Dictyocaulus viviparus (Bovine lungworm),135,2,113,,InterPro:IPR031424
A0A0G3I6K7,Ly-6/neurotoxin 2,Locusta migratoria (Migratory locust),148,32,126,,InterPro:IPR031424
A0A0G3I8D5,Ly-6/neurotoxin 1,Locusta migratoria (Migratory locust),143,26,119,,InterPro:IPR031424
A0A0G3IC74,Ly-6/neurotoxin 3,Locusta migratoria (Migratory locust),145,25,116,,InterPro:IPR031424
A0A0H4T4D8,UPAR/Ly6 domain-containing protein qvr,Schistosoma mansoni (Blood fluke),152,22,118,,InterPro:IPR031424
A0A0H5S539,Protein sleepless,Brugia malayi (Filarial nematode worm),137,23,112,,InterPro:IPR031424
A0A0J7KLT6,Uncharacterized protein,Lasius niger (Black garden ant),110,4,84,,InterPro:IPR031424
A0A0J9R182,Uncharacterized protein,Drosophila simulans (Fruit fly),143,22,118,,InterPro:IPR031424
A0A0J9R4N1,Uncharacterized protein,Drosophila simulans (Fruit fly),147,24,124,,InterPro:IPR031424
A0A0J9RAC6,UPAR/Ly6 domain-containing protein qvr,Drosophila simulans (Fruit fly),155,36,124,,InterPro:IPR031424
A0A0J9RAG9,UPAR/Ly6 domain-containing protein qvr,Drosophila simulans (Fruit fly),158,39,127,,InterPro:IPR031424
A0A0J9Y278,Protein quiver,Brugia malayi (Filarial nematode worm),141,24,113,,InterPro:IPR031424
A0A0K0D746,Protein sleepless,Angiostrongylus cantonensis (Rat lungworm),105,13,100,,InterPro:IPR031424
A0A0K0DC38,Protein sleepless,Angiostrongylus cantonensis (Rat lungworm),104,15,87,,InterPro:IPR031424
A0A0K0DYZ6,UPAR/Ly6 domain-containing protein qvr,Strongyloides stercoralis (Threadworm),180,41,154,,InterPro:IPR031424
A0A0K0E8P7,Protein quiver,Strongyloides stercoralis (Threadworm),149,39,119,,InterPro:IPR031424
A0A0K0EEY9,Protein sleepless,Strongyloides stercoralis (Threadworm),140,28,115,,InterPro:IPR031424
A0A0K0ENL8,Protein sleepless,Strongyloides stercoralis (Threadworm),136,22,111,,InterPro:IPR031424
A0A0K0EXQ3,UPAR/Ly6 domain-containing protein qvr,Strongyloides venezuelensis (Threadworm),154,14,127,,InterPro:IPR031424
A0A0K0F403,Protein sleepless,Strongyloides venezuelensis (Threadworm),139,22,111,,InterPro:IPR031424
A0A0K0FAZ4,Protein quiver,Strongyloides venezuelensis (Threadworm),218,101,195,,InterPro:IPR031424
A0A0K0FGP8,Protein sleepless,Strongyloides venezuelensis (Threadworm),140,28,115,,InterPro:IPR031424
A0A0K0JJV9,Protein quiver,Brugia malayi (Filarial nematode worm),207,48,181,,InterPro:IPR031424
A0A0K2SWG2,Uncharacterized protein,Lepeophtheirus salmonis (Salmon louse),127,22,107,,InterPro:IPR031424
A0A0K2SWQ8,Protein quiver,Lepeophtheirus salmonis (Salmon louse),200,85,195,,InterPro:IPR031424
A0A0K2T0G0,(salmon louse) hypothetical protein,Lepeophtheirus salmonis (Salmon louse),168,31,138,,InterPro:IPR031424
A0A0K2T677,Uncharacterized protein,Lepeophtheirus salmonis (Salmon louse),134,23,102,,InterPro:IPR031424
A0A0K2T8I7,UPAR/Ly6 domain-containing protein qvr,Lepeophtheirus salmonis (Salmon louse),147,28,116,,InterPro:IPR031424
A0A0K2TAN0,Putative LOC101895980 [Musca domestica],Lepeophtheirus salmonis (Salmon louse),138,20,114,,InterPro:IPR031424
A0A0K2TAV6,Uncharacterized protein,Lepeophtheirus salmonis (Salmon louse),170,39,157,,InterPro:IPR031424
A0A0K2TBC0,Uncharacterized protein,Lepeophtheirus salmonis (Salmon louse),151,4,83,,InterPro:IPR031424
A0A0K2THV7,Uncharacterized protein,Lepeophtheirus salmonis (Salmon louse),136,24,112,,InterPro:IPR031424
A0A0K2TKW9,(salmon louse) hypothetical protein,Lepeophtheirus salmonis (Salmon louse),146,23,120,,InterPro:IPR031424
A0A0K2TLA1,Uncharacterized protein,Lepeophtheirus salmonis (Salmon louse),141,18,115,,InterPro:IPR031424
A0A0K2TLS8,UPAR/Ly6 domain-containing protein qvr,Lepeophtheirus salmonis (Salmon louse),156,43,131,,InterPro:IPR031424
A0A0K2TST1,Uncharacterized protein,Lepeophtheirus salmonis (Salmon louse),107,23,96,,InterPro:IPR031424
A0A0K2U5C0,Putative LOC100867187 [Apis florea],Lepeophtheirus salmonis (Salmon louse),139,30,129,,InterPro:IPR031424
A0A0K2UE93,C-type lectin domain-containing protein,Lepeophtheirus salmonis (Salmon louse),1484,839,935,,InterPro:IPR031424
A0A0K2UE93,C-type lectin domain-containing protein,Lepeophtheirus salmonis (Salmon louse),1484,1173,1270,,InterPro:IPR031424
A0A0K2UEK0,C-type lectin domain-containing protein,Lepeophtheirus salmonis (Salmon louse),1370,1059,1156,,InterPro:IPR031424
A0A0K2UEK0,C-type lectin domain-containing protein,Lepeophtheirus salmonis (Salmon louse),1370,725,821,,InterPro:IPR031424
A0A0K2UF82,C-type lectin domain-containing protein,Lepeophtheirus salmonis (Salmon louse),1640,995,1091,,InterPro:IPR031424
A0A0K2UF82,C-type lectin domain-containing protein,Lepeophtheirus salmonis (Salmon louse),1640,1329,1426,,InterPro:IPR031424
A0A0K2UHJ5,Protein quiver,Lepeophtheirus salmonis (Salmon louse),123,38,122,,InterPro:IPR031424
A0A0K2V6G1,Uncharacterized protein,Lepeophtheirus salmonis (Salmon louse),141,23,114,,InterPro:IPR031424
A0A0K2VBI4,Uncharacterized protein,Lepeophtheirus salmonis (Salmon louse),96,14,89,,InterPro:IPR031424
A0A0K8R3P1,Putative kunitz-like protein,Ixodes ricinus (Common tick),146,7,117,,InterPro:IPR031424
A0A0K8RGF7,Putative secreted protein,Ixodes ricinus (Common tick),204,26,129,,InterPro:IPR031424
A0A0K8RJ06,Putative secreted protein,Ixodes ricinus (Common tick),156,26,129,,InterPro:IPR031424
A0A0K8SE02,Uncharacterized protein,Lygus hesperus (Western plant bug),206,85,179,,InterPro:IPR031424
A0A0K8ST25,Uncharacterized protein,Lygus hesperus (Western plant bug),152,29,125,,InterPro:IPR031424
A0A0K8T9R8,Protein sleepless,Lygus hesperus (Western plant bug),145,26,121,,InterPro:IPR031424
A0A0K8TK47,Uncharacterized protein,Tabanus bromius (Band-eyed brown horse fly),115,2,87,,InterPro:IPR031424
A0A0K8TXT4,Uncharacterized protein,Bactrocera latifrons (Malaysian fruit fly),144,2,97,,InterPro:IPR031424
A0A0K8TZ22,Uncharacterized protein,Bactrocera latifrons (Malaysian fruit fly),141,21,117,,InterPro:IPR031424
A0A0K8U8Q4,Uncharacterized protein,Bactrocera latifrons (Malaysian fruit fly),103,11,90,,InterPro:IPR031424
A0A0K8UC64,Uncharacterized protein,Bactrocera latifrons (Malaysian fruit fly),151,24,123,,InterPro:IPR031424
A0A0K8URX0,Protein sleepless,Bactrocera latifrons (Malaysian fruit fly),159,28,135,,InterPro:IPR031424
A0A0K8UY50,Uncharacterized protein,Bactrocera latifrons (Malaysian fruit fly),147,24,124,,InterPro:IPR031424
A0A0K8V0Q3,Uncharacterized protein,Bactrocera latifrons (Malaysian fruit fly),183,39,136,,InterPro:IPR031424
A0A0K8V0S8,Uncharacterized protein,Bactrocera latifrons (Malaysian fruit fly),151,22,119,,InterPro:IPR031424
A0A0K8VB58,Uncharacterized protein,Bactrocera latifrons (Malaysian fruit fly),150,21,122,,InterPro:IPR031424
A0A0K8VDZ1,Protein sleepless,Bactrocera latifrons (Malaysian fruit fly),141,24,117,,InterPro:IPR031424
A0A0K8VEQ0,Uncharacterized protein,Bactrocera latifrons (Malaysian fruit fly),157,31,125,,InterPro:IPR031424
A0A0K8VJ70,Uncharacterized protein,Bactrocera latifrons (Malaysian fruit fly),161,20,123,,InterPro:IPR031424
A0A0K8VJC5,Uncharacterized protein,Bactrocera latifrons (Malaysian fruit fly),203,64,176,,InterPro:IPR031424
A0A0K8VK42,Uncharacterized protein,Bactrocera latifrons (Malaysian fruit fly),153,25,128,,InterPro:IPR031424
A0A0K8WBQ2,UPAR/Ly6 domain-containing protein qvr,Bactrocera latifrons (Malaysian fruit fly),280,43,131,,InterPro:IPR031424
A0A0K8WHA7,Uncharacterized protein,Bactrocera latifrons (Malaysian fruit fly),154,22,125,,InterPro:IPR031424
A0A0L0BN68,Uncharacterized protein,Lucilia cuprina (Green bottle fly),165,22,134,,InterPro:IPR031424
A0A0L0BSX1,Uncharacterized protein,Lucilia cuprina (Green bottle fly),125,4,100,,InterPro:IPR031424
A0A0L0BT11,Uncharacterized protein,Lucilia cuprina (Green bottle fly),155,23,126,,InterPro:IPR031424
A0A0L0BT32,Uncharacterized protein,Lucilia cuprina (Green bottle fly),151,24,123,,InterPro:IPR031424
A0A0L0BUA6,Protein sleepless,Lucilia cuprina (Green bottle fly),146,22,115,,InterPro:IPR031424
A0A0L0BZ61,Uncharacterized protein,Lucilia cuprina (Green bottle fly),125,35,125,,InterPro:IPR031424
A0A0L0BZA1,Uncharacterized protein,Lucilia cuprina (Green bottle fly),160,38,129,,InterPro:IPR031424
A0A0L0C0B6,Uncharacterized protein,Lucilia cuprina (Green bottle fly),150,27,123,,InterPro:IPR031424
A0A0L0C6K8,Protein sleepless,Lucilia cuprina (Green bottle fly),177,20,139,,InterPro:IPR031424
A0A0L0C712,Uncharacterized protein,Lucilia cuprina (Green bottle fly),182,38,158,,InterPro:IPR031424
A0A0L0CB52,Protein sleepless,Lucilia cuprina (Green bottle fly),234,87,197,,InterPro:IPR031424
A0A0L0CDM9,Uncharacterized protein,Lucilia cuprina (Green bottle fly),175,48,146,,InterPro:IPR031424
A0A0L0CDU8,Uncharacterized protein,Lucilia cuprina (Green bottle fly),150,25,122,,InterPro:IPR031424
A0A0L0CG35,Uncharacterized protein,Lucilia cuprina (Green bottle fly),151,25,128,,InterPro:IPR031424
A0A0L0CG73,Uncharacterized protein,Lucilia cuprina (Green bottle fly),277,23,124,,InterPro:IPR031424
A0A0L0CG73,Uncharacterized protein,Lucilia cuprina (Green bottle fly),277,147,248,,InterPro:IPR031424
A0A0L0CI87,Protein sleepless,Lucilia cuprina (Green bottle fly),158,24,129,,InterPro:IPR031424
A0A0L7KP16,Uncharacterized protein,Operophtera brumata (Winter moth),123,3,98,,InterPro:IPR031424
A0A0L7KX99,Uncharacterized protein,Operophtera brumata (Winter moth),104,6,76,,InterPro:IPR031424
A0A0L7L088,Protein quiver,Operophtera brumata (Winter moth),186,48,161,,InterPro:IPR031424
A0A0L7L432,Uncharacterized protein,Operophtera brumata (Winter moth),121,6,76,,InterPro:IPR031424
A0A0L7L4I8,Uncharacterized protein,Operophtera brumata (Winter moth),90,4,68,,InterPro:IPR031424
A0A0L7L7B0,Uncharacterized protein,Operophtera brumata (Winter moth),150,20,123,,InterPro:IPR031424
A0A0L7L7W8,Putative ly-6/neurotoxin superfamily member 1,Operophtera brumata (Winter moth),135,10,113,,InterPro:IPR031424
A0A0L7QRA6,UPAR/Ly6 domain-containing protein qvr,Habropoda laboriosa,158,28,116,,InterPro:IPR031424
A0A0L7QT56,Uncharacterized protein,Habropoda laboriosa,152,26,125,,InterPro:IPR031424
A0A0L7R1Z7,Ig-like domain-containing protein,Habropoda laboriosa,518,400,494,,InterPro:IPR031424
A0A0L7R400,Uncharacterized protein,Habropoda laboriosa,86,1,58,,InterPro:IPR031424
A0A0L7R412,Uncharacterized protein,Habropoda laboriosa,165,14,136,,InterPro:IPR031424
A0A0L7R443,Uncharacterized protein,Habropoda laboriosa,133,4,102,,InterPro:IPR031424
A0A0L7R4Y1,Uncharacterized protein,Habropoda laboriosa,90,4,64,,InterPro:IPR031424
A0A0L7RGP2,Uncharacterized protein,Habropoda laboriosa,123,5,96,,InterPro:IPR031424
A0A0L7RHA1,Uncharacterized protein,Habropoda laboriosa,156,22,133,,InterPro:IPR031424
A0A0L8FV40,UPAR/Ly6 domain-containing protein qvr,Octopus bimaculoides (California two-spotted octopus),157,9,93,,InterPro:IPR031424
A0A0L8G4M0,Protein quiver,Octopus bimaculoides (California two-spotted octopus),157,22,117,,InterPro:IPR031424
A0A0L8GGG8,Protein sleepless,Octopus bimaculoides (California two-spotted octopus),135,24,110,,InterPro:IPR031424
A0A0L8GGN8,UPAR/Ly6 domain-containing protein qvr,Octopus bimaculoides (California two-spotted octopus),138,19,114,,InterPro:IPR031424
A0A0L8GGP3,Protein sleepless,Octopus bimaculoides (California two-spotted octopus),139,24,114,,InterPro:IPR031424
A0A0L8GM14,UPAR/Ly6 domain-containing protein,Octopus bimaculoides (California two-spotted octopus),152,26,109,,InterPro:IPR031424
A0A0L8GTT2,UPAR/Ly6 domain-containing protein qvr,Octopus bimaculoides (California two-spotted octopus),146,32,115,,InterPro:IPR031424
A0A0L8GXF8,Protein quiver,Octopus bimaculoides (California two-spotted octopus),113,2,88,,InterPro:IPR031424
A0A0L8GXK5,Protein sleepless,Octopus bimaculoides (California two-spotted octopus),136,20,111,,InterPro:IPR031424
A0A0L8GYL0,Protein quiver,Octopus bimaculoides (California two-spotted octopus),154,26,129,,InterPro:IPR031424
A0A0L8IAN5,Protein sleepless,Octopus bimaculoides (California two-spotted octopus),124,5,92,,InterPro:IPR031424
A0A0L8IDX6,Protein sleepless,Octopus bimaculoides (California two-spotted octopus),102,6,77,,InterPro:IPR031424
A0A0L8IIH9,Protein sleepless,Octopus bimaculoides (California two-spotted octopus),127,23,101,,InterPro:IPR031424
A0A0M3HND8,Zf-RVT domain-containing protein,Ascaris lumbricoides (Giant roundworm),122,7,107,,InterPro:IPR031424
A0A0M3HYK7,Protein sleepless,Ascaris lumbricoides (Giant roundworm),142,21,119,,InterPro:IPR031424
A0A0M3I2L2,Protein sleepless,Ascaris lumbricoides (Giant roundworm),136,21,110,,InterPro:IPR031424
A0A0M3IGK4,Protein quiver,Ascaris lumbricoides (Giant roundworm),207,34,178,,InterPro:IPR031424
A0A0M3IYW5,Protein quiver,Anisakis simplex (Herring worm),170,18,129,,InterPro:IPR031424
A0A0M3JAJ1,Protein quiver,Anisakis simplex (Herring worm),113,1,107,,InterPro:IPR031424
A0A0M3K7M8,Protein quiver,Anisakis simplex (Herring worm),164,18,129,,InterPro:IPR031424
A0A0M3QTS4,Atilla,Drosophila busckii (Fruit fly),143,22,118,,InterPro:IPR031424
A0A0M3QUQ1,CG6329,Drosophila busckii (Fruit fly),154,24,120,,InterPro:IPR031424
A0A0M4E3E0,Protein sleepless,Drosophila busckii (Fruit fly),208,29,136,,InterPro:IPR031424
A0A0M4E4Q1,CG14275,Drosophila busckii (Fruit fly),144,23,117,,InterPro:IPR031424
A0A0M4E781,CG31676,Drosophila busckii (Fruit fly),138,10,113,,InterPro:IPR031424
A0A0M4E7V2,CG6583,Drosophila busckii (Fruit fly),154,22,125,,InterPro:IPR031424
A0A0M4EAF4,CG14401,Drosophila busckii (Fruit fly),96,3,73,,InterPro:IPR031424
A0A0M4EAH2,Crok,Drosophila busckii (Fruit fly),151,24,123,,InterPro:IPR031424
A0A0M4EC76,CG31675,Drosophila busckii (Fruit fly),143,18,119,,InterPro:IPR031424
A0A0M4EEB1,CG9338,Drosophila busckii (Fruit fly),167,44,144,,InterPro:IPR031424
A0A0M4EG42,Protein sleepless,Drosophila busckii (Fruit fly),138,6,113,,InterPro:IPR031424
A0A0M4EJV3,CG8501,Drosophila busckii (Fruit fly),145,27,142,,InterPro:IPR031424
A0A0M4ELF1,Bou,Drosophila busckii (Fruit fly),150,30,123,,InterPro:IPR031424
A0A0M4EQA3,CG7781,Drosophila busckii (Fruit fly),148,22,119,,InterPro:IPR031424
A0A0M4F1Z0,Crim,Drosophila busckii (Fruit fly),161,23,135,,InterPro:IPR031424
A0A0M5J3Y5,Maker497,Drosophila busckii (Fruit fly),141,16,117,,InterPro:IPR031424
A0A0M5J608,Protein sleepless,Drosophila busckii (Fruit fly),193,27,170,,InterPro:IPR031424
A0A0M5JDS4,Rtv,Drosophila busckii (Fruit fly),149,28,124,,InterPro:IPR031424
A0A0M8ZPE2,Uncharacterized protein,Melipona quadrifasciata,138,20,111,,InterPro:IPR031424
A0A0M8ZY81,Uncharacterized protein,Melipona quadrifasciata,198,50,169,,InterPro:IPR031424
A0A0M8ZZ44,Uncharacterized protein,Melipona quadrifasciata,140,11,109,,InterPro:IPR031424
A0A0M8ZZ60,Uncharacterized protein,Melipona quadrifasciata,138,22,115,,InterPro:IPR031424
A0A0M9A643,Uncharacterized protein,Melipona quadrifasciata,152,26,125,,InterPro:IPR031424
A0A0M9A9M5,Uncharacterized protein,Melipona quadrifasciata,90,4,64,,InterPro:IPR031424
A0A0N0BEW8,Uncharacterized protein,Melipona quadrifasciata,177,55,149,,InterPro:IPR031424
A0A0N0BFP8,Ig-like domain-containing protein,Melipona quadrifasciata,502,384,478,,InterPro:IPR031424
A0A0N0PCA6,Protein sleepless,Papilio machaon (Old World swallowtail butterfly),159,27,137,,InterPro:IPR031424
A0A0N0PDA3,Uncharacterized protein,Papilio machaon (Old World swallowtail butterfly),237,107,186,,InterPro:IPR031424
A0A0N0PDK8,Uncharacterized protein,Papilio machaon (Old World swallowtail butterfly),149,24,123,,InterPro:IPR031424
A0A0N0PE59,Uncharacterized protein,Papilio machaon (Old World swallowtail butterfly),134,15,113,,InterPro:IPR031424
A0A0N1IA27,Protein sleepless,Papilio xuthus (Asian swallowtail butterfly),67,5,45,,InterPro:IPR031424
A0A0N1IH29,Uncharacterized protein,Papilio machaon (Old World swallowtail butterfly),413,74,187,,InterPro:IPR031424
A0A0N1IN24,Protein sleepless,Papilio xuthus (Asian swallowtail butterfly),159,27,137,,InterPro:IPR031424
A0A0N4T0D1,Protein quiver,Brugia pahangi (Filarial nematode worm),156,22,132,,InterPro:IPR031424
A0A0N4TKB4,Protein sleepless,Brugia pahangi (Filarial nematode worm),134,20,109,,InterPro:IPR031424
A0A0N4TQ74,Protein sleepless,Brugia pahangi (Filarial nematode worm),171,46,135,,InterPro:IPR031424
A0A0N4TVA1,Protein quiver,Brugia pahangi (Filarial nematode worm),208,48,182,,InterPro:IPR031424
A0A0N4UAD7,Saposin B-type domain-containing protein,Dracunculus medinensis (Guinea worm),110,8,96,,InterPro:IPR031424
A0A0N4UD58,Protein sleepless,Dracunculus medinensis (Guinea worm),135,20,110,,InterPro:IPR031424
A0A0N4UL09,Protein quiver,Dracunculus medinensis (Guinea worm),164,24,133,,InterPro:IPR031424
A0A0N4UWL8,Protein sleepless,Enterobius vermicularis (Human pinworm),144,25,118,,InterPro:IPR031424
A0A0N4VHG8,Protein sleepless,Enterobius vermicularis (Human pinworm),141,23,112,,InterPro:IPR031424
A0A0N4VLJ6,UPAR/Ly6 domain-containing protein qvr,Enterobius vermicularis (Human pinworm),142,10,118,,InterPro:IPR031424
A0A0N4VN12,Protein quiver,Enterobius vermicularis (Human pinworm),151,18,128,,InterPro:IPR031424
A0A0N4W162,Protein quiver,Haemonchus placei (Barber's pole worm),172,26,146,,InterPro:IPR031424
A0A0N4WQN0,Protein sleepless,Haemonchus placei (Barber's pole worm),133,20,109,,InterPro:IPR031424
A0A0N4X8P8,Protein quiver,Haemonchus placei (Barber's pole worm),155,19,106,,InterPro:IPR031424
A0A0N4XEH7,Uncharacterized protein,Nippostrongylus brasiliensis (Rat hookworm),202,22,147,,InterPro:IPR031424
A0A0N4XUE5,UPAR/Ly6 domain-containing protein,Nippostrongylus brasiliensis (Rat hookworm),186,30,164,,InterPro:IPR031424
A0A0N4Y5D4,Protein sleepless,Nippostrongylus brasiliensis (Rat hookworm),128,21,106,,InterPro:IPR031424
A0A0N4YJ89,Protein sleepless,Nippostrongylus brasiliensis (Rat hookworm),117,22,109,,InterPro:IPR031424
A0A0N4ZMQ0,Protein sleepless,Parastrongyloides trichosuri (Possum-specific nematode worm),136,26,113,,InterPro:IPR031424
A0A0N5A3Q9,UPAR/Ly6 domain-containing protein qvr,Parastrongyloides trichosuri (Possum-specific nematode worm),150,14,127,,InterPro:IPR031424
A0A0N5AH66,Protein quiver,Syphacia muris,135,26,115,,InterPro:IPR031424
A0A0N5AKK8,UPAR/Ly6 domain-containing protein qvr,Syphacia muris,216,80,187,,InterPro:IPR031424
A0A0N5AKK9,UPAR/Ly6 domain-containing protein qvr,Syphacia muris,158,18,133,,InterPro:IPR031424
A0A0N5APA9,Protein sleepless,Syphacia muris,147,26,115,,InterPro:IPR031424
A0A0N5BH54,UPAR/Ly6 domain-containing protein qvr,Strongyloides papillosus (Intestinal threadworm),154,14,127,,InterPro:IPR031424
A0A0N5BKE2,Protein quiver,Strongyloides papillosus (Intestinal threadworm),146,23,119,,InterPro:IPR031424
A0A0N5BQD4,Protein sleepless,Strongyloides papillosus (Intestinal threadworm),140,28,115,,InterPro:IPR031424
A0A0N5CCS6,Protein quiver,Strongyloides papillosus (Intestinal threadworm),184,67,161,,InterPro:IPR031424
A0A0N5CPV4,Protein sleepless,Thelazia callipaeda (Oriental eyeworm),134,22,111,,InterPro:IPR031424
A0A0N5CXQ8,Protein sleepless,Thelazia callipaeda (Oriental eyeworm),178,33,152,,InterPro:IPR031424
A0A0N5CXZ8,Protein quiver,Thelazia callipaeda (Oriental eyeworm),215,47,185,,InterPro:IPR031424
A0A0N5D265,UPAR/Ly6 domain-containing protein,Thelazia callipaeda (Oriental eyeworm),219,20,144,,InterPro:IPR031424
A0A0N5DCB1,Protein quiver,Thelazia callipaeda (Oriental eyeworm),118,23,113,,InterPro:IPR031424
A0A0N7Z879,Putative conserved secreted protein,Rhodnius neglectus,124,22,121,,InterPro:IPR031424
A0A0N7Z8L7,Uncharacterized protein,Rhodnius neglectus,128,1,96,,InterPro:IPR031424
A0A0P4VKI5,Putative ly-6/neurotoxin superfamily member 1,Rhodnius neglectus,152,28,125,,InterPro:IPR031424
A0A0P4VLU1,Uncharacterized protein,Rhodnius neglectus,117,1,95,,InterPro:IPR031424
A0A0P4VQE4,Putative salivary protein mys2,Rhodnius neglectus,161,7,136,,InterPro:IPR031424
A0A0P5EXE0,Uncharacterized protein,Daphnia magna,149,25,119,,InterPro:IPR031424
A0A0P5FJD4,Urokinase plasminogen activator surface receptor,Daphnia magna,202,81,175,,InterPro:IPR031424
A0A0P5RDQ1,Uncharacterized protein,Daphnia magna,154,27,126,,InterPro:IPR031424
A0A0P5SAW0,Uncharacterized protein,Daphnia magna,139,20,115,,InterPro:IPR031424
A0A0P8XM01,UPAR/Ly6 domain-containing protein qvr,Drosophila ananassae (Fruit fly),155,36,124,,InterPro:IPR031424
A0A0Q5VN15,UPAR/Ly6 domain-containing protein qvr,Drosophila erecta (Fruit fly),155,36,124,,InterPro:IPR031424
A0A0Q9W5E8,UPAR/Ly6 domain-containing protein qvr,Drosophila virilis (Fruit fly),175,55,143,,InterPro:IPR031424
A0A0Q9W9S3,Uncharacterized protein,Drosophila virilis (Fruit fly),148,24,123,,InterPro:IPR031424
A0A0Q9WEW3,UPAR/Ly6 domain-containing protein qvr,Drosophila virilis (Fruit fly),156,36,124,,InterPro:IPR031424
A0A0Q9WGT6,UPAR/Ly6 domain-containing protein qvr,Drosophila virilis (Fruit fly),159,39,127,,InterPro:IPR031424
A0A0Q9WJ36,Uncharacterized protein,Drosophila virilis (Fruit fly),190,36,154,,InterPro:IPR031424
A0A0Q9WPX7,Uncharacterized protein,Drosophila willistoni (Fruit fly),147,23,117,,InterPro:IPR031424
A0A0Q9WXM3,"Uncharacterized protein, isoform B",Drosophila mojavensis (Fruit fly),182,37,154,,InterPro:IPR031424
A0A0Q9X484,"Uncharacterized protein, isoform A",Drosophila mojavensis (Fruit fly),171,26,143,,InterPro:IPR031424
A0A0Q9X9Q4,UPAR/Ly6 domain-containing protein qvr,Drosophila mojavensis (Fruit fly),156,36,124,,InterPro:IPR031424
A0A0Q9XAJ1,UPAR/Ly6 domain-containing protein qvr,Drosophila mojavensis (Fruit fly),159,39,127,,InterPro:IPR031424
A0A0Q9XII0,"Uncharacterized protein, isoform B",Drosophila mojavensis (Fruit fly),138,10,113,,InterPro:IPR031424
A0A0R1DSL0,UPAR/Ly6 domain-containing protein qvr,Drosophila yakuba (Fruit fly),155,36,124,,InterPro:IPR031424
A0A0R3PAT1,Protein quiver,Angiostrongylus costaricensis (Nematode worm),114,3,92,,InterPro:IPR031424
A0A0R3PVV1,Protein quiver,Angiostrongylus costaricensis (Nematode worm),173,31,148,,InterPro:IPR031424
A0A0R3PYE2,Protein sleepless,Angiostrongylus costaricensis (Nematode worm),131,19,108,,InterPro:IPR031424
A0A0R3Q0Q5,Protein sleepless,Angiostrongylus costaricensis (Nematode worm),136,21,107,,InterPro:IPR031424
A0A0R3QLH7,Protein quiver,Brugia timori,207,48,181,,InterPro:IPR031424
A0A0R3QTN4,Protein quiver,Brugia timori,135,18,107,,InterPro:IPR031424
A0A0R3R9Y2,Protein quiver,Brugia timori,146,24,121,,InterPro:IPR031424
A0A0R3RQR1,Protein quiver,Elaeophora elaphi,197,28,118,,InterPro:IPR031424
A0A0R3RRF7,Protein quiver,Elaeophora elaphi,238,33,151,,InterPro:IPR031424
A0A0R3RVL6,Protein quiver,Elaeophora elaphi,184,24,158,,InterPro:IPR031424
A0A0R3RXV9,Protein sleepless,Elaeophora elaphi,137,23,112,,InterPro:IPR031424
A0A0R3SPE6,Protein sleepless,Hymenolepis diminuta (Rat tapeworm),140,22,116,,InterPro:IPR031424
A0A0R3T180,Protein sleepless,Rodentolepis nana (Dwarf tapeworm),199,64,172,,InterPro:IPR031424
A0A0R3T4R6,UPAR/Ly6 domain-containing protein qvr,Rodentolepis nana (Dwarf tapeworm),138,20,116,,InterPro:IPR031424
A0A0R3TDN5,Protein quiver,Rodentolepis nana (Dwarf tapeworm),142,23,117,,InterPro:IPR031424
A0A0R3TSZ9,UPAR/Ly6 domain-containing protein,Rodentolepis nana (Dwarf tapeworm),142,23,117,,InterPro:IPR031424
A0A0R3TTX9,Protein sleepless,Rodentolepis nana (Dwarf tapeworm),173,24,146,,InterPro:IPR031424
A0A0R3TZR2,UPAR/Ly6 domain-containing protein,Rodentolepis nana (Dwarf tapeworm),142,23,117,,InterPro:IPR031424
A0A0R3U2G1,UPAR/Ly6 domain-containing protein qvr,Mesocestoides corti (Flatworm),141,25,117,,InterPro:IPR031424
A0A0R3UIN4,Protein sleepless,Mesocestoides corti (Flatworm),153,23,129,,InterPro:IPR031424
A0A0R3UQT7,Protein sleepless,Mesocestoides corti (Flatworm),132,12,103,,InterPro:IPR031424
A0A0R3VVN1,Protein quiver,Taenia asiatica (Asian tapeworm),149,19,120,,InterPro:IPR031424
A0A0R3W6P9,VWFA domain-containing protein,Taenia asiatica (Asian tapeworm),2119,2,96,,InterPro:IPR031424
A0A0R3WC67,UPAR/Ly6 domain-containing protein,Taenia asiatica (Asian tapeworm),144,26,120,,InterPro:IPR031424
A0A0R3WKN7,Protein quiver,Hydatigena taeniaeformis (Feline tapeworm),143,25,119,,InterPro:IPR031424
A0A0R3WW17,Protein quiver,Hydatigena taeniaeformis (Feline tapeworm),183,35,157,,InterPro:IPR031424
A0A0R3WX22,Protein sleepless,Hydatigena taeniaeformis (Feline tapeworm),145,17,116,,InterPro:IPR031424
A0A0R3X3Y0,Protein sleepless,Hydatigena taeniaeformis (Feline tapeworm),127,6,97,,InterPro:IPR031424
A0A0T6B2T8,Uncharacterized protein,Oryctes borbonicus,157,26,125,,InterPro:IPR031424
A0A0T6B2U3,Uncharacterized protein,Oryctes borbonicus,158,21,134,,InterPro:IPR031424
A0A0T6B460,Uncharacterized protein,Oryctes borbonicus,153,26,129,,InterPro:IPR031424
A0A0T6B4T4,Uncharacterized protein,Oryctes borbonicus,168,26,143,,InterPro:IPR031424
A0A0T6B5B0,Uncharacterized protein,Oryctes borbonicus,121,15,106,,InterPro:IPR031424
A0A0T6B6S3,Uncharacterized protein,Oryctes borbonicus,157,22,133,,InterPro:IPR031424
A0A0T6B6S7,Uncharacterized protein,Oryctes borbonicus,143,26,118,,InterPro:IPR031424
A0A0T6B7Q7,Uncharacterized protein,Oryctes borbonicus,156,20,130,,InterPro:IPR031424
A0A0T6BC34,Uncharacterized protein,Oryctes borbonicus,147,17,114,,InterPro:IPR031424
A0A0T6BG90,Protein sleepless,Oryctes borbonicus,184,46,162,,InterPro:IPR031424
A0A0U2T7D0,AGAP011412-PA,Acartia pacifica (Copepod),154,25,129,,InterPro:IPR031424
A0A0V0G2Y8,Putative secreted protein,Triatoma dimidiata (Kissing bug),172,22,152,,InterPro:IPR031424
A0A0V0G953,Putative ly-6/neurotoxin superfamily member 1,Triatoma dimidiata (Kissing bug),151,27,124,,InterPro:IPR031424
A0A0V0GCY8,Uncharacterized protein,Triatoma dimidiata (Kissing bug),117,1,95,,InterPro:IPR031424
A0A0V0RLB4,Protein quiver,Trichinella nelsoni,206,87,183,,InterPro:IPR031424
A0A0V0SJS8,Protein quiver,Trichinella nelsoni,166,28,139,,InterPro:IPR031424
A0A0V0TL44,Protein quiver,Trichinella murrelli,199,80,176,,InterPro:IPR031424
A0A0V0TTI1,Protein quiver,Trichinella murrelli,166,28,139,,InterPro:IPR031424
A0A0V0VD77,Protein quiver,Trichinella sp. T9,155,36,132,,InterPro:IPR031424
A0A0V0VQT3,Protein quiver,Trichinella sp. T9,166,28,139,,InterPro:IPR031424
A0A0V0WIK5,Protein quiver,Trichinella sp. T6,166,47,143,,InterPro:IPR031424
A0A0V0XA74,Protein quiver,Trichinella sp. T6,166,28,139,,InterPro:IPR031424
A0A0V0YD02,Protein quiver,Trichinella pseudospiralis (Parasitic roundworm),155,23,132,,InterPro:IPR031424
A0A0V0ZCG0,Protein quiver,Trichinella patagoniensis,177,58,154,,InterPro:IPR031424
A0A0V1A302,Protein quiver,Trichinella patagoniensis,149,11,122,,InterPro:IPR031424
A0A0V1B8V3,Protein quiver,Trichinella spiralis (Trichina worm),155,23,132,,InterPro:IPR031424
A0A0V1BF13,Protein quiver,Trichinella spiralis (Trichina worm),206,87,183,,InterPro:IPR031424
A0A0V1CDR7,Protein quiver,Trichinella britovi (Parasitic roundworm),177,58,154,,InterPro:IPR031424
A0A0V1CMI2,Protein quiver,Trichinella britovi (Parasitic roundworm),149,11,122,,InterPro:IPR031424
A0A0V1E2I2,Protein quiver,Trichinella pseudospiralis (Parasitic roundworm),166,28,139,,InterPro:IPR031424
A0A0V1F8S4,Protein quiver,Trichinella pseudospiralis (Parasitic roundworm),155,23,132,,InterPro:IPR031424
A0A0V1FEA3,Protein quiver,Trichinella pseudospiralis (Parasitic roundworm),210,91,187,,InterPro:IPR031424
A0A0V1FTJ5,Protein quiver,Trichinella pseudospiralis (Parasitic roundworm),166,28,139,,InterPro:IPR031424
A0A0V1H3Z3,Protein quiver,Trichinella zimbabwensis,210,91,187,,InterPro:IPR031424
A0A0V1HG02,Protein quiver,Trichinella zimbabwensis,166,28,139,,InterPro:IPR031424
A0A0V1HTE3,Protein sleepless,Trichinella zimbabwensis,165,9,118,,InterPro:IPR031424
A0A0V1IF84,Uncharacterized protein,Trichinella pseudospiralis (Parasitic roundworm),453,268,377,,InterPro:IPR031424
A0A0V1J2Y8,Protein quiver,Trichinella pseudospiralis (Parasitic roundworm),159,21,132,,InterPro:IPR031424
A0A0V1K1J8,Protein quiver,Trichinella pseudospiralis (Parasitic roundworm),210,91,187,,InterPro:IPR031424
A0A0V1KSW8,Protein quiver,Trichinella nativa,177,58,154,,InterPro:IPR031424
A0A0V1L1J8,Protein quiver,Trichinella nativa,166,28,139,,InterPro:IPR031424
A0A0V1MNS5,Protein quiver,Trichinella papuae,210,91,187,,InterPro:IPR031424
A0A0V1MPU0,Protein quiver,Trichinella papuae,437,227,336,,InterPro:IPR031424
A0A0V1MR29,Protein quiver,Trichinella papuae,166,28,139,,InterPro:IPR031424
A0A0V1NNL6,Protein quiver,Trichinella sp. T8,184,65,161,,InterPro:IPR031424
A0A0V1PEC5,Protein quiver,Trichinella sp. T8,166,28,139,,InterPro:IPR031424
A0A0X3NM49,Protein quiver,Schistocephalus solidus (Tapeworm),162,30,139,,InterPro:IPR031424
A0A0X3NTW2,Protein quiver,Schistocephalus solidus (Tapeworm),177,71,154,,InterPro:IPR031424
A0A0X3NUI8,Protein quiver,Schistocephalus solidus (Tapeworm),169,37,146,,InterPro:IPR031424
A0A0X3PE68,UPAR/Ly6 domain-containing protein qvr,Schistocephalus solidus (Tapeworm),145,24,120,,InterPro:IPR031424
A0A0X3PF88,UPAR/Ly6 domain-containing protein qvr,Schistocephalus solidus (Tapeworm),217,98,188,,InterPro:IPR031424
A0A0X3PGK9,UPAR/Ly6 domain-containing protein qvr,Schistocephalus solidus (Tapeworm),145,24,120,,InterPro:IPR031424
A0A0X3PMB2,U-PAR/Ly-6 domain,Schistocephalus solidus (Tapeworm),167,47,141,,InterPro:IPR031424
A0A0X3PMB9,Protein sleepless,Schistocephalus solidus (Tapeworm),145,27,121,,InterPro:IPR031424
A0A0X3PPC8,UPAR/Ly6 domain-containing protein qvr,Schistocephalus solidus (Tapeworm),145,24,120,,InterPro:IPR031424
A0A0X3PTW0,UPAR/Ly6 domain-containing protein qvr,Schistocephalus solidus (Tapeworm),126,15,103,,InterPro:IPR031424
A0A0X3PW25,UPAR/Ly6 domain-containing protein qvr,Schistocephalus solidus (Tapeworm),145,34,122,,InterPro:IPR031424
A0A131X9X0,Putative secreted peptide,Hyalomma excavatum,160,22,131,,InterPro:IPR031424
A0A131XF01,Putative conserved secreted protein,Hyalomma excavatum,142,27,115,,InterPro:IPR031424
A0A131XIZ8,Putative secreted protein,Hyalomma excavatum,144,29,121,,InterPro:IPR031424
A0A131Y5J2,Putative secreted protein,Ixodes ricinus (Common tick),140,4,101,,InterPro:IPR031424
A0A131Y6H9,Putative secreted protein,Ixodes ricinus (Common tick),151,27,122,,InterPro:IPR031424
A0A131Y743,Putative secreted protein,Ixodes ricinus (Common tick),145,27,119,,InterPro:IPR031424
A0A131YB71,Uncharacterized protein,Rhipicephalus appendiculatus (Brown ear tick),158,26,129,,InterPro:IPR031424
A0A131YHM6,Uncharacterized protein,Rhipicephalus appendiculatus (Brown ear tick),140,25,113,,InterPro:IPR031424
A0A131YHP8,Uncharacterized protein,Rhipicephalus appendiculatus (Brown ear tick),144,29,121,,InterPro:IPR031424
A0A131YMA8,Uncharacterized protein,Rhipicephalus appendiculatus (Brown ear tick),142,27,115,,InterPro:IPR031424
A0A131YV40,Uncharacterized protein,Rhipicephalus appendiculatus (Brown ear tick),161,22,131,,InterPro:IPR031424
A0A131Z7X9,Uncharacterized protein,Rhipicephalus appendiculatus (Brown ear tick),301,174,273,,InterPro:IPR031424
A0A131ZCG6,Protein sleepless,Rhipicephalus appendiculatus (Brown ear tick),149,32,122,,InterPro:IPR031424
A0A131ZXE7,Uncharacterized protein,Sarcoptes scabiei (Itch mite),158,34,131,,InterPro:IPR031424
A0A131ZY02,UPAR/Ly6 domain-containing protein qvr,Sarcoptes scabiei (Itch mite),97,10,94,,InterPro:IPR031424
A0A132A0U6,UAF complex subunit Rrn10-like protein,Sarcoptes scabiei (Itch mite),314,176,288,,InterPro:IPR031424
A0A132A4U3,Uncharacterized protein,Sarcoptes scabiei (Itch mite),185,42,117,,InterPro:IPR031424
A0A132ABN6,Uncharacterized protein,Sarcoptes scabiei (Itch mite),154,30,122,,InterPro:IPR031424
A0A132AD50,Uncharacterized protein,Sarcoptes scabiei (Itch mite),138,39,106,,InterPro:IPR031424
A0A132AIE1,Uncharacterized protein,Sarcoptes scabiei (Itch mite),168,40,136,,InterPro:IPR031424
A0A132AK58,Protein quiver,Sarcoptes scabiei (Itch mite),129,3,96,,InterPro:IPR031424
A0A132ALF3,Uncharacterized protein,Sarcoptes scabiei (Itch mite),118,37,113,,InterPro:IPR031424
A0A132ALG3,Uncharacterized protein,Sarcoptes scabiei (Itch mite),203,73,176,,InterPro:IPR031424
A0A132ALK2,Protein quiver,Sarcoptes scabiei (Itch mite),123,3,94,,InterPro:IPR031424
A0A139WDC4,Uncharacterized protein,Tribolium castaneum (Red flour beetle),138,24,112,,InterPro:IPR031424
A0A139WDI4,Uncharacterized protein,Tribolium castaneum (Red flour beetle),227,113,205,,InterPro:IPR031424
A0A139WDZ2,Uncharacterized protein,Tribolium castaneum (Red flour beetle),146,25,124,,InterPro:IPR031424
A0A139WFX1,Protein sleepless,Tribolium castaneum (Red flour beetle),122,19,107,,InterPro:IPR031424
A0A139WGE1,Protein sleepless,Tribolium castaneum (Red flour beetle),156,21,134,,InterPro:IPR031424
A0A139WGG6,Protein quiver,Tribolium castaneum (Red flour beetle),186,22,108,,InterPro:IPR031424
A0A139WNK0,Uncharacterized protein,Tribolium castaneum (Red flour beetle),172,20,148,,InterPro:IPR031424
A0A146L5R6,Uncharacterized protein,Lygus hesperus (Western plant bug),151,30,124,,InterPro:IPR031424
A0A146LDM8,Uncharacterized protein,Lygus hesperus (Western plant bug),136,21,112,,InterPro:IPR031424
A0A146M1P2,Uncharacterized protein,Lygus hesperus (Western plant bug),146,21,120,,InterPro:IPR031424
A0A146M3T3,Uncharacterized protein,Lygus hesperus (Western plant bug),154,30,123,,InterPro:IPR031424
A0A146MAR0,Uncharacterized protein,Lygus hesperus (Western plant bug),111,21,106,,InterPro:IPR031424
A0A146MCS9,Uncharacterized protein,Lygus hesperus (Western plant bug),151,27,126,,InterPro:IPR031424
A0A147BCZ9,UPAR/Ly6 domain-containing protein qvr,Ixodes ricinus (Common tick),183,40,126,,InterPro:IPR031424
A0A147BD86,Putative secreted protein,Ixodes ricinus (Common tick),160,24,121,,InterPro:IPR031424
A0A147BHP1,Uncharacterized protein,Ixodes ricinus (Common tick),156,26,125,,InterPro:IPR031424
A0A147BNT5,Uncharacterized protein,Ixodes ricinus (Common tick),155,29,124,,InterPro:IPR031424
A0A147BU91,Putative omega-scoloptoxin-ssm1a isoform x1,Ixodes ricinus (Common tick),144,27,115,,InterPro:IPR031424
A0A151I4H5,tubulin-glutamate carboxypeptidase,Atta colombica,1016,899,987,,InterPro:IPR031424
A0A151I8K6,Uncharacterized protein,Cyphomyrmex costatus,153,24,127,,InterPro:IPR031424
A0A151IN56,Uncharacterized protein,Cyphomyrmex costatus,155,21,132,,InterPro:IPR031424
A0A151IUB7,Uncharacterized protein,Trachymyrmex cornetzi,155,21,132,,InterPro:IPR031424
A0A151J5B8,Uncharacterized protein,Trachymyrmex cornetzi,191,62,165,,InterPro:IPR031424
A0A151J979,Uncharacterized protein,Trachymyrmex cornetzi,158,40,134,,InterPro:IPR031424
A0A151JBA9,Uncharacterized protein,Trachymyrmex cornetzi,180,20,154,,InterPro:IPR031424
A0A151JBH7,Uncharacterized protein,Trachymyrmex cornetzi,158,27,129,,InterPro:IPR031424
A0A151WUG8,Uncharacterized protein,Trachymyrmex zeteki,144,15,114,,InterPro:IPR031424
A0A151WUW7,Uncharacterized protein,Trachymyrmex zeteki,150,27,121,,InterPro:IPR031424
A0A151WVE4,Uncharacterized protein,Trachymyrmex zeteki,183,23,158,,InterPro:IPR031424
A0A151WX20,Uncharacterized protein,Trachymyrmex zeteki,279,141,237,,InterPro:IPR031424
A0A151X1G6,Uncharacterized protein,Trachymyrmex zeteki,159,34,133,,InterPro:IPR031424
A0A151X886,Uncharacterized protein,Trachymyrmex zeteki,155,21,132,,InterPro:IPR031424
A0A151X9I3,Uncharacterized protein,Trachymyrmex zeteki,100,10,76,,InterPro:IPR031424
A0A151XAI1,Uncharacterized protein,Trachymyrmex zeteki,187,58,161,,InterPro:IPR031424
A0A154P544,Uncharacterized protein,Dufourea novaeangliae (Sweat bee),143,2,97,,InterPro:IPR031424
A0A154P6J5,Ig-like domain-containing protein,Dufourea novaeangliae (Sweat bee),457,339,433,,InterPro:IPR031424
A0A154P9J7,UPAR/Ly6 domain-containing protein qvr,Dufourea novaeangliae (Sweat bee),157,28,115,,InterPro:IPR031424
A0A154PAQ1,Uncharacterized protein,Dufourea novaeangliae (Sweat bee),137,8,106,,InterPro:IPR031424
A0A154PAQ3,Protein sleepless,Dufourea novaeangliae (Sweat bee),165,63,138,,InterPro:IPR031424
A0A154PAR1,Uncharacterized protein,Dufourea novaeangliae (Sweat bee),172,22,143,,InterPro:IPR031424
A0A154PCJ2,Protein sleepless,Dufourea novaeangliae (Sweat bee),86,1,58,,InterPro:IPR031424
A0A154PCQ5,Uncharacterized protein,Dufourea novaeangliae (Sweat bee),152,26,125,,InterPro:IPR031424
A0A154PFI8,Uncharacterized protein,Dufourea novaeangliae (Sweat bee),147,13,124,,InterPro:IPR031424
A0A158NAQ9,Uncharacterized protein,Atta cephalotes (Leafcutter ant),167,29,125,,InterPro:IPR031424
A0A158NC32,Ig-like domain-containing protein,Atta cephalotes (Leafcutter ant),511,393,487,,InterPro:IPR031424
A0A158NGL4,Uncharacterized protein,Atta cephalotes (Leafcutter ant),154,25,128,,InterPro:IPR031424
A0A158NK11,Uncharacterized protein,Atta cephalotes (Leafcutter ant),151,26,125,,InterPro:IPR031424
A0A158NMU7,Uncharacterized protein,Atta cephalotes (Leafcutter ant),175,24,149,,InterPro:IPR031424
A0A158NMU8,Uncharacterized protein,Atta cephalotes (Leafcutter ant),150,27,121,,InterPro:IPR031424
A0A158NNF8,Uncharacterized protein,Atta cephalotes (Leafcutter ant),166,5,104,,InterPro:IPR031424
A0A158NPD2,UPAR/Ly6 domain-containing protein qvr,Atta cephalotes (Leafcutter ant),158,28,116,,InterPro:IPR031424
A0A158NYC9,Uncharacterized protein,Atta cephalotes (Leafcutter ant),155,21,132,,InterPro:IPR031424
A0A158P7T5,UPAR/Ly6 domain-containing protein,Angiostrongylus cantonensis (Rat lungworm),170,24,114,,InterPro:IPR031424
A0A158PF71,UPAR/Ly6 domain-containing protein,Angiostrongylus costaricensis (Nematode worm),201,30,153,,InterPro:IPR031424
A0A158QE10,Kazal-like domain-containing protein,Hymenolepis diminuta (Rat tapeworm),308,18,108,,InterPro:IPR031424
A0A158QF39,VWFA domain-containing protein,Hymenolepis diminuta (Rat tapeworm),2159,26,105,,InterPro:IPR031424
A0A158QU27,Activin types I and II receptor domain-containing protein,Mesocestoides corti (Flatworm),104,6,78,,InterPro:IPR031424
A0A158RDJ3,VWFA domain-containing protein,Hydatigena taeniaeformis (Feline tapeworm),2194,46,110,,InterPro:IPR031424
A0A161MEY1,Uncharacterized protein,Triatoma infestans (Assassin bug),85,1,61,,InterPro:IPR031424
A0A161MMT1,Uncharacterized protein,Triatoma infestans (Assassin bug),133,17,111,,InterPro:IPR031424
A0A161MT98,Retroactive protein,Triatoma infestans (Assassin bug),122,4,101,,InterPro:IPR031424
A0A162PCL3,EOG090X0I2F,Daphnia magna,161,24,135,,InterPro:IPR031424
A0A162SBX4,Uncharacterized protein,Daphnia magna,162,24,140,,InterPro:IPR031424
A0A164NRQ7,Uncharacterized protein,Daphnia magna,153,26,122,,InterPro:IPR031424
A0A164UHK8,Uncharacterized protein,Daphnia magna,169,42,139,,InterPro:IPR031424
A0A164W4B7,Uncharacterized protein,Daphnia magna,135,14,108,,InterPro:IPR031424
A0A164WQZ7,UPAR/Ly6 domain-containing protein qvr,Daphnia magna,163,39,127,,InterPro:IPR031424
A0A164X9G5,Protein quiver,Daphnia magna,258,105,232,,InterPro:IPR031424
A0A164Y888,Crooked,Daphnia magna,153,23,126,,InterPro:IPR031424
A0A170XS60,Uncharacterized protein,Triatoma infestans (Assassin bug),149,35,126,,InterPro:IPR031424
A0A177AUS8,Protein quiver,Intoshia linei,125,18,65,,InterPro:IPR031424
A0A177B9E7,Deflagellation-inducible protein,Intoshia linei,222,120,206,,InterPro:IPR031424
A0A182E1Z9,Protein quiver,Onchocerca ochengi (Filarial nematode worm),1156,1032,1122,,InterPro:IPR031424
A0A182EBT1,Protein quiver,Onchocerca ochengi (Filarial nematode worm),180,34,153,,InterPro:IPR031424
A0A182F363,Uncharacterized protein,Anopheles albimanus (New world malaria mosquito),151,20,123,,InterPro:IPR031424
A0A182F4U9,Uncharacterized protein,Anopheles albimanus (New world malaria mosquito),156,25,127,,InterPro:IPR031424
A0A182F4V1,Uncharacterized protein,Anopheles albimanus (New world malaria mosquito),169,24,139,,InterPro:IPR031424
A0A182F5K2,UPAR/Ly6 domain-containing protein qvr,Anopheles albimanus (New world malaria mosquito),135,3,91,,InterPro:IPR031424
A0A182FF81,Uncharacterized protein,Anopheles albimanus (New world malaria mosquito),193,75,164,,InterPro:IPR031424
A0A182FJA9,Uncharacterized protein,Anopheles albimanus (New world malaria mosquito),146,19,115,,InterPro:IPR031424
A0A182FLK1,Protein quiver,Anopheles albimanus (New world malaria mosquito),169,26,139,,InterPro:IPR031424
A0A182FNX5,Protein quiver,Anopheles albimanus (New world malaria mosquito),212,60,170,,InterPro:IPR031424
A0A182FSW3,Protein quiver,Anopheles albimanus (New world malaria mosquito),178,36,145,,InterPro:IPR031424
A0A182G4H0,Protein quiver,Aedes albopictus (Asian tiger mosquito),151,20,123,,InterPro:IPR031424
A0A182G4H2,Uncharacterized protein,Aedes albopictus (Asian tiger mosquito),154,20,130,,InterPro:IPR031424
A0A182G8T8,Uncharacterized protein,Aedes albopictus (Asian tiger mosquito),191,50,159,,InterPro:IPR031424
A0A182GJH4,Uncharacterized protein,Aedes albopictus (Asian tiger mosquito),165,23,136,,InterPro:IPR031424
A0A182GLC5,Uncharacterized protein,Aedes albopictus (Asian tiger mosquito),131,7,105,,InterPro:IPR031424
A0A182GLC7,Uncharacterized protein,Aedes albopictus (Asian tiger mosquito),142,25,119,,InterPro:IPR031424
A0A182GPN9,Uncharacterized protein,Aedes albopictus (Asian tiger mosquito),155,2,112,,InterPro:IPR031424
A0A182H2X5,Protein quiver,Aedes albopictus (Asian tiger mosquito),154,29,125,,InterPro:IPR031424
A0A182H867,Uncharacterized protein,Aedes albopictus (Asian tiger mosquito),145,21,114,,InterPro:IPR031424
A0A182HNQ1,Uncharacterized protein,Anopheles arabiensis (Mosquito),166,33,129,,InterPro:IPR031424
A0A182HSQ6,Protein sleepless,Anopheles arabiensis (Mosquito),209,53,163,,InterPro:IPR031424
A0A182HUP4,Uncharacterized protein,Anopheles arabiensis (Mosquito),172,24,139,,InterPro:IPR031424
A0A182HUP6,Uncharacterized protein,Anopheles arabiensis (Mosquito),152,26,128,,InterPro:IPR031424
A0A182HUP7,Uncharacterized protein,Anopheles arabiensis (Mosquito),143,26,120,,InterPro:IPR031424
A0A182HY86,Uncharacterized protein,Anopheles arabiensis (Mosquito),166,25,138,,InterPro:IPR031424
A0A182HZG7,Uncharacterized protein,Anopheles arabiensis (Mosquito),172,31,139,,InterPro:IPR031424
A0A182I3E9,Uncharacterized protein,Anopheles arabiensis (Mosquito),198,75,164,,InterPro:IPR031424
A0A182IBJ2,Uncharacterized protein,Anopheles arabiensis (Mosquito),182,53,156,,InterPro:IPR031424
A0A182IC33,UPAR/Ly6 domain-containing protein qvr,Anopheles arabiensis (Mosquito),139,15,103,,InterPro:IPR031424
A0A182IIX4,Uncharacterized protein,Anopheles atroparvus (European mosquito),154,26,125,,InterPro:IPR031424
A0A182ILI7,Uncharacterized protein,Anopheles atroparvus (European mosquito),167,36,139,,InterPro:IPR031424
A0A182IP68,Uncharacterized protein,Anopheles atroparvus (European mosquito),190,68,157,,InterPro:IPR031424
A0A182IYJ8,Protein sleepless,Anopheles atroparvus (European mosquito),145,25,128,,InterPro:IPR031424
A0A182J2F7,Uncharacterized protein,Anopheles atroparvus (European mosquito),208,91,185,,InterPro:IPR031424
A0A182J5S7,Uncharacterized protein,Anopheles atroparvus (European mosquito),156,14,127,,InterPro:IPR031424
A0A182JCJ8,Uncharacterized protein,Anopheles atroparvus (European mosquito),180,39,147,,InterPro:IPR031424
A0A182JIW9,Uncharacterized protein,Anopheles atroparvus (European mosquito),169,24,139,,InterPro:IPR031424
A0A182JQW8,Bromo domain-containing protein,Anopheles christyi,690,573,667,,InterPro:IPR031424
A0A182JT59,Uncharacterized protein,Anopheles christyi,156,15,123,,InterPro:IPR031424
A0A182JWW5,Protein sleepless,Anopheles christyi,173,21,131,,InterPro:IPR031424
A0A182JZ17,Protein quiver,Anopheles christyi,298,3,112,,InterPro:IPR031424
A0A182JZ17,Protein quiver,Anopheles christyi,298,168,267,,InterPro:IPR031424
A0A182JZ18,Uncharacterized protein,Anopheles christyi,132,3,106,,InterPro:IPR031424
A0A182K0L5,Uncharacterized protein,Anopheles christyi,161,18,133,,InterPro:IPR031424
A0A182K5P4,Protein quiver,Anopheles christyi,152,14,108,,InterPro:IPR031424
A0A182K7D7,Uncharacterized protein,Anopheles christyi,180,57,146,,InterPro:IPR031424
A0A182KEU5,UPAR/Ly6 domain-containing protein qvr,Anopheles christyi,141,15,103,,InterPro:IPR031424
A0A182M2P2,Uncharacterized protein,Anopheles culicifacies,169,16,143,,InterPro:IPR031424
A0A182M2T4,Uncharacterized protein,Anopheles culicifacies,143,26,120,,InterPro:IPR031424
A0A182M791,Protein sleepless,Anopheles culicifacies,166,18,128,,InterPro:IPR031424
A0A182M7P3,Uncharacterized protein,Anopheles culicifacies,154,13,121,,InterPro:IPR031424
A0A182MBQ4,Uncharacterized protein,Anopheles culicifacies,145,16,118,,InterPro:IPR031424
A0A182MFG5,Uncharacterized protein,Anopheles culicifacies,166,25,138,,InterPro:IPR031424
A0A182MIE0,Uncharacterized protein,Anopheles culicifacies,143,14,113,,InterPro:IPR031424
A0A182MIZ0,Uncharacterized protein,Anopheles culicifacies,133,44,102,,InterPro:IPR031424
A0A182MST6,Uncharacterized protein,Anopheles culicifacies,157,4,100,,InterPro:IPR031424
A0A182MTD8,Uncharacterized protein,Anopheles culicifacies,197,75,164,,InterPro:IPR031424
A0A182MZT5,Protein quiver,Anopheles dirus,139,11,107,,InterPro:IPR031424
A0A182NEU0,UPAR/Ly6 domain-containing protein qvr,Anopheles dirus,167,15,103,,InterPro:IPR031424
A0A182NGP8,Uncharacterized protein,Anopheles dirus,157,27,126,,InterPro:IPR031424
A0A182NGP9,Protein quiver,Anopheles dirus,149,20,123,,InterPro:IPR031424
A0A182NHR6,Uncharacterized protein,Anopheles dirus,195,75,164,,InterPro:IPR031424
A0A182NMP6,Uncharacterized protein,Anopheles dirus,173,32,140,,InterPro:IPR031424
A0A182NRM1,Protein quiver,Anopheles dirus,211,57,167,,InterPro:IPR031424
A0A182NUD1,Uncharacterized protein,Anopheles dirus,154,25,127,,InterPro:IPR031424
A0A182NUD3,Uncharacterized protein,Anopheles dirus,172,24,139,,InterPro:IPR031424
A0A182P054,Protein sleepless,Anopheles epiroticus,183,25,135,,InterPro:IPR031424
A0A182P0S7,Protein quiver,Anopheles epiroticus,166,25,138,,InterPro:IPR031424
A0A182PAP0,UPAR/Ly6 domain-containing protein qvr,Anopheles epiroticus,127,3,91,,InterPro:IPR031424
A0A182PCR6,Uncharacterized protein,Anopheles epiroticus,160,19,127,,InterPro:IPR031424
A0A182PMQ3,Bromo domain-containing protein,Anopheles epiroticus,526,409,503,,InterPro:IPR031424
A0A182PMQ4,Uncharacterized protein,Anopheles epiroticus,146,14,116,,InterPro:IPR031424
A0A182PPI2,Uncharacterized protein,Anopheles epiroticus,175,28,143,,InterPro:IPR031424
A0A182PQB2,Uncharacterized protein,Anopheles epiroticus,183,60,149,,InterPro:IPR031424
A0A182PVG4,Protein quiver,Anopheles epiroticus,267,3,112,,InterPro:IPR031424
A0A182PVG4,Protein quiver,Anopheles epiroticus,267,137,236,,InterPro:IPR031424
A0A182PVG5,Protein quiver,Anopheles epiroticus,149,20,123,,InterPro:IPR031424
A0A182Q3A7,Uncharacterized protein,Anopheles farauti,267,147,236,,InterPro:IPR031424
A0A182Q3V5,Protein quiver,Anopheles farauti,214,56,166,,InterPro:IPR031424
A0A182Q9P4,Uncharacterized protein,Anopheles farauti,173,32,140,,InterPro:IPR031424
A0A182QAB7,UPAR/Ly6 domain-containing protein qvr,Anopheles farauti,141,15,103,,InterPro:IPR031424
A0A182QCR2,Uncharacterized protein,Anopheles farauti,149,20,123,,InterPro:IPR031424
A0A182QNP4,Uncharacterized protein,Anopheles farauti,154,28,127,,InterPro:IPR031424
A0A182QNY4,Uncharacterized protein,Anopheles farauti,172,24,139,,InterPro:IPR031424
A0A182QPV9,Uncharacterized protein,Anopheles farauti,156,27,129,,InterPro:IPR031424
A0A182QS10,Protein quiver,Anopheles farauti,239,115,211,,InterPro:IPR031424
A0A182QTB6,Uncharacterized protein,Anopheles farauti,158,25,134,,InterPro:IPR031424
A0A182QX39,Uncharacterized protein,Anopheles farauti,164,25,138,,InterPro:IPR031424
A0A182QXG4,Uncharacterized protein,Anopheles farauti,206,89,183,,InterPro:IPR031424
A0A182RK47,Protein quiver,Anopheles funestus (African malaria mosquito),149,20,123,,InterPro:IPR031424
A0A182RK48,Uncharacterized protein,Anopheles funestus (African malaria mosquito),156,28,127,,InterPro:IPR031424
A0A182RK49,Uncharacterized protein,Anopheles funestus (African malaria mosquito),159,26,135,,InterPro:IPR031424
A0A182RLM7,Uncharacterized protein,Anopheles funestus (African malaria mosquito),166,25,138,,InterPro:IPR031424
A0A182RNF6,Protein sleepless,Anopheles funestus (African malaria mosquito),146,21,114,,InterPro:IPR031424
A0A182RS65,Protein quiver,Anopheles funestus (African malaria mosquito),206,57,167,,InterPro:IPR031424
A0A182RVP6,Protein quiver,Anopheles funestus (African malaria mosquito),158,31,127,,InterPro:IPR031424
A0A182RZU7,Uncharacterized protein,Anopheles funestus (African malaria mosquito),150,25,127,,InterPro:IPR031424
A0A182RZV0,Uncharacterized protein,Anopheles funestus (African malaria mosquito),172,24,139,,InterPro:IPR031424
A0A182S9E9,Uncharacterized protein,Anopheles maculatus,157,28,127,,InterPro:IPR031424
A0A182SBF9,Uncharacterized protein,Anopheles maculatus,148,3,116,,InterPro:IPR031424
A0A182SJ17,Uncharacterized protein,Anopheles maculatus,142,11,113,,InterPro:IPR031424
A0A182SQH9,Uncharacterized protein,Anopheles maculatus,172,26,141,,InterPro:IPR031424
A0A182SY11,Protein quiver,Anopheles maculatus,156,27,130,,InterPro:IPR031424
A0A182T4F6,Uncharacterized protein,Anopheles maculatus,137,20,114,,InterPro:IPR031424
A0A182TM12,Protein sleepless,Anopheles melas,164,8,118,,InterPro:IPR031424
A0A182TXA0,Protein quiver,Anopheles melas,166,37,140,,InterPro:IPR031424
A0A182TYS1,Uncharacterized protein,Anopheles melas,134,8,110,,InterPro:IPR031424
A0A182U3Y2,Uncharacterized protein,Anopheles melas,150,17,126,,InterPro:IPR031424
A0A182U521,Protein quiver,Anopheles melas,117,4,100,,InterPro:IPR031424
A0A182U9T4,Uncharacterized protein,Anopheles melas,528,71,160,,InterPro:IPR031424
A0A182UAP7,Uncharacterized protein,Anopheles melas,158,28,127,,InterPro:IPR031424
A0A182UCL0,Protein quiver,Anopheles melas,144,3,116,,InterPro:IPR031424
A0A182UDP1,Uncharacterized protein,Anopheles melas,134,44,102,,InterPro:IPR031424
A0A182UGL4,Uncharacterized protein,Anopheles melas,143,26,120,,InterPro:IPR031424
A0A182UGW2,Uncharacterized protein,Anopheles melas,153,12,120,,InterPro:IPR031424
A0A182UND5,Uncharacterized protein,Anopheles merus (Mosquito),159,26,135,,InterPro:IPR031424
A0A182UYD7,Uncharacterized protein,Anopheles merus (Mosquito),158,28,127,,InterPro:IPR031424
A0A182V1F2,Uncharacterized protein,Anopheles merus (Mosquito),143,26,120,,InterPro:IPR031424
A0A182V1J2,Uncharacterized protein,Anopheles merus (Mosquito),201,75,164,,InterPro:IPR031424
A0A182VBF1,Uncharacterized protein,Anopheles merus (Mosquito),153,12,120,,InterPro:IPR031424
A0A182VE40,Protein sleepless,Anopheles merus (Mosquito),201,45,155,,InterPro:IPR031424
A0A182VF76,Protein quiver,Anopheles merus (Mosquito),149,20,123,,InterPro:IPR031424
A0A182VG76,Protein quiver,Anopheles merus (Mosquito),166,25,138,,InterPro:IPR031424
A0A182VHV7,Uncharacterized protein,Anopheles merus (Mosquito),135,9,111,,InterPro:IPR031424
A0A182VJC0,Protein quiver,Anopheles merus (Mosquito),142,33,129,,InterPro:IPR031424
A0A182VQ32,Uncharacterized protein,Anopheles minimus,173,32,140,,InterPro:IPR031424
A0A182VWW3,Protein quiver,Anopheles minimus,204,56,166,,InterPro:IPR031424
A0A182W5Y2,Protein quiver,Anopheles minimus,131,7,103,,InterPro:IPR031424
A0A182W738,Uncharacterized protein,Anopheles minimus,165,19,134,,InterPro:IPR031424
A0A182W740,Uncharacterized protein,Anopheles minimus,155,25,127,,InterPro:IPR031424
A0A182W741,Bromo domain-containing protein,Anopheles minimus,606,489,583,,InterPro:IPR031424
A0A182WFF6,Protein quiver,Anopheles minimus,149,20,123,,InterPro:IPR031424
A0A182WFP1,Uncharacterized protein,Anopheles minimus,166,25,138,,InterPro:IPR031424
A0A182WHC2,UPAR/Ly6 domain-containing protein qvr,Anopheles minimus,140,15,103,,InterPro:IPR031424
A0A182WJ47,Uncharacterized protein,Anopheles minimus,196,75,164,,InterPro:IPR031424
A0A182WR58,Uncharacterized protein,Anopheles quadriannulatus (Mosquito),166,33,129,,InterPro:IPR031424
A0A182WU34,Uncharacterized protein,Anopheles quadriannulatus (Mosquito),152,26,128,,InterPro:IPR031424
A0A182WU35,Uncharacterized protein,Anopheles quadriannulatus (Mosquito),143,26,120,,InterPro:IPR031424
A0A182WYU6,Protein quiver,Anopheles quadriannulatus (Mosquito),166,25,138,,InterPro:IPR031424
A0A182X393,Uncharacterized protein,Anopheles quadriannulatus (Mosquito),148,7,115,,InterPro:IPR031424
A0A182X3M0,Protein sleepless,Anopheles quadriannulatus (Mosquito),150,21,114,,InterPro:IPR031424
A0A182X5V9,Uncharacterized protein,Anopheles quadriannulatus (Mosquito),192,63,166,,InterPro:IPR031424
A0A182X5W0,Protein quiver,Anopheles quadriannulatus (Mosquito),259,129,228,,InterPro:IPR031424
A0A182XAV6,Protein sleepless,Anopheles quadriannulatus (Mosquito),205,49,159,,InterPro:IPR031424
A0A182XFU8,UPAR/Ly6 domain-containing protein qvr,Anopheles quadriannulatus (Mosquito),139,15,103,,InterPro:IPR031424
A0A182XZ00,Uncharacterized protein,Anopheles stephensi (Indo-Pakistan malaria mosquito),176,59,148,,InterPro:IPR031424
A0A182Y078,Uncharacterized protein,Anopheles stephensi (Indo-Pakistan malaria mosquito),145,28,122,,InterPro:IPR031424
A0A182Y080,Uncharacterized protein,Anopheles stephensi (Indo-Pakistan malaria mosquito),161,32,134,,InterPro:IPR031424
A0A182Y082,Uncharacterized protein,Anopheles stephensi (Indo-Pakistan malaria mosquito),133,44,102,,InterPro:IPR031424
A0A182Y6X1,Uncharacterized protein,Anopheles stephensi (Indo-Pakistan malaria mosquito),157,15,128,,InterPro:IPR031424
A0A182YH23,Protein quiver,Anopheles stephensi (Indo-Pakistan malaria mosquito),146,19,115,,InterPro:IPR031424
A0A182YN72,Protein sleepless,Anopheles stephensi (Indo-Pakistan malaria mosquito),203,97,172,,InterPro:IPR031424
A0A182YN73,Protein quiver,Anopheles stephensi (Indo-Pakistan malaria mosquito),149,20,123,,InterPro:IPR031424
A0A182YSH9,Protein sleepless,Anopheles stephensi (Indo-Pakistan malaria mosquito),154,6,116,,InterPro:IPR031424
A0A183ATK3,Protein quiver,Echinostoma caproni,134,15,114,,InterPro:IPR031424
A0A183BIA8,Protein quiver,Globodera pallida (Potato cyst nematode),114,23,102,,InterPro:IPR031424
A0A183BKM0,ER membrane protein complex subunit 4,Globodera pallida (Potato cyst nematode),305,176,268,,InterPro:IPR031424
A0A183CX07,Protein sleepless,Gongylonema pulchrum,133,21,110,,InterPro:IPR031424
A0A183GDR8,Protein quiver,Heligmosomoides polygyrus (Parasitic roundworm),177,19,134,,InterPro:IPR031424
A0A183HBV5,Protein quiver,Onchocerca flexuosa,159,22,131,,InterPro:IPR031424
A0A183HX69,Protein quiver,Onchocerca flexuosa,121,13,95,,InterPro:IPR031424
A0A183HYC2,Protein quiver,Onchocerca flexuosa,134,8,98,,InterPro:IPR031424
A0A183IK89,Protein quiver,Soboliphyme baturini,149,11,122,,InterPro:IPR031424
A0A183J5K1,Protein quiver,Soboliphyme baturini,150,28,123,,InterPro:IPR031424
A0A183JD93,Protein quiver,Schistosoma curassoni,127,9,97,,InterPro:IPR031424
A0A183JHQ5,DUF6451 domain-containing protein,Schistosoma curassoni,214,21,73,,InterPro:IPR031424
A0A183JJY3,Protein quiver,Schistosoma curassoni,133,9,104,,InterPro:IPR031424
A0A183K713,Protein quiver,Schistosoma curassoni,176,38,146,,InterPro:IPR031424
A0A183KR29,Secreted protein,Schistosoma curassoni,92,5,91,,InterPro:IPR031424
A0A183LCG6,Uncharacterized protein,Schistosoma margrebowiei,127,9,97,,InterPro:IPR031424
A0A183MFY5,Protein sleepless,Schistosoma margrebowiei,146,24,117,,InterPro:IPR031424
A0A183MJ46,Uncharacterized protein,Schistosoma margrebowiei,148,10,118,,InterPro:IPR031424
A0A183MZ51,Uncharacterized protein,Schistosoma margrebowiei,151,26,124,,InterPro:IPR031424
A0A183N1Y2,Uncharacterized protein,Schistosoma margrebowiei,384,237,360,,InterPro:IPR031424
A0A183NXP5,Uncharacterized protein,Schistosoma mattheei,139,15,110,,InterPro:IPR031424
A0A183P250,Uncharacterized protein,Schistosoma mattheei,127,9,97,,InterPro:IPR031424
A0A183PCP5,Uncharacterized protein,Schistosoma mattheei,132,21,102,,InterPro:IPR031424
A0A183QKH9,Protein sleepless,Schistosoma rodhaini,146,24,117,,InterPro:IPR031424
A0A183S9B2,Protein quiver,Schistocephalus solidus (Tapeworm),102,42,85,,InterPro:IPR031424
A0A183SI40,Protein quiver,Schistocephalus solidus (Tapeworm),139,17,116,,InterPro:IPR031424
A0A183U1G6,Protein quiver,Toxocara canis (Canine roundworm),172,31,141,,InterPro:IPR031424
A0A183UDZ5,Protein sleepless,Toxocara canis (Canine roundworm),142,28,117,,InterPro:IPR031424
A0A183UM46,Protein quiver,Toxocara canis (Canine roundworm),225,19,137,,InterPro:IPR031424
A0A183V0V6,Protein sleepless,Toxocara canis (Canine roundworm),129,8,98,,InterPro:IPR031424
A0A194PJY7,Protein sleepless,Papilio xuthus (Asian swallowtail butterfly),137,24,115,,InterPro:IPR031424
A0A194PTZ7,UPAR/Ly6 domain-containing protein qvr,Papilio xuthus (Asian swallowtail butterfly),134,21,109,,InterPro:IPR031424
A0A194PXY0,Uncharacterized protein,Papilio xuthus (Asian swallowtail butterfly),139,15,114,,InterPro:IPR031424
A0A194Q019,Uncharacterized protein,Papilio xuthus (Asian swallowtail butterfly),163,17,133,,InterPro:IPR031424
A0A194Q037,Uncharacterized protein,Papilio xuthus (Asian swallowtail butterfly),155,20,133,,InterPro:IPR031424
A0A194Q2K0,Uncharacterized protein,Papilio xuthus (Asian swallowtail butterfly),274,153,252,,InterPro:IPR031424
A0A194Q2K0,Uncharacterized protein,Papilio xuthus (Asian swallowtail butterfly),274,26,122,,InterPro:IPR031424
A0A194Q8N6,Bromo domain-containing protein,Papilio xuthus (Asian swallowtail butterfly),1448,83,173,,InterPro:IPR031424
A0A194Q8N6,Bromo domain-containing protein,Papilio xuthus (Asian swallowtail butterfly),1448,224,318,,InterPro:IPR031424
A0A194QA60,Uncharacterized protein,Papilio xuthus (Asian swallowtail butterfly),178,41,154,,InterPro:IPR031424
A0A194QI95,Uncharacterized protein,Papilio xuthus (Asian swallowtail butterfly),91,4,64,,InterPro:IPR031424
A0A194QID9,Uncharacterized protein,Papilio xuthus (Asian swallowtail butterfly),159,34,133,,InterPro:IPR031424
A0A194QIQ9,Protein sleepless,Papilio xuthus (Asian swallowtail butterfly),208,83,186,,InterPro:IPR031424
A0A194QIS5,Uncharacterized protein,Papilio xuthus (Asian swallowtail butterfly),145,25,123,,InterPro:IPR031424
A0A194QK48,Uncharacterized protein,Papilio xuthus (Asian swallowtail butterfly),500,156,269,,InterPro:IPR031424
A0A194QQM9,Bromo domain-containing protein,Papilio machaon (Old World swallowtail butterfly),1246,21,115,,InterPro:IPR031424
A0A194QQN6,Protein sleepless,Papilio machaon (Old World swallowtail butterfly),185,49,145,,InterPro:IPR031424
A0A194QR41,Protein sleepless,Papilio machaon (Old World swallowtail butterfly),79,1,58,,InterPro:IPR031424
A0A194QS56,Uncharacterized protein,Papilio machaon (Old World swallowtail butterfly),143,22,121,,InterPro:IPR031424
A0A194QZ90,Protein quiver,Papilio machaon (Old World swallowtail butterfly),141,35,116,,InterPro:IPR031424
A0A194R415,Uncharacterized protein,Papilio machaon (Old World swallowtail butterfly),157,19,132,,InterPro:IPR031424
A0A194R9M4,Uncharacterized protein,Papilio machaon (Old World swallowtail butterfly),149,26,123,,InterPro:IPR031424
A0A194RC22,Uncharacterized protein,Papilio machaon (Old World swallowtail butterfly),147,23,122,,InterPro:IPR031424
A0A194RNM6,Protein sleepless,Papilio machaon (Old World swallowtail butterfly),137,24,115,,InterPro:IPR031424
A0A194RR36,Protein sleepless,Papilio machaon (Old World swallowtail butterfly),275,129,245,,InterPro:IPR031424
A0A194RS88,Uncharacterized protein,Papilio machaon (Old World swallowtail butterfly),159,20,133,,InterPro:IPR031424
A0A195B398,Uncharacterized protein,Atta colombica,151,26,125,,InterPro:IPR031424
A0A195B812,Uncharacterized protein,Atta colombica,187,58,161,,InterPro:IPR031424
A0A195B9E1,Histidine decarboxylase,Atta colombica,895,765,853,,InterPro:IPR031424
A0A195BB15,Protein sleepless,Atta colombica,182,59,153,,InterPro:IPR031424
A0A195BC19,Uncharacterized protein,Atta colombica,175,24,149,,InterPro:IPR031424
A0A195BG51,Uncharacterized protein,Atta colombica,158,40,134,,InterPro:IPR031424
A0A195BK77,Uncharacterized protein,Atta colombica,167,29,125,,InterPro:IPR031424
A0A195C5M5,Uncharacterized protein,Cyphomyrmex costatus,173,8,148,,InterPro:IPR031424
A0A195C7K5,Protein sleepless,Cyphomyrmex costatus,151,28,122,,InterPro:IPR031424
A0A195CBF6,Uncharacterized protein,Cyphomyrmex costatus,158,40,134,,InterPro:IPR031424
A0A195CCW9,Uncharacterized protein,Cyphomyrmex costatus,148,19,118,,InterPro:IPR031424
A0A195CJU3,Uncharacterized protein,Cyphomyrmex costatus,151,26,125,,InterPro:IPR031424
A0A195CUX0,Uncharacterized protein,Cyphomyrmex costatus,174,36,132,,InterPro:IPR031424
A0A195DLM2,Uncharacterized protein,Trachymyrmex cornetzi,167,29,125,,InterPro:IPR031424
A0A195DVV2,Uncharacterized protein,Trachymyrmex cornetzi,151,26,125,,InterPro:IPR031424
A0A195E525,UPAR/Ly6 domain-containing protein qvr,Trachymyrmex cornetzi,192,62,150,,InterPro:IPR031424
A0A195EUH3,Uncharacterized protein,Trachymyrmex septentrionalis,151,26,125,,InterPro:IPR031424
A0A195EWX4,Uncharacterized protein,Trachymyrmex septentrionalis,174,17,148,,InterPro:IPR031424
A0A195EXV5,Uncharacterized protein,Trachymyrmex septentrionalis,217,86,188,,InterPro:IPR031424
A0A195F4N4,UPAR/Ly6 domain-containing protein qvr,Trachymyrmex septentrionalis,133,3,91,,InterPro:IPR031424
A0A195F7I1,Uncharacterized protein,Trachymyrmex septentrionalis,155,21,132,,InterPro:IPR031424
A0A195FEF0,Uncharacterized protein,Trachymyrmex septentrionalis,158,40,134,,InterPro:IPR031424
A0A195FF63,Uncharacterized protein,Trachymyrmex septentrionalis,191,62,165,,InterPro:IPR031424
A0A195FQQ5,Uncharacterized protein,Trachymyrmex septentrionalis,165,27,123,,InterPro:IPR031424
A0A195FYQ7,Uncharacterized protein,Trachymyrmex septentrionalis,147,27,118,,InterPro:IPR031424
A0A1A9ULT7,Protein sleepless,Glossina austeni (Savannah tsetse fly),180,31,141,,InterPro:IPR031424
A0A1A9UN42,Protein sleepless,Glossina austeni (Savannah tsetse fly),199,35,155,,InterPro:IPR031424
A0A1A9UN50,Uncharacterized protein,Glossina austeni (Savannah tsetse fly),159,17,137,,InterPro:IPR031424
A0A1A9UQ23,UPAR/Ly6 domain-containing protein qvr,Glossina austeni (Savannah tsetse fly),145,25,104,,InterPro:IPR031424
A0A1A9UUN6,Protein sleepless,Glossina austeni (Savannah tsetse fly),143,21,114,,InterPro:IPR031424
A0A1A9UVE0,Uncharacterized protein,Glossina austeni (Savannah tsetse fly),147,23,124,,InterPro:IPR031424
A0A1A9VA75,Uncharacterized protein,Glossina austeni (Savannah tsetse fly),151,24,123,,InterPro:IPR031424
A0A1A9VA77,Protein quiver,Glossina austeni (Savannah tsetse fly),152,22,125,,InterPro:IPR031424
A0A1A9VA78,Uncharacterized protein,Glossina austeni (Savannah tsetse fly),144,23,119,,InterPro:IPR031424
A0A1A9VC03,Uncharacterized protein,Glossina austeni (Savannah tsetse fly),150,30,126,,InterPro:IPR031424
A0A1A9VHS4,Protein quiver,Glossina austeni (Savannah tsetse fly),151,26,123,,InterPro:IPR031424
A0A1A9VMC8,Uncharacterized protein,Glossina austeni (Savannah tsetse fly),163,24,121,,InterPro:IPR031424
A0A1A9VP42,Uncharacterized protein,Glossina austeni (Savannah tsetse fly),184,44,156,,InterPro:IPR031424
A0A1A9W880,Protein sleepless,Glossina brevipalpis,192,44,164,,InterPro:IPR031424
A0A1A9W9A0,Uncharacterized protein,Glossina brevipalpis,163,24,121,,InterPro:IPR031424
A0A1A9WKS0,Protein quiver,Glossina brevipalpis,161,33,131,,InterPro:IPR031424
A0A1A9WKS5,Uncharacterized protein,Glossina brevipalpis,124,9,87,,InterPro:IPR031424
A0A1A9WL39,Uncharacterized protein,Glossina brevipalpis,162,31,132,,InterPro:IPR031424
A0A1A9WL40,Uncharacterized protein,Glossina brevipalpis,147,23,124,,InterPro:IPR031424
A0A1A9WM89,Protein sleepless,Glossina brevipalpis,182,32,142,,InterPro:IPR031424
A0A1A9WPK4,Protein sleepless,Glossina brevipalpis,156,21,114,,InterPro:IPR031424
A0A1A9WZK9,Protein quiver,Glossina brevipalpis,225,66,165,,InterPro:IPR031424
A0A1A9WZL1,Uncharacterized protein,Glossina brevipalpis,144,23,119,,InterPro:IPR031424
A0A1A9WZL2,Protein quiver,Glossina brevipalpis,152,22,125,,InterPro:IPR031424
A0A1A9X0B1,Uncharacterized protein,Glossina brevipalpis,163,23,134,,InterPro:IPR031424
A0A1A9X3A5,Uncharacterized protein,Glossina brevipalpis,150,30,126,,InterPro:IPR031424
A0A1A9ZDC0,Uncharacterized protein,Glossina pallidipes (Tsetse fly),161,35,132,,InterPro:IPR031424
A0A1A9ZDC5,Protein quiver,Glossina pallidipes (Tsetse fly),191,61,158,,InterPro:IPR031424
A0A1A9ZE63,Protein sleepless,Glossina pallidipes (Tsetse fly),145,21,114,,InterPro:IPR031424
A0A1A9ZFI3,Uncharacterized protein,Glossina pallidipes (Tsetse fly),161,31,132,,InterPro:IPR031424
A0A1A9ZFI4,Uncharacterized protein,Glossina pallidipes (Tsetse fly),135,23,112,,InterPro:IPR031424
A0A1A9ZP35,Uncharacterized protein,Glossina pallidipes (Tsetse fly),146,7,104,,InterPro:IPR031424
A0A1A9ZP44,Protein sleepless,Glossina pallidipes (Tsetse fly),180,31,141,,InterPro:IPR031424
A0A1A9ZXA8,UPAR/Ly6 domain-containing protein qvr,Glossina pallidipes (Tsetse fly),145,25,104,,InterPro:IPR031424
A0A1B0A3H8,Uncharacterized protein,Glossina pallidipes (Tsetse fly),150,30,126,,InterPro:IPR031424
A0A1B0AA59,Protein sleepless,Glossina pallidipes (Tsetse fly),199,35,155,,InterPro:IPR031424
A0A1B0AAM6,Uncharacterized protein,Glossina pallidipes (Tsetse fly),150,24,123,,InterPro:IPR031424
A0A1B0AAM7,Uncharacterized protein,Glossina pallidipes (Tsetse fly),138,17,113,,InterPro:IPR031424
A0A1B0AAM8,Protein quiver,Glossina pallidipes (Tsetse fly),152,22,125,,InterPro:IPR031424
A0A1B0AEH0,Uncharacterized protein,Glossina pallidipes (Tsetse fly),166,26,138,,InterPro:IPR031424
A0A1B0AP63,Protein sleepless,Glossina palpalis gambiensis,142,21,114,,InterPro:IPR031424
A0A1B0AUN4,Uncharacterized protein,Glossina palpalis gambiensis,162,31,132,,InterPro:IPR031424
A0A1B0B035,Protein quiver,Glossina palpalis gambiensis,150,30,126,,InterPro:IPR031424
A0A1B0B2B1,Uncharacterized protein,Glossina palpalis gambiensis,151,24,123,,InterPro:IPR031424
A0A1B0B2B4,Uncharacterized protein,Glossina palpalis gambiensis,153,22,125,,InterPro:IPR031424
A0A1B0B6A1,UPAR/Ly6 domain-containing protein qvr,Glossina palpalis gambiensis,174,45,133,,InterPro:IPR031424
A0A1B0B9L9,Protein sleepless,Glossina palpalis gambiensis,197,35,155,,InterPro:IPR031424
A0A1B0BAK7,Uncharacterized protein,Glossina palpalis gambiensis,163,24,121,,InterPro:IPR031424
A0A1B0BG27,Uncharacterized protein,Glossina palpalis gambiensis,156,29,126,,InterPro:IPR031424
A0A1B0BM45,Protein sleepless,Glossina palpalis gambiensis,178,29,139,,InterPro:IPR031424
A0A1B0BY91,Uncharacterized protein,Glossina palpalis gambiensis,184,26,138,,InterPro:IPR031424
A0A1B0C834,Putative conserved secreted protein,Lutzomyia longipalpis (Sand fly),135,24,119,,InterPro:IPR031424
A0A1B0C8R2,Protein quiver,Lutzomyia longipalpis (Sand fly),151,26,125,,InterPro:IPR031424
A0A1B0CAT6,Uncharacterized protein,Lutzomyia longipalpis (Sand fly),108,20,98,,InterPro:IPR031424
A0A1B0CB01,Protein quiver,Lutzomyia longipalpis (Sand fly),154,26,129,,InterPro:IPR031424
A0A1B0CE43,Uncharacterized protein,Lutzomyia longipalpis (Sand fly),163,22,136,,InterPro:IPR031424
A0A1B0CG48,Protein sleepless,Lutzomyia longipalpis (Sand fly),134,39,132,,InterPro:IPR031424
A0A1B0CG49,Uncharacterized protein,Lutzomyia longipalpis (Sand fly),102,2,92,,InterPro:IPR031424
A0A1B0CGM9,Putative conserved secreted protein,Lutzomyia longipalpis (Sand fly),170,26,139,,InterPro:IPR031424
A0A1B0CH91,UPAR/Ly6 domain-containing protein qvr,Lutzomyia longipalpis (Sand fly),165,26,114,,InterPro:IPR031424
A0A1B0CML5,Uncharacterized protein,Lutzomyia longipalpis (Sand fly),153,22,129,,InterPro:IPR031424
A0A1B0CY38,Uncharacterized protein,Lutzomyia longipalpis (Sand fly),193,89,171,,InterPro:IPR031424
A0A1B0CZE1,Uncharacterized protein,Phlebotomus papatasi (Sandfly),105,25,93,,InterPro:IPR031424
A0A1B0D069,Protein sleepless,Phlebotomus papatasi (Sandfly),134,39,132,,InterPro:IPR031424
A0A1B0D3G1,Uncharacterized protein,Phlebotomus papatasi (Sandfly),163,22,136,,InterPro:IPR031424
A0A1B0D4T5,Protein quiver,Phlebotomus papatasi (Sandfly),135,7,110,,InterPro:IPR031424
A0A1B0D6M8,Uncharacterized protein,Phlebotomus papatasi (Sandfly),106,20,103,,InterPro:IPR031424
A0A1B0DJ61,Uncharacterized protein,Phlebotomus papatasi (Sandfly),161,56,131,,InterPro:IPR031424
A0A1B0DKN6,Protein sleepless,Phlebotomus papatasi (Sandfly),154,27,137,,InterPro:IPR031424
A0A1B0DLG7,Protein quiver,Phlebotomus papatasi (Sandfly),128,3,97,,InterPro:IPR031424
A0A1B0DPS4,Protein quiver,Phlebotomus papatasi (Sandfly),138,39,130,,InterPro:IPR031424
A0A1B0EXB4,Protein quiver,Phlebotomus papatasi (Sandfly),129,21,104,,InterPro:IPR031424
A0A1B0FCQ1,Protein sleepless,Glossina morsitans morsitans (Savannah tsetse fly),143,21,114,,InterPro:IPR031424
A0A1B0FH00,Uncharacterized protein,Glossina morsitans morsitans (Savannah tsetse fly),150,25,122,,InterPro:IPR031424
A0A1B0FHH1,Uncharacterized protein,Glossina morsitans morsitans (Savannah tsetse fly),144,23,119,,InterPro:IPR031424
A0A1B0FHH4,Uncharacterized protein,Glossina morsitans morsitans (Savannah tsetse fly),152,22,125,,InterPro:IPR031424
A0A1B0FHK6,Uncharacterized protein,Glossina morsitans morsitans (Savannah tsetse fly),151,24,123,,InterPro:IPR031424
A0A1B0FIG3,Uncharacterized protein,Glossina morsitans morsitans (Savannah tsetse fly),164,25,122,,InterPro:IPR031424
A0A1B0FNK8,Protein sleepless,Glossina morsitans morsitans (Savannah tsetse fly),180,31,141,,InterPro:IPR031424
A0A1B0FV26,Putative cell wall protein dan4-like microplitis demolitor,Lutzomyia longipalpis (Sand fly),202,25,107,,InterPro:IPR031424
A0A1B0FYA4,Protein quiver,Phlebotomus papatasi (Sandfly),126,23,101,,InterPro:IPR031424
A0A1B0G1J7,Protein sleepless,Glossina morsitans morsitans (Savannah tsetse fly),195,31,151,,InterPro:IPR031424
A0A1B0G421,Uncharacterized protein,Glossina morsitans morsitans (Savannah tsetse fly),150,30,126,,InterPro:IPR031424
A0A1B0G765,UPAR/Ly6 domain-containing protein qvr,Glossina morsitans morsitans (Savannah tsetse fly),158,29,117,,InterPro:IPR031424
A0A1B0GAJ1,Protein sleepless,Glossina morsitans morsitans (Savannah tsetse fly),166,26,143,,InterPro:IPR031424
A0A1B0GBB9,Uncharacterized protein,Glossina morsitans morsitans (Savannah tsetse fly),147,7,119,,InterPro:IPR031424
A0A1B0GFG3,Uncharacterized protein,Glossina morsitans morsitans (Savannah tsetse fly),148,22,119,,InterPro:IPR031424
A0A1B0GGY4,Putative conserved secreted protein,Lutzomyia longipalpis (Sand fly),148,28,123,,InterPro:IPR031424
A0A1B0GH64,Putative conserved secreted protein,Lutzomyia longipalpis (Sand fly),138,20,113,,InterPro:IPR031424
A0A1B0GHW8,Putative secreted protein,Lutzomyia longipalpis (Sand fly),141,36,128,,InterPro:IPR031424
A0A1B0GKW2,Uncharacterized protein,Lutzomyia longipalpis (Sand fly),133,23,107,,InterPro:IPR031424
A0A1B0GLJ9,Putative conserved secreted protein,Lutzomyia longipalpis (Sand fly),149,21,101,,InterPro:IPR031424
A0A1B0GLK0,Putative conserved secreted protein,Lutzomyia longipalpis (Sand fly),129,21,103,,InterPro:IPR031424
A0A1B0GLK1,Putative 13.7 kDa midgut protein,Lutzomyia longipalpis (Sand fly),132,21,106,,InterPro:IPR031424
A0A1B6C834,Uncharacterized protein,Clastoptera arizonana (Arizona spittle bug),152,21,124,,InterPro:IPR031424
A0A1B6CQR7,Uncharacterized protein,Clastoptera arizonana (Arizona spittle bug),165,27,138,,InterPro:IPR031424
A0A1B6CQZ9,UPAR/Ly6 domain-containing protein qvr,Clastoptera arizonana (Arizona spittle bug),142,29,118,,InterPro:IPR031424
A0A1B6CT41,Uncharacterized protein,Clastoptera arizonana (Arizona spittle bug),153,31,128,,InterPro:IPR031424
A0A1B6CXX9,Uncharacterized protein,Clastoptera arizonana (Arizona spittle bug),183,23,157,,InterPro:IPR031424
A0A1B6DF33,Uncharacterized protein,Clastoptera arizonana (Arizona spittle bug),154,34,132,,InterPro:IPR031424
A0A1B6DS46,Uncharacterized protein,Clastoptera arizonana (Arizona spittle bug),160,38,133,,InterPro:IPR031424
A0A1B6DU84,Uncharacterized protein,Clastoptera arizonana (Arizona spittle bug),147,26,122,,InterPro:IPR031424
A0A1B6DUG0,Uncharacterized protein,Clastoptera arizonana (Arizona spittle bug),183,23,159,,InterPro:IPR031424
A0A1B6E0F8,UPAR/Ly6 domain-containing protein qvr,Clastoptera arizonana (Arizona spittle bug),145,29,117,,InterPro:IPR031424
A0A1B6EBJ6,Uncharacterized protein,Clastoptera arizonana (Arizona spittle bug),104,5,77,,InterPro:IPR031424
A0A1B6EBK2,Uncharacterized protein,Clastoptera arizonana (Arizona spittle bug),145,23,120,,InterPro:IPR031424
A0A1B6EF53,Uncharacterized protein,Clastoptera arizonana (Arizona spittle bug),167,45,141,,InterPro:IPR031424
A0A1B6EN97,Uncharacterized protein,Cuerna arida,157,40,133,,InterPro:IPR031424
A0A1B6EPQ6,Uncharacterized protein,Cuerna arida,158,38,130,,InterPro:IPR031424
A0A1B6EW33,Uncharacterized protein,Cuerna arida,158,38,130,,InterPro:IPR031424
A0A1B6EX43,Uncharacterized protein,Cuerna arida,144,6,119,,InterPro:IPR031424
A0A1B6F5U8,Uncharacterized protein,Cuerna arida,155,26,129,,InterPro:IPR031424
A0A1B6FI72,Uncharacterized protein,Cuerna arida,147,27,123,,InterPro:IPR031424
A0A1B6FII3,Uncharacterized protein,Cuerna arida,152,29,127,,InterPro:IPR031424
A0A1B6FM29,Protein sleepless,Cuerna arida,142,26,117,,InterPro:IPR031424
A0A1B6FNY5,UPAR/Ly6 domain-containing protein qvr,Cuerna arida,153,44,132,,InterPro:IPR031424
A0A1B6FQ22,Uncharacterized protein,Cuerna arida,176,38,151,,InterPro:IPR031424
A0A1B6FS97,Uncharacterized protein,Cuerna arida,146,25,124,,InterPro:IPR031424
A0A1B6FV14,Uncharacterized protein,Cuerna arida,207,62,182,,InterPro:IPR031424
A0A1B6FYK1,Uncharacterized protein,Cuerna arida,126,26,122,,InterPro:IPR031424
A0A1B6G421,Uncharacterized protein,Cuerna arida,142,26,117,,InterPro:IPR031424
A0A1B6G4N9,UPAR/Ly6 domain-containing protein qvr,Cuerna arida,138,29,117,,InterPro:IPR031424
A0A1B6G555,Protein sleepless,Cuerna arida,175,40,150,,InterPro:IPR031424
A0A1B6G5C7,Uncharacterized protein,Cuerna arida,145,25,120,,InterPro:IPR031424
A0A1B6GAA9,Protein sleepless,Cuerna arida,178,38,154,,InterPro:IPR031424
A0A1B6GAG9,Uncharacterized protein,Cuerna arida,154,38,130,,InterPro:IPR031424
A0A1B6GGS2,UPAR/Ly6 domain-containing protein qvr,Cuerna arida,121,12,100,,InterPro:IPR031424
A0A1B6GJT0,Uncharacterized protein,Cuerna arida,162,27,137,,InterPro:IPR031424
A0A1B6GSM0,Uncharacterized protein,Cuerna arida,169,35,145,,InterPro:IPR031424
A0A1B6GZR1,Uncharacterized protein,Cuerna arida,110,11,81,,InterPro:IPR031424
A0A1B6H348,Uncharacterized protein,Cuerna arida,155,38,151,,InterPro:IPR031424
A0A1B6H6Y1,UPAR/Ly6 domain-containing protein qvr,Homalodisca liturata,136,27,115,,InterPro:IPR031424
A0A1B6HLW2,Uncharacterized protein,Homalodisca liturata,157,40,133,,InterPro:IPR031424
A0A1B6HNU8,Uncharacterized protein,Homalodisca liturata,155,26,129,,InterPro:IPR031424
A0A1B6HRF6,Uncharacterized protein,Homalodisca liturata,158,38,130,,InterPro:IPR031424
A0A1B6HUE2,Uncharacterized protein,Homalodisca liturata,192,47,167,,InterPro:IPR031424
A0A1B6HW74,Protein sleepless,Homalodisca liturata,107,4,73,,InterPro:IPR031424
A0A1B6HZP1,UPAR/Ly6 domain-containing protein qvr,Homalodisca liturata,136,27,115,,InterPro:IPR031424
A0A1B6I1Q6,Protein sleepless,Homalodisca liturata,201,66,176,,InterPro:IPR031424
A0A1B6I5Y0,Uncharacterized protein,Homalodisca liturata,159,31,125,,InterPro:IPR031424
A0A1B6ID59,Uncharacterized protein,Homalodisca liturata,155,35,127,,InterPro:IPR031424
A0A1B6IIT2,Uncharacterized protein,Homalodisca liturata,162,27,137,,InterPro:IPR031424
A0A1B6INM5,Uncharacterized protein,Homalodisca liturata,152,29,127,,InterPro:IPR031424
A0A1B6IRY3,Uncharacterized protein,Homalodisca liturata,158,38,133,,InterPro:IPR031424
A0A1B6IWE8,UPAR/Ly6 domain-containing protein qvr,Homalodisca liturata,121,12,100,,InterPro:IPR031424
A0A1B6IZX4,Protein sleepless,Homalodisca liturata,104,26,102,,InterPro:IPR031424
A0A1B6JA00,Uncharacterized protein,Homalodisca liturata,147,27,123,,InterPro:IPR031424
A0A1B6JCB4,Uncharacterized protein,Homalodisca liturata,193,76,169,,InterPro:IPR031424
A0A1B6JN29,Uncharacterized protein,Homalodisca liturata,144,22,119,,InterPro:IPR031424
A0A1B6JUM9,Protein quiver,Homalodisca liturata,204,66,176,,InterPro:IPR031424
A0A1B6JX70,Uncharacterized protein,Homalodisca liturata,112,25,91,,InterPro:IPR031424
A0A1B6JX96,Uncharacterized protein,Homalodisca liturata,146,25,124,,InterPro:IPR031424
A0A1B6JYW9,Uncharacterized protein,Homalodisca liturata,129,2,105,,InterPro:IPR031424
A0A1B6K7H2,Uncharacterized protein,Homalodisca liturata,171,38,146,,InterPro:IPR031424
A0A1B6K9A9,Uncharacterized protein,Graphocephala atropunctata,164,41,137,,InterPro:IPR031424
A0A1B6KW31,Uncharacterized protein,Graphocephala atropunctata,147,27,123,,InterPro:IPR031424
A0A1B6L2V6,Uncharacterized protein,Graphocephala atropunctata,101,25,98,,InterPro:IPR031424
A0A1B6L8F0,Uncharacterized protein,Graphocephala atropunctata,184,55,158,,InterPro:IPR031424
A0A1B6LAZ7,Uncharacterized protein,Graphocephala atropunctata,185,34,154,,InterPro:IPR031424
A0A1B6LI67,Uncharacterized protein,Graphocephala atropunctata,146,25,124,,InterPro:IPR031424
A0A1B6LMI2,Uncharacterized protein,Graphocephala atropunctata,108,21,99,,InterPro:IPR031424
A0A1B6LSX2,Uncharacterized protein,Graphocephala atropunctata,164,41,138,,InterPro:IPR031424
A0A1B6LUT6,UPAR/Ly6 domain-containing protein qvr,Graphocephala atropunctata,136,27,115,,InterPro:IPR031424
A0A1B6LX56,Protein sleepless,Graphocephala atropunctata,182,48,158,,InterPro:IPR031424
A0A1B6LXC6,Uncharacterized protein,Graphocephala atropunctata,145,26,117,,InterPro:IPR031424
A0A1B6M2H9,Uncharacterized protein,Graphocephala atropunctata,154,34,126,,InterPro:IPR031424
A0A1B6M3F7,Uncharacterized protein,Graphocephala atropunctata,183,56,153,,InterPro:IPR031424
A0A1B6M6Z4,Uncharacterized protein,Graphocephala atropunctata,203,58,178,,InterPro:IPR031424
A0A1B6M7B4,Uncharacterized protein,Graphocephala atropunctata,173,46,143,,InterPro:IPR031424
A0A1B6M922,Uncharacterized protein,Graphocephala atropunctata,181,61,156,,InterPro:IPR031424
A0A1B6MCX8,Protein sleepless,Graphocephala atropunctata,178,33,149,,InterPro:IPR031424
A0A1B6MPE7,Protein sleepless,Graphocephala atropunctata,176,42,152,,InterPro:IPR031424
A0A1B6MTQ1,Uncharacterized protein,Graphocephala atropunctata,162,27,137,,InterPro:IPR031424
A0A1D1UJ77,Protein quiver,Ramazzottius varieornatus (Water bear),129,24,104,,InterPro:IPR031424
A0A1D1UK01,Protein sleepless,Ramazzottius varieornatus (Water bear),170,39,136,,InterPro:IPR031424
A0A1D1UKG1,Protein quiver,Ramazzottius varieornatus (Water bear),186,31,124,,InterPro:IPR031424
A0A1D1UMB9,UPAR/Ly6 domain-containing protein qvr,Ramazzottius varieornatus (Water bear),171,56,142,,InterPro:IPR031424
A0A1D1UPN3,Activin types I and II receptor domain-containing protein,Ramazzottius varieornatus (Water bear),238,15,101,,InterPro:IPR031424
A0A1D1UR81,Protein sleepless,Ramazzottius varieornatus (Water bear),199,29,162,,InterPro:IPR031424
A0A1D1URP2,Protein quiver,Ramazzottius varieornatus (Water bear),188,24,111,,InterPro:IPR031424
A0A1D1UTA8,UPAR/Ly6 domain-containing protein,Ramazzottius varieornatus (Water bear),174,63,148,,InterPro:IPR031424
A0A1D1UVY4,Protein sleepless,Ramazzottius varieornatus (Water bear),141,23,117,,InterPro:IPR031424
A0A1D1V7I0,Protein sleepless,Ramazzottius varieornatus (Water bear),248,94,184,,InterPro:IPR031424
A0A1D1V940,Protein sleepless,Ramazzottius varieornatus (Water bear),144,28,116,,InterPro:IPR031424
A0A1D1VG99,Protein quiver,Ramazzottius varieornatus (Water bear),233,70,203,,InterPro:IPR031424
A0A1D1VGV8,Protein quiver,Ramazzottius varieornatus (Water bear),354,79,178,,InterPro:IPR031424
A0A1D1VGW6,Protein sleepless,Ramazzottius varieornatus (Water bear),346,24,132,,InterPro:IPR031424
A0A1D1VLF0,Uncharacterized protein,Ramazzottius varieornatus (Water bear),252,28,136,,InterPro:IPR031424
A0A1D1VPI4,Protein quiver,Ramazzottius varieornatus (Water bear),155,44,130,,InterPro:IPR031424
A0A1D1VPI7,Protein sleepless,Ramazzottius varieornatus (Water bear),136,33,113,,InterPro:IPR031424
A0A1D1VPK7,SET domain-containing protein,Ramazzottius varieornatus (Water bear),660,554,634,,InterPro:IPR031424
A0A1D1VPY8,Protein quiver,Ramazzottius varieornatus (Water bear),177,23,155,,InterPro:IPR031424
A0A1D1VSS4,Protein sleepless,Ramazzottius varieornatus (Water bear),131,25,104,,InterPro:IPR031424
A0A1D1VU07,Protein quiver,Ramazzottius varieornatus (Water bear),131,29,119,,InterPro:IPR031424
A0A1D1VWX7,Protein quiver,Ramazzottius varieornatus (Water bear),140,26,110,,InterPro:IPR031424
A0A1D1VYU3,Protein quiver,Ramazzottius varieornatus (Water bear),148,37,116,,InterPro:IPR031424
A0A1D1W025,Protein sleepless,Ramazzottius varieornatus (Water bear),172,68,151,,InterPro:IPR031424
A0A1D1W0Z2,UPAR/Ly6 domain-containing protein,Ramazzottius varieornatus (Water bear),151,22,110,,InterPro:IPR031424
A0A1D1W374,Protein quiver,Ramazzottius varieornatus (Water bear),113,18,106,,InterPro:IPR031424
A0A1D1W3V0,Protein sleepless,Ramazzottius varieornatus (Water bear),145,23,115,,InterPro:IPR031424
A0A1D1W3V3,Protein quiver,Ramazzottius varieornatus (Water bear),89,1,60,,InterPro:IPR031424
A0A1D1W725,Protein quiver,Ramazzottius varieornatus (Water bear),370,26,112,,InterPro:IPR031424
A0A1D1W7G6,Protein sleepless,Ramazzottius varieornatus (Water bear),132,24,104,,InterPro:IPR031424
A0A1D1XPR8,CD59 glycoprotein,Anthurium amnicola,156,37,131,,InterPro:IPR031424
A0A1D2M232,Uncharacterized protein,Orchesella cincta (Springtail),119,25,83,,InterPro:IPR031424
A0A1D2M2Q1,Uncharacterized protein,Orchesella cincta (Springtail),203,32,134,,InterPro:IPR031424
A0A1D2MEX5,Uncharacterized protein,Orchesella cincta (Springtail),160,27,127,,InterPro:IPR031424
A0A1D2MFU5,Protein quiver,Orchesella cincta (Springtail),176,7,140,,InterPro:IPR031424
A0A1D2MG56,Uncharacterized protein,Orchesella cincta (Springtail),151,21,125,,InterPro:IPR031424
A0A1D2MQ55,Uncharacterized protein,Orchesella cincta (Springtail),182,27,155,,InterPro:IPR031424
A0A1D2MQ74,Uncharacterized protein,Orchesella cincta (Springtail),155,25,126,,InterPro:IPR031424
A0A1D2MVE5,Uncharacterized protein,Orchesella cincta (Springtail),148,54,121,,InterPro:IPR031424
A0A1D2MZS2,Uncharacterized protein,Orchesella cincta (Springtail),154,24,130,,InterPro:IPR031424
A0A1D2NAG8,Protein quiver,Orchesella cincta (Springtail),153,26,123,,InterPro:IPR031424
A0A1D2NCL6,Uncharacterized protein,Orchesella cincta (Springtail),244,121,224,,InterPro:IPR031424
A0A1D2NLN9,Uncharacterized protein,Orchesella cincta (Springtail),194,47,153,,InterPro:IPR031424
A0A1D2NLW9,Protein quiver,Orchesella cincta (Springtail),176,23,153,,InterPro:IPR031424
A0A1D2NMI4,Uncharacterized protein,Orchesella cincta (Springtail),252,153,225,,InterPro:IPR031424
A0A1D2NMT4,Protein sleepless,Orchesella cincta (Springtail),114,6,75,,InterPro:IPR031424
A0A1E1W402,Uncharacterized protein,Pectinophora gossypiella (Cotton pink bollworm),162,23,137,,InterPro:IPR031424
A0A1E1W9B6,Uncharacterized protein,Pectinophora gossypiella (Cotton pink bollworm),150,24,123,,InterPro:IPR031424
A0A1E1W9R6,Uncharacterized protein,Pectinophora gossypiella (Cotton pink bollworm),148,23,126,,InterPro:IPR031424
A0A1E1WN51,Uncharacterized protein,Pectinophora gossypiella (Cotton pink bollworm),149,26,123,,InterPro:IPR031424
A0A1E1WTR7,Uncharacterized protein,Pectinophora gossypiella (Cotton pink bollworm),191,54,166,,InterPro:IPR031424
A0A1E1WUT8,Protein sleepless,Pectinophora gossypiella (Cotton pink bollworm),175,29,145,,InterPro:IPR031424
A0A1E1WWY4,Putative secreted protein,Amblyomma aureolatum,128,13,108,,InterPro:IPR031424
A0A1E1WY25,Putative secreted peptide,Amblyomma aureolatum,162,22,131,,InterPro:IPR031424
A0A1E1WYG4,Putative conserved plasma membrane protein,Amblyomma aureolatum,155,40,128,,InterPro:IPR031424
A0A1E1X1R5,Putative secreted protein,Amblyomma aureolatum,144,29,121,,InterPro:IPR031424
A0A1E1XQN3,Putative conserved secreted protein,Amblyomma sculptum (Tick),140,5,115,,InterPro:IPR031424
A0A1E1XRH6,Putative secreted peptide,Amblyomma sculptum (Tick),168,27,136,,InterPro:IPR031424
A0A1E1XSY7,Putative conserved secreted protein,Amblyomma sculptum (Tick),121,26,114,,InterPro:IPR031424
A0A1E1XUA7,Putative secreted protein,Amblyomma sculptum (Tick),145,30,122,,InterPro:IPR031424
A0A1I7RHR6,Protein quiver,Bursaphelenchus xylophilus (Pinewood nematode worm),168,29,145,,InterPro:IPR031424
A0A1I7RPX6,(pine wood nematode) hypothetical protein,Bursaphelenchus xylophilus (Pinewood nematode worm),202,39,177,,InterPro:IPR031424
A0A1I7S894,(pine wood nematode) hypothetical protein,Bursaphelenchus xylophilus (Pinewood nematode worm),137,20,115,,InterPro:IPR031424
A0A1I7SHS9,(pine wood nematode) hypothetical protein,Bursaphelenchus xylophilus (Pinewood nematode worm),128,20,102,,InterPro:IPR031424
A0A1I7SI19,Protein sleepless,Bursaphelenchus xylophilus (Pinewood nematode worm),126,22,104,,InterPro:IPR031424
A0A1I7SJD4,Protein sleepless,Bursaphelenchus xylophilus (Pinewood nematode worm),117,7,94,,InterPro:IPR031424
A0A1I7SM84,(pine wood nematode) hypothetical protein,Bursaphelenchus xylophilus (Pinewood nematode worm),150,28,119,,InterPro:IPR031424
A0A1I7SWE4,(pine wood nematode) hypothetical protein,Bursaphelenchus xylophilus (Pinewood nematode worm),152,20,130,,InterPro:IPR031424
A0A1I7TJE2,Protein sleepless,Caenorhabditis tropicalis,137,20,109,,InterPro:IPR031424
A0A1I7TYJ0,Protein quiver,Caenorhabditis tropicalis,126,18,100,,InterPro:IPR031424
A0A1I7U8B0,Protein quiver,Caenorhabditis tropicalis,222,79,199,,InterPro:IPR031424
A0A1I7UB57,Protein sleepless,Caenorhabditis tropicalis,127,17,105,,InterPro:IPR031424
A0A1I7VTE8,Protein quiver,Loa loa (Eye worm),149,23,113,,InterPro:IPR031424
A0A1I7VXS0,Protein quiver,Loa loa (Eye worm),162,33,151,,InterPro:IPR031424
A0A1I7XDN2,Protein quiver,Heterorhabditis bacteriophora (Entomopathogenic nematode),178,46,157,,InterPro:IPR031424
A0A1I7Z433,UPAR/Ly6 domain-containing protein qvr,Steinernema glaseri,169,33,146,,InterPro:IPR031424
A0A1I7ZB47,Protein sleepless,Steinernema glaseri,139,23,112,,InterPro:IPR031424
A0A1I8A363,Protein quiver,Steinernema glaseri,175,5,148,,InterPro:IPR031424
A0A1I8A5I8,Protein sleepless,Steinernema glaseri,131,19,110,,InterPro:IPR031424
A0A1I8AHK4,Protein sleepless,Steinernema glaseri,175,29,148,,InterPro:IPR031424
A0A1I8ARY4,Protein sleepless,Steinernema glaseri,212,90,185,,InterPro:IPR031424
A0A1I8ATX0,Protein sleepless,Steinernema glaseri,148,27,121,,InterPro:IPR031424
A0A1I8BM50,Protein sleepless,Meloidogyne hapla (Root-knot nematode worm),163,37,139,,InterPro:IPR031424
A0A1I8CEI1,Protein sleepless,Rhabditophanes sp. KR3021,132,21,109,,InterPro:IPR031424
A0A1I8CPW1,Protein quiver,Rhabditophanes sp. KR3021,158,23,136,,InterPro:IPR031424
A0A1I8EJS7,Protein quiver,Wuchereria bancrofti,152,21,131,,InterPro:IPR031424
A0A1I8G1W3,Protein quiver,Macrostomum lignano,146,34,119,,InterPro:IPR031424
A0A1I8GAM6,Protein quiver,Macrostomum lignano,155,34,121,,InterPro:IPR031424
A0A1I8GCI1,UPAR/Ly6 domain-containing protein qvr,Macrostomum lignano,157,37,124,,InterPro:IPR031424
A0A1I8GI83,Protein quiver,Macrostomum lignano,176,41,148,,InterPro:IPR031424
A0A1I8GKJ6,Protein quiver,Macrostomum lignano,176,41,148,,InterPro:IPR031424
A0A1I8GS37,UPAR/Ly6 domain-containing protein qvr,Macrostomum lignano,155,34,121,,InterPro:IPR031424
A0A1I8GV08,Protein sleepless,Macrostomum lignano,145,24,112,,InterPro:IPR031424
A0A1I8GV85,UPAR/Ly6 domain-containing protein qvr,Macrostomum lignano,154,37,124,,InterPro:IPR031424
A0A1I8GVH5,Protein quiver,Macrostomum lignano,614,24,112,,InterPro:IPR031424
A0A1I8GYZ1,G-protein coupled receptors family 2 profile 2 domain-containing protein,Macrostomum lignano,2108,1986,2079,,InterPro:IPR031424
A0A1I8HE29,Protein quiver,Macrostomum lignano,146,34,119,,InterPro:IPR031424
A0A1I8HLA7,Solute carrier family 35 member F4,Macrostomum lignano,1947,576,686,,InterPro:IPR031424
A0A1I8HMI0,Protein quiver,Macrostomum lignano,718,64,164,,InterPro:IPR031424
A0A1I8I051,Glutathione transferase,Macrostomum lignano,658,30,125,,InterPro:IPR031424
A0A1I8I1G8,Protein sleepless,Macrostomum lignano,163,44,132,,InterPro:IPR031424
A0A1I8I2R7,Protein quiver,Macrostomum lignano,153,44,147,,InterPro:IPR031424
A0A1I8I5A0,Protein quiver,Macrostomum lignano,175,44,147,,InterPro:IPR031424
A0A1I8IFI5,UPAR/Ly6 domain-containing protein qvr,Macrostomum lignano,155,34,121,,InterPro:IPR031424
A0A1I8IPG4,glutathione transferase,Macrostomum lignano,447,200,249,,InterPro:IPR031424
A0A1I8J6R5,Protein sleepless,Macrostomum lignano,156,83,149,,InterPro:IPR031424
A0A1I8JCY9,Protein sleepless,Macrostomum lignano,177,64,153,,InterPro:IPR031424
A0A1I8JPJ3,Protein sleepless,Macrostomum lignano,206,74,180,,InterPro:IPR031424
A0A1I8M3Z3,Uncharacterized protein LOC101888016,Musca domestica (House fly),149,23,126,,InterPro:IPR031424
A0A1I8MA47,Uncharacterized protein LOC101887513,Musca domestica (House fly),149,24,126,,InterPro:IPR031424
A0A1I8MAR2,UPAR/Ly6 domain-containing protein qvr,Musca domestica (House fly),270,58,146,,InterPro:IPR031424
A0A1I8MAR3,UPAR/Ly6 domain-containing protein qvr,Musca domestica (House fly),235,23,111,,InterPro:IPR031424
A0A1I8MAR6,UPAR/Ly6 domain-containing protein qvr,Musca domestica (House fly),254,42,130,,InterPro:IPR031424
A0A1I8MAS6,UPAR/Ly6 domain-containing protein qvr,Musca domestica (House fly),251,39,127,,InterPro:IPR031424
A0A1I8MCQ4,Uncharacterized protein LOC101891932,Musca domestica (House fly),161,22,134,,InterPro:IPR031424
A0A1I8MED2,Uncharacterized protein LOC101889359,Musca domestica (House fly),152,26,129,,InterPro:IPR031424
A0A1I8MJY4,Uncharacterized protein LOC101887850,Musca domestica (House fly),161,23,124,,InterPro:IPR031424
A0A1I8MK03,Uncharacterized protein LOC101887345,Musca domestica (House fly),168,32,138,,InterPro:IPR031424
A0A1I8MKH3,Protein sleepless,Musca domestica (House fly),143,21,114,,InterPro:IPR031424
A0A1I8MKI0,Protein sleepless,Musca domestica (House fly),184,45,155,,InterPro:IPR031424
A0A1I8MLT8,Uncharacterized protein LOC101888196,Musca domestica (House fly),150,23,127,,InterPro:IPR031424
A0A1I8MNZ4,Uncharacterized protein,Musca domestica (House fly),166,37,135,,InterPro:IPR031424
A0A1I8MPJ5,Uncharacterized protein LOC101887684,Musca domestica (House fly),150,24,127,,InterPro:IPR031424
A0A1I8MPU7,Uncharacterized protein LOC101888365 isoform X1,Musca domestica (House fly),153,23,130,,InterPro:IPR031424
A0A1I8MPU8,Uncharacterized protein LOC101888365 isoform X2,Musca domestica (House fly),148,23,125,,InterPro:IPR031424
A0A1I8MSS9,Uncharacterized protein LOC101896410,Musca domestica (House fly),173,3,139,,InterPro:IPR031424
A0A1I8MWN4,Uncharacterized protein,Musca domestica (House fly),165,36,134,,InterPro:IPR031424
A0A1I8N1F4,Uncharacterized protein LOC101895980,Musca domestica (House fly),154,27,126,,InterPro:IPR031424
A0A1I8N3Q3,Protein quiver,Musca domestica (House fly),155,23,126,,InterPro:IPR031424
A0A1I8N402,Uncharacterized protein LOC101895987 isoform X2,Musca domestica (House fly),136,2,96,,InterPro:IPR031424
A0A1I8ND66,Uncharacterized protein LOC101896982,Musca domestica (House fly),145,23,119,,InterPro:IPR031424
A0A1I8NDP3,Uncharacterized protein LOC101892114,Musca domestica (House fly),153,27,123,,InterPro:IPR031424
A0A1I8NIT1,Uncharacterized protein LOC105261462,Musca domestica (House fly),150,38,123,,InterPro:IPR031424
A0A1I8NJK4,Uncharacterized protein LOC105261936,Musca domestica (House fly),150,20,123,,InterPro:IPR031424
A0A1I8NLI8,UPAR/Ly6 domain-containing protein qvr,Stomoxys calcitrans (Stable fly),216,42,130,,InterPro:IPR031424
A0A1I8NLJ2,UPAR/Ly6 domain-containing protein qvr,Stomoxys calcitrans (Stable fly),213,39,127,,InterPro:IPR031424
A0A1I8P369,Uncharacterized protein,Stomoxys calcitrans (Stable fly),149,24,126,,InterPro:IPR031424
A0A1I8P3I6,Uncharacterized protein,Stomoxys calcitrans (Stable fly),157,30,128,,InterPro:IPR031424
A0A1I8P3J7,Uncharacterized protein,Stomoxys calcitrans (Stable fly),157,30,128,,InterPro:IPR031424
A0A1I8P5N0,Protein sleepless,Stomoxys calcitrans (Stable fly),166,31,137,,InterPro:IPR031424
A0A1I8P659,Protein sleepless,Stomoxys calcitrans (Stable fly),207,29,172,,InterPro:IPR031424
A0A1I8P6C0,Protein quiver,Stomoxys calcitrans (Stable fly),162,24,120,,InterPro:IPR031424
A0A1I8P9G4,Protein sleepless,Stomoxys calcitrans (Stable fly),147,21,114,,InterPro:IPR031424
A0A1I8PBF3,Uncharacterized protein,Stomoxys calcitrans (Stable fly),298,23,127,,InterPro:IPR031424
A0A1I8PBF3,Uncharacterized protein,Stomoxys calcitrans (Stable fly),298,174,275,,InterPro:IPR031424
A0A1I8PFI2,Uncharacterized protein,Stomoxys calcitrans (Stable fly),150,20,123,,InterPro:IPR031424
A0A1I8PH74,Uncharacterized protein,Stomoxys calcitrans (Stable fly),148,24,125,,InterPro:IPR031424
A0A1I8PHK9,Uncharacterized protein,Stomoxys calcitrans (Stable fly),152,26,129,,InterPro:IPR031424
A0A1I8PJM0,Uncharacterized protein,Stomoxys calcitrans (Stable fly),155,23,123,,InterPro:IPR031424
A0A1I8PJR3,Uncharacterized protein,Stomoxys calcitrans (Stable fly),147,22,119,,InterPro:IPR031424
A0A1I8PPE1,Uncharacterized protein,Stomoxys calcitrans (Stable fly),148,22,118,,InterPro:IPR031424
A0A1I8PYI1,Protein quiver,Stomoxys calcitrans (Stable fly),155,23,126,,InterPro:IPR031424
A0A1I8Q2C7,Uncharacterized protein,Stomoxys calcitrans (Stable fly),146,23,120,,InterPro:IPR031424
A0A1I8Q615,Uncharacterized protein,Stomoxys calcitrans (Stable fly),164,22,134,,InterPro:IPR031424
A0A1I8QBJ9,Protein sleepless,Stomoxys calcitrans (Stable fly),156,39,122,,InterPro:IPR031424
A0A1I8QEK6,Uncharacterized protein,Stomoxys calcitrans (Stable fly),148,21,120,,InterPro:IPR031424
A0A1J1HDY4,"CLUMA_CG000190, isoform A",Clunio marinus,249,25,109,,InterPro:IPR031424
A0A1J1HDY4,"CLUMA_CG000190, isoform A",Clunio marinus,249,120,223,,InterPro:IPR031424
A0A1J1HK20,"CLUMA_CG001538, isoform A",Clunio marinus,129,20,116,,InterPro:IPR031424
A0A1J1HT36,UPAR/Ly6 domain-containing protein qvr,Clunio marinus,155,36,124,,InterPro:IPR031424
A0A1J1HXH0,UPAR/Ly6 domain-containing protein qvr,Clunio marinus,157,38,126,,InterPro:IPR031424
A0A1J1I3H0,ADP-ribosyl cyclase/cyclic ADP-ribose hydrolase,Clunio marinus,2813,1367,1456,,InterPro:IPR031424
A0A1J1I499,"CLUMA_CG007222, isoform A",Clunio marinus,163,23,136,,InterPro:IPR031424
A0A1J1IDY5,"CLUMA_CG009861, isoform A",Clunio marinus,135,23,125,,InterPro:IPR031424
A0A1J1IGR7,"CLUMA_CG012612, isoform A",Clunio marinus,156,24,130,,InterPro:IPR031424
A0A1J1IHN0,Protein sleepless,Clunio marinus,158,20,130,,InterPro:IPR031424
A0A1J1IL94,"CLUMA_CG014398, isoform A",Clunio marinus,147,14,123,,InterPro:IPR031424
A0A1J1ILI9,"CLUMA_CG014265, isoform A",Clunio marinus,144,27,121,,InterPro:IPR031424
A0A1J1IRH0,"CLUMA_CG014219, isoform A",Clunio marinus,168,25,139,,InterPro:IPR031424
A0A1J1ISB0,Ferritin,Clunio marinus,290,162,259,,InterPro:IPR031424
A0A1J1IW21,"CLUMA_CG017020, isoform A",Clunio marinus,159,29,128,,InterPro:IPR031424
A0A1J1IWF0,"CLUMA_CG017614, isoform A",Clunio marinus,130,21,104,,InterPro:IPR031424
A0A1J1IXV4,"CLUMA_CG017619, isoform B",Clunio marinus,134,20,107,,InterPro:IPR031424
A0A1J1IYA5,"CLUMA_CG017613, isoform A",Clunio marinus,132,21,107,,InterPro:IPR031424
A0A1J1J0X7,Protein sleepless,Clunio marinus,135,21,108,,InterPro:IPR031424
A0A1L8D728,Putative 13.7 kDa midgut protein,Nyssomyia neivai,125,23,98,,InterPro:IPR031424
A0A1L8D7A5,Uncharacterized protein,Nyssomyia neivai,141,45,139,,InterPro:IPR031424
A0A1L8D7Y0,Uncharacterized protein,Nyssomyia neivai,110,6,85,,InterPro:IPR031424
A0A1L8D863,Uncharacterized protein,Nyssomyia neivai,110,6,85,,InterPro:IPR031424
A0A1L8D890,UPAR/Ly6 domain-containing protein qvr,Nyssomyia neivai,119,9,91,,InterPro:IPR031424
A0A1L8D8R4,Putative secreted protein,Nyssomyia neivai,184,64,158,,InterPro:IPR031424
A0A1L8D9A5,Uncharacterized protein,Nyssomyia neivai,171,54,149,,InterPro:IPR031424
A0A1L8D9I5,Putative conserved plasma membrane protein,Nyssomyia neivai,133,15,105,,InterPro:IPR031424
A0A1L8D9K6,Uncharacterized protein,Nyssomyia neivai,163,22,136,,InterPro:IPR031424
A0A1L8D9Q1,Putative secreted protein,Nyssomyia neivai,145,25,119,,InterPro:IPR031424
A0A1L8D9R4,Putative conserved plasma membrane protein,Nyssomyia neivai,174,54,148,,InterPro:IPR031424
A0A1L8D9T5,Putative conserved plasma membrane protein,Nyssomyia neivai,174,54,148,,InterPro:IPR031424
A0A1L8DA02,Putative membrane protein,Nyssomyia neivai,189,66,161,,InterPro:IPR031424
A0A1L8DA25,Putative conserved plasma membrane protein,Nyssomyia neivai,168,50,140,,InterPro:IPR031424
A0A1L8DA38,Protein sleepless,Nyssomyia neivai,139,21,111,,InterPro:IPR031424
A0A1L8DA63,Putative secreted protein,Nyssomyia neivai,145,25,119,,InterPro:IPR031424
A0A1L8DA64,Putative 11.9 kDa midgut protein,Nyssomyia neivai,140,21,111,,InterPro:IPR031424
A0A1L8DAE9,Putative 13.7 kDa midgut protein,Nyssomyia neivai,131,22,105,,InterPro:IPR031424
A0A1L8DB04,Putative 11.9 kDa midgut protein,Nyssomyia neivai,114,13,103,,InterPro:IPR031424
A0A1L8DB80,Protein sleepless,Nyssomyia neivai,134,16,109,,InterPro:IPR031424
A0A1L8DB99,UPAR/Ly6 domain-containing protein qvr,Nyssomyia neivai,131,15,103,,InterPro:IPR031424
A0A1L8DBJ3,Uncharacterized protein,Nyssomyia neivai,105,4,95,,InterPro:IPR031424
A0A1L8DCF4,Uncharacterized protein,Nyssomyia neivai,131,45,128,,InterPro:IPR031424
A0A1L8DCW8,Protein sleepless,Nyssomyia neivai,131,36,129,,InterPro:IPR031424
A0A1L8DCX9,Protein sleepless,Nyssomyia neivai,131,36,129,,InterPro:IPR031424
A0A1L8DNC4,Putative secreted protein,Nyssomyia neivai,129,18,113,,InterPro:IPR031424
A0A1L8DND9,Putative secreted protein,Nyssomyia neivai,130,19,114,,InterPro:IPR031424
A0A1L8DNE9,Putative secreted protein,Nyssomyia neivai,144,21,122,,InterPro:IPR031424
A0A1L8DNM3,Putative conserved secreted protein,Nyssomyia neivai,124,21,96,,InterPro:IPR031424
A0A1L8DNN8,Putative conserved secreted protein,Nyssomyia neivai,123,20,95,,InterPro:IPR031424
A0A1L8DNP0,Putative conserved secreted protein,Nyssomyia neivai,106,20,103,,InterPro:IPR031424
A0A1L8DNR0,Putative secreted protein,Nyssomyia neivai,125,23,98,,InterPro:IPR031424
A0A1L8DNS5,Putative conserved secreted protein,Nyssomyia neivai,124,21,96,,InterPro:IPR031424
A0A1L8DNU2,Putative conserved secreted protein,Nyssomyia neivai,148,26,125,,InterPro:IPR031424
A0A1L8DNU6,Putative conserved secreted protein,Nyssomyia neivai,139,26,129,,InterPro:IPR031424
A0A1L8DNU8,Putative conserved secreted protein,Nyssomyia neivai,139,22,117,,InterPro:IPR031424
A0A1L8DNY2,Putative conserved secreted protein,Nyssomyia neivai,150,27,122,,InterPro:IPR031424
A0A1L8DNY4,Putative conserved secreted protein,Nyssomyia neivai,154,26,129,,InterPro:IPR031424
A0A1L8DNZ7,Putative conserved secreted protein,Nyssomyia neivai,123,20,95,,InterPro:IPR031424
A0A1L8DNZ8,Putative conserved secreted protein,Nyssomyia neivai,153,22,129,,InterPro:IPR031424
A0A1L8DP43,Putative conserved secreted protein,Nyssomyia neivai,171,26,140,,InterPro:IPR031424
A0A1L8DP47,UPAR/Ly6 domain-containing protein qvr,Nyssomyia neivai,151,35,123,,InterPro:IPR031424
A0A1L8DP67,Putative conserved secreted protein,Nyssomyia neivai,154,30,126,,InterPro:IPR031424
A0A1L8DPI7,Putative conserved secreted protein,Nyssomyia neivai,268,26,108,,InterPro:IPR031424
A0A1L8DPT3,Putative conserved secreted protein,Nyssomyia neivai,313,187,270,,InterPro:IPR031424
A0A1L8DQZ1,Putative 18.9 kDa midgut protein,Nyssomyia neivai,151,24,104,,InterPro:IPR031424
A0A1L8DQZ5,UPAR/Ly6 domain-containing protein qvr,Nyssomyia neivai,137,27,109,,InterPro:IPR031424
A0A1L8DR15,Putative 18.9 kDa midgut protein,Nyssomyia neivai,291,165,248,,InterPro:IPR031424
A0A1L8DR15,Putative 18.9 kDa midgut protein,Nyssomyia neivai,291,26,108,,InterPro:IPR031424
A0A1L8DR51,Putative 18.9 kDa midgut protein,Nyssomyia neivai,161,23,100,,InterPro:IPR031424
A0A1L8DRB4,Putative 18.9 kDa midgut protein,Nyssomyia neivai,161,23,100,,InterPro:IPR031424
A0A1L8DXX8,Putative cytosolic 5'-nucleotidase 3,Nyssomyia neivai,131,9,108,,InterPro:IPR031424
A0A1L8E386,Putative cell wall protein dan4,Nyssomyia neivai,270,47,129,,InterPro:IPR031424
A0A1L8E768,Putative secreted protein,Haematobia irritans (Horn fly),139,15,116,,InterPro:IPR031424
A0A1L8ECB0,Uncharacterized protein,Haematobia irritans (Horn fly),145,23,119,,InterPro:IPR031424
A0A1L8EI36,Uncharacterized protein,Haematobia irritans (Horn fly),148,24,125,,InterPro:IPR031424
A0A1L8EI38,Uncharacterized protein,Haematobia irritans (Horn fly),148,24,125,,InterPro:IPR031424
A0A1L8EJ53,Uncharacterized protein,Haematobia irritans (Horn fly),150,23,127,,InterPro:IPR031424
A0A1L8EJ84,Uncharacterized protein,Haematobia irritans (Horn fly),150,23,127,,InterPro:IPR031424
A0A1L8EJD9,Uncharacterized protein,Haematobia irritans (Horn fly),148,24,125,,InterPro:IPR031424
A0A1Q3EV87,Putative conserved secreted protein,Culex tarsalis (Encephalitis mosquito),182,24,156,,InterPro:IPR031424
A0A1Q3EZY7,Putative conserved secreted protein,Culex tarsalis (Encephalitis mosquito),151,26,125,,InterPro:IPR031424
A0A1Q3F053,Putative conserved secreted protein,Culex tarsalis (Encephalitis mosquito),151,26,125,,InterPro:IPR031424
A0A1Q3F8D5,Putative conserved secreted protein,Culex tarsalis (Encephalitis mosquito),152,20,123,,InterPro:IPR031424
A0A1Q3FCC1,Putative conserved secreted protein,Culex tarsalis (Encephalitis mosquito),162,23,136,,InterPro:IPR031424
A0A1Q3FPR3,Putative conserved secreted protein,Culex tarsalis (Encephalitis mosquito),141,21,114,,InterPro:IPR031424
A0A1Q3FR88,Putative conserved secreted protein,Culex tarsalis (Encephalitis mosquito),142,25,119,,InterPro:IPR031424
A0A1Q3FVC9,UPAR/Ly6 domain-containing protein qvr,Culex tarsalis (Encephalitis mosquito),156,33,121,,InterPro:IPR031424
A0A1Q3FZB0,Putative conserved secreted protein,Culex tarsalis (Encephalitis mosquito),168,22,137,,InterPro:IPR031424
A0A1Q3FZI3,Putative conserved secreted protein,Culex tarsalis (Encephalitis mosquito),159,25,135,,InterPro:IPR031424
A0A1Q3FZJ7,Putative conserved secreted protein,Culex tarsalis (Encephalitis mosquito),159,25,135,,InterPro:IPR031424
A0A1S0TS51,Protein quiver,Loa loa (Eye worm),134,20,109,,InterPro:IPR031424
A0A1S0TZ91,UPAR/Ly6 domain-containing protein,Loa loa (Eye worm),197,11,135,,InterPro:IPR031424
A0A1S0U8N5,Protein quiver,Loa loa (Eye worm),155,22,131,,InterPro:IPR031424
A0A1S3CWT9,Uncharacterized protein LOC103506790 isoform X1,Diaphorina citri (Asian citrus psyllid),152,29,126,,InterPro:IPR031424
A0A1S3CXZ1,Uncharacterized protein LOC103507442,Diaphorina citri (Asian citrus psyllid),149,28,126,,InterPro:IPR031424
A0A1S3D283,Protein sleepless,Diaphorina citri (Asian citrus psyllid),137,25,116,,InterPro:IPR031424
A0A1S3D294,Uncharacterized protein LOC103509939 isoform X2,Diaphorina citri (Asian citrus psyllid),136,25,115,,InterPro:IPR031424
A0A1S3D977,Uncharacterized protein LOC103513974,Diaphorina citri (Asian citrus psyllid),160,35,131,,InterPro:IPR031424
A0A1S3DKU4,Uncharacterized protein LOC103520579,Diaphorina citri (Asian citrus psyllid),145,29,120,,InterPro:IPR031424
A0A1S3DL79,Uncharacterized protein LOC103520580,Diaphorina citri (Asian citrus psyllid),90,4,65,,InterPro:IPR031424
A0A1S3DLE2,Uncharacterized protein LOC103520583,Diaphorina citri (Asian citrus psyllid),114,24,114,,InterPro:IPR031424
A0A1S3GZW2,Protein quiver,Lingula anatina (Brachiopod),150,23,125,,InterPro:IPR031424
A0A1S3H4X1,Protein sleepless,Lingula anatina (Brachiopod),144,24,111,,InterPro:IPR031424
A0A1S3H5B0,Protein quiver,Lingula anatina (Brachiopod),187,44,162,,InterPro:IPR031424
A0A1S3H7F3,Protein quiver,Lingula anatina (Brachiopod),124,22,98,,InterPro:IPR031424
A0A1S3HG39,Protein quiver,Lingula anatina (Brachiopod),139,25,113,,InterPro:IPR031424
A0A1S3HG95,Chitin-binding type-2 domain-containing protein,Lingula anatina (Brachiopod),521,141,225,,InterPro:IPR031424
A0A1S3HKQ4,Protein sleepless,Lingula anatina (Brachiopod),134,23,106,,InterPro:IPR031424
A0A1S3HVD6,Protein sleepless,Lingula anatina (Brachiopod),150,27,116,,InterPro:IPR031424
A0A1S3HYS3,UPAR/Ly6 domain-containing protein qvr,Lingula anatina (Brachiopod),133,26,106,,InterPro:IPR031424
A0A1S3HZE6,Chitin-binding type-2 domain-containing protein,Lingula anatina (Brachiopod),464,79,166,,InterPro:IPR031424
A0A1S3I1R1,Protein quiver,Lingula anatina (Brachiopod),122,26,110,,InterPro:IPR031424
A0A1S3I9B8,UPAR/Ly6 domain-containing protein qvr,Lingula anatina (Brachiopod),135,20,108,,InterPro:IPR031424
A0A1S3IAK8,Protein quiver,Lingula anatina (Brachiopod),155,30,125,,InterPro:IPR031424
A0A1S3ID30,Protein sleepless,Lingula anatina (Brachiopod),128,22,101,,InterPro:IPR031424
A0A1S3IG91,Protein sleepless,Lingula anatina (Brachiopod),125,24,99,,InterPro:IPR031424
A0A1S3IGG4,Protein sleepless,Lingula anatina (Brachiopod),125,24,99,,InterPro:IPR031424
A0A1S3IH92,Protein sleepless,Lingula anatina (Brachiopod),152,29,126,,InterPro:IPR031424
A0A1S3IKB4,Protein quiver,Lingula anatina (Brachiopod),158,26,130,,InterPro:IPR031424
A0A1S3IKI9,Protein sleepless,Lingula anatina (Brachiopod),141,29,119,,InterPro:IPR031424
A0A1S3IKW6,Protein quiver-like,Lingula anatina (Brachiopod),131,8,104,,InterPro:IPR031424
A0A1S3IKX2,Protein quiver,Lingula anatina (Brachiopod),159,27,131,,InterPro:IPR031424
A0A1S3IL96,Chitin-binding type-2 domain-containing protein,Lingula anatina (Brachiopod),544,164,248,,InterPro:IPR031424
A0A1S3IRH6,Protein sleepless,Lingula anatina (Brachiopod),132,21,104,,InterPro:IPR031424
A0A1S3ITC0,Protein sleepless,Lingula anatina (Brachiopod),144,23,115,,InterPro:IPR031424
A0A1S3ITS0,Protein sleepless,Lingula anatina (Brachiopod),146,24,116,,InterPro:IPR031424
A0A1S3IUW6,UPAR/Ly6 domain-containing protein qvr,Lingula anatina (Brachiopod),142,20,116,,InterPro:IPR031424
A0A1S3IXC4,UPAR/Ly6 domain-containing protein qvr,Lingula anatina (Brachiopod),133,26,106,,InterPro:IPR031424
A0A1S3J7P5,Protein sleepless,Lingula anatina (Brachiopod),134,21,106,,InterPro:IPR031424
A0A1S3JCA4,Protein quiver,Lingula anatina (Brachiopod),160,28,132,,InterPro:IPR031424
A0A1S3JCB9,Protein quiver,Lingula anatina (Brachiopod),152,29,125,,InterPro:IPR031424
A0A1S3JFN5,Protein sleepless,Lingula anatina (Brachiopod),134,21,106,,InterPro:IPR031424
A0A1S3JP80,Protein sleepless,Lingula anatina (Brachiopod),125,24,99,,InterPro:IPR031424
A0A1S3JP86,Chitin-binding type-2 domain-containing protein,Lingula anatina (Brachiopod),424,43,130,,InterPro:IPR031424
A0A1S3JPC8,Protein sleepless,Lingula anatina (Brachiopod),168,24,139,,InterPro:IPR031424
A0A1S3JVX1,Protein quiver,Lingula anatina (Brachiopod),131,26,103,,InterPro:IPR031424
A0A1S3JW66,Uncharacterized protein LOC106176627,Lingula anatina (Brachiopod),132,21,107,,InterPro:IPR031424
A0A1S3JW76,Protein quiver,Lingula anatina (Brachiopod),133,21,108,,InterPro:IPR031424
A0A1S3JWW2,Uncharacterized protein LOC106176626,Lingula anatina (Brachiopod),135,21,110,,InterPro:IPR031424
A0A1S3JWX3,Protein quiver,Lingula anatina (Brachiopod),130,20,105,,InterPro:IPR031424
A0A1S3JWZ5,Uncharacterized protein LOC106176640,Lingula anatina (Brachiopod),131,20,106,,InterPro:IPR031424
A0A1S3JXJ1,UPAR/Ly6 domain-containing protein qvr,Lingula anatina (Brachiopod),124,8,94,,InterPro:IPR031424
A0A1S3JY90,Protein sleepless,Lingula anatina (Brachiopod),129,22,103,,InterPro:IPR031424
A0A1S3JYA4,UPAR/Ly6 domain-containing protein qvr,Lingula anatina (Brachiopod),137,21,107,,InterPro:IPR031424
A0A1S3JZ57,Protein sleepless,Lingula anatina (Brachiopod),165,26,137,,InterPro:IPR031424
A0A1S3K8Y4,UPAR/Ly6 domain-containing protein qvr,Lingula anatina (Brachiopod),193,30,119,,InterPro:IPR031424
A0A1S3K9N0,UPAR/Ly6 domain-containing protein qvr,Lingula anatina (Brachiopod),196,33,122,,InterPro:IPR031424
A0A1S3K9X6,Protein quiver,Lingula anatina (Brachiopod),131,26,102,,InterPro:IPR031424
A0A1S3KB27,Protein sleepless,Lingula anatina (Brachiopod),131,20,106,,InterPro:IPR031424
A0A1S3KBH3,Protein sleepless,Lingula anatina (Brachiopod),133,20,107,,InterPro:IPR031424
A0A1S3KBM5,Protein sleepless,Lingula anatina (Brachiopod),130,20,107,,InterPro:IPR031424
A0A1S3KC57,Protein sleepless,Lingula anatina (Brachiopod),138,20,112,,InterPro:IPR031424
A0A1S3KI38,Protein quiver,Lingula anatina (Brachiopod),131,22,105,,InterPro:IPR031424
A0A1S4E873,UPAR/Ly6 domain-containing protein qvr,Diaphorina citri (Asian citrus psyllid),159,46,134,,InterPro:IPR031424
A0A1S4E9G1,Uncharacterized protein LOC108252162,Diaphorina citri (Asian citrus psyllid),146,29,120,,InterPro:IPR031424
A0A1S4EYN5,Protein sleepless,Aedes aegypti (Yellowfever mosquito),145,21,114,,InterPro:IPR031424
A0A1S4F7Z3,Protein sleepless,Aedes aegypti (Yellowfever mosquito),151,20,123,,InterPro:IPR031424
A0A1S4FPR1,Protein sleepless,Aedes aegypti (Yellowfever mosquito),142,25,119,,InterPro:IPR031424
A0A1S4FPR5,Uncharacterized protein,Aedes aegypti (Yellowfever mosquito),147,25,123,,InterPro:IPR031424
A0A1S4FYC9,Uncharacterized protein,Aedes aegypti (Yellowfever mosquito),165,23,136,,InterPro:IPR031424
A0A1S4FYE1,UPAR/Ly6 domain-containing protein qvr,Aedes aegypti (Yellowfever mosquito),155,33,121,,InterPro:IPR031424
A0A1S4GEA5,Uncharacterized protein,Anopheles gambiae (African malaria mosquito),172,31,139,,InterPro:IPR031424
A0A1S4GFF9,Protein quiver,Anopheles gambiae (African malaria mosquito),210,54,164,,InterPro:IPR031424
A0A1S4GXB8,Uncharacterized protein,Anopheles gambiae (African malaria mosquito),143,26,120,,InterPro:IPR031424
A0A1S4GYT8,Uncharacterized protein,Anopheles gambiae (African malaria mosquito),159,26,135,,InterPro:IPR031424
A0A1S4GZK7,Protein quiver,Anopheles gambiae (African malaria mosquito),149,20,123,,InterPro:IPR031424
A0A1S4H7A6,Protein quiver,Anopheles gambiae (African malaria mosquito),166,25,138,,InterPro:IPR031424
A0A1S4HDK6,Uncharacterized protein,Anopheles gambiae (African malaria mosquito),140,14,116,,InterPro:IPR031424
A0A1S4HE94,UPAR/Ly6 domain-containing protein qvr,Anopheles gambiae (African malaria mosquito),156,32,120,,InterPro:IPR031424
A0A1S6GLF2,T-complex protein 1 subunit eta,Pseudodiaptomus poplesia,139,24,116,,InterPro:IPR031424
A0A1S8WRH0,Protein quiver,Opisthorchis viverrini,103,27,86,,InterPro:IPR031424
A0A1S8WUS0,Protein quiver,Opisthorchis viverrini,146,29,117,,InterPro:IPR031424
A0A1S8X3D1,Protein quiver,Opisthorchis viverrini,160,37,136,,InterPro:IPR031424
A0A1S8X7E3,UPAR/Ly6 domain-containing protein qvr,Opisthorchis viverrini,122,20,106,,InterPro:IPR031424
A0A1V9X1L8,UPAR/Ly6 domain-containing protein qvr,Tropilaelaps mercedesae,472,48,147,,InterPro:IPR031424
A0A1V9XA00,Uncharacterized protein,Tropilaelaps mercedesae,139,28,113,,InterPro:IPR031424
A0A1V9XC70,Uncharacterized protein,Tropilaelaps mercedesae,145,23,117,,InterPro:IPR031424
A0A1V9XKA3,Uncharacterized protein,Tropilaelaps mercedesae,504,381,478,,InterPro:IPR031424
A0A1V9XLB7,Protein sleepless,Tropilaelaps mercedesae,187,36,145,,InterPro:IPR031424
A0A1V9XR32,Uncharacterized protein,Tropilaelaps mercedesae,63,12,61,,InterPro:IPR031424
A0A1V9XTK4,Uncharacterized protein,Tropilaelaps mercedesae,180,49,146,,InterPro:IPR031424
A0A1V9Y244,Uncharacterized protein,Tropilaelaps mercedesae,121,6,97,,InterPro:IPR031424
A0A1V9Y3G4,Uncharacterized protein,Tropilaelaps mercedesae,59,17,56,,InterPro:IPR031424
A0A1W0W9J3,Protein quiver,Hypsibius exemplaris (Freshwater tardigrade),98,3,69,,InterPro:IPR031424
A0A1W0W9L5,Protein sleepless,Hypsibius exemplaris (Freshwater tardigrade),132,22,103,,InterPro:IPR031424
A0A1W0W9W8,Protein sleepless,Hypsibius exemplaris (Freshwater tardigrade),264,154,235,,InterPro:IPR031424
A0A1W0W9W8,Protein sleepless,Hypsibius exemplaris (Freshwater tardigrade),264,27,107,,InterPro:IPR031424
A0A1W0WA90,Protein sleepless,Hypsibius exemplaris (Freshwater tardigrade),160,24,134,,InterPro:IPR031424
A0A1W0WCG3,Protein sleepless,Hypsibius exemplaris (Freshwater tardigrade),179,26,151,,InterPro:IPR031424
A0A1W0WDQ5,Protein sleepless,Hypsibius exemplaris (Freshwater tardigrade),150,33,112,,InterPro:IPR031424
A0A1W0WEC1,Protein quiver,Hypsibius exemplaris (Freshwater tardigrade),174,27,109,,InterPro:IPR031424
A0A1W0WFV8,Protein quiver,Hypsibius exemplaris (Freshwater tardigrade),149,22,108,,InterPro:IPR031424
A0A1W0WGB5,UPAR/Ly6 domain-containing protein,Hypsibius exemplaris (Freshwater tardigrade),250,24,106,,InterPro:IPR031424
A0A1W0WGD9,UPAR/Ly6 domain-containing protein,Hypsibius exemplaris (Freshwater tardigrade),125,21,102,,InterPro:IPR031424
A0A1W0WGF4,Protein quiver,Hypsibius exemplaris (Freshwater tardigrade),152,46,127,,InterPro:IPR031424
A0A1W0WGG9,UPAR/Ly6 domain-containing protein,Hypsibius exemplaris (Freshwater tardigrade),132,31,114,,InterPro:IPR031424
A0A1W0WHK4,Protein quiver,Hypsibius exemplaris (Freshwater tardigrade),131,21,107,,InterPro:IPR031424
A0A1W0WLN0,UPAR/Ly6 domain-containing protein,Hypsibius exemplaris (Freshwater tardigrade),125,22,102,,InterPro:IPR031424
A0A1W0WM04,Protein sleepless,Hypsibius exemplaris (Freshwater tardigrade),144,34,114,,InterPro:IPR031424
A0A1W0WM11,Protein sleepless,Hypsibius exemplaris (Freshwater tardigrade),125,23,102,,InterPro:IPR031424
A0A1W0WM16,Protein sleepless,Hypsibius exemplaris (Freshwater tardigrade),142,29,113,,InterPro:IPR031424
A0A1W0WM17,Protein quiver,Hypsibius exemplaris (Freshwater tardigrade),139,27,110,,InterPro:IPR031424
A0A1W0WNW9,Protein sleepless,Hypsibius exemplaris (Freshwater tardigrade),189,26,116,,InterPro:IPR031424
A0A1W0WRI5,Protein sleepless,Hypsibius exemplaris (Freshwater tardigrade),144,26,117,,InterPro:IPR031424
A0A1W0WUM8,Protein sleepless,Hypsibius exemplaris (Freshwater tardigrade),129,25,101,,InterPro:IPR031424
A0A1W0X252,Protein sleepless,Hypsibius exemplaris (Freshwater tardigrade),157,32,131,,InterPro:IPR031424
A0A1W0X3H7,UPAR/Ly6 domain-containing protein qvr,Hypsibius exemplaris (Freshwater tardigrade),146,24,110,,InterPro:IPR031424
A0A1W0X3M7,Protein quiver,Hypsibius exemplaris (Freshwater tardigrade),265,143,233,,InterPro:IPR031424
A0A1W0X5V8,Protein sleepless,Hypsibius exemplaris (Freshwater tardigrade),135,24,107,,InterPro:IPR031424
A0A1W0X6S4,Protein quiver,Hypsibius exemplaris (Freshwater tardigrade),168,34,134,,InterPro:IPR031424
A0A1W0X7H9,Protein quiver,Hypsibius exemplaris (Freshwater tardigrade),320,11,92,,InterPro:IPR031424
A0A1W0X7V4,Protein sleepless,Hypsibius exemplaris (Freshwater tardigrade),138,26,113,,InterPro:IPR031424
A0A1W0XER3,Protein sleepless,Hypsibius exemplaris (Freshwater tardigrade),208,32,164,,InterPro:IPR031424
A0A1W4WK12,Uncharacterized protein LOC108736359,Agrilus planipennis (Emerald ash borer),156,27,130,,InterPro:IPR031424
A0A1W4WLC3,Uncharacterized protein LOC108736682,Agrilus planipennis (Emerald ash borer),142,24,120,,InterPro:IPR031424
A0A1W4WLE4,Uncharacterized protein LOC108736688 isoform X2,Agrilus planipennis (Emerald ash borer),123,8,97,,InterPro:IPR031424
A0A1W4WPE1,Uncharacterized protein LOC108735038,Agrilus planipennis (Emerald ash borer),168,24,142,,InterPro:IPR031424
A0A1W4WVT6,Uncharacterized protein LOC108738868,Agrilus planipennis (Emerald ash borer),148,21,126,,InterPro:IPR031424
A0A1W4WXD6,Uncharacterized protein LOC108736688 isoform X1,Agrilus planipennis (Emerald ash borer),139,24,113,,InterPro:IPR031424
A0A1W4X4S8,Uncharacterized protein LOC108741014,Agrilus planipennis (Emerald ash borer),155,21,132,,InterPro:IPR031424
A0A1W4X9Y9,UPAR/Ly6 domain-containing protein qvr,Agrilus planipennis (Emerald ash borer),137,29,117,,InterPro:IPR031424
A0A1W4XA71,UPAR/Ly6 domain-containing protein qvr,Agrilus planipennis (Emerald ash borer),152,44,132,,InterPro:IPR031424
A0A1W4XA76,UPAR/Ly6 domain-containing protein qvr,Agrilus planipennis (Emerald ash borer),122,14,102,,InterPro:IPR031424
A0A1W4XEL2,Uncharacterized protein LOC108743500,Agrilus planipennis (Emerald ash borer),149,24,122,,InterPro:IPR031424
A0A1W4XEN6,Protein quiver,Agrilus planipennis (Emerald ash borer),151,27,122,,InterPro:IPR031424
A0A1W4XHJ0,Uncharacterized protein LOC108741566,Agrilus planipennis (Emerald ash borer),154,32,126,,InterPro:IPR031424
A0A1W4XJH2,UPAR/Ly6 domain-containing protein qvr,Agrilus planipennis (Emerald ash borer),136,28,116,,InterPro:IPR031424
A0A1W4XKE5,UPAR/Ly6 domain-containing protein qvr,Agrilus planipennis (Emerald ash borer),135,27,115,,InterPro:IPR031424
A0A1W4XKM6,UPAR/Ly6 domain-containing protein qvr,Agrilus planipennis (Emerald ash borer),138,30,118,,InterPro:IPR031424
A0A1W4XP76,Uncharacterized protein LOC108743501,Agrilus planipennis (Emerald ash borer),163,25,138,,InterPro:IPR031424
A0A1W7R5V1,Putative retrotransposon-like 1,Aedes albopictus (Asian tiger mosquito),132,15,109,,InterPro:IPR031424
A0A1W7R7C2,Putative conserved secreted protein,Aedes albopictus (Asian tiger mosquito),160,24,139,,InterPro:IPR031424
A0A1W7R7F3,Putative conserved secreted protein,Aedes albopictus (Asian tiger mosquito),149,25,123,,InterPro:IPR031424
A0A1Y0F444,Ly6/neurotoxin 10,Locusta migratoria manilensis (Oriental migratory locust),149,32,123,,InterPro:IPR031424
A0A1Y0F446,Ly6/neurotoxin 6,Locusta migratoria manilensis (Oriental migratory locust),143,25,119,,InterPro:IPR031424
A0A1Y0F452,Ly6/neurotoxin 11,Locusta migratoria manilensis (Oriental migratory locust),146,29,120,,InterPro:IPR031424
A0A1Y0F462,Ly6/neurotoxin 8,Locusta migratoria manilensis (Oriental migratory locust),149,27,123,,InterPro:IPR031424
A0A1Y0F467,Ly6/neurotoxin 5,Locusta migratoria manilensis (Oriental migratory locust),155,24,123,,InterPro:IPR031424
A0A1Y0F494,Ly6/neurotoxin 9,Locusta migratoria manilensis (Oriental migratory locust),163,43,138,,InterPro:IPR031424
A0A1Y0F4C3,Ly6/neurotoxin 4,Locusta migratoria manilensis (Oriental migratory locust),154,23,120,,InterPro:IPR031424
A0A1Y1JY95,Uncharacterized protein,Photinus pyralis (Common eastern firefly),137,24,114,,InterPro:IPR031424
A0A1Y1K3I9,Uncharacterized protein,Photinus pyralis (Common eastern firefly),143,21,117,,InterPro:IPR031424
A0A1Y1KB59,Uncharacterized protein,Photinus pyralis (Common eastern firefly),158,23,135,,InterPro:IPR031424
A0A1Y1KCB0,Protein sleepless,Photinus pyralis (Common eastern firefly),120,24,96,,InterPro:IPR031424
A0A1Y1KCY9,Uncharacterized protein,Photinus pyralis (Common eastern firefly),140,24,115,,InterPro:IPR031424
A0A1Y1KGF1,Protein sleepless,Photinus pyralis (Common eastern firefly),123,23,101,,InterPro:IPR031424
A0A1Y1KWV0,Uncharacterized protein,Photinus pyralis (Common eastern firefly),145,30,122,,InterPro:IPR031424
A0A1Y1KX05,Protein sleepless,Photinus pyralis (Common eastern firefly),114,20,110,,InterPro:IPR031424
A0A1Y1KZ47,Uncharacterized protein,Photinus pyralis (Common eastern firefly),130,28,106,,InterPro:IPR031424
A0A1Y1LAB3,Uncharacterized protein,Photinus pyralis (Common eastern firefly),137,22,121,,InterPro:IPR031424
A0A1Y1LGN0,Uncharacterized protein,Photinus pyralis (Common eastern firefly),134,35,107,,InterPro:IPR031424
A0A1Y1LKZ2,Uncharacterized protein,Photinus pyralis (Common eastern firefly),129,25,120,,InterPro:IPR031424
A0A1Y1LKZ3,Uncharacterized protein,Photinus pyralis (Common eastern firefly),142,38,138,,InterPro:IPR031424
A0A1Y1LLS9,Protein sleepless,Photinus pyralis (Common eastern firefly),165,26,139,,InterPro:IPR031424
A0A1Y1LMJ2,Protein sleepless,Photinus pyralis (Common eastern firefly),124,24,101,,InterPro:IPR031424
A0A1Y1LRF7,Uncharacterized protein,Photinus pyralis (Common eastern firefly),130,26,105,,InterPro:IPR031424
A0A1Y1LY69,Uncharacterized protein,Photinus pyralis (Common eastern firefly),152,23,126,,InterPro:IPR031424
A0A1Y1LZ19,Protein quiver,Photinus pyralis (Common eastern firefly),112,19,107,,InterPro:IPR031424
A0A1Y1M7B5,Uncharacterized protein,Photinus pyralis (Common eastern firefly),117,33,116,,InterPro:IPR031424
A0A1Y1M9V4,Uncharacterized protein,Photinus pyralis (Common eastern firefly),132,20,102,,InterPro:IPR031424
A0A1Y1M9X8,Uncharacterized protein,Photinus pyralis (Common eastern firefly),132,22,111,,InterPro:IPR031424
A0A1Y1ME34,Uncharacterized protein,Photinus pyralis (Common eastern firefly),122,31,117,,InterPro:IPR031424
A0A1Y1MHY2,Uncharacterized protein,Photinus pyralis (Common eastern firefly),132,24,120,,InterPro:IPR031424
A0A1Y1MJX9,Uncharacterized protein,Photinus pyralis (Common eastern firefly),118,24,96,,InterPro:IPR031424
A0A1Y1MMU4,Uncharacterized protein,Photinus pyralis (Common eastern firefly),118,24,96,,InterPro:IPR031424
A0A1Y1MNI0,Uncharacterized protein,Photinus pyralis (Common eastern firefly),130,34,125,,InterPro:IPR031424
A0A1Y1MSD6,Uncharacterized protein,Photinus pyralis (Common eastern firefly),137,20,111,,InterPro:IPR031424
A0A1Y1MY23,UPAR/Ly6 domain-containing protein qvr,Photinus pyralis (Common eastern firefly),188,28,163,,InterPro:IPR031424
A0A1Y1MZS1,Uncharacterized protein,Photinus pyralis (Common eastern firefly),141,21,119,,InterPro:IPR031424
A0A1Y1N7F6,Protein sleepless,Photinus pyralis (Common eastern firefly),125,17,101,,InterPro:IPR031424
A0A1Y1N7J6,Uncharacterized protein,Photinus pyralis (Common eastern firefly),147,25,117,,InterPro:IPR031424
A0A1Y1N7M9,Uncharacterized protein,Photinus pyralis (Common eastern firefly),147,25,118,,InterPro:IPR031424
A0A1Y1N8E7,Uncharacterized protein,Photinus pyralis (Common eastern firefly),123,20,115,,InterPro:IPR031424
A0A1Y1NAV6,Uncharacterized protein,Photinus pyralis (Common eastern firefly),164,27,142,,InterPro:IPR031424
A0A1Y1NDM1,Uncharacterized protein,Photinus pyralis (Common eastern firefly),166,55,158,,InterPro:IPR031424
A0A1Y1NPU0,Uncharacterized protein,Photinus pyralis (Common eastern firefly),152,32,127,,InterPro:IPR031424
A0A1Y3AVL1,Phenazine biosynthesis-like protein domain-containing protein-like,Euroglyphus maynei (Mayne's house dust mite),451,59,156,,InterPro:IPR031424
A0A1Y3AYX1,Uncharacterized protein,Euroglyphus maynei (Mayne's house dust mite),119,8,70,,InterPro:IPR031424
A0A1Y3B157,Uncharacterized protein,Euroglyphus maynei (Mayne's house dust mite),172,22,140,,InterPro:IPR031424
A0A1Y3B4D8,UAF complex subunit Rrn10-like protein,Euroglyphus maynei (Mayne's house dust mite),139,3,115,,InterPro:IPR031424
A0A1Y3B789,Protein sleepless,Euroglyphus maynei (Mayne's house dust mite),165,27,136,,InterPro:IPR031424
A0A1Y3B984,Uncharacterized protein,Euroglyphus maynei (Mayne's house dust mite),152,29,122,,InterPro:IPR031424
A0A1Y3E449,Protein quiver,Trichinella nativa,150,12,123,,InterPro:IPR031424
A0A1Y3EBS7,Protein quiver,Trichinella nativa,166,47,143,,InterPro:IPR031424
A0A1Y3EV08,Protein quiver,Trichinella nativa,162,30,139,,InterPro:IPR031424
A0A1Y9IVK8,Uncharacterized protein,Anopheles minimus,156,27,126,,InterPro:IPR031424
A0A1Y9IWC7,Uncharacterized protein,Anopheles minimus,159,26,135,,InterPro:IPR031424
A0A1Z5KW11,Uncharacterized protein,Ornithodoros moubata (Soft tick),146,26,116,,InterPro:IPR031424
A0A1Z5KX26,Secreted protein,Ornithodoros moubata (Soft tick),162,23,120,,InterPro:IPR031424
A0A1Z5LDF1,Protein sleepless,Ornithodoros moubata (Soft tick),188,68,158,,InterPro:IPR031424
A0A210PPN7,Protein sleepless,Mizuhopecten yessoensis (Japanese scallop),170,28,139,,InterPro:IPR031424
A0A210PUB3,UPAR/Ly6 domain-containing protein qvr,Mizuhopecten yessoensis (Japanese scallop),214,24,119,,InterPro:IPR031424
A0A210PUH1,Protein sleepless,Mizuhopecten yessoensis (Japanese scallop),144,24,116,,InterPro:IPR031424
A0A210Q5L8,Protein quiver,Mizuhopecten yessoensis (Japanese scallop),139,24,109,,InterPro:IPR031424
A0A210QBE7,UPAR/Ly6 domain-containing protein qvr,Mizuhopecten yessoensis (Japanese scallop),156,41,128,,InterPro:IPR031424
A0A210QDU1,Protein quiver,Mizuhopecten yessoensis (Japanese scallop),152,22,125,,InterPro:IPR031424
A0A210QIR2,UPAR/Ly6 domain-containing protein qvr,Mizuhopecten yessoensis (Japanese scallop),153,38,125,,InterPro:IPR031424
A0A210QM22,Protein sleepless,Mizuhopecten yessoensis (Japanese scallop),147,23,120,,InterPro:IPR031424
A0A210QR19,Protein quiver,Mizuhopecten yessoensis (Japanese scallop),123,22,99,,InterPro:IPR031424
A0A210QSC3,Protein sleepless,Mizuhopecten yessoensis (Japanese scallop),151,26,123,,InterPro:IPR031424
A0A210R6C2,Protein sleepless,Mizuhopecten yessoensis (Japanese scallop),161,40,136,,InterPro:IPR031424
A0A212EI56,Uncharacterized protein,Danaus plexippus plexippus,146,22,124,,InterPro:IPR031424
A0A212EI76,Uncharacterized protein,Danaus plexippus plexippus,132,22,111,,InterPro:IPR031424
A0A212EVR2,Uncharacterized protein,Danaus plexippus plexippus,148,20,122,,InterPro:IPR031424
A0A212F7X5,Uncharacterized protein,Danaus plexippus plexippus,148,23,126,,InterPro:IPR031424
A0A212FFF9,Uncharacterized protein,Danaus plexippus plexippus,157,20,133,,InterPro:IPR031424
A0A212FFG2,Uncharacterized protein,Danaus plexippus plexippus,81,13,55,,InterPro:IPR031424
A0A212FJS3,Uncharacterized protein,Danaus plexippus plexippus,82,3,57,,InterPro:IPR031424
A0A224XN13,Putative ly-6/neurotoxin superfamily member 1,Panstrongylus lignarius,151,27,124,,InterPro:IPR031424
A0A224XNC3,Putative e3 ubiquitin-protein ligase ari4,Panstrongylus lignarius,144,30,121,,InterPro:IPR031424
A0A224XNG4,Putative conserved secreted protein,Panstrongylus lignarius,141,25,119,,InterPro:IPR031424
A0A224XPJ4,Putative conserved plasma membrane protein,Panstrongylus lignarius,120,2,99,,InterPro:IPR031424
A0A224XUK9,Putative conserved secreted protein,Panstrongylus lignarius,176,22,151,,InterPro:IPR031424
A0A224XZC1,Putative conserved plasma membrane protein,Panstrongylus lignarius,145,22,121,,InterPro:IPR031424
A0A224Y8A6,Uncharacterized protein,Rhipicephalus zambeziensis,142,27,115,,InterPro:IPR031424
A0A224Y8F5,Uncharacterized protein,Rhipicephalus zambeziensis,144,29,121,,InterPro:IPR031424
A0A224YA82,Uncharacterized protein,Rhipicephalus zambeziensis,158,26,129,,InterPro:IPR031424
A0A224YB57,Kunitz-like,Rhipicephalus zambeziensis,156,22,132,,InterPro:IPR031424
A0A224YDK9,Uncharacterized protein,Rhipicephalus zambeziensis,320,193,292,,InterPro:IPR031424
A0A224YH30,Uncharacterized protein,Rhipicephalus zambeziensis,140,25,113,,InterPro:IPR031424
A0A224YJH2,Uncharacterized protein,Rhipicephalus zambeziensis,161,22,131,,InterPro:IPR031424
A0A226CXF1,Uncharacterized protein,Folsomia candida (Springtail),153,26,123,,InterPro:IPR031424
A0A226CXW4,Uncharacterized protein,Folsomia candida (Springtail),355,209,319,,InterPro:IPR031424
A0A226CYR9,Uncharacterized protein,Folsomia candida (Springtail),144,30,115,,InterPro:IPR031424
A0A226D9A1,Protein sleepless,Folsomia candida (Springtail),171,22,146,,InterPro:IPR031424
A0A226DFU2,CRISPR-associated endoribonuclease Cas6,Folsomia candida (Springtail),173,25,146,,InterPro:IPR031424
A0A226DHQ9,Uncharacterized protein,Folsomia candida (Springtail),315,28,126,,InterPro:IPR031424
A0A226DN89,Uncharacterized protein,Folsomia candida (Springtail),147,7,121,,InterPro:IPR031424
A0A226DSS2,Uncharacterized protein,Folsomia candida (Springtail),156,23,131,,InterPro:IPR031424
A0A226DZ36,Uncharacterized protein,Folsomia candida (Springtail),182,17,157,,InterPro:IPR031424
A0A226DZC9,Uncharacterized protein,Folsomia candida (Springtail),185,23,156,,InterPro:IPR031424
A0A226E6J0,Uncharacterized protein,Folsomia candida (Springtail),149,26,123,,InterPro:IPR031424
A0A226E8M1,RNA-binding protein 27,Folsomia candida (Springtail),181,26,153,,InterPro:IPR031424
A0A226EFD7,UPAR/Ly6 domain-containing protein qvr,Folsomia candida (Springtail),212,70,157,,InterPro:IPR031424
A0A226EN47,Uncharacterized protein,Folsomia candida (Springtail),140,25,113,,InterPro:IPR031424
A0A226EQE1,Uncharacterized protein,Folsomia candida (Springtail),167,20,140,,InterPro:IPR031424
A0A226EQL2,Uncharacterized protein,Folsomia candida (Springtail),557,30,144,,InterPro:IPR031424
A0A226EVU9,Uncharacterized protein,Folsomia candida (Springtail),181,54,155,,InterPro:IPR031424
A0A226EYN6,UPAR/Ly6 domain-containing protein qvr,Folsomia candida (Springtail),164,49,136,,InterPro:IPR031424
A0A226F0Y8,Protein sleepless,Folsomia candida (Springtail),220,73,183,,InterPro:IPR031424
A0A232EXB9,UPAR/Ly6 domain-containing protein qvr,Trichomalopsis sarcophagae,137,13,100,,InterPro:IPR031424
A0A232EXJ3,Uncharacterized protein,Trichomalopsis sarcophagae,470,349,445,,InterPro:IPR031424
A0A232EYU4,Uncharacterized protein,Trichomalopsis sarcophagae,155,22,133,,InterPro:IPR031424
A0A232F5X1,Uncharacterized protein,Trichomalopsis sarcophagae,165,26,142,,InterPro:IPR031424
A0A232FAM1,Uncharacterized protein,Trichomalopsis sarcophagae,162,47,135,,InterPro:IPR031424
A0A232FCC3,Uncharacterized protein,Trichomalopsis sarcophagae,154,27,126,,InterPro:IPR031424
A0A232FD91,Uncharacterized protein,Trichomalopsis sarcophagae,152,27,123,,InterPro:IPR031424
A0A232FD98,Uncharacterized protein,Trichomalopsis sarcophagae,154,28,131,,InterPro:IPR031424
A0A232FG58,AAA+ ATPase domain-containing protein,Trichomalopsis sarcophagae,527,25,147,,InterPro:IPR031424
A0A232FN22,Uncharacterized protein,Trichomalopsis sarcophagae,137,7,102,,InterPro:IPR031424
A0A238BHY5,UPAR/Ly6 domain-containing protein,Onchocerca flexuosa,193,9,133,,InterPro:IPR031424
A0A238C2S8,Protein quiver,Onchocerca flexuosa,187,24,161,,InterPro:IPR031424
A0A238C3I5,Protein sleepless,Onchocerca flexuosa,149,23,113,,InterPro:IPR031424
A0A260ZCV6,Protein quiver,Caenorhabditis remanei,464,98,218,,InterPro:IPR031424
A0A260ZW93,UPAR/Ly6 domain-containing protein,Caenorhabditis remanei,127,18,100,,InterPro:IPR031424
A0A261AL95,Protein sleepless,Caenorhabditis remanei,127,17,105,,InterPro:IPR031424
A0A261BA22,UPAR/Ly6 domain-containing protein qvr,Caenorhabditis remanei,155,22,135,,InterPro:IPR031424
A0A261BAT0,Protein sleepless,Caenorhabditis remanei,144,30,119,,InterPro:IPR031424
A0A261BG01,Protein sleepless,Caenorhabditis latens,360,96,216,,InterPro:IPR031424
A0A261CCH3,UPAR/Ly6 domain-containing protein,Caenorhabditis latens,127,18,100,,InterPro:IPR031424
A0A261CCS7,Protein sleepless,Caenorhabditis latens,161,23,142,,InterPro:IPR031424
A0A261CPY9,UPAR/Ly6 domain-containing protein qvr,Caenorhabditis latens,155,22,135,,InterPro:IPR031424
A0A261CR01,Protein sleepless,Caenorhabditis latens,137,20,109,,InterPro:IPR031424
A0A261CSF5,Protein sleepless,Caenorhabditis latens,144,30,119,,InterPro:IPR031424
A0A267DG14,Protein sleepless,Macrostomum lignano,146,25,113,,InterPro:IPR031424
A0A267DLL8,Protein quiver,Macrostomum lignano,160,50,135,,InterPro:IPR031424
A0A267DPU7,Protein sleepless,Macrostomum lignano,148,27,115,,InterPro:IPR031424
A0A267DV90,Protein sleepless,Macrostomum lignano,178,28,128,,InterPro:IPR031424
A0A267DYT4,Protein quiver,Macrostomum lignano,149,23,122,,InterPro:IPR031424
A0A267DZZ8,Protein sleepless,Macrostomum lignano,148,27,115,,InterPro:IPR031424
A0A267E9Z9,Protein sleepless,Macrostomum lignano,167,43,135,,InterPro:IPR031424
A0A267EA79,Protein sleepless,Macrostomum lignano,167,43,135,,InterPro:IPR031424
A0A267ELN0,Protein sleepless,Macrostomum lignano,147,26,114,,InterPro:IPR031424
A0A267F5A0,Protein sleepless,Macrostomum lignano,155,28,128,,InterPro:IPR031424
A0A267FEH1,Protein sleepless,Macrostomum lignano,167,43,135,,InterPro:IPR031424
A0A267FHP3,Protein quiver,Macrostomum lignano,149,23,122,,InterPro:IPR031424
A0A267FNR4,Protein sleepless,Macrostomum lignano,164,36,129,,InterPro:IPR031424
A0A267FPP0,UPAR/Ly6 domain-containing protein qvr,Macrostomum lignano,158,43,129,,InterPro:IPR031424
A0A267FR28,UPAR/Ly6 domain-containing protein qvr,Macrostomum lignano,158,43,129,,InterPro:IPR031424
A0A267G9E9,Protein quiver,Macrostomum lignano,164,36,129,,InterPro:IPR031424
A0A267GLL7,UPAR/Ly6 domain-containing protein qvr,Macrostomum lignano,146,25,120,,InterPro:IPR031424
A0A267GN20,UPAR/Ly6 domain-containing protein qvr,Macrostomum lignano,146,25,120,,InterPro:IPR031424
A0A267GQ95,Protein quiver,Macrostomum lignano,146,24,117,,InterPro:IPR031424
A0A267GQ99,Protein sleepless,Macrostomum lignano,155,28,128,,InterPro:IPR031424
A0A267GS51,Protein quiver,Macrostomum lignano,149,27,120,,InterPro:IPR031424
A0A267GX94,UPAR/Ly6 domain-containing protein qvr,Macrostomum lignano,166,45,140,,InterPro:IPR031424
A0A267GYN0,Protein sleepless,Macrostomum lignano,163,44,132,,InterPro:IPR031424
A0A286P0W6,"Pc134, similar to salivary protein MYS2",Panstrongylus chinai,175,22,150,,InterPro:IPR031424
A0A293LBK4,Uncharacterized protein,Ornithodoros erraticus (European soft tick),153,30,124,,InterPro:IPR031424
A0A293LGP7,Uncharacterized protein,Ornithodoros erraticus (European soft tick),143,26,116,,InterPro:IPR031424
A0A293LL32,Uncharacterized protein,Ornithodoros erraticus (European soft tick),127,25,116,,InterPro:IPR031424
A0A293M4N5,Uncharacterized protein,Ornithodoros erraticus (European soft tick),89,5,60,,InterPro:IPR031424
A0A293MWI1,Uncharacterized protein,Ornithodoros erraticus (European soft tick),161,22,132,,InterPro:IPR031424
A0A293N2A1,Uncharacterized protein,Ornithodoros erraticus (European soft tick),140,23,115,,InterPro:IPR031424
A0A293N326,Uncharacterized protein,Ornithodoros erraticus (European soft tick),142,23,115,,InterPro:IPR031424
A0A293N5C6,Uncharacterized protein,Ornithodoros erraticus (European soft tick),138,25,116,,InterPro:IPR031424
A0A2A2KJF5,Protein sleepless,Diploscapter pachys,142,24,110,,InterPro:IPR031424
A0A2A2KPB8,Protein sleepless,Diploscapter pachys,170,31,143,,InterPro:IPR031424
A0A2A2KQR4,Protein sleepless,Diploscapter pachys,166,19,127,,InterPro:IPR031424
A0A2A2LI01,Protein quiver,Diploscapter pachys,130,12,100,,InterPro:IPR031424
A0A2A2LM19,Protein sleepless,Diploscapter pachys,137,25,114,,InterPro:IPR031424
A0A2A2LXF3,Protein sleepless,Diploscapter pachys,205,57,177,,InterPro:IPR031424
A0A2A2LYW8,Protein sleepless,Diploscapter pachys,228,80,200,,InterPro:IPR031424
A0A2A3E4A2,Uncharacterized protein,Apis cerana cerana (Oriental honeybee),141,22,133,,InterPro:IPR031424
A0A2A3E573,Uncharacterized protein,Apis cerana cerana (Oriental honeybee),375,247,344,,InterPro:IPR031424
A0A2A3E5B6,Uncharacterized protein,Apis cerana cerana (Oriental honeybee),166,27,122,,InterPro:IPR031424
A0A2A3E5P6,Protein quiver,Apis cerana cerana (Oriental honeybee),139,11,114,,InterPro:IPR031424
A0A2A3E728,Uncharacterized protein,Apis cerana cerana (Oriental honeybee),146,23,117,,InterPro:IPR031424
A0A2A3EF42,Protein quiver,Apis cerana cerana (Oriental honeybee),152,26,125,,InterPro:IPR031424
A0A2A3ENF9,UPAR/Ly6 domain-containing protein qvr,Apis cerana cerana (Oriental honeybee),158,28,116,,InterPro:IPR031424
A0A2A3ERS0,Ig-like domain-containing protein,Apis cerana cerana (Oriental honeybee),591,473,567,,InterPro:IPR031424
A0A2A4IUL9,Protein sleepless,Heliothis virescens (Tobacco budworm moth),177,89,151,,InterPro:IPR031424
A0A2A4IWA1,Uncharacterized protein,Heliothis virescens (Tobacco budworm moth),122,3,99,,InterPro:IPR031424
A0A2A4J3C9,Uncharacterized protein,Heliothis virescens (Tobacco budworm moth),147,23,122,,InterPro:IPR031424
A0A2A4J434,Uncharacterized protein,Heliothis virescens (Tobacco budworm moth),163,24,138,,InterPro:IPR031424
A0A2A4JCZ3,Uncharacterized protein,Heliothis virescens (Tobacco budworm moth),136,9,106,,InterPro:IPR031424
A0A2A4JDV0,Uncharacterized protein,Heliothis virescens (Tobacco budworm moth),140,21,119,,InterPro:IPR031424
A0A2A4JEE0,Uncharacterized protein,Heliothis virescens (Tobacco budworm moth),132,22,111,,InterPro:IPR031424
A0A2A4JEV1,Uncharacterized protein,Heliothis virescens (Tobacco budworm moth),141,21,115,,InterPro:IPR031424
A0A2A4JKN8,Uncharacterized protein,Heliothis virescens (Tobacco budworm moth),152,20,129,,InterPro:IPR031424
A0A2A4JKV3,Uncharacterized protein,Heliothis virescens (Tobacco budworm moth),149,20,123,,InterPro:IPR031424
A0A2A4JL43,Protein sleepless,Heliothis virescens (Tobacco budworm moth),163,17,133,,InterPro:IPR031424
A0A2A4JXT4,Uncharacterized protein,Heliothis virescens (Tobacco budworm moth),148,26,123,,InterPro:IPR031424
A0A2A4K8T6,Protein sleepless,Heliothis virescens (Tobacco budworm moth),163,29,139,,InterPro:IPR031424
A0A2A6B8J1,Uncharacterized protein,Pristionchus pacificus (Parasitic nematode),125,20,102,,InterPro:IPR031424
A0A2A6BJI2,Uncharacterized protein,Pristionchus pacificus (Parasitic nematode),129,19,108,,InterPro:IPR031424
A0A2A6C1M4,Uncharacterized protein,Pristionchus pacificus (Parasitic nematode),129,17,100,,InterPro:IPR031424
A0A2A6CSW4,Uncharacterized protein,Pristionchus pacificus (Parasitic nematode),158,23,137,,InterPro:IPR031424
A0A2C9GS45,Uncharacterized protein,Anopheles arabiensis (Mosquito),159,26,135,,InterPro:IPR031424
A0A2C9GS70,Uncharacterized protein,Anopheles arabiensis (Mosquito),158,28,127,,InterPro:IPR031424
A0A2C9K341,Protein sleepless,Biomphalaria glabrata (Bloodfluke planorb),163,25,135,,InterPro:IPR031424
A0A2C9KD63,UPAR/Ly6 domain-containing protein qvr,Biomphalaria glabrata (Bloodfluke planorb),144,23,119,,InterPro:IPR031424
A0A2C9KU83,Protein sleepless,Biomphalaria glabrata (Bloodfluke planorb),141,27,114,,InterPro:IPR031424
A0A2C9KW20,Protein sleepless,Biomphalaria glabrata (Bloodfluke planorb),145,21,116,,InterPro:IPR031424
A0A2C9KYG0,Protein sleepless,Biomphalaria glabrata (Bloodfluke planorb),133,23,108,,InterPro:IPR031424
A0A2C9L695,Protein quiver,Biomphalaria glabrata (Bloodfluke planorb),154,34,118,,InterPro:IPR031424
A0A2C9L948,Protein sleepless,Biomphalaria glabrata (Bloodfluke planorb),144,24,116,,InterPro:IPR031424
A0A2C9L9B8,Protein quiver,Biomphalaria glabrata (Bloodfluke planorb),140,25,110,,InterPro:IPR031424
A0A2C9LHG4,Protein sleepless,Biomphalaria glabrata (Bloodfluke planorb),166,33,131,,InterPro:IPR031424
A0A2C9LI55,Protein sleepless,Biomphalaria glabrata (Bloodfluke planorb),173,40,138,,InterPro:IPR031424
A0A2D1QTY0,Protein quiver,Sinohyriopsis cumingii (Triangle sail mussel),124,24,101,,InterPro:IPR031424
A0A2G5ST27,Protein sleepless,Caenorhabditis nigoni,141,29,118,,InterPro:IPR031424
A0A2G5STZ8,Protein sleepless,Caenorhabditis nigoni,137,20,110,,InterPro:IPR031424
A0A2G5T186,UPAR/Ly6 domain-containing protein qvr,Caenorhabditis nigoni,156,22,135,,InterPro:IPR031424
A0A2G5T8K2,UPAR/Ly6 domain-containing protein,Caenorhabditis nigoni,126,19,101,,InterPro:IPR031424
A0A2G5TMV3,Protein sleepless,Caenorhabditis nigoni,187,45,165,,InterPro:IPR031424
A0A2G5U7U2,Protein sleepless,Caenorhabditis nigoni,127,17,105,,InterPro:IPR031424
A0A2G5V1F8,UPAR/Ly6 domain-containing protein,Caenorhabditis nigoni,186,26,165,,InterPro:IPR031424
A0A2G9UPX5,B9 domain-containing protein 2,Teladorsagia circumcincta (Brown stomach worm),277,36,124,,InterPro:IPR031424
A0A2H1VCW4,SFRICE_012461,Spodoptera frugiperda (Fall armyworm),188,77,163,,InterPro:IPR031424
A0A2H1VEU7,Protein sleepless,Spodoptera frugiperda (Fall armyworm),162,29,139,,InterPro:IPR031424
A0A2H1VJY6,SFRICE_011093,Spodoptera frugiperda (Fall armyworm),307,176,285,,InterPro:IPR031424
A0A2H1VJY6,SFRICE_011093,Spodoptera frugiperda (Fall armyworm),307,4,120,,InterPro:IPR031424
A0A2H1VU35,SFRICE_025561,Spodoptera frugiperda (Fall armyworm),121,3,99,,InterPro:IPR031424
A0A2H1VU54,SFRICE_029409,Spodoptera frugiperda (Fall armyworm),121,3,99,,InterPro:IPR031424
A0A2H1VW45,SFRICE_012440,Spodoptera frugiperda (Fall armyworm),158,20,133,,InterPro:IPR031424
A0A2H1VW95,SFRICE_001196,Spodoptera frugiperda (Fall armyworm),131,3,100,,InterPro:IPR031424
A0A2H1VWB3,SFRICE_001193,Spodoptera frugiperda (Fall armyworm),132,22,111,,InterPro:IPR031424
A0A2H1VWH0,SFRICE_001197,Spodoptera frugiperda (Fall armyworm),141,22,120,,InterPro:IPR031424
A0A2H1VX61,SFRICE_001192,Spodoptera frugiperda (Fall armyworm),140,21,115,,InterPro:IPR031424
A0A2H1VZ36,SFRICE_005414,Spodoptera frugiperda (Fall armyworm),162,20,125,,InterPro:IPR031424
A0A2H1W506,UPAR/Ly6 domain-containing protein qvr,Spodoptera frugiperda (Fall armyworm),123,13,101,,InterPro:IPR031424
A0A2H1WLM6,SFRICE_036081,Spodoptera frugiperda (Fall armyworm),178,52,151,,InterPro:IPR031424
A0A2H1WLM9,SFRICE_030394,Spodoptera frugiperda (Fall armyworm),106,11,81,,InterPro:IPR031424
A0A2H1WRX4,SFRICE_011365,Spodoptera frugiperda (Fall armyworm),149,20,123,,InterPro:IPR031424
A0A2H1WTS3,SFRICE_011364,Spodoptera frugiperda (Fall armyworm),147,24,123,,InterPro:IPR031424
A0A2H1X2D0,SFRICE_034603,Spodoptera frugiperda (Fall armyworm),129,4,107,,InterPro:IPR031424
A0A2H1X2E0,SFRICE_005502,Spodoptera frugiperda (Fall armyworm),149,23,122,,InterPro:IPR031424
A0A2H8TX54,UPAR/Ly6 domain-containing protein qvr,Melanaphis sacchari,121,26,114,,InterPro:IPR031424
A0A2J7PXK1,Uncharacterized protein,Cryptotermes secundus,101,3,74,,InterPro:IPR031424
A0A2J7PYC1,Uncharacterized protein,Cryptotermes secundus,124,3,99,,InterPro:IPR031424
A0A2J7Q015,Uncharacterized protein,Cryptotermes secundus,307,195,282,,InterPro:IPR031424
A0A2J7QH37,Protein sleepless,Cryptotermes secundus,147,1,115,,InterPro:IPR031424
A0A2J7QPS6,Uncharacterized protein,Cryptotermes secundus,157,29,123,,InterPro:IPR031424
A0A2J7QW61,Uncharacterized protein,Cryptotermes secundus,138,3,106,,InterPro:IPR031424
A0A2J7QW68,Uncharacterized protein,Cryptotermes secundus,154,4,126,,InterPro:IPR031424
A0A2J7QW69,Uncharacterized protein,Cryptotermes secundus,209,80,179,,InterPro:IPR031424
A0A2J7QW78,Uncharacterized protein,Cryptotermes secundus,152,7,121,,InterPro:IPR031424
A0A2J7RCP2,Uncharacterized protein,Cryptotermes secundus,123,20,94,,InterPro:IPR031424
A0A2J7RP04,Uncharacterized protein,Cryptotermes secundus,115,11,108,,InterPro:IPR031424
A0A2J7RQ62,UPAR/Ly6 domain-containing protein qvr,Cryptotermes secundus,127,3,91,,InterPro:IPR031424
A0A2K6WE31,Protein quiver,Onchocerca volvulus,180,34,153,,InterPro:IPR031424
A0A2K8JML4,Secreted Mys2-like protein,Pristhesancus plagipennis (Common assassin bug),176,22,151,,InterPro:IPR031424
A0A2K8JPF5,Secreted Mys2-like protein,Pristhesancus plagipennis (Common assassin bug),158,38,133,,InterPro:IPR031424
A0A2K8JRV4,Secreted Mys2-like protein,Pristhesancus plagipennis (Common assassin bug),143,22,121,,InterPro:IPR031424
A0A2K8JSJ4,Secreted Mys2-like protein,Pristhesancus plagipennis (Common assassin bug),137,21,112,,InterPro:IPR031424
A0A2L2XXV9,Protein sleepless,Parasteatoda tepidariorum (Common house spider),140,24,117,,InterPro:IPR031424
A0A2L2Y6X9,Uncharacterized protein,Parasteatoda tepidariorum (Common house spider),135,20,119,,InterPro:IPR031424
A0A2L2YDA0,Uncharacterized protein,Parasteatoda tepidariorum (Common house spider),135,19,106,,InterPro:IPR031424
A0A2L2YER0,Uncharacterized protein,Parasteatoda tepidariorum (Common house spider),135,4,107,,InterPro:IPR031424
A0A2L2YES9,Uncharacterized protein,Parasteatoda tepidariorum (Common house spider),135,4,107,,InterPro:IPR031424
A0A2L2YJT6,Uncharacterized protein,Parasteatoda tepidariorum (Common house spider),123,9,102,,InterPro:IPR031424
A0A2L2YJY6,Uncharacterized protein,Parasteatoda tepidariorum (Common house spider),147,28,120,,InterPro:IPR031424
A0A2L2YKW2,Uncharacterized protein,Parasteatoda tepidariorum (Common house spider),121,6,94,,InterPro:IPR031424
A0A2L2YLP5,Uncharacterized protein,Parasteatoda tepidariorum (Common house spider),156,18,130,,InterPro:IPR031424
A0A2L2YNM3,Putative secreted protein,Parasteatoda tepidariorum (Common house spider),151,24,123,,InterPro:IPR031424
A0A2L2YPG2,Uncharacterized protein,Parasteatoda tepidariorum (Common house spider),143,22,119,,InterPro:IPR031424
A0A2L2YRC8,Uncharacterized protein,Parasteatoda tepidariorum (Common house spider),133,21,107,,InterPro:IPR031424
A0A2L2YXL1,UPAR/Ly6 domain-containing protein qvr,Parasteatoda tepidariorum (Common house spider),121,7,94,,InterPro:IPR031424
A0A2M3YWC0,Putative secreted protein,Anopheles nuneztovari,143,26,120,,InterPro:IPR031424
A0A2M3YWC5,Putative secreted protein,Anopheles nuneztovari,158,26,134,,InterPro:IPR031424
A0A2M3YXU6,Uncharacterized protein,Anopheles braziliensis,151,19,127,,InterPro:IPR031424
A0A2M3Z3A8,Uncharacterized protein,Anopheles braziliensis,149,23,119,,InterPro:IPR031424
A0A2M3Z6P9,Omega-scoloptoxin-ssm1a,Anopheles braziliensis,154,32,125,,InterPro:IPR031424
A0A2M3Z6V8,Putative plasma membrane protein,Anopheles braziliensis,171,28,141,,InterPro:IPR031424
A0A2M3Z751,Putative plasma membrane protein,Anopheles braziliensis,170,27,140,,InterPro:IPR031424
A0A2M3Z7B9,Omega-scoloptoxin-ssm1a,Anopheles braziliensis,154,32,125,,InterPro:IPR031424
A0A2M3Z8U1,UPAR/Ly6 domain-containing protein qvr,Anopheles braziliensis,156,32,120,,InterPro:IPR031424
A0A2M3ZBW4,Uncharacterized protein,Anopheles braziliensis,151,26,125,,InterPro:IPR031424
A0A2M3ZE51,Putative plasma membrane protein,Anopheles braziliensis,171,28,141,,InterPro:IPR031424
A0A2M3ZE83,Putative secreted peptide,Anopheles braziliensis,159,27,135,,InterPro:IPR031424
A0A2M3ZED3,Putative secreted peptide,Anopheles braziliensis,151,20,123,,InterPro:IPR031424
A0A2M3ZJA0,UPAR/Ly6 domain-containing protein qvr,Anopheles braziliensis,129,5,93,,InterPro:IPR031424
A0A2M4A497,Putative conserved secreted protein,Anopheles triannulatus,158,26,134,,InterPro:IPR031424
A0A2M4A553,Putative secreted protein,Anopheles triannulatus,150,18,126,,InterPro:IPR031424
A0A2M4A5I1,Putative secreted protein,Anopheles triannulatus,150,18,126,,InterPro:IPR031424
A0A2M4AQL3,Putative omega-scoloptoxin-ssm1a,Anopheles triannulatus,157,35,128,,InterPro:IPR031424
A0A2M4AQL9,Putative omega-scoloptoxin-ssm1a,Anopheles triannulatus,157,35,128,,InterPro:IPR031424
A0A2M4ASH1,Putative secreted protein,Anopheles triannulatus,143,26,120,,InterPro:IPR031424
A0A2M4ASN4,Putative secreted protein,Anopheles triannulatus,142,25,119,,InterPro:IPR031424
A0A2M4AVJ8,Putative conserved secreted protein,Anopheles triannulatus,151,20,123,,InterPro:IPR031424
A0A2M4AWN9,Putative conserved secreted protein,Anopheles triannulatus,150,23,119,,InterPro:IPR031424
A0A2M4AWQ3,Uncharacterized protein,Anopheles triannulatus,172,29,142,,InterPro:IPR031424
A0A2M4AWT0,Uncharacterized protein,Anopheles triannulatus,159,32,128,,InterPro:IPR031424
A0A2M4AXC9,Uncharacterized protein,Anopheles triannulatus,172,29,142,,InterPro:IPR031424
A0A2M4AXJ7,Uncharacterized protein,Anopheles triannulatus,172,29,142,,InterPro:IPR031424
A0A2M4AXJ8,Putative conserved plasma membrane protein,Anopheles triannulatus,132,5,101,,InterPro:IPR031424
A0A2M4AXM8,Uncharacterized protein,Anopheles triannulatus,116,1,87,,InterPro:IPR031424
A0A2M4AY16,Uncharacterized protein,Anopheles triannulatus,172,29,142,,InterPro:IPR031424
A0A2M4AYW3,Uncharacterized protein,Anopheles triannulatus,137,6,109,,InterPro:IPR031424
A0A2M4AZ13,Uncharacterized protein,Anopheles triannulatus,151,26,125,,InterPro:IPR031424
A0A2M4AZ32,Uncharacterized protein,Anopheles triannulatus,151,26,125,,InterPro:IPR031424
A0A2M4AZ43,Putative secreted protein,Anopheles triannulatus,151,26,125,,InterPro:IPR031424
A0A2M4C192,Uncharacterized protein,Anopheles marajoara,172,29,142,,InterPro:IPR031424
A0A2M4C1H1,Uncharacterized protein,Anopheles marajoara,169,26,139,,InterPro:IPR031424
A0A2M4C1V1,Putative secreted protein,Anopheles marajoara,159,27,135,,InterPro:IPR031424
A0A2M4C284,Uncharacterized protein,Anopheles marajoara,151,26,125,,InterPro:IPR031424
A0A2M4C2A7,Putative secreted protein,Anopheles marajoara,151,19,127,,InterPro:IPR031424
A0A2M4C2B6,Putative secreted protein,Anopheles marajoara,159,27,135,,InterPro:IPR031424
A0A2M4C2C2,Putative secreted protein,Anopheles marajoara,150,28,121,,InterPro:IPR031424
A0A2M4C2D0,Putative secreted protein,Anopheles marajoara,151,19,127,,InterPro:IPR031424
A0A2M4C2D1,Putative secreted protein,Anopheles marajoara,151,20,123,,InterPro:IPR031424
A0A2M4C2G0,Putative omega-scoloptoxin-ssm1a,Anopheles marajoara,150,28,121,,InterPro:IPR031424
A0A2M4C2G4,Putative secreted protein,Anopheles marajoara,151,20,123,,InterPro:IPR031424
A0A2M4C2I2,Putative omega-scoloptoxin-ssm1a,Anopheles marajoara,150,28,121,,InterPro:IPR031424
A0A2M4C2L6,Putative omega-scoloptoxin-ssm1a,Anopheles marajoara,143,21,114,,InterPro:IPR031424
A0A2M4C2Q4,Putative secreted protein,Anopheles marajoara,143,21,114,,InterPro:IPR031424
A0A2M4C2S5,Putative secreted protein,Anopheles marajoara,143,26,120,,InterPro:IPR031424
A0A2M4C2T6,Putative omega-scoloptoxin-ssm1a,Anopheles marajoara,143,21,114,,InterPro:IPR031424
A0A2M4C2T7,Uncharacterized protein,Anopheles marajoara,159,32,128,,InterPro:IPR031424
A0A2M4C335,Uncharacterized protein,Anopheles marajoara,137,10,106,,InterPro:IPR031424
A0A2M4C344,Putative secreted protein,Anopheles marajoara,142,25,119,,InterPro:IPR031424
A0A2M4C366,Putative secreted protein,Anopheles marajoara,151,20,123,,InterPro:IPR031424
A0A2M4C386,Putative secreted protein,Anopheles marajoara,150,28,121,,InterPro:IPR031424
A0A2M4CH47,Putative secreted protein,Anopheles darlingi (Mosquito),178,36,145,,InterPro:IPR031424
A0A2M4CH48,Putative secreted protein,Anopheles darlingi (Mosquito),178,36,145,,InterPro:IPR031424
A0A2M4CJZ8,Uncharacterized protein,Anopheles darlingi (Mosquito),151,24,120,,InterPro:IPR031424
A0A2M4CLW0,UPAR/Ly6 domain-containing protein qvr,Anopheles darlingi (Mosquito),152,28,116,,InterPro:IPR031424
A0A2M4CNM9,UPAR/Ly6 domain-containing protein qvr,Anopheles darlingi (Mosquito),130,6,94,,InterPro:IPR031424
A0A2M4CY83,Uncharacterized protein,Anopheles darlingi (Mosquito),176,59,153,,InterPro:IPR031424
A0A2M4DN25,Putative secreted protein,Anopheles darlingi (Mosquito),158,26,134,,InterPro:IPR031424
A0A2R2MNG7,UPAR/Ly6 domain-containing protein,Lingula anatina (Brachiopod),128,22,100,,InterPro:IPR031424
A0A2R2MRT6,Protein sleepless,Lingula anatina (Brachiopod),130,21,105,,InterPro:IPR031424
A0A2R5LCI4,Putative secreted salivary protein,Ornithodoros turicata,144,26,118,,InterPro:IPR031424
A0A2R5LFT6,Putative conserved secreted protein,Ornithodoros turicata,157,28,131,,InterPro:IPR031424
A0A2R5LI84,Putative kunitz-like protein,Ornithodoros turicata,157,22,132,,InterPro:IPR031424
A0A2R5LK71,Putative secreted protein,Ornithodoros turicata,153,27,126,,InterPro:IPR031424
A0A2S2N9B8,UPAR/Ly6 domain-containing protein qvr,Schizaphis graminum (Green bug aphid),148,33,121,,InterPro:IPR031424
A0A2S2NG16,Uncharacterized protein,Schizaphis graminum (Green bug aphid),177,21,150,,InterPro:IPR031424
A0A2S2NQL8,Uncharacterized protein,Schizaphis graminum (Green bug aphid),162,28,124,,InterPro:IPR031424
A0A2S2NSJ3,Uncharacterized protein,Schizaphis graminum (Green bug aphid),148,25,123,,InterPro:IPR031424
A0A2S2NT63,Uncharacterized protein,Schizaphis graminum (Green bug aphid),144,27,119,,InterPro:IPR031424
A0A2S2NW47,Protein sleepless,Schizaphis graminum (Green bug aphid),183,33,149,,InterPro:IPR031424
A0A2S2P2X5,Protein sleepless,Schizaphis graminum (Green bug aphid),156,22,119,,InterPro:IPR031424
A0A2S2P3G8,Uncharacterized protein,Schizaphis graminum (Green bug aphid),161,24,135,,InterPro:IPR031424
A0A2S2P587,Protein sleepless,Schizaphis graminum (Green bug aphid),163,19,129,,InterPro:IPR031424
A0A2S2PAL4,Uncharacterized protein,Schizaphis graminum (Green bug aphid),140,25,115,,InterPro:IPR031424
A0A2S2PDT4,Protein sleepless,Schizaphis graminum (Green bug aphid),192,25,162,,InterPro:IPR031424
A0A2S2Q2K9,Uncharacterized protein LOC112687558,Sipha flava (yellow sugarcane aphid),152,29,130,,InterPro:IPR031424
A0A2S2Q4C6,Uncharacterized protein LOC112685628,Sipha flava (yellow sugarcane aphid),161,24,135,,InterPro:IPR031424
A0A2S2Q6L0,Uncharacterized protein LOC112687563,Sipha flava (yellow sugarcane aphid),148,27,119,,InterPro:IPR031424
A0A2S2QGX4,Protein quiver,Sipha flava (yellow sugarcane aphid),208,76,172,,InterPro:IPR031424
A0A2S2QKV0,Protein sleepless,Sipha flava (yellow sugarcane aphid),196,62,159,,InterPro:IPR031424
A0A2S2QSA9,Protein sleepless,Sipha flava (yellow sugarcane aphid),206,24,175,,InterPro:IPR031424
A0A2S2QUL5,Uncharacterized protein LOC112687564,Sipha flava (yellow sugarcane aphid),177,22,151,,InterPro:IPR031424
A0A2S2R6I4,UPAR/Ly6 domain-containing protein qvr,Sipha flava (yellow sugarcane aphid),145,32,120,,InterPro:IPR031424
A0A2S2R8G4,Protein quiver,Sipha flava (yellow sugarcane aphid),181,29,147,,InterPro:IPR031424
A0A2T7NSF4,Protein quiver,Pomacea canaliculata (Golden apple snail),140,8,106,,InterPro:IPR031424
A0A2T7PKC7,Protein quiver,Pomacea canaliculata (Golden apple snail),144,22,117,,InterPro:IPR031424
A0A2T7PKX3,Protein sleepless,Pomacea canaliculata (Golden apple snail),263,25,116,,InterPro:IPR031424
A0A2T7PQC0,Protein quiver,Pomacea canaliculata (Golden apple snail),121,12,89,,InterPro:IPR031424
A0A2T7PW16,Protein sleepless,Pomacea canaliculata (Golden apple snail),89,24,71,,InterPro:IPR031424
A0A2T7PW37,Protein sleepless,Pomacea canaliculata (Golden apple snail),288,62,150,,InterPro:IPR031424
A0A2T7PW37,Protein sleepless,Pomacea canaliculata (Golden apple snail),288,156,248,,InterPro:IPR031424
A0A2T7Q0S5,Protein sleepless,Pomacea canaliculata (Golden apple snail),130,6,103,,InterPro:IPR031424
A0A2T7Q162,Protein quiver,Pomacea canaliculata (Golden apple snail),133,23,109,,InterPro:IPR031424
A0A2W1BSW2,Uncharacterized protein,Helicoverpa armigera (Cotton bollworm),129,6,105,,InterPro:IPR031424
A0A2W1BWX5,Uncharacterized protein,Helicoverpa armigera (Cotton bollworm),163,24,138,,InterPro:IPR031424
A0A2W1BY38,Uncharacterized protein,Helicoverpa armigera (Cotton bollworm),148,23,126,,InterPro:IPR031424
A0A310S7H4,Uncharacterized protein,Eufriesea mexicana,164,22,133,,InterPro:IPR031424
A0A310SEP2,C2H2-type domain-containing protein,Eufriesea mexicana,1734,4,56,,InterPro:IPR031424
A0A310SFU9,Uncharacterized protein,Eufriesea mexicana,90,4,64,,InterPro:IPR031424
A0A336K354,Protein sleepless,Culicoides sonorensis (Biting midge),143,24,118,,InterPro:IPR031424
A0A336K8A4,CSON000916 protein,Culicoides sonorensis (Biting midge),263,23,131,,InterPro:IPR031424
A0A336K8A4,CSON000916 protein,Culicoides sonorensis (Biting midge),263,137,236,,InterPro:IPR031424
A0A336KJT5,Protein sleepless,Culicoides sonorensis (Biting midge),148,26,125,,InterPro:IPR031424
A0A336LCK0,CSON008235 protein,Culicoides sonorensis (Biting midge),152,26,129,,InterPro:IPR031424
A0A336LKM9,CSON009952 protein,Culicoides sonorensis (Biting midge),156,20,133,,InterPro:IPR031424
A0A336LRB1,CSON001034 protein,Culicoides sonorensis (Biting midge),145,26,120,,InterPro:IPR031424
A0A336LVF7,CSON005624 protein,Culicoides sonorensis (Biting midge),2238,22,138,,InterPro:IPR031424
A0A336LVK1,CSON005785 protein,Culicoides sonorensis (Biting midge),152,26,129,,InterPro:IPR031424
A0A336LWY4,UPAR/Ly6 domain-containing protein qvr,Culicoides sonorensis (Biting midge),165,43,131,,InterPro:IPR031424
A0A336LYM7,CSON008434 protein,Culicoides sonorensis (Biting midge),135,27,109,,InterPro:IPR031424
A0A336LYX6,CSON008428 protein,Culicoides sonorensis (Biting midge),135,27,109,,InterPro:IPR031424
A0A336M020,Protein sleepless,Culicoides sonorensis (Biting midge),182,35,149,,InterPro:IPR031424
A0A336M5C4,CSON010272 protein,Culicoides sonorensis (Biting midge),130,24,119,,InterPro:IPR031424
A0A336MDL6,CSON014534 protein,Culicoides sonorensis (Biting midge),270,27,125,,InterPro:IPR031424
A0A336MQI6,CSON004259 protein,Culicoides sonorensis (Biting midge),146,21,116,,InterPro:IPR031424
A0A336MU38,CSON006920 protein,Culicoides sonorensis (Biting midge),141,16,111,,InterPro:IPR031424
A0A336MV79,CSON005820 protein,Culicoides sonorensis (Biting midge),157,10,124,,InterPro:IPR031424
A0A336MXK6,CSON005820 protein,Culicoides sonorensis (Biting midge),159,12,126,,InterPro:IPR031424
A0A336MXZ3,CSON008235 protein,Culicoides sonorensis (Biting midge),116,6,93,,InterPro:IPR031424
A0A336N3K7,CSON005820 protein,Culicoides sonorensis (Biting midge),156,9,123,,InterPro:IPR031424
A0A368FXQ5,Uncharacterized protein,Ancylostoma caninum (Dog hookworm),161,6,97,,InterPro:IPR031424
A0A368H9V0,Protein quiver,Ancylostoma caninum (Dog hookworm),172,15,130,,InterPro:IPR031424
A0A3B0J0K5,Uncharacterized protein,Drosophila guanche (Fruit fly),162,27,131,,InterPro:IPR031424
A0A3B0J0P1,Uncharacterized protein,Drosophila guanche (Fruit fly),155,24,120,,InterPro:IPR031424
A0A3B0J4Z9,Uncharacterized protein,Drosophila guanche (Fruit fly),159,23,135,,InterPro:IPR031424
A0A3B0JA99,Uncharacterized protein,Drosophila guanche (Fruit fly),151,24,123,,InterPro:IPR031424
A0A3B0JBM2,Uncharacterized protein,Drosophila guanche (Fruit fly),194,73,167,,InterPro:IPR031424
A0A3B0JH36,Uncharacterized protein,Drosophila guanche (Fruit fly),148,24,125,,InterPro:IPR031424
A0A3B0JVS6,Uncharacterized protein,Drosophila guanche (Fruit fly),150,21,122,,InterPro:IPR031424
A0A3B0JWZ6,Uncharacterized protein,Drosophila guanche (Fruit fly),155,29,125,,InterPro:IPR031424
A0A3B0JZ00,Uncharacterized protein,Drosophila guanche (Fruit fly),143,22,118,,InterPro:IPR031424
A0A3B0JZU9,Uncharacterized protein,Drosophila guanche (Fruit fly),144,12,115,,InterPro:IPR031424
A0A3B0K0V9,Uncharacterized protein,Drosophila guanche (Fruit fly),149,22,126,,InterPro:IPR031424
A0A3B0K1G2,Uncharacterized protein,Drosophila guanche (Fruit fly),145,24,118,,InterPro:IPR031424
A0A3B0K1X1,Uncharacterized protein,Drosophila guanche (Fruit fly),156,28,131,,InterPro:IPR031424
A0A3B0K3I3,Uncharacterized protein,Drosophila guanche (Fruit fly),148,24,125,,InterPro:IPR031424
A0A3B0K6U2,Uncharacterized protein,Drosophila guanche (Fruit fly),154,22,125,,InterPro:IPR031424
A0A3B0KU30,Protein sleepless,Drosophila guanche (Fruit fly),149,26,119,,InterPro:IPR031424
A0A3F2YW09,Uncharacterized protein,Anopheles dirus,167,26,139,,InterPro:IPR031424
A0A3L8DAZ2,Uncharacterized protein,Ooceraea biroi (Clonal raider ant),167,27,122,,InterPro:IPR031424
A0A3L8DM28,Uncharacterized protein,Ooceraea biroi (Clonal raider ant),154,25,128,,InterPro:IPR031424
A0A3L8DS81,Uncharacterized protein,Ooceraea biroi (Clonal raider ant),152,24,121,,InterPro:IPR031424
A0A3L8DSY9,Uncharacterized protein,Ooceraea biroi (Clonal raider ant),147,27,118,,InterPro:IPR031424
A0A3L8DSZ6,Protein sleepless,Ooceraea biroi (Clonal raider ant),162,52,138,,InterPro:IPR031424
A0A3L8DV02,UPAR/Ly6 domain-containing protein qvr,Ooceraea biroi (Clonal raider ant),159,30,117,,InterPro:IPR031424
A0A3L8DXU7,Uncharacterized protein,Ooceraea biroi (Clonal raider ant),156,22,133,,InterPro:IPR031424
A0A3L8E2W8,Uncharacterized protein,Ooceraea biroi (Clonal raider ant),144,24,110,,InterPro:IPR031424
A0A3L8E3L0,Uncharacterized protein,Ooceraea biroi (Clonal raider ant),155,29,123,,InterPro:IPR031424
A0A3L8E5Z5,Uncharacterized protein,Ooceraea biroi (Clonal raider ant),174,23,148,,InterPro:IPR031424
A0A3M7P3F5,Protein sleepless,Brachionus plicatilis (Marine rotifer),117,3,91,,InterPro:IPR031424
A0A3M7PFA6,EGF-like domain-containing protein,Brachionus plicatilis (Marine rotifer),230,20,103,,InterPro:IPR031424
A0A3M7QDN3,UPAR/Ly6 domain-containing protein qvr,Brachionus plicatilis (Marine rotifer),134,29,114,,InterPro:IPR031424
A0A3M7QKR0,Putative omega-scoloptoxin-Ssm1a,Brachionus plicatilis (Marine rotifer),120,21,96,,InterPro:IPR031424
A0A3M7QVN7,Uncharacterized protein,Brachionus plicatilis (Marine rotifer),181,38,135,,InterPro:IPR031424
A0A3M7REL4,Protein sleepless,Brachionus plicatilis (Marine rotifer),134,23,110,,InterPro:IPR031424
A0A3M7RG67,Protein sleepless,Brachionus plicatilis (Marine rotifer),136,27,112,,InterPro:IPR031424
A0A3M7RUK4,Protein sleepless,Brachionus plicatilis (Marine rotifer),141,22,87,,InterPro:IPR031424
A0A3M7SCC0,Protein sleepless,Brachionus plicatilis (Marine rotifer),166,44,144,,InterPro:IPR031424
A0A3M7SL07,Uncharacterized protein,Brachionus plicatilis (Marine rotifer),111,3,79,,InterPro:IPR031424
A0A3M7SN61,Protein sleepless,Brachionus plicatilis (Marine rotifer),115,19,107,,InterPro:IPR031424
A0A3M7T0Z9,UPAR/Ly6 domain-containing protein qvr,Brachionus plicatilis (Marine rotifer),144,23,122,,InterPro:IPR031424
A0A3P6HW62,G-patch domain-containing protein,Mesocestoides corti (Flatworm),539,3,83,,InterPro:IPR031424
A0A3P6R0P1,VWFA domain-containing protein,Taenia asiatica (Asian tapeworm),2119,2,96,,InterPro:IPR031424
A0A3P6SP30,Activin types I and II receptor domain-containing protein,Litomosoides sigmodontis (Filarial nematode worm),134,36,109,,InterPro:IPR031424
A0A3P6U661,Protein sleepless,Litomosoides sigmodontis (Filarial nematode worm),180,33,151,,InterPro:IPR031424
A0A3P6UIF9,Protein sleepless,Litomosoides sigmodontis (Filarial nematode worm),172,48,137,,InterPro:IPR031424
A0A3P7DHQ0,Protein quiver,Wuchereria bancrofti,155,21,131,,InterPro:IPR031424
A0A3P7ERL9,Protein quiver,Hydatigena taeniaeformis (Feline tapeworm),183,35,157,,InterPro:IPR031424
A0A3P7F2D8,Protein quiver,Wuchereria bancrofti,197,7,125,,InterPro:IPR031424
A0A3P7FD25,Protein quiver,Hydatigena taeniaeformis (Feline tapeworm),145,17,116,,InterPro:IPR031424
A0A3P7H0U2,UPAR/Ly6 domain-containing protein,Angiostrongylus costaricensis (Nematode worm),201,30,153,,InterPro:IPR031424
A0A3P7IBJ6,Protein quiver,Angiostrongylus costaricensis (Nematode worm),136,21,107,,InterPro:IPR031424
A0A3P7M0B3,Protein quiver,Dibothriocephalus latus (Fish tapeworm),131,9,108,,InterPro:IPR031424
A0A3P7MZK6,Protein quiver,Dibothriocephalus latus (Fish tapeworm),83,30,73,,InterPro:IPR031424
A0A3P7N255,Protein quiver,Cylicostephanus goldi (Nematode worm),155,28,117,,InterPro:IPR031424
A0A3P7XZU0,Protein quiver,Brugia timori,135,18,107,,InterPro:IPR031424
A0A3P7YWS6,Protein quiver,Heligmosomoides polygyrus (Parasitic roundworm),191,64,184,,InterPro:IPR031424
A0A3P7Z3J1,Protein quiver,Schistosoma margrebowiei,132,8,107,,InterPro:IPR031424
A0A3P8E7L7,Protein quiver,Heligmosomoides polygyrus (Parasitic roundworm),127,9,105,,InterPro:IPR031424
A0A3P8GDK8,Protein quiver,Echinostoma caproni,134,15,114,,InterPro:IPR031424
A0A3Q0II04,Uncharacterized protein LOC113465459,Diaphorina citri (Asian citrus psyllid),143,38,118,,InterPro:IPR031424
A0A3Q0IMQ5,Uncharacterized protein LOC103506790 isoform X2,Diaphorina citri (Asian citrus psyllid),129,6,103,,InterPro:IPR031424
A0A3Q0JCW9,Uncharacterized protein LOC103516340,Diaphorina citri (Asian citrus psyllid),134,20,130,,InterPro:IPR031424
A0A3Q0KPA1,Protein quiver,Schistosoma mansoni (Blood fluke),140,15,110,,InterPro:IPR031424
A0A3Q0KUU7,Protein quiver,Schistosoma mansoni (Blood fluke),160,33,121,,InterPro:IPR031424
A0A3R7BZ16,Protein quiver,Clonorchis sinensis (Chinese liver fluke),168,37,136,,InterPro:IPR031424
A0A3R7MGW4,Uncharacterized protein,Penaeus vannamei (Whiteleg shrimp),152,24,123,,InterPro:IPR031424
A0A3R7MKU8,Uncharacterized protein,Penaeus vannamei (Whiteleg shrimp),201,62,146,,InterPro:IPR031424
A0A3R7NSS1,Uncharacterized protein,Penaeus vannamei (Whiteleg shrimp),147,28,124,,InterPro:IPR031424
A0A3S0ZN94,Protein sleepless,Elysia chlorotica (Eastern emerald elysia),141,25,113,,InterPro:IPR031424
A0A3S0ZNQ8,Protein sleepless,Elysia chlorotica (Eastern emerald elysia),134,24,107,,InterPro:IPR031424
A0A3S0ZZC1,UPAR/Ly6 domain-containing protein qvr,Elysia chlorotica (Eastern emerald elysia),147,26,122,,InterPro:IPR031424
A0A3S1B7J5,Protein quiver,Elysia chlorotica (Eastern emerald elysia),261,112,207,,InterPro:IPR031424
A0A3S1BWS5,Protein sleepless,Elysia chlorotica (Eastern emerald elysia),153,28,125,,InterPro:IPR031424
A0A3S1BYE4,Protein quiver,Elysia chlorotica (Eastern emerald elysia),171,28,138,,InterPro:IPR031424
A0A3S3NIS9,Protein quiver-like protein,Dinothrombium tinctorium,80,5,73,,InterPro:IPR031424
A0A3S3PPV4,Uncharacterized protein,Dinothrombium tinctorium,167,34,131,,InterPro:IPR031424
A0A3S4QUI0,Uncharacterized protein,Dinothrombium tinctorium,130,25,119,,InterPro:IPR031424
A0A3S5BZ36,Protein sleepless,Protopolystoma xenopodis,159,33,132,,InterPro:IPR031424
A0A409V6U4,Protein sleepless,Mytilus galloprovincialis (Mediterranean mussel),145,27,118,,InterPro:IPR031424
A0A419PS22,Protein quiver,Clonorchis sinensis (Chinese liver fluke),159,27,122,,InterPro:IPR031424
A0A419PX75,Protein quiver,Clonorchis sinensis (Chinese liver fluke),146,29,117,,InterPro:IPR031424
A0A419QDL7,Protein quiver,Clonorchis sinensis (Chinese liver fluke),162,49,135,,InterPro:IPR031424
A0A423SPX5,Uncharacterized protein,Penaeus vannamei (Whiteleg shrimp),140,43,115,,InterPro:IPR031424
A0A423TC52,Uncharacterized protein,Penaeus vannamei (Whiteleg shrimp),209,23,126,,InterPro:IPR031424
A0A423TUG7,Uncharacterized protein,Penaeus vannamei (Whiteleg shrimp),118,2,96,,InterPro:IPR031424
A0A423TWU9,Uncharacterized protein,Penaeus vannamei (Whiteleg shrimp),139,16,114,,InterPro:IPR031424
A0A430Q1K8,17beta-estradiol 17-dehydrogenase / very-long-chain 3-oxoacyl-CoA reductase,Schistosoma bovis (Blood fluke),473,30,153,,InterPro:IPR031424
A0A430Q269,Protein quiver,Schistosoma bovis (Blood fluke),112,12,85,,InterPro:IPR031424
A0A430Q2G9,Protein quiver,Schistosoma bovis (Blood fluke),112,19,82,,InterPro:IPR031424
A0A430Q7S1,UPF0506 domain-containing protein,Schistosoma bovis (Blood fluke),167,8,100,,InterPro:IPR031424
A0A430Q8R6,Protein quiver,Schistosoma bovis (Blood fluke),190,63,151,,InterPro:IPR031424
A0A430QER2,Protein sleepless,Schistosoma bovis (Blood fluke),146,24,117,,InterPro:IPR031424
A0A430QPH7,Uncharacterized protein,Schistosoma bovis (Blood fluke),179,31,117,,InterPro:IPR031424
A0A430QQB8,Protein quiver,Schistosoma bovis (Blood fluke),127,9,97,,InterPro:IPR031424
A0A433STX8,Protein sleepless,Elysia chlorotica (Eastern emerald elysia),146,11,108,,InterPro:IPR031424
A0A433TAT8,Protein quiver,Elysia chlorotica (Eastern emerald elysia),152,22,125,,InterPro:IPR031424
A0A433TIB5,UPAR/Ly6 domain-containing protein qvr,Elysia chlorotica (Eastern emerald elysia),145,33,117,,InterPro:IPR031424
A0A433U739,Protein sleepless,Elysia chlorotica (Eastern emerald elysia),165,30,128,,InterPro:IPR031424
A0A433U7R6,Protein quiver,Elysia chlorotica (Eastern emerald elysia),133,9,101,,InterPro:IPR031424
A0A443QY55,Uncharacterized protein,Dinothrombium tinctorium,87,1,74,,InterPro:IPR031424
A0A443SIX7,Uncharacterized protein,Leptotrombidium deliense,251,23,124,,InterPro:IPR031424
A0A443SL57,Uncharacterized protein,Leptotrombidium deliense,119,3,91,,InterPro:IPR031424
A0A443SLG3,Protein quiver,Leptotrombidium deliense,157,30,127,,InterPro:IPR031424
A0A443SM47,Uncharacterized protein,Leptotrombidium deliense,93,20,82,,InterPro:IPR031424
A0A443SM58,Uncharacterized protein,Leptotrombidium deliense,154,25,127,,InterPro:IPR031424
A0A443SRQ3,Uncharacterized protein,Leptotrombidium deliense,162,24,136,,InterPro:IPR031424
A0A443SRY9,UPAR/Ly6 domain-containing protein qvr,Leptotrombidium deliense,126,7,99,,InterPro:IPR031424
A0A443SVI1,UPAR/Ly6 domain-containing protein qvr,Leptotrombidium deliense,114,2,88,,InterPro:IPR031424
A0A448X191,Protein quiver,Protopolystoma xenopodis,155,28,125,,InterPro:IPR031424
A0A453YYV1,UPAR/Ly6 domain-containing protein qvr,Anopheles gambiae (African malaria mosquito),157,33,121,,InterPro:IPR031424
A0A453Z3D4,Uncharacterized protein,Anopheles quadriannulatus (Mosquito),172,24,139,,InterPro:IPR031424
A0A454XLB5,Uncharacterized protein,Pristionchus pacificus (Parasitic nematode),140,27,119,,InterPro:IPR031424
A0A482V9S1,Protein sleepless,Asbolus verrucosus (Desert ironclad beetle),94,9,91,,InterPro:IPR031424
A0A482VB46,Uncharacterized protein,Asbolus verrucosus (Desert ironclad beetle),150,26,124,,InterPro:IPR031424
A0A482VB97,Uncharacterized protein,Asbolus verrucosus (Desert ironclad beetle),155,27,130,,InterPro:IPR031424
A0A482VBP2,Uncharacterized protein,Asbolus verrucosus (Desert ironclad beetle),159,21,134,,InterPro:IPR031424
A0A482VFU2,Uncharacterized protein,Asbolus verrucosus (Desert ironclad beetle),173,32,149,,InterPro:IPR031424
A0A482VFZ6,Uncharacterized protein,Asbolus verrucosus (Desert ironclad beetle),120,1,92,,InterPro:IPR031424
A0A482VMV4,Uncharacterized protein,Asbolus verrucosus (Desert ironclad beetle),152,12,126,,InterPro:IPR031424
A0A482VPI8,Ig-like domain-containing protein,Asbolus verrucosus (Desert ironclad beetle),457,335,430,,InterPro:IPR031424
A0A482VW17,Protein sleepless,Asbolus verrucosus (Desert ironclad beetle),153,21,131,,InterPro:IPR031424
A0A482VXS1,UPAR/Ly6 domain-containing protein qvr,Asbolus verrucosus (Desert ironclad beetle),123,8,96,,InterPro:IPR031424
A0A482VYR0,Uncharacterized protein,Asbolus verrucosus (Desert ironclad beetle),135,12,113,,InterPro:IPR031424
A0A482WBH8,Uncharacterized protein,Asbolus verrucosus (Desert ironclad beetle),127,9,104,,InterPro:IPR031424
A0A482WNW6,Protein sleepless,Laodelphax striatellus (Small brown planthopper),174,26,128,,InterPro:IPR031424
A0A482WTS9,Uncharacterized protein,Laodelphax striatellus (Small brown planthopper),150,33,125,,InterPro:IPR031424
A0A482WTU1,Uncharacterized protein,Laodelphax striatellus (Small brown planthopper),151,22,125,,InterPro:IPR031424
A0A482WU71,Uncharacterized protein,Laodelphax striatellus (Small brown planthopper),146,23,122,,InterPro:IPR031424
A0A482WX48,Uncharacterized protein,Laodelphax striatellus (Small brown planthopper),156,30,130,,InterPro:IPR031424
A0A482WZG1,Uncharacterized protein,Laodelphax striatellus (Small brown planthopper),176,25,150,,InterPro:IPR031424
A0A482X007,UPAR/Ly6 domain-containing protein qvr,Laodelphax striatellus (Small brown planthopper),143,31,119,,InterPro:IPR031424
A0A482X729,Uncharacterized protein,Laodelphax striatellus (Small brown planthopper),147,30,126,,InterPro:IPR031424
A0A482X7C4,Uncharacterized protein,Laodelphax striatellus (Small brown planthopper),142,27,118,,InterPro:IPR031424
A0A482XCC3,Protein quiver,Laodelphax striatellus (Small brown planthopper),174,10,146,,InterPro:IPR031424
A0A482XCE7,Uncharacterized protein,Laodelphax striatellus (Small brown planthopper),151,26,121,,InterPro:IPR031424
A0A482XCT4,Uncharacterized protein,Laodelphax striatellus (Small brown planthopper),151,31,123,,InterPro:IPR031424
A0A482XDE9,Uncharacterized protein,Laodelphax striatellus (Small brown planthopper),143,26,116,,InterPro:IPR031424
A0A482XLI8,Protein quiver,Laodelphax striatellus (Small brown planthopper),169,33,110,,InterPro:IPR031424
A0A484B1J9,Uncharacterized protein,Drosophila navojoa (Fruit fly),155,28,124,,InterPro:IPR031424
A0A484B5J0,Uncharacterized protein,Drosophila navojoa (Fruit fly),148,21,120,,InterPro:IPR031424
A0A484B6J7,Uncharacterized protein,Drosophila navojoa (Fruit fly),148,22,119,,InterPro:IPR031424
A0A484B6P9,Uncharacterized protein,Drosophila navojoa (Fruit fly),145,23,117,,InterPro:IPR031424
A0A484B7I1,Uncharacterized protein,Drosophila navojoa (Fruit fly),148,24,125,,InterPro:IPR031424
A0A484B7M6,Uncharacterized protein,Drosophila navojoa (Fruit fly),153,20,121,,InterPro:IPR031424
A0A484B7X3,Uncharacterized protein,Drosophila navojoa (Fruit fly),139,18,114,,InterPro:IPR031424
A0A484B822,Uncharacterized protein,Drosophila navojoa (Fruit fly),148,24,125,,InterPro:IPR031424
A0A484B824,Uncharacterized protein,Drosophila navojoa (Fruit fly),159,23,135,,InterPro:IPR031424
A0A484B9X7,Uncharacterized protein,Drosophila navojoa (Fruit fly),157,29,132,,InterPro:IPR031424
A0A484BAP4,Uncharacterized protein,Drosophila navojoa (Fruit fly),148,24,123,,InterPro:IPR031424
A0A484BGM5,Protein sleepless,Drosophila navojoa (Fruit fly),205,27,176,,InterPro:IPR031424
A0A484BTC6,Uncharacterized protein,Drosophila navojoa (Fruit fly),154,24,120,,InterPro:IPR031424
A0A484BUH2,Protein quiver,Drosophila navojoa (Fruit fly),232,24,139,,InterPro:IPR031424
A0A484BXK0,Uncharacterized protein,Drosophila navojoa (Fruit fly),155,23,126,,InterPro:IPR031424
A0A498SGX9,Protein quiver,Acanthocheilonema viteae (Filarial nematode worm),143,1,116,,InterPro:IPR031424
A0A498SN45,ZP domain-containing protein,Acanthocheilonema viteae (Filarial nematode worm),250,22,128,,InterPro:IPR031424
A0A498SY99,Protein sleepless,Acanthocheilonema viteae (Filarial nematode worm),149,23,113,,InterPro:IPR031424
A0A4C1SRJ5,Protein sleepless,Eumeta variegata (Bagworm moth),311,20,133,,InterPro:IPR031424
A0A4C1T439,Uncharacterized protein,Eumeta variegata (Bagworm moth),206,86,184,,InterPro:IPR031424
A0A4C1T6Q0,Uncharacterized protein,Eumeta variegata (Bagworm moth),330,9,105,,InterPro:IPR031424
A0A4C1T6Q0,Uncharacterized protein,Eumeta variegata (Bagworm moth),330,206,305,,InterPro:IPR031424
A0A4C1TWY9,Uncharacterized protein,Eumeta variegata (Bagworm moth),135,16,112,,InterPro:IPR031424
A0A4C1YD88,Uncharacterized protein,Eumeta variegata (Bagworm moth),411,213,324,,InterPro:IPR031424
A0A4C1YGR8,Uncharacterized protein,Eumeta variegata (Bagworm moth),259,83,184,,InterPro:IPR031424
A0A4C1ZKK8,UPAR/Ly6 domain-containing protein qvr,Eumeta variegata (Bagworm moth),174,57,145,,InterPro:IPR031424
A0A4D5RWQ7,Putative kunitz-like protein,Ixodes scapularis (Black-legged tick),177,38,148,,InterPro:IPR031424
A0A4D5S1L9,Uncharacterized protein,Ixodes scapularis (Black-legged tick),145,27,119,,InterPro:IPR031424
A0A4E0QY53,UPAR/Ly6 domain-containing protein qvr,Fasciola hepatica (Liver fluke),153,43,131,,InterPro:IPR031424
A0A4E0R485,Putative conserved plasma membrane protein,Fasciola hepatica (Liver fluke),150,28,116,,InterPro:IPR031424
A0A4E0RHN7,UPAR/Ly6 domain-containing protein qvr,Fasciola hepatica (Liver fluke),138,17,113,,InterPro:IPR031424
A0A4E0RP77,Egg protein,Fasciola hepatica (Liver fluke),174,40,150,,InterPro:IPR031424
A0A4E0RQ57,Histone H1B,Fasciola hepatica (Liver fluke),143,26,114,,InterPro:IPR031424
A0A4E0RVH7,Protein quiver,Fasciola hepatica (Liver fluke),150,29,123,,InterPro:IPR031424
A0A4E0RWK5,Cadmium metallothionein (MT-Cd) (Cd-MT),Fasciola hepatica (Liver fluke),152,25,120,,InterPro:IPR031424
A0A4E0RXG4,Boudin,Fasciola hepatica (Liver fluke),136,20,109,,InterPro:IPR031424
A0A4E9ERK6,Protein sleepless,Brugia malayi (Filarial nematode worm),134,20,109,,InterPro:IPR031424
A0A4E9F5Q5,Protein sleepless,Brugia malayi (Filarial nematode worm),149,23,113,,InterPro:IPR031424
A0A4E9F650,Protein quiver,Brugia malayi (Filarial nematode worm),159,33,123,,InterPro:IPR031424
A0A4P2KVS0,Rtv,Locusta migratoria (Migratory locust),153,33,129,,InterPro:IPR031424
A0A4P6D7E8,Putative e3 ubiquitin-protein ligase ari4 panstrongylus lignarius,Rhodnius prolixus (Triatomid bug),132,10,102,,InterPro:IPR031424
A0A4P6D9B3,Protein rhodnius neglectus,Rhodnius prolixus (Triatomid bug),177,50,145,,InterPro:IPR031424
A0A4P6D9H5,Putative conserved plasma membrane protein panstrongylus lignarius,Rhodnius prolixus (Triatomid bug),145,22,121,,InterPro:IPR031424
A0A4P6D9Y2,Putative e3 ubiquitin-protein ligase ari4 panstrongylus lignarius,Rhodnius prolixus (Triatomid bug),165,48,140,,InterPro:IPR031424
A0A4P6D9Y8,Uncharacterized protein,Rhodnius prolixus (Triatomid bug),124,8,102,,InterPro:IPR031424
A0A4P6DAH5,Putative secreted mys2-like protein pristhesancus plagipennis,Rhodnius prolixus (Triatomid bug),131,21,112,,InterPro:IPR031424
A0A4Q8K1R5,U45-Liphistoxin-Lth1a_1,Liphistius thaleban,138,22,111,,InterPro:IPR031424
A0A4Q8K274,U20-Liphistoxin-Lsp1a_1,Liphistius sp. SGP-2016,138,24,113,,InterPro:IPR031424
A0A4Q8K287,U6-Liphistoxin-Lsp1a_1,Liphistius sp. SGP-2016,152,26,125,,InterPro:IPR031424
A0A4Q8K294,U12-Liphistoxin-Lth1a_1,Liphistius thaleban,152,26,125,,InterPro:IPR031424
A0A4Q8K307,U23-Liphistoxin-Lsp1a_1,Liphistius sp. SGP-2016,139,24,113,,InterPro:IPR031424
A0A4Q8K469,U27-Liphistoxin-Lth1a_1,Liphistius thaleban,139,24,113,,InterPro:IPR031424
A0A4Q8K4J8,U37-Liphistoxin-Lsp1a_1,Liphistius sp. SGP-2016,138,22,111,,InterPro:IPR031424
A0A4Q8K5V4,U98-Liphistoxin-Lth1a_1,Liphistius thaleban,155,20,123,,InterPro:IPR031424
A0A4Q8K8T6,U7-Deinotoxin-Dsu1a_1,Deinopis subrufa (Rufous net-casting spider),141,24,113,,InterPro:IPR031424
A0A4S2JMP8,Uncharacterized protein,Temnothorax longispinosus,151,26,125,,InterPro:IPR031424
A0A4S2K823,Protein quiver,Opisthorchis felineus,159,27,122,,InterPro:IPR031424
A0A4S2K906,Uncharacterized protein,Temnothorax longispinosus,164,27,122,,InterPro:IPR031424
A0A4S2KGE2,Protein sleepless,Temnothorax longispinosus,105,29,103,,InterPro:IPR031424
A0A4S2KI83,Uncharacterized protein,Temnothorax longispinosus,153,24,127,,InterPro:IPR031424
A0A4S2KL33,UPAR/Ly6 domain-containing protein qvr,Opisthorchis felineus,147,20,116,,InterPro:IPR031424
A0A4S2KL63,Protein sleepless,Opisthorchis felineus,129,19,106,,InterPro:IPR031424
A0A4S2KTT5,Uncharacterized protein,Temnothorax longispinosus,154,20,131,,InterPro:IPR031424
A0A4S2KUX4,Uncharacterized protein,Temnothorax longispinosus,152,29,123,,InterPro:IPR031424
A0A4S2KW10,UPAR/Ly6 domain-containing protein qvr,Temnothorax longispinosus,142,12,100,,InterPro:IPR031424
A0A4S2KXD0,Ig-like domain-containing protein,Temnothorax longispinosus,475,357,451,,InterPro:IPR031424
A0A4S2L418,Uncharacterized protein,Temnothorax longispinosus,153,24,123,,InterPro:IPR031424
A0A4S2LJY5,Protein quiver,Opisthorchis felineus,179,48,147,,InterPro:IPR031424
A0A4S2LWR2,Protein quiver,Opisthorchis felineus,172,21,143,,InterPro:IPR031424
A0A4S2LZT1,Protein sleepless,Opisthorchis felineus,143,21,115,,InterPro:IPR031424
A0A4S2M1J8,Protein quiver,Opisthorchis felineus,163,46,134,,InterPro:IPR031424
A0A4S2M1K0,Protein quiver,Opisthorchis felineus,169,29,117,,InterPro:IPR031424
A0A4S2M2P8,Protein quiver,Opisthorchis felineus,181,45,154,,InterPro:IPR031424
A0A4U5NCP8,Protein sleepless,Steinernema carpocapsae (Entomopathogenic nematode),266,146,245,,InterPro:IPR031424
A0A4U5NRT0,Protein sleepless,Steinernema carpocapsae (Entomopathogenic nematode),179,31,150,,InterPro:IPR031424
A0A4U5PC55,Protein sleepless,Steinernema carpocapsae (Entomopathogenic nematode),131,20,108,,InterPro:IPR031424
A0A4V3SFW9,Protein quiver,Opisthorchis felineus,146,29,117,,InterPro:IPR031424
A0A4V3SH07,Protein quiver,Opisthorchis felineus,148,35,121,,InterPro:IPR031424
A0A4V6YSW3,UPAR/Ly6 domain-containing protein qvr,Steinernema carpocapsae (Entomopathogenic nematode),159,23,136,,InterPro:IPR031424
A0A4Y0BLT5,UPAR/Ly6 domain-containing protein qvr,Anopheles funestus (African malaria mosquito),140,15,103,,InterPro:IPR031424
A0A4Y0BWJ7,Uncharacterized protein,Anopheles funestus (African malaria mosquito),143,26,120,,InterPro:IPR031424
A0A4Y1ZPW8,Uncharacterized protein,Araneus ventricosus (Orbweaver spider),130,3,102,,InterPro:IPR031424
A0A4Y1ZXN9,Protein sleepless,Araneus ventricosus (Orbweaver spider),172,34,143,,InterPro:IPR031424
A0A4Y2ABD4,Protein sleepless,Araneus ventricosus (Orbweaver spider),178,45,154,,InterPro:IPR031424
A0A4Y2AJM7,Uncharacterized protein,Araneus ventricosus (Orbweaver spider),189,73,162,,InterPro:IPR031424
A0A4Y2ALF2,Uncharacterized protein,Araneus ventricosus (Orbweaver spider),146,23,120,,InterPro:IPR031424
A0A4Y2BEZ7,UPAR/Ly6 domain-containing protein qvr,Araneus ventricosus (Orbweaver spider),187,66,153,,InterPro:IPR031424
A0A4Y2BFJ8,UPAR/Ly6 domain-containing protein qvr,Araneus ventricosus (Orbweaver spider),116,6,93,,InterPro:IPR031424
A0A4Y2BG74,Uncharacterized protein,Araneus ventricosus (Orbweaver spider),145,28,120,,InterPro:IPR031424
A0A4Y2DB92,Protein sleepless,Araneus ventricosus (Orbweaver spider),174,54,147,,InterPro:IPR031424
A0A4Y2DBK6,Uncharacterized protein,Araneus ventricosus (Orbweaver spider),143,27,120,,InterPro:IPR031424
A0A4Y2DBU7,Protein sleepless,Araneus ventricosus (Orbweaver spider),148,28,121,,InterPro:IPR031424
A0A4Y2F319,Uncharacterized protein,Araneus ventricosus (Orbweaver spider),207,90,179,,InterPro:IPR031424
A0A4Y2FE64,Uncharacterized protein,Araneus ventricosus (Orbweaver spider),112,18,95,,InterPro:IPR031424
A0A4Y2GIG4,Uncharacterized protein,Araneus ventricosus (Orbweaver spider),147,19,122,,InterPro:IPR031424
A0A4Y2H296,Uncharacterized protein,Araneus ventricosus (Orbweaver spider),157,31,81,,InterPro:IPR031424
A0A4Y2HAJ4,Uncharacterized protein,Araneus ventricosus (Orbweaver spider),182,59,152,,InterPro:IPR031424
A0A4Y2I356,UPAR/Ly6 domain-containing protein qvr,Araneus ventricosus (Orbweaver spider),144,29,117,,InterPro:IPR031424
A0A4Y2KPL6,Uncharacterized protein,Araneus ventricosus (Orbweaver spider),139,22,111,,InterPro:IPR031424
A0A4Y2L8U5,Uncharacterized protein,Araneus ventricosus (Orbweaver spider),134,7,106,,InterPro:IPR031424
A0A4Y2P928,Uncharacterized protein,Araneus ventricosus (Orbweaver spider),159,42,135,,InterPro:IPR031424
A0A4Y2SX90,Uncharacterized protein,Araneus ventricosus (Orbweaver spider),123,3,97,,InterPro:IPR031424
A0A4Y7LPC2,EOG090X0I2F,Eubosmina coregoni,161,25,136,,InterPro:IPR031424
A0A4Y7LR21,EOG090X0I2F,Daphnia similis,157,20,131,,InterPro:IPR031424
A0A4Y7LT61,EOG090X0I2F,Daphnia similis,161,24,135,,InterPro:IPR031424
A0A4Y7LYC1,EOG090X0I2F,Ceriodaphnia reticulata,178,36,147,,InterPro:IPR031424
A0A4Y7LYJ5,EOG090X0I2F,Daphnia barbata,164,27,138,,InterPro:IPR031424
A0A4Y7LZR4,EOG090X0I2F,Daphnia carinata,167,24,135,,InterPro:IPR031424
A0A4Y7M2E1,EOG090X0I2F,Daphnia atkinsoni,164,27,138,,InterPro:IPR031424
A0A4Y7M4L0,EOG090X0I2F,Daphnia dolichocephala,164,27,138,,InterPro:IPR031424
A0A4Y7M660,EOG090X0I2F,Daphnia longispina,164,27,138,,InterPro:IPR031424
A0A4Y7M6G3,EOG090X0I2F,Daphnia lumholtzi,157,20,131,,InterPro:IPR031424
A0A4Y7M6H1,EOG090X0I2F,Daphnia hispanica,164,27,138,,InterPro:IPR031424
A0A4Y7MA07,EOG090X0I2F,Daphnia lumholtzi,161,24,135,,InterPro:IPR031424
A0A4Y7MDV5,EOG090X0I2F,Daphnia magna,161,24,135,,InterPro:IPR031424
A0A4Y7MFK8,EOG090X0I2F,Daphnia magna,161,24,135,,InterPro:IPR031424
A0A4Y7MHG5,EOG090X0I2F,Daphnia lumholtzi,182,45,156,,InterPro:IPR031424
A0A4Y7MP67,EOG090X0I2F,Daphnia magna,161,24,135,,InterPro:IPR031424
A0A4Y7MSQ4,EOG090X0I2F,Daphnia magna,157,20,131,,InterPro:IPR031424
A0A4Y7MTU3,EOG090X0I2F,Daphnia pulex (Water flea),117,24,96,,InterPro:IPR031424
A0A4Y7MVC5,EOG090X0I2F,Daphnia pulex (Water flea),150,13,124,,InterPro:IPR031424
A0A4Y7MX66,EOG090X0I2F,Daphnia pulex (Water flea),150,13,124,,InterPro:IPR031424
A0A4Y7MZ48,EOG090X0I2F,Daphnia pulicaria,164,27,138,,InterPro:IPR031424
A0A4Y7N0S4,EOG090X0I2F,Daphnia similis,161,24,135,,InterPro:IPR031424
A0A4Y7N264,EOG090X0I2F,Daphnia similis,161,24,135,,InterPro:IPR031424
A0A4Y7N6T1,EOG090X0I2F,Daphnia similis,161,24,135,,InterPro:IPR031424
A0A4Y7NAT8,EOG090X0I2F,Daphnia sinensis,161,24,135,,InterPro:IPR031424
A0A4Y7NCL6,EOG090X0I2F,Daphnia sinensis,161,24,135,,InterPro:IPR031424
A0A4Y7NJF6,EOG090X0I2F,Moina brachiata,161,24,135,,InterPro:IPR031424
A0A4Y7NJK5,EOG090X0I2F,Megafenestra aurita,161,24,135,,InterPro:IPR031424
A0A4Y7NN20,EOG090X0I2F,Scapholeberis mucronata,163,24,135,,InterPro:IPR031424
A0A4Z2CVG4,Splicing factor 4,Schistosoma japonicum (Blood fluke),159,35,134,,InterPro:IPR031424
A0A4Z2D469,Protein sleepless,Schistosoma japonicum (Blood fluke),148,26,119,,InterPro:IPR031424
A0A4Z2D9A9,Inactive hydroxysteroid dehydrogenase-like protein,Schistosoma japonicum (Blood fluke),448,9,132,,InterPro:IPR031424
A0A4Z2DB28,Protein quiver,Schistosoma japonicum (Blood fluke),149,34,122,,InterPro:IPR031424
A0A4Z2DD21,Protein quiver,Schistosoma japonicum (Blood fluke),206,66,174,,InterPro:IPR031424
A0A4Z2DPU0,Protein quiver,Schistosoma japonicum (Blood fluke),134,19,108,,InterPro:IPR031424
A0A4Z2DUF1,Protein quiver,Schistosoma japonicum (Blood fluke),108,15,106,,InterPro:IPR031424
A0A504Y6C3,Protein quiver,Fasciola gigantica (Giant liver fluke),143,26,114,,InterPro:IPR031424
A0A504YAR7,Cadmium metallothionein (MT-Cd) (Cd-MT),Fasciola gigantica (Giant liver fluke),152,25,120,,InterPro:IPR031424
A0A504YCH7,Uncharacterized protein,Fasciola gigantica (Giant liver fluke),136,20,109,,InterPro:IPR031424
A0A504YHT5,UPAR/Ly6 domain-containing protein qvr,Fasciola gigantica (Giant liver fluke),138,17,113,,InterPro:IPR031424
A0A504YLK1,UPAR/Ly6 domain-containing protein qvr,Fasciola gigantica (Giant liver fluke),153,43,131,,InterPro:IPR031424
A0A504YR38,Splicing factor 4,Fasciola gigantica (Giant liver fluke),146,24,123,,InterPro:IPR031424
A0A504YUD3,Putative conserved secreted protein,Fasciola gigantica (Giant liver fluke),150,28,116,,InterPro:IPR031424
A0A504Z8N5,Steroid dehydrogenase,Fasciola gigantica (Giant liver fluke),171,20,143,,InterPro:IPR031424
A0A504ZC23,Protein quiver,Fasciola gigantica (Giant liver fluke),150,29,123,,InterPro:IPR031424
A0A553NCU0,Uncharacterized protein,Tigriopus californicus (Marine copepod),176,23,136,,InterPro:IPR031424
A0A553NPQ1,Uncharacterized protein,Tigriopus californicus (Marine copepod),146,27,104,,InterPro:IPR031424
A0A553NQ89,Uncharacterized protein,Tigriopus californicus (Marine copepod),119,22,94,,InterPro:IPR031424
A0A553NQV8,Uncharacterized protein,Tigriopus californicus (Marine copepod),151,27,127,,InterPro:IPR031424
A0A553NR50,Uncharacterized protein,Tigriopus californicus (Marine copepod),144,20,116,,InterPro:IPR031424
A0A553NR54,Protein sleepless,Tigriopus californicus (Marine copepod),140,30,111,,InterPro:IPR031424
A0A553NUE4,UPAR/Ly6 domain-containing protein qvr,Tigriopus californicus (Marine copepod),307,95,179,,InterPro:IPR031424
A0A553NUS9,UPAR/Ly6 domain-containing protein qvr,Tigriopus californicus (Marine copepod),164,42,130,,InterPro:IPR031424
A0A553P5R1,Uncharacterized protein,Tigriopus californicus (Marine copepod),164,20,138,,InterPro:IPR031424
A0A553P6H6,Uncharacterized protein,Tigriopus californicus (Marine copepod),310,32,125,,InterPro:IPR031424
A0A553P6H6,Uncharacterized protein,Tigriopus californicus (Marine copepod),310,181,280,,InterPro:IPR031424
A0A553P732,Uncharacterized protein,Tigriopus californicus (Marine copepod),128,30,107,,InterPro:IPR031424
A0A553P7J2,G-protein coupled receptors family 1 profile domain-containing protein,Tigriopus californicus (Marine copepod),625,511,602,,InterPro:IPR031424
A0A553PCD9,Protein sleepless,Tigriopus californicus (Marine copepod),216,106,193,,InterPro:IPR031424
A0A553PDH5,Uncharacterized protein,Tigriopus californicus (Marine copepod),138,24,105,,InterPro:IPR031424
A0A553PDI7,Uncharacterized protein,Tigriopus californicus (Marine copepod),140,29,113,,InterPro:IPR031424
A0A553PGI9,Protein sleepless,Tigriopus californicus (Marine copepod),148,24,115,,InterPro:IPR031424
A0A553PH02,Protein quiver,Tigriopus californicus (Marine copepod),177,31,154,,InterPro:IPR031424
A0A553PNN4,Uncharacterized protein,Tigriopus californicus (Marine copepod),126,31,103,,InterPro:IPR031424
A0A553PPM9,Protein sleepless,Tigriopus californicus (Marine copepod),121,29,97,,InterPro:IPR031424
A0A553PQ88,Uncharacterized protein,Tigriopus californicus (Marine copepod),168,65,138,,InterPro:IPR031424
A0A553PQL1,Uncharacterized protein,Tigriopus californicus (Marine copepod),120,29,96,,InterPro:IPR031424
A0A553PT36,Uncharacterized protein,Tigriopus californicus (Marine copepod),143,23,120,,InterPro:IPR031424
A0A564Y9T2,Protein sleepless,Hymenolepis diminuta (Rat tapeworm),128,18,109,,InterPro:IPR031424
A0A564YI64,Protein quiver,Hymenolepis diminuta (Rat tapeworm),139,18,117,,InterPro:IPR031424
A0A564YI66,Protein quiver,Hymenolepis diminuta (Rat tapeworm),146,25,124,,InterPro:IPR031424
A0A564YKX2,Protein quiver,Hymenolepis diminuta (Rat tapeworm),130,22,104,,InterPro:IPR031424
A0A564YYV2,Protein quiver,Hymenolepis diminuta (Rat tapeworm),172,23,145,,InterPro:IPR031424
A0A564Z0A2,UPAR/Ly6 domain-containing protein qvr,Hymenolepis diminuta (Rat tapeworm),142,24,120,,InterPro:IPR031424
A0A564Z0U3,Protein quiver,Hymenolepis diminuta (Rat tapeworm),171,30,125,,InterPro:IPR031424
A0A564Z978,Protein quiver,Hymenolepis diminuta (Rat tapeworm),174,38,146,,InterPro:IPR031424
A0A5B7D422,Uncharacterized protein,Portunus trituberculatus (Swimming crab),135,17,108,,InterPro:IPR031424
A0A5B7DT99,Uncharacterized protein,Portunus trituberculatus (Swimming crab),155,38,130,,InterPro:IPR031424
A0A5B7EJP7,Uncharacterized protein,Portunus trituberculatus (Swimming crab),143,26,121,,InterPro:IPR031424
A0A5B7F6S9,Uncharacterized protein,Portunus trituberculatus (Swimming crab),159,3,96,,InterPro:IPR031424
A0A5B7FUR1,Uncharacterized protein,Portunus trituberculatus (Swimming crab),114,20,92,,InterPro:IPR031424
A0A5E4M317,Uncharacterized protein,Cinara cedri,151,31,129,,InterPro:IPR031424
A0A5E4M6B2,Uncharacterized protein,Cinara cedri,145,27,119,,InterPro:IPR031424
A0A5E4M857,Uncharacterized protein,Cinara cedri,177,22,151,,InterPro:IPR031424
A0A5E4M9I7,Uncharacterized protein,Cinara cedri,122,23,95,,InterPro:IPR031424
A0A5E4MDH8,Uncharacterized protein,Cinara cedri,154,17,128,,InterPro:IPR031424
A0A5E4MHZ6,Uncharacterized protein,Cinara cedri,163,26,137,,InterPro:IPR031424
A0A5E4MVA2,Protein quiver,Cinara cedri,172,28,138,,InterPro:IPR031424
A0A5E4MZH3,Uncharacterized protein,Cinara cedri,154,24,127,,InterPro:IPR031424
A0A5E4N1F7,Uncharacterized protein,Cinara cedri,147,24,122,,InterPro:IPR031424
A0A5E4N1V0,Uncharacterized protein,Cinara cedri,157,27,130,,InterPro:IPR031424
A0A5E4NG84,Uncharacterized protein,Cinara cedri,153,25,125,,InterPro:IPR031424
A0A5E4NGU8,Uncharacterized protein,Cinara cedri,131,14,106,,InterPro:IPR031424
A0A5E4NJM4,Uncharacterized protein,Cinara cedri,157,30,126,,InterPro:IPR031424
A0A5E4NJZ2,Uncharacterized protein,Cinara cedri,153,26,122,,InterPro:IPR031424
A0A5E4NK71,Uncharacterized protein,Cinara cedri,142,25,117,,InterPro:IPR031424
A0A5E4NPP4,Protein sleepless,Cinara cedri,156,22,119,,InterPro:IPR031424
A0A5E4NQK3,Protein sleepless,Cinara cedri,142,25,117,,InterPro:IPR031424
A0A5E4PYN5,Uncharacterized protein,Leptidea sinapis,146,20,122,,InterPro:IPR031424
A0A5E4PYU6,Uncharacterized protein,Leptidea sinapis,146,22,121,,InterPro:IPR031424
A0A5E4PZA4,Uncharacterized protein,Leptidea sinapis,151,23,129,,InterPro:IPR031424
A0A5E4Q076,Uncharacterized protein,Leptidea sinapis,151,26,123,,InterPro:IPR031424
A0A5E4Q3I3,Uncharacterized protein,Leptidea sinapis,117,19,96,,InterPro:IPR031424
A0A5E4Q7F4,Uncharacterized protein,Leptidea sinapis,369,237,349,,InterPro:IPR031424
A0A5E4Q7F4,Uncharacterized protein,Leptidea sinapis,369,22,138,,InterPro:IPR031424
A0A5E4QAD1,Protein quiver,Leptidea sinapis,81,22,61,,InterPro:IPR031424
A0A5E4QAV3,Protein sleepless,Leptidea sinapis,77,20,68,,InterPro:IPR031424
A0A5E4QBD9,Uncharacterized protein,Leptidea sinapis,141,19,120,,InterPro:IPR031424
A0A5E4QWQ7,UPAR/Ly6 domain-containing protein qvr,Leptidea sinapis,159,48,136,,InterPro:IPR031424
A0A5E4R4B6,Protein sleepless,Leptidea sinapis,265,59,159,,InterPro:IPR031424
A0A5J4ND65,Protein quiver,Paragonimus westermani,202,57,177,,InterPro:IPR031424
A0A5J4NJT9,Protein quiver,Paragonimus westermani,145,29,116,,InterPro:IPR031424
A0A5J4NMT6,UPAR/Ly6 domain-containing protein qvr,Paragonimus westermani,147,33,120,,InterPro:IPR031424
A0A5J4NQX7,Protein quiver,Paragonimus westermani,143,18,113,,InterPro:IPR031424
A0A5J4NT09,Protein sleepless,Paragonimus westermani,144,27,116,,InterPro:IPR031424
A0A5J4NVZ6,Protein quiver,Paragonimus westermani,157,24,123,,InterPro:IPR031424
A0A5K3EIF3,Protein quiver,Mesocestoides corti (Flatworm),133,21,107,,InterPro:IPR031424
A0A5K3END0,Protein quiver,Mesocestoides corti (Flatworm),151,30,125,,InterPro:IPR031424
A0A5K3EPV6,Protein quiver,Mesocestoides corti (Flatworm),170,23,145,,InterPro:IPR031424
A0A5K3EW14,Protein quiver,Mesocestoides corti (Flatworm),154,40,128,,InterPro:IPR031424
A0A5K3EW89,UPAR/Ly6 domain-containing protein qvr,Mesocestoides corti (Flatworm),141,21,117,,InterPro:IPR031424
A0A5K3EWK0,Protein sleepless,Mesocestoides corti (Flatworm),141,23,117,,InterPro:IPR031424
A0A5K3FAR6,Protein quiver,Mesocestoides corti (Flatworm),208,93,184,,InterPro:IPR031424
A0A5K3FB28,Protein quiver,Mesocestoides corti (Flatworm),173,38,146,,InterPro:IPR031424
A0A5K3FCY1,UPAR/Ly6 domain-containing protein qvr,Mesocestoides corti (Flatworm),140,25,116,,InterPro:IPR031424
A0A5K3FJ05,Protein quiver,Mesocestoides corti (Flatworm),149,26,125,,InterPro:IPR031424
A0A5K3FV82,Protein sleepless,Mesocestoides corti (Flatworm),138,18,109,,InterPro:IPR031424
A0A5K4F4T3,Protein quiver,Schistosoma mansoni (Blood fluke),168,21,144,,InterPro:IPR031424
A0A5K4F933,Protein quiver,Schistosoma mansoni (Blood fluke),134,19,108,,InterPro:IPR031424
A0A5N4A2X1,Protein sleepless,Photinus pyralis (Common eastern firefly),108,20,104,,InterPro:IPR031424
A0A5N4A3H5,Uncharacterized protein,Photinus pyralis (Common eastern firefly),115,20,111,,InterPro:IPR031424
A0A5N4A3J2,Protein sleepless,Photinus pyralis (Common eastern firefly),114,20,110,,InterPro:IPR031424
A0A5N4A3L3,Uncharacterized protein,Photinus pyralis (Common eastern firefly),148,54,144,,InterPro:IPR031424
A0A5N4A4R5,Uncharacterized protein,Photinus pyralis (Common eastern firefly),161,39,135,,InterPro:IPR031424
A0A5N4A5D2,Uncharacterized protein,Photinus pyralis (Common eastern firefly),142,46,137,,InterPro:IPR031424
A0A5N4A6E8,Protein sleepless,Photinus pyralis (Common eastern firefly),126,25,103,,InterPro:IPR031424
A0A5N4A6F1,Uncharacterized protein,Photinus pyralis (Common eastern firefly),164,27,142,,InterPro:IPR031424
A0A5N4A6F7,Uncharacterized protein,Photinus pyralis (Common eastern firefly),129,21,99,,InterPro:IPR031424
A0A5N4A6G2,Uncharacterized protein,Photinus pyralis (Common eastern firefly),122,25,98,,InterPro:IPR031424
A0A5N4A6G7,Protein sleepless,Photinus pyralis (Common eastern firefly),168,24,101,,InterPro:IPR031424
A0A5N4A6I1,Uncharacterized protein,Photinus pyralis (Common eastern firefly),122,19,97,,InterPro:IPR031424
A0A5N4A9K8,Uncharacterized protein,Photinus pyralis (Common eastern firefly),116,25,111,,InterPro:IPR031424
A0A5N4AAA5,Uncharacterized protein,Photinus pyralis (Common eastern firefly),146,26,124,,InterPro:IPR031424
A0A5N4AAD0,Uncharacterized protein,Photinus pyralis (Common eastern firefly),130,10,108,,InterPro:IPR031424
A0A5N4AFG3,Uncharacterized protein,Photinus pyralis (Common eastern firefly),107,20,106,,InterPro:IPR031424
A0A5N4AYJ8,Uncharacterized protein,Photinus pyralis (Common eastern firefly),143,23,114,,InterPro:IPR031424
A0A5N4AZI0,Uncharacterized protein,Photinus pyralis (Common eastern firefly),156,22,133,,InterPro:IPR031424
A0A5N4AZS7,UPAR/Ly6 domain-containing protein qvr,Photinus pyralis (Common eastern firefly),162,15,102,,InterPro:IPR031424
A0A5N4B0H7,UPAR/Ly6 domain-containing protein qvr,Photinus pyralis (Common eastern firefly),132,10,97,,InterPro:IPR031424
A0A5N4B3V1,UPAR/Ly6 domain-containing protein qvr,Photinus pyralis (Common eastern firefly),148,33,121,,InterPro:IPR031424
A0A5N5SYJ9,Uncharacterized protein,Armadillidium nasatum,153,26,125,,InterPro:IPR031424
A0A5N5TFK8,Uncharacterized protein,Armadillidium nasatum,145,5,88,,InterPro:IPR031424
A0A5N5TH56,Uncharacterized protein,Armadillidium nasatum,166,61,135,,InterPro:IPR031424
A0A5N5TJ06,Uncharacterized protein,Armadillidium nasatum,156,49,129,,InterPro:IPR031424
A0A5S6QZU5,Protein sleepless,Trichuris muris (Mouse whipworm),171,29,140,,InterPro:IPR031424
A0A646QE61,Omega-scoloptoxin,Hemiscolopendra marginata,140,24,108,,InterPro:IPR031424
A0A646QFD7,Omega-scoloptoxin,Hemiscolopendra marginata,129,25,101,,InterPro:IPR031424
A0A653BDF4,Uncharacterized protein,Callosobruchus maculatus (Southern cowpea weevil),157,23,134,,InterPro:IPR031424
A0A653BH45,Uncharacterized protein,Callosobruchus maculatus (Southern cowpea weevil),147,26,123,,InterPro:IPR031424
A0A653BKG3,Uncharacterized protein,Callosobruchus maculatus (Southern cowpea weevil),108,22,106,,InterPro:IPR031424
A0A653BLA2,UPAR/Ly6 domain-containing protein qvr,Callosobruchus maculatus (Southern cowpea weevil),163,32,120,,InterPro:IPR031424
A0A653BPG9,Protein sleepless,Callosobruchus maculatus (Southern cowpea weevil),113,28,111,,InterPro:IPR031424
A0A653BQR1,Kazal-like domain-containing protein,Callosobruchus maculatus (Southern cowpea weevil),96,50,79,,InterPro:IPR031424
A0A653BSB7,Uncharacterized protein,Callosobruchus maculatus (Southern cowpea weevil),139,23,118,,InterPro:IPR031424
A0A653BU23,Protein sleepless,Callosobruchus maculatus (Southern cowpea weevil),126,22,100,,InterPro:IPR031424
A0A653BUJ7,Uncharacterized protein,Callosobruchus maculatus (Southern cowpea weevil),125,36,120,,InterPro:IPR031424
A0A653BUM3,Protein quiver,Callosobruchus maculatus (Southern cowpea weevil),129,40,127,,InterPro:IPR031424
A0A653BVG5,Protein sleepless,Callosobruchus maculatus (Southern cowpea weevil),129,40,128,,InterPro:IPR031424
A0A653BWG8,Protein sleepless,Callosobruchus maculatus (Southern cowpea weevil),112,23,111,,InterPro:IPR031424
A0A653BYS3,Uncharacterized protein,Callosobruchus maculatus (Southern cowpea weevil),163,19,136,,InterPro:IPR031424
A0A653BZ94,Protein sleepless,Callosobruchus maculatus (Southern cowpea weevil),119,27,114,,InterPro:IPR031424
A0A653C5A2,Uncharacterized protein,Callosobruchus maculatus (Southern cowpea weevil),145,24,123,,InterPro:IPR031424
A0A653CEK6,Protein sleepless,Callosobruchus maculatus (Southern cowpea weevil),126,36,124,,InterPro:IPR031424
A0A653CEX8,Uncharacterized protein,Callosobruchus maculatus (Southern cowpea weevil),101,11,99,,InterPro:IPR031424
A0A653CKF9,Uncharacterized protein,Callosobruchus maculatus (Southern cowpea weevil),114,23,111,,InterPro:IPR031424
A0A653CQ70,Uncharacterized protein,Callosobruchus maculatus (Southern cowpea weevil),104,20,103,,InterPro:IPR031424
A0A653CSA9,Uncharacterized protein,Callosobruchus maculatus (Southern cowpea weevil),123,39,122,,InterPro:IPR031424
A0A653D537,Uncharacterized protein,Callosobruchus maculatus (Southern cowpea weevil),83,26,78,,InterPro:IPR031424
A0A653D595,Uncharacterized protein,Callosobruchus maculatus (Southern cowpea weevil),113,24,111,,InterPro:IPR031424
A0A653D5Q7,Protein sleepless,Callosobruchus maculatus (Southern cowpea weevil),112,23,108,,InterPro:IPR031424
A0A653D7H6,Uncharacterized protein,Callosobruchus maculatus (Southern cowpea weevil),98,11,96,,InterPro:IPR031424
A0A653DA35,Uncharacterized protein,Callosobruchus maculatus (Southern cowpea weevil),166,25,138,,InterPro:IPR031424
A0A653DE43,Uncharacterized protein,Callosobruchus maculatus (Southern cowpea weevil),149,22,125,,InterPro:IPR031424
A0A653DE45,Uncharacterized protein,Callosobruchus maculatus (Southern cowpea weevil),191,91,166,,InterPro:IPR031424
A0A653DEN0,Uncharacterized protein,Callosobruchus maculatus (Southern cowpea weevil),177,34,152,,InterPro:IPR031424
A0A653DEQ7,Uncharacterized protein,Callosobruchus maculatus (Southern cowpea weevil),131,20,105,,InterPro:IPR031424
A0A653DF82,Uncharacterized protein,Callosobruchus maculatus (Southern cowpea weevil),138,20,114,,InterPro:IPR031424
A0A653DWJ3,Uncharacterized protein,Callosobruchus maculatus (Southern cowpea weevil),113,23,111,,InterPro:IPR031424
A0A6A0GNX7,Protein sleepless,Hyalella azteca (Amphipod),159,20,132,,InterPro:IPR031424
A0A6A0GXP2,Protein sleepless,Hyalella azteca (Amphipod),129,7,107,,InterPro:IPR031424
A0A6A0H5H7,Uncharacterized protein,Hyalella azteca (Amphipod),213,87,184,,InterPro:IPR031424
A0A6A0H7T5,Uncharacterized protein,Hyalella azteca (Amphipod),134,9,108,,InterPro:IPR031424
A0A6A4II55,Protein sleepless,Apolygus lucorum (Small green plant bug),158,22,134,,InterPro:IPR031424
A0A6A4IMS1,Protein sleepless,Apolygus lucorum (Small green plant bug),168,53,144,,InterPro:IPR031424
A0A6A4INX2,Uncharacterized protein,Apolygus lucorum (Small green plant bug),145,26,121,,InterPro:IPR031424
A0A6A4ITQ4,Uncharacterized protein,Apolygus lucorum (Small green plant bug),167,27,138,,InterPro:IPR031424
A0A6A4J1W8,Uncharacterized protein,Apolygus lucorum (Small green plant bug),155,23,124,,InterPro:IPR031424
A0A6A4J930,Uncharacterized protein,Apolygus lucorum (Small green plant bug),145,23,121,,InterPro:IPR031424
A0A6A4JC18,Uncharacterized protein,Apolygus lucorum (Small green plant bug),143,21,115,,InterPro:IPR031424
A0A6A4JWQ6,Uncharacterized protein,Apolygus lucorum (Small green plant bug),153,25,128,,InterPro:IPR031424
A0A6A4JX89,Uncharacterized protein,Apolygus lucorum (Small green plant bug),147,25,120,,InterPro:IPR031424
A0A6A4K0T2,Uncharacterized protein,Apolygus lucorum (Small green plant bug),177,58,151,,InterPro:IPR031424
A0A6A4K732,Uncharacterized protein,Apolygus lucorum (Small green plant bug),188,65,162,,InterPro:IPR031424
A0A6A4K945,Uncharacterized protein,Apolygus lucorum (Small green plant bug),144,19,118,,InterPro:IPR031424
A0A6A4KLE7,Protein sleepless,Apolygus lucorum (Small green plant bug),148,13,123,,InterPro:IPR031424
A0A6A4UY48,Uncharacterized protein,Amphibalanus amphitrite (Striped barnacle),145,25,120,,InterPro:IPR031424
A0A6A4V6J5,Uncharacterized protein,Amphibalanus amphitrite (Striped barnacle),129,25,105,,InterPro:IPR031424
A0A6A4V9R2,Uncharacterized protein,Amphibalanus amphitrite (Striped barnacle),216,112,192,,InterPro:IPR031424
A0A6A4VAV1,Uncharacterized protein,Amphibalanus amphitrite (Striped barnacle),135,25,111,,InterPro:IPR031424
A0A6A4VEB1,Uncharacterized protein,Amphibalanus amphitrite (Striped barnacle),135,25,111,,InterPro:IPR031424
A0A6A4VLG5,UPAR/Ly6 domain-containing protein qvr,Amphibalanus amphitrite (Striped barnacle),144,37,121,,InterPro:IPR031424
A0A6A4VM60,Uncharacterized protein,Amphibalanus amphitrite (Striped barnacle),135,10,107,,InterPro:IPR031424
A0A6A4VRB7,Uncharacterized protein,Amphibalanus amphitrite (Striped barnacle),148,19,123,,InterPro:IPR031424
A0A6A4VSA5,UPAR/Ly6 domain-containing protein qvr,Amphibalanus amphitrite (Striped barnacle),139,32,116,,InterPro:IPR031424
A0A6A4VUF7,Uncharacterized protein,Amphibalanus amphitrite (Striped barnacle),146,30,118,,InterPro:IPR031424
A0A6A4W2C1,Uncharacterized protein,Amphibalanus amphitrite (Striped barnacle),156,30,129,,InterPro:IPR031424
A0A6A4W4T4,Uncharacterized protein,Amphibalanus amphitrite (Striped barnacle),136,23,113,,InterPro:IPR031424
A0A6A4W6Q9,Uncharacterized protein,Amphibalanus amphitrite (Striped barnacle),137,24,115,,InterPro:IPR031424
A0A6A4W7X8,Uncharacterized protein,Amphibalanus amphitrite (Striped barnacle),115,3,92,,InterPro:IPR031424
A0A6A4WDU8,Uncharacterized protein,Amphibalanus amphitrite (Striped barnacle),238,125,216,,InterPro:IPR031424
A0A6A4WF08,Protein sleepless,Amphibalanus amphitrite (Striped barnacle),156,23,133,,InterPro:IPR031424
A0A6A4WG53,UPAR/Ly6 domain-containing protein qvr,Amphibalanus amphitrite (Striped barnacle),127,18,105,,InterPro:IPR031424
A0A6A4WIV1,Uncharacterized protein,Amphibalanus amphitrite (Striped barnacle),149,24,117,,InterPro:IPR031424
A0A6A4WNE0,Uncharacterized protein,Amphibalanus amphitrite (Striped barnacle),151,27,124,,InterPro:IPR031424
A0A6A4WSM4,Uncharacterized protein,Amphibalanus amphitrite (Striped barnacle),149,21,124,,InterPro:IPR031424
A0A6A4WTC2,Uncharacterized protein,Amphibalanus amphitrite (Striped barnacle),131,15,103,,InterPro:IPR031424
A0A6A4WYH6,Uncharacterized protein,Amphibalanus amphitrite (Striped barnacle),156,23,134,,InterPro:IPR031424
A0A6A4WZS7,UPAR/Ly6 domain-containing protein qvr,Amphibalanus amphitrite (Striped barnacle),127,18,105,,InterPro:IPR031424
A0A6A4XAD5,Uncharacterized protein,Amphibalanus amphitrite (Striped barnacle),156,30,129,,InterPro:IPR031424
A0A6A4XCK3,Uncharacterized protein,Amphibalanus amphitrite (Striped barnacle),156,23,134,,InterPro:IPR031424
A0A6A5FZ31,Protein sleepless,Caenorhabditis remanei,143,29,118,,InterPro:IPR031424
A0A6A5GE48,UPAR/Ly6 domain-containing protein,Caenorhabditis remanei,127,18,100,,InterPro:IPR031424
A0A6A5HDZ5,Protein sleepless,Caenorhabditis remanei,115,13,96,,InterPro:IPR031424
A0A6B2E660,Putative conserved secreted protein,Phlebotomus kandelakii,153,22,129,,InterPro:IPR031424
A0A6B2E6C7,Putative conserved secreted protein,Phlebotomus kandelakii,154,26,129,,InterPro:IPR031424
A0A6B2E8P0,Putative conserved secreted protein,Phlebotomus kandelakii,151,26,125,,InterPro:IPR031424
A0A6B2E8Y3,Putative conserved secreted protein,Phlebotomus kandelakii,137,22,117,,InterPro:IPR031424
A0A6B2EER5,UPAR/Ly6 domain-containing protein qvr,Phlebotomus kandelakii,151,35,123,,InterPro:IPR031424
A0A6B2EFY4,Putative secreted protein,Phlebotomus kandelakii,145,25,119,,InterPro:IPR031424
A0A6E8V5A6,Protein sleepless,Anopheles coluzzii (African malaria mosquito),210,53,163,,InterPro:IPR031424
A0A6E8VBH2,Uncharacterized protein,Anopheles coluzzii (African malaria mosquito),172,31,139,,InterPro:IPR031424
A0A6E8VTW6,Protein sleepless,Anopheles coluzzii (African malaria mosquito),148,21,114,,InterPro:IPR031424
A0A6E8VUF3,Uncharacterized protein,Anopheles coluzzii (African malaria mosquito),143,26,120,,InterPro:IPR031424
A0A6E8VVT9,Uncharacterized protein,Anopheles coluzzii (African malaria mosquito),158,28,127,,InterPro:IPR031424
A0A6E8VVV8,Uncharacterized protein,Anopheles coluzzii (African malaria mosquito),172,24,139,,InterPro:IPR031424
A0A6E8VWJ5,Uncharacterized protein,Anopheles coluzzii (African malaria mosquito),159,26,135,,InterPro:IPR031424
A0A6E8VXL4,Uncharacterized protein,Anopheles coluzzii (African malaria mosquito),149,20,123,,InterPro:IPR031424
A0A6E8W4Z0,Uncharacterized protein,Anopheles coluzzii (African malaria mosquito),164,33,129,,InterPro:IPR031424
A0A6E8W585,Uncharacterized protein,Anopheles coluzzii (African malaria mosquito),166,25,138,,InterPro:IPR031424
A0A6E8W8N1,UPAR/Ly6 domain-containing protein qvr,Anopheles coluzzii (African malaria mosquito),157,33,121,,InterPro:IPR031424
A0A6E8W9S6,UPAR/Ly6 domain-containing protein qvr,Anopheles coluzzii (African malaria mosquito),156,32,120,,InterPro:IPR031424
A0A6E8WAH5,Protein sleepless,Anopheles coluzzii (African malaria mosquito),152,26,128,,InterPro:IPR031424
A0A6G0TBQ7,UPAR/Ly6 domain-containing protein,Aphis glycines (Soybean aphid),216,25,186,,InterPro:IPR031424
A0A6G0TK47,Protein sleepless,Aphis glycines (Soybean aphid),205,32,92,,InterPro:IPR031424
A0A6G0TK47,Protein sleepless,Aphis glycines (Soybean aphid),205,131,183,,InterPro:IPR031424
A0A6G0TKG0,Uncharacterized protein,Aphis glycines (Soybean aphid),177,21,150,,InterPro:IPR031424
A0A6G0TRG3,Protein sleepless,Aphis glycines (Soybean aphid),216,66,182,,InterPro:IPR031424
A0A6G0TTL3,RING-type E3 ubiquitin transferase,Aphis glycines (Soybean aphid),555,418,529,,InterPro:IPR031424
A0A6G0U0N0,Uncharacterized protein,Aphis glycines (Soybean aphid),318,143,233,,InterPro:IPR031424
A0A6G0UGY3,Protein sleepless,Halicephalobus sp. NKZ332,171,45,147,,InterPro:IPR031424
A0A6G0UMD7,Protein quiver,Halicephalobus sp. NKZ332,411,250,389,,InterPro:IPR031424
A0A6G0UPM3,UPAR/Ly6 domain-containing protein qvr,Halicephalobus sp. NKZ332,258,41,150,,InterPro:IPR031424
A0A6G0Y7C5,Protein sleepless,Aphis craccivora (Cowpea aphid),140,25,115,,InterPro:IPR031424
A0A6G0YB70,Protein retroactive,Aphis craccivora (Cowpea aphid),155,25,125,,InterPro:IPR031424
A0A6G0YID2,Protein sleepless,Aphis craccivora (Cowpea aphid),160,26,123,,InterPro:IPR031424
A0A6G0YPW1,ACYPI003247 protein,Aphis craccivora (Cowpea aphid),154,25,128,,InterPro:IPR031424
A0A6G0YQ80,Uncharacterized protein,Aphis craccivora (Cowpea aphid),147,24,122,,InterPro:IPR031424
A0A6G0YW78,Protein sleepless,Aphis craccivora (Cowpea aphid),183,33,149,,InterPro:IPR031424
A0A6G0Z012,Salivary protein MYS2,Aphis craccivora (Cowpea aphid),192,32,165,,InterPro:IPR031424
A0A6G0Z0E6,ACYPI002217 protein,Aphis craccivora (Cowpea aphid),157,12,135,,InterPro:IPR031424
A0A6G0Z1Y9,Protein quiver-like,Aphis craccivora (Cowpea aphid),153,19,115,,InterPro:IPR031424
A0A6G0ZGM1,Uncharacterized protein,Aphis craccivora (Cowpea aphid),161,24,135,,InterPro:IPR031424
A0A6G1S3T1,Uncharacterized protein,Aceria tosichella (wheat curl mite),183,27,139,,InterPro:IPR031424
A0A6G1S4C5,Uncharacterized protein,Aceria tosichella (wheat curl mite),190,35,162,,InterPro:IPR031424
A0A6G1S5R5,Uncharacterized protein,Aceria tosichella (wheat curl mite),257,120,211,,InterPro:IPR031424
A0A6G1S6T5,Uncharacterized protein,Aceria tosichella (wheat curl mite),175,47,146,,InterPro:IPR031424
A0A6G1S6Z8,Uncharacterized protein,Aceria tosichella (wheat curl mite),154,36,123,,InterPro:IPR031424
A0A6G1S7V2,UPAR/Ly6 domain-containing protein qvr,Aceria tosichella (wheat curl mite),265,84,224,,InterPro:IPR031424
A0A6G1S9D1,Uncharacterized protein,Aceria tosichella (wheat curl mite),174,23,125,,InterPro:IPR031424
A0A6G1SMF5,Protein quiver,Aceria tosichella (wheat curl mite),243,80,201,,InterPro:IPR031424
A0A6G1SPW6,UPAR/Ly6 domain-containing protein qvr,Aceria tosichella (wheat curl mite),224,43,183,,InterPro:IPR031424
A0A6G5A094,Putative secreted protein,Rhipicephalus microplus (Cattle tick),124,26,109,,InterPro:IPR031424
A0A6G5A329,Putative conserved secreted protein,Rhipicephalus microplus (Cattle tick),158,26,129,,InterPro:IPR031424
A0A6G5A576,Putative kunitz-like protein,Rhipicephalus microplus (Cattle tick),157,22,132,,InterPro:IPR031424
A0A6G5A5X8,Putative conserved secreted protein,Rhipicephalus microplus (Cattle tick),144,29,121,,InterPro:IPR031424
A0A6G5AGE7,Uncharacterized protein,Rhipicephalus microplus (Cattle tick),151,25,112,,InterPro:IPR031424
A0A6G7S6M1,Retroactive,Glyphodes pyloalis (Lesser mulberry snout moth),146,25,122,,InterPro:IPR031424
A0A6H5GGX0,UPAR/Ly6 domain-containing protein qvr,Nesidiocoris tenuis,137,26,114,,InterPro:IPR031424
A0A6H5GH50,Uncharacterized protein,Nesidiocoris tenuis,147,23,121,,InterPro:IPR031424
A0A6H5HD54,Uncharacterized protein,Nesidiocoris tenuis,162,21,132,,InterPro:IPR031424
A0A6H5HDD0,Uncharacterized protein,Nesidiocoris tenuis,141,16,113,,InterPro:IPR031424
A0A6H5HFF5,Uncharacterized protein,Nesidiocoris tenuis,148,19,118,,InterPro:IPR031424
A0A6H5HIC9,Uncharacterized protein,Nesidiocoris tenuis,148,19,118,,InterPro:IPR031424
A0A6H5HXH1,Uncharacterized protein,Nesidiocoris tenuis,149,25,120,,InterPro:IPR031424
A0A6H5ID83,Uncharacterized protein,Trichogramma brassicae,128,9,103,,InterPro:IPR031424
A0A6H5IS47,UPAR/Ly6 domain-containing protein qvr,Trichogramma brassicae,145,30,117,,InterPro:IPR031424
A0A6H5IUL8,Uncharacterized protein,Trichogramma brassicae,123,8,96,,InterPro:IPR031424
A0A6H5J2L6,Uncharacterized protein,Trichogramma brassicae,151,17,112,,InterPro:IPR031424
A0A6H5J5Q9,Uncharacterized protein,Trichogramma brassicae,152,22,125,,InterPro:IPR031424
A0A6I8T4U3,Uncharacterized protein,Aedes aegypti (Yellowfever mosquito),141,21,110,,InterPro:IPR031424
A0A6I8T6V1,Uncharacterized protein,Aedes aegypti (Yellowfever mosquito),153,30,126,,InterPro:IPR031424
A0A6I8TFC3,UPAR/Ly6 domain-containing protein qvr,Aedes aegypti (Yellowfever mosquito),154,32,120,,InterPro:IPR031424
A0A6I8U3G8,Uncharacterized protein,Aedes aegypti (Yellowfever mosquito),170,24,139,,InterPro:IPR031424
A0A6I8UFL7,Uncharacterized protein rtv isoform X2,Drosophila pseudoobscura pseudoobscura (Fruit fly),154,29,125,,InterPro:IPR031424
A0A6I8UK02,Uncharacterized protein atilla,Drosophila pseudoobscura pseudoobscura (Fruit fly),143,22,118,,InterPro:IPR031424
A0A6I8UK35,Uncharacterized protein,Drosophila pseudoobscura pseudoobscura (Fruit fly),155,22,125,,InterPro:IPR031424
A0A6I8UK73,Uncharacterized protein,Drosophila pseudoobscura pseudoobscura (Fruit fly),148,24,125,,InterPro:IPR031424
A0A6I8UKI6,Uncharacterized protein,Drosophila pseudoobscura pseudoobscura (Fruit fly),150,21,122,,InterPro:IPR031424
A0A6I8UTU9,Uncharacterized protein,Drosophila pseudoobscura pseudoobscura (Fruit fly),161,27,131,,InterPro:IPR031424
A0A6I8UVN6,Uncharacterized protein,Drosophila pseudoobscura pseudoobscura (Fruit fly),155,24,120,,InterPro:IPR031424
A0A6I8UXP0,Uncharacterized protein,Drosophila pseudoobscura pseudoobscura (Fruit fly),150,20,124,,InterPro:IPR031424
A0A6I8UXR7,Uncharacterized protein,Drosophila pseudoobscura pseudoobscura (Fruit fly),157,28,131,,InterPro:IPR031424
A0A6I8VQE7,UPAR/Ly6 domain-containing protein qvr,Drosophila pseudoobscura pseudoobscura (Fruit fly),160,40,128,,InterPro:IPR031424
A0A6I8VQH9,UPAR/Ly6 domain-containing protein qvr,Drosophila pseudoobscura pseudoobscura (Fruit fly),157,37,125,,InterPro:IPR031424
A0A6I8VUF7,Uncharacterized protein,Drosophila pseudoobscura pseudoobscura (Fruit fly),182,35,153,,InterPro:IPR031424
A0A6I8VXB5,U-scoloptoxin(05)-Er3a,Drosophila pseudoobscura pseudoobscura (Fruit fly),145,24,118,,InterPro:IPR031424
A0A6I8W4H1,Uncharacterized protein rtv isoform X1,Drosophila pseudoobscura pseudoobscura (Fruit fly),174,49,145,,InterPro:IPR031424
A0A6I9V027,Uncharacterized protein LOC105226888 isoform X1,Bactrocera dorsalis (Oriental fruit fly),175,32,149,,InterPro:IPR031424
A0A6I9V6C3,Uncharacterized protein LOC105226888 isoform X3,Bactrocera dorsalis (Oriental fruit fly),150,7,124,,InterPro:IPR031424
A0A6I9VAZ6,Uncharacterized protein LOC105228338,Bactrocera dorsalis (Oriental fruit fly),149,24,120,,InterPro:IPR031424
A0A6I9VTY7,LOW QUALITY PROTEIN: uncharacterized protein LOC105229184,Bactrocera dorsalis (Oriental fruit fly),147,24,124,,InterPro:IPR031424
A0A6I9W5R3,Uncharacterized protein LOC105425039,Pogonomyrmex barbatus (red harvester ant),153,24,123,,InterPro:IPR031424
A0A6I9W7W3,Uncharacterized protein LOC105426768,Pogonomyrmex barbatus (red harvester ant),153,24,127,,InterPro:IPR031424
A0A6I9W8G8,UPAR/Ly6 domain-containing protein qvr,Pogonomyrmex barbatus (red harvester ant),158,28,116,,InterPro:IPR031424
A0A6I9WKQ8,Uncharacterized protein LOC105431353,Pogonomyrmex barbatus (red harvester ant),127,25,102,,InterPro:IPR031424
A0A6I9WV53,Uncharacterized protein LOC105433061,Pogonomyrmex barbatus (red harvester ant),146,28,122,,InterPro:IPR031424
A0A6I9WVE1,Uncharacterized protein LOC105433624 isoform X2,Pogonomyrmex barbatus (red harvester ant),145,28,116,,InterPro:IPR031424
A0A6I9X0M6,Uncharacterized protein LOC105427659,Pogonomyrmex barbatus (red harvester ant),150,25,124,,InterPro:IPR031424
A0A6I9X551,Uncharacterized protein LOC105433994,Pogonomyrmex barbatus (red harvester ant),123,1,95,,InterPro:IPR031424
A0A6I9XBW7,Uncharacterized protein LOC105430469,Pogonomyrmex barbatus (red harvester ant),163,26,121,,InterPro:IPR031424
A0A6I9XLF6,Uncharacterized protein LOC105433262,Pogonomyrmex barbatus (red harvester ant),154,21,132,,InterPro:IPR031424
A0A6I9XMR4,Uncharacterized protein LOC105433624 isoform X1,Pogonomyrmex barbatus (red harvester ant),148,28,119,,InterPro:IPR031424
A0A6J0BA49,Uncharacterized protein LOC107217875,Neodiprion lecontei (Redheaded pine sawfly),155,22,133,,InterPro:IPR031424
A0A6J0BA91,Uncharacterized protein LOC107217551,Neodiprion lecontei (Redheaded pine sawfly),150,31,125,,InterPro:IPR031424
A0A6J0BCA0,Uncharacterized protein LOC107219003,Neodiprion lecontei (Redheaded pine sawfly),164,23,134,,InterPro:IPR031424
A0A6J0BDX8,UPAR/Ly6 domain-containing protein qvr,Neodiprion lecontei (Redheaded pine sawfly),152,29,116,,InterPro:IPR031424
A0A6J0BG61,Protein quiver-like,Neodiprion lecontei (Redheaded pine sawfly),151,24,127,,InterPro:IPR031424
A0A6J0BKU1,Uncharacterized protein LOC107220945,Neodiprion lecontei (Redheaded pine sawfly),155,30,125,,InterPro:IPR031424
A0A6J0BVN7,Uncharacterized protein LOC107223357,Neodiprion lecontei (Redheaded pine sawfly),149,21,124,,InterPro:IPR031424
A0A6J0BWA7,Uncharacterized protein LOC107223354,Neodiprion lecontei (Redheaded pine sawfly),181,21,150,,InterPro:IPR031424
A0A6J0BWB6,Uncharacterized protein LOC107223365,Neodiprion lecontei (Redheaded pine sawfly),142,23,117,,InterPro:IPR031424
A0A6J0BWB9,Uncharacterized protein LOC107223369,Neodiprion lecontei (Redheaded pine sawfly),159,26,128,,InterPro:IPR031424
A0A6J0C316,Uncharacterized protein LOC107225093,Neodiprion lecontei (Redheaded pine sawfly),152,25,124,,InterPro:IPR031424
A0A6J0C320,Uncharacterized protein LOC107225097,Neodiprion lecontei (Redheaded pine sawfly),152,25,124,,InterPro:IPR031424
A0A6J0CBV5,Uncharacterized protein LOC107228023,Neodiprion lecontei (Redheaded pine sawfly),130,28,123,,InterPro:IPR031424
A0A6J0CD62,Protein sleepless,Neodiprion lecontei (Redheaded pine sawfly),145,26,117,,InterPro:IPR031424
A0A6J0CEM8,Uncharacterized protein LOC107228022,Neodiprion lecontei (Redheaded pine sawfly),145,27,116,,InterPro:IPR031424
A0A6J0CFQ8,Uncharacterized protein LOC107228021,Neodiprion lecontei (Redheaded pine sawfly),152,29,123,,InterPro:IPR031424
A0A6J1LCG7,Uncharacterized protein LOC111592775,Drosophila hydei (Fruit fly),162,23,135,,InterPro:IPR031424
A0A6J1LF86,Uncharacterized protein LOC111595400,Drosophila hydei (Fruit fly),154,24,120,,InterPro:IPR031424
A0A6J1LFD9,Uncharacterized protein LOC111594220 isoform X1,Drosophila hydei (Fruit fly),143,22,118,,InterPro:IPR031424
A0A6J1LHV4,Uncharacterized protein LOC111596102,Drosophila hydei (Fruit fly),148,24,125,,InterPro:IPR031424
A0A6J1LHX0,Uncharacterized protein LOC111596115,Drosophila hydei (Fruit fly),148,24,123,,InterPro:IPR031424
A0A6J1LI98,Uncharacterized protein LOC111595776,Drosophila hydei (Fruit fly),145,23,117,,InterPro:IPR031424
A0A6J1LIM9,Uncharacterized protein LOC111594218,Drosophila hydei (Fruit fly),151,24,123,,InterPro:IPR031424
A0A6J1LMB3,Uncharacterized protein LOC111596084,Drosophila hydei (Fruit fly),157,29,132,,InterPro:IPR031424
A0A6J1LME2,Uncharacterized protein LOC111596113,Drosophila hydei (Fruit fly),153,20,121,,InterPro:IPR031424
A0A6J1LQI1,Uncharacterized protein LOC111596106,Drosophila hydei (Fruit fly),148,24,125,,InterPro:IPR031424
A0A6J1LUY0,Protein quiver,Drosophila hydei (Fruit fly),156,28,124,,InterPro:IPR031424
A0A6J1LVS8,Uncharacterized protein LOC111598531,Drosophila hydei (Fruit fly),182,37,155,,InterPro:IPR031424
A0A6J1LYH5,Uncharacterized protein LOC111599390,Drosophila hydei (Fruit fly),155,23,126,,InterPro:IPR031424
A0A6J1MG04,UPAR/Ly6 domain-containing protein qvr,Drosophila hydei (Fruit fly),160,39,127,,InterPro:IPR031424
A0A6J1MLH7,UPAR/Ly6 domain-containing protein qvr,Bicyclus anynana (Squinting bush brown butterfly),143,32,120,,InterPro:IPR031424
A0A6J1MMM2,Uncharacterized protein LOC112045002,Bicyclus anynana (Squinting bush brown butterfly),147,24,123,,InterPro:IPR031424
A0A6J1MQP6,Uncharacterized protein LOC112045000,Bicyclus anynana (Squinting bush brown butterfly),158,24,133,,InterPro:IPR031424
A0A6J1MQU7,UPAR/Ly6 domain-containing protein qvr,Bicyclus anynana (Squinting bush brown butterfly),148,37,125,,InterPro:IPR031424
A0A6J1MQZ8,UPAR/Ly6 domain-containing protein qvr,Bicyclus anynana (Squinting bush brown butterfly),159,48,136,,InterPro:IPR031424
A0A6J1MWL5,Uncharacterized protein LOC112046531,Bicyclus anynana (Squinting bush brown butterfly),147,20,122,,InterPro:IPR031424
A0A6J1N1Q8,Uncharacterized protein LOC112044998,Bicyclus anynana (Squinting bush brown butterfly),148,23,126,,InterPro:IPR031424
A0A6J1N842,Protein sleepless,Bicyclus anynana (Squinting bush brown butterfly),160,21,136,,InterPro:IPR031424
A0A6J1N943,Uncharacterized protein LOC112048343,Bicyclus anynana (Squinting bush brown butterfly),149,23,122,,InterPro:IPR031424
A0A6J1N9D1,Ig-like domain-containing protein,Bicyclus anynana (Squinting bush brown butterfly),249,125,222,,InterPro:IPR031424
A0A6J1NAF2,Protein sleepless,Bicyclus anynana (Squinting bush brown butterfly),161,21,137,,InterPro:IPR031424
A0A6J1NAF3,Uncharacterized protein LOC112050650,Bicyclus anynana (Squinting bush brown butterfly),145,22,121,,InterPro:IPR031424
A0A6J1NAM8,Uncharacterized protein LOC112050068,Bicyclus anynana (Squinting bush brown butterfly),146,24,119,,InterPro:IPR031424
A0A6J1NCV3,Uncharacterized protein LOC112050649,Bicyclus anynana (Squinting bush brown butterfly),132,22,111,,InterPro:IPR031424
A0A6J1NF08,Uncharacterized protein LOC112049760,Bicyclus anynana (Squinting bush brown butterfly),184,74,160,,InterPro:IPR031424
A0A6J1NFX6,Protein sleepless,Bicyclus anynana (Squinting bush brown butterfly),168,22,138,,InterPro:IPR031424
A0A6J1NH80,Uncharacterized protein LOC112050313 isoform X2,Bicyclus anynana (Squinting bush brown butterfly),150,26,123,,InterPro:IPR031424
A0A6J1NH85,Uncharacterized protein LOC112050317,Bicyclus anynana (Squinting bush brown butterfly),159,20,133,,InterPro:IPR031424
A0A6J1NIC4,Uncharacterized protein LOC112050656,Bicyclus anynana (Squinting bush brown butterfly),145,21,115,,InterPro:IPR031424
A0A6J1NVX1,Uncharacterized protein LOC112055089,Bicyclus anynana (Squinting bush brown butterfly),161,26,131,,InterPro:IPR031424
A0A6J1PHK8,Uncharacterized protein LOC112452723,Temnothorax curvispinosus,151,26,125,,InterPro:IPR031424
A0A6J1PIA9,Uncharacterized protein LOC112453007,Temnothorax curvispinosus,153,24,123,,InterPro:IPR031424
A0A6J1PIT8,Uncharacterized protein LOC112452932,Temnothorax curvispinosus,154,20,131,,InterPro:IPR031424
A0A6J1PJ08,Protein sleepless,Temnothorax curvispinosus,140,25,115,,InterPro:IPR031424
A0A6J1PJE3,UPAR/Ly6 domain-containing protein qvr,Temnothorax curvispinosus,158,28,116,,InterPro:IPR031424
A0A6J1PK21,Uncharacterized protein LOC112453172,Temnothorax curvispinosus,152,29,123,,InterPro:IPR031424
A0A6J1Q9Q2,Uncharacterized protein LOC112459249 isoform X1,Temnothorax curvispinosus,147,27,118,,InterPro:IPR031424
A0A6J1QBH3,Uncharacterized protein LOC112459249 isoform X2,Temnothorax curvispinosus,196,79,167,,InterPro:IPR031424
A0A6J1QPL0,Uncharacterized protein LOC112461760,Temnothorax curvispinosus,178,24,153,,InterPro:IPR031424
A0A6J1R0J6,Uncharacterized protein LOC112464067,Temnothorax curvispinosus,164,27,122,,InterPro:IPR031424
A0A6J1REI6,Ig-like domain-containing protein,Temnothorax curvispinosus,478,360,454,,InterPro:IPR031424
A0A6J1RHW4,Protein sleepless,Temnothorax curvispinosus,125,27,100,,InterPro:IPR031424
A0A6J1S282,U-scoloptoxin(05)-Cw1a isoform X2,Frankliniella occidentalis (Western flower thrips),146,24,121,,InterPro:IPR031424
A0A6J1S7A5,U-scoloptoxin(05)-Cw1a isoform X1,Frankliniella occidentalis (Western flower thrips),154,32,129,,InterPro:IPR031424
A0A6J1SGS4,Uncharacterized protein LOC113206089,Frankliniella occidentalis (Western flower thrips),160,25,136,,InterPro:IPR031424
A0A6J1SKP5,Uncharacterized protein LOC113208849,Frankliniella occidentalis (Western flower thrips),159,26,129,,InterPro:IPR031424
A0A6J1SYX0,Uncharacterized protein LOC113212078 isoform X1,Frankliniella occidentalis (Western flower thrips),147,23,122,,InterPro:IPR031424
A0A6J1T475,Uncharacterized protein LOC113211324,Frankliniella occidentalis (Western flower thrips),142,26,119,,InterPro:IPR031424
A0A6J1T4B5,Uncharacterized protein LOC113212078 isoform X2,Frankliniella occidentalis (Western flower thrips),146,23,121,,InterPro:IPR031424
A0A6J1T784,Uncharacterized protein LOC113214080,Frankliniella occidentalis (Western flower thrips),152,28,124,,InterPro:IPR031424
A0A6J1TQI7,Uncharacterized protein LOC113217342,Frankliniella occidentalis (Western flower thrips),151,25,124,,InterPro:IPR031424
A0A6J1W6E7,Uncharacterized protein LOC113509078,Galleria mellonella (Greater wax moth),158,19,132,,InterPro:IPR031424
A0A6J1WJR5,Uncharacterized protein LOC113515000,Galleria mellonella (Greater wax moth),165,23,137,,InterPro:IPR031424
A0A6J1WL89,Uncharacterized protein LOC113512121,Galleria mellonella (Greater wax moth),148,24,123,,InterPro:IPR031424
A0A6J1WM61,Uncharacterized protein LOC113515955,Galleria mellonella (Greater wax moth),132,22,111,,InterPro:IPR031424
A0A6J1WMJ4,Uncharacterized protein LOC113515934,Galleria mellonella (Greater wax moth),158,24,133,,InterPro:IPR031424
A0A6J1WMV5,Uncharacterized protein LOC113516148,Galleria mellonella (Greater wax moth),143,20,119,,InterPro:IPR031424
A0A6J1WN26,Uncharacterized protein LOC113516271,Galleria mellonella (Greater wax moth),148,24,126,,InterPro:IPR031424
A0A6J1WNF3,Uncharacterized protein LOC113516270,Galleria mellonella (Greater wax moth),149,20,123,,InterPro:IPR031424
A0A6J1WUR6,Uncharacterized protein LOC113516160,Galleria mellonella (Greater wax moth),141,21,115,,InterPro:IPR031424
A0A6J1WVD7,Uncharacterized protein LOC113516269,Galleria mellonella (Greater wax moth),151,25,124,,InterPro:IPR031424
A0A6J1X9G3,Uncharacterized protein LOC113523287,Galleria mellonella (Greater wax moth),146,25,122,,InterPro:IPR031424
A0A6J2J9C1,Uncharacterized protein LOC114239726,Bombyx mandarina (Wild silk moth),185,75,161,,InterPro:IPR031424
A0A6J2JIB2,Uncharacterized protein LOC114242372,Bombyx mandarina (Wild silk moth),133,23,112,,InterPro:IPR031424
A0A6J2JIB4,Uncharacterized protein LOC114242371,Bombyx mandarina (Wild silk moth),172,53,147,,InterPro:IPR031424
A0A6J2JIP2,Uncharacterized protein LOC114239255,Bombyx mandarina (Wild silk moth),148,24,123,,InterPro:IPR031424
A0A6J2JJ24,Uncharacterized protein LOC114242351,Bombyx mandarina (Wild silk moth),145,22,121,,InterPro:IPR031424
A0A6J2JJ78,Protein sleepless,Bombyx mandarina (Wild silk moth),153,25,121,,InterPro:IPR031424
A0A6J2JLT3,Uncharacterized protein LOC114242399 isoform X2,Bombyx mandarina (Wild silk moth),134,6,102,,InterPro:IPR031424
A0A6J2JMR5,Protein sleepless,Bombyx mandarina (Wild silk moth),161,27,137,,InterPro:IPR031424
A0A6J2JW35,Uncharacterized protein LOC114244718,Bombyx mandarina (Wild silk moth),159,31,136,,InterPro:IPR031424
A0A6J2K020,Uncharacterized protein LOC114245632,Bombyx mandarina (Wild silk moth),139,26,117,,InterPro:IPR031424
A0A6J2K095,Uncharacterized protein LOC114246794,Bombyx mandarina (Wild silk moth),156,20,132,,InterPro:IPR031424
A0A6J2K0T3,Protein sleepless,Bombyx mandarina (Wild silk moth),170,24,140,,InterPro:IPR031424
A0A6J2KC18,UPAR/Ly6 domain-containing protein qvr,Bombyx mandarina (Wild silk moth),159,48,136,,InterPro:IPR031424
A0A6J2KCY7,Uncharacterized protein LOC114250462,Bombyx mandarina (Wild silk moth),149,24,127,,InterPro:IPR031424
A0A6J2KEB2,Uncharacterized protein LOC114250825,Bombyx mandarina (Wild silk moth),208,70,183,,InterPro:IPR031424
A0A6J2KFW5,UPAR/Ly6 domain-containing protein qvr,Bombyx mandarina (Wild silk moth),143,32,120,,InterPro:IPR031424
A0A6J2KGA4,Uncharacterized protein LOC114251072 isoform X2,Bombyx mandarina (Wild silk moth),130,8,105,,InterPro:IPR031424
A0A6J2KJC4,Uncharacterized protein LOC114251063,Bombyx mandarina (Wild silk moth),158,20,132,,InterPro:IPR031424
A0A6J2KLL7,Uncharacterized protein LOC114251072 isoform X1,Bombyx mandarina (Wild silk moth),148,26,123,,InterPro:IPR031424
A0A6J2KLX8,Uncharacterized protein LOC114251775,Bombyx mandarina (Wild silk moth),148,20,123,,InterPro:IPR031424
A0A6J2KML8,Uncharacterized protein LOC114251963,Bombyx mandarina (Wild silk moth),149,25,124,,InterPro:IPR031424
A0A6J2SLE5,UPAR/Ly6 domain-containing protein qvr,Drosophila hydei (Fruit fly),157,36,124,,InterPro:IPR031424
A0A6J2SNA5,UPAR/Ly6 domain-containing protein qvr,Drosophila hydei (Fruit fly),138,17,105,,InterPro:IPR031424
A0A6J2SQJ2,UPAR/Ly6 domain-containing protein qvr,Drosophila hydei (Fruit fly),138,17,105,,InterPro:IPR031424
A0A6J2SR37,UPAR/Ly6 domain-containing protein qvr,Drosophila hydei (Fruit fly),138,17,105,,InterPro:IPR031424
A0A6J2SSS5,UPAR/Ly6 domain-containing protein qvr,Drosophila hydei (Fruit fly),138,17,105,,InterPro:IPR031424
A0A6J2SV25,UPAR/Ly6 domain-containing protein qvr,Drosophila hydei (Fruit fly),138,17,105,,InterPro:IPR031424
A0A6J2SV86,UPAR/Ly6 domain-containing protein qvr,Drosophila hydei (Fruit fly),138,17,105,,InterPro:IPR031424
A0A6J2SVJ5,UPAR/Ly6 domain-containing protein qvr,Drosophila hydei (Fruit fly),138,17,105,,InterPro:IPR031424
A0A6J2SVU1,Uncharacterized protein LOC111596229,Drosophila hydei (Fruit fly),148,22,119,,InterPro:IPR031424
A0A6J2T0E8,UPAR/Ly6 domain-containing protein qvr,Drosophila hydei (Fruit fly),128,17,105,,InterPro:IPR031424
A0A6J2T4D3,Protein sleepless,Drosophila lebanonensis (Fruit fly),179,32,150,,InterPro:IPR031424
A0A6J2T4X2,Uncharacterized protein LOC115622234,Drosophila lebanonensis (Fruit fly),119,20,104,,InterPro:IPR031424
A0A6J2T7H1,Uncharacterized protein LOC115622191,Drosophila lebanonensis (Fruit fly),158,24,120,,InterPro:IPR031424
A0A6J2T7Y2,Uncharacterized protein LOC115622330,Drosophila lebanonensis (Fruit fly),158,23,135,,InterPro:IPR031424
A0A6J2TAX0,UPAR/Ly6 domain-containing protein qvr,Drosophila lebanonensis (Fruit fly),159,39,127,,InterPro:IPR031424
A0A6J2TAY1,UPAR/Ly6 domain-containing protein qvr,Drosophila lebanonensis (Fruit fly),156,36,124,,InterPro:IPR031424
A0A6J2TEV8,UPAR/Ly6 domain-containing protein qvr,Drosophila lebanonensis (Fruit fly),175,55,143,,InterPro:IPR031424
A0A6J2TQV8,Protein sleepless,Drosophila lebanonensis (Fruit fly),152,27,120,,InterPro:IPR031424
A0A6J2TVU8,Protein quiver,Drosophila lebanonensis (Fruit fly),151,27,123,,InterPro:IPR031424
A0A6J2U3P6,Uncharacterized protein LOC115630558,Drosophila lebanonensis (Fruit fly),148,24,125,,InterPro:IPR031424
A0A6J2U472,Uncharacterized protein LOC115630670,Drosophila lebanonensis (Fruit fly),151,20,121,,InterPro:IPR031424
A0A6J2U4P9,Protein sleepless,Drosophila lebanonensis (Fruit fly),160,29,135,,InterPro:IPR031424
A0A6J2U510,Uncharacterized protein LOC115631137,Drosophila lebanonensis (Fruit fly),154,22,125,,InterPro:IPR031424
A0A6J2U6Y0,Uncharacterized protein LOC115631176,Drosophila lebanonensis (Fruit fly),147,22,119,,InterPro:IPR031424
A0A6J2U7L1,Uncharacterized protein LOC115630655,Drosophila lebanonensis (Fruit fly),148,24,125,,InterPro:IPR031424
A0A6J2U7S6,Uncharacterized protein LOC115630704,Drosophila lebanonensis (Fruit fly),149,22,126,,InterPro:IPR031424
A0A6J2U845,Uncharacterized protein LOC115630804,Drosophila lebanonensis (Fruit fly),159,29,132,,InterPro:IPR031424
A0A6J2U8Y5,Uncharacterized protein LOC115631753,Drosophila lebanonensis (Fruit fly),144,23,119,,InterPro:IPR031424
A0A6J2U8Z6,Uncharacterized protein LOC115631764,Drosophila lebanonensis (Fruit fly),151,24,123,,InterPro:IPR031424
A0A6J2UAI7,Uncharacterized protein LOC115631542,Drosophila lebanonensis (Fruit fly),147,23,117,,InterPro:IPR031424
A0A6J2XF24,Protein sleepless,Sitophilus oryzae (Rice weevil),175,23,136,,InterPro:IPR031424
A0A6J2XMA9,Uncharacterized protein LOC115879368,Sitophilus oryzae (Rice weevil),156,21,132,,InterPro:IPR031424
A0A6J2XPK6,Uncharacterized protein LOC115880370,Sitophilus oryzae (Rice weevil),164,22,140,,InterPro:IPR031424
A0A6J2XS09,Uncharacterized protein LOC115881068,Sitophilus oryzae (Rice weevil),169,23,141,,InterPro:IPR031424
A0A6J2XUN4,Uncharacterized protein LOC115881060,Sitophilus oryzae (Rice weevil),145,24,121,,InterPro:IPR031424
A0A6J2Y355,Protein sleepless,Sitophilus oryzae (Rice weevil),162,27,139,,InterPro:IPR031424
A0A6J2Y5T6,Protein sleepless,Sitophilus oryzae (Rice weevil),158,26,125,,InterPro:IPR031424
A0A6J2Y6K3,UPAR/Ly6 domain-containing protein qvr,Sitophilus oryzae (Rice weevil),150,29,117,,InterPro:IPR031424
A0A6J2Y6X0,Uncharacterized protein LOC115884401,Sitophilus oryzae (Rice weevil),143,22,116,,InterPro:IPR031424
A0A6J2Y798,Uncharacterized protein LOC115885074,Sitophilus oryzae (Rice weevil),138,21,116,,InterPro:IPR031424
A0A6J2Y7C8,Protein sleepless,Sitophilus oryzae (Rice weevil),166,24,144,,InterPro:IPR031424
A0A6J2Y7K7,Uncharacterized protein LOC115884686,Sitophilus oryzae (Rice weevil),126,23,125,,InterPro:IPR031424
A0A6J2Y7W5,Uncharacterized protein LOC115885073,Sitophilus oryzae (Rice weevil),155,24,129,,InterPro:IPR031424
A0A6J2Y8J7,UPAR/Ly6 domain-containing protein qvr,Sitophilus oryzae (Rice weevil),148,27,115,,InterPro:IPR031424
A0A6J2Y9V6,Uncharacterized protein LOC115885078,Sitophilus oryzae (Rice weevil),147,19,122,,InterPro:IPR031424
A0A6J2YMA0,Protein sleepless,Sitophilus oryzae (Rice weevil),148,24,125,,InterPro:IPR031424
A0A6J2YPJ8,U-scoloptoxin(05)-Sm1a,Sitophilus oryzae (Rice weevil),188,75,162,,InterPro:IPR031424
A0A6J2YVM2,Uncharacterized protein LOC115891071 isoform X3,Sitophilus oryzae (Rice weevil),157,29,132,,InterPro:IPR031424
A0A6J2YVX0,Uncharacterized protein LOC115891071 isoform X2,Sitophilus oryzae (Rice weevil),170,42,145,,InterPro:IPR031424
A0A6J2YVY0,Uncharacterized protein LOC115891081,Sitophilus oryzae (Rice weevil),168,43,144,,InterPro:IPR031424
A0A6J2YWT1,Uncharacterized protein LOC115891400,Sitophilus oryzae (Rice weevil),146,26,123,,InterPro:IPR031424
A0A6J2YWU9,Uncharacterized protein LOC115891071 isoform X1,Sitophilus oryzae (Rice weevil),173,45,148,,InterPro:IPR031424
A0A6J3BVA3,Uncharacterized protein LOC113514999,Galleria mellonella (Greater wax moth),169,22,139,,InterPro:IPR031424
A0A6J3C3M2,Protein sleepless,Galleria mellonella (Greater wax moth),165,28,138,,InterPro:IPR031424
A0A6J3C483,Uncharacterized protein LOC116413066,Galleria mellonella (Greater wax moth),146,26,122,,InterPro:IPR031424
A0A6J3C9X8,UPAR/Ly6 domain-containing protein qvr,Galleria mellonella (Greater wax moth),227,48,136,,InterPro:IPR031424
A0A6J3C9Y4,UPAR/Ly6 domain-containing protein qvr,Galleria mellonella (Greater wax moth),160,48,136,,InterPro:IPR031424
A0A6J3CBU0,UPAR/Ly6 domain-containing protein qvr,Galleria mellonella (Greater wax moth),207,28,116,,InterPro:IPR031424
A0A6J3CCS3,UPAR/Ly6 domain-containing protein qvr,Galleria mellonella (Greater wax moth),211,32,120,,InterPro:IPR031424
A0A6J3CEJ2,UPAR/Ly6 domain-containing protein qvr,Galleria mellonella (Greater wax moth),213,48,136,,InterPro:IPR031424
A0A6J3CGF1,UPAR/Ly6 domain-containing protein qvr,Galleria mellonella (Greater wax moth),223,44,132,,InterPro:IPR031424
A0A6J3JS01,Uncharacterized protein LOC117230334,Bombus vosnesenskii,145,23,117,,InterPro:IPR031424
A0A6J3K1C8,U-scoloptoxin(05)-Sm1a isoform X2,Bombus vosnesenskii,193,78,166,,InterPro:IPR031424
A0A6J3K2C1,Uncharacterized protein LOC117232151,Bombus vosnesenskii,153,26,125,,InterPro:IPR031424
A0A6J3K315,U-scoloptoxin(05)-Sm1a isoform X1,Bombus vosnesenskii,146,26,117,,InterPro:IPR031424
A0A6J3K510,Uncharacterized protein LOC117232196,Bombus vosnesenskii,167,27,122,,InterPro:IPR031424
A0A6J3KT08,Ig-like domain-containing protein,Bombus vosnesenskii,483,365,459,,InterPro:IPR031424
A0A6J3L061,AAA+ ATPase domain-containing protein,Bombus vosnesenskii,535,24,127,,InterPro:IPR031424
A0A6J3L465,UPAR/Ly6 domain-containing protein qvr,Bombus vosnesenskii,142,12,100,,InterPro:IPR031424
A0A6J3L7V7,UPAR/Ly6 domain-containing protein qvr,Bombus vosnesenskii,158,28,116,,InterPro:IPR031424
A0A6J3L8Z9,Uncharacterized protein LOC117240047,Bombus vosnesenskii,160,22,133,,InterPro:IPR031424
A0A6J3LNH1,Uncharacterized protein LOC117243546 isoform X1,Bombus vosnesenskii,170,55,144,,InterPro:IPR031424
A0A6J3LPG0,Uncharacterized protein LOC117243557,Bombus vosnesenskii,153,24,122,,InterPro:IPR031424
A0A6J3LPP1,Uncharacterized protein LOC117243603,Bombus vosnesenskii,126,12,98,,InterPro:IPR031424
A0A6J3LQH6,Uncharacterized protein LOC117243545,Bombus vosnesenskii,177,24,148,,InterPro:IPR031424
A0A6J3LSE0,Uncharacterized protein LOC117243546 isoform X2,Bombus vosnesenskii,142,55,140,,InterPro:IPR031424
A0A6J8BA24,Protein sleepless,Mytilus coruscus (Sea mussel),164,23,138,,InterPro:IPR031424
A0A6L2PLK9,Uncharacterized protein,Coptotermes formosanus (Formosan subterranean termite),108,31,84,,InterPro:IPR031424
A0A6L2PYS9,Uncharacterized protein,Coptotermes formosanus (Formosan subterranean termite),154,32,129,,InterPro:IPR031424
A0A6L2Q5P2,Uncharacterized protein,Coptotermes formosanus (Formosan subterranean termite),194,66,160,,InterPro:IPR031424
A0A6L2Q6L9,Uncharacterized protein,Coptotermes formosanus (Formosan subterranean termite),176,57,150,,InterPro:IPR031424
A0A6L2Q858,Uncharacterized protein,Coptotermes formosanus (Formosan subterranean termite),151,3,125,,InterPro:IPR031424
A0A6L2QAA9,Uncharacterized protein,Coptotermes formosanus (Formosan subterranean termite),262,26,125,,InterPro:IPR031424
A0A6L2QAA9,Uncharacterized protein,Coptotermes formosanus (Formosan subterranean termite),262,132,235,,InterPro:IPR031424
A0A6L2QBW8,Uncharacterized protein,Coptotermes formosanus (Formosan subterranean termite),124,3,97,,InterPro:IPR031424
A0A6M2CPS2,Putative conserved secreted protein,Rhipicephalus microplus (Cattle tick),127,29,121,,InterPro:IPR031424
A0A6M2CXW4,Putative kunitz-like protein,Rhipicephalus microplus (Cattle tick),221,86,196,,InterPro:IPR031424
A0A6M2D403,Protein ovary overexpressed,Rhipicephalus microplus (Cattle tick),163,31,134,,InterPro:IPR031424
A0A6M2D7K0,Putative kunitz-like protein,Rhipicephalus microplus (Cattle tick),221,81,153,,InterPro:IPR031424
A0A6M2DUI0,Putative ly-6/neurotoxin 2 locusta migratoria,Xenopsylla cheopis (Oriental rat flea),148,10,126,,InterPro:IPR031424
A0A6M2DY18,Uncharacterized protein,Xenopsylla cheopis (Oriental rat flea),157,21,134,,InterPro:IPR031424
A0A6M2DYB7,Putative conserved secreted protein,Xenopsylla cheopis (Oriental rat flea),152,27,129,,InterPro:IPR031424
A0A6M2DZT4,Uncharacterized protein,Xenopsylla cheopis (Oriental rat flea),160,20,137,,InterPro:IPR031424
A0A6M2E0I9,Uncharacterized protein,Xenopsylla cheopis (Oriental rat flea),161,20,138,,InterPro:IPR031424
A0A6M2E0J4,Uncharacterized protein,Xenopsylla cheopis (Oriental rat flea),161,20,138,,InterPro:IPR031424
A0A6M2E0M1,Uncharacterized protein,Xenopsylla cheopis (Oriental rat flea),149,25,124,,InterPro:IPR031424
A0A6P3DQ85,Uncharacterized protein LOC100742412,Bombus impatiens (Bumblebee),153,26,125,,InterPro:IPR031424
A0A6P3DTE7,Uncharacterized protein LOC100750040,Bombus impatiens (Bumblebee),167,27,122,,InterPro:IPR031424
A0A6P3DTK9,Uncharacterized protein LOC100747759,Bombus impatiens (Bumblebee),153,24,122,,InterPro:IPR031424
A0A6P3E0W0,U-scoloptoxin(05)-Sm1a isoform X1,Bombus impatiens (Bumblebee),146,26,117,,InterPro:IPR031424
A0A6P3E1N4,Uncharacterized protein LOC100741951,Bombus impatiens (Bumblebee),160,22,133,,InterPro:IPR031424
A0A6P3USZ5,Uncharacterized protein LOC100748487,Bombus impatiens (Bumblebee),145,23,117,,InterPro:IPR031424
A0A6P3UT57,Uncharacterized protein LOC100740017,Bombus impatiens (Bumblebee),177,24,148,,InterPro:IPR031424
A0A6P3UTD3,Uncharacterized protein LOC105680703,Bombus impatiens (Bumblebee),170,55,144,,InterPro:IPR031424
A0A6P3V0F3,UPAR/Ly6 domain-containing protein qvr,Bombus impatiens (Bumblebee),158,28,116,,InterPro:IPR031424
A0A6P3V108,UPAR/Ly6 domain-containing protein qvr,Bombus impatiens (Bumblebee),142,12,100,,InterPro:IPR031424
A0A6P3V7N5,Uncharacterized protein LOC105682170,Bombus impatiens (Bumblebee),153,24,127,,InterPro:IPR031424
A0A6P3WNB2,Uncharacterized protein LOC106740718,Dinoponera quadriceps (South American ant),151,29,123,,InterPro:IPR031424
A0A6P3WP47,Uncharacterized protein LOC106740725,Dinoponera quadriceps (South American ant),192,80,166,,InterPro:IPR031424
A0A6P3WPW8,Uncharacterized protein LOC106740859 isoform X1,Dinoponera quadriceps (South American ant),181,23,152,,InterPro:IPR031424
A0A6P3WTN8,Protein sleepless,Dinoponera quadriceps (South American ant),171,31,146,,InterPro:IPR031424
A0A6P3WW17,Uncharacterized protein LOC106742134 isoform X1,Dinoponera quadriceps (South American ant),146,27,118,,InterPro:IPR031424
A0A6P3WWL9,Uncharacterized protein LOC106742134 isoform X2,Dinoponera quadriceps (South American ant),143,27,115,,InterPro:IPR031424
A0A6P3X4S7,Uncharacterized protein LOC106743731 isoform X2,Dinoponera quadriceps (South American ant),147,8,103,,InterPro:IPR031424
A0A6P3X4W0,Uncharacterized protein LOC106743731 isoform X1,Dinoponera quadriceps (South American ant),300,161,256,,InterPro:IPR031424
A0A6P3X685,UPAR/Ly6 domain-containing protein qvr,Dinoponera quadriceps (South American ant),158,29,116,,InterPro:IPR031424
A0A6P3X8B1,Ig-like domain-containing protein,Dinoponera quadriceps (South American ant),515,396,490,,InterPro:IPR031424
A0A6P3X8T0,Uncharacterized protein LOC106744417,Dinoponera quadriceps (South American ant),180,26,125,,InterPro:IPR031424
A0A6P3XXA9,AAA+ ATPase domain-containing protein,Dinoponera quadriceps (South American ant),532,23,126,,InterPro:IPR031424
A0A6P3Y8F7,Uncharacterized protein LOC106751066,Dinoponera quadriceps (South American ant),156,22,133,,InterPro:IPR031424
A0A6P3YB23,Uncharacterized protein LOC106751703,Dinoponera quadriceps (South American ant),145,24,122,,InterPro:IPR031424
A0A6P4E103,Lymphocyte antigen 6 complex locus protein G6d,Drosophila rhopaloa (Fruit fly),143,22,118,,InterPro:IPR031424
A0A6P4E8S3,Uncharacterized protein LOC108041132,Drosophila rhopaloa (Fruit fly),148,25,123,,InterPro:IPR031424
A0A6P4ED00,Uncharacterized protein LOC108041133,Drosophila rhopaloa (Fruit fly),147,21,122,,InterPro:IPR031424
A0A6P4EJB2,Uncharacterized protein LOC108041624,Drosophila rhopaloa (Fruit fly),159,28,131,,InterPro:IPR031424
A0A6P4EMC4,Uncharacterized protein LOC108041131,Drosophila rhopaloa (Fruit fly),148,24,125,,InterPro:IPR031424
A0A6P4EMD5,Uncharacterized protein LOC108041135,Drosophila rhopaloa (Fruit fly),147,24,124,,InterPro:IPR031424
A0A6P4EMY7,Uncharacterized protein LOC108044925,Drosophila rhopaloa (Fruit fly),155,24,120,,InterPro:IPR031424
A0A6P4EN26,UPAR/Ly6 domain-containing protein qvr,Drosophila rhopaloa (Fruit fly),155,36,124,,InterPro:IPR031424
A0A6P4F0T0,Protein quiver,Drosophila rhopaloa (Fruit fly),147,30,123,,InterPro:IPR031424
A0A6P4F2C5,UPAR/Ly6 domain-containing protein qvr,Drosophila rhopaloa (Fruit fly),158,39,127,,InterPro:IPR031424
A0A6P4F976,Uncharacterized protein LOC108050008,Drosophila rhopaloa (Fruit fly),150,25,121,,InterPro:IPR031424
A0A6P4FBC9,Uncharacterized protein LOC108048451,Drosophila rhopaloa (Fruit fly),154,22,125,,InterPro:IPR031424
A0A6P4FGH0,Uncharacterized protein LOC108048449,Drosophila rhopaloa (Fruit fly),151,24,123,,InterPro:IPR031424
A0A6P4FHI4,Uncharacterized protein LOC108051687,Drosophila rhopaloa (Fruit fly),147,22,119,,InterPro:IPR031424
A0A6P4FIU4,Protein sleepless,Drosophila rhopaloa (Fruit fly),186,20,164,,InterPro:IPR031424
A0A6P4FP83,Uncharacterized protein LOC108051616,Drosophila rhopaloa (Fruit fly),148,24,118,,InterPro:IPR031424
A0A6P4FRQ2,Uncharacterized protein LOC108053919,Drosophila rhopaloa (Fruit fly),158,23,135,,InterPro:IPR031424
A0A6P4HVC9,UPAR/Ly6 domain-containing protein qvr,Drosophila kikkawai (Fruit fly),156,37,125,,InterPro:IPR031424
A0A6P4HYM5,Uncharacterized protein LOC108074128,Drosophila kikkawai (Fruit fly),148,25,121,,InterPro:IPR031424
A0A6P4HZQ8,Uncharacterized protein LOC108073973,Drosophila kikkawai (Fruit fly),158,23,135,,InterPro:IPR031424
A0A6P4I0V6,Uncharacterized protein LOC108074785,Drosophila kikkawai (Fruit fly),151,21,122,,InterPro:IPR031424
A0A6P4I2S2,Uncharacterized protein LOC108074773,Drosophila kikkawai (Fruit fly),148,24,125,,InterPro:IPR031424
A0A6P4IBF0,UPAR/Ly6 domain-containing protein qvr,Drosophila kikkawai (Fruit fly),159,40,128,,InterPro:IPR031424
A0A6P4IFI8,Uncharacterized protein LOC108074783,Drosophila kikkawai (Fruit fly),157,28,131,,InterPro:IPR031424
A0A6P4IHJ1,Uncharacterized protein LOC108074614,Drosophila kikkawai (Fruit fly),154,22,125,,InterPro:IPR031424
A0A6P4IIS4,Uncharacterized protein LOC108074782,Drosophila kikkawai (Fruit fly),148,24,125,,InterPro:IPR031424
A0A6P4IIW4,Uncharacterized protein LOC108074805,Drosophila kikkawai (Fruit fly),152,27,125,,InterPro:IPR031424
A0A6P4IJ94,Protein sleepless,Drosophila kikkawai (Fruit fly),155,33,126,,InterPro:IPR031424
A0A6P4IMU1,Uncharacterized protein LOC108079803,Drosophila kikkawai (Fruit fly),155,24,120,,InterPro:IPR031424
A0A6P4IMU2,Uncharacterized protein LOC108075786,Drosophila kikkawai (Fruit fly),151,24,123,,InterPro:IPR031424
A0A6P4IN53,Uncharacterized protein LOC108075858,Drosophila kikkawai (Fruit fly),143,22,118,,InterPro:IPR031424
A0A6P4J1Y6,Uncharacterized protein LOC108079580,Drosophila kikkawai (Fruit fly),190,22,168,,InterPro:IPR031424
A0A6P4J2H8,Uncharacterized protein LOC108079646,Drosophila kikkawai (Fruit fly),149,22,119,,InterPro:IPR031424
A0A6P4J4U6,Uncharacterized protein LOC108079647,Drosophila kikkawai (Fruit fly),149,24,118,,InterPro:IPR031424
A0A6P4J5Q6,Protein sleepless,Drosophila kikkawai (Fruit fly),163,10,129,,InterPro:IPR031424
A0A6P6FGF2,U-scoloptoxin(05)-Sm1a isoform X2,Bombus impatiens (Bumblebee),193,78,166,,InterPro:IPR031424
A0A6P6Y1T2,Phenazine biosynthesis-like domain-containing protein,Dermatophagoides pteronyssinus (European house dust mite),454,56,153,,InterPro:IPR031424
A0A6P6Y3P2,Uncharacterized protein LOC113794206,Dermatophagoides pteronyssinus (European house dust mite),136,22,111,,InterPro:IPR031424
A0A6P6Y469,Uncharacterized protein LOC113793374,Dermatophagoides pteronyssinus (European house dust mite),296,160,272,,InterPro:IPR031424
A0A6P6Y8V9,Uncharacterized protein LOC113795781,Dermatophagoides pteronyssinus (European house dust mite),170,40,143,,InterPro:IPR031424
A0A6P6YBK2,UPAR/Ly6 domain-containing protein qvr,Dermatophagoides pteronyssinus (European house dust mite),251,61,145,,InterPro:IPR031424
A0A6P6YE24,Protein sleepless,Dermatophagoides pteronyssinus (European house dust mite),165,33,142,,InterPro:IPR031424
A0A6P6YI89,Uncharacterized protein LOC113798858,Dermatophagoides pteronyssinus (European house dust mite),162,33,136,,InterPro:IPR031424
A0A6P6YIU4,Uncharacterized protein LOC113798770,Dermatophagoides pteronyssinus (European house dust mite),163,32,130,,InterPro:IPR031424
A0A6P6YJ33,Uncharacterized protein LOC113798857,Dermatophagoides pteronyssinus (European house dust mite),175,29,147,,InterPro:IPR031424
A0A6P6YJ78,Uncharacterized protein LOC113799168,Dermatophagoides pteronyssinus (European house dust mite),184,60,153,,InterPro:IPR031424
A0A6P6YKP1,Uncharacterized protein LOC113799647,Dermatophagoides pteronyssinus (European house dust mite),159,32,125,,InterPro:IPR031424
A0A6P7F604,Protein sleepless,Diabrotica virgifera virgifera (western corn rootworm),139,23,114,,InterPro:IPR031424
A0A6P7FC06,Uncharacterized protein LOC114326720,Diabrotica virgifera virgifera (western corn rootworm),142,24,120,,InterPro:IPR031424
A0A6P7FCI2,Uncharacterized protein LOC114328897,Diabrotica virgifera virgifera (western corn rootworm),158,23,134,,InterPro:IPR031424
A0A6P7FCP1,Uncharacterized protein LOC114326909 isoform X2,Diabrotica virgifera virgifera (western corn rootworm),187,75,162,,InterPro:IPR031424
A0A6P7FF79,Protein sleepless,Diabrotica virgifera virgifera (western corn rootworm),166,26,143,,InterPro:IPR031424
A0A6P7FJV7,UPAR/Ly6 domain-containing protein qvr,Diabrotica virgifera virgifera (western corn rootworm),147,28,116,,InterPro:IPR031424
A0A6P7FN69,Protein sleepless,Diabrotica virgifera virgifera (western corn rootworm),142,21,117,,InterPro:IPR031424
A0A6P7FNC1,Protein sleepless,Diabrotica virgifera virgifera (western corn rootworm),162,24,109,,InterPro:IPR031424
A0A6P7FNP9,Uncharacterized protein LOC114331136,Diabrotica virgifera virgifera (western corn rootworm),132,20,106,,InterPro:IPR031424
A0A6P7FR34,Protein sleepless,Diabrotica virgifera virgifera (western corn rootworm),125,26,121,,InterPro:IPR031424
A0A6P7FTX0,UPAR/Ly6 domain-containing protein qvr,Diabrotica virgifera virgifera (western corn rootworm),161,42,130,,InterPro:IPR031424
A0A6P7FU46,Protein sleepless,Diabrotica virgifera virgifera (western corn rootworm),129,8,104,,InterPro:IPR031424
A0A6P7FUJ9,UPAR/Ly6 domain-containing protein qvr,Diabrotica virgifera virgifera (western corn rootworm),145,26,114,,InterPro:IPR031424
A0A6P7FV99,Uncharacterized protein LOC114331336,Diabrotica virgifera virgifera (western corn rootworm),148,27,124,,InterPro:IPR031424
A0A6P7FVF5,Uncharacterized protein LOC114333094,Diabrotica virgifera virgifera (western corn rootworm),120,27,113,,InterPro:IPR031424
A0A6P7G0W4,Uncharacterized protein LOC114336321,Diabrotica virgifera virgifera (western corn rootworm),148,25,122,,InterPro:IPR031424
A0A6P7G1N2,Protein sleepless,Diabrotica virgifera virgifera (western corn rootworm),167,32,144,,InterPro:IPR031424
A0A6P7G9F3,Uncharacterized protein LOC114337281 isoform X1,Diabrotica virgifera virgifera (western corn rootworm),165,22,137,,InterPro:IPR031424
A0A6P7GEB0,Protein sleepless,Diabrotica virgifera virgifera (western corn rootworm),172,23,142,,InterPro:IPR031424
A0A6P7GET7,Uncharacterized protein LOC114337278,Diabrotica virgifera virgifera (western corn rootworm),151,22,125,,InterPro:IPR031424
A0A6P7GEU1,Uncharacterized protein LOC114337281 isoform X2,Diabrotica virgifera virgifera (western corn rootworm),140,22,138,,InterPro:IPR031424
A0A6P7GGI8,Uncharacterized protein LOC114336851,Diabrotica virgifera virgifera (western corn rootworm),180,47,149,,InterPro:IPR031424
A0A6P7GI83,Uncharacterized protein LOC114337283,Diabrotica virgifera virgifera (western corn rootworm),153,26,125,,InterPro:IPR031424
A0A6P7GNZ0,Threonine-rich protein-like,Diabrotica virgifera virgifera (western corn rootworm),133,23,107,,InterPro:IPR031424
A0A6P7GWJ9,Uncharacterized protein LOC114341589,Diabrotica virgifera virgifera (western corn rootworm),135,23,109,,InterPro:IPR031424
A0A6P7GWK7,Uncharacterized protein LOC114347342,Diabrotica virgifera virgifera (western corn rootworm),173,38,134,,InterPro:IPR031424
A0A6P7H1Z8,Protein sleepless,Diabrotica virgifera virgifera (western corn rootworm),137,31,111,,InterPro:IPR031424
A0A6P7S8U9,Protein quiver,Octopus vulgaris (Common octopus),411,27,112,,InterPro:IPR031424
A0A6P7SDW8,UPAR/Ly6 domain-containing protein qvr,Octopus vulgaris (Common octopus),138,19,114,,InterPro:IPR031424
A0A6P7SDX9,Protein sleepless,Octopus vulgaris (Common octopus),139,24,114,,InterPro:IPR031424
A0A6P7SGQ8,UPAR/Ly6 domain-containing protein qvr,Octopus vulgaris (Common octopus),175,27,111,,InterPro:IPR031424
A0A6P7SJ61,UPAR/Ly6 domain-containing protein qvr,Octopus vulgaris (Common octopus),145,31,114,,InterPro:IPR031424
A0A6P7SM35,Protein sleepless,Octopus vulgaris (Common octopus),154,26,129,,InterPro:IPR031424
A0A6P7SN90,Protein quiver,Octopus vulgaris (Common octopus),142,26,117,,InterPro:IPR031424
A0A6P7SQU7,U-scoloptoxin(05)-Sm1a-like,Octopus vulgaris (Common octopus),131,7,106,,InterPro:IPR031424
A0A6P7SVW8,U-scoloptoxin(05)-Sm1a,Octopus vulgaris (Common octopus),152,26,109,,InterPro:IPR031424
A0A6P7T0D2,Protein sleepless,Octopus vulgaris (Common octopus),128,23,101,,InterPro:IPR031424
A0A6P7THD1,Protein sleepless,Octopus vulgaris (Common octopus),136,24,111,,InterPro:IPR031424
A0A6P7U135,Protein quiver,Octopus vulgaris (Common octopus),168,49,136,,InterPro:IPR031424
A0A6P7U1I7,Protein sleepless,Octopus vulgaris (Common octopus),123,24,115,,InterPro:IPR031424
A0A6P7U2E1,Protein sleepless,Octopus vulgaris (Common octopus),148,29,118,,InterPro:IPR031424
A0A6P8J7A7,Uncharacterized protein LOC117135216,Drosophila mauritiana (Fruit fly),146,23,121,,InterPro:IPR031424
A0A6P8JDZ8,UPAR/Ly6 domain-containing protein qvr,Drosophila mauritiana (Fruit fly),155,36,124,,InterPro:IPR031424
A0A6P8JED2,Uncharacterized protein LOC117137235,Drosophila mauritiana (Fruit fly),155,24,120,,InterPro:IPR031424
A0A6P8JNU6,Uncharacterized protein LOC117139685,Drosophila mauritiana (Fruit fly),158,23,135,,InterPro:IPR031424
A0A6P8JSY1,Protein sleepless,Drosophila mauritiana (Fruit fly),152,26,123,,InterPro:IPR031424
A0A6P8JT69,Uncharacterized protein LOC117140847,Drosophila mauritiana (Fruit fly),148,21,122,,InterPro:IPR031424
A0A6P8JV46,UPAR/Ly6 domain-containing protein qvr,Drosophila mauritiana (Fruit fly),158,39,127,,InterPro:IPR031424
A0A6P8K0F1,Protein sleepless,Drosophila mauritiana (Fruit fly),188,21,166,,InterPro:IPR031424
A0A6P8K805,Uncharacterized protein LOC117144139,Drosophila mauritiana (Fruit fly),154,22,125,,InterPro:IPR031424
A0A6P8K827,Uncharacterized protein LOC117144084,Drosophila mauritiana (Fruit fly),159,27,130,,InterPro:IPR031424
A0A6P8K8L5,Uncharacterized protein LOC117144219 isoform X1,Drosophila mauritiana (Fruit fly),181,57,151,,InterPro:IPR031424
A0A6P8K8M6,Uncharacterized protein LOC117144219 isoform X2,Drosophila mauritiana (Fruit fly),168,44,138,,InterPro:IPR031424
A0A6P8KAC3,Uncharacterized protein LOC117144219 isoform X3,Drosophila mauritiana (Fruit fly),148,24,118,,InterPro:IPR031424
A0A6P8KMG3,Uncharacterized protein LOC117144251,Drosophila mauritiana (Fruit fly),147,22,119,,InterPro:IPR031424
A0A6P8KW32,Uncharacterized protein LOC117150528,Drosophila mauritiana (Fruit fly),148,24,125,,InterPro:IPR031424
A0A6P8L016,U-scoloptoxin(05)-Er1a,Drosophila mauritiana (Fruit fly),149,32,125,,InterPro:IPR031424
A0A6P8L2B9,Protein quiver,Drosophila mauritiana (Fruit fly),151,25,121,,InterPro:IPR031424
A0A6P8LCR0,Uncharacterized protein LOC117150451,Drosophila mauritiana (Fruit fly),151,24,123,,InterPro:IPR031424
A0A6P8LEB6,Uncharacterized protein LOC117150726,Drosophila mauritiana (Fruit fly),143,22,118,,InterPro:IPR031424
A0A6P8LEB9,Uncharacterized protein LOC117152500,Bombus impatiens (Bumblebee),146,28,122,,InterPro:IPR031424
A0A6P8LGN3,Uncharacterized protein LOC117150661,Drosophila mauritiana (Fruit fly),147,24,124,,InterPro:IPR031424
A0A6P8LGX9,Uncharacterized protein LOC117205308,Bombus bifarius,145,23,117,,InterPro:IPR031424
A0A6P8LLV1,Uncharacterized protein LOC117205172 isoform X2,Bombus bifarius,142,55,140,,InterPro:IPR031424
A0A6P8LML4,Uncharacterized protein LOC117205311,Bombus bifarius,139,25,111,,InterPro:IPR031424
A0A6P8LRJ1,U-scoloptoxin(05)-Sm1a isoform X1,Bombus bifarius,146,26,117,,InterPro:IPR031424
A0A6P8LSA8,Uncharacterized protein LOC105680696,Bombus impatiens (Bumblebee),139,25,111,,InterPro:IPR031424
A0A6P8LUX9,Uncharacterized protein LOC117205172 isoform X1,Bombus bifarius,170,55,144,,InterPro:IPR031424
A0A6P8LV07,Uncharacterized protein LOC117206707,Bombus bifarius,146,28,122,,InterPro:IPR031424
A0A6P8M9N5,Uncharacterized protein LOC117211037,Bombus bifarius,160,22,133,,InterPro:IPR031424
A0A6P8MC25,Uncharacterized protein LOC117205171,Bombus bifarius,177,24,148,,InterPro:IPR031424
A0A6P8ME93,UPAR/Ly6 domain-containing protein qvr,Bombus bifarius,158,28,116,,InterPro:IPR031424
A0A6P8MGY5,Uncharacterized protein LOC117212381,Bombus bifarius,153,24,122,,InterPro:IPR031424
A0A6P8MMU7,U-scoloptoxin(05)-Sm1a isoform X2,Bombus bifarius,193,78,166,,InterPro:IPR031424
A0A6P8MNG7,AAA+ ATPase domain-containing protein,Bombus bifarius,535,24,127,,InterPro:IPR031424
A0A6P8MQH7,Uncharacterized protein LOC117214240,Bombus bifarius,153,26,125,,InterPro:IPR031424
A0A6P8MUF6,Uncharacterized protein LOC117208719,Bombus bifarius,167,27,122,,InterPro:IPR031424
A0A6P8MZV5,UPAR/Ly6 domain-containing protein qvr,Bombus bifarius,142,12,100,,InterPro:IPR031424
A0A6P8W7B1,Uncharacterized protein LOC117564733,Drosophila albomicans (Fruit fly),154,22,125,,InterPro:IPR031424
A0A6P8W8L8,Uncharacterized protein LOC117564982,Drosophila albomicans (Fruit fly),161,24,126,,InterPro:IPR031424
A0A6P8W8R0,Protein sleepless,Drosophila albomicans (Fruit fly),211,34,181,,InterPro:IPR031424
A0A6P8W8T1,Uncharacterized protein LOC117565161,Drosophila albomicans (Fruit fly),151,20,121,,InterPro:IPR031424
A0A6P8W8T4,Uncharacterized protein LOC117565165,Drosophila albomicans (Fruit fly),156,27,130,,InterPro:IPR031424
A0A6P8W8W8,Uncharacterized protein LOC117565086 isoform X3,Drosophila albomicans (Fruit fly),146,24,123,,InterPro:IPR031424
A0A6P8W9T7,Uncharacterized protein LOC117565363,Drosophila albomicans (Fruit fly),151,27,123,,InterPro:IPR031424
A0A6P8W9X7,Uncharacterized protein LOC117565493,Drosophila albomicans (Fruit fly),151,24,123,,InterPro:IPR031424
A0A6P8WA25,Uncharacterized protein LOC117565442,Drosophila albomicans (Fruit fly),148,24,125,,InterPro:IPR031424
A0A6P8WCH4,Uncharacterized protein LOC117566040,Drosophila albomicans (Fruit fly),148,22,119,,InterPro:IPR031424
A0A6P8WKZ8,Uncharacterized protein LOC117565086 isoform X2,Drosophila albomicans (Fruit fly),147,24,124,,InterPro:IPR031424
A0A6P8WM49,UPAR/Ly6 domain-containing protein qvr,Drosophila albomicans (Fruit fly),163,39,127,,InterPro:IPR031424
A0A6P8WPI0,Uncharacterized protein LOC117565088 isoform X1,Drosophila albomicans (Fruit fly),151,24,128,,InterPro:IPR031424
A0A6P8WR58,Uncharacterized protein LOC117566399,Drosophila albomicans (Fruit fly),157,29,125,,InterPro:IPR031424
A0A6P8XNH8,Uncharacterized protein LOC117565086 isoform X1,Drosophila albomicans (Fruit fly),147,24,124,,InterPro:IPR031424
A0A6P8XP29,Uncharacterized protein LOC117565162 isoform X1,Drosophila albomicans (Fruit fly),146,23,123,,InterPro:IPR031424
A0A6P8XQX1,Uncharacterized protein LOC117565494,Drosophila albomicans (Fruit fly),145,22,118,,InterPro:IPR031424
A0A6P8XTS9,Uncharacterized protein LOC117639058,Thrips palmi (Melon thrips),159,26,129,,InterPro:IPR031424
A0A6P8XVZ3,Uncharacterized protein LOC117566357,Drosophila albomicans (Fruit fly),153,24,120,,InterPro:IPR031424
A0A6P8Y917,Uncharacterized protein LOC117642264,Thrips palmi (Melon thrips),150,28,124,,InterPro:IPR031424
A0A6P8Y984,UPAR/Ly6 domain-containing protein qvr,Drosophila albomicans (Fruit fly),160,36,124,,InterPro:IPR031424
A0A6P8YHD9,Uncharacterized protein LOC117569497,Drosophila albomicans (Fruit fly),162,23,135,,InterPro:IPR031424
A0A6P8YKW8,Uncharacterized protein LOC117644909,Thrips palmi (Melon thrips),160,25,136,,InterPro:IPR031424
A0A6P8YP16,Uncharacterized protein LOC117642095,Thrips palmi (Melon thrips),179,31,146,,InterPro:IPR031424
A0A6P8YR84,U-scoloptoxin(05)-Sm1a-like,Thrips palmi (Melon thrips),146,24,121,,InterPro:IPR031424
A0A6P8YZG6,Protein sleepless,Thrips palmi (Melon thrips),171,31,141,,InterPro:IPR031424
A0A6P8Z4K6,Uncharacterized protein LOC117647415,Thrips palmi (Melon thrips),154,28,126,,InterPro:IPR031424
A0A6P8Z4W4,Uncharacterized protein LOC117645497,Thrips palmi (Melon thrips),177,24,152,,InterPro:IPR031424
A0A6P8ZFI0,Uncharacterized protein LOC117577389,Drosophila albomicans (Fruit fly),178,33,151,,InterPro:IPR031424
A0A6P9A791,Uncharacterized protein LOC117652398,Thrips palmi (Melon thrips),151,25,124,,InterPro:IPR031424
A0A6P9AC39,Uncharacterized protein LOC117653474,Thrips palmi (Melon thrips),147,23,121,,InterPro:IPR031424
A0A6P9ACW3,U-scoloptoxin(05)-Sm1a-like isoform X2,Thrips palmi (Melon thrips),146,27,118,,InterPro:IPR031424
A0A6P9ACY9,Uncharacterized protein LOC117654057,Thrips palmi (Melon thrips),154,23,123,,InterPro:IPR031424
A0A6P9ADN9,Uncharacterized protein LOC117654211,Thrips palmi (Melon thrips),144,25,119,,InterPro:IPR031424
A0A6P9AF04,U-scoloptoxin(05)-Sm1a-like isoform X1,Thrips palmi (Melon thrips),150,34,122,,InterPro:IPR031424
A0A6P9AFF6,Uncharacterized protein LOC117654058,Thrips palmi (Melon thrips),148,29,121,,InterPro:IPR031424
A0A6P9AFQ2,UPAR/Ly6 domain-containing protein qvr,Thrips palmi (Melon thrips),163,46,134,,InterPro:IPR031424
A0A6P9AFQ6,UPAR/Ly6 domain-containing protein qvr,Thrips palmi (Melon thrips),144,27,115,,InterPro:IPR031424
A0A6P9ANE9,UPAR/Ly6 domain-containing protein qvr,Thrips palmi (Melon thrips),148,31,119,,InterPro:IPR031424
A0A6V7GX08,Uncharacterized protein,Heterotrigona itama,143,3,98,,InterPro:IPR031424
A0A6V7GZG2,UPAR/Ly6 domain-containing protein qvr,Heterotrigona itama,133,3,91,,InterPro:IPR031424
A0A6V7GZJ9,Uncharacterized protein,Heterotrigona itama,85,1,65,,InterPro:IPR031424
A0A6V7H1E2,Uncharacterized protein,Heterotrigona itama,137,3,114,,InterPro:IPR031424
A0A6V7H2Q0,Uncharacterized protein,Heterotrigona itama,205,53,176,,InterPro:IPR031424
A0A6V7H7N1,Uncharacterized protein,Heterotrigona itama,195,81,169,,InterPro:IPR031424
A0A6V7HBR2,Uncharacterized protein,Heterotrigona itama,126,4,98,,InterPro:IPR031424
A0A6V7HHX1,Uncharacterized protein,Heterotrigona itama,130,4,104,,InterPro:IPR031424
A0A6V7HL22,Uncharacterized protein,Heterotrigona itama,124,3,102,,InterPro:IPR031424
A0A6V7HMD7,Uncharacterized protein,Bracon brevicornis,53,3,53,,InterPro:IPR031424
A0A6V7JC59,Protein sleepless,Bracon brevicornis,56,4,49,,InterPro:IPR031424
A0A6V7THX1,Uncharacterized protein,Meloidogyne enterolobii,98,3,72,,InterPro:IPR031424
A0A6V7UCS8,Uncharacterized protein,Meloidogyne enterolobii,164,37,138,,InterPro:IPR031424
A0A6V7UDB4,Uncharacterized protein,Meloidogyne enterolobii,164,37,138,,InterPro:IPR031424
A0A6V7US07,Uncharacterized protein,Meloidogyne enterolobii,164,37,112,,InterPro:IPR031424
A0A6V7V0I5,Uncharacterized protein,Meloidogyne enterolobii,98,4,72,,InterPro:IPR031424
A0A6V7WB41,Uncharacterized protein,Meloidogyne enterolobii,164,37,138,,InterPro:IPR031424
A0A6V7WM51,Uncharacterized protein,Meloidogyne enterolobii,133,20,107,,InterPro:IPR031424
A0A6V7X255,Uncharacterized protein,Meloidogyne enterolobii,134,20,107,,InterPro:IPR031424
A0A6V7XSH9,Uncharacterized protein,Meloidogyne enterolobii,98,4,72,,InterPro:IPR031424
A0A7E4V2E6,UPAR/Ly6 domain-containing protein qvr,Panagrellus redivivus (Microworm),161,23,136,,InterPro:IPR031424
A0A7E4V496,Protein sleepless,Panagrellus redivivus (Microworm),140,24,113,,InterPro:IPR031424
A0A7E4V760,Protein quiver,Panagrellus redivivus (Microworm),299,156,272,,InterPro:IPR031424
A0A7E4V9T7,Protein sleepless,Panagrellus redivivus (Microworm),217,52,193,,InterPro:IPR031424
A0A7E4VSQ9,Protein sleepless,Panagrellus redivivus (Microworm),190,66,159,,InterPro:IPR031424
A0A7E5V911,Uncharacterized protein LOC113491809,Trichoplusia ni (Cabbage looper),149,20,123,,InterPro:IPR031424
A0A7E5V921,Uncharacterized protein LOC113491815,Trichoplusia ni (Cabbage looper),148,23,126,,InterPro:IPR031424
A0A7E5V922,Uncharacterized protein LOC113491800,Trichoplusia ni (Cabbage looper),163,24,138,,InterPro:IPR031424
A0A7E5V934,Uncharacterized protein LOC113491823,Trichoplusia ni (Cabbage looper),147,24,123,,InterPro:IPR031424
A0A7E5VB86,Protein sleepless,Trichoplusia ni (Cabbage looper),164,27,137,,InterPro:IPR031424
A0A7E5VWY2,Uncharacterized protein LOC113497480 isoform X1,Trichoplusia ni (Cabbage looper),140,20,114,,InterPro:IPR031424
A0A7E5VWY9,Uncharacterized protein LOC113497479,Trichoplusia ni (Cabbage looper),153,26,123,,InterPro:IPR031424
A0A7E5VX33,Uncharacterized protein LOC113497482,Trichoplusia ni (Cabbage looper),132,22,111,,InterPro:IPR031424
A0A7E5VXK8,Uncharacterized protein LOC113497480 isoform X2,Trichoplusia ni (Cabbage looper),120,2,94,,InterPro:IPR031424
A0A7E5VXV4,Uncharacterized protein LOC113497689,Trichoplusia ni (Cabbage looper),144,21,119,,InterPro:IPR031424
A0A7E5W749,UPAR/Ly6 domain-containing protein qvr,Trichoplusia ni (Cabbage looper),142,32,120,,InterPro:IPR031424
A0A7E5W755,UPAR/Ly6 domain-containing protein qvr,Trichoplusia ni (Cabbage looper),158,48,136,,InterPro:IPR031424
A0A7E5W7S7,Uncharacterized protein LOC113500086,Trichoplusia ni (Cabbage looper),147,23,122,,InterPro:IPR031424
A0A7E5WAK1,Omega-scoloptoxin-Ssm1a,Trichoplusia ni (Cabbage looper),139,25,116,,InterPro:IPR031424
A0A7E5WI43,Uncharacterized protein LOC113502833,Trichoplusia ni (Cabbage looper),151,20,129,,InterPro:IPR031424
A0A7E5WJQ6,Protein sleepless,Trichoplusia ni (Cabbage looper),169,23,139,,InterPro:IPR031424
A0A7E5X0Q1,Uncharacterized protein LOC113508002,Trichoplusia ni (Cabbage looper),148,26,123,,InterPro:IPR031424
A0A7E5X3V4,Uncharacterized protein LOC113508465,Trichoplusia ni (Cabbage looper),158,20,133,,InterPro:IPR031424
A0A7E6FB99,Protein sleepless,Octopus vulgaris (Common octopus),167,26,136,,InterPro:IPR031424
A0A7E6FPW6,Protein quiver,Octopus vulgaris (Common octopus),156,22,116,,InterPro:IPR031424
A0A7F5R0I9,Uncharacterized protein LOC108741657,Agrilus planipennis (Emerald ash borer),195,80,167,,InterPro:IPR031424
A0A7F5R2C3,Uncharacterized protein LOC108739638,Agrilus planipennis (Emerald ash borer),170,32,145,,InterPro:IPR031424
A0A7F5RC35,Uncharacterized protein LOC112905398 isoform X2,Agrilus planipennis (Emerald ash borer),185,26,163,,InterPro:IPR031424
A0A7F5RC65,Uncharacterized protein LOC112905398 isoform X1,Agrilus planipennis (Emerald ash borer),190,31,168,,InterPro:IPR031424
A0A7F5RDE4,Uncharacterized protein LOC108735158,Agrilus planipennis (Emerald ash borer),141,29,116,,InterPro:IPR031424
A0A7F5RM31,Uncharacterized protein LOC112906685,Agrilus planipennis (Emerald ash borer),132,20,107,,InterPro:IPR031424
A0A7F5RM58,Uncharacterized protein LOC108736702 isoform X2,Agrilus planipennis (Emerald ash borer),144,22,115,,InterPro:IPR031424
A0A7F5RME6,Uncharacterized protein LOC108736702 isoform X1,Agrilus planipennis (Emerald ash borer),145,23,116,,InterPro:IPR031424
A0A7G3AA15,Putative conserved secreted protein,Lutzomyia longipalpis (Sand fly),126,22,100,,InterPro:IPR031424
A0A7G3AA29,Putative conserved secreted protein,Lutzomyia longipalpis (Sand fly),174,25,147,,InterPro:IPR031424
A0A7G3AA36,Putative conserved secreted protein,Lutzomyia longipalpis (Sand fly),154,26,129,,InterPro:IPR031424
A0A7G3ABZ6,Putative 18.9 kDa midgut protein,Lutzomyia longipalpis (Sand fly),138,27,109,,InterPro:IPR031424
A0A7G3AD51,Putative conserved secreted protein,Lutzomyia longipalpis (Sand fly),126,20,98,,InterPro:IPR031424
A0A7G3ADQ2,Putative conserved plasma membrane protein,Lutzomyia longipalpis (Sand fly),116,12,90,,InterPro:IPR031424
A0A7G3AEM8,Putative conserved secreted protein,Lutzomyia longipalpis (Sand fly),134,22,132,,InterPro:IPR031424
A0A7G3AER8,Putative conserved secreted protein,Lutzomyia longipalpis (Sand fly),119,24,117,,InterPro:IPR031424
A0A7G3AET2,Putative conserved secreted protein,Lutzomyia longipalpis (Sand fly),246,69,151,,InterPro:IPR031424
A0A7G3AET5,Putative conserved secreted protein,Lutzomyia longipalpis (Sand fly),153,22,129,,InterPro:IPR031424
A0A7G3AEU7,Putative conserved secreted protein,Lutzomyia longipalpis (Sand fly),125,23,98,,InterPro:IPR031424
A0A7G3AEX4,Putative conserved secreted protein,Lutzomyia longipalpis (Sand fly),126,20,98,,InterPro:IPR031424
A0A7G3AFC3,Putative conserved secreted protein,Lutzomyia longipalpis (Sand fly),107,21,104,,InterPro:IPR031424
A0A7G3AFM2,Uncharacterized protein,Lutzomyia longipalpis (Sand fly),164,23,137,,InterPro:IPR031424
A0A7G3AG28,Uncharacterized protein,Lutzomyia longipalpis (Sand fly),141,22,117,,InterPro:IPR031424
A0A7G3AG54,Putative conserved secreted protein,Lutzomyia longipalpis (Sand fly),126,20,98,,InterPro:IPR031424
A0A7G3AGE8,Putative conserved secreted protein,Lutzomyia longipalpis (Sand fly),119,24,117,,InterPro:IPR031424
A0A7G3AHD7,Putative conserved secreted protein,Lutzomyia longipalpis (Sand fly),154,34,129,,InterPro:IPR031424
A0A7G3AHM2,Putative conserved secreted protein,Lutzomyia longipalpis (Sand fly),133,23,107,,InterPro:IPR031424
A0A7G3AHS0,Putative conserved secreted protein,Lutzomyia longipalpis (Sand fly),207,83,179,,InterPro:IPR031424
A0A7G3ALW7,Uncharacterized protein,Lutzomyia longipalpis (Sand fly),101,2,91,,InterPro:IPR031424
A0A7G3AMC1,Putative secreted protein,Lutzomyia longipalpis (Sand fly),188,74,163,,InterPro:IPR031424
A0A7G3AWV9,Putative secreted protein,Lutzomyia longipalpis (Sand fly),145,25,119,,InterPro:IPR031424
A0A7I4Y3X7,Protein quiver,Haemonchus contortus (Barber pole worm),133,20,109,,InterPro:IPR031424
A0A7I4YMW4,Protein quiver,Haemonchus contortus (Barber pole worm),129,19,108,,InterPro:IPR031424
A0A7I4YWG9,Protein quiver,Haemonchus contortus (Barber pole worm),176,19,134,,InterPro:IPR031424
A0A7I4YYA6,Protein quiver,Haemonchus contortus (Barber pole worm),172,26,146,,InterPro:IPR031424
A0A7I4Z4N6,Protein quiver,Haemonchus contortus (Barber pole worm),161,43,139,,InterPro:IPR031424
A0A7I5EDA4,Protein quiver,Haemonchus contortus (Barber pole worm),131,19,101,,InterPro:IPR031424
A0A7I8V658,DgyrCDS535,Dimorphilus gyrociliatus,3333,22,100,,InterPro:IPR031424
A0A7I8VNJ6,UPAR/Ly6 domain-containing protein qvr,Dimorphilus gyrociliatus,143,22,118,,InterPro:IPR031424
A0A7I8VQ37,DgyrCDS7063,Dimorphilus gyrociliatus,751,163,256,,InterPro:IPR031424
A0A7I8VR99,Protein sleepless,Dimorphilus gyrociliatus,150,31,123,,InterPro:IPR031424
A0A7I8VUV2,Protein sleepless,Dimorphilus gyrociliatus,127,20,103,,InterPro:IPR031424
A0A7I8VY40,DgyrCDS9017,Dimorphilus gyrociliatus,212,111,189,,InterPro:IPR031424
A0A7I8W6Y3,Fanconi-associated nuclease,Dimorphilus gyrociliatus,1005,28,109,,InterPro:IPR031424
A0A7I8WCV1,Protein quiver,Dimorphilus gyrociliatus,122,22,99,,InterPro:IPR031424
A0A7I8WSK8,(pine wood nematode) hypothetical protein,Bursaphelenchus xylophilus (Pinewood nematode worm),184,45,161,,InterPro:IPR031424
A0A7I8WXY2,(pine wood nematode) hypothetical protein,Bursaphelenchus xylophilus (Pinewood nematode worm),124,20,102,,InterPro:IPR031424
A0A7J7ITD4,Uncharacterized protein,Bugula neritina (Brown bryozoan),111,20,101,,InterPro:IPR031424
A0A7J7IUF5,DUF753 domain-containing protein,Bugula neritina (Brown bryozoan),258,120,209,,InterPro:IPR031424
A0A7J7IVT7,Protein quiver,Bugula neritina (Brown bryozoan),161,30,138,,InterPro:IPR031424
A0A7J7J3L3,Let-767,Bugula neritina (Brown bryozoan),156,24,133,,InterPro:IPR031424
A0A7J7JCN0,Uncharacterized protein,Bugula neritina (Brown bryozoan),111,20,101,,InterPro:IPR031424
A0A7J7JDI5,Protein quiver,Bugula neritina (Brown bryozoan),138,23,117,,InterPro:IPR031424
A0A7J7JDI6,Protein sleepless,Bugula neritina (Brown bryozoan),138,23,117,,InterPro:IPR031424
A0A7J7JDR4,Protein quiver,Bugula neritina (Brown bryozoan),140,26,119,,InterPro:IPR031424
A0A7J7JE89,Protein sleepless,Bugula neritina (Brown bryozoan),137,23,114,,InterPro:IPR031424
A0A7J7JET6,Protein sleepless,Bugula neritina (Brown bryozoan),138,23,117,,InterPro:IPR031424
A0A7J7JFF1,Protein sleepless,Bugula neritina (Brown bryozoan),129,15,108,,InterPro:IPR031424
A0A7J7JGK9,UPAR/Ly6 domain-containing protein qvr,Bugula neritina (Brown bryozoan),143,26,121,,InterPro:IPR031424
A0A7J7JN78,Protein sleepless,Bugula neritina (Brown bryozoan),142,26,120,,InterPro:IPR031424
A0A7J7JSW8,Uncharacterized protein,Bugula neritina (Brown bryozoan),111,20,101,,InterPro:IPR031424
A0A7J7JUS1,UPAR/Ly6 domain-containing protein qvr,Bugula neritina (Brown bryozoan),143,26,121,,InterPro:IPR031424
A0A7J7JUU3,Uncharacterized protein,Bugula neritina (Brown bryozoan),111,20,101,,InterPro:IPR031424
A0A7J7K0Q0,Uncharacterized protein,Bugula neritina (Brown bryozoan),120,36,106,,InterPro:IPR031424
A0A7J7K0V0,UPAR/Ly6 domain-containing protein qvr,Bugula neritina (Brown bryozoan),155,37,129,,InterPro:IPR031424
A0A7J7K2J3,UPAR/Ly6 domain-containing protein qvr,Bugula neritina (Brown bryozoan),141,28,117,,InterPro:IPR031424
A0A7J7K3L2,Protein sleepless,Bugula neritina (Brown bryozoan),121,20,92,,InterPro:IPR031424
A0A7J7K4E3,Uncharacterized protein,Bugula neritina (Brown bryozoan),142,42,120,,InterPro:IPR031424
A0A7J7K5L9,Protein sleepless,Bugula neritina (Brown bryozoan),140,25,115,,InterPro:IPR031424
A0A7J7K6D5,DUF753 domain-containing protein,Bugula neritina (Brown bryozoan),259,121,210,,InterPro:IPR031424
A0A7J7K6W8,DUF753 domain-containing protein,Bugula neritina (Brown bryozoan),240,144,233,,InterPro:IPR031424
A0A7J7K703,Protein sleepless,Bugula neritina (Brown bryozoan),121,20,92,,InterPro:IPR031424
A0A7J7K771,Uncharacterized protein,Bugula neritina (Brown bryozoan),178,68,144,,InterPro:IPR031424
A0A7J7KHM2,Uncharacterized protein,Bugula neritina (Brown bryozoan),111,20,101,,InterPro:IPR031424
A0A7J7KIG9,Protein sleepless,Bugula neritina (Brown bryozoan),148,23,118,,InterPro:IPR031424
A0A7J7KIQ1,Protein sleepless,Bugula neritina (Brown bryozoan),136,28,114,,InterPro:IPR031424
A0A7J7KIS2,Protein quiver,Bugula neritina (Brown bryozoan),145,22,118,,InterPro:IPR031424
A0A7J7KKG5,Protein sleepless,Bugula neritina (Brown bryozoan),137,25,115,,InterPro:IPR031424
A0A7J7KKQ3,UPAR/Ly6 domain-containing protein qvr,Bugula neritina (Brown bryozoan),118,7,96,,InterPro:IPR031424
A0A7J7KLS2,Uncharacterized protein,Bugula neritina (Brown bryozoan),246,137,226,,InterPro:IPR031424
A0A7M6UV42,Protein sleepless,Nasonia vitripennis (Parasitic wasp),143,23,117,,InterPro:IPR031424
A0A7M6W5Z9,Protein sleepless,Nasonia vitripennis (Parasitic wasp),151,25,128,,InterPro:IPR031424
A0A7M7G0D7,Protein sleepless,Apis mellifera (Honeybee),153,25,128,,InterPro:IPR031424
A0A7M7G430,Protein sleepless,Nasonia vitripennis (Parasitic wasp),160,30,125,,InterPro:IPR031424
A0A7M7G995,Protein sleepless,Nasonia vitripennis (Parasitic wasp),154,27,126,,InterPro:IPR031424
A0A7M7GA19,Protein sleepless,Apis mellifera (Honeybee),152,24,121,,InterPro:IPR031424
A0A7M7GA54,Protein sleepless,Apis mellifera (Honeybee),155,22,133,,InterPro:IPR031424
A0A7M7GBH6,Protein sleepless,Nasonia vitripennis (Parasitic wasp),153,27,129,,InterPro:IPR031424
A0A7M7GBN8,Protein sleepless,Nasonia vitripennis (Parasitic wasp),155,22,133,,InterPro:IPR031424
A0A7M7GCA6,Protein sleepless,Nasonia vitripennis (Parasitic wasp),152,27,123,,InterPro:IPR031424
A0A7M7GDT0,Protein sleepless,Nasonia vitripennis (Parasitic wasp),171,32,148,,InterPro:IPR031424
A0A7M7GN34,Protein sleepless,Nasonia vitripennis (Parasitic wasp),129,27,127,,InterPro:IPR031424
A0A7M7GTH4,Protein sleepless,Apis mellifera (Honeybee),155,38,126,,InterPro:IPR031424
A0A7M7GU45,Protein sleepless,Apis mellifera (Honeybee),173,24,144,,InterPro:IPR031424
A0A7M7GYB8,Protein sleepless,Apis mellifera (Honeybee),146,28,122,,InterPro:IPR031424
A0A7M7GYK8,Protein quiver,Apis mellifera (Honeybee),139,25,111,,InterPro:IPR031424
A0A7M7GZN3,UPAR/Ly6 domain-containing protein qvr,Apis mellifera (Honeybee),158,28,116,,InterPro:IPR031424
A0A7M7H229,UPAR/Ly6 domain-containing protein qvr,Nasonia vitripennis (Parasitic wasp),235,30,117,,InterPro:IPR031424
A0A7M7IP59,Protein sleepless,Nasonia vitripennis (Parasitic wasp),198,83,171,,InterPro:IPR031424
A0A7M7IWV2,Protein sleepless,Varroa destructor (Honeybee mite),139,28,113,,InterPro:IPR031424
A0A7M7IYM8,Cytochrome P450,Varroa destructor (Honeybee mite),534,22,75,,InterPro:IPR031424
A0A7M7IYS0,Protein sleepless,Varroa destructor (Honeybee mite),153,22,125,,InterPro:IPR031424
A0A7M7IZ45,Protein quiver,Varroa destructor (Honeybee mite),119,18,92,,InterPro:IPR031424
A0A7M7J116,Protein quiver,Varroa destructor (Honeybee mite),154,18,129,,InterPro:IPR031424
A0A7M7J581,Protein sleepless,Varroa destructor (Honeybee mite),153,20,119,,InterPro:IPR031424
A0A7M7JGW8,Protein quiver,Varroa destructor (Honeybee mite),206,30,161,,InterPro:IPR031424
A0A7M7JHI2,Protein quiver,Varroa destructor (Honeybee mite),209,33,164,,InterPro:IPR031424
A0A7M7JYH8,Protein sleepless,Varroa destructor (Honeybee mite),128,34,108,,InterPro:IPR031424
A0A7M7JZ76,Protein sleepless,Varroa destructor (Honeybee mite),151,34,122,,InterPro:IPR031424
A0A7M7KAZ3,Protein sleepless,Varroa destructor (Honeybee mite),151,25,123,,InterPro:IPR031424
A0A7M7KDN0,Protein sleepless,Varroa destructor (Honeybee mite),159,34,131,,InterPro:IPR031424
A0A7M7KL72,Protein quiver,Varroa destructor (Honeybee mite),150,28,122,,InterPro:IPR031424
A0A7M7KLR1,UPAR/Ly6 domain-containing protein qvr,Varroa destructor (Honeybee mite),578,61,160,,InterPro:IPR031424
A0A7M7L1E5,Protein sleepless,Apis mellifera (Honeybee),144,26,117,,InterPro:IPR031424
A0A7M7LJK6,Protein sleepless,Nasonia vitripennis (Parasitic wasp),150,29,125,,InterPro:IPR031424
A0A7M7LNV0,Protein sleepless,Apis mellifera (Honeybee),146,23,117,,InterPro:IPR031424
A0A7M7LQN4,Protein sleepless,Apis mellifera (Honeybee),193,78,166,,InterPro:IPR031424
A0A7M7M4C5,Protein sleepless,Varroa destructor (Honeybee mite),143,28,119,,InterPro:IPR031424
A0A7M7MFF7,Protein quiver,Varroa destructor (Honeybee mite),192,60,157,,InterPro:IPR031424
A0A7M7MWE9,UPAR/Ly6 domain-containing protein qvr,Apis mellifera (Honeybee),142,12,100,,InterPro:IPR031424
A0A7M7Q1L9,Protein sleepless,Nasonia vitripennis (Parasitic wasp),151,25,128,,InterPro:IPR031424
A0A7M7QB20,Protein sleepless,Nasonia vitripennis (Parasitic wasp),166,36,131,,InterPro:IPR031424
A0A7M7R7J1,Protein sleepless,Apis mellifera (Honeybee),152,26,125,,InterPro:IPR031424
A0A7M7R994,Protein sleepless,Apis mellifera (Honeybee),167,27,122,,InterPro:IPR031424
A0A7R8CGE9,Protein sleepless,Lepeophtheirus salmonis (Salmon louse),140,32,136,,InterPro:IPR031424
A0A7R8CI67,Protein sleepless,Lepeophtheirus salmonis (Salmon louse),128,6,104,,InterPro:IPR031424
A0A7R8CII2,Protein quiver,Lepeophtheirus salmonis (Salmon louse),137,47,136,,InterPro:IPR031424
A0A7R8CLD5,Protein quiver,Lepeophtheirus salmonis (Salmon louse),427,304,403,,InterPro:IPR031424
A0A7R8CNQ6,CBS domain-containing protein,Lepeophtheirus salmonis (Salmon louse),608,485,582,,InterPro:IPR031424
A0A7R8CV36,C-type lectin domain-containing protein,Lepeophtheirus salmonis (Salmon louse),1552,941,1037,,InterPro:IPR031424
A0A7R8CV36,C-type lectin domain-containing protein,Lepeophtheirus salmonis (Salmon louse),1552,1224,1321,,InterPro:IPR031424
A0A7R8CWM1,C-type lectin domain-containing protein,Lepeophtheirus salmonis (Salmon louse),1550,939,1035,,InterPro:IPR031424
A0A7R8CWM1,C-type lectin domain-containing protein,Lepeophtheirus salmonis (Salmon louse),1550,1222,1319,,InterPro:IPR031424
A0A7R8CZ69,(salmon louse) hypothetical protein,Lepeophtheirus salmonis (Salmon louse),305,175,249,,InterPro:IPR031424
A0A7R8H1V8,Spaetzle domain-containing protein,Lepeophtheirus salmonis (Salmon louse),383,23,98,,InterPro:IPR031424
A0A7R8H781,Protein quiver,Lepeophtheirus salmonis (Salmon louse),133,23,96,,InterPro:IPR031424
A0A7R8H8H5,Protein sleepless,Lepeophtheirus salmonis (Salmon louse),383,21,139,,InterPro:IPR031424
A0A7R8U9R6,UPAR/Ly6 domain-containing protein qvr,Hermetia illucens (Black soldier fly),169,43,131,,InterPro:IPR031424
A0A7R8UFD8,Protein sleepless,Hermetia illucens (Black soldier fly),169,29,147,,InterPro:IPR031424
A0A7R8UFM9,Protein sleepless,Hermetia illucens (Black soldier fly),155,23,131,,InterPro:IPR031424
A0A7R8UFN6,Protein sleepless,Hermetia illucens (Black soldier fly),150,25,128,,InterPro:IPR031424
A0A7R8UIL2,Protein sleepless,Hermetia illucens (Black soldier fly),166,24,137,,InterPro:IPR031424
A0A7R8UUX1,Protein sleepless,Hermetia illucens (Black soldier fly),146,26,121,,InterPro:IPR031424
A0A7R8V076,Protein sleepless,Hermetia illucens (Black soldier fly),147,25,121,,InterPro:IPR031424
A0A7R8VG69,UPAR/Ly6 domain-containing protein qvr,Timema douglasi (Walking stick),378,258,346,,InterPro:IPR031424
A0A7R8VL80,Protein sleepless,Timema douglasi (Walking stick),146,28,122,,InterPro:IPR031424
A0A7R8VM90,Uncharacterized protein,Timema douglasi (Walking stick),293,128,183,,InterPro:IPR031424
A0A7R8VPA7,Protein sleepless,Timema douglasi (Walking stick),297,85,134,,InterPro:IPR031424
A0A7R8VSY6,Protein sleepless,Timema douglasi (Walking stick),133,3,93,,InterPro:IPR031424
A0A7R8VTA9,Protein quiver,Timema douglasi (Walking stick),145,11,122,,InterPro:IPR031424
A0A7R8VVZ3,Protein sleepless,Timema douglasi (Walking stick),156,10,135,,InterPro:IPR031424
A0A7R8W2W3,UPAR/Ly6 domain-containing protein qvr,Cyprideis torosa,229,108,193,,InterPro:IPR031424
A0A7R8WBG5,Activator of basal transcription 1,Cyprideis torosa,602,21,132,,InterPro:IPR031424
A0A7R8WE61,Protein quiver,Cyprideis torosa,408,279,375,,InterPro:IPR031424
A0A7R8WK30,Uncharacterized protein,Cyprideis torosa,289,24,127,,InterPro:IPR031424
A0A7R8WN51,Protein quiver,Cyprideis torosa,78,26,69,,InterPro:IPR031424
A0A7R8X1I9,Protein quiver,Darwinula stevensoni,231,121,203,,InterPro:IPR031424
A0A7R8X1T9,Protein quiver,Darwinula stevensoni,200,61,172,,InterPro:IPR031424
A0A7R8X7B2,Protein sleepless,Darwinula stevensoni,171,61,144,,InterPro:IPR031424
A0A7R8XA84,Protein quiver,Darwinula stevensoni,149,23,126,,InterPro:IPR031424
A0A7R8XDP0,Protein quiver,Darwinula stevensoni,152,27,123,,InterPro:IPR031424
A0A7R8XF63,Protein quiver,Darwinula stevensoni,143,20,120,,InterPro:IPR031424
A0A7R8XK45,Protein quiver,Darwinula stevensoni,312,131,227,,InterPro:IPR031424
A0A7R8YL64,UPAR/Ly6 domain-containing protein qvr,Hermetia illucens (Black soldier fly),170,44,132,,InterPro:IPR031424
A0A7R8YP56,Protein sleepless,Hermetia illucens (Black soldier fly),151,23,122,,InterPro:IPR031424
A0A7R8YPU4,Protein sleepless,Hermetia illucens (Black soldier fly),142,22,116,,InterPro:IPR031424
A0A7R8YPZ0,Protein sleepless,Hermetia illucens (Black soldier fly),145,24,120,,InterPro:IPR031424
A0A7R8YRE6,Protein sleepless,Hermetia illucens (Black soldier fly),139,20,113,,InterPro:IPR031424
A0A7R8YRT0,Protein sleepless,Hermetia illucens (Black soldier fly),170,50,146,,InterPro:IPR031424
A0A7R8YRX9,Protein sleepless,Hermetia illucens (Black soldier fly),146,23,123,,InterPro:IPR031424
A0A7R8Z0C2,Protein sleepless,Hermetia illucens (Black soldier fly),171,23,139,,InterPro:IPR031424
A0A7R8ZB31,Protein sleepless,Timema douglasi (Walking stick),267,141,237,,InterPro:IPR031424
A0A7R8ZQG5,Uncharacterized protein,Cyprideis torosa,196,55,166,,InterPro:IPR031424
A0A7R8ZQK9,Protein quiver,Cyprideis torosa,170,35,138,,InterPro:IPR031424
A0A7R8ZYX3,Protein quiver,Darwinula stevensoni,135,25,107,,InterPro:IPR031424
A0A7R9A380,Protein sleepless,Darwinula stevensoni,254,20,120,,InterPro:IPR031424
A0A7R9ADR3,Protein sleepless,Darwinula stevensoni,148,18,115,,InterPro:IPR031424
A0A7R9AL25,Protein sleepless,Timema shepardi (Walking stick),149,8,125,,InterPro:IPR031424
A0A7R9ARV8,Protein sleepless,Timema shepardi (Walking stick),116,7,92,,InterPro:IPR031424
A0A7R9AY51,Protein sleepless,Timema shepardi (Walking stick),154,23,122,,InterPro:IPR031424
A0A7R9AYP8,Protein sleepless,Timema shepardi (Walking stick),193,72,167,,InterPro:IPR031424
A0A7R9BF94,U6 snRNA-associated Sm-like protein LSm7,Notodromas monacha,230,23,110,,InterPro:IPR031424
A0A7R9BGI9,"NADH dehydrogenase [ubiquinone] 1 beta subcomplex subunit 5, mitochondrial",Notodromas monacha,316,26,128,,InterPro:IPR031424
A0A7R9BM73,Amine oxidase,Notodromas monacha,736,602,713,,InterPro:IPR031424
A0A7R9BTR0,Protein sleepless,Notodromas monacha,134,14,107,,InterPro:IPR031424
A0A7R9BWB5,isocitrate dehydrogenase (NADP(+)),Notodromas monacha,564,27,128,,InterPro:IPR031424
A0A7R9BXE1,Protein quiver,Notodromas monacha,160,22,125,,InterPro:IPR031424
A0A7R9BZN8,Protein quiver,Notodromas monacha,154,11,114,,InterPro:IPR031424
A0A7R9C104,BTB domain-containing protein,Notodromas monacha,441,28,126,,InterPro:IPR031424
A0A7R9CMW9,UPAR/Ly6 domain-containing protein qvr,Timema cristinae (Walking stick),206,86,174,,InterPro:IPR031424
A0A7R9CPQ3,Protein quiver,Timema poppense (Walking stick),272,145,230,,InterPro:IPR031424
A0A7R9D746,Protein sleepless,Timema cristinae (Walking stick),222,96,192,,InterPro:IPR031424
A0A7R9D8Z1,Protein sleepless,Timema cristinae (Walking stick),170,49,144,,InterPro:IPR031424
A0A7R9D9F6,Protein quiver,Timema poppense (Walking stick),143,28,82,,InterPro:IPR031424
A0A7R9DB78,Protein quiver,Timema poppense (Walking stick),167,18,114,,InterPro:IPR031424
A0A7R9DGJ4,Protein sleepless,Timema cristinae (Walking stick),151,5,130,,InterPro:IPR031424
A0A7R9E1J4,Protein sleepless,Timema monikensis,164,30,141,,InterPro:IPR031424
A0A7R9EDB5,Protein sleepless,Timema monikensis,116,7,92,,InterPro:IPR031424
A0A7R9EIP3,Protein sleepless,Timema monikensis,165,44,139,,InterPro:IPR031424
A0A7R9EJN2,Protein sleepless,Timema monikensis,200,69,168,,InterPro:IPR031424
A0A7R9EJS0,Protein quiver,Timema monikensis,185,39,164,,InterPro:IPR031424
A0A7R9EPX1,UPAR/Ly6 domain-containing protein qvr,Timema bartmani,180,60,148,,InterPro:IPR031424
A0A7R9EWN8,Protein quiver,Timema bartmani,157,32,128,,InterPro:IPR031424
A0A7R9FFW1,Protein sleepless,Timema tahoe,157,32,128,,InterPro:IPR031424
A0A7R9FTR7,Protein sleepless,Darwinula stevensoni,226,102,203,,InterPro:IPR031424
A0A7R9FX25,UPAR/Ly6 domain-containing protein qvr,Timema shepardi (Walking stick),127,7,95,,InterPro:IPR031424
A0A7R9G283,Protein sleepless,Timema shepardi (Walking stick),120,54,96,,InterPro:IPR031424
A0A7R9G490,Protein quiver,Timema shepardi (Walking stick),170,12,147,,InterPro:IPR031424
A0A7R9G4I3,Protein sleepless,Timema shepardi (Walking stick),152,7,131,,InterPro:IPR031424
A0A7R9G9N2,Cap-specific mRNA (nucleoside-2'-O-)-methyltransferase 2,Notodromas monacha,1333,1212,1296,,InterPro:IPR031424
A0A7R9GBH0,Protein sleepless,Notodromas monacha,152,22,125,,InterPro:IPR031424
A0A7R9GCV5,Protein sleepless,Notodromas monacha,196,70,168,,InterPro:IPR031424
A0A7R9GD10,Protein quiver,Notodromas monacha,147,22,126,,InterPro:IPR031424
A0A7R9GR32,Protein sleepless,Timema cristinae (Walking stick),152,18,129,,InterPro:IPR031424
A0A7R9GV86,UPAR/Ly6 domain-containing protein qvr,Timema poppense (Walking stick),218,98,186,,InterPro:IPR031424
A0A7R9GY76,Protein quiver,Timema poppense (Walking stick),168,32,128,,InterPro:IPR031424
A0A7R9H0P5,Protein sleepless,Timema cristinae (Walking stick),222,19,115,,InterPro:IPR031424
A0A7R9H4S6,Protein quiver,Timema cristinae (Walking stick),179,69,168,,InterPro:IPR031424
A0A7R9HHR1,UPAR/Ly6 domain-containing protein qvr,Timema monikensis,278,158,246,,InterPro:IPR031424
A0A7R9HSX0,Protein sleepless,Timema monikensis,79,15,55,,InterPro:IPR031424
A0A7R9HYW2,Protein sleepless,Timema bartmani,124,6,100,,InterPro:IPR031424
A0A7R9I4R7,Protein quiver,Timema bartmani,244,39,129,,InterPro:IPR031424
A0A7R9I733,Protein sleepless,Timema bartmani,161,27,138,,InterPro:IPR031424
A0A7R9I774,Protein sleepless,Timema bartmani,169,41,138,,InterPro:IPR031424
A0A7R9J869,Protein sleepless,Timema californicum (California timema),116,7,92,,InterPro:IPR031424
A0A7R9J8I0,Protein sleepless,Timema californicum (California timema),210,89,184,,InterPro:IPR031424
A0A7R9JAK8,Protein quiver,Timema californicum (California timema),173,58,148,,InterPro:IPR031424
A0A7R9JVV7,Protein sleepless,Timema genevievae (Walking stick),181,60,155,,InterPro:IPR031424
A0A7R9JXC5,Protein sleepless,Timema genevievae (Walking stick),161,27,138,,InterPro:IPR031424
A0A7R9K3S9,Uncharacterized protein,Timema genevievae (Walking stick),116,37,85,,InterPro:IPR031424
A0A7R9K431,Protein sleepless,Timema genevievae (Walking stick),240,131,216,,InterPro:IPR031424
A0A7R9KKX1,Protein quiver,Medioppia subpectinata,543,52,144,,InterPro:IPR031424
A0A7R9KLT8,Protein quiver,Medioppia subpectinata,172,45,148,,InterPro:IPR031424
A0A7R9KP20,Protein quiver,Medioppia subpectinata,121,31,120,,InterPro:IPR031424
A0A7R9L410,UPAR/Ly6 domain-containing protein qvr,Medioppia subpectinata,229,48,132,,InterPro:IPR031424
A0A7R9LBT7,Protein sleepless,Oppiella nova,159,38,132,,InterPro:IPR031424
A0A7R9LYS5,Protein sleepless,Oppiella nova,135,12,94,,InterPro:IPR031424
A0A7R9M3H7,Protein quiver,Oppiella nova,142,55,142,,InterPro:IPR031424
A0A7R9M4Y1,Protein quiver,Oppiella nova,216,101,184,,InterPro:IPR031424
A0A7R9MIW2,Protein quiver,Oppiella nova,135,21,129,,InterPro:IPR031424
A0A7R9NKN6,Protein quiver,Argulus foliaceus,169,30,147,,InterPro:IPR031424
A0A7R9NMT0,Protein sleepless,Argulus foliaceus,161,25,136,,InterPro:IPR031424
A0A7R9NUK1,UPAR/Ly6 domain-containing protein qvr,Timema tahoe,169,49,137,,InterPro:IPR031424
A0A7R9NZV1,Protein quiver,Timema tahoe,146,12,123,,InterPro:IPR031424
A0A7R9P3D3,Protein sleepless,Timema californicum (California timema),229,111,205,,InterPro:IPR031424
A0A7R9P6Q4,UPAR/Ly6 domain-containing protein qvr,Timema californicum (California timema),302,182,270,,InterPro:IPR031424
A0A7R9PAQ3,Protein quiver,Timema californicum (California timema),150,28,84,,InterPro:IPR031424
A0A7R9PGR3,UPAR/Ly6 domain-containing protein qvr,Timema genevievae (Walking stick),145,25,113,,InterPro:IPR031424
A0A7R9PK65,Protein sleepless,Timema genevievae (Walking stick),158,26,125,,InterPro:IPR031424
A0A7R9PL07,Protein sleepless,Timema genevievae (Walking stick),168,50,144,,InterPro:IPR031424
A0A7R9PNF0,Protein sleepless,Timema genevievae (Walking stick),157,32,128,,InterPro:IPR031424
A0A7R9PWR7,Protein quiver,Medioppia subpectinata,164,28,140,,InterPro:IPR031424
A0A7R9QCV8,Protein sleepless,Medioppia subpectinata,186,20,156,,InterPro:IPR031424
A0A7R9QK66,Protein quiver,Oppiella nova,173,33,145,,InterPro:IPR031424
A0A7R9QST3,Protein quiver,Oppiella nova,139,11,114,,InterPro:IPR031424
A0A7R9QWN7,Protein sleepless,Oppiella nova,204,29,179,,InterPro:IPR031424
A0A7R9RK28,Protein quiver,Argulus foliaceus,175,55,150,,InterPro:IPR031424
A0A7R9S510,Uncharacterized protein,Argulus foliaceus,185,49,159,,InterPro:IPR031424
A0A7R9S7W4,Protein sleepless,Argulus foliaceus,151,26,123,,InterPro:IPR031424
A0A7R9SBM9,Protein sleepless,Argulus foliaceus,145,33,121,,InterPro:IPR031424
A0A7R9XFE8,Protein sleepless,Argulus foliaceus,142,28,120,,InterPro:IPR031424
A0A7R9XLP6,UPAR/Ly6 domain-containing protein qvr,Argulus foliaceus,174,46,133,,InterPro:IPR031424
A0A811K3J3,Protein quiver,Bursaphelenchus okinawaensis,198,38,176,,InterPro:IPR031424
A0A811K9H9,Protein sleepless,Bursaphelenchus okinawaensis,152,20,130,,InterPro:IPR031424
A0A811KHI8,Uncharacterized protein,Bursaphelenchus okinawaensis,107,29,101,,InterPro:IPR031424
A0A811KRD8,Protein quiver,Bursaphelenchus okinawaensis,166,27,143,,InterPro:IPR031424
A0A811L700,Protein sleepless,Bursaphelenchus okinawaensis,163,25,141,,InterPro:IPR031424
A0A811LP86,Protein sleepless,Bursaphelenchus okinawaensis,150,28,119,,InterPro:IPR031424
A0A811UL23,Protein sleepless,Ceratitis capitata (Mediterranean fruit fly),156,20,123,,InterPro:IPR031424
A0A811URB9,Protein sleepless,Ceratitis capitata (Mediterranean fruit fly),140,15,108,,InterPro:IPR031424
A0A811URD9,Protein sleepless,Ceratitis capitata (Mediterranean fruit fly),137,7,104,,InterPro:IPR031424
A0A811V480,Protein sleepless,Ceratitis capitata (Mediterranean fruit fly),166,23,135,,InterPro:IPR031424
A0A811V8V4,Protein sleepless,Ceratitis capitata (Mediterranean fruit fly),168,24,121,,InterPro:IPR031424
A0A811VAP9,UPAR/Ly6 domain-containing protein qvr,Ceratitis capitata (Mediterranean fruit fly),332,51,139,,InterPro:IPR031424
A0A812C8I2,Protein sleepless,Acanthosepion pharaonis (Pharaoh cuttlefish),834,710,805,,InterPro:IPR031424
A0A812C8I2,Protein sleepless,Acanthosepion pharaonis (Pharaoh cuttlefish),834,24,112,,InterPro:IPR031424
A0A812DDQ8,Uncharacterized protein,Acanthosepion pharaonis (Pharaoh cuttlefish),358,20,77,,InterPro:IPR031424
A0A813M3S0,Protein quiver,Brachionus calyciflorus,149,34,122,,InterPro:IPR031424
A0A813MAT5,Protein sleepless,Adineta steineri,255,35,106,,InterPro:IPR031424
A0A813MW16,Protein quiver,Brachionus calyciflorus,595,54,139,,InterPro:IPR031424
A0A813N446,Protein quiver,Rotaria sordida,157,38,131,,InterPro:IPR031424
A0A813NB15,Protein quiver,Adineta steineri,154,35,123,,InterPro:IPR031424
A0A813NV87,Protein quiver,Rotaria sordida,166,35,140,,InterPro:IPR031424
A0A813NWX1,Protein sleepless,Didymodactylos carnosus,138,28,109,,InterPro:IPR031424
A0A813NYH5,Protein sleepless,Rotaria sordida,126,17,97,,InterPro:IPR031424
A0A813PBH6,Protein sleepless,Adineta ricciae (Rotifer),138,25,115,,InterPro:IPR031424
A0A813PHL4,Protein sleepless,Adineta ricciae (Rotifer),138,25,115,,InterPro:IPR031424
A0A813PNG5,Protein sleepless,Brachionus calyciflorus,139,24,111,,InterPro:IPR031424
A0A813PXU6,UPAR/Ly6 domain-containing protein qvr,Didymodactylos carnosus,129,6,103,,InterPro:IPR031424
A0A813PZZ0,Protein quiver,Brachionus calyciflorus,137,27,113,,InterPro:IPR031424
A0A813Q0B5,Protein quiver,Adineta ricciae (Rotifer),142,23,115,,InterPro:IPR031424
A0A813Q0X1,Protein sleepless,Rotaria sordida,134,21,111,,InterPro:IPR031424
A0A813QI13,Protein sleepless,Rotaria sp. Silwood1,134,21,111,,InterPro:IPR031424
A0A813QMU0,Prosaposin,Didymodactylos carnosus,663,35,116,,InterPro:IPR031424
A0A813QWV5,Protein quiver,Brachionus calyciflorus,1155,56,156,,InterPro:IPR031424
A0A813R9T0,Protein quiver,Didymodactylos carnosus,162,40,132,,InterPro:IPR031424
A0A813RAH1,Protein quiver,Adineta steineri,154,35,123,,InterPro:IPR031424
A0A813RCX4,Protein quiver,Rotaria sp. Silwood1,166,35,140,,InterPro:IPR031424
A0A813RJP0,Protein quiver,Adineta steineri,173,32,145,,InterPro:IPR031424
A0A813RR31,Protein sleepless,Adineta steineri,134,21,111,,InterPro:IPR031424
A0A813RS20,Uncharacterized protein,Adineta steineri,552,411,524,,InterPro:IPR031424
A0A813S7J5,Protein quiver,Rotaria sp. Silwood1,143,23,115,,InterPro:IPR031424
A0A813SHY2,Protein quiver,Didymodactylos carnosus,163,40,132,,InterPro:IPR031424
A0A813SI35,Protein quiver,Brachionus calyciflorus,148,23,131,,InterPro:IPR031424
A0A813SSX8,Protein quiver,Rotaria sp. Silwood1,151,35,123,,InterPro:IPR031424
A0A813T882,Uncharacterized protein,Brachionus calyciflorus,145,22,85,,InterPro:IPR031424
A0A813V4U3,Uncharacterized protein,Adineta steineri,554,413,526,,InterPro:IPR031424
A0A813VCA7,Protein sleepless,Adineta steineri,134,21,111,,InterPro:IPR031424
A0A813VEJ4,Protein quiver,Didymodactylos carnosus,147,15,103,,InterPro:IPR031424
A0A813VP54,Protein quiver,Adineta steineri,189,39,132,,InterPro:IPR031424
A0A813VPL1,Protein quiver,Rotaria sordida,151,35,123,,InterPro:IPR031424
A0A813W7V2,Uncharacterized protein,Adineta steineri,228,141,216,,InterPro:IPR031424
A0A813X403,Protein sleepless,Adineta ricciae (Rotifer),132,19,103,,InterPro:IPR031424
A0A813X9H5,Protein sleepless,Rotaria sordida,126,17,97,,InterPro:IPR031424
A0A813Y8F0,UPAR/Ly6 domain-containing protein qvr,Rotaria sp. Silwood1,148,24,123,,InterPro:IPR031424
A0A813YFG6,Protein quiver,Adineta steineri,157,39,132,,InterPro:IPR031424
A0A813YJY4,Protein sleepless,Adineta steineri,134,21,111,,InterPro:IPR031424
A0A813YM15,Protein sleepless,Rotaria sordida,134,21,111,,InterPro:IPR031424
A0A813ZHG8,Uncharacterized protein,Adineta steineri,554,413,526,,InterPro:IPR031424
A0A813ZW21,Protein sleepless,Rotaria sordida,134,21,111,,InterPro:IPR031424
A0A814ANI4,Protein quiver,Didymodactylos carnosus,167,38,126,,InterPro:IPR031424
A0A814AXS5,UPAR/Ly6 domain-containing protein qvr,Brachionus calyciflorus,146,23,122,,InterPro:IPR031424
A0A814AYE8,Protein quiver,Adineta steineri,166,35,140,,InterPro:IPR031424
A0A814B4H3,Uncharacterized protein,Didymodactylos carnosus,148,34,137,,InterPro:IPR031424
A0A814BLE5,Protein quiver,Adineta ricciae (Rotifer),133,34,127,,InterPro:IPR031424
A0A814BNR8,Protein quiver,Adineta ricciae (Rotifer),154,35,123,,InterPro:IPR031424
A0A814BTI0,Protein quiver,Adineta ricciae (Rotifer),154,35,123,,InterPro:IPR031424
A0A814C2B4,Protein quiver,Adineta steineri,166,35,140,,InterPro:IPR031424
A0A814CT27,Protein quiver,Adineta ricciae (Rotifer),125,23,102,,InterPro:IPR031424
A0A814DDD6,Protein quiver,Rotaria sordida,72,23,66,,InterPro:IPR031424
A0A814DJZ7,Protein sleepless,Rotaria magnacalcarata,129,18,100,,InterPro:IPR031424
A0A814F737,Uncharacterized protein,Adineta steineri,267,21,110,,InterPro:IPR031424
A0A814F7D3,Protein sleepless,Adineta steineri,137,21,110,,InterPro:IPR031424
A0A814FR81,Protein quiver,Adineta steineri,126,22,105,,InterPro:IPR031424
A0A814FSB9,UPAR/Ly6 domain-containing protein qvr,Rotaria sp. Silwood1,148,24,123,,InterPro:IPR031424
A0A814G3J2,Protein quiver,Rotaria sordida,145,23,115,,InterPro:IPR031424
A0A814G686,Protein quiver,Rotaria sordida,166,35,140,,InterPro:IPR031424
A0A814G6J8,Protein sleepless,Rotaria sordida,126,17,97,,InterPro:IPR031424
A0A814GHJ8,Protein sleepless,Rotaria sp. Silwood1,165,27,138,,InterPro:IPR031424
A0A814HDW7,Protein quiver,Adineta steineri,126,22,105,,InterPro:IPR031424
A0A814HPW8,Protein sleepless,Adineta steineri,129,18,100,,InterPro:IPR031424
A0A814IJE3,UPAR/Ly6 domain-containing protein qvr,Adineta ricciae (Rotifer),149,22,121,,InterPro:IPR031424
A0A814IJJ0,UPAR/Ly6 domain-containing protein qvr,Rotaria sordida,146,22,121,,InterPro:IPR031424
A0A814JCY3,Protein sleepless,Adineta steineri,126,22,105,,InterPro:IPR031424
A0A814JNS4,NHL repeat containing protein-like protein,Adineta steineri,647,21,110,,InterPro:IPR031424
A0A814JU53,Protein sleepless,Adineta steineri,130,21,101,,InterPro:IPR031424
A0A814JUY1,Protein sleepless,Adineta steineri,130,21,101,,InterPro:IPR031424
A0A814K8Q2,Protein quiver,Adineta steineri,143,23,115,,InterPro:IPR031424
A0A814KCA3,Protein quiver,Rotaria sordida,157,38,131,,InterPro:IPR031424
A0A814LHI0,UPAR/Ly6 domain-containing protein qvr,Adineta ricciae (Rotifer),149,22,121,,InterPro:IPR031424
A0A814MD76,Protein sleepless,Adineta steineri,130,21,101,,InterPro:IPR031424
A0A814MPD1,Protein quiver,Adineta ricciae (Rotifer),128,35,112,,InterPro:IPR031424
A0A814QBV6,Protein sleepless,Adineta steineri,136,24,108,,InterPro:IPR031424
A0A814QHY7,Protein sleepless,Rotaria sp. Silwood1,127,18,98,,InterPro:IPR031424
A0A814REP6,Uncharacterized protein,Brachionus calyciflorus,84,35,84,,InterPro:IPR031424
A0A814RM61,Protein quiver,Rotaria sordida,127,18,98,,InterPro:IPR031424
A0A814SCE1,Protein quiver,Rotaria magnacalcarata,154,35,123,,InterPro:IPR031424
A0A814TJF5,Protein quiver,Adineta ricciae (Rotifer),164,38,131,,InterPro:IPR031424
A0A814TU16,UPAR/Ly6 domain-containing protein qvr,Rotaria sordida,146,22,121,,InterPro:IPR031424
A0A814UCM8,Protein quiver,Rotaria sordida,152,11,124,,InterPro:IPR031424
A0A814UW63,Protein sleepless,Adineta ricciae (Rotifer),133,35,94,,InterPro:IPR031424
A0A814V1W9,Protein sleepless,Adineta steineri,136,24,108,,InterPro:IPR031424
A0A814VEU5,Protein quiver,Rotaria magnacalcarata,166,35,140,,InterPro:IPR031424
A0A814WDS2,Protein sleepless,Adineta steineri,136,24,108,,InterPro:IPR031424
A0A814X116,Protein quiver,Rotaria sordida,153,36,129,,InterPro:IPR031424
A0A814XC02,UPAR/Ly6 domain-containing protein qvr,Adineta steineri,148,22,121,,InterPro:IPR031424
A0A814XM80,UPAR/Ly6 domain-containing protein qvr,Rotaria magnacalcarata,146,22,121,,InterPro:IPR031424
A0A814Y1V9,Protein sleepless,Rotaria sordida,127,18,98,,InterPro:IPR031424
A0A814YDF7,Protein quiver,Adineta ricciae (Rotifer),142,23,115,,InterPro:IPR031424
A0A814ZK26,Uncharacterized protein,Didymodactylos carnosus,135,33,132,,InterPro:IPR031424
A0A814ZSZ4,Protein quiver,Rotaria sordida,157,38,131,,InterPro:IPR031424
A0A815AZT2,Protein quiver,Adineta ricciae (Rotifer),164,38,131,,InterPro:IPR031424
A0A815BT65,Protein sleepless,Rotaria sordida,188,24,73,,InterPro:IPR031424
A0A815BZ56,Protein quiver,Rotaria sordida,154,35,123,,InterPro:IPR031424
A0A815C1A5,Protein sleepless,Rotaria sordida,126,17,97,,InterPro:IPR031424
A0A815CM43,Protein sleepless,Rotaria magnacalcarata,134,20,108,,InterPro:IPR031424
A0A815CYD7,Protein quiver,Adineta steineri,124,6,94,,InterPro:IPR031424
A0A815DVE6,Protein sleepless,Adineta steineri,129,18,100,,InterPro:IPR031424
A0A815FDX0,Protein quiver,Rotaria sordida,167,28,141,,InterPro:IPR031424
A0A815FDX9,Protein sleepless,Rotaria sordida,70,14,55,,InterPro:IPR031424
A0A815FW90,Protein sleepless,Rotaria sordida,127,18,98,,InterPro:IPR031424
A0A815HGQ9,Protein quiver,Rotaria sordida,147,45,131,,InterPro:IPR031424
A0A815IS50,Protein sleepless,Adineta steineri,129,18,100,,InterPro:IPR031424
A0A815IY43,UPAR/Ly6 domain-containing protein qvr,Adineta steineri,148,22,121,,InterPro:IPR031424
A0A815J6K5,Uncharacterized protein,Adineta steineri,242,21,108,,InterPro:IPR031424
A0A815JAL4,UPAR/Ly6 domain-containing protein qvr,Adineta steineri,138,21,111,,InterPro:IPR031424
A0A815JCL1,Protein sleepless,Adineta steineri,130,21,101,,InterPro:IPR031424
A0A815JE24,Protein quiver,Rotaria sordida,168,28,141,,InterPro:IPR031424
A0A815KYR9,Protein quiver,Adineta steineri,136,21,109,,InterPro:IPR031424
A0A815L913,Protein quiver,Rotaria sordida,153,36,129,,InterPro:IPR031424
A0A815LFJ3,Protein sleepless,Adineta steineri,130,21,101,,InterPro:IPR031424
A0A815LJE9,UPAR/Ly6 domain-containing protein,Rotaria magnacalcarata,137,14,100,,InterPro:IPR031424
A0A815M1A5,Protein sleepless,Adineta steineri,130,21,101,,InterPro:IPR031424
A0A815M794,Protein sleepless,Adineta steineri,135,21,108,,InterPro:IPR031424
A0A815MPN8,Protein quiver,Adineta steineri,135,21,108,,InterPro:IPR031424
A0A815NJH9,Protein quiver,Rotaria magnacalcarata,151,10,123,,InterPro:IPR031424
A0A815QQY6,Protein quiver,Rotaria sordida,166,26,137,,InterPro:IPR031424
A0A815RW18,Protein sleepless,Rotaria sordida,165,26,137,,InterPro:IPR031424
A0A815S2I5,Protein quiver,Rotaria magnacalcarata,125,6,94,,InterPro:IPR031424
A0A815S2J4,Protein quiver,Adineta ricciae (Rotifer),134,21,112,,InterPro:IPR031424
A0A815T6F4,Protein quiver,Adineta steineri,124,9,97,,InterPro:IPR031424
A0A815UUC7,Protein sleepless,Adineta steineri,122,11,96,,InterPro:IPR031424
A0A815W6T4,Protein sleepless,Didymodactylos carnosus,123,7,97,,InterPro:IPR031424
A0A815WA63,Protein quiver,Rotaria sordida,166,26,137,,InterPro:IPR031424
A0A815WPT0,Uncharacterized protein,Adineta steineri,511,370,483,,InterPro:IPR031424
A0A815WQG5,Uncharacterized protein,Adineta ricciae (Rotifer),125,34,124,,InterPro:IPR031424
A0A815XY34,Protein quiver,Rotaria sordida,153,36,129,,InterPro:IPR031424
A0A815YU09,Protein quiver,Didymodactylos carnosus,160,45,137,,InterPro:IPR031424
A0A815ZAZ5,Protein sleepless,Adineta ricciae (Rotifer),130,21,101,,InterPro:IPR031424
A0A815ZW18,Protein sleepless,Rotaria sordida,70,14,55,,InterPro:IPR031424
A0A816A8N9,UPAR/Ly6 domain-containing protein qvr,Adineta ricciae (Rotifer),137,10,109,,InterPro:IPR031424
A0A816AE66,Protein quiver,Rotaria magnacalcarata,134,24,111,,InterPro:IPR031424
A0A816AJE2,Protein quiver,Adineta steineri,124,6,94,,InterPro:IPR031424
A0A816AQL5,Uncharacterized protein,Rotaria magnacalcarata,139,22,108,,InterPro:IPR031424
A0A816BYK0,Protein quiver,Didymodactylos carnosus,80,4,60,,InterPro:IPR031424
A0A816C1U6,Protein sleepless,Adineta ricciae (Rotifer),130,21,101,,InterPro:IPR031424
A0A816F955,Protein sleepless,Rotaria magnacalcarata,134,25,105,,InterPro:IPR031424
A0A816H0J5,Protein sleepless,Adineta ricciae (Rotifer),132,19,103,,InterPro:IPR031424
A0A816H1Z6,Protein sleepless,Rotaria magnacalcarata,129,18,100,,InterPro:IPR031424
A0A816MLH6,Protein quiver,Rotaria magnacalcarata,144,23,115,,InterPro:IPR031424
A0A816MX96,UPAR/Ly6 domain-containing protein qvr,Rotaria magnacalcarata,148,24,123,,InterPro:IPR031424
A0A816N3I8,Uncharacterized protein,Rotaria magnacalcarata,153,30,116,,InterPro:IPR031424
A0A816N8P4,Uncharacterized protein,Rotaria magnacalcarata,139,22,108,,InterPro:IPR031424
A0A816NBH9,Protein sleepless,Rotaria magnacalcarata,136,23,113,,InterPro:IPR031424
A0A816QXI3,Protein sleepless,Rotaria magnacalcarata,135,26,106,,InterPro:IPR031424
A0A816R4D9,Integrin beta,Rotaria magnacalcarata,438,35,136,,InterPro:IPR031424
A0A816S1E4,Protein sleepless,Rotaria magnacalcarata,164,26,137,,InterPro:IPR031424
A0A816T0Z8,Protein sleepless,Rotaria magnacalcarata,135,27,112,,InterPro:IPR031424
A0A816TTL6,Protein sleepless,Rotaria magnacalcarata,135,26,106,,InterPro:IPR031424
A0A816UPF6,Protein quiver,Rotaria magnacalcarata,144,23,115,,InterPro:IPR031424
A0A816V029,Protein sleepless,Rotaria magnacalcarata,129,21,106,,InterPro:IPR031424
A0A816WTU9,Protein quiver,Rotaria magnacalcarata,155,14,127,,InterPro:IPR031424
A0A816X7R3,UPAR/Ly6 domain-containing protein,Rotaria magnacalcarata,153,30,116,,InterPro:IPR031424
A0A816XNK1,Protein quiver,Rotaria magnacalcarata,151,35,123,,InterPro:IPR031424
A0A816Y9I2,Protein quiver,Rotaria magnacalcarata,161,23,135,,InterPro:IPR031424
A0A817A9F7,UPAR/Ly6 domain-containing protein qvr,Rotaria magnacalcarata,148,24,123,,InterPro:IPR031424
A0A817AHK2,Protein quiver,Rotaria magnacalcarata,152,38,131,,InterPro:IPR031424
A0A817BRJ4,Ubiquitin-like domain-containing protein,Rotaria sp. Silwood2,130,23,66,,InterPro:IPR031424
A0A817CSR5,Protein quiver,Rotaria sp. Silwood2,129,9,101,,InterPro:IPR031424
A0A817CTU6,Protein quiver,Rotaria sp. Silwood2,165,26,137,,InterPro:IPR031424
A0A817D1R0,Uncharacterized protein,Rotaria sp. Silwood2,354,13,118,,InterPro:IPR031424
A0A817DFQ3,Protein quiver,Rotaria sp. Silwood2,164,38,131,,InterPro:IPR031424
A0A817DGS2,Protein quiver,Rotaria sp. Silwood2,154,35,123,,InterPro:IPR031424
A0A817DJB6,Uncharacterized protein,Rotaria sp. Silwood2,223,53,118,,InterPro:IPR031424
A0A817DM16,Protein sleepless,Rotaria sp. Silwood2,127,18,98,,InterPro:IPR031424
A0A817DZX2,Uncharacterized protein,Rotaria sp. Silwood2,354,13,118,,InterPro:IPR031424
A0A817GDP8,Protein quiver,Rotaria sp. Silwood2,131,21,101,,InterPro:IPR031424
A0A817GTV1,UPAR/Ly6 domain-containing protein qvr,Rotaria sp. Silwood2,279,22,107,,InterPro:IPR031424
A0A817JX23,Protein quiver,Rotaria sp. Silwood2,169,53,141,,InterPro:IPR031424
A0A817JX37,Uncharacterized protein,Rotaria sp. Silwood2,376,35,140,,InterPro:IPR031424
A0A817KER1,Protein quiver,Rotaria socialis,129,18,100,,InterPro:IPR031424
A0A817KG72,Protein quiver,Rotaria socialis,132,20,105,,InterPro:IPR031424
A0A817KMZ5,UPAR/Ly6 domain-containing protein qvr,Rotaria sp. Silwood2,121,22,112,,InterPro:IPR031424
A0A817KSN2,UPAR/Ly6 domain-containing protein qvr,Rotaria socialis,134,20,108,,InterPro:IPR031424
A0A817L0Z3,Protein quiver,Rotaria sp. Silwood2,159,38,131,,InterPro:IPR031424
A0A817MDA7,Protein quiver,Rotaria socialis,129,21,106,,InterPro:IPR031424
A0A817NS26,Protein quiver,Rotaria sp. Silwood2,169,26,137,,InterPro:IPR031424
A0A817NSD5,Uncharacterized protein,Rotaria sp. Silwood2,354,13,118,,InterPro:IPR031424
A0A817Q7M4,Protein sleepless,Rotaria sp. Silwood2,127,18,98,,InterPro:IPR031424
A0A817QSQ9,Protein sleepless,Rotaria sp. Silwood2,146,24,117,,InterPro:IPR031424
A0A817QVX4,Protein quiver,Rotaria sp. Silwood2,143,23,115,,InterPro:IPR031424
A0A817RGJ4,Protein quiver,Rotaria socialis,151,35,123,,InterPro:IPR031424
A0A817RLA6,Protein quiver,Rotaria socialis,132,20,105,,InterPro:IPR031424
A0A817T2D8,Protein quiver,Rotaria socialis,135,20,105,,InterPro:IPR031424
A0A817T2G9,Protein quiver,Rotaria socialis,159,23,135,,InterPro:IPR031424
A0A817TGW9,Protein quiver,Rotaria socialis,129,21,103,,InterPro:IPR031424
A0A817TJ04,Protein quiver,Rotaria socialis,154,35,123,,InterPro:IPR031424
A0A817U0C1,Protein quiver,Rotaria socialis,152,38,131,,InterPro:IPR031424
A0A817UCE8,Protein quiver,Rotaria socialis,129,18,100,,InterPro:IPR031424
A0A817VCU3,Protein sleepless,Rotaria socialis,136,23,113,,InterPro:IPR031424
A0A817VVH0,Protein quiver,Rotaria socialis,129,21,103,,InterPro:IPR031424
A0A817WXI1,Protein quiver,Rotaria sp. Silwood1,130,21,101,,InterPro:IPR031424
A0A817ZHL7,Protein quiver,Rotaria socialis,160,21,134,,InterPro:IPR031424
A0A818AFF5,UPAR/Ly6 domain-containing protein qvr,Rotaria sp. Silwood1,133,24,110,,InterPro:IPR031424
A0A818AMU0,UPAR/Ly6 domain-containing protein qvr,Rotaria sp. Silwood1,133,24,110,,InterPro:IPR031424
A0A818B9D4,UPAR/Ly6 domain-containing protein qvr,Rotaria sp. Silwood1,366,22,109,,InterPro:IPR031424
A0A818BLY8,Protein quiver,Rotaria socialis,153,30,116,,InterPro:IPR031424
A0A818CG21,Uncharacterized protein,Rotaria socialis,139,22,108,,InterPro:IPR031424
A0A818CT80,Uncharacterized protein,Rotaria socialis,160,30,116,,InterPro:IPR031424
A0A818D3C1,Protein sleepless,Rotaria socialis,135,27,112,,InterPro:IPR031424
A0A818F9L1,Protein quiver,Rotaria socialis,144,23,115,,InterPro:IPR031424
A0A818G7N0,Protein quiver,Rotaria sordida,157,38,131,,InterPro:IPR031424
A0A818GJW3,Protein sleepless,Rotaria socialis,164,26,137,,InterPro:IPR031424
A0A818IS47,Protein quiver,Rotaria sordida,146,23,115,,InterPro:IPR031424
A0A818JK43,Protein sleepless,Rotaria sp. Silwood1,161,23,134,,InterPro:IPR031424
A0A818KA82,Uncharacterized protein,Adineta steineri,552,411,524,,InterPro:IPR031424
A0A818KK65,Protein quiver,Adineta steineri,262,135,235,,InterPro:IPR031424
A0A818KK65,Protein quiver,Adineta steineri,262,21,109,,InterPro:IPR031424
A0A818KMI0,Protein quiver,Rotaria sp. Silwood1,125,6,94,,InterPro:IPR031424
A0A818KN33,Protein sleepless,Adineta steineri,137,21,110,,InterPro:IPR031424
A0A818KNX3,Protein quiver,Rotaria sordida,143,23,115,,InterPro:IPR031424
A0A818KYL2,Protein sleepless,Rotaria socialis,134,25,105,,InterPro:IPR031424
A0A818L0Z3,Protein quiver,Rotaria sp. Silwood1,159,38,131,,InterPro:IPR031424
A0A818LAL5,Protein sleepless,Adineta steineri,136,21,109,,InterPro:IPR031424
A0A818MY65,Uncharacterized protein,Adineta steineri,552,411,524,,InterPro:IPR031424
A0A818N230,Protein quiver,Rotaria socialis,160,30,116,,InterPro:IPR031424
A0A818NMC3,UPAR/Ly6 domain-containing protein qvr,Rotaria socialis,148,24,123,,InterPro:IPR031424
A0A818PCT7,UPAR/Ly6 domain-containing protein qvr,Rotaria socialis,134,20,108,,InterPro:IPR031424
A0A818PHA3,Protein quiver,Rotaria sordida,154,35,123,,InterPro:IPR031424
A0A818PIJ7,Protein quiver,Adineta steineri,143,23,115,,InterPro:IPR031424
A0A818QQS5,VWFA domain-containing protein,Rotaria sordida,551,35,140,,InterPro:IPR031424
A0A818S3Q5,Protein quiver,Rotaria sordida,153,36,129,,InterPro:IPR031424
A0A818SCE6,Protein sleepless,Rotaria sp. Silwood1,125,10,100,,InterPro:IPR031424
A0A818SNX5,Uncharacterized protein,Rotaria socialis,229,35,112,,InterPro:IPR031424
A0A818SVK2,VWFA domain-containing protein,Rotaria sordida,548,35,140,,InterPro:IPR031424
A0A818TSK8,Protein quiver,Rotaria socialis,166,35,140,,InterPro:IPR031424
A0A818U6B0,Protein quiver,Rotaria sordida,127,18,98,,InterPro:IPR031424
A0A818VVW9,Protein sleepless,Rotaria socialis,134,25,105,,InterPro:IPR031424
A0A818WU17,UPAR/Ly6 domain-containing protein qvr,Rotaria sordida,114,22,107,,InterPro:IPR031424
A0A818XAP9,Protein quiver,Adineta steineri,158,39,132,,InterPro:IPR031424
A0A818XYM2,Protein quiver,Adineta steineri,126,22,105,,InterPro:IPR031424
A0A818YI34,Protein quiver,Rotaria socialis,129,21,103,,InterPro:IPR031424
A0A819BNF1,Protein quiver,Adineta steineri,137,21,110,,InterPro:IPR031424
A0A819CAR8,Protein quiver,Adineta steineri,165,39,132,,InterPro:IPR031424
A0A819CXY9,Protein quiver,Adineta steineri,137,21,110,,InterPro:IPR031424
A0A819D7Z7,Protein quiver,Rotaria sp. Silwood1,154,35,123,,InterPro:IPR031424
A0A819EHU2,Protein quiver,Rotaria magnacalcarata,162,36,129,,InterPro:IPR031424
A0A819EIQ1,Protein quiver,Rotaria sp. Silwood2,156,37,125,,InterPro:IPR031424
A0A819EMW2,SLC41A/MgtE integral membrane domain-containing protein,Rotaria sordida,314,175,288,,InterPro:IPR031424
A0A819FW49,Protein sleepless,Rotaria magnacalcarata,129,18,100,,InterPro:IPR031424
A0A819GUB9,Protein quiver,Rotaria sordida,157,38,131,,InterPro:IPR031424
A0A819HL57,Uncharacterized protein,Rotaria sordida,142,40,126,,InterPro:IPR031424
A0A819I1N4,Uncharacterized protein,Rotaria sordida,96,23,92,,InterPro:IPR031424
A0A819IJR2,Protein sleepless,Rotaria sp. Silwood1,122,9,99,,InterPro:IPR031424
A0A819J6X1,Protein quiver,Rotaria sp. Silwood2,154,38,131,,InterPro:IPR031424
A0A819JIE7,Protein sleepless,Adineta steineri,137,21,110,,InterPro:IPR031424
A0A819JLA0,UPAR/Ly6 domain-containing protein qvr,Rotaria magnacalcarata,146,22,121,,InterPro:IPR031424
A0A819K9Y6,Uncharacterized protein,Rotaria magnacalcarata,120,35,108,,InterPro:IPR031424
A0A819L0Y1,Uncharacterized protein,Rotaria sp. Silwood2,375,35,139,,InterPro:IPR031424
A0A819PQY5,Protein quiver,Adineta steineri,162,21,134,,InterPro:IPR031424
A0A819PVN7,Protein quiver,Rotaria sordida,148,32,120,,InterPro:IPR031424
A0A819QHX9,Uncharacterized protein,Rotaria sp. Silwood2,91,23,66,,InterPro:IPR031424
A0A819QLX9,VWFA domain-containing protein,Rotaria sp. Silwood2,418,35,139,,InterPro:IPR031424
A0A819RD17,UPAR/Ly6 domain-containing protein qvr,Rotaria sordida,112,22,105,,InterPro:IPR031424
A0A819RIZ1,Protein quiver,Rotaria sp. Silwood2,141,38,131,,InterPro:IPR031424
A0A819S5H4,Protein quiver,Rotaria magnacalcarata,122,6,94,,InterPro:IPR031424
A0A819SL08,Uncharacterized protein,Rotaria sp. Silwood2,375,35,139,,InterPro:IPR031424
A0A819SRJ3,Protein quiver,Rotaria sp. Silwood2,143,23,115,,InterPro:IPR031424
A0A819TXQ6,Uncharacterized protein,Rotaria sp. Silwood2,375,35,139,,InterPro:IPR031424
A0A819UH26,UPAR/Ly6 domain-containing protein qvr,Rotaria sp. Silwood2,112,22,105,,InterPro:IPR031424
A0A819WH89,Protein quiver,Rotaria socialis,138,21,111,,InterPro:IPR031424
A0A819X0V6,Protein quiver,Rotaria sordida,166,26,137,,InterPro:IPR031424
A0A820AK11,Uncharacterized protein,Rotaria socialis,135,18,104,,InterPro:IPR031424
A0A820AT81,Protein quiver,Rotaria socialis,162,36,129,,InterPro:IPR031424
A0A820DNY4,Protein sleepless,Rotaria socialis,127,14,104,,InterPro:IPR031424
A0A820GSB9,Protein sleepless,Adineta steineri,137,21,110,,InterPro:IPR031424
A0A820IC74,Protein quiver,Adineta steineri,91,22,88,,InterPro:IPR031424
A0A820JDK3,UPAR/Ly6 domain-containing protein qvr,Rotaria socialis,146,22,121,,InterPro:IPR031424
A0A820JX10,Protein quiver,Rotaria sp. Silwood2,159,38,131,,InterPro:IPR031424
A0A820JXJ7,Uncharacterized protein,Adineta steineri,100,2,72,,InterPro:IPR031424
A0A820K039,Protein quiver,Adineta steineri,123,3,95,,InterPro:IPR031424
A0A820KXX8,Uncharacterized protein,Adineta steineri,97,21,92,,InterPro:IPR031424
A0A820MZA3,Protein quiver,Rotaria socialis,153,14,127,,InterPro:IPR031424
A0A820NB76,Protein sleepless,Rotaria socialis,205,26,137,,InterPro:IPR031424
A0A820NPR2,Uncharacterized protein,Rotaria socialis,251,35,113,,InterPro:IPR031424
A0A820SLQ2,SLC41A/MgtE integral membrane domain-containing protein,Rotaria sp. Silwood2,275,139,252,,InterPro:IPR031424
A0A820TNR2,Protein quiver,Rotaria socialis,138,21,111,,InterPro:IPR031424
A0A820VLA3,Uncharacterized protein,Rotaria socialis,257,35,112,,InterPro:IPR031424
A0A820WHC3,Protein quiver,Rotaria socialis,122,6,94,,InterPro:IPR031424
A0A820X0T2,Uncharacterized protein,Rotaria magnacalcarata,155,24,129,,InterPro:IPR031424
A0A820YBG4,SLC41A/MgtE integral membrane domain-containing protein,Rotaria sp. Silwood2,277,139,252,,InterPro:IPR031424
A0A820ZKM8,Protein quiver,Rotaria sp. Silwood2,132,53,119,,InterPro:IPR031424
A0A821BD33,Protein sleepless,Rotaria sp. Silwood1,127,18,98,,InterPro:IPR031424
A0A821CZQ8,Uncharacterized protein,Rotaria socialis,115,35,107,,InterPro:IPR031424
A0A821E9B3,Protein quiver,Rotaria sp. Silwood1,153,37,125,,InterPro:IPR031424
A0A821FK46,Protein sleepless,Rotaria socialis,138,21,111,,InterPro:IPR031424
A0A821IV45,Protein quiver,Rotaria sp. Silwood1,153,37,125,,InterPro:IPR031424
A0A821JAU7,Protein quiver,Rotaria socialis,138,21,111,,InterPro:IPR031424
A0A821K4P3,Protein sleepless,Rotaria sp. Silwood1,165,27,138,,InterPro:IPR031424
A0A821KY17,UPAR/Ly6 domain-containing protein qvr,Pieris macdunnoughi,160,51,139,,InterPro:IPR031424
A0A821L763,Protein sleepless,Rotaria socialis,134,25,105,,InterPro:IPR031424
A0A821M6J5,Uncharacterized protein,Rotaria socialis,125,8,94,,InterPro:IPR031424
A0A821MH53,Protein sleepless,Pieris macdunnoughi,135,21,112,,InterPro:IPR031424
A0A821MHU6,Protein sleepless,Pieris macdunnoughi,182,73,159,,InterPro:IPR031424
A0A821MHV4,Uncharacterized protein,Rotaria socialis,204,74,160,,InterPro:IPR031424
A0A821RC68,Protein sleepless,Pieris macdunnoughi,148,23,122,,InterPro:IPR031424
A0A821S7J0,Protein sleepless,Pieris macdunnoughi,149,25,122,,InterPro:IPR031424
A0A821S9L9,Protein quiver,Rotaria sp. Silwood1,143,23,115,,InterPro:IPR031424
A0A821S9Z3,Protein sleepless,Pieris macdunnoughi,158,23,136,,InterPro:IPR031424
A0A821T4H8,Protein quiver,Rotaria sp. Silwood1,130,21,101,,InterPro:IPR031424
A0A821T4J9,Protein quiver,Rotaria sp. Silwood1,153,37,125,,InterPro:IPR031424
A0A821TL00,Protein sleepless,Pieris macdunnoughi,161,41,135,,InterPro:IPR031424
A0A821TQ57,Protein sleepless,Pieris macdunnoughi,132,22,111,,InterPro:IPR031424
A0A821TQW0,Protein sleepless,Pieris macdunnoughi,141,21,121,,InterPro:IPR031424
A0A821U8G2,Protein quiver,Rotaria sp. Silwood1,164,39,132,,InterPro:IPR031424
A0A821UMJ3,Protein quiver,Pieris macdunnoughi,158,26,136,,InterPro:IPR031424
A0A821UQ61,Protein sleepless,Rotaria sp. Silwood1,136,21,111,,InterPro:IPR031424
A0A821UVW2,Uncharacterized protein,Rotaria sp. Silwood1,119,10,97,,InterPro:IPR031424
A0A821W0X9,Protein sleepless,Pieris macdunnoughi,153,9,124,,InterPro:IPR031424
A0A821W4H1,Protein quiver,Pieris macdunnoughi,152,20,132,,InterPro:IPR031424
A0A821WNA4,Protein sleepless,Pieris macdunnoughi,137,9,115,,InterPro:IPR031424
A0A821WNC0,Protein quiver,Pieris macdunnoughi,138,12,114,,InterPro:IPR031424
A0A821WSR8,Protein quiver,Pieris macdunnoughi,195,56,170,,InterPro:IPR031424
A0A821WSX5,Protein sleepless,Pieris macdunnoughi,161,22,136,,InterPro:IPR031424
A0A821WT04,Protein sleepless,Pieris macdunnoughi,147,24,123,,InterPro:IPR031424
A0A821WTU3,Protein quiver,Pieris macdunnoughi,148,22,124,,InterPro:IPR031424
A0A822ENM9,Protein sleepless,Rotaria sp. Silwood1,141,3,116,,InterPro:IPR031424
A0A822FLQ4,Uncharacterized protein,Rotaria sp. Silwood1,112,3,90,,InterPro:IPR031424
A0A833RA70,Protein sleepless,Frieseomelitta varia,149,2,120,,InterPro:IPR031424
A0A833RHR5,Protein sleepless,Frieseomelitta varia,155,21,132,,InterPro:IPR031424
A0A833RT29,Protein quiver,Frieseomelitta varia,73,21,71,,InterPro:IPR031424
A0A833RT34,Uncharacterized protein,Frieseomelitta varia,66,14,64,,InterPro:IPR031424
A0A833RTI3,Protein sleepless,Frieseomelitta varia,163,23,118,,InterPro:IPR031424
A0A833RU88,Protein quiver,Frieseomelitta varia,182,24,156,,InterPro:IPR031424
A0A833RX41,Protein sleepless,Frieseomelitta varia,132,3,101,,InterPro:IPR031424
A0A833S545,Protein sleepless,Frieseomelitta varia,220,105,193,,InterPro:IPR031424
A0A833S6P5,Protein sleepless,Frieseomelitta varia,146,28,122,,InterPro:IPR031424
A0A833W219,Protein sleepless,Frieseomelitta varia,152,26,125,,InterPro:IPR031424
A0A834HRE7,Protein sleepless,Rhynchophorus ferrugineus (Red palm weevil),146,26,123,,InterPro:IPR031424
A0A834HZS9,Protein sleepless,Rhynchophorus ferrugineus (Red palm weevil),156,24,121,,InterPro:IPR031424
A0A834I2M4,Protein sleepless,Rhynchophorus ferrugineus (Red palm weevil),143,22,116,,InterPro:IPR031424
A0A834IHW1,Protein sleepless,Rhynchophorus ferrugineus (Red palm weevil),141,21,119,,InterPro:IPR031424
A0A834IJZ1,Protein sleepless,Rhynchophorus ferrugineus (Red palm weevil),122,21,82,,InterPro:IPR031424
A0A834IK09,Protein sleepless,Rhynchophorus ferrugineus (Red palm weevil),139,22,113,,InterPro:IPR031424
A0A834IMY6,Protein sleepless,Rhynchophorus ferrugineus (Red palm weevil),149,24,126,,InterPro:IPR031424
A0A834J2M1,Protein quiver,Rhynchophorus ferrugineus (Red palm weevil),136,53,131,,InterPro:IPR031424
A0A834J5Q8,Protein sleepless,Vespula vulgaris (Yellow jacket),141,26,117,,InterPro:IPR031424
A0A834J5Y6,Protein sleepless,Vespula germanica (German yellow jacket),141,26,117,,InterPro:IPR031424
A0A834JA12,UPAR/Ly6 domain-containing protein qvr,Vespula vulgaris (Yellow jacket),205,30,117,,InterPro:IPR031424
A0A834JEE9,Protein sleepless,Vespula germanica (German yellow jacket),160,26,137,,InterPro:IPR031424
A0A834JYR6,Protein sleepless,Vespula pensylvanica (Western yellow jacket),141,26,117,,InterPro:IPR031424
A0A834K806,Protein quiver,Vespula vulgaris (Yellow jacket),141,25,110,,InterPro:IPR031424
A0A834K9L2,UPAR/Ly6 domain-containing protein qvr,Vespula pensylvanica (Western yellow jacket),160,30,117,,InterPro:IPR031424
A0A834K9W1,Protein sleepless,Vespula vulgaris (Yellow jacket),145,27,121,,InterPro:IPR031424
A0A834KA05,Protein sleepless,Vespula vulgaris (Yellow jacket),167,27,122,,InterPro:IPR031424
A0A834KEM3,Protein sleepless,Vespula vulgaris (Yellow jacket),152,26,125,,InterPro:IPR031424
A0A834KFT9,Protein sleepless,Vespula germanica (German yellow jacket),145,27,121,,InterPro:IPR031424
A0A834KGI8,Protein sleepless,Vespula germanica (German yellow jacket),192,52,147,,InterPro:IPR031424
A0A834KW23,Protein sleepless,Vespula pensylvanica (Western yellow jacket),183,25,128,,InterPro:IPR031424
A0A834LZ51,Protein sleepless,Rhynchophorus ferrugineus (Red palm weevil),145,24,121,,InterPro:IPR031424
A0A834M070,Protein sleepless,Rhynchophorus ferrugineus (Red palm weevil),164,22,140,,InterPro:IPR031424
A0A834M1V1,Protein sleepless,Rhynchophorus ferrugineus (Red palm weevil),156,24,121,,InterPro:IPR031424
A0A834MC82,Protein sleepless,Rhynchophorus ferrugineus (Red palm weevil),165,24,143,,InterPro:IPR031424
A0A834MD36,Protein sleepless,Rhynchophorus ferrugineus (Red palm weevil),159,27,132,,InterPro:IPR031424
A0A834MEW4,Protein sleepless,Rhynchophorus ferrugineus (Red palm weevil),124,24,123,,InterPro:IPR031424
A0A834MGQ4,Protein sleepless,Rhynchophorus ferrugineus (Red palm weevil),174,19,105,,InterPro:IPR031424
A0A834MIB8,Protein sleepless,Rhynchophorus ferrugineus (Red palm weevil),172,19,103,,InterPro:IPR031424
A0A834MIU9,Protein sleepless,Rhynchophorus ferrugineus (Red palm weevil),163,19,137,,InterPro:IPR031424
A0A834MIZ8,Protein sleepless,Rhynchophorus ferrugineus (Red palm weevil),160,23,134,,InterPro:IPR031424
A0A834MM57,Protein sleepless,Rhynchophorus ferrugineus (Red palm weevil),158,24,136,,InterPro:IPR031424
A0A834MVR1,UPAR/Ly6 domain-containing protein qvr,Vespula germanica (German yellow jacket),158,28,115,,InterPro:IPR031424
A0A834MW70,Protein sleepless,Vespula vulgaris (Yellow jacket),162,28,139,,InterPro:IPR031424
A0A834MWR8,Protein sleepless,Vespula vulgaris (Yellow jacket),154,25,128,,InterPro:IPR031424
A0A834N6U9,Protein sleepless,Vespula vulgaris (Yellow jacket),476,346,444,,InterPro:IPR031424
A0A834N6U9,Protein sleepless,Vespula vulgaris (Yellow jacket),476,223,312,,InterPro:IPR031424
A0A834N6U9,Protein sleepless,Vespula vulgaris (Yellow jacket),476,25,148,,InterPro:IPR031424
A0A834N7F6,Protein sleepless,Vespula vulgaris (Yellow jacket),146,23,117,,InterPro:IPR031424
A0A834N9V2,Protein sleepless,Vespula germanica (German yellow jacket),131,8,102,,InterPro:IPR031424
A0A834NA71,Protein sleepless,Vespula germanica (German yellow jacket),154,24,122,,InterPro:IPR031424
A0A834NB10,Protein quiver,Vespula germanica (German yellow jacket),258,10,133,,InterPro:IPR031424
A0A834NBN9,Protein quiver,Vespula germanica (German yellow jacket),145,29,114,,InterPro:IPR031424
A0A834NGA8,Protein sleepless,Vespula pensylvanica (Western yellow jacket),156,22,133,,InterPro:IPR031424
A0A834NK06,Protein sleepless,Vespula germanica (German yellow jacket),152,26,125,,InterPro:IPR031424
A0A834P325,Protein quiver,Vespula pensylvanica (Western yellow jacket),126,10,95,,InterPro:IPR031424
A0A834P3N9,Protein sleepless,Vespula pensylvanica (Western yellow jacket),385,255,353,,InterPro:IPR031424
A0A834P3N9,Protein sleepless,Vespula pensylvanica (Western yellow jacket),385,10,133,,InterPro:IPR031424
A0A834P3N9,Protein sleepless,Vespula pensylvanica (Western yellow jacket),385,141,230,,InterPro:IPR031424
A0A834P5N9,Protein sleepless,Vespula pensylvanica (Western yellow jacket),145,27,121,,InterPro:IPR031424
A0A834P6B3,Protein sleepless,Vespula pensylvanica (Western yellow jacket),261,121,216,,InterPro:IPR031424
A0A834R1C6,Protein sleepless,Sarcoptes scabiei (Itch mite),162,37,126,,InterPro:IPR031424
A0A834R3B7,Protein sleepless,Sarcoptes scabiei (Itch mite),174,43,146,,InterPro:IPR031424
A0A834R5Q1,Protein sleepless,Sarcoptes scabiei (Itch mite),210,86,178,,InterPro:IPR031424
A0A834R6B9,Protein sleepless,Sarcoptes scabiei (Itch mite),170,34,137,,InterPro:IPR031424
A0A834RAC7,Protein quiver,Sarcoptes scabiei (Itch mite),221,83,195,,InterPro:IPR031424
A0A834RCF2,UPAR/Ly6 domain-containing protein qvr,Sarcoptes scabiei (Itch mite),270,58,142,,InterPro:IPR031424
A0A834RGB8,Protein sleepless,Sarcoptes scabiei (Itch mite),167,43,140,,InterPro:IPR031424
A0A834RHU4,Protein sleepless,Sarcoptes scabiei (Itch mite),168,38,136,,InterPro:IPR031424
A0A834UDP5,Protein sleepless,Vespula pensylvanica (Western yellow jacket),152,26,125,,InterPro:IPR031424
A0A834V9E1,Protein sleepless,Sarcoptes scabiei (Itch mite),161,31,132,,InterPro:IPR031424
A0A834VCT8,Protein quiver,Sarcoptes scabiei (Itch mite),209,27,136,,InterPro:IPR031424
A0A834VCX0,Phenazine biosynthesis-like domain-containing protein 1,Sarcoptes scabiei (Itch mite),435,40,136,,InterPro:IPR031424
A0A834XK59,Protein quiver,Aphidius gifuensis (Parasitoid wasp),163,27,137,,InterPro:IPR031424
A0A834XKZ4,PX domain-containing protein,Aphidius gifuensis (Parasitoid wasp),389,273,364,,InterPro:IPR031424
A0A834XNF1,Protein sleepless,Aphidius gifuensis (Parasitoid wasp),149,24,119,,InterPro:IPR031424
A0A834XPF7,Protein sleepless,Aphidius gifuensis (Parasitoid wasp),156,24,128,,InterPro:IPR031424
A0A834XSB7,Protein sleepless,Aphidius gifuensis (Parasitoid wasp),147,24,123,,InterPro:IPR031424
A0A834XSL3,Nucleolar complex-associated protein 3 N-terminal domain-containing protein,Aphidius gifuensis (Parasitoid wasp),567,434,544,,InterPro:IPR031424
A0A834XSW7,Nucleolar complex-associated protein 3 N-terminal domain-containing protein,Aphidius gifuensis (Parasitoid wasp),455,322,432,,InterPro:IPR031424
A0A834XTD5,UPAR/Ly6 domain-containing protein qvr,Aphidius gifuensis (Parasitoid wasp),152,29,116,,InterPro:IPR031424
A0A834XUN1,Protein sleepless,Aphidius gifuensis (Parasitoid wasp),185,27,150,,InterPro:IPR031424
A0A834XXW6,Odorant-binding protein,Aphidius gifuensis (Parasitoid wasp),120,27,116,,InterPro:IPR031424
A0A834Y1Z4,Protein sleepless,Aphidius gifuensis (Parasitoid wasp),153,25,128,,InterPro:IPR031424
A0A835CN01,Protein sleepless,Aphidius gifuensis (Parasitoid wasp),186,27,157,,InterPro:IPR031424
A0A835CPS4,Protein sleepless,Aphidius gifuensis (Parasitoid wasp),146,26,122,,InterPro:IPR031424
A0A835CTH6,Protein sleepless,Aphidius gifuensis (Parasitoid wasp),197,81,171,,InterPro:IPR031424
A0A835G3C6,Protein sleepless,Spodoptera exigua (Beet armyworm),147,25,122,,InterPro:IPR031424
A0A835G6Y5,Protein sleepless,Spodoptera exigua (Beet armyworm),158,20,133,,InterPro:IPR031424
A0A835GGW7,Protein sleepless,Spodoptera exigua (Beet armyworm),135,4,113,,InterPro:IPR031424
A0A835GJE1,Protein sleepless,Spodoptera exigua (Beet armyworm),147,24,123,,InterPro:IPR031424
A0A835GJM8,Protein sleepless,Spodoptera exigua (Beet armyworm),176,23,139,,InterPro:IPR031424
A0A835GJT0,UPAR/Ly6 domain-containing protein qvr,Spodoptera exigua (Beet armyworm),120,10,98,,InterPro:IPR031424
A0A835GK47,Protein sleepless,Spodoptera exigua (Beet armyworm),140,21,115,,InterPro:IPR031424
A0A835GKR4,Protein sleepless,Spodoptera exigua (Beet armyworm),129,4,107,,InterPro:IPR031424
A0A835GL44,Protein sleepless,Spodoptera exigua (Beet armyworm),163,25,138,,InterPro:IPR031424
A0A835GM96,Protein sleepless,Spodoptera exigua (Beet armyworm),149,20,123,,InterPro:IPR031424
A0A835GSB3,Protein sleepless,Spodoptera exigua (Beet armyworm),182,56,155,,InterPro:IPR031424
A0A835L508,Protein sleepless,Spodoptera exigua (Beet armyworm),268,5,102,,InterPro:IPR031424
A0A835L508,Protein sleepless,Spodoptera exigua (Beet armyworm),268,149,247,,InterPro:IPR031424
A0A835L555,Protein sleepless,Spodoptera exigua (Beet armyworm),133,15,111,,InterPro:IPR031424
A0A835L722,Protein sleepless,Spodoptera exigua (Beet armyworm),132,22,111,,InterPro:IPR031424
A0A835L8P9,Protein sleepless,Spodoptera exigua (Beet armyworm),188,77,163,,InterPro:IPR031424
A0A835LCR2,Protein sleepless,Spodoptera exigua (Beet armyworm),162,29,139,,InterPro:IPR031424
A0A836FD18,UPAR/Ly6 domain-containing protein qvr,Acromyrmex heyeri,143,13,101,,InterPro:IPR031424
A0A836GBJ2,UPAR/Ly6 domain-containing protein qvr,Acromyrmex charruanus,143,13,101,,InterPro:IPR031424
A0A836K609,tubulin-glutamate carboxypeptidase,Acromyrmex heyeri,1107,949,1037,,InterPro:IPR031424
A0A8B6CFY5,Protein quiver,Mytilus galloprovincialis (Mediterranean mussel),151,10,125,,InterPro:IPR031424
A0A8B6CIN0,Protein sleepless,Mytilus galloprovincialis (Mediterranean mussel),164,23,138,,InterPro:IPR031424
A0A8B6CKF0,Protein sleepless,Mytilus galloprovincialis (Mediterranean mussel),176,23,146,,InterPro:IPR031424
A0A8B6CMH3,UPAR/Ly6 domain-containing protein qvr,Mytilus galloprovincialis (Mediterranean mussel),268,144,242,,InterPro:IPR031424
A0A8B6CXL9,Protein sleepless,Mytilus galloprovincialis (Mediterranean mussel),113,5,90,,InterPro:IPR031424
A0A8B6D6S9,UPAR/Ly6 domain-containing protein qvr,Mytilus galloprovincialis (Mediterranean mussel),138,23,111,,InterPro:IPR031424
A0A8B6D707,UPAR/Ly6 domain-containing protein qvr,Mytilus galloprovincialis (Mediterranean mussel),157,42,130,,InterPro:IPR031424
A0A8B6D9G8,UPAR/Ly6 domain-containing protein qvr,Mytilus galloprovincialis (Mediterranean mussel),145,30,118,,InterPro:IPR031424
A0A8B6DY38,Protein quiver,Mytilus galloprovincialis (Mediterranean mussel),130,29,107,,InterPro:IPR031424
A0A8B6E6S8,Protein quiver,Mytilus galloprovincialis (Mediterranean mussel),119,6,92,,InterPro:IPR031424
A0A8B6EIQ6,Protein sleepless,Mytilus galloprovincialis (Mediterranean mussel),139,24,112,,InterPro:IPR031424
A0A8B6EIY3,Protein sleepless,Mytilus galloprovincialis (Mediterranean mussel),146,24,121,,InterPro:IPR031424
A0A8B6ELX1,Protein sleepless,Mytilus galloprovincialis (Mediterranean mussel),176,24,147,,InterPro:IPR031424
A0A8B6EMC5,Protein sleepless,Mytilus galloprovincialis (Mediterranean mussel),161,9,132,,InterPro:IPR031424
A0A8B6GA58,UPAR/Ly6 domain-containing protein qvr,Mytilus galloprovincialis (Mediterranean mussel),124,4,99,,InterPro:IPR031424
A0A8B6GGS2,Protein quiver,Mytilus galloprovincialis (Mediterranean mussel),131,22,105,,InterPro:IPR031424
A0A8B6GGX0,Protein quiver,Mytilus galloprovincialis (Mediterranean mussel),142,17,100,,InterPro:IPR031424
A0A8B6HLC4,Protein sleepless,Mytilus galloprovincialis (Mediterranean mussel),137,24,114,,InterPro:IPR031424
A0A8B6HNM6,Protein sleepless,Mytilus galloprovincialis (Mediterranean mussel),150,26,124,,InterPro:IPR031424
A0A8B6HP83,Protein sleepless,Mytilus galloprovincialis (Mediterranean mussel),128,24,102,,InterPro:IPR031424
A0A8B6HPL4,Protein sleepless,Mytilus galloprovincialis (Mediterranean mussel),147,23,121,,InterPro:IPR031424
A0A8B7N109,UPAR/Ly6 domain-containing protein qvr,Hyalella azteca (Amphipod),288,24,112,,InterPro:IPR031424
A0A8B7N1S8,UPAR/Ly6 domain-containing protein qvr,Hyalella azteca (Amphipod),294,30,118,,InterPro:IPR031424
A0A8B7N2S1,UPAR/Ly6 domain-containing protein qvr,Hyalella azteca (Amphipod),597,333,421,,InterPro:IPR031424
A0A8B7N4P8,Protein sleepless,Hyalella azteca (Amphipod),134,19,109,,InterPro:IPR031424
A0A8B7N6W4,Protein sleepless,Hyalella azteca (Amphipod),154,30,127,,InterPro:IPR031424
A0A8B7N701,Protein sleepless,Hyalella azteca (Amphipod),163,39,136,,InterPro:IPR031424
A0A8B7N8A7,Protein sleepless,Hyalella azteca (Amphipod),150,24,121,,InterPro:IPR031424
A0A8B7N8K9,Protein sleepless,Hyalella azteca (Amphipod),172,48,145,,InterPro:IPR031424
A0A8B7NPT1,Protein sleepless,Hyalella azteca (Amphipod),144,28,120,,InterPro:IPR031424
A0A8B7NTE6,Protein sleepless,Hyalella azteca (Amphipod),135,24,113,,InterPro:IPR031424
A0A8B7P0X0,Protein sleepless,Hyalella azteca (Amphipod),146,12,122,,InterPro:IPR031424
A0A8B7P3J3,Protein sleepless,Hyalella azteca (Amphipod),170,31,143,,InterPro:IPR031424
A0A8B7P9Z5,Protein sleepless,Hyalella azteca (Amphipod),142,21,120,,InterPro:IPR031424
A0A8B7PD75,Protein sleepless,Hyalella azteca (Amphipod),150,25,124,,InterPro:IPR031424
A0A8B7PG83,Protein sleepless,Hyalella azteca (Amphipod),139,21,112,,InterPro:IPR031424
A0A8B7PGN7,Protein sleepless,Hyalella azteca (Amphipod),143,13,116,,InterPro:IPR031424
A0A8B7XLC0,Protein sleepless,Acanthaster planci (Crown-of-thorns starfish),173,22,145,,InterPro:IPR031424
A0A8B7Y098,Uncharacterized protein LOC110977084,Acanthaster planci (Crown-of-thorns starfish),122,20,96,,InterPro:IPR031424
A0A8B7Y0D4,UPAR/Ly6 domain-containing protein,Acanthaster planci (Crown-of-thorns starfish),128,21,103,,InterPro:IPR031424
A0A8B7Y0E1,UPAR/Ly6 domain-containing protein,Acanthaster planci (Crown-of-thorns starfish),127,19,102,,InterPro:IPR031424
A0A8B7Y2P5,Uncharacterized protein LOC110977081,Acanthaster planci (Crown-of-thorns starfish),136,19,112,,InterPro:IPR031424
A0A8B7Y2U1,UPAR/Ly6 domain-containing protein,Acanthaster planci (Crown-of-thorns starfish),135,19,112,,InterPro:IPR031424
A0A8B7Y3Y2,Uncharacterized protein LOC110977082,Acanthaster planci (Crown-of-thorns starfish),136,19,112,,InterPro:IPR031424
A0A8B7Y4A2,Ly6/PLAUR domain-containing protein 1-like,Acanthaster planci (Crown-of-thorns starfish),129,19,105,,InterPro:IPR031424
A0A8B7YKK9,Protein quiver,Acanthaster planci (Crown-of-thorns starfish),165,21,142,,InterPro:IPR031424
A0A8B7YKX8,Protein quiver,Acanthaster planci (Crown-of-thorns starfish),157,21,134,,InterPro:IPR031424
A0A8B7YSZ8,Protein quiver,Acanthaster planci (Crown-of-thorns starfish),131,21,108,,InterPro:IPR031424
A0A8B7YT39,Uncharacterized protein LOC110982393,Acanthaster planci (Crown-of-thorns starfish),128,21,105,,InterPro:IPR031424
A0A8B7YVV4,Protein quiver,Acanthaster planci (Crown-of-thorns starfish),178,25,153,,InterPro:IPR031424
A0A8B7YYA3,Protein quiver,Acanthaster planci (Crown-of-thorns starfish),178,27,153,,InterPro:IPR031424
A0A8B7YZ20,Protein sleepless,Acanthaster planci (Crown-of-thorns starfish),130,20,104,,InterPro:IPR031424
A0A8B7Z252,Protein quiver,Acanthaster planci (Crown-of-thorns starfish),157,6,132,,InterPro:IPR031424
A0A8B8AE93,UPAR/Ly6 domain-containing protein qvr,Crassostrea virginica (Eastern oyster),149,30,118,,InterPro:IPR031424
A0A8B8AJG6,UPAR/Ly6 domain-containing protein qvr,Crassostrea virginica (Eastern oyster),145,35,122,,InterPro:IPR031424
A0A8B8BC15,Protein sleepless,Crassostrea virginica (Eastern oyster),153,25,122,,InterPro:IPR031424
A0A8B8BTS5,UPAR/Ly6 domain-containing protein qvr,Crassostrea virginica (Eastern oyster),145,35,122,,InterPro:IPR031424
A0A8B8BTU1,UPAR/Ly6 domain-containing protein qvr,Crassostrea virginica (Eastern oyster),127,17,104,,InterPro:IPR031424
A0A8B8C3W3,Protein sleepless,Crassostrea virginica (Eastern oyster),142,28,115,,InterPro:IPR031424
A0A8B8CBT9,Protein quiver,Crassostrea virginica (Eastern oyster),140,28,113,,InterPro:IPR031424
A0A8B8CDN3,Protein quiver,Crassostrea virginica (Eastern oyster),147,23,121,,InterPro:IPR031424
A0A8B8CLM3,Protein sleepless,Crassostrea virginica (Eastern oyster),137,22,112,,InterPro:IPR031424
A0A8B8CNA6,Protein sleepless,Crassostrea virginica (Eastern oyster),144,24,116,,InterPro:IPR031424
A0A8B8CRC9,UPAR/Ly6 domain-containing protein qvr,Crassostrea virginica (Eastern oyster),146,26,121,,InterPro:IPR031424
A0A8B8CUR4,Protein quiver,Crassostrea virginica (Eastern oyster),147,23,121,,InterPro:IPR031424
A0A8B8D1R1,Protein quiver,Crassostrea virginica (Eastern oyster),151,27,121,,InterPro:IPR031424
A0A8B8DHS4,Protein quiver,Crassostrea virginica (Eastern oyster),141,22,113,,InterPro:IPR031424
A0A8B8DJA7,Protein sleepless,Crassostrea virginica (Eastern oyster),127,18,99,,InterPro:IPR031424
A0A8B8DKL3,Protein sleepless,Crassostrea virginica (Eastern oyster),144,22,116,,InterPro:IPR031424
A0A8B8E0A5,Protein quiver,Crassostrea virginica (Eastern oyster),146,24,121,,InterPro:IPR031424
A0A8B8EHH5,Protein quiver,Crassostrea virginica (Eastern oyster),161,27,137,,InterPro:IPR031424
A0A8B8EWM2,Uncharacterized protein LOC111137240,Crassostrea virginica (Eastern oyster),173,60,143,,InterPro:IPR031424
A0A8B8F792,Protein quiver,Sipha flava (yellow sugarcane aphid),184,29,150,,InterPro:IPR031424
A0A8B8F9V4,Protein sleepless,Sipha flava (yellow sugarcane aphid),88,29,79,,InterPro:IPR031424
A0A8B8FGV2,Protein sleepless,Sipha flava (yellow sugarcane aphid),140,25,115,,InterPro:IPR031424
A0A8B8FIF4,Protein sleepless,Sipha flava (yellow sugarcane aphid),160,28,124,,InterPro:IPR031424
A0A8B8FPH9,Protein sleepless,Sipha flava (yellow sugarcane aphid),156,22,119,,InterPro:IPR031424
A0A8B8FXX5,Protein sleepless,Sipha flava (yellow sugarcane aphid),162,32,132,,InterPro:IPR031424
A0A8B8GN15,Protein sleepless,Sipha flava (yellow sugarcane aphid),153,24,127,,InterPro:IPR031424
A0A8B8GP61,Protein sleepless,Sipha flava (yellow sugarcane aphid),146,24,122,,InterPro:IPR031424
A0A8B8GSG9,UPAR/Ly6 domain-containing protein qvr,Sipha flava (yellow sugarcane aphid),139,26,114,,InterPro:IPR031424
A0A8B8GUK6,UPAR/Ly6 domain-containing protein qvr,Sipha flava (yellow sugarcane aphid),123,10,98,,InterPro:IPR031424
A0A8B8HJU8,UPAR/Ly6 domain-containing protein qvr,Vanessa tameamea (Kamehameha butterfly),159,48,136,,InterPro:IPR031424
A0A8B8HT49,Protein sleepless,Vanessa tameamea (Kamehameha butterfly),149,22,125,,InterPro:IPR031424
A0A8B8HTP4,Protein sleepless,Vanessa tameamea (Kamehameha butterfly),144,21,115,,InterPro:IPR031424
A0A8B8HW92,Protein sleepless,Vanessa tameamea (Kamehameha butterfly),144,24,119,,InterPro:IPR031424
A0A8B8HWF8,Protein sleepless,Vanessa tameamea (Kamehameha butterfly),132,22,111,,InterPro:IPR031424
A0A8B8I4W3,Protein sleepless,Vanessa tameamea (Kamehameha butterfly),119,2,96,,InterPro:IPR031424
A0A8B8I5S2,Protein sleepless,Vanessa tameamea (Kamehameha butterfly),146,26,123,,InterPro:IPR031424
A0A8B8I628,Protein sleepless,Vanessa tameamea (Kamehameha butterfly),148,24,123,,InterPro:IPR031424
A0A8B8I6M5,Protein sleepless,Vanessa tameamea (Kamehameha butterfly),159,20,133,,InterPro:IPR031424
A0A8B8I7R6,Protein quiver,Vanessa tameamea (Kamehameha butterfly),155,27,130,,InterPro:IPR031424
A0A8B8IER7,Protein sleepless,Vanessa tameamea (Kamehameha butterfly),147,24,123,,InterPro:IPR031424
A0A8B8IER8,Protein sleepless,Vanessa tameamea (Kamehameha butterfly),148,23,126,,InterPro:IPR031424
A0A8B8IF87,Protein sleepless,Vanessa tameamea (Kamehameha butterfly),163,24,138,,InterPro:IPR031424
A0A8B8IHL0,Protein sleepless,Vanessa tameamea (Kamehameha butterfly),144,20,122,,InterPro:IPR031424
A0A8B8IIW1,Protein sleepless,Vanessa tameamea (Kamehameha butterfly),141,25,116,,InterPro:IPR031424
A0A8B8IXF5,Protein sleepless,Vanessa tameamea (Kamehameha butterfly),153,22,131,,InterPro:IPR031424
A0A8B8IYL6,Protein sleepless,Vanessa tameamea (Kamehameha butterfly),168,22,138,,InterPro:IPR031424
A0A8D8AAL9,Protein sleepless,Culex pipiens (House mosquito),116,27,84,,InterPro:IPR031424
A0A8D8AF66,Protein sleepless,Culex pipiens (House mosquito),142,25,119,,InterPro:IPR031424
A0A8D8BAG0,Protein sleepless,Culex pipiens (House mosquito),151,26,125,,InterPro:IPR031424
A0A8D8BGI5,UPAR/Ly6 domain-containing protein qvr,Culex pipiens (House mosquito),164,41,129,,InterPro:IPR031424
A0A8D8BP07,Protein sleepless,Culex pipiens (House mosquito),205,50,179,,InterPro:IPR031424
A0A8D8C1X7,Protein sleepless,Culex pipiens (House mosquito),139,21,114,,InterPro:IPR031424
A0A8D8C3X3,Protein sleepless,Culex pipiens (House mosquito),155,30,126,,InterPro:IPR031424
A0A8D8DEH3,Protein sleepless,Culex pipiens (House mosquito),159,25,135,,InterPro:IPR031424
A0A8D8DPE9,Protein sleepless,Culex pipiens (House mosquito),207,67,175,,InterPro:IPR031424
A0A8D8EXJ5,Protein sleepless,Culex pipiens (House mosquito),152,20,123,,InterPro:IPR031424
A0A8D8EY30,Protein sleepless,Culex pipiens (House mosquito),152,20,123,,InterPro:IPR031424
A0A8D8F8Q6,Protein sleepless,Culex pipiens (House mosquito),163,23,136,,InterPro:IPR031424
A0A8D8FHL9,UPAR/Ly6 domain-containing protein qvr,Culex pipiens (House mosquito),164,41,129,,InterPro:IPR031424
A0A8D8FQ11,Protein sleepless,Culex pipiens (House mosquito),179,24,153,,InterPro:IPR031424
A0A8D8FQS0,Protein sleepless,Culex pipiens (House mosquito),179,24,153,,InterPro:IPR031424
A0A8D8HW18,Protein sleepless,Culex pipiens (House mosquito),179,24,153,,InterPro:IPR031424
A0A8D8ICZ9,Protein sleepless,Culex pipiens (House mosquito),152,20,123,,InterPro:IPR031424
A0A8D8IHU3,Protein sleepless,Culex pipiens (House mosquito),152,20,123,,InterPro:IPR031424
A0A8D8J546,Protein sleepless,Culex pipiens (House mosquito),163,23,136,,InterPro:IPR031424
A0A8D8KW04,Protein sleepless,Culex pipiens (House mosquito),205,50,179,,InterPro:IPR031424
A0A8D8KXB2,Protein sleepless,Culex pipiens (House mosquito),179,24,153,,InterPro:IPR031424
A0A8D8LE12,Protein sleepless,Cacopsylla melanoneura,145,22,119,,InterPro:IPR031424
A0A8D8LMU3,Protein sleepless,Cacopsylla melanoneura,166,24,140,,InterPro:IPR031424
A0A8D8LX67,Protein sleepless,Cacopsylla melanoneura,166,24,140,,InterPro:IPR031424
A0A8D8NS51,Protein sleepless,Culex pipiens (House mosquito),151,26,125,,InterPro:IPR031424
A0A8D8PTZ6,Protein sleepless,Cacopsylla melanoneura,139,25,116,,InterPro:IPR031424
A0A8D8QCK1,Protein sleepless,Cacopsylla melanoneura,157,20,131,,InterPro:IPR031424
A0A8D8RQQ5,UPAR/Ly6 domain-containing protein qvr,Cacopsylla melanoneura,131,17,105,,InterPro:IPR031424
A0A8D8SDN7,Protein sleepless,Cacopsylla melanoneura,181,26,155,,InterPro:IPR031424
A0A8D8T3T7,Protein quiver,Cacopsylla melanoneura,145,28,118,,InterPro:IPR031424
A0A8D8TAZ3,Protein sleepless,Cacopsylla melanoneura,156,20,131,,InterPro:IPR031424
A0A8D8UFB7,Protein quiver,Cacopsylla melanoneura,149,26,124,,InterPro:IPR031424
A0A8D8UQZ3,Protein quiver,Cacopsylla melanoneura,101,4,74,,InterPro:IPR031424
A0A8D8VG28,Protein sleepless,Cacopsylla melanoneura,156,20,131,,InterPro:IPR031424
A0A8D8W6P9,UPAR/Ly6 domain-containing protein qvr,Cacopsylla melanoneura,155,41,129,,InterPro:IPR031424
A0A8D8WHX1,Protein sleepless,Cacopsylla melanoneura,153,26,125,,InterPro:IPR031424
A0A8D8WKL7,Protein quiver,Cacopsylla melanoneura,149,26,124,,InterPro:IPR031424
A0A8D8XTL0,Protein sleepless,Cacopsylla melanoneura,152,26,129,,InterPro:IPR031424
A0A8D8YGJ4,UPAR/Ly6 domain-containing protein qvr,Cacopsylla melanoneura,150,36,124,,InterPro:IPR031424
A0A8D8YPC7,Protein sleepless,Cacopsylla melanoneura,181,26,155,,InterPro:IPR031424
A0A8D8ZL98,Protein sleepless,Cacopsylla melanoneura,143,25,119,,InterPro:IPR031424
A0A8D8ZZ18,Protein sleepless,Cacopsylla melanoneura,166,24,140,,InterPro:IPR031424
A0A8D9AD62,Protein sleepless,Cacopsylla melanoneura,138,25,115,,InterPro:IPR031424
A0A8D9EAY2,UPAR/Ly6 domain-containing protein qvr,Cacopsylla melanoneura,158,43,131,,InterPro:IPR031424
A0A8D9EEC0,Protein quiver,Cacopsylla melanoneura,105,36,91,,InterPro:IPR031424
A0A8D9EIF0,Protein sleepless,Cacopsylla melanoneura,152,25,121,,InterPro:IPR031424
A0A8E0RMW6,UPAR/Ly6 domain-containing protein qvr,Fasciolopsis buskii,130,11,107,,InterPro:IPR031424
A0A8E0RNU9,Protein quiver,Fasciolopsis buskii,149,28,122,,InterPro:IPR031424
A0A8E0RTN8,Protein quiver,Fasciolopsis buskii,143,26,114,,InterPro:IPR031424
A0A8E0S290,Protein quiver,Fasciolopsis buskii,170,19,142,,InterPro:IPR031424
A0A8E0S444,Protein quiver,Fasciolopsis buskii,103,11,75,,InterPro:IPR031424
A0A8E0S4E9,UPAR/Ly6 domain-containing protein qvr,Fasciolopsis buskii,161,35,123,,InterPro:IPR031424
A0A8E0VFK0,Protein quiver,Fasciolopsis buskii,152,25,120,,InterPro:IPR031424
A0A8E5JT47,Protein sleepless,Schistocerca gregaria (Desert locust),143,26,119,,InterPro:IPR031424
A0A8E5NHM1,Protein sleepless,Schistocerca gregaria (Desert locust),152,27,126,,InterPro:IPR031424
A0A8F4TDK0,Protein sleepless,Tritia obsoleta,149,29,119,,InterPro:IPR031424
A0A8I6R741,Protein sleepless,Cimex lectularius (Bed bug),132,24,109,,InterPro:IPR031424
A0A8I6R887,Protein sleepless,Cimex lectularius (Bed bug),143,22,121,,InterPro:IPR031424
A0A8I6R942,Protein sleepless,Cimex lectularius (Bed bug),143,20,119,,InterPro:IPR031424
A0A8I6RAI2,Protein sleepless,Cimex lectularius (Bed bug),142,22,120,,InterPro:IPR031424
A0A8I6RC99,Protein sleepless,Cimex lectularius (Bed bug),219,98,196,,InterPro:IPR031424
A0A8I6RHW2,Protein sleepless,Cimex lectularius (Bed bug),152,27,130,,InterPro:IPR031424
A0A8I6RI23,Protein sleepless,Cimex lectularius (Bed bug),157,27,133,,InterPro:IPR031424
A0A8I6RK48,Protein sleepless,Cimex lectularius (Bed bug),146,22,122,,InterPro:IPR031424
A0A8I6RMI4,Protein sleepless,Cimex lectularius (Bed bug),148,20,124,,InterPro:IPR031424
A0A8I6RMZ1,Protein sleepless,Cimex lectularius (Bed bug),134,25,111,,InterPro:IPR031424
A0A8I6RNE3,Protein sleepless,Cimex lectularius (Bed bug),135,24,112,,InterPro:IPR031424
A0A8I6RR40,Protein sleepless,Cimex lectularius (Bed bug),131,20,108,,InterPro:IPR031424
A0A8I6RRD0,Protein quiver,Cimex lectularius (Bed bug),131,24,112,,InterPro:IPR031424
A0A8I6RYS8,UPAR/Ly6 domain-containing protein qvr,Cimex lectularius (Bed bug),140,29,117,,InterPro:IPR031424
A0A8I6RZ53,UPAR/Ly6 domain-containing protein qvr,Cimex lectularius (Bed bug),141,30,118,,InterPro:IPR031424
A0A8I6RZC9,Protein sleepless,Cimex lectularius (Bed bug),150,24,125,,InterPro:IPR031424
A0A8I6S352,UPAR/Ly6 domain-containing protein qvr,Cimex lectularius (Bed bug),125,14,102,,InterPro:IPR031424
A0A8I6SL81,Protein quiver,Cimex lectularius (Bed bug),164,25,135,,InterPro:IPR031424
A0A8I6SME3,Protein sleepless,Cimex lectularius (Bed bug),142,25,120,,InterPro:IPR031424
A0A8I6SMF3,Protein sleepless,Cimex lectularius (Bed bug),139,9,115,,InterPro:IPR031424
A0A8I6SMW5,UPAR/Ly6 domain-containing protein qvr,Cimex lectularius (Bed bug),156,45,133,,InterPro:IPR031424
A0A8I6TCF2,Protein sleepless,Cimex lectularius (Bed bug),163,25,135,,InterPro:IPR031424
A0A8I6TFI7,Protein sleepless,Cimex lectularius (Bed bug),157,27,133,,InterPro:IPR031424
A0A8I6TIS8,Protein sleepless,Cimex lectularius (Bed bug),137,22,113,,InterPro:IPR031424
A0A8I6TLH6,Protein sleepless,Cimex lectularius (Bed bug),157,40,136,,InterPro:IPR031424
A0A8J1TLI8,Uncharacterized protein,Owenia fusiformis (Polychaete worm),152,22,125,,InterPro:IPR031424
A0A8J1UAN4,Uncharacterized protein,Owenia fusiformis (Polychaete worm),139,25,115,,InterPro:IPR031424
A0A8J1UEQ7,Uncharacterized protein,Owenia fusiformis (Polychaete worm),155,22,115,,InterPro:IPR031424
A0A8J1UJN8,Uncharacterized protein,Owenia fusiformis (Polychaete worm),139,25,111,,InterPro:IPR031424
A0A8J1UWX0,Uncharacterized protein,Owenia fusiformis (Polychaete worm),143,33,116,,InterPro:IPR031424
A0A8J1XFI6,Uncharacterized protein,Owenia fusiformis (Polychaete worm),168,28,140,,InterPro:IPR031424
A0A8J1XJ26,Uncharacterized protein,Owenia fusiformis (Polychaete worm),217,30,163,,InterPro:IPR031424
A0A8J1XWT6,Uncharacterized protein,Owenia fusiformis (Polychaete worm),152,24,128,,InterPro:IPR031424
A0A8J1XZF0,UPAR/Ly6 domain-containing protein qvr,Owenia fusiformis (Polychaete worm),145,24,120,,InterPro:IPR031424
A0A8J1XZM5,Uncharacterized protein,Owenia fusiformis (Polychaete worm),120,11,99,,InterPro:IPR031424
A0A8J1Y7G1,Uncharacterized protein,Owenia fusiformis (Polychaete worm),161,35,141,,InterPro:IPR031424
A0A8J2H3I9,Protein sleepless,Cotesia congregata (Parasitoid wasp),162,26,137,,InterPro:IPR031424
A0A8J2H3N9,Protein sleepless,Cotesia congregata (Parasitoid wasp),147,22,117,,InterPro:IPR031424
A0A8J2H5V1,Protein sleepless,Cotesia congregata (Parasitoid wasp),170,29,148,,InterPro:IPR031424
A0A8J2H846,Ig-like domain-containing protein,Cotesia congregata (Parasitoid wasp),548,429,523,,InterPro:IPR031424
A0A8J2HH20,Protein sleepless,Cotesia congregata (Parasitoid wasp),137,13,112,,InterPro:IPR031424
A0A8J2HLI9,Protein sleepless,Cotesia congregata (Parasitoid wasp),146,27,121,,InterPro:IPR031424
A0A8J2HLQ3,tubulin-glutamate carboxypeptidase,Cotesia congregata (Parasitoid wasp),1037,923,1012,,InterPro:IPR031424
A0A8J2HMT5,Protein sleepless,Cotesia congregata (Parasitoid wasp),156,24,128,,InterPro:IPR031424
A0A8J2HNT4,Uncharacterized protein,Cotesia congregata (Parasitoid wasp),118,6,91,,InterPro:IPR031424
A0A8J2HSW1,Protein sleepless,Cotesia congregata (Parasitoid wasp),149,23,122,,InterPro:IPR031424
A0A8J2J8C2,Protein quiver,Allacma fusca,191,34,125,,InterPro:IPR031424
A0A8J2JN33,Protein quiver,Allacma fusca,177,23,117,,InterPro:IPR031424
A0A8J2K7E5,Protein quiver,Allacma fusca,163,21,131,,InterPro:IPR031424
A0A8J2K998,Protein sleepless,Allacma fusca,239,73,183,,InterPro:IPR031424
A0A8J2KSD3,Protein sleepless,Allacma fusca,147,19,119,,InterPro:IPR031424
A0A8J2KZS4,Protein sleepless,Allacma fusca,345,216,319,,InterPro:IPR031424
A0A8J2L1J0,Protein quiver,Allacma fusca,151,22,128,,InterPro:IPR031424
A0A8J2LMX1,Protein sleepless,Cercopithifilaria johnstoni,210,33,151,,InterPro:IPR031424
A0A8J2LQ56,Protein sleepless,Cercopithifilaria johnstoni,209,33,150,,InterPro:IPR031424
A0A8J2LUQ2,Protein sleepless,Allacma fusca,150,23,124,,InterPro:IPR031424
A0A8J2LWX5,Protein sleepless,Cercopithifilaria johnstoni,156,21,131,,InterPro:IPR031424
A0A8J2MEH3,Protein quiver,Allacma fusca,237,102,211,,InterPro:IPR031424
A0A8J2MGA1,Protein quiver,Allacma fusca,168,34,129,,InterPro:IPR031424
A0A8J2MU42,Protein sleepless,Cercopithifilaria johnstoni,134,20,109,,InterPro:IPR031424
A0A8J2P850,Protein sleepless,Allacma fusca,143,19,120,,InterPro:IPR031424
A0A8J2PJF5,Protein sleepless,Allacma fusca,135,9,101,,InterPro:IPR031424
A0A8J2PMA0,Protein sleepless,Allacma fusca,166,24,141,,InterPro:IPR031424
A0A8J2PQL8,Protein sleepless,Cercopithifilaria johnstoni,148,23,113,,InterPro:IPR031424
A0A8J2PW69,Protein quiver,Allacma fusca,191,27,124,,InterPro:IPR031424
A0A8J2Q1V1,Protein quiver,Allacma fusca,158,23,132,,InterPro:IPR031424
A0A8J2QBY9,Protein sleepless,Danaus chrysippus (African queen),154,20,132,,InterPro:IPR031424
A0A8J2QC75,Protein sleepless,Danaus chrysippus (African queen),145,23,119,,InterPro:IPR031424
A0A8J2QI57,Protein sleepless,Danaus chrysippus (African queen),150,27,124,,InterPro:IPR031424
A0A8J2QJL1,Protein sleepless,Danaus chrysippus (African queen),144,34,123,,InterPro:IPR031424
A0A8J2QK96,Bromo domain-containing protein,Danaus chrysippus (African queen),1179,19,95,,InterPro:IPR031424
A0A8J2QL96,Protein sleepless,Danaus chrysippus (African queen),148,23,126,,InterPro:IPR031424
A0A8J2QPS0,Protein sleepless,Danaus chrysippus (African queen),160,23,135,,InterPro:IPR031424
A0A8J2QRE2,Protein sleepless,Danaus chrysippus (African queen),539,22,124,,InterPro:IPR031424
A0A8J2QU01,Protein sleepless,Danaus chrysippus (African queen),173,49,148,,InterPro:IPR031424
A0A8J2QXM5,UPAR/Ly6 domain-containing protein qvr,Danaus chrysippus (African queen),162,52,140,,InterPro:IPR031424
A0A8J2RB98,Protein sleepless,Daphnia galeata,165,27,138,,InterPro:IPR031424
A0A8J2RLB7,Protein sleepless,Daphnia galeata,238,85,212,,InterPro:IPR031424
A0A8J2RLR9,UPAR/Ly6 domain-containing protein qvr,Daphnia galeata,158,38,126,,InterPro:IPR031424
A0A8J2S0I0,Protein sleepless,Daphnia galeata,142,22,115,,InterPro:IPR031424
A0A8J2S207,Protein sleepless,Daphnia galeata,153,23,126,,InterPro:IPR031424
A0A8J2SAB6,Protein sleepless,Daphnia galeata,154,26,122,,InterPro:IPR031424
A0A8J2SD00,Protein sleepless,Daphnia galeata,154,27,126,,InterPro:IPR031424
A0A8J2VS03,Protein sleepless,Danaus chrysippus (African queen),148,20,122,,InterPro:IPR031424
A0A8J2VXY6,Protein sleepless,Danaus chrysippus (African queen),158,11,128,,InterPro:IPR031424
A0A8J2WFD8,Protein sleepless,Daphnia galeata,173,39,135,,InterPro:IPR031424
A0A8J2WRJ0,peptidylprolyl isomerase,Daphnia galeata,362,245,333,,InterPro:IPR031424
A0A8J2WTL9,Protein sleepless,Daphnia galeata,166,36,133,,InterPro:IPR031424
A0A8J4SSB4,Protein sleepless,Paragonimus heterotremus,138,21,110,,InterPro:IPR031424
A0A8J4T790,Protein quiver,Paragonimus heterotremus,178,44,153,,InterPro:IPR031424
A0A8J4TJ41,Protein sleepless,Paragonimus heterotremus,136,20,106,,InterPro:IPR031424
A0A8J4WCW9,Protein quiver,Paragonimus heterotremus,147,33,120,,InterPro:IPR031424
A0A8J4WIP1,Protein quiver,Paragonimus heterotremus,201,85,172,,InterPro:IPR031424
A0A8J4WNS5,Protein quiver,Paragonimus heterotremus,156,30,125,,InterPro:IPR031424
A0A8J4WRK7,Protein sleepless,Paragonimus heterotremus,142,24,118,,InterPro:IPR031424
A0A8J4YHA8,Protein quiver,Chionoecetes opilio (Atlantic snow crab),196,77,169,,InterPro:IPR031424
A0A8J5CMF2,Uncharacterized protein,Chionoecetes opilio (Atlantic snow crab),286,54,126,,InterPro:IPR031424
A0A8J5CUN1,Protein sleepless,Chionoecetes opilio (Atlantic snow crab),180,63,158,,InterPro:IPR031424
A0A8J5D0Y9,Protein LTV1 homolog,Chionoecetes opilio (Atlantic snow crab),598,470,562,,InterPro:IPR031424
A0A8J5D3C6,Protein sleepless,Chionoecetes opilio (Atlantic snow crab),135,21,113,,InterPro:IPR031424
A0A8J5K2X5,Protein sleepless,Homarus americanus (American lobster),148,29,121,,InterPro:IPR031424
A0A8J5K567,Protein sleepless,Homarus americanus (American lobster),179,53,149,,InterPro:IPR031424
A0A8J5K7T8,Protein sleepless,Homarus americanus (American lobster),152,24,123,,InterPro:IPR031424
A0A8J5KNI9,Protein sleepless,Homarus americanus (American lobster),150,23,126,,InterPro:IPR031424
A0A8J5MU39,Protein sleepless,Homarus americanus (American lobster),134,24,110,,InterPro:IPR031424
A0A8J5QM56,Protein sleepless,Cotesia typhae,149,23,122,,InterPro:IPR031424
A0A8J5QNS9,Protein sleepless,Cotesia typhae,147,22,117,,InterPro:IPR031424
A0A8J5QY44,UPAR/Ly6 domain-containing protein qvr,Cotesia typhae,144,29,116,,InterPro:IPR031424
A0A8J5QY99,Protein sleepless,Cotesia typhae,89,4,64,,InterPro:IPR031424
A0A8J5R223,Protein sleepless,Cotesia typhae,170,29,148,,InterPro:IPR031424
A0A8J5R4M3,Protein sleepless,Cotesia typhae,225,64,196,,InterPro:IPR031424
A0A8J5TI30,Protein sleepless,Homarus americanus (American lobster),138,25,115,,InterPro:IPR031424
A0A8J5UUP8,Protein sleepless,Cotesia typhae,143,24,113,,InterPro:IPR031424
A0A8J5V9A2,Protein sleepless,Cotesia typhae,146,27,121,,InterPro:IPR031424
A0A8J6H8Z6,Chitin-binding type-2 domain-containing protein,Tenebrio molitor (Yellow mealworm beetle),756,441,544,,InterPro:IPR031424
A0A8J6HAG2,Protein quiver,Tenebrio molitor (Yellow mealworm beetle),387,268,342,,InterPro:IPR031424
A0A8J6HAG2,Protein quiver,Tenebrio molitor (Yellow mealworm beetle),387,181,267,,InterPro:IPR031424
A0A8J6HCN9,Protein quiver,Tenebrio molitor (Yellow mealworm beetle),163,21,137,,InterPro:IPR031424
A0A8J6HH62,G-protein coupled receptors family 3 profile domain-containing protein,Tenebrio molitor (Yellow mealworm beetle),633,504,607,,InterPro:IPR031424
A0A8J6HHU1,Protein quiver,Tenebrio molitor (Yellow mealworm beetle),788,5,107,,InterPro:IPR031424
A0A8J6HUK5,Uncharacterized protein,Tenebrio molitor (Yellow mealworm beetle),216,25,111,,InterPro:IPR031424
A0A8J6HUK5,Uncharacterized protein,Tenebrio molitor (Yellow mealworm beetle),216,112,188,,InterPro:IPR031424
A0A8J6L381,Protein quiver,Tenebrio molitor (Yellow mealworm beetle),189,28,162,,InterPro:IPR031424
A0A8J6LB18,Protein quiver,Tenebrio molitor (Yellow mealworm beetle),241,117,215,,InterPro:IPR031424
A0A8J6LDS7,Protein sleepless,Tenebrio molitor (Yellow mealworm beetle),359,218,334,,InterPro:IPR031424
A0A8J8WA08,Protein sleepless,Chionoecetes opilio (Atlantic snow crab),152,24,123,,InterPro:IPR031424
A0A8J8WDH9,Protein sleepless,Chionoecetes opilio (Atlantic snow crab),208,80,179,,InterPro:IPR031424
A0A8J9UHD8,Protein sleepless,Brenthis ino (lesser marbled fritillary),158,11,122,,InterPro:IPR031424
A0A8J9USB3,Protein sleepless,Brenthis ino (lesser marbled fritillary),132,22,111,,InterPro:IPR031424
A0A8J9UT88,Bromo domain-containing protein,Brenthis ino (lesser marbled fritillary),1228,20,114,,InterPro:IPR031424
A0A8J9UXL5,Protein sleepless,Brenthis ino (lesser marbled fritillary),158,20,133,,InterPro:IPR031424
A0A8J9V7S5,Protein sleepless,Brenthis ino (lesser marbled fritillary),151,25,122,,InterPro:IPR031424
A0A8J9VFL3,Protein sleepless,Brenthis ino (lesser marbled fritillary),150,22,125,,InterPro:IPR031424
A0A8J9VJ09,Protein quiver,Brenthis ino (lesser marbled fritillary),136,20,122,,InterPro:IPR031424
A0A8J9VM38,Protein sleepless,Brenthis ino (lesser marbled fritillary),142,24,119,,InterPro:IPR031424
A0A8J9VQU7,Protein sleepless,Brenthis ino (lesser marbled fritillary),137,22,113,,InterPro:IPR031424
A0A8J9VRG4,UPAR/Ly6 domain-containing protein qvr,Brenthis ino (lesser marbled fritillary),159,48,136,,InterPro:IPR031424
A0A8J9VWS2,Protein sleepless,Brenthis ino (lesser marbled fritillary),150,23,128,,InterPro:IPR031424
A0A8J9Y1Z9,Protein quiver,Brenthis ino (lesser marbled fritillary),180,58,155,,InterPro:IPR031424
A0A8J9Y7L0,Protein sleepless,Brenthis ino (lesser marbled fritillary),160,23,136,,InterPro:IPR031424
A0A8J9YA69,Protein sleepless,Brenthis ino (lesser marbled fritillary),163,24,90,,InterPro:IPR031424
A0A8J9YA98,Protein sleepless,Brenthis ino (lesser marbled fritillary),193,67,167,,InterPro:IPR031424
A0A8J9YAH3,Protein sleepless,Brenthis ino (lesser marbled fritillary),184,74,160,,InterPro:IPR031424
A0A8K0CAW7,Protein quiver,Ignelater luminosus (Cucubano),149,32,146,,InterPro:IPR031424
A0A8K0CEF5,Protein sleepless,Ignelater luminosus (Cucubano),132,25,105,,InterPro:IPR031424
A0A8K0CLV1,Protein quiver,Ignelater luminosus (Cucubano),151,29,113,,InterPro:IPR031424
A0A8K0CRG7,Protein quiver,Ignelater luminosus (Cucubano),139,31,116,,InterPro:IPR031424
A0A8K0CWF8,Protein sleepless,Ignelater luminosus (Cucubano),132,25,104,,InterPro:IPR031424
A0A8K0CXN2,Sodefrin-like factor,Ignelater luminosus (Cucubano),123,24,112,,InterPro:IPR031424
A0A8K0D2K7,Protein sleepless,Ignelater luminosus (Cucubano),120,20,99,,InterPro:IPR031424
A0A8K0DB45,UPAR/Ly6 domain-containing protein qvr,Ignelater luminosus (Cucubano),140,29,115,,InterPro:IPR031424
A0A8K0DBT4,Protein quiver,Ignelater luminosus (Cucubano),157,24,111,,InterPro:IPR031424
A0A8K0DCZ5,Protein quiver,Ignelater luminosus (Cucubano),142,22,127,,InterPro:IPR031424
A0A8K0DDF4,Protein sleepless,Ignelater luminosus (Cucubano),118,23,117,,InterPro:IPR031424
A0A8K0DDL8,Protein sleepless,Ignelater luminosus (Cucubano),137,24,112,,InterPro:IPR031424
A0A8K0DG52,Protein quiver,Ignelater luminosus (Cucubano),190,27,163,,InterPro:IPR031424
A0A8K0DGH1,UPAR/Ly6 domain-containing protein qvr,Ignelater luminosus (Cucubano),146,31,119,,InterPro:IPR031424
A0A8K0DKD4,Protein sleepless,Ignelater luminosus (Cucubano),128,25,127,,InterPro:IPR031424
A0A8K0FVX6,Protein quiver,Ignelater luminosus (Cucubano),171,24,131,,InterPro:IPR031424
A0A8K0FXC1,Protein sleepless,Ignelater luminosus (Cucubano),148,22,131,,InterPro:IPR031424
A0A8K0FYD2,Protein sleepless,Ignelater luminosus (Cucubano),163,40,135,,InterPro:IPR031424
A0A8K0FZ43,Protein sleepless,Ignelater luminosus (Cucubano),140,24,116,,InterPro:IPR031424
A0A8K0FZV1,Protein sleepless,Ignelater luminosus (Cucubano),140,22,134,,InterPro:IPR031424
A0A8K0G1M9,Protein sleepless,Ignelater luminosus (Cucubano),168,25,139,,InterPro:IPR031424
A0A8K0G1Z5,Protein sleepless,Ignelater luminosus (Cucubano),143,24,115,,InterPro:IPR031424
A0A8K0GAB5,Protein sleepless,Ignelater luminosus (Cucubano),150,26,124,,InterPro:IPR031424
A0A8K0GF44,Protein sleepless,Ignelater luminosus (Cucubano),165,24,141,,InterPro:IPR031424
A0A8K0GFN1,Protein sleepless,Ignelater luminosus (Cucubano),153,24,127,,InterPro:IPR031424
A0A8K0GGM5,Protein sleepless,Ignelater luminosus (Cucubano),153,21,132,,InterPro:IPR031424
A0A8K0GIP0,Protein quiver,Ignelater luminosus (Cucubano),128,24,111,,InterPro:IPR031424
A0A8K0GIU4,Protein quiver,Ignelater luminosus (Cucubano),136,8,112,,InterPro:IPR031424
A0A8K0GML0,Protein sleepless,Ignelater luminosus (Cucubano),141,22,118,,InterPro:IPR031424
A0A8K0GPW3,Protein quiver,Ignelater luminosus (Cucubano),163,23,137,,InterPro:IPR031424
A0A8K0JVW4,UPAR/Ly6 domain-containing protein qvr,Ladona fulva (Scarce chaser dragonfly),139,18,106,,InterPro:IPR031424
A0A8K0JZT4,Protein sleepless,Ladona fulva (Scarce chaser dragonfly),145,25,116,,InterPro:IPR031424
A0A8K0K921,Protein sleepless,Ladona fulva (Scarce chaser dragonfly),134,2,112,,InterPro:IPR031424
A0A8K0K9Q6,Protein sleepless,Ladona fulva (Scarce chaser dragonfly),152,28,122,,InterPro:IPR031424
A0A8K0KP59,Protein sleepless,Ladona fulva (Scarce chaser dragonfly),196,21,146,,InterPro:IPR031424
A0A8K0P0X4,Protein sleepless,Ladona fulva (Scarce chaser dragonfly),147,27,123,,InterPro:IPR031424
A0A8K0P2W3,Protein sleepless,Ladona fulva (Scarce chaser dragonfly),159,29,128,,InterPro:IPR031424
A0A8K0P4A5,Protein sleepless,Ladona fulva (Scarce chaser dragonfly),152,25,128,,InterPro:IPR031424
A0A8K0P6G6,Protein quiver,Ladona fulva (Scarce chaser dragonfly),191,63,160,,InterPro:IPR031424
A0A8K0PAV0,Protein sleepless,Ladona fulva (Scarce chaser dragonfly),159,35,132,,InterPro:IPR031424
A0A8K1YTQ3,Protein sleepless,Cotesia flavipes (Parasitic wasp),156,24,128,,InterPro:IPR031424
A0A8N4L6P8,Protein sleepless,Bactrocera dorsalis (Oriental fruit fly),136,7,108,,InterPro:IPR031424
A0A8N4QF44,Protein sleepless,Bactrocera dorsalis (Oriental fruit fly),150,11,123,,InterPro:IPR031424
A0A8R1DLR3,UPAR/Ly6 domain-containing protein qvr,Caenorhabditis japonica,125,37,101,,InterPro:IPR031424
A0A8R1DM66,UPAR/Ly6 domain-containing protein qvr,Caenorhabditis japonica,161,24,137,,InterPro:IPR031424
A0A8R1DSQ3,Protein sleepless,Caenorhabditis japonica,123,19,101,,InterPro:IPR031424
A0A8R1HL36,Protein sleepless,Caenorhabditis japonica,164,24,142,,InterPro:IPR031424
A0A8R1I8T6,Protein sleepless,Caenorhabditis japonica,188,45,165,,InterPro:IPR031424
A0A8R1ILK1,Protein quiver,Caenorhabditis japonica,137,20,110,,InterPro:IPR031424
A0A8R1TK18,Protein quiver,Onchocerca volvulus,155,22,131,,InterPro:IPR031424
A0A8R1TK81,Protein quiver,Onchocerca volvulus,210,49,186,,InterPro:IPR031424
A0A8R1W3G7,Protein sleepless,Acyrthosiphon pisum (Pea aphid),148,25,123,,InterPro:IPR031424
A0A8R1W6V1,Protein quiver,Acyrthosiphon pisum (Pea aphid),129,25,128,,InterPro:IPR031424
A0A8R1WFY6,Protein sleepless,Bombyx mori (Silk moth),176,66,155,,InterPro:IPR031424
A0A8R1WP47,Protein sleepless,Bombyx mori (Silk moth),156,20,132,,InterPro:IPR031424
A0A8R1WQX7,Protein sleepless,Bombyx mori (Silk moth),208,70,183,,InterPro:IPR031424
A0A8R1Y5F0,Protein quiver,Onchocerca volvulus,166,42,132,,InterPro:IPR031424
A0A8R2AB21,Protein sleepless,Acyrthosiphon pisum (Pea aphid),162,28,124,,InterPro:IPR031424
A0A8R2AGS6,Protein sleepless,Bombyx mori (Silk moth),159,31,136,,InterPro:IPR031424
A0A8R2AHC1,Protein sleepless,Bombyx mori (Silk moth),153,25,121,,InterPro:IPR031424
A0A8R2AJG6,Protein sleepless,Bombyx mori (Silk moth),138,23,114,,InterPro:IPR031424
A0A8R2ALJ0,Protein sleepless,Bombyx mori (Silk moth),148,26,123,,InterPro:IPR031424
A0A8R2AP49,Protein sleepless,Bombyx mori (Silk moth),148,20,123,,InterPro:IPR031424
A0A8R2APB2,Protein sleepless,Bombyx mori (Silk moth),139,26,117,,InterPro:IPR031424
A0A8R2ARN6,Protein sleepless,Bombyx mori (Silk moth),149,25,124,,InterPro:IPR031424
A0A8R2AU50,Protein sleepless,Bombyx mori (Silk moth),149,24,127,,InterPro:IPR031424
A0A8R2AYA0,Protein sleepless,Acyrthosiphon pisum (Pea aphid),140,25,115,,InterPro:IPR031424
A0A8R2B989,UPAR/Ly6 domain-containing protein qvr,Acyrthosiphon pisum (Pea aphid),127,10,98,,InterPro:IPR031424
A0A8R2B9F5,UPAR/Ly6 domain-containing protein qvr,Acyrthosiphon pisum (Pea aphid),150,33,121,,InterPro:IPR031424
A0A8R2C4Z7,Protein sleepless,Bombyx mori (Silk moth),185,75,161,,InterPro:IPR031424
A0A8R2C5I0,Protein quiver,Bombyx mori (Silk moth),161,27,137,,InterPro:IPR031424
A0A8R2C683,UPAR/Ly6 domain-containing protein qvr,Bombyx mori (Silk moth),143,32,120,,InterPro:IPR031424
A0A8R2C6S1,Protein sleepless,Bombyx mori (Silk moth),130,8,105,,InterPro:IPR031424
A0A8R2D6Z0,Protein sleepless,Acyrthosiphon pisum (Pea aphid),156,22,119,,InterPro:IPR031424
A0A8R2DKT2,Protein sleepless,Bombyx mori (Silk moth),154,30,129,,InterPro:IPR031424
A0A8R2DLY7,Protein sleepless,Bombyx mori (Silk moth),148,24,123,,InterPro:IPR031424
A0A8R2DM97,UPAR/Ly6 domain-containing protein qvr,Bombyx mori (Silk moth),159,48,136,,InterPro:IPR031424
A0A8R2G8F2,Protein sleepless,Bombyx mori (Silk moth),172,53,147,,InterPro:IPR031424
A0A8R2G8P8,Protein sleepless,Bombyx mori (Silk moth),145,22,121,,InterPro:IPR031424
A0A8R2JMV9,Protein sleepless,Acyrthosiphon pisum (Pea aphid),171,28,137,,InterPro:IPR031424
A0A8R2JPS3,Protein sleepless,Acyrthosiphon pisum (Pea aphid),183,33,149,,InterPro:IPR031424
A0A8R2NK99,Protein quiver,Acyrthosiphon pisum (Pea aphid),127,13,104,,InterPro:IPR031424
A0A8R2R142,Protein sleepless,Bombyx mori (Silk moth),158,20,132,,InterPro:IPR031424
A0A8R2R3L1,Protein sleepless,Bombyx mori (Silk moth),134,6,102,,InterPro:IPR031424
A0A8R2R557,Protein sleepless,Bombyx mori (Silk moth),170,24,140,,InterPro:IPR031424
A0A8S0YM12,Protein sleepless,Arctia plantaginis (Wood tiger moth),169,23,139,,InterPro:IPR031424
A0A8S0YUV1,Mitochondrial import receptor subunit TOM70,Arctia plantaginis (Wood tiger moth),787,650,755,,InterPro:IPR031424
A0A8S0Z9J4,Ig-like domain-containing protein,Arctia plantaginis (Wood tiger moth),527,405,502,,InterPro:IPR031424
A0A8S0ZB53,Protein sleepless,Arctia plantaginis (Wood tiger moth),167,46,140,,InterPro:IPR031424
A0A8S0ZBJ2,Protein sleepless,Arctia plantaginis (Wood tiger moth),152,26,122,,InterPro:IPR031424
A0A8S0ZFJ7,Protein sleepless,Arctia plantaginis (Wood tiger moth),144,24,123,,InterPro:IPR031424
A0A8S0ZKK0,Protein sleepless,Arctia plantaginis (Wood tiger moth),144,24,123,,InterPro:IPR031424
A0A8S0ZKU1,Protein sleepless,Arctia plantaginis (Wood tiger moth),148,23,126,,InterPro:IPR031424
A0A8S0ZL32,Protein sleepless,Arctia plantaginis (Wood tiger moth),168,24,143,,InterPro:IPR031424
A0A8S0ZM04,Protein sleepless,Arctia plantaginis (Wood tiger moth),167,46,140,,InterPro:IPR031424
A0A8S0ZM43,Protein sleepless,Arctia plantaginis (Wood tiger moth),134,24,110,,InterPro:IPR031424
A0A8S0ZMM7,Protein sleepless,Arctia plantaginis (Wood tiger moth),179,24,123,,InterPro:IPR031424
A0A8S0ZMW7,Protein sleepless,Arctia plantaginis (Wood tiger moth),149,20,123,,InterPro:IPR031424
A0A8S0ZMY3,Protein sleepless,Arctia plantaginis (Wood tiger moth),152,26,122,,InterPro:IPR031424
A0A8S0ZNU0,Protein sleepless,Arctia plantaginis (Wood tiger moth),179,20,133,,InterPro:IPR031424
A0A8S0ZRJ7,Protein sleepless,Arctia plantaginis (Wood tiger moth),132,22,111,,InterPro:IPR031424
A0A8S0ZS21,Ig-like domain-containing protein,Arctia plantaginis (Wood tiger moth),521,399,496,,InterPro:IPR031424
A0A8S0ZUP6,Protein sleepless,Arctia plantaginis (Wood tiger moth),139,25,116,,InterPro:IPR031424
A0A8S0ZUV3,UPAR/Ly6 domain-containing protein qvr,Arctia plantaginis (Wood tiger moth),117,7,95,,InterPro:IPR031424
A0A8S1A418,Protein sleepless,Arctia plantaginis (Wood tiger moth),142,24,120,,InterPro:IPR031424
A0A8S1ABR7,Protein sleepless,Arctia plantaginis (Wood tiger moth),163,17,133,,InterPro:IPR031424
A0A8S1AYE2,Protein sleepless,Arctia plantaginis (Wood tiger moth),171,46,146,,InterPro:IPR031424
A0A8S1B2R6,Protein sleepless,Arctia plantaginis (Wood tiger moth),179,24,123,,InterPro:IPR031424
A0A8S1B4C4,Protein sleepless,Arctia plantaginis (Wood tiger moth),134,24,110,,InterPro:IPR031424
A0A8S1B5C6,Protein sleepless,Arctia plantaginis (Wood tiger moth),148,23,126,,InterPro:IPR031424
A0A8S1B5I0,Protein sleepless,Arctia plantaginis (Wood tiger moth),168,24,143,,InterPro:IPR031424
A0A8S1B5R9,Protein sleepless,Arctia plantaginis (Wood tiger moth),149,20,123,,InterPro:IPR031424
A0A8S1BBQ6,Protein sleepless,Arctia plantaginis (Wood tiger moth),142,24,120,,InterPro:IPR031424
A0A8S1BUD3,UPAR/Ly6 domain-containing protein qvr,Arctia plantaginis (Wood tiger moth),203,93,181,,InterPro:IPR031424
A0A8S1BW40,UPAR/Ly6 domain-containing protein qvr,Cloeon dipterum,149,30,118,,InterPro:IPR031424
A0A8S1BWS6,UPAR/Ly6 domain-containing protein qvr,Cloeon dipterum,152,33,121,,InterPro:IPR031424
A0A8S1BZ49,Protein sleepless,Cloeon dipterum,123,30,120,,InterPro:IPR031424
A0A8S1BZH1,UPAR/Ly6 domain-containing protein qvr,Cloeon dipterum,167,48,136,,InterPro:IPR031424
A0A8S1BZQ5,Protein sleepless,Cloeon dipterum,150,26,125,,InterPro:IPR031424
A0A8S1CCR9,Protein sleepless,Cloeon dipterum,220,91,198,,InterPro:IPR031424
A0A8S1CG29,Protein sleepless,Cloeon dipterum,162,35,138,,InterPro:IPR031424
A0A8S1CNQ4,Cytosine-specific methyltransferase,Cloeon dipterum,1261,20,107,,InterPro:IPR031424
A0A8S1CNV0,Protein sleepless,Cloeon dipterum,142,23,117,,InterPro:IPR031424
A0A8S1CQ31,Protein sleepless,Cloeon dipterum,165,28,141,,InterPro:IPR031424
A0A8S1CSE0,Protein sleepless,Cloeon dipterum,157,24,133,,InterPro:IPR031424
A0A8S1CU21,Protein sleepless,Cloeon dipterum,172,21,148,,InterPro:IPR031424
A0A8S1CZR5,Protein sleepless,Cloeon dipterum,150,28,123,,InterPro:IPR031424
A0A8S1D150,Protein sleepless,Cloeon dipterum,144,23,119,,InterPro:IPR031424
A0A8S1D330,Protein sleepless,Cloeon dipterum,143,23,120,,InterPro:IPR031424
A0A8S1D3Y1,Protein sleepless,Cloeon dipterum,170,26,147,,InterPro:IPR031424
A0A8S1D732,Protein quiver,Cloeon dipterum,165,14,132,,InterPro:IPR031424
A0A8S1DAN9,Protein sleepless,Cloeon dipterum,136,20,111,,InterPro:IPR031424
A0A8S1DD50,Protein sleepless,Cloeon dipterum,136,20,111,,InterPro:IPR031424
A0A8S1DEM3,Protein sleepless,Cloeon dipterum,148,18,121,,InterPro:IPR031424
A0A8S1DG25,Protein sleepless,Cloeon dipterum,178,27,145,,InterPro:IPR031424
A0A8S1DGU2,Protein sleepless,Cloeon dipterum,185,27,148,,InterPro:IPR031424
A0A8S1DHR8,Protein quiver,Cloeon dipterum,133,20,102,,InterPro:IPR031424
A0A8S1DL92,Protein sleepless,Cloeon dipterum,171,27,148,,InterPro:IPR031424
A0A8S1DMD2,Protein sleepless,Cloeon dipterum,167,31,140,,InterPro:IPR031424
A0A8S1ELC6,Uncharacterized protein,Caenorhabditis bovis,137,19,107,,InterPro:IPR031424
A0A8S1EQ55,UPAR/Ly6 domain-containing protein qvr,Caenorhabditis bovis,156,23,136,,InterPro:IPR031424
A0A8S1F9V4,Protein sleepless,Caenorhabditis bovis,129,20,109,,InterPro:IPR031424
A0A8S1FEB4,DUF281 domain-containing protein,Caenorhabditis bovis,157,22,140,,InterPro:IPR031424
A0A8S1GUB0,UPAR/Ly6 domain-containing protein,Caenorhabditis auriculariae,125,19,101,,InterPro:IPR031424
A0A8S1GVF1,Activin types I and II receptor domain-containing protein,Caenorhabditis auriculariae,106,32,105,,InterPro:IPR031424
A0A8S1H5R1,Protein sleepless,Caenorhabditis auriculariae,315,170,290,,InterPro:IPR031424
A0A8S1HBP5,UPAR/Ly6 domain-containing protein qvr,Caenorhabditis auriculariae,153,21,134,,InterPro:IPR031424
A0A8S1HKD6,Protein sleepless,Caenorhabditis auriculariae,165,23,143,,InterPro:IPR031424
A0A8S1HLU7,Protein sleepless,Caenorhabditis auriculariae,148,31,126,,InterPro:IPR031424
A0A8S2CNJ5,Uncharacterized protein,Didymodactylos carnosus,136,34,133,,InterPro:IPR031424
A0A8S2FY54,Protein quiver,Didymodactylos carnosus,100,3,97,,InterPro:IPR031424
A0A8S2G0Y9,Protein quiver,Didymodactylos carnosus,118,45,114,,InterPro:IPR031424
A0A8S2GA29,Uncharacterized protein,Didymodactylos carnosus,89,14,85,,InterPro:IPR031424
A0A8S2IE00,Protein quiver,Didymodactylos carnosus,148,33,137,,InterPro:IPR031424
A0A8S2KJM8,Sodefrin-like factor,Rotaria magnacalcarata,90,23,88,,InterPro:IPR031424
A0A8S2M3J7,Protein sleepless,Rotaria magnacalcarata,135,26,106,,InterPro:IPR031424
A0A8S2RAT1,Uncharacterized protein,Rotaria magnacalcarata,73,6,59,,InterPro:IPR031424
A0A8S2REG4,Uncharacterized protein,Rotaria magnacalcarata,72,28,69,,InterPro:IPR031424
A0A8S2TIE6,Protein sleepless,Rotaria magnacalcarata,149,26,137,,InterPro:IPR031424
A0A8S2YUC7,Sodefrin-like factor,Rotaria magnacalcarata,109,23,95,,InterPro:IPR031424
A0A8S3F5V0,Protein sleepless,Rotaria magnacalcarata,117,6,88,,InterPro:IPR031424
A0A8S3GQ78,Uncharacterized protein,Rotaria magnacalcarata,72,28,68,,InterPro:IPR031424
A0A8S3IM85,Protein sleepless,Rotaria magnacalcarata,142,23,111,,InterPro:IPR031424
A0A8S3J180,Uncharacterized protein,Rotaria magnacalcarata,102,23,93,,InterPro:IPR031424
A0A8S3JAS9,Uncharacterized protein,Rotaria magnacalcarata,85,6,73,,InterPro:IPR031424
A0A8S3QU04,UPAR/Ly6 domain-containing protein qvr,Mytilus edulis (Blue mussel),153,38,126,,InterPro:IPR031424
A0A8S3R0U1,Protein sleepless,Mytilus edulis (Blue mussel),161,20,135,,InterPro:IPR031424
A0A8S3S9U9,UPAR/Ly6 domain-containing protein qvr,Mytilus edulis (Blue mussel),312,56,132,,InterPro:IPR031424
A0A8S3S9U9,UPAR/Ly6 domain-containing protein qvr,Mytilus edulis (Blue mussel),312,192,287,,InterPro:IPR031424
A0A8S3T214,UPAR/Ly6 domain-containing protein qvr,Mytilus edulis (Blue mussel),376,137,232,,InterPro:IPR031424
A0A8S3T214,UPAR/Ly6 domain-containing protein qvr,Mytilus edulis (Blue mussel),376,27,97,,InterPro:IPR031424
A0A8S3TH33,Protein sleepless,Mytilus edulis (Blue mussel),177,24,147,,InterPro:IPR031424
A0A8S3UVL6,Protein quiver,Mytilus edulis (Blue mussel),152,46,128,,InterPro:IPR031424
A0A8S3UY20,Protein sleepless,Mytilus edulis (Blue mussel),177,24,147,,InterPro:IPR031424
A0A8S3W5R2,Protein sleepless,Parnassius apollo (Apollo butterfly),133,22,112,,InterPro:IPR031424
A0A8S3W5U3,Bromo domain-containing protein,Parnassius apollo (Apollo butterfly),1229,21,115,,InterPro:IPR031424
A0A8S3W679,DDE Tnp4 domain-containing protein,Parnassius apollo (Apollo butterfly),865,531,630,,InterPro:IPR031424
A0A8S3W6H8,Protein Wnt,Parnassius apollo (Apollo butterfly),877,531,630,,InterPro:IPR031424
A0A8S3WAH5,UPAR/Ly6 domain-containing protein qvr,Parnassius apollo (Apollo butterfly),160,48,136,,InterPro:IPR031424
A0A8S3X143,Protein sleepless,Parnassius apollo (Apollo butterfly),139,25,116,,InterPro:IPR031424
A0A8S3XE77,Protein sleepless,Parnassius apollo (Apollo butterfly),149,23,127,,InterPro:IPR031424
A0A8S3XGN9,Protein quiver,Parnassius apollo (Apollo butterfly),150,24,123,,InterPro:IPR031424
A0A8S3XHG9,Protein sleepless,Parnassius apollo (Apollo butterfly),178,24,123,,InterPro:IPR031424
A0A8S3XHM2,Protein sleepless,Parnassius apollo (Apollo butterfly),162,24,137,,InterPro:IPR031424
A0A8S3XKS2,Protein sleepless,Parnassius apollo (Apollo butterfly),148,19,121,,InterPro:IPR031424
A0A8S3XPG0,Protein sleepless,Parnassius apollo (Apollo butterfly),165,28,138,,InterPro:IPR031424
A0A8S3XZW0,Protein sleepless,Parnassius apollo (Apollo butterfly),159,24,137,,InterPro:IPR031424
A0A8S3Y2Y4,Protein sleepless,Parnassius apollo (Apollo butterfly),171,25,141,,InterPro:IPR031424
A0A8S3Y403,Protein sleepless,Parnassius apollo (Apollo butterfly),146,26,124,,InterPro:IPR031424
A0A8S3Y4M9,Protein sleepless,Parnassius apollo (Apollo butterfly),156,32,131,,InterPro:IPR031424
A0A8S3Y7I2,Protein sleepless,Parnassius apollo (Apollo butterfly),149,26,123,,InterPro:IPR031424
A0A8S3Y7Z0,Protein sleepless,Parnassius apollo (Apollo butterfly),162,24,137,,InterPro:IPR031424
A0A8S3YAD2,Protein sleepless,Parnassius apollo (Apollo butterfly),161,23,136,,InterPro:IPR031424
A0A8S3YII3,Protein quiver,Candidula unifasciata,157,39,122,,InterPro:IPR031424
A0A8S3YR23,Protein sleepless,Candidula unifasciata,163,32,129,,InterPro:IPR031424
A0A8S3YS10,Protein sleepless,Candidula unifasciata,119,3,93,,InterPro:IPR031424
A0A8S3Z1K3,Protein quiver,Candidula unifasciata,140,20,111,,InterPro:IPR031424
A0A8S3Z3J5,Protein sleepless,Candidula unifasciata,165,32,130,,InterPro:IPR031424
A0A8S3Z6E9,Protein quiver,Candidula unifasciata,107,23,106,,InterPro:IPR031424
A0A8S3ZD21,Protein sleepless,Candidula unifasciata,113,1,89,,InterPro:IPR031424
A0A8S3ZNF2,Protein quiver,Candidula unifasciata,152,22,125,,InterPro:IPR031424
A0A8S3ZSW9,Protein sleepless,Candidula unifasciata,116,3,87,,InterPro:IPR031424
A0A8S3ZY21,Protein quiver,Candidula unifasciata,150,3,113,,InterPro:IPR031424
A0A8S3ZZ99,Protein sleepless,Candidula unifasciata,143,35,117,,InterPro:IPR031424
A0A8S4A3I3,Protein sleepless,Candidula unifasciata,122,1,93,,InterPro:IPR031424
A0A8S4A5E5,Protein quiver,Candidula unifasciata,144,24,116,,InterPro:IPR031424
A0A8S4ABS7,UPAR/Ly6 domain-containing protein qvr,Candidula unifasciata,126,3,99,,InterPro:IPR031424
A0A8S4CZF7,Protein sleepless,Plutella xylostella (Diamondback moth),156,20,132,,InterPro:IPR031424
A0A8S4D6U0,Protein sleepless,Plutella xylostella (Diamondback moth),150,26,123,,InterPro:IPR031424
A0A8S4E7J0,Protein sleepless,Plutella xylostella (Diamondback moth),224,84,199,,InterPro:IPR031424
A0A8S4E7W1,Protein sleepless,Plutella xylostella (Diamondback moth),147,23,125,,InterPro:IPR031424
A0A8S4E8L1,Protein sleepless,Plutella xylostella (Diamondback moth),141,25,115,,InterPro:IPR031424
A0A8S4E8V8,Protein sleepless,Plutella xylostella (Diamondback moth),150,24,123,,InterPro:IPR031424
A0A8S4FLZ9,Protein sleepless,Plutella xylostella (Diamondback moth),138,21,116,,InterPro:IPR031424
A0A8S4FNJ7,Protein sleepless,Plutella xylostella (Diamondback moth),144,23,118,,InterPro:IPR031424
A0A8S4FQ02,Protein sleepless,Plutella xylostella (Diamondback moth),135,24,113,,InterPro:IPR031424
A0A8S4FR59,Protein sleepless,Plutella xylostella (Diamondback moth),151,24,124,,InterPro:IPR031424
A0A8S4G196,UPAR/Ly6 domain-containing protein qvr,Plutella xylostella (Diamondback moth),157,48,136,,InterPro:IPR031424
A0A8S4G3E9,Protein sleepless,Plutella xylostella (Diamondback moth),140,23,114,,InterPro:IPR031424
A0A8S4G947,Protein sleepless,Plutella xylostella (Diamondback moth),163,25,135,,InterPro:IPR031424
A0A8S4GBM8,Protein sleepless,Plutella xylostella (Diamondback moth),114,22,108,,InterPro:IPR031424
A0A8S4N0F0,UPAR/Ly6 domain-containing protein qvr,Owenia fusiformis (Polychaete worm),233,59,147,,InterPro:IPR031424
A0A8S4N0L1,Protein quiver,Owenia fusiformis (Polychaete worm),246,72,160,,InterPro:IPR031424
A0A8S4N1C8,Protein quiver,Owenia fusiformis (Polychaete worm),167,48,138,,InterPro:IPR031424
A0A8S4NYL5,Protein quiver,Owenia fusiformis (Polychaete worm),178,49,154,,InterPro:IPR031424
A0A8S4PLX9,Protein sleepless,Owenia fusiformis (Polychaete worm),142,14,116,,InterPro:IPR031424
A0A8S4PP40,Protein sleepless,Owenia fusiformis (Polychaete worm),144,28,119,,InterPro:IPR031424
A0A8S4PSN7,Protein sleepless,Owenia fusiformis (Polychaete worm),151,42,130,,InterPro:IPR031424
A0A8S4PUQ2,Protein sleepless,Owenia fusiformis (Polychaete worm),194,92,172,,InterPro:IPR031424
A0A8S4PUQ9,Protein quiver,Owenia fusiformis (Polychaete worm),149,21,127,,InterPro:IPR031424
A0A8S4PUX0,Protein sleepless,Owenia fusiformis (Polychaete worm),288,186,266,,InterPro:IPR031424
A0A8S4PUX0,Protein sleepless,Owenia fusiformis (Polychaete worm),288,21,130,,InterPro:IPR031424
A0A8S4PVE8,Protein quiver,Owenia fusiformis (Polychaete worm),187,67,162,,InterPro:IPR031424
A0A8S4PVG0,Protein sleepless,Owenia fusiformis (Polychaete worm),175,73,153,,InterPro:IPR031424
A0A8S4PWZ4,Protein quiver,Owenia fusiformis (Polychaete worm),257,125,235,,InterPro:IPR031424
A0A8S4R2T9,UPAR/Ly6 domain-containing protein qvr,Pararge aegeria aegeria,143,32,120,,InterPro:IPR031424
A0A8S4RK30,Protein sleepless,Pararge aegeria aegeria,159,20,133,,InterPro:IPR031424
A0A8S4RKI3,Protein sleepless,Pararge aegeria aegeria,135,11,108,,InterPro:IPR031424
A0A8S4RNZ6,Protein sleepless,Pararge aegeria aegeria,140,26,116,,InterPro:IPR031424
A0A8S4RWH0,Protein sleepless,Pararge aegeria aegeria,90,13,63,,InterPro:IPR031424
A0A8S4RZ64,Protein sleepless,Pararge aegeria aegeria,158,33,134,,InterPro:IPR031424
A0A8S4S0Q3,Protein sleepless,Pararge aegeria aegeria,132,22,111,,InterPro:IPR031424
A0A8S4S1H2,Protein sleepless,Pararge aegeria aegeria,148,23,124,,InterPro:IPR031424
A0A8S4SAU6,Protein sleepless,Pararge aegeria aegeria,133,8,111,,InterPro:IPR031424
A0A8S4SG31,Protein sleepless,Pararge aegeria aegeria,140,23,115,,InterPro:IPR031424
A0A8S4SK25,Protein sleepless,Pararge aegeria aegeria,146,23,122,,InterPro:IPR031424
A0A8S4SLK8,Protein sleepless,Pararge aegeria aegeria,149,20,122,,InterPro:IPR031424
A0A8S4SLP4,Protein sleepless,Pararge aegeria aegeria,217,82,192,,InterPro:IPR031424
A0A8S9X752,UPAR/Ly6 domain-containing protein qvr,Apolygus lucorum (Small green plant bug),114,3,91,,InterPro:IPR031424
A0A8S9X9T9,UPAR/Ly6 domain-containing protein qvr,Apolygus lucorum (Small green plant bug),225,114,202,,InterPro:IPR031424
A0A8S9XJM5,Protein sleepless,Apolygus lucorum (Small green plant bug),152,35,131,,InterPro:IPR031424
A0A8S9XZG8,Protein sleepless,Apolygus lucorum (Small green plant bug),198,77,173,,InterPro:IPR031424
A0A8S9XZY8,Protein sleepless,Apolygus lucorum (Small green plant bug),266,143,239,,InterPro:IPR031424
A0A8S9YIE0,Protein quiver,Paragonimus skrjabini miyazakii,138,21,110,,InterPro:IPR031424
A0A8S9YKJ5,Protein quiver,Paragonimus skrjabini miyazakii,147,33,120,,InterPro:IPR031424
A0A8S9YNF2,Protein sleepless,Paragonimus skrjabini miyazakii,157,24,123,,InterPro:IPR031424
A0A8S9YSC7,Uncharacterized protein,Paragonimus skrjabini miyazakii,72,24,66,,InterPro:IPR031424
A0A8S9YWE6,Uncharacterized protein,Paragonimus skrjabini miyazakii,156,30,125,,InterPro:IPR031424
A0A8S9YWX2,Protein quiver,Paragonimus skrjabini miyazakii,145,29,116,,InterPro:IPR031424
A0A8S9Z598,Protein quiver,Paragonimus skrjabini miyazakii,178,44,153,,InterPro:IPR031424
A0A8S9ZSS3,Protein sleepless,Meloidogyne graminicola,156,24,134,,InterPro:IPR031424
A0A8T0D232,Protein quiver,Paragonimus westermani,206,73,172,,InterPro:IPR031424
A0A8T0D6Y1,UPAR/Ly6 domain-containing protein qvr,Paragonimus westermani,147,33,120,,InterPro:IPR031424
A0A8T0D7S6,Protein quiver,Paragonimus westermani,155,30,125,,InterPro:IPR031424
A0A8T0DF13,Protein sleepless,Paragonimus westermani,136,20,106,,InterPro:IPR031424
A0A8T0DH38,Protein quiver,Paragonimus westermani,188,37,160,,InterPro:IPR031424
A0A8T0DHB1,Protein quiver,Paragonimus westermani,173,39,148,,InterPro:IPR031424
A0A8T0DPH1,Protein quiver,Paragonimus westermani,145,29,116,,InterPro:IPR031424
A0A8T0DRZ7,Protein sleepless,Paragonimus westermani,123,6,95,,InterPro:IPR031424
A0A8T0DWI3,UPAR/Ly6 domain-containing protein qvr,Paragonimus westermani,140,20,116,,InterPro:IPR031424
A0A8T0E2U4,Protein sleepless,Argiope bruennichi (Wasp spider),142,25,118,,InterPro:IPR031424
A0A8T0EAA5,Protein sleepless,Argiope bruennichi (Wasp spider),143,24,111,,InterPro:IPR031424
A0A8T0EB33,Protein sleepless,Argiope bruennichi (Wasp spider),149,29,123,,InterPro:IPR031424
A0A8T0EBF7,Protein quiver,Argiope bruennichi (Wasp spider),98,10,70,,InterPro:IPR031424
A0A8T0EZ89,Protein sleepless,Argiope bruennichi (Wasp spider),140,23,112,,InterPro:IPR031424
A0A8T0F3D8,Protein sleepless,Argiope bruennichi (Wasp spider),139,24,113,,InterPro:IPR031424
A0A8T0F4J4,Protein sleepless,Argiope bruennichi (Wasp spider),158,18,130,,InterPro:IPR031424
A0A8T0F4Q4,Protein quiver,Argiope bruennichi (Wasp spider),133,17,106,,InterPro:IPR031424
A0A8T0FAV0,Protein sleepless,Argiope bruennichi (Wasp spider),150,28,120,,InterPro:IPR031424
A0A8T0FFF9,Protein sleepless,Argiope bruennichi (Wasp spider),166,23,120,,InterPro:IPR031424
A0A8T0FJ16,Protein quiver,Argiope bruennichi (Wasp spider),140,24,117,,InterPro:IPR031424
A0A8T0FLR8,Protein quiver,Argiope bruennichi (Wasp spider),172,39,148,,InterPro:IPR031424
A0A8T0FNV1,UPAR/Ly6 domain-containing protein qvr,Argiope bruennichi (Wasp spider),157,42,130,,InterPro:IPR031424
A0A8T0FS30,UPAR/Ly6 domain-containing protein qvr,Argiope bruennichi (Wasp spider),159,38,125,,InterPro:IPR031424
A0A8T0FUT7,UPAR/Ly6 domain-containing protein qvr,Argiope bruennichi (Wasp spider),144,34,121,,InterPro:IPR031424
A0A8T0FUZ5,Protein sleepless,Argiope bruennichi (Wasp spider),166,46,139,,InterPro:IPR031424
A0A8T0FWJ8,Protein sleepless,Argiope bruennichi (Wasp spider),167,47,140,,InterPro:IPR031424
A0A8T0FWS3,Protein sleepless,Argiope bruennichi (Wasp spider),141,25,118,,InterPro:IPR031424
A0A8T1LY16,Protein quiver,Clonorchis sinensis (Chinese liver fluke),231,21,115,,InterPro:IPR031424
A0A8T1M1L4,Protein sleepless,Clonorchis sinensis (Chinese liver fluke),149,33,120,,InterPro:IPR031424
A0A8T1M8T9,Protein quiver,Clonorchis sinensis (Chinese liver fluke),172,21,143,,InterPro:IPR031424
A0A8T1MZQ9,UPAR/Ly6 domain-containing protein qvr,Clonorchis sinensis (Chinese liver fluke),148,20,116,,InterPro:IPR031424
A0A8T1N3V4,Protein sleepless,Clonorchis sinensis (Chinese liver fluke),129,19,106,,InterPro:IPR031424
A0A8U0WK74,Protein sleepless,Glossina fuscipes fuscipes (Riverine tsetse fly),147,23,124,,InterPro:IPR031424
A0A8U0WKW1,Protein sleepless,Glossina fuscipes fuscipes (Riverine tsetse fly),145,31,132,,InterPro:IPR031424
A0A8U0WLU1,Protein sleepless,Glossina fuscipes fuscipes (Riverine tsetse fly),151,24,123,,InterPro:IPR031424
A0A8U0WLW9,Protein sleepless,Glossina fuscipes fuscipes (Riverine tsetse fly),152,26,129,,InterPro:IPR031424
A0A8U0WN12,Protein sleepless,Glossina fuscipes fuscipes (Riverine tsetse fly),144,23,119,,InterPro:IPR031424
A0A8U0WN55,Protein sleepless,Glossina fuscipes fuscipes (Riverine tsetse fly),153,22,125,,InterPro:IPR031424
A0A8W7I0R9,Protein quiver,Aedes aegypti (Yellowfever mosquito),166,25,134,,InterPro:IPR031424
A0A8W7JAW5,Protein sleepless,Anopheles albimanus (New world malaria mosquito),131,11,108,,InterPro:IPR031424
A0A8W7K6C8,Protein sleepless,Anopheles albimanus (New world malaria mosquito),151,26,125,,InterPro:IPR031424
A0A8W7K889,Protein sleepless,Anopheles albimanus (New world malaria mosquito),160,28,136,,InterPro:IPR031424
A0A8W7P353,Protein sleepless,Anopheles coluzzii (African malaria mosquito),149,20,123,,InterPro:IPR031424
A0A8W7P5X7,Protein sleepless,Anopheles coluzzii (African malaria mosquito),198,75,164,,InterPro:IPR031424
A0A8W7PDP2,UPAR/Ly6 domain-containing protein qvr,Anopheles coluzzii (African malaria mosquito),145,21,109,,InterPro:IPR031424
A0A8W7PEN4,Protein sleepless,Anopheles coluzzii (African malaria mosquito),172,24,139,,InterPro:IPR031424
A0A8W7PFD4,Protein sleepless,Anopheles coluzzii (African malaria mosquito),135,9,111,,InterPro:IPR031424
A0A8W7PRZ9,Protein quiver,Anopheles coluzzii (African malaria mosquito),209,53,163,,InterPro:IPR031424
A0A8W7PVR1,Protein sleepless,Anopheles coluzzii (African malaria mosquito),146,5,118,,InterPro:IPR031424
A0A8W7Q2D0,Protein sleepless,Anopheles coluzzii (African malaria mosquito),166,33,129,,InterPro:IPR031424
A0A8W7Q3F5,Protein sleepless,Anopheles coluzzii (African malaria mosquito),153,12,120,,InterPro:IPR031424
A0A8W8I0U2,Protein quiver,Magallana gigas (Pacific oyster),201,78,175,,InterPro:IPR031424
A0A8W8I3W4,Protein sleepless,Magallana gigas (Pacific oyster),135,21,109,,InterPro:IPR031424
A0A8W8IM07,Cytochrome P450 1A1,Magallana gigas (Pacific oyster),648,514,624,,InterPro:IPR031424
A0A8W8IMB1,Uncharacterized protein,Magallana gigas (Pacific oyster),639,505,615,,InterPro:IPR031424
A0A8W8J6H0,Protein quiver,Magallana gigas (Pacific oyster),125,9,100,,InterPro:IPR031424
A0A8W8J7X5,Protein quiver,Magallana gigas (Pacific oyster),147,31,122,,InterPro:IPR031424
A0A8W8J9Z5,Protein sleepless,Magallana gigas (Pacific oyster),144,28,119,,InterPro:IPR031424
A0A8W8K0G1,UPAR/Ly6 domain-containing protein qvr,Magallana gigas (Pacific oyster),151,31,126,,InterPro:IPR031424
A0A8W8K4J3,UPAR/Ly6 domain-containing protein qvr,Magallana gigas (Pacific oyster),139,23,111,,InterPro:IPR031424
A0A8W8K6C2,Protein quiver,Magallana gigas (Pacific oyster),95,1,67,,InterPro:IPR031424
A0A8W8KQ87,Protein sleepless,Magallana gigas (Pacific oyster),120,13,94,,InterPro:IPR031424
A0A8W8KTW9,Protein sleepless,Magallana gigas (Pacific oyster),129,22,103,,InterPro:IPR031424
A0A8W8KWF7,Protein quiver,Magallana gigas (Pacific oyster),150,23,122,,InterPro:IPR031424
A0A8W8KXG7,Protein quiver,Magallana gigas (Pacific oyster),137,22,113,,InterPro:IPR031424
A0A8W8L174,Protein sleepless,Magallana gigas (Pacific oyster),137,22,113,,InterPro:IPR031424
A0A8W8LX96,Protein sleepless,Magallana gigas (Pacific oyster),145,25,122,,InterPro:IPR031424
A0A8W8MHI3,Protein sleepless,Magallana gigas (Pacific oyster),150,37,121,,InterPro:IPR031424
A0A8W8MTC1,Protein quiver,Magallana gigas (Pacific oyster),133,11,108,,InterPro:IPR031424
A0A8W8MVA7,Protein sleepless,Magallana gigas (Pacific oyster),152,22,125,,InterPro:IPR031424
A0A8W8N085,Protein quiver,Magallana gigas (Pacific oyster),145,15,118,,InterPro:IPR031424
A0A8W8N0C8,Protein sleepless,Magallana gigas (Pacific oyster),136,22,112,,InterPro:IPR031424
A0A8W8N111,Protein sleepless,Magallana gigas (Pacific oyster),144,23,114,,InterPro:IPR031424
A0A8W8N2K3,Protein sleepless,Magallana gigas (Pacific oyster),126,5,99,,InterPro:IPR031424
A0A8W8N454,Protein sleepless,Magallana gigas (Pacific oyster),146,24,121,,InterPro:IPR031424
A0A8W8N4J8,UPAR/Ly6 domain-containing protein qvr,Magallana gigas (Pacific oyster),149,30,118,,InterPro:IPR031424
A0A8W8N4K7,UPAR/Ly6 domain-containing protein qvr,Magallana gigas (Pacific oyster),147,36,123,,InterPro:IPR031424
A0A8W8N6L5,Protein sleepless,Magallana gigas (Pacific oyster),181,51,154,,InterPro:IPR031424
A0A8W8NB98,Small EDRK-rich factor-like N-terminal domain-containing protein,Magallana gigas (Pacific oyster),205,30,88,,InterPro:IPR031424
A0A8W8NKT0,Protein sleepless,Magallana gigas (Pacific oyster),152,30,117,,InterPro:IPR031424
A0A8W8NPJ4,Protein sleepless,Magallana gigas (Pacific oyster),144,30,117,,InterPro:IPR031424
A0A8X6F8V2,Protein sleepless,Trichonephila clavata (Joro spider),149,29,123,,InterPro:IPR031424
A0A8X6FKB6,Protein quiver,Trichonephila clavata (Joro spider),193,60,169,,InterPro:IPR031424
A0A8X6G0Z2,Protein sleepless,Trichonephila clavata (Joro spider),141,24,113,,InterPro:IPR031424
A0A8X6G344,Protein sleepless,Trichonephila clavata (Joro spider),141,14,113,,InterPro:IPR031424
A0A8X6G371,Protein sleepless,Trichonephila clavata (Joro spider),171,28,120,,InterPro:IPR031424
A0A8X6G4B9,Protein sleepless,Trichonephila clavata (Joro spider),188,72,161,,InterPro:IPR031424
A0A8X6GG42,RNA-directed DNA polymerase,Trichonephila clavata (Joro spider),366,248,340,,InterPro:IPR031424
A0A8X6GJT0,Protein sleepless,Trichonephila clavata (Joro spider),151,8,117,,InterPro:IPR031424
A0A8X6H9J0,Protein sleepless,Trichonephila clavata (Joro spider),141,25,118,,InterPro:IPR031424
A0A8X6HAH0,Protein sleepless,Trichonephila clavata (Joro spider),145,25,118,,InterPro:IPR031424
A0A8X6HB97,Protein sleepless,Trichonephila clavata (Joro spider),146,30,117,,InterPro:IPR031424
A0A8X6HKT7,Protein quiver,Trichonephila clavata (Joro spider),158,18,130,,InterPro:IPR031424
A0A8X6I1I9,UPAR/Ly6 domain-containing protein qvr,Trichonephila clavata (Joro spider),148,29,116,,InterPro:IPR031424
A0A8X6II63,Protein sleepless,Nephila pilipes (Giant wood spider),130,3,102,,InterPro:IPR031424
A0A8X6INP9,Protein sleepless,Trichonephila inaurata madagascariensis,145,25,118,,InterPro:IPR031424
A0A8X6IPT3,Protein sleepless,Trichonephila clavata (Joro spider),145,23,120,,InterPro:IPR031424
A0A8X6J080,Protein sleepless,Trichonephila clavata (Joro spider),152,22,125,,InterPro:IPR031424
A0A8X6KDD5,Protein sleepless,Trichonephila clavata (Joro spider),126,3,96,,InterPro:IPR031424
A0A8X6KNZ1,UPAR/Ly6 domain-containing protein qvr,Trichonephila clavata (Joro spider),153,34,121,,InterPro:IPR031424
A0A8X6KSA8,Protein quiver,Trichonephila clavata (Joro spider),187,71,160,,InterPro:IPR031424
A0A8X6LCC9,RNA-directed DNA polymerase,Trichonephila clavata (Joro spider),362,248,336,,InterPro:IPR031424
A0A8X6LTT8,Protein quiver,Trichonephila clavata (Joro spider),140,24,117,,InterPro:IPR031424
A0A8X6MHC5,Protein sleepless,Trichonephila inaurata madagascariensis,152,36,125,,InterPro:IPR031424
A0A8X6MMN2,UPAR/Ly6 domain-containing protein qvr,Nephila pilipes (Giant wood spider),153,34,121,,InterPro:IPR031424
A0A8X6MMN4,UPAR/Ly6 domain-containing protein qvr,Nephila pilipes (Giant wood spider),155,36,123,,InterPro:IPR031424
A0A8X6MWX2,Protein sleepless,Nephila pilipes (Giant wood spider),145,25,118,,InterPro:IPR031424
A0A8X6MX37,Protein sleepless,Nephila pilipes (Giant wood spider),140,25,118,,InterPro:IPR031424
A0A8X6NGK1,Uncharacterized protein,Nephila pilipes (Giant wood spider),55,6,55,,InterPro:IPR031424
A0A8X6NHF1,Protein quiver,Nephila pilipes (Giant wood spider),211,95,184,,InterPro:IPR031424
A0A8X6NJ46,Protein sleepless,Nephila pilipes (Giant wood spider),187,54,163,,InterPro:IPR031424
A0A8X6NV55,Protein sleepless,Nephila pilipes (Giant wood spider),149,19,122,,InterPro:IPR031424
A0A8X6P1P0,Protein sleepless,Nephila pilipes (Giant wood spider),142,23,110,,InterPro:IPR031424
A0A8X6PWT4,Protein sleepless,Nephila pilipes (Giant wood spider),177,34,143,,InterPro:IPR031424
A0A8X6QET4,Protein sleepless,Nephila pilipes (Giant wood spider),130,3,102,,InterPro:IPR031424
A0A8X6QH41,UPAR/Ly6 domain-containing protein qvr,Nephila pilipes (Giant wood spider),157,42,130,,InterPro:IPR031424
A0A8X6QNL6,Protein sleepless,Nephila pilipes (Giant wood spider),165,49,138,,InterPro:IPR031424
A0A8X6QSW1,Protein sleepless,Nephila pilipes (Giant wood spider),141,24,113,,InterPro:IPR031424
A0A8X6R391,Protein sleepless,Nephila pilipes (Giant wood spider),146,23,120,,InterPro:IPR031424
A0A8X6T1T9,UPAR/Ly6 domain-containing protein qvr,Nephila pilipes (Giant wood spider),152,34,120,,InterPro:IPR031424
A0A8X6U0P7,Protein sleepless,Nephila pilipes (Giant wood spider),146,28,120,,InterPro:IPR031424
A0A8X6ULC1,Protein sleepless,Nephila pilipes (Giant wood spider),171,28,120,,InterPro:IPR031424
A0A8X6ULV5,Protein sleepless,Nephila pilipes (Giant wood spider),146,23,116,,InterPro:IPR031424
A0A8X6VL31,Protein sleepless,Trichonephila clavipes (Golden silk orbweaver),141,24,113,,InterPro:IPR031424
A0A8X6WMA8,Protein sleepless,Trichonephila inaurata madagascariensis,145,23,120,,InterPro:IPR031424
A0A8X6WW84,Costars domain-containing protein,Trichonephila inaurata madagascariensis,339,19,112,,InterPro:IPR031424
A0A8X6YBQ7,Protein sleepless,Trichonephila inaurata madagascariensis,171,28,120,,InterPro:IPR031424
A0A8X6YNE7,Protein sleepless,Trichonephila inaurata madagascariensis,135,12,105,,InterPro:IPR031424
A0A8X6YQH9,Protein quiver,Trichonephila inaurata madagascariensis,158,18,130,,InterPro:IPR031424
A0A8X6YXL5,Protein sleepless,Trichonephila inaurata madagascariensis,146,30,117,,InterPro:IPR031424
A0A8X7BS92,UPAR/Ly6 domain-containing protein qvr,Trichonephila inaurata madagascariensis,163,44,131,,InterPro:IPR031424
A0A8X7BTT2,Protein sleepless,Trichonephila inaurata madagascariensis,151,24,123,,InterPro:IPR031424
A0A8X7BUB6,Protein sleepless,Trichonephila inaurata madagascariensis,149,29,123,,InterPro:IPR031424
A0A8X7BV50,Protein sleepless,Trichonephila inaurata madagascariensis,141,24,113,,InterPro:IPR031424
A0A8X7C1B9,Uncharacterized protein,Trichonephila inaurata madagascariensis,221,105,194,,InterPro:IPR031424
A0A8X7C7H7,Protein sleepless,Trichonephila inaurata madagascariensis,124,6,98,,InterPro:IPR031424
A0A8X7C916,Protein sleepless,Trichonephila inaurata madagascariensis,193,75,167,,InterPro:IPR031424
A0A8X7CK07,Protein sleepless,Trichonephila inaurata madagascariensis,151,8,117,,InterPro:IPR031424
A0A8X7CMT7,Protein sleepless,Trichonephila inaurata madagascariensis,83,24,75,,InterPro:IPR031424
A0A8X7CQT2,Protein quiver,Trichonephila inaurata madagascariensis,148,15,124,,InterPro:IPR031424
A0A903U000,Protein sleepless,Aedes aegypti (Yellowfever mosquito),151,26,125,,InterPro:IPR031424
A0A913Z1G1,Protein quiver,Patiria miniata (Bat star),147,20,123,,InterPro:IPR031424
A0A913ZMR6,Protein quiver,Patiria miniata (Bat star),135,26,107,,InterPro:IPR031424
A0A913ZNE9,DUF753 domain-containing protein,Patiria miniata (Bat star),231,21,103,,InterPro:IPR031424
A0A914AMV4,Protein sleepless,Patiria miniata (Bat star),200,51,172,,InterPro:IPR031424
A0A914ARZ5,Protein sleepless,Patiria miniata (Bat star),172,22,149,,InterPro:IPR031424
A0A914AYM3,Uncharacterized protein,Patiria miniata (Bat star),134,19,110,,InterPro:IPR031424
A0A914B2E7,Uncharacterized protein,Patiria miniata (Bat star),134,19,110,,InterPro:IPR031424
A0A914B444,UPAR/Ly6 domain-containing protein,Patiria miniata (Bat star),136,19,112,,InterPro:IPR031424
A0A914B468,UPAR/Ly6 domain-containing protein,Patiria miniata (Bat star),174,19,112,,InterPro:IPR031424
A0A914B521,UPAR/Ly6 domain-containing protein,Patiria miniata (Bat star),134,19,110,,InterPro:IPR031424
A0A914B6V2,Protein sleepless,Patiria miniata (Bat star),160,10,137,,InterPro:IPR031424
A0A914BQ95,Protein quiver,Patiria miniata (Bat star),182,27,154,,InterPro:IPR031424
A0A914BR59,Protein sleepless,Patiria miniata (Bat star),179,24,151,,InterPro:IPR031424
A0A914CTP8,Uncharacterized protein,Acrobeloides nanus,244,134,223,,InterPro:IPR031424
A0A914DLT9,Uncharacterized protein,Acrobeloides nanus,236,126,215,,InterPro:IPR031424
A0A914E4N2,Uncharacterized protein,Acrobeloides nanus,265,2,122,,InterPro:IPR031424
A0A914FXI8,Uncharacterized protein,Panagrolaimus sp. ES5,147,31,137,,InterPro:IPR031424
A0A914GRQ3,Protein quiver,Globodera rostochiensis (Golden nematode worm),244,100,216,,InterPro:IPR031424
A0A914GW34,ER membrane protein complex subunit 4,Globodera rostochiensis (Golden nematode worm),371,242,334,,InterPro:IPR031424
A0A914HBG5,UPAR/Ly6 domain-containing protein qvr,Globodera rostochiensis (Golden nematode worm),173,30,146,,InterPro:IPR031424
A0A914HEA5,Uncharacterized protein,Globodera rostochiensis (Golden nematode worm),396,30,137,,InterPro:IPR031424
A0A914HEV0,Uncharacterized protein,Globodera rostochiensis (Golden nematode worm),394,30,135,,InterPro:IPR031424
A0A914IJ10,UPAR/Ly6 domain-containing protein qvr,Panagrolaimus sp. JU765,209,74,187,,InterPro:IPR031424
A0A914JFL8,Uncharacterized protein,Panagrolaimus sp. JU765,175,49,151,,InterPro:IPR031424
A0A914JGK2,Protein quiver,Panagrolaimus sp. JU765,190,51,167,,InterPro:IPR031424
A0A914JGZ3,Protein quiver,Panagrolaimus sp. JU765,170,31,147,,InterPro:IPR031424
A0A914KNZ2,Protein quiver,Meloidogyne incognita (Southern root-knot nematode),98,3,72,,InterPro:IPR031424
A0A914KPZ4,Protein quiver,Meloidogyne incognita (Southern root-knot nematode),98,3,72,,InterPro:IPR031424
A0A914LA51,Protein sleepless,Meloidogyne incognita (Southern root-knot nematode),133,20,107,,InterPro:IPR031424
A0A914LD27,Protein quiver,Meloidogyne incognita (Southern root-knot nematode),190,63,164,,InterPro:IPR031424
A0A914LZW8,Protein sleepless,Meloidogyne incognita (Southern root-knot nematode),134,20,107,,InterPro:IPR031424
A0A914MJQ6,Protein quiver,Meloidogyne incognita (Southern root-knot nematode),164,37,138,,InterPro:IPR031424
A0A914NKS4,Protein sleepless,Meloidogyne incognita (Southern root-knot nematode),131,4,105,,InterPro:IPR031424
A0A914SMJ0,Protein quiver,Panagrolaimus sp. PS1159,187,42,158,,InterPro:IPR031424
A0A914T6X3,Uncharacterized protein,Panagrolaimus sp. PS1159,283,159,259,,InterPro:IPR031424
A0A914T9K7,Protein sleepless,Panagrolaimus sp. PS1159,93,3,71,,InterPro:IPR031424
A0A914TMC9,Uncharacterized protein,Panagrolaimus sp. PS1159,96,28,94,,InterPro:IPR031424
A0A914UR52,Uncharacterized protein,Plectus sambesii,223,65,198,,InterPro:IPR031424
A0A914VBS3,Protein sleepless,Plectus sambesii,165,21,140,,InterPro:IPR031424
A0A914W4W4,Protein quiver,Plectus sambesii,219,44,173,,InterPro:IPR031424
A0A914W7U5,Protein sleepless,Plectus sambesii,146,31,123,,InterPro:IPR031424
A0A914W819,UPAR/Ly6 domain-containing protein qvr,Plectus sambesii,163,39,131,,InterPro:IPR031424
A0A914WJK0,Uncharacterized protein,Plectus sambesii,197,20,145,,InterPro:IPR031424
A0A914WPV5,Uncharacterized protein,Plectus sambesii,120,31,108,,InterPro:IPR031424
A0A914WRD0,UPAR/Ly6 domain-containing protein qvr,Plectus sambesii,169,31,144,,InterPro:IPR031424
A0A914WY03,UPAR/Ly6 domain-containing protein qvr,Plectus sambesii,188,48,162,,InterPro:IPR031424
A0A914WZU6,Uncharacterized protein,Plectus sambesii,183,27,149,,InterPro:IPR031424
A0A914X0J0,UPAR/Ly6 domain-containing protein qvr,Plectus sambesii,131,28,106,,InterPro:IPR031424
A0A914XDI6,Protein quiver,Plectus sambesii,166,26,136,,InterPro:IPR031424
A0A914Z4Y2,UPAR/Ly6 domain-containing protein qvr,Panagrolaimus superbus,169,31,140,,InterPro:IPR031424
A0A914Z9S7,Uncharacterized protein,Panagrolaimus superbus,198,72,167,,InterPro:IPR031424
A0A915AMH5,Protein quiver,Parascaris univalens (Nematode worm),216,31,149,,InterPro:IPR031424
A0A915B1D5,Protein quiver,Parascaris univalens (Nematode worm),131,17,106,,InterPro:IPR031424
A0A915B1G4,Protein quiver,Parascaris univalens (Nematode worm),215,48,187,,InterPro:IPR031424
A0A915BBD3,Secreted protein,Parascaris univalens (Nematode worm),218,20,142,,InterPro:IPR031424
A0A915BLD6,FHA domain-containing protein,Parascaris univalens (Nematode worm),137,24,112,,InterPro:IPR031424
A0A915BXX1,Protein sleepless,Parascaris univalens (Nematode worm),144,23,121,,InterPro:IPR031424
A0A915DCF7,Uncharacterized protein,Ditylenchus dipsaci,173,72,158,,InterPro:IPR031424
A0A915EBC9,Protein sleepless,Ditylenchus dipsaci,163,41,138,,InterPro:IPR031424
A0A915EPT6,UPAR/Ly6 domain-containing protein qvr,Ditylenchus dipsaci,148,4,117,,InterPro:IPR031424
A0A915EUY4,UPAR/Ly6 domain-containing protein qvr,Echinococcus canadensis,208,60,148,,InterPro:IPR031424
A0A915EXJ7,Protein quiver,Echinococcus canadensis,128,23,105,,InterPro:IPR031424
A0A915JBC3,Protein quiver,Romanomermis culicivorax (Nematode worm),185,47,157,,InterPro:IPR031424
A0A915MCL4,Uncharacterized protein,Meloidogyne javanica (Root-knot nematode worm),138,37,115,,InterPro:IPR031424
A0A915P5G9,Protein sleepless,Meloidogyne floridensis,164,37,138,,InterPro:IPR031424
A0A915PHD5,Protein quiver,Setaria digitata,142,1,90,,InterPro:IPR031424
A0A915PVQ3,Protein quiver,Setaria digitata,186,24,164,,InterPro:IPR031424
A0A915PY20,Protein quiver,Setaria digitata,268,33,151,,InterPro:IPR031424
A0A921YJH7,Protein sleepless,Manduca sexta (Tobacco hawkmoth),148,24,123,,InterPro:IPR031424
A0A921YSX8,Protein sleepless,Manduca sexta (Tobacco hawkmoth),141,25,116,,InterPro:IPR031424
A0A921YY31,Protein sleepless,Manduca sexta (Tobacco hawkmoth),140,20,114,,InterPro:IPR031424
A0A921Z161,Protein sleepless,Manduca sexta (Tobacco hawkmoth),160,22,135,,InterPro:IPR031424
A0A921Z3N0,Protein sleepless,Manduca sexta (Tobacco hawkmoth),146,26,123,,InterPro:IPR031424
A0A921Z444,Protein sleepless,Manduca sexta (Tobacco hawkmoth),158,20,133,,InterPro:IPR031424
A0A921ZU26,Protein sleepless,Manduca sexta (Tobacco hawkmoth),164,26,136,,InterPro:IPR031424
A0A922CIL9,Protein sleepless,Manduca sexta (Tobacco hawkmoth),132,22,111,,InterPro:IPR031424
A0A922CIM0,Protein sleepless,Manduca sexta (Tobacco hawkmoth),242,122,221,,InterPro:IPR031424
A0A922CIM0,Protein sleepless,Manduca sexta (Tobacco hawkmoth),242,22,118,,InterPro:IPR031424
A0A922CZP3,Protein quiver,Manduca sexta (Tobacco hawkmoth),167,34,138,,InterPro:IPR031424
A0A922HG68,Protein sleepless,Dermatophagoides farinae (American house dust mite),166,36,139,,InterPro:IPR031424
A0A922HG97,UPAR/Ly6 domain-containing protein qvr,Dermatophagoides farinae (American house dust mite),323,115,199,,InterPro:IPR031424
A0A922HQ76,Protein sleepless,Dermatophagoides farinae (American house dust mite),167,30,133,,InterPro:IPR031424
A0A922HTA2,Protein sleepless,Dermatophagoides farinae (American house dust mite),178,30,148,,InterPro:IPR031424
A0A922I0Q5,Protein sleepless,Dermatophagoides farinae (American house dust mite),142,23,112,,InterPro:IPR031424
A0A922IBQ0,Protein sleepless,Dermatophagoides farinae (American house dust mite),217,89,186,,InterPro:IPR031424
A0A922IC02,Protein sleepless,Dermatophagoides farinae (American house dust mite),178,44,155,,InterPro:IPR031424
A0A922IHM4,Protein sleepless,Schistosoma haematobium (Blood fluke),146,24,117,,InterPro:IPR031424
A0A922ILP6,Protein quiver,Schistosoma haematobium (Blood fluke),157,33,128,,InterPro:IPR031424
A0A922INT8,Protein quiver,Schistosoma haematobium (Blood fluke),160,33,121,,InterPro:IPR031424
A0A922KZL4,Protein sleepless,Dermatophagoides farinae (American house dust mite),181,58,151,,InterPro:IPR031424
A0A922L8M5,Protein sleepless,Dermatophagoides farinae (American house dust mite),159,34,127,,InterPro:IPR031424
A0A922LC17,Protein sleepless,Dermatophagoides farinae (American house dust mite),162,31,129,,InterPro:IPR031424
A0A922LS57,Protein quiver,Schistosoma haematobium (Blood fluke),127,9,97,,InterPro:IPR031424
A0A922MDA7,Protein sleepless,Spodoptera exigua (Beet armyworm),140,22,118,,InterPro:IPR031424
A0A922MLU2,Protein sleepless,Spodoptera exigua (Beet armyworm),139,10,113,,InterPro:IPR031424
A0A922MP46,Protein sleepless,Spodoptera exigua (Beet armyworm),143,24,122,,InterPro:IPR031424
A0A922MPT8,Protein sleepless,Spodoptera exigua (Beet armyworm),140,21,115,,InterPro:IPR031424
A0A922MPV8,Protein sleepless,Spodoptera exigua (Beet armyworm),137,10,107,,InterPro:IPR031424
A0A922MQ42,Protein sleepless,Spodoptera exigua (Beet armyworm),163,17,133,,InterPro:IPR031424
A0A922MRH1,Protein sleepless,Spodoptera exigua (Beet armyworm),158,20,133,,InterPro:IPR031424
A0A922MSF8,Protein sleepless,Spodoptera exigua (Beet armyworm),147,25,122,,InterPro:IPR031424
A0A922MXY2,Protein sleepless,Spodoptera exigua (Beet armyworm),138,12,111,,InterPro:IPR031424
A0A922S194,Uncharacterized protein,Schistosoma haematobium (Blood fluke),136,19,108,,InterPro:IPR031424
A0A922SIC5,Protein sleepless,Spodoptera exigua (Beet armyworm),135,10,113,,InterPro:IPR031424
A0A922SJR4,Protein sleepless,Spodoptera exigua (Beet armyworm),127,17,106,,InterPro:IPR031424
A0A979FSA6,Protein sleepless,Hyalella azteca (Amphipod),136,19,111,,InterPro:IPR031424
A0A9B0BI73,Protein sleepless,Bombus terrestris (Buff-tailed bumblebee),152,26,125,,InterPro:IPR031424
A0A9B0BJY3,Protein sleepless,Bombus terrestris (Buff-tailed bumblebee),167,27,122,,InterPro:IPR031424
A0A9B0BVE4,Protein sleepless,Bombus terrestris (Buff-tailed bumblebee),160,22,133,,InterPro:IPR031424
A0A9B0C0A6,Protein sleepless,Bombus terrestris (Buff-tailed bumblebee),153,24,122,,InterPro:IPR031424
A0A9B0C4E5,Protein sleepless,Bombus terrestris (Buff-tailed bumblebee),153,24,127,,InterPro:IPR031424
A0A9B0F3N1,Protein sleepless,Bombus terrestris (Buff-tailed bumblebee),145,23,117,,InterPro:IPR031424
A0A9B2JIU7,Protein sleepless,Bombus terrestris (Buff-tailed bumblebee),177,24,148,,InterPro:IPR031424
A0A9B2JQK7,Protein sleepless,Bombus terrestris (Buff-tailed bumblebee),139,25,111,,InterPro:IPR031424
A0A9B7CVD8,Protein sleepless,Bombus terrestris (Buff-tailed bumblebee),193,78,166,,InterPro:IPR031424
A0A9B7HXA1,UPAR/Ly6 domain-containing protein qvr,Bombus terrestris (Buff-tailed bumblebee),158,28,116,,InterPro:IPR031424
A0A9C5YVJ3,Protein sleepless,Glossina fuscipes fuscipes (Riverine tsetse fly),166,26,138,,InterPro:IPR031424
A0A9C5YXB8,UPAR/Ly6 domain-containing protein qvr,Glossina fuscipes fuscipes (Riverine tsetse fly),174,45,133,,InterPro:IPR031424
A0A9C5YXC8,UPAR/Ly6 domain-containing protein qvr,Glossina fuscipes fuscipes (Riverine tsetse fly),158,29,117,,InterPro:IPR031424
A0A9C5Z0W4,Protein sleepless,Glossina fuscipes fuscipes (Riverine tsetse fly),178,29,139,,InterPro:IPR031424
A0A9C5Z0X8,UPAR/Ly6 domain-containing protein qvr,Glossina fuscipes fuscipes (Riverine tsetse fly),169,40,128,,InterPro:IPR031424
A0A9C5Z7E8,Protein sleepless,Glossina fuscipes fuscipes (Riverine tsetse fly),175,50,147,,InterPro:IPR031424
A0A9C5Z8B6,Protein sleepless,Glossina fuscipes fuscipes (Riverine tsetse fly),163,24,121,,InterPro:IPR031424
A0A9C5ZAV9,Protein sleepless,Glossina fuscipes fuscipes (Riverine tsetse fly),197,35,155,,InterPro:IPR031424
A0A9C5ZE32,Protein sleepless,Glossina fuscipes fuscipes (Riverine tsetse fly),148,22,119,,InterPro:IPR031424
A0A9C5ZEF0,Protein sleepless,Glossina fuscipes fuscipes (Riverine tsetse fly),150,30,126,,InterPro:IPR031424
A0A9C5ZJX5,Protein sleepless,Glossina fuscipes fuscipes (Riverine tsetse fly),142,21,114,,InterPro:IPR031424
A0A9C6DSN4,Protein sleepless,Glossina fuscipes fuscipes (Riverine tsetse fly),129,26,104,,InterPro:IPR031424
A0A9C6DT89,UPAR/Ly6 domain-containing protein qvr,Glossina fuscipes fuscipes (Riverine tsetse fly),177,48,136,,InterPro:IPR031424
A0A9C6DV37,Protein sleepless,Glossina fuscipes fuscipes (Riverine tsetse fly),120,26,103,,InterPro:IPR031424
A0A9C6DXK8,Protein sleepless,Glossina fuscipes fuscipes (Riverine tsetse fly),168,24,145,,InterPro:IPR031424
A0A9C6SRV2,Protein sleepless,Drosophila albomicans (Fruit fly),85,24,77,,InterPro:IPR031424
A0A9C6SX97,Protein sleepless,Bombus terrestris (Buff-tailed bumblebee),146,28,122,,InterPro:IPR031424
A0A9C6SY25,Protein sleepless,Drosophila albomicans (Fruit fly),132,9,109,,InterPro:IPR031424
A0A9C6TQ77,UPAR/Ly6 domain-containing protein qvr,Frankliniella occidentalis (Western flower thrips),144,27,115,,InterPro:IPR031424
A0A9C6U035,UPAR/Ly6 domain-containing protein qvr,Frankliniella occidentalis (Western flower thrips),165,48,136,,InterPro:IPR031424
A0A9C6U2P6,Protein sleepless,Frankliniella occidentalis (Western flower thrips),151,23,123,,InterPro:IPR031424
A0A9C6U3H2,UPAR/Ly6 domain-containing protein qvr,Frankliniella occidentalis (Western flower thrips),150,33,121,,InterPro:IPR031424
A0A9C6W6R6,Protein sleepless,Bombus terrestris (Buff-tailed bumblebee),141,26,88,,InterPro:IPR031424
A0A9C6W880,UPAR/Ly6 domain-containing protein qvr,Bombus terrestris (Buff-tailed bumblebee),142,12,100,,InterPro:IPR031424
A0A9C6W8C0,Protein sleepless,Drosophila albomicans (Fruit fly),129,24,106,,InterPro:IPR031424
A0A9C6WWM4,Protein sleepless,Frankliniella occidentalis (Western flower thrips),201,86,174,,InterPro:IPR031424
A0A9C6XCY0,Protein quiver,Frankliniella occidentalis (Western flower thrips),81,32,81,,InterPro:IPR031424
A0A9C6XV47,Protein sleepless,Frankliniella occidentalis (Western flower thrips),163,39,135,,InterPro:IPR031424
A0A9D3YDZ6,Protein quiver,Dreissena polymorpha (Zebra mussel),120,21,99,,InterPro:IPR031424
A0A9D3YPS7,Protein sleepless,Dreissena polymorpha (Zebra mussel),136,14,102,,InterPro:IPR031424
A0A9D3YR44,UPAR/Ly6 domain-containing protein qvr,Dreissena polymorpha (Zebra mussel),152,33,123,,InterPro:IPR031424
A0A9D3YUZ3,UPAR/Ly6 domain-containing protein qvr,Dreissena polymorpha (Zebra mussel),157,43,128,,InterPro:IPR031424
A0A9D3YXJ6,Protein sleepless,Dreissena polymorpha (Zebra mussel),122,25,97,,InterPro:IPR031424
A0A9D3Z285,Protein sleepless,Dreissena polymorpha (Zebra mussel),120,25,99,,InterPro:IPR031424
A0A9D3Z2J5,Protein sleepless,Dreissena polymorpha (Zebra mussel),124,23,101,,InterPro:IPR031424
A0A9D4C9K4,Protein quiver,Dreissena polymorpha (Zebra mussel),139,25,113,,InterPro:IPR031424
A0A9D4CR18,Uncharacterized protein,Dreissena polymorpha (Zebra mussel),127,26,99,,InterPro:IPR031424
A0A9D4CUK9,Protein sleepless,Dreissena polymorpha (Zebra mussel),124,23,100,,InterPro:IPR031424
A0A9D4DL09,Protein sleepless,Dreissena polymorpha (Zebra mussel),179,79,155,,InterPro:IPR031424
A0A9D4DPE0,Protein quiver,Dreissena polymorpha (Zebra mussel),124,23,100,,InterPro:IPR031424
A0A9D4DT85,Protein quiver,Dreissena polymorpha (Zebra mussel),124,22,101,,InterPro:IPR031424
A0A9D4DVM6,Protein sleepless,Dreissena polymorpha (Zebra mussel),113,9,88,,InterPro:IPR031424
A0A9D4E6S6,Protein quiver,Dreissena polymorpha (Zebra mussel),122,20,99,,InterPro:IPR031424
A0A9D4E815,Protein quiver,Dreissena polymorpha (Zebra mussel),122,20,99,,InterPro:IPR031424
A0A9D4ED36,Protein sleepless,Dreissena polymorpha (Zebra mussel),133,20,103,,InterPro:IPR031424
A0A9D4EVI0,Protein sleepless,Dreissena polymorpha (Zebra mussel),124,23,100,,InterPro:IPR031424
A0A9D4EVV1,Protein sleepless,Dreissena polymorpha (Zebra mussel),145,45,121,,InterPro:IPR031424
A0A9D4EYC0,Protein quiver,Dreissena polymorpha (Zebra mussel),123,20,100,,InterPro:IPR031424
A0A9D4FEI2,Protein quiver,Dreissena polymorpha (Zebra mussel),139,45,118,,InterPro:IPR031424
A0A9D4FEQ2,Protein quiver,Dreissena polymorpha (Zebra mussel),139,21,101,,InterPro:IPR031424
A0A9D4FF84,Protein quiver,Dreissena polymorpha (Zebra mussel),126,24,101,,InterPro:IPR031424
A0A9D4FGD2,Protein quiver,Dreissena polymorpha (Zebra mussel),125,24,101,,InterPro:IPR031424
A0A9D4FIS8,Uncharacterized protein,Dreissena polymorpha (Zebra mussel),404,24,87,,InterPro:IPR031424
A0A9D4FPY9,UPAR/Ly6 domain-containing protein,Dreissena polymorpha (Zebra mussel),386,254,327,,InterPro:IPR031424
A0A9D4GP26,Protein sleepless,Dreissena polymorpha (Zebra mussel),163,36,133,,InterPro:IPR031424
A0A9D4GS72,Protein sleepless,Dreissena polymorpha (Zebra mussel),151,24,121,,InterPro:IPR031424
A0A9D4HCE9,Protein quiver,Dreissena polymorpha (Zebra mussel),129,22,103,,InterPro:IPR031424
A0A9D4HFX0,Uncharacterized protein,Dreissena polymorpha (Zebra mussel),122,26,98,,InterPro:IPR031424
A0A9D4HJA7,Protein quiver,Dreissena polymorpha (Zebra mussel),138,25,114,,InterPro:IPR031424
A0A9D4HJB1,Protein quiver,Dreissena polymorpha (Zebra mussel),138,25,114,,InterPro:IPR031424
A0A9D4HTA5,Protein quiver,Dreissena polymorpha (Zebra mussel),127,26,99,,InterPro:IPR031424
A0A9D4HVP9,Protein sleepless,Dreissena polymorpha (Zebra mussel),140,23,113,,InterPro:IPR031424
A0A9D4IUD4,Protein quiver,Dreissena polymorpha (Zebra mussel),134,26,107,,InterPro:IPR031424
A0A9D4J5Z8,Protein quiver,Dreissena polymorpha (Zebra mussel),142,26,117,,InterPro:IPR031424
A0A9D4J7A5,Protein quiver,Dreissena polymorpha (Zebra mussel),120,20,97,,InterPro:IPR031424
A0A9D4KMH9,Protein quiver,Dreissena polymorpha (Zebra mussel),140,28,112,,InterPro:IPR031424
A0A9D4M0N1,UPAR/Ly6 domain-containing protein qvr,Dreissena polymorpha (Zebra mussel),145,23,119,,InterPro:IPR031424
A0A9D4M557,Protein quiver,Dreissena polymorpha (Zebra mussel),190,66,165,,InterPro:IPR031424
A0A9D4M6J7,Protein quiver,Dreissena polymorpha (Zebra mussel),153,22,126,,InterPro:IPR031424
A0A9D4MUI6,Protein quiver,Dreissena polymorpha (Zebra mussel),119,24,94,,InterPro:IPR031424
A0A9D4N714,Protein sleepless,Dreissena polymorpha (Zebra mussel),139,21,109,,InterPro:IPR031424
A0A9D4NCN5,Protein quiver,Dreissena polymorpha (Zebra mussel),116,24,91,,InterPro:IPR031424
A0A9D4NDC9,UPAR/Ly6 domain-containing protein qvr,Dreissena polymorpha (Zebra mussel),128,21,96,,InterPro:IPR031424
A0A9D4NDV5,Uncharacterized protein,Dreissena polymorpha (Zebra mussel),114,20,93,,InterPro:IPR031424
A0A9D4NE64,UPAR/Ly6 domain-containing protein,Dreissena polymorpha (Zebra mussel),116,15,90,,InterPro:IPR031424
A0A9D4NQ42,Protein sleepless,Dermatophagoides farinae (American house dust mite),209,43,141,,InterPro:IPR031424
A0A9D4NT18,Protein sleepless,Dermatophagoides farinae (American house dust mite),161,13,131,,InterPro:IPR031424
A0A9D4P042,Protein sleepless,Dermatophagoides farinae (American house dust mite),185,56,153,,InterPro:IPR031424
A0A9D4P1S8,Protein sleepless,Dermatophagoides farinae (American house dust mite),178,44,155,,InterPro:IPR031424
A0A9D4P2S1,DEP domain-containing protein,Dermatophagoides farinae (American house dust mite),786,702,783,,InterPro:IPR031424
A0A9D4PCY7,Protein quiver,Rhipicephalus sanguineus (Brown dog tick),146,29,119,,InterPro:IPR031424
A0A9D4Q4S1,Protein sleepless,Rhipicephalus sanguineus (Brown dog tick),142,27,115,,InterPro:IPR031424
A0A9D4QGN7,Protein sleepless,Rhipicephalus sanguineus (Brown dog tick),125,5,100,,InterPro:IPR031424
A0A9D4QJQ6,Protein sleepless,Rhipicephalus sanguineus (Brown dog tick),158,26,129,,InterPro:IPR031424
A0A9D4RG63,Protein sleepless,Dreissena polymorpha (Zebra mussel),140,24,116,,InterPro:IPR031424
A0A9D4RGX2,UPAR/Ly6 domain-containing protein qvr,Dreissena polymorpha (Zebra mussel),145,23,119,,InterPro:IPR031424
A0A9D4RKG3,Uncharacterized protein,Dreissena polymorpha (Zebra mussel),112,3,99,,InterPro:IPR031424
A0A9D4RWG4,Protein quiver,Dreissena polymorpha (Zebra mussel),150,23,125,,InterPro:IPR031424
A0A9D4RWP4,Protein quiver,Dreissena polymorpha (Zebra mussel),140,27,109,,InterPro:IPR031424
A0A9D4RXQ3,Protein quiver,Dreissena polymorpha (Zebra mussel),145,24,91,,InterPro:IPR031424
A0A9D4RY16,Protein sleepless,Dreissena polymorpha (Zebra mussel),119,22,94,,InterPro:IPR031424
A0A9D4S3D3,Protein sleepless,Dreissena polymorpha (Zebra mussel),115,2,85,,InterPro:IPR031424
A0A9D4SDH9,Protein sleepless,Dermatophagoides farinae (American house dust mite),182,58,151,,InterPro:IPR031424
A0A9D4SLM6,Protein sleepless,Dermatophagoides farinae (American house dust mite),131,12,101,,InterPro:IPR031424
A0A9D4T6V4,Protein sleepless,Rhipicephalus sanguineus (Brown dog tick),206,74,171,,InterPro:IPR031424
A0A9D4YPR1,Protein sleepless,Rhipicephalus sanguineus (Brown dog tick),144,29,121,,InterPro:IPR031424
A0A9D4YRM2,Protein sleepless,Rhipicephalus sanguineus (Brown dog tick),139,12,111,,InterPro:IPR031424
A0A9J2Q478,Protein quiver,Ascaris lumbricoides (Giant roundworm),152,17,127,,InterPro:IPR031424
A0A9J6BB38,Protein sleepless,Polypedilum vanderplanki (Sleeping chironomid midge),157,27,125,,InterPro:IPR031424
A0A9J6BBX8,Protein sleepless,Polypedilum vanderplanki (Sleeping chironomid midge),160,21,133,,InterPro:IPR031424
A0A9J6BH98,Protein sleepless,Polypedilum vanderplanki (Sleeping chironomid midge),139,21,114,,InterPro:IPR031424
A0A9J6BVQ8,Protein quiver,Polypedilum vanderplanki (Sleeping chironomid midge),168,26,135,,InterPro:IPR031424
A0A9J6BY29,Protein sleepless,Polypedilum vanderplanki (Sleeping chironomid midge),152,35,129,,InterPro:IPR031424
A0A9J6C081,Protein quiver,Polypedilum vanderplanki (Sleeping chironomid midge),426,126,224,,InterPro:IPR031424
A0A9J6C367,Protein sleepless,Polypedilum vanderplanki (Sleeping chironomid midge),159,23,136,,InterPro:IPR031424
A0A9J6C3V9,Protein sleepless,Polypedilum vanderplanki (Sleeping chironomid midge),158,24,134,,InterPro:IPR031424
A0A9J6C4V8,Protein sleepless,Polypedilum vanderplanki (Sleeping chironomid midge),287,25,124,,InterPro:IPR031424
A0A9J6C4V8,Protein sleepless,Polypedilum vanderplanki (Sleeping chironomid midge),287,157,260,,InterPro:IPR031424
A0A9J6CF04,Protein sleepless,Polypedilum vanderplanki (Sleeping chironomid midge),146,21,120,,InterPro:IPR031424
A0A9J6CLC1,Protein quiver,Polypedilum vanderplanki (Sleeping chironomid midge),124,10,99,,InterPro:IPR031424
A0A9J6CLP0,Protein quiver,Polypedilum vanderplanki (Sleeping chironomid midge),129,24,104,,InterPro:IPR031424
A0A9J6CLP8,Protein sleepless,Polypedilum vanderplanki (Sleeping chironomid midge),133,22,107,,InterPro:IPR031424
A0A9J6CLS0,Protein quiver,Polypedilum vanderplanki (Sleeping chironomid midge),129,24,104,,InterPro:IPR031424
A0A9J6CLS8,Protein sleepless,Polypedilum vanderplanki (Sleeping chironomid midge),143,20,115,,InterPro:IPR031424
A0A9J6CMK6,Protein quiver,Polypedilum vanderplanki (Sleeping chironomid midge),152,24,104,,InterPro:IPR031424
A0A9J6CML1,Protein sleepless,Polypedilum vanderplanki (Sleeping chironomid midge),358,235,324,,InterPro:IPR031424
A0A9J6CMM3,Protein sleepless,Polypedilum vanderplanki (Sleeping chironomid midge),254,21,112,,InterPro:IPR031424
A0A9J6CMM3,Protein sleepless,Polypedilum vanderplanki (Sleeping chironomid midge),254,123,225,,InterPro:IPR031424
A0A9J6CMN1,Protein sleepless,Polypedilum vanderplanki (Sleeping chironomid midge),288,155,254,,InterPro:IPR031424
A0A9J6CMN5,Protein quiver,Polypedilum vanderplanki (Sleeping chironomid midge),114,24,103,,InterPro:IPR031424
A0A9J6CMV9,Protein quiver,Polypedilum vanderplanki (Sleeping chironomid midge),209,72,170,,InterPro:IPR031424
A0A9J6CNA4,Protein quiver,Polypedilum vanderplanki (Sleeping chironomid midge),133,20,107,,InterPro:IPR031424
A0A9J6CNF5,UPAR/Ly6 domain-containing protein qvr,Polypedilum vanderplanki (Sleeping chironomid midge),157,38,126,,InterPro:IPR031424
A0A9J6CNJ2,Protein quiver,Polypedilum vanderplanki (Sleeping chironomid midge),129,24,104,,InterPro:IPR031424
A0A9J6CNK0,Protein sleepless,Polypedilum vanderplanki (Sleeping chironomid midge),131,20,106,,InterPro:IPR031424
A0A9J6CNL7,Protein quiver,Polypedilum vanderplanki (Sleeping chironomid midge),131,24,105,,InterPro:IPR031424
A0A9J6CNM2,Protein quiver,Polypedilum vanderplanki (Sleeping chironomid midge),133,22,107,,InterPro:IPR031424
A0A9J6CP81,UPAR/Ly6 domain-containing protein qvr,Polypedilum vanderplanki (Sleeping chironomid midge),154,35,123,,InterPro:IPR031424
A0A9J6CQN4,Protein quiver,Polypedilum vanderplanki (Sleeping chironomid midge),139,25,137,,InterPro:IPR031424
A0A9J6CTH8,Protein sleepless,Rhipicephalus microplus (Cattle tick),95,3,72,,InterPro:IPR031424
A0A9J6CTM4,Protein sleepless,Rhipicephalus microplus (Cattle tick),150,30,125,,InterPro:IPR031424
A0A9J6DUU8,Protein sleepless,Rhipicephalus microplus (Cattle tick),142,27,115,,InterPro:IPR031424
A0A9J6EAQ9,Protein sleepless,Rhipicephalus microplus (Cattle tick),150,18,115,,InterPro:IPR031424
A0A9J6EFA9,Protein sleepless,Rhipicephalus microplus (Cattle tick),158,26,129,,InterPro:IPR031424
A0A9J6EH83,Protein quiver,Rhipicephalus microplus (Cattle tick),188,49,158,,InterPro:IPR031424
A0A9J6ELA9,Protein quiver,Rhipicephalus microplus (Cattle tick),169,55,145,,InterPro:IPR031424
A0A9J6FDE0,Protein quiver,Haemaphysalis longicornis (Bush tick),183,52,151,,InterPro:IPR031424
A0A9J6FDK0,Protein sleepless,Haemaphysalis longicornis (Bush tick),272,152,247,,InterPro:IPR031424
A0A9J6FE62,Protein sleepless,Haemaphysalis longicornis (Bush tick),139,26,114,,InterPro:IPR031424
A0A9J6FEX0,Protein sleepless,Haemaphysalis longicornis (Bush tick),145,29,121,,InterPro:IPR031424
A0A9J6FF11,Protein sleepless,Haemaphysalis longicornis (Bush tick),158,26,129,,InterPro:IPR031424
A0A9J6FLI8,Protein quiver,Haemaphysalis longicornis (Bush tick),161,28,114,,InterPro:IPR031424
A0A9J6G2Q2,UPAR/Ly6 domain-containing protein qvr,Haemaphysalis longicornis (Bush tick),190,35,121,,InterPro:IPR031424
A0A9J6GBW6,Protein sleepless,Haemaphysalis longicornis (Bush tick),219,103,191,,InterPro:IPR031424
A0A9J6GDJ2,Protein sleepless,Haemaphysalis longicornis (Bush tick),145,22,114,,InterPro:IPR031424
A0A9J7DJF5,Protein quiver,Musca domestica (House fly),129,45,115,,InterPro:IPR031424
A0A9J7DXN3,Protein sleepless,Spodoptera litura (Asian cotton leafworm),162,29,139,,InterPro:IPR031424
A0A9J7E2C0,Protein sleepless,Spodoptera litura (Asian cotton leafworm),132,22,111,,InterPro:IPR031424
A0A9J7E3W1,Protein sleepless,Spodoptera litura (Asian cotton leafworm),162,24,137,,InterPro:IPR031424
A0A9J7E528,Protein sleepless,Spodoptera litura (Asian cotton leafworm),147,24,123,,InterPro:IPR031424
A0A9J7E655,Protein sleepless,Spodoptera litura (Asian cotton leafworm),142,24,120,,InterPro:IPR031424
A0A9J7E6A9,Protein sleepless,Spodoptera litura (Asian cotton leafworm),141,22,120,,InterPro:IPR031424
A0A9J7E6K4,Protein sleepless,Spodoptera litura (Asian cotton leafworm),151,22,125,,InterPro:IPR031424
A0A9J7E8N8,Protein sleepless,Spodoptera litura (Asian cotton leafworm),140,21,115,,InterPro:IPR031424
A0A9J7E8S0,Protein sleepless,Spodoptera litura (Asian cotton leafworm),153,26,123,,InterPro:IPR031424
A0A9J7E9B1,Protein sleepless,Spodoptera litura (Asian cotton leafworm),188,77,163,,InterPro:IPR031424
A0A9J7EF94,Protein sleepless,Spodoptera litura (Asian cotton leafworm),148,26,123,,InterPro:IPR031424
A0A9J7EIM5,Protein sleepless,Spodoptera litura (Asian cotton leafworm),158,20,133,,InterPro:IPR031424
A0A9J7EJ66,Protein sleepless,Spodoptera litura (Asian cotton leafworm),136,5,114,,InterPro:IPR031424
A0A9J7EJU9,Protein sleepless,Spodoptera litura (Asian cotton leafworm),169,23,139,,InterPro:IPR031424
A0A9J7EPZ6,Protein sleepless,Spodoptera litura (Asian cotton leafworm),151,20,129,,InterPro:IPR031424
A0A9J7I6F7,Protein sleepless,Musca domestica (House fly),144,15,113,,InterPro:IPR031424
A0A9J7IBZ1,Protein sleepless,Musca domestica (House fly),165,36,134,,InterPro:IPR031424
A0A9J7IJN4,UPAR/Ly6 domain-containing protein qvr,Spodoptera litura (Asian cotton leafworm),158,48,136,,InterPro:IPR031424
A0A9J7IKB1,UPAR/Ly6 domain-containing protein qvr,Spodoptera litura (Asian cotton leafworm),142,32,120,,InterPro:IPR031424
A0A9J7IPL2,Protein sleepless,Spodoptera litura (Asian cotton leafworm),148,23,126,,InterPro:IPR031424
A0A9J7IQL0,Protein sleepless,Spodoptera litura (Asian cotton leafworm),149,23,122,,InterPro:IPR031424
A0A9N6WWC3,Protein quiver,Lynceus sp. MCZ IZ 141354,160,22,133,,InterPro:IPR031424
A0A9N6ZF29,Protein sleepless,Alona affinis,163,25,136,,InterPro:IPR031424
A0A9N6ZGW6,Protein quiver,Evadne anonyx,156,22,132,,InterPro:IPR031424
A0A9N8PYY6,Protein quiver,Chrysodeixis includens (Soybean looper),153,26,123,,InterPro:IPR031424
A0A9N8PZ13,Protein quiver,Chrysodeixis includens (Soybean looper),276,23,126,,InterPro:IPR031424
A0A9N8PZ13,Protein quiver,Chrysodeixis includens (Soybean looper),276,148,250,,InterPro:IPR031424
A0A9N8PZI9,Protein sleepless,Chrysodeixis includens (Soybean looper),144,21,119,,InterPro:IPR031424
A0A9N8Q144,Protein sleepless,Chrysodeixis includens (Soybean looper),140,20,114,,InterPro:IPR031424
A0A9N9MDR8,UPAR/Ly6 domain-containing protein qvr,Ceutorhynchus assimilis (cabbage seed weevil),161,43,131,,InterPro:IPR031424
A0A9N9MEN1,Protein sleepless,Ceutorhynchus assimilis (cabbage seed weevil),177,46,149,,InterPro:IPR031424
A0A9N9MI29,Protein sleepless,Ceutorhynchus assimilis (cabbage seed weevil),166,26,144,,InterPro:IPR031424
A0A9N9MIT2,Protein sleepless,Ceutorhynchus assimilis (cabbage seed weevil),142,21,118,,InterPro:IPR031424
A0A9N9MPK4,Protein sleepless,Ceutorhynchus assimilis (cabbage seed weevil),122,25,119,,InterPro:IPR031424
A0A9N9MPR0,Protein sleepless,Ceutorhynchus assimilis (cabbage seed weevil),162,25,136,,InterPro:IPR031424
A0A9N9MQP3,Protein quiver,Ceutorhynchus assimilis (cabbage seed weevil),153,25,128,,InterPro:IPR031424
A0A9N9MUQ3,Protein quiver,Ceutorhynchus assimilis (cabbage seed weevil),145,21,123,,InterPro:IPR031424
A0A9N9MV73,Protein sleepless,Ceutorhynchus assimilis (cabbage seed weevil),151,29,129,,InterPro:IPR031424
A0A9N9MXS1,Protein sleepless,Ceutorhynchus assimilis (cabbage seed weevil),138,22,113,,InterPro:IPR031424
A0A9N9QAX1,Protein quiver,Ceutorhynchus assimilis (cabbage seed weevil),134,28,111,,InterPro:IPR031424
A0A9N9QLB3,Protein sleepless,Ceutorhynchus assimilis (cabbage seed weevil),165,24,137,,InterPro:IPR031424
A0A9N9QNX8,Protein quiver,Ceutorhynchus assimilis (cabbage seed weevil),143,26,122,,InterPro:IPR031424
A0A9N9QP33,Protein quiver,Ceutorhynchus assimilis (cabbage seed weevil),165,25,143,,InterPro:IPR031424
A0A9N9QT09,Protein sleepless,Diatraea saccharalis (sugarcane borer),149,24,123,,InterPro:IPR031424
A0A9N9R3N3,Protein sleepless,Diatraea saccharalis (sugarcane borer),253,115,228,,InterPro:IPR031424
A0A9N9R5D1,Protein sleepless,Diatraea saccharalis (sugarcane borer),164,29,139,,InterPro:IPR031424
A0A9N9R7V0,Protein sleepless,Diatraea saccharalis (sugarcane borer),148,27,124,,InterPro:IPR031424
A0A9N9R7Z3,Protein sleepless,Diatraea saccharalis (sugarcane borer),159,20,133,,InterPro:IPR031424
A0A9N9RIA4,Protein sleepless,Chironomus riparius,175,26,151,,InterPro:IPR031424
A0A9N9RIA5,Protein sleepless,Chironomus riparius,150,24,123,,InterPro:IPR031424
A0A9N9RK42,Protein sleepless,Chironomus riparius,142,25,119,,InterPro:IPR031424
A0A9N9RKG7,Protein sleepless,Chironomus riparius,152,22,125,,InterPro:IPR031424
A0A9N9RL31,Protein sleepless,Chironomus riparius,423,75,164,,InterPro:IPR031424
A0A9N9RLE4,Protein sleepless,Chironomus riparius,373,21,114,,InterPro:IPR031424
A0A9N9RLU6,ADP-ribosyl cyclase/cyclic ADP-ribose hydrolase,Chironomus riparius,1398,21,114,,InterPro:IPR031424
A0A9N9RRF8,Protein sleepless,Chironomus riparius,133,20,105,,InterPro:IPR031424
A0A9N9RS76,Protein sleepless,Chironomus riparius,132,21,107,,InterPro:IPR031424
A0A9N9RSN5,Protein sleepless,Chironomus riparius,148,25,119,,InterPro:IPR031424
A0A9N9RV03,Protein sleepless,Chironomus riparius,152,25,122,,InterPro:IPR031424
A0A9N9RVZ2,Protein sleepless,Chironomus riparius,164,25,134,,InterPro:IPR031424
A0A9N9RZ24,Protein sleepless,Chironomus riparius,138,21,115,,InterPro:IPR031424
A0A9N9S347,Protein sleepless,Chironomus riparius,153,25,123,,InterPro:IPR031424
A0A9N9S5K3,Protein sleepless,Chironomus riparius,169,25,135,,InterPro:IPR031424
A0A9N9S7I2,Protein sleepless,Chironomus riparius,157,27,125,,InterPro:IPR031424
A0A9N9S853,UPAR/Ly6 domain-containing protein qvr,Phaedon cochleariae (Mustard beetle),143,28,116,,InterPro:IPR031424
A0A9N9S879,Uncharacterized protein,Chironomus riparius,167,25,144,,InterPro:IPR031424
A0A9N9SC59,UPAR/Ly6 domain-containing protein qvr,Phaedon cochleariae (Mustard beetle),143,28,116,,InterPro:IPR031424
A0A9N9SDC8,Protein sleepless,Phaedon cochleariae (Mustard beetle),187,69,165,,InterPro:IPR031424
A0A9N9SDS8,Protein sleepless,Phaedon cochleariae (Mustard beetle),191,76,167,,InterPro:IPR031424
A0A9N9SFL3,Uncharacterized protein,Phaedon cochleariae (Mustard beetle),190,37,130,,InterPro:IPR031424
A0A9N9SNG0,Protein sleepless,Phaedon cochleariae (Mustard beetle),158,23,134,,InterPro:IPR031424
A0A9N9T409,Protein sleepless,Diabrotica balteata (Banded cucumber beetle),151,22,125,,InterPro:IPR031424
A0A9N9TGN0,Protein sleepless,Phyllotreta striolata (Striped flea beetle),257,128,230,,InterPro:IPR031424
A0A9N9THP8,Protein sleepless,Phyllotreta striolata (Striped flea beetle),127,27,122,,InterPro:IPR031424
A0A9N9TIH4,Protein sleepless,Phyllotreta striolata (Striped flea beetle),145,21,123,,InterPro:IPR031424
A0A9N9TJM4,Uncharacterized protein,Phyllotreta striolata (Striped flea beetle),125,19,103,,InterPro:IPR031424
A0A9N9TKF9,Protein sleepless,Phyllotreta striolata (Striped flea beetle),145,21,123,,InterPro:IPR031424
A0A9N9TL37,C2H2-type domain-containing protein,Phyllotreta striolata (Striped flea beetle),263,20,93,,InterPro:IPR031424
A0A9N9TLN6,Protein sleepless,Phyllotreta striolata (Striped flea beetle),165,29,142,,InterPro:IPR031424
A0A9N9TNX4,Protein sleepless,Phyllotreta striolata (Striped flea beetle),134,23,95,,InterPro:IPR031424
A0A9N9TQ51,Protein sleepless,Phyllotreta striolata (Striped flea beetle),184,58,159,,InterPro:IPR031424
A0A9N9TSD8,Protein sleepless,Phyllotreta striolata (Striped flea beetle),167,24,141,,InterPro:IPR031424
A0A9N9TTF6,Protein sleepless,Phyllotreta striolata (Striped flea beetle),156,25,127,,InterPro:IPR031424
A0A9N9TUU1,Protein sleepless,Phyllotreta striolata (Striped flea beetle),132,25,108,,InterPro:IPR031424
A0A9N9TV80,Protein sleepless,Phyllotreta striolata (Striped flea beetle),151,26,125,,InterPro:IPR031424
A0A9N9TVK4,Protein sleepless,Phyllotreta striolata (Striped flea beetle),144,24,122,,InterPro:IPR031424
A0A9N9TW70,Protein sleepless,Phyllotreta striolata (Striped flea beetle),159,33,136,,InterPro:IPR031424
A0A9N9TXD8,Protein sleepless,Phyllotreta striolata (Striped flea beetle),164,22,138,,InterPro:IPR031424
A0A9N9TXK1,Protein sleepless,Phyllotreta striolata (Striped flea beetle),149,25,124,,InterPro:IPR031424
A0A9N9WC54,Protein sleepless,Diatraea saccharalis (sugarcane borer),147,22,125,,InterPro:IPR031424
A0A9N9WDK9,Uncharacterized protein,Diatraea saccharalis (sugarcane borer),117,33,81,,InterPro:IPR031424
A0A9N9WDL0,Protein sleepless,Diatraea saccharalis (sugarcane borer),147,24,123,,InterPro:IPR031424
A0A9N9WDU4,Protein sleepless,Diatraea saccharalis (sugarcane borer),144,20,119,,InterPro:IPR031424
A0A9N9WEI9,Protein sleepless,Diatraea saccharalis (sugarcane borer),145,20,123,,InterPro:IPR031424
A0A9N9WER7,Protein sleepless,Diatraea saccharalis (sugarcane borer),175,65,154,,InterPro:IPR031424
A0A9N9WFN3,Protein sleepless,Diatraea saccharalis (sugarcane borer),137,16,111,,InterPro:IPR031424
A0A9N9WGP6,UPAR/Ly6 domain-containing protein qvr,Diatraea saccharalis (sugarcane borer),143,34,122,,InterPro:IPR031424
A0A9N9WH17,Protein sleepless,Diatraea saccharalis (sugarcane borer),266,130,243,,InterPro:IPR031424
A0A9N9WIL9,UPAR/Ly6 domain-containing protein qvr,Diatraea saccharalis (sugarcane borer),130,21,109,,InterPro:IPR031424
A0A9N9WQA3,UPAR/Ly6 domain-containing protein qvr,Chironomus riparius,157,38,126,,InterPro:IPR031424
A0A9N9WR05,Protein sleepless,Chironomus riparius,133,21,108,,InterPro:IPR031424
A0A9N9WRV6,Protein sleepless,Chironomus riparius,141,23,109,,InterPro:IPR031424
A0A9N9WSA4,Protein sleepless,Chironomus riparius,148,21,117,,InterPro:IPR031424
A0A9N9WWP9,Protein sleepless,Chironomus riparius,136,24,110,,InterPro:IPR031424
A0A9N9X1T9,Protein sleepless,Phaedon cochleariae (Mustard beetle),169,23,142,,InterPro:IPR031424
A0A9N9X8Q3,Protein sleepless,Diabrotica balteata (Banded cucumber beetle),158,23,134,,InterPro:IPR031424
A0A9N9XEU5,Protein sleepless,Diabrotica balteata (Banded cucumber beetle),134,13,99,,InterPro:IPR031424
A0A9N9XJ47,Protein quiver,Diabrotica balteata (Banded cucumber beetle),143,19,129,,InterPro:IPR031424
A0A9N9XLR5,Protein sleepless,Phyllotreta striolata (Striped flea beetle),172,25,147,,InterPro:IPR031424
A0A9N9XLT3,Protein sleepless,Phyllotreta striolata (Striped flea beetle),138,22,113,,InterPro:IPR031424
A0A9N9XMG1,UPAR/Ly6 domain-containing protein qvr,Phyllotreta striolata (Striped flea beetle),146,28,116,,InterPro:IPR031424
A0A9N9XQB6,Protein sleepless,Phyllotreta striolata (Striped flea beetle),142,24,120,,InterPro:IPR031424
A0A9N9XRK8,Protein sleepless,Phyllotreta striolata (Striped flea beetle),156,25,130,,InterPro:IPR031424
A0A9N9XX57,Protein sleepless,Phyllotreta striolata (Striped flea beetle),134,25,106,,InterPro:IPR031424
A0A9P0A6K1,Protein sleepless,Bemisia tabaci (Sweetpotato whitefly),136,20,112,,InterPro:IPR031424
A0A9P0AA99,Protein sleepless,Bemisia tabaci (Sweetpotato whitefly),158,21,132,,InterPro:IPR031424
A0A9P0ACV3,Protein sleepless,Bemisia tabaci (Sweetpotato whitefly),159,25,126,,InterPro:IPR031424
A0A9P0AEQ5,Protein sleepless,Bemisia tabaci (Sweetpotato whitefly),154,28,124,,InterPro:IPR031424
A0A9P0AF79,Protein sleepless,Bemisia tabaci (Sweetpotato whitefly),176,27,118,,InterPro:IPR031424
A0A9P0AG36,Protein sleepless,Bemisia tabaci (Sweetpotato whitefly),149,27,126,,InterPro:IPR031424
A0A9P0AHI4,Protein sleepless,Bemisia tabaci (Sweetpotato whitefly),156,23,120,,InterPro:IPR031424
A0A9P0AMP3,Protein sleepless,Brassicogethes aeneus (Rape pollen beetle),168,41,140,,InterPro:IPR031424
A0A9P0AUN9,Protein quiver,Brassicogethes aeneus (Rape pollen beetle),159,23,136,,InterPro:IPR031424
A0A9P0AYB1,UPAR/Ly6 domain-containing protein qvr,Brassicogethes aeneus (Rape pollen beetle),168,43,131,,InterPro:IPR031424
A0A9P0BAR6,Protein sleepless,Brassicogethes aeneus (Rape pollen beetle),161,24,135,,InterPro:IPR031424
A0A9P0BDT4,Protein sleepless,Brassicogethes aeneus (Rape pollen beetle),148,27,124,,InterPro:IPR031424
A0A9P0BFN3,Protein sleepless,Brassicogethes aeneus (Rape pollen beetle),166,22,139,,InterPro:IPR031424
A0A9P0BG73,Protein sleepless,Brassicogethes aeneus (Rape pollen beetle),140,22,113,,InterPro:IPR031424
A0A9P0BIV3,Protein sleepless,Brassicogethes aeneus (Rape pollen beetle),153,25,128,,InterPro:IPR031424
A0A9P0BJR1,Protein sleepless,Brassicogethes aeneus (Rape pollen beetle),153,27,126,,InterPro:IPR031424
A0A9P0BND9,Protein quiver,Chrysodeixis includens (Soybean looper),169,23,139,,InterPro:IPR031424
A0A9P0BR30,Protein sleepless,Chrysodeixis includens (Soybean looper),132,22,111,,InterPro:IPR031424
A0A9P0BXH1,Protein sleepless,Chrysodeixis includens (Soybean looper),158,20,133,,InterPro:IPR031424
A0A9P0BYD5,Protein quiver,Chrysodeixis includens (Soybean looper),152,20,129,,InterPro:IPR031424
A0A9P0BYT0,UPAR/Ly6 domain-containing protein qvr,Chrysodeixis includens (Soybean looper),158,48,136,,InterPro:IPR031424
A0A9P0C1R7,Ig-like domain-containing protein,Chrysodeixis includens (Soybean looper),425,300,397,,InterPro:IPR031424
A0A9P0CBC9,Protein sleepless,Bemisia tabaci (Sweetpotato whitefly),159,34,130,,InterPro:IPR031424
A0A9P0CCG7,Protein sleepless,Bemisia tabaci (Sweetpotato whitefly),180,30,146,,InterPro:IPR031424
A0A9P0CCR7,Protein sleepless,Psylliodes chrysocephalus,183,51,153,,InterPro:IPR031424
A0A9P0CEX3,Protein quiver,Psylliodes chrysocephalus,130,25,104,,InterPro:IPR031424
A0A9P0CF17,Protein quiver,Psylliodes chrysocephalus,164,29,142,,InterPro:IPR031424
A0A9P0CFW5,Protein sleepless,Psylliodes chrysocephalus,150,23,126,,InterPro:IPR031424
A0A9P0CKC3,UPAR/Ly6 domain-containing protein,Psylliodes chrysocephalus,186,24,121,,InterPro:IPR031424
A0A9P0CND8,Protein sleepless,Psylliodes chrysocephalus,171,24,147,,InterPro:IPR031424
A0A9P0CNE1,Protein sleepless,Psylliodes chrysocephalus,158,23,134,,InterPro:IPR031424
A0A9P0CNE8,Protein quiver,Psylliodes chrysocephalus,131,20,105,,InterPro:IPR031424
A0A9P0CRB0,Protein sleepless,Psylliodes chrysocephalus,160,23,135,,InterPro:IPR031424
A0A9P0CSI8,Protein sleepless,Psylliodes chrysocephalus,148,27,124,,InterPro:IPR031424
A0A9P0CUJ6,Protein sleepless,Psylliodes chrysocephalus,138,22,113,,InterPro:IPR031424
A0A9P0CUQ1,Protein sleepless,Psylliodes chrysocephalus,98,6,72,,InterPro:IPR031424
A0A9P0CUW1,Protein sleepless,Psylliodes chrysocephalus,154,27,126,,InterPro:IPR031424
A0A9P0CXC0,Protein sleepless,Psylliodes chrysocephalus,167,22,141,,InterPro:IPR031424
A0A9P0CXN3,Protein sleepless,Psylliodes chrysocephalus,145,21,123,,InterPro:IPR031424
A0A9P0D0Y8,Protein quiver,Psylliodes chrysocephalus,149,24,122,,InterPro:IPR031424
A0A9P0D7J6,Protein sleepless,Phaedon cochleariae (Mustard beetle),155,25,128,,InterPro:IPR031424
A0A9P0D8C9,Protein sleepless,Phaedon cochleariae (Mustard beetle),145,21,123,,InterPro:IPR031424
A0A9P0D8L1,Protein quiver,Phaedon cochleariae (Mustard beetle),132,21,105,,InterPro:IPR031424
A0A9P0DCN7,Protein sleepless,Phaedon cochleariae (Mustard beetle),143,22,116,,InterPro:IPR031424
A0A9P0DE14,Protein sleepless,Psylliodes chrysocephalus,163,34,138,,InterPro:IPR031424
A0A9P0DHH0,Protein sleepless,Phaedon cochleariae (Mustard beetle),131,24,105,,InterPro:IPR031424
A0A9P0DJH0,Protein sleepless,Ceutorhynchus assimilis (cabbage seed weevil),134,22,109,,InterPro:IPR031424
A0A9P0EAK7,Protein sleepless,Nezara viridula (Southern green stink bug),163,27,138,,InterPro:IPR031424
A0A9P0F1K6,UPAR/Ly6 domain-containing protein qvr,Bemisia tabaci (Sweetpotato whitefly),153,36,124,,InterPro:IPR031424
A0A9P0F465,Protein sleepless,Bemisia tabaci (Sweetpotato whitefly),136,22,111,,InterPro:IPR031424
A0A9P0F641,Protein sleepless,Bemisia tabaci (Sweetpotato whitefly),159,31,129,,InterPro:IPR031424
A0A9P0F6N6,Protein sleepless,Bemisia tabaci (Sweetpotato whitefly),161,33,131,,InterPro:IPR031424
A0A9P0FFN9,Protein sleepless,Brassicogethes aeneus (Rape pollen beetle),133,25,112,,InterPro:IPR031424
A0A9P0FMP8,Uncharacterized protein,Brassicogethes aeneus (Rape pollen beetle),184,24,111,,InterPro:IPR031424
A0A9P0FN86,Transmembrane protein,Brassicogethes aeneus (Rape pollen beetle),146,20,114,,InterPro:IPR031424
A0A9P0FNJ1,Protein sleepless,Brassicogethes aeneus (Rape pollen beetle),143,20,121,,InterPro:IPR031424
A0A9P0FPR2,Protein sleepless,Brassicogethes aeneus (Rape pollen beetle),165,23,141,,InterPro:IPR031424
A0A9P0FQD8,Protein sleepless,Brassicogethes aeneus (Rape pollen beetle),204,102,177,,InterPro:IPR031424
A0A9P0FS42,Protein quiver,Brassicogethes aeneus (Rape pollen beetle),126,21,97,,InterPro:IPR031424
A0A9P0FTL8,Protein quiver,Chrysodeixis includens (Soybean looper),147,24,123,,InterPro:IPR031424
A0A9P0FU44,Protein sleepless,Chrysodeixis includens (Soybean looper),163,24,138,,InterPro:IPR031424
A0A9P0FUT1,Protein quiver,Chrysodeixis includens (Soybean looper),147,23,122,,InterPro:IPR031424
A0A9P0FVV6,Protein sleepless,Chrysodeixis includens (Soybean looper),139,25,116,,InterPro:IPR031424
A0A9P0FZQ7,Protein quiver,Chrysodeixis includens (Soybean looper),146,26,122,,InterPro:IPR031424
A0A9P0G1P5,Protein sleepless,Psylliodes chrysocephalus,149,24,123,,InterPro:IPR031424
A0A9P0G1S3,Protein sleepless,Diatraea saccharalis (sugarcane borer),139,20,117,,InterPro:IPR031424
A0A9P0G3E1,Protein sleepless,Psylliodes chrysocephalus,170,25,125,,InterPro:IPR031424
A0A9P0G9Z1,Protein sleepless,Psylliodes chrysocephalus,158,21,136,,InterPro:IPR031424
A0A9P0GAZ1,Sodefrin-like factor,Psylliodes chrysocephalus,230,21,123,,InterPro:IPR031424
A0A9P0GAZ1,Sodefrin-like factor,Psylliodes chrysocephalus,230,125,227,,InterPro:IPR031424
A0A9P0GGL2,Protein sleepless,Psylliodes chrysocephalus,142,24,120,,InterPro:IPR031424
A0A9P0GIP3,Protein sleepless,Psylliodes chrysocephalus,149,23,127,,InterPro:IPR031424
A0A9P0GQS0,Protein sleepless,Phaedon cochleariae (Mustard beetle),197,79,175,,InterPro:IPR031424
A0A9P0HEC7,Protein sleepless,Nezara viridula (Southern green stink bug),141,26,117,,InterPro:IPR031424
A0A9P0HH24,UPAR/Ly6 domain-containing protein qvr,Nezara viridula (Southern green stink bug),144,30,118,,InterPro:IPR031424
A0A9P0HPG2,Neuropeptide,Nezara viridula (Southern green stink bug),132,30,109,,InterPro:IPR031424
A0A9P0HT06,Protein sleepless,Spodoptera littoralis (Egyptian cotton leafworm),125,10,98,,InterPro:IPR031424
A0A9P0HWK7,Protein sleepless,Spodoptera littoralis (Egyptian cotton leafworm),148,26,123,,InterPro:IPR031424
A0A9P0HWP2,Protein sleepless,Spodoptera littoralis (Egyptian cotton leafworm),158,20,133,,InterPro:IPR031424
A0A9P0I3G1,Protein sleepless,Spodoptera littoralis (Egyptian cotton leafworm),162,24,137,,InterPro:IPR031424
A0A9P0I3G9,Protein sleepless,Spodoptera littoralis (Egyptian cotton leafworm),132,7,110,,InterPro:IPR031424
A0A9P0I438,Protein sleepless,Spodoptera littoralis (Egyptian cotton leafworm),151,22,125,,InterPro:IPR031424
A0A9P0I4D2,Protein sleepless,Spodoptera littoralis (Egyptian cotton leafworm),169,23,139,,InterPro:IPR031424
A0A9P0I552,Protein sleepless,Spodoptera littoralis (Egyptian cotton leafworm),108,24,96,,InterPro:IPR031424
A0A9P0I9U4,Protein sleepless,Spodoptera littoralis (Egyptian cotton leafworm),162,29,139,,InterPro:IPR031424
A0A9P0IAD1,UPAR/Ly6 domain-containing protein qvr,Spodoptera littoralis (Egyptian cotton leafworm),115,5,93,,InterPro:IPR031424
A0A9P0IL83,Protein sleepless,Spodoptera littoralis (Egyptian cotton leafworm),141,25,116,,InterPro:IPR031424
A0A9P0IUN9,Protein sleepless,Aphis gossypii (Cotton aphid),162,25,136,,InterPro:IPR031424
A0A9P0IXQ0,Protein sleepless,Aphis gossypii (Cotton aphid),183,33,149,,InterPro:IPR031424
A0A9P0J127,Protein sleepless,Aphis gossypii (Cotton aphid),154,25,128,,InterPro:IPR031424
A0A9P0J1S8,Protein sleepless,Aphis gossypii (Cotton aphid),145,22,123,,InterPro:IPR031424
A0A9P0J463,Protein quiver,Aphis gossypii (Cotton aphid),147,24,122,,InterPro:IPR031424
A0A9P0J4W6,Protein sleepless,Aphis gossypii (Cotton aphid),155,32,133,,InterPro:IPR031424
A0A9P0J826,UPAR/Ly6 domain-containing protein qvr,Aphis gossypii (Cotton aphid),127,12,100,,InterPro:IPR031424
A0A9P0JBK6,Protein sleepless,Aphis gossypii (Cotton aphid),156,22,119,,InterPro:IPR031424
A0A9P0JGV2,Protein sleepless,Acanthoscelides obtectus (Bean weevil),183,61,161,,InterPro:IPR031424
A0A9P0JIQ6,Protein sleepless,Acanthoscelides obtectus (Bean weevil),143,21,121,,InterPro:IPR031424
A0A9P0JJI4,Protein sleepless,Acanthoscelides obtectus (Bean weevil),160,59,134,,InterPro:IPR031424
A0A9P0JQD5,Protein sleepless,Acanthoscelides obtectus (Bean weevil),111,24,109,,InterPro:IPR031424
A0A9P0KB90,Protein sleepless,Acanthoscelides obtectus (Bean weevil),157,18,135,,InterPro:IPR031424
A0A9P0KKC6,Protein sleepless,Acanthoscelides obtectus (Bean weevil),141,24,115,,InterPro:IPR031424
A0A9P0KM25,Protein sleepless,Acanthoscelides obtectus (Bean weevil),158,24,118,,InterPro:IPR031424
A0A9P0KX92,Protein sleepless,Acanthoscelides obtectus (Bean weevil),171,51,141,,InterPro:IPR031424
A0A9P0LHQ8,Protein sleepless,Acanthoscelides obtectus (Bean weevil),166,25,138,,InterPro:IPR031424
A0A9P0LJG9,Protein sleepless,Acanthoscelides obtectus (Bean weevil),140,21,117,,InterPro:IPR031424
A0A9P0LJX0,Protein sleepless,Acanthoscelides obtectus (Bean weevil),147,26,123,,InterPro:IPR031424
A0A9P0LL96,Protein sleepless,Acanthoscelides obtectus (Bean weevil),149,24,123,,InterPro:IPR031424
A0A9P0LLI4,Protein quiver,Acanthoscelides obtectus (Bean weevil),275,25,138,,InterPro:IPR031424
A0A9P0LT91,Protein sleepless,Acanthoscelides obtectus (Bean weevil),113,23,111,,InterPro:IPR031424
A0A9P0LU14,Protein quiver,Acanthoscelides obtectus (Bean weevil),112,23,110,,InterPro:IPR031424
A0A9P0MLH1,Protein sleepless,Nezara viridula (Southern green stink bug),143,22,119,,InterPro:IPR031424
A0A9P0MWK0,Protein sleepless,Nezara viridula (Southern green stink bug),144,20,119,,InterPro:IPR031424
A0A9P0MZR5,Protein sleepless,Spodoptera littoralis (Egyptian cotton leafworm),196,77,175,,InterPro:IPR031424
A0A9P0N1T1,Protein sleepless,Spodoptera littoralis (Egyptian cotton leafworm),132,22,111,,InterPro:IPR031424
A0A9P0N2M1,Bromo domain-containing protein,Spodoptera littoralis (Egyptian cotton leafworm),1259,21,115,,InterPro:IPR031424
A0A9P0N619,Protein sleepless,Spodoptera littoralis (Egyptian cotton leafworm),151,20,129,,InterPro:IPR031424
A0A9P0NCZ8,Protein sleepless,Aphis gossypii (Cotton aphid),155,25,125,,InterPro:IPR031424
A0A9P0NFE2,Protein sleepless,Aphis gossypii (Cotton aphid),177,21,150,,InterPro:IPR031424
A0A9P0NFK8,Protein quiver,Aphis gossypii (Cotton aphid),162,28,124,,InterPro:IPR031424
A0A9P0NHS3,Protein sleepless,Aphis gossypii (Cotton aphid),145,27,120,,InterPro:IPR031424
A0A9P0NLM2,Uncharacterized protein,Aphis gossypii (Cotton aphid),226,25,196,,InterPro:IPR031424
A0A9P0NMR8,UPAR/Ly6 domain-containing protein qvr,Aphis gossypii (Cotton aphid),191,76,164,,InterPro:IPR031424
A0A9P0NQ49,UPAR/Ly6 domain-containing protein qvr,Aphis gossypii (Cotton aphid),141,26,114,,InterPro:IPR031424
A0A9P0NQD7,Protein sleepless,Aphis gossypii (Cotton aphid),140,25,115,,InterPro:IPR031424
A0A9P0NU76,Protein sleepless,Acanthoscelides obtectus (Bean weevil),150,22,125,,InterPro:IPR031424
A0A9P0NU81,Protein sleepless,Acanthoscelides obtectus (Bean weevil),167,23,142,,InterPro:IPR031424
A0A9P0NYC0,Protein sleepless,Acanthoscelides obtectus (Bean weevil),134,19,114,,InterPro:IPR031424
A0A9P0P1B4,Protein sleepless,Acanthoscelides obtectus (Bean weevil),158,23,134,,InterPro:IPR031424
A0A9P0P5Q2,Protein sleepless,Acanthoscelides obtectus (Bean weevil),140,39,118,,InterPro:IPR031424
A0A9P0P6C9,Protein sleepless,Acanthoscelides obtectus (Bean weevil),125,24,103,,InterPro:IPR031424
A0A9P0P7T4,Protein sleepless,Acanthoscelides obtectus (Bean weevil),189,76,163,,InterPro:IPR031424
A0A9P0P8I9,Protein sleepless,Acanthoscelides obtectus (Bean weevil),145,24,123,,InterPro:IPR031424
A0A9P0PA47,UPAR/Ly6 domain-containing protein qvr,Acanthoscelides obtectus (Bean weevil),125,21,100,,InterPro:IPR031424
A0A9P0PP83,Uncharacterized protein,Acanthoscelides obtectus (Bean weevil),240,10,103,,InterPro:IPR031424
A0A9P0PPF3,Protein sleepless,Acanthoscelides obtectus (Bean weevil),131,10,103,,InterPro:IPR031424
A0A9P0PZY7,Protein sleepless,Acanthoscelides obtectus (Bean weevil),137,20,113,,InterPro:IPR031424
A0A9P0T187,Protein sleepless,Pieris brassicae (White butterfly),154,25,122,,InterPro:IPR031424
A0A9P0T8M5,Protein sleepless,Pieris brassicae (White butterfly),152,20,132,,InterPro:IPR031424
A0A9P0TAH2,Protein sleepless,Pieris brassicae (White butterfly),159,15,130,,InterPro:IPR031424
A0A9P0TD02,Bromo domain-containing protein,Pieris brassicae (White butterfly),1207,20,114,,InterPro:IPR031424
A0A9P0TDE7,Protein sleepless,Pieris brassicae (White butterfly),147,21,123,,InterPro:IPR031424
A0A9P0THU2,UPAR/Ly6 domain-containing protein qvr,Pieris brassicae (White butterfly),158,49,137,,InterPro:IPR031424
A0A9P0TJF4,Protein sleepless,Pieris brassicae (White butterfly),132,22,111,,InterPro:IPR031424
A0A9P0TJV8,Protein sleepless,Pieris brassicae (White butterfly),120,24,113,,InterPro:IPR031424
A0A9P0TNT3,DUF7041 domain-containing protein,Pieris brassicae (White butterfly),265,140,239,,InterPro:IPR031424
A0A9P0VSU3,Protein sleepless,Acanthoscelides obtectus (Bean weevil),149,28,125,,InterPro:IPR031424
A0A9P0X4P1,Protein sleepless,Pieris brassicae (White butterfly),157,22,135,,InterPro:IPR031424
A0A9P0XCL3,Protein sleepless,Pieris brassicae (White butterfly),141,21,121,,InterPro:IPR031424
A0A9P0XCT4,Protein sleepless,Pieris brassicae (White butterfly),195,56,170,,InterPro:IPR031424
A0A9P0XCT8,Protein sleepless,Pieris brassicae (White butterfly),151,23,129,,InterPro:IPR031424
A0A9P0XE68,Protein sleepless,Pieris brassicae (White butterfly),135,21,112,,InterPro:IPR031424
A0A9P1AN64,UPAR/Ly6 domain-containing protein,Caenorhabditis sp. 36 PRJEB53466,127,17,105,,InterPro:IPR031424
A0A9P1AZV0,UPAR/Ly6 domain-containing protein,Caenorhabditis sp. 36 PRJEB53466,137,20,109,,InterPro:IPR031424
A0A9P1AZY9,UPAR/Ly6 domain-containing protein qvr,Caenorhabditis sp. 36 PRJEB53466,154,19,132,,InterPro:IPR031424
A0A9P1HKR6,Protein quiver,Auanema sp. JU1783,164,21,141,,InterPro:IPR031424
A0A9P1HMJ8,UPAR/Ly6 domain-containing protein qvr,Auanema sp. JU1783,150,22,124,,InterPro:IPR031424
A0A9P1HP15,Protein quiver,Auanema sp. JU1783,135,22,112,,InterPro:IPR031424
A0A9P1I1B3,Protein sleepless,Auanema sp. JU1783,139,21,110,,InterPro:IPR031424
A0A9P1IYJ0,Protein sleepless,Caenorhabditis angaria,153,8,129,,InterPro:IPR031424
A0A9P1J0B8,UPAR/Ly6 domain-containing protein qvr,Caenorhabditis angaria,156,22,135,,InterPro:IPR031424
A0A9P1MJ01,Protein sleepless,Auanema sp. JU1783,124,19,101,,InterPro:IPR031424
A0A9P1MNZ8,Protein sleepless,Auanema sp. JU1783,129,20,108,,InterPro:IPR031424
A0A9P1MQ39,Protein sleepless,Auanema sp. JU1783,171,21,132,,InterPro:IPR031424
A0A9P1N9A1,Protein quiver,Caenorhabditis angaria,130,18,107,,InterPro:IPR031424
A0A9P1N9S6,Protein sleepless,Caenorhabditis angaria,132,20,111,,InterPro:IPR031424
A0A9P9YIW5,Protein sleepless,Drosophila gunungcola (fruit fly),155,24,120,,InterPro:IPR031424
A0A9P9YT80,Protein sleepless,Drosophila gunungcola (fruit fly),151,24,123,,InterPro:IPR031424
A0A9P9YTN8,Protein sleepless,Drosophila gunungcola (fruit fly),93,4,64,,InterPro:IPR031424
A0A9P9YU42,Protein sleepless,Drosophila gunungcola (fruit fly),143,19,113,,InterPro:IPR031424
A0A9P9YU47,Protein sleepless,Drosophila gunungcola (fruit fly),147,22,119,,InterPro:IPR031424
A0A9P9YUR1,Protein sleepless,Drosophila gunungcola (fruit fly),521,148,248,,InterPro:IPR031424
A0A9P9YUR1,Protein sleepless,Drosophila gunungcola (fruit fly),521,271,372,,InterPro:IPR031424
A0A9P9YUR1,Protein sleepless,Drosophila gunungcola (fruit fly),521,24,125,,InterPro:IPR031424
A0A9P9YUR1,Protein sleepless,Drosophila gunungcola (fruit fly),521,398,496,,InterPro:IPR031424
A0A9P9YV34,Protein sleepless,Drosophila gunungcola (fruit fly),167,28,131,,InterPro:IPR031424
A0A9Q0BIF6,Protein sleepless,Drosophila gunungcola (fruit fly),176,33,151,,InterPro:IPR031424
A0A9Q0BJW6,Protein quiver,Drosophila gunungcola (fruit fly),934,809,905,,InterPro:IPR031424
A0A9Q0BKI0,Protein quiver,Drosophila gunungcola (fruit fly),147,30,123,,InterPro:IPR031424
A0A9Q0BQ01,UPAR/Ly6 domain-containing protein qvr,Drosophila gunungcola (fruit fly),139,20,108,,InterPro:IPR031424
A0A9Q0BRA8,Protein sleepless,Drosophila gunungcola (fruit fly),158,23,135,,InterPro:IPR031424
A0A9Q0BRX1,Protein sleepless,Drosophila gunungcola (fruit fly),143,22,118,,InterPro:IPR031424
A0A9Q0BSK2,Protein sleepless,Drosophila gunungcola (fruit fly),186,20,164,,InterPro:IPR031424
A0A9Q0M0P1,Protein sleepless,Blomia tropicalis (Mite),177,55,148,,InterPro:IPR031424
A0A9Q0M342,Protein sleepless,Blomia tropicalis (Mite),166,62,142,,InterPro:IPR031424
A0A9Q0M3S5,Protein sleepless,Blomia tropicalis (Mite),161,29,132,,InterPro:IPR031424
A0A9Q0MBQ6,Protein sleepless,Blomia tropicalis (Mite),173,45,142,,InterPro:IPR031424
A0A9Q0MFS0,Uncharacterized protein,Blomia tropicalis (Mite),109,26,95,,InterPro:IPR031424
A0A9Q0MG88,Protein sleepless,Blomia tropicalis (Mite),152,24,127,,InterPro:IPR031424
A0A9Q0MMY5,Protein sleepless,Pseudolycoriella hygida,173,79,168,,InterPro:IPR031424
A0A9Q0MPI8,Protein sleepless,Pseudolycoriella hygida,161,23,136,,InterPro:IPR031424
A0A9Q0MQ15,Protein sleepless,Pseudolycoriella hygida,149,26,124,,InterPro:IPR031424
A0A9Q0MUQ9,Protein quiver,Pseudolycoriella hygida,177,22,152,,InterPro:IPR031424
A0A9Q0N037,Protein sleepless,Pseudolycoriella hygida,167,23,130,,InterPro:IPR031424
A0A9Q0N1U5,UPAR/Ly6 domain-containing protein qvr,Pseudolycoriella hygida,158,38,126,,InterPro:IPR031424
A0A9Q0NB28,Protein sleepless,Pseudolycoriella hygida,235,25,114,,InterPro:IPR031424
A0A9Q0NB28,Protein sleepless,Pseudolycoriella hygida,235,116,210,,InterPro:IPR031424
A0A9Q0NFC2,Protein sleepless,Pseudolycoriella hygida,148,45,123,,InterPro:IPR031424
A0A9Q0NH62,Protein sleepless,Pseudolycoriella hygida,264,23,116,,InterPro:IPR031424
A0A9Q0NH62,Protein sleepless,Pseudolycoriella hygida,264,136,235,,InterPro:IPR031424
A0A9Q0NHB4,Protein sleepless,Pseudolycoriella hygida,153,24,127,,InterPro:IPR031424
A0A9Q0RJP6,Protein sleepless,Blomia tropicalis (Mite),170,25,145,,InterPro:IPR031424
A0A9Q0RKE5,Protein sleepless,Blomia tropicalis (Mite),152,32,127,,InterPro:IPR031424
A0A9Q0RPQ3,Uncharacterized protein,Blomia tropicalis (Mite),396,11,93,,InterPro:IPR031424
A0A9Q0RVZ8,Protein sleepless,Pseudolycoriella hygida,150,20,139,,InterPro:IPR031424
A0A9Q0RXV2,Protein sleepless,Pseudolycoriella hygida,166,22,136,,InterPro:IPR031424
A0A9Q0S3J1,Protein sleepless,Pseudolycoriella hygida,260,137,233,,InterPro:IPR031424
A0A9Q0S8L8,Protein quiver,Pseudolycoriella hygida,157,6,113,,InterPro:IPR031424
A0A9Q0S9U2,Protein sleepless,Pseudolycoriella hygida,152,23,128,,InterPro:IPR031424
A0A9Q0SAD2,Protein quiver,Pseudolycoriella hygida,140,16,123,,InterPro:IPR031424
A0A9R0CWF8,Protein sleepless,Spodoptera frugiperda (Fall armyworm),150,26,123,,InterPro:IPR031424
A0A9R0CWR4,Protein sleepless,Spodoptera frugiperda (Fall armyworm),158,20,133,,InterPro:IPR031424
A0A9R0D3V9,Protein sleepless,Spodoptera frugiperda (Fall armyworm),142,24,120,,InterPro:IPR031424
A0A9R0D7X0,Protein sleepless,Spodoptera frugiperda (Fall armyworm),154,26,123,,InterPro:IPR031424
A0A9R0D845,Protein sleepless,Spodoptera frugiperda (Fall armyworm),162,24,137,,InterPro:IPR031424
A0A9R0D8B3,Protein sleepless,Spodoptera frugiperda (Fall armyworm),147,24,123,,InterPro:IPR031424
A0A9R0DCB0,Protein sleepless,Spodoptera frugiperda (Fall armyworm),151,20,129,,InterPro:IPR031424
A0A9R0DCF1,Protein sleepless,Spodoptera frugiperda (Fall armyworm),169,23,139,,InterPro:IPR031424
A0A9R0DIL6,UPAR/Ly6 domain-containing protein qvr,Spodoptera frugiperda (Fall armyworm),142,32,120,,InterPro:IPR031424
A0A9R0DIV2,UPAR/Ly6 domain-containing protein qvr,Spodoptera frugiperda (Fall armyworm),158,48,136,,InterPro:IPR031424
A0A9R0E690,Protein sleepless,Spodoptera frugiperda (Fall armyworm),162,29,139,,InterPro:IPR031424
A0A9R0EJW3,Protein sleepless,Spodoptera frugiperda (Fall armyworm),188,77,163,,InterPro:IPR031424
A0A9R0ELK6,Protein sleepless,Spodoptera frugiperda (Fall armyworm),148,23,126,,InterPro:IPR031424
A0A9R0ELT4,Protein sleepless,Spodoptera frugiperda (Fall armyworm),139,21,115,,InterPro:IPR031424
A0A9R0ELY5,Protein sleepless,Spodoptera frugiperda (Fall armyworm),141,22,120,,InterPro:IPR031424
A0A9R0EM28,Protein sleepless,Spodoptera frugiperda (Fall armyworm),149,20,123,,InterPro:IPR031424
A0A9R0EWI0,Protein sleepless,Spodoptera frugiperda (Fall armyworm),149,23,122,,InterPro:IPR031424
A0A9R1STF2,Protein sleepless,Fopius arisanus,160,26,137,,InterPro:IPR031424
A0A9R1T5X9,Protein sleepless,Fopius arisanus,192,78,166,,InterPro:IPR031424
A0A9R1T603,Protein sleepless,Fopius arisanus,143,26,117,,InterPro:IPR031424
A0A9R1T6G5,Protein sleepless,Fopius arisanus,136,22,109,,InterPro:IPR031424
A0A9R1TDB1,Protein sleepless,Fopius arisanus,155,23,126,,InterPro:IPR031424
A0A9R1TEW8,UPAR/Ly6 domain-containing protein qvr,Fopius arisanus,152,29,116,,InterPro:IPR031424
A0A9R1TH45,Uncharacterized protein isoform X1,Fopius arisanus,177,29,148,,InterPro:IPR031424
A0A9R1THU4,Uncharacterized protein isoform X2,Fopius arisanus,165,17,136,,InterPro:IPR031424
A0A9R1TQR3,Ig-like domain-containing protein,Fopius arisanus,514,399,493,,InterPro:IPR031424
A0A9R1TSM9,Protein quiver,Fopius arisanus,150,35,122,,InterPro:IPR031424
A0A9R1U1H6,Protein sleepless,Fopius arisanus,152,26,125,,InterPro:IPR031424
A0A9U8E6H1,Protein sleepless,Biomphalaria glabrata (Bloodfluke planorb),141,27,114,,InterPro:IPR031424
A0A9W2YPS7,Protein quiver,Biomphalaria glabrata (Bloodfluke planorb),187,23,136,,InterPro:IPR031424
A0A9W2ZPJ4,Protein sleepless,Biomphalaria glabrata (Bloodfluke planorb),143,25,123,,InterPro:IPR031424
A0A9W2ZPM3,Protein sleepless,Biomphalaria glabrata (Bloodfluke planorb),142,25,122,,InterPro:IPR031424
A0A9W2ZQU8,Protein sleepless,Biomphalaria glabrata (Bloodfluke planorb),140,25,114,,InterPro:IPR031424
A0A9W3BKX7,Protein sleepless,Biomphalaria glabrata (Bloodfluke planorb),145,21,116,,InterPro:IPR031424
A0A9W3BLY9,Protein sleepless,Biomphalaria glabrata (Bloodfluke planorb),151,24,119,,InterPro:IPR031424
A0A9W3BM11,Protein sleepless,Biomphalaria glabrata (Bloodfluke planorb),208,81,176,,InterPro:IPR031424
A0A9W3BN44,Protein sleepless,Biomphalaria glabrata (Bloodfluke planorb),150,22,125,,InterPro:IPR031424
A0A9X6NAD9,Protein sleepless,Hypsibius exemplaris (Freshwater tardigrade),149,29,119,,InterPro:IPR031424
A0A9X6NBY8,UPAR/Ly6 domain-containing protein,Hypsibius exemplaris (Freshwater tardigrade),127,25,115,,InterPro:IPR031424
A0A9X6NDI1,UPAR/Ly6 domain-containing protein,Hypsibius exemplaris (Freshwater tardigrade),440,21,112,,InterPro:IPR031424
A0A9X6NDI1,UPAR/Ly6 domain-containing protein,Hypsibius exemplaris (Freshwater tardigrade),440,139,238,,InterPro:IPR031424
A0A9X6NDI1,UPAR/Ly6 domain-containing protein,Hypsibius exemplaris (Freshwater tardigrade),440,265,362,,InterPro:IPR031424
A0A9X6NDI2,Protein sleepless,Hypsibius exemplaris (Freshwater tardigrade),130,23,110,,InterPro:IPR031424
A0A9X6NEA2,Protein sleepless,Hypsibius exemplaris (Freshwater tardigrade),425,21,110,,InterPro:IPR031424
A0A9X6NF42,UPAR/Ly6 domain-containing protein,Hypsibius exemplaris (Freshwater tardigrade),813,21,112,,InterPro:IPR031424
A0A9X6NF42,UPAR/Ly6 domain-containing protein,Hypsibius exemplaris (Freshwater tardigrade),813,139,238,,InterPro:IPR031424
A0A9X6NLE9,Protein sleepless,Hypsibius exemplaris (Freshwater tardigrade),140,22,111,,InterPro:IPR031424
A0A9X6NP90,Protein sleepless,Hypsibius exemplaris (Freshwater tardigrade),163,25,122,,InterPro:IPR031424
A0A9X6RK53,Protein quiver,Hypsibius exemplaris (Freshwater tardigrade),107,34,86,,InterPro:IPR031424
A0A9X6RM38,UPAR/Ly6 domain-containing protein qvr,Hypsibius exemplaris (Freshwater tardigrade),138,21,113,,InterPro:IPR031424
A0A9X6RMU7,Protein quiver,Hypsibius exemplaris (Freshwater tardigrade),138,26,108,,InterPro:IPR031424
A0A9X6RNH8,Protein sleepless,Hypsibius exemplaris (Freshwater tardigrade),138,22,111,,InterPro:IPR031424
A0AA36ALS9,Protein sleepless,Octopus vulgaris (Common octopus),154,29,102,,InterPro:IPR031424
A0AA36AM09,Protein sleepless,Octopus vulgaris (Common octopus),141,22,109,,InterPro:IPR031424
A0AA36AV72,Protein sleepless,Octopus vulgaris (Common octopus),104,30,87,,InterPro:IPR031424
A0AA36AV77,Protein sleepless,Octopus vulgaris (Common octopus),136,24,111,,InterPro:IPR031424
A0AA36AW88,Protein sleepless,Octopus vulgaris (Common octopus),158,46,133,,InterPro:IPR031424
A0AA36AZC7,Protein sleepless,Octopus vulgaris (Common octopus),154,26,129,,InterPro:IPR031424
A0AA36B7Z2,Protein sleepless,Octopus vulgaris (Common octopus),159,35,134,,InterPro:IPR031424
A0AA36B8V0,Protein sleepless,Octopus vulgaris (Common octopus),131,35,105,,InterPro:IPR031424
A0AA36BPL9,Protein sleepless,Octopus vulgaris (Common octopus),140,24,115,,InterPro:IPR031424
A0AA36C4Y9,Protein sleepless,Mesorhabditis spiculigera,124,35,100,,InterPro:IPR031424
A0AA36CBI2,Protein sleepless,Mesorhabditis spiculigera,152,35,147,,InterPro:IPR031424
A0AA36CEU0,Protein quiver,Mesorhabditis spiculigera,136,19,114,,InterPro:IPR031424
A0AA36CHK7,UPAR/Ly6 domain-containing protein,Mesorhabditis spiculigera,190,25,149,,InterPro:IPR031424
A0AA36CWZ6,Protein sleepless,Mesorhabditis spiculigera,130,18,107,,InterPro:IPR031424
A0AA36D5Y6,Protein quiver,Mesorhabditis spiculigera,112,25,110,,InterPro:IPR031424
A0AA36D7T5,UPAR/Ly6 domain-containing protein,Mesorhabditis spiculigera,200,25,149,,InterPro:IPR031424
A0AA36DGZ3,Uncharacterized protein,Mesorhabditis spiculigera,210,24,147,,InterPro:IPR031424
A0AA36DLG5,Protein sleepless,Cylicocyclus nassatus (Nematode worm),125,18,100,,InterPro:IPR031424
A0AA36DMG2,Protein sleepless,Cylicocyclus nassatus (Nematode worm),183,28,143,,InterPro:IPR031424
A0AA36DNW3,Protein quiver,Cylicocyclus nassatus (Nematode worm),170,26,145,,InterPro:IPR031424
A0AA36DQI9,Uncharacterized protein,Cylicocyclus nassatus (Nematode worm),206,11,135,,InterPro:IPR031424
A0AA36F0I7,Protein quiver,Octopus vulgaris (Common octopus),170,22,106,,InterPro:IPR031424
A0AA36F2G8,JNK1/MAPK8-associated membrane protein,Octopus vulgaris (Common octopus),713,27,112,,InterPro:IPR031424
A0AA36F437,UPAR/Ly6 domain-containing protein qvr,Octopus vulgaris (Common octopus),108,24,93,,InterPro:IPR031424
A0AA36F593,UPAR/Ly6 domain-containing protein qvr,Octopus vulgaris (Common octopus),138,24,107,,InterPro:IPR031424
A0AA36F5G9,Protein quiver,Octopus vulgaris (Common octopus),206,90,181,,InterPro:IPR031424
A0AA36FBR3,Protein sleepless,Octopus vulgaris (Common octopus),128,23,101,,InterPro:IPR031424
A0AA36FS42,UPAR/Ly6 domain-containing protein qvr,Mesorhabditis spiculigera,160,24,137,,InterPro:IPR031424
A0AA36FSJ5,Protein sleepless,Mesorhabditis spiculigera,130,18,107,,InterPro:IPR031424
A0AA36FUY4,Protein quiver,Mesorhabditis spiculigera,112,25,110,,InterPro:IPR031424
A0AA36FV72,Secreted protein,Mesorhabditis spiculigera,193,24,145,,InterPro:IPR031424
A0AA36FXT8,Protein quiver,Mesorhabditis spiculigera,150,24,117,,InterPro:IPR031424
A0AA36FZ24,Protein quiver,Mesorhabditis spiculigera,142,24,108,,InterPro:IPR031424
A0AA36G0F7,UPAR/Ly6 domain-containing protein qvr,Mesorhabditis spiculigera,160,24,137,,InterPro:IPR031424
A0AA36G5G1,Protein sleepless,Mesorhabditis spiculigera,142,25,137,,InterPro:IPR031424
A0AA36G6F3,Protein sleepless,Mesorhabditis spiculigera,128,20,107,,InterPro:IPR031424
A0AA36H535,Uncharacterized protein,Cylicocyclus nassatus (Nematode worm),129,20,109,,InterPro:IPR031424
A0AA36H937,UPAR/Ly6 domain-containing protein,Cylicocyclus nassatus (Nematode worm),179,27,161,,InterPro:IPR031424
A0AA36HHA2,Protein quiver,Cylicocyclus nassatus (Nematode worm),140,22,118,,InterPro:IPR031424
A0AA36ME13,Uncharacterized protein,Cylicocyclus nassatus (Nematode worm),364,232,343,,InterPro:IPR031424
A0AA36MEA9,UPAR/Ly6 domain-containing protein qvr,Cylicocyclus nassatus (Nematode worm),160,24,136,,InterPro:IPR031424
A0AA38HPQ3,Protein sleepless,Zophobas morio,188,72,159,,InterPro:IPR031424
A0AA38HQJ2,Protein sleepless,Zophobas morio,122,19,111,,InterPro:IPR031424
A0AA38HR55,Protein quiver,Zophobas morio,194,78,165,,InterPro:IPR031424
A0AA38HY41,Protein sleepless,Zophobas morio,247,139,222,,InterPro:IPR031424
A0AA38HZ97,Protein sleepless,Zophobas morio,133,20,105,,InterPro:IPR031424
A0AA38HZA9,Protein sleepless,Zophobas morio,136,21,113,,InterPro:IPR031424
A0AA38I2X6,Protein sleepless,Zophobas morio,130,22,109,,InterPro:IPR031424
A0AA38I4R4,Protein sleepless,Zophobas morio,122,20,107,,InterPro:IPR031424
A0AA38I537,Protein sleepless,Zophobas morio,159,43,135,,InterPro:IPR031424
A0AA38IBV1,Protein quiver,Zophobas morio,117,23,104,,InterPro:IPR031424
A0AA38J2B5,Protein sleepless,Zophobas morio,155,20,131,,InterPro:IPR031424
A0AA38M678,Protein sleepless,Zophobas morio,148,25,128,,InterPro:IPR031424
A0AA38M6B8,Protein quiver,Zophobas morio,144,21,122,,InterPro:IPR031424
A0AA38M6X6,Protein sleepless,Zophobas morio,158,21,133,,InterPro:IPR031424
A0AA38M7B0,Protein sleepless,Zophobas morio,154,27,130,,InterPro:IPR031424
A0AA38M7T7,Protein sleepless,Zophobas morio,149,26,124,,InterPro:IPR031424
A0AA38M889,Protein sleepless,Zophobas morio,233,118,210,,InterPro:IPR031424
A0AA38M8S7,Protein sleepless,Zophobas morio,217,102,194,,InterPro:IPR031424
A0AA38M8X0,Protein sleepless,Zophobas morio,190,43,162,,InterPro:IPR031424
A0AA38MJ43,Protein sleepless,Zophobas morio,148,29,124,,InterPro:IPR031424
A0AA38MPK0,Protein sleepless,Zophobas morio,157,36,130,,InterPro:IPR031424
A0AA38MSV0,Protein sleepless,Zophobas morio,169,19,139,,InterPro:IPR031424
A0AA39C6V2,Protein sleepless,Microctonus aethiopoides,171,37,147,,InterPro:IPR031424
A0AA39C6Z1,UPAR/Ly6 domain-containing protein qvr,Microctonus aethiopoides,157,37,124,,InterPro:IPR031424
A0AA39EVG7,Protein sleepless,Microctonus aethiopoides,163,26,136,,InterPro:IPR031424
A0AA39F6Z1,Protein sleepless,Microctonus aethiopoides,140,21,115,,InterPro:IPR031424
A0AA39F7U9,Protein sleepless,Microctonus aethiopoides,154,27,126,,InterPro:IPR031424
A0AA39FKE8,Protein sleepless,Microctonus aethiopoides,159,23,127,,InterPro:IPR031424
A0AA39FKS3,Protein sleepless,Microctonus aethiopoides,149,24,119,,InterPro:IPR031424
A0AA39FXM9,Protein sleepless,Microctonus aethiopoides,144,28,122,,InterPro:IPR031424
A0AA39G1J0,Protein sleepless,Microctonus hyperodae (Parasitoid wasp),159,23,127,,InterPro:IPR031424
A0AA39G6B6,Protein sleepless,Microctonus hyperodae (Parasitoid wasp),140,21,115,,InterPro:IPR031424
A0AA39G6T6,Protein sleepless,Microctonus hyperodae (Parasitoid wasp),154,27,126,,InterPro:IPR031424
A0AA39GZX1,UPAR/Ly6 domain-containing protein qvr,Steinernema hermaphroditum,159,23,136,,InterPro:IPR031424
A0AA39H1F6,Protein quiver,Steinernema hermaphroditum,187,46,157,,InterPro:IPR031424
A0AA39H1R5,Protein sleepless,Steinernema hermaphroditum,139,23,112,,InterPro:IPR031424
A0AA39H1R7,GPI inositol-deacylase,Steinernema hermaphroditum,645,536,625,,InterPro:IPR031424
A0AA39H3W0,Protein sleepless,Steinernema hermaphroditum,179,23,112,,InterPro:IPR031424
A0AA39HSD1,Protein sleepless,Steinernema hermaphroditum,170,28,147,,InterPro:IPR031424
A0AA39HUQ0,UDP-N-acetylglucosamine--dolichyl-phosphate N-acetylglucosaminephosphotransferase,Steinernema hermaphroditum,593,451,570,,InterPro:IPR031424
A0AA39IM01,Protein sleepless,Steinernema hermaphroditum,130,19,107,,InterPro:IPR031424
A0AA39KIK6,Protein sleepless,Microctonus hyperodae (Parasitoid wasp),161,26,137,,InterPro:IPR031424
A0AA39KSI8,Protein sleepless,Microctonus aethiopoides,154,25,128,,InterPro:IPR031424
A0AA39L003,Protein sleepless,Microctonus hyperodae (Parasitoid wasp),154,25,128,,InterPro:IPR031424
A0AA39L0M8,Protein sleepless,Microctonus hyperodae (Parasitoid wasp),144,28,122,,InterPro:IPR031424
A0AA39LP26,Uncharacterized protein,Steinernema hermaphroditum,227,105,206,,InterPro:IPR031424
A0AA40FJ04,Protein sleepless,Melipona bicolor,167,27,122,,InterPro:IPR031424
A0AA40FW43,Protein sleepless,Melipona bicolor,144,26,117,,InterPro:IPR031424
A0AA40FWZ7,Protein sleepless,Melipona bicolor,152,26,125,,InterPro:IPR031424
A0AA40FY30,UPAR/Ly6 domain-containing protein qvr,Melipona bicolor,142,12,100,,InterPro:IPR031424
A0AA40G5R3,Protein sleepless,Melipona bicolor,146,28,122,,InterPro:IPR031424
A0AA40G6H9,Protein sleepless,Melipona bicolor,145,23,117,,InterPro:IPR031424
A0AA40G6U3,Protein sleepless,Melipona bicolor,149,2,120,,InterPro:IPR031424
A0AA40G9E5,Protein sleepless,Melipona bicolor,153,24,127,,InterPro:IPR031424
A0AA40GGZ4,Protein sleepless,Melipona bicolor,156,22,133,,InterPro:IPR031424
A0AA40GIB1,Protein quiver,Melipona bicolor,169,30,143,,InterPro:IPR031424
A0AA82N8M1,Protein quiver,Schistosoma mansoni (Blood fluke),151,26,124,,InterPro:IPR031424
A0AA84ZAK3,Protein quiver,Schistosoma margrebowiei,147,29,117,,InterPro:IPR031424
A0AA85A0F8,Protein quiver,Schistosoma margrebowiei,168,21,144,,InterPro:IPR031424
A0AA85A9G0,Protein quiver,Schistosoma margrebowiei,129,33,119,,InterPro:IPR031424
A0AA85AFU9,UPAR/Ly6 domain-containing protein qvr,Schistosoma margrebowiei,148,22,118,,InterPro:IPR031424
A0AA85AH13,Protein quiver,Schistosoma margrebowiei,198,60,168,,InterPro:IPR031424
A0AA85AJL7,Protein quiver,Schistosoma margrebowiei,133,9,104,,InterPro:IPR031424
A0AA85AM49,Protein quiver,Schistosoma margrebowiei,149,25,120,,InterPro:IPR031424
A0AA85AXY3,Uncharacterized protein,Schistosoma mattheei,136,19,108,,InterPro:IPR031424
A0AA85AYY6,Protein quiver,Schistosoma mattheei,147,29,117,,InterPro:IPR031424
A0AA85BCL9,Protein quiver,Schistosoma mattheei,151,26,124,,InterPro:IPR031424
A0AA85BKM1,Protein quiver,Schistosoma mattheei,168,21,144,,InterPro:IPR031424
A0AA85BTA3,Protein quiver,Schistosoma mattheei,142,15,103,,InterPro:IPR031424
A0AA85BUV8,Protein quiver,Schistosoma mattheei,156,32,131,,InterPro:IPR031424
A0AA85C0Q6,Protein quiver,Schistosoma mattheei,187,38,146,,InterPro:IPR031424
A0AA85C1S6,UPF0506 domain-containing protein,Schistosoma mattheei,250,33,124,,InterPro:IPR031424
A0AA85C346,UPAR/Ly6 domain-containing protein qvr,Schistosoma mattheei,148,22,118,,InterPro:IPR031424
A0AA85EP62,Protein quiver,Schistosoma rodhaini,147,29,117,,InterPro:IPR031424
A0AA85ES42,Protein sleepless,Schistosoma rodhaini,134,19,108,,InterPro:IPR031424
A0AA85G0F4,Protein quiver,Schistosoma rodhaini,168,21,144,,InterPro:IPR031424
A0AA85G3Z5,Protein quiver,Schistosoma rodhaini,138,33,121,,InterPro:IPR031424
A0AA85G5D6,Protein quiver,Schistosoma rodhaini,160,36,135,,InterPro:IPR031424
A0AA85G667,UPAR/Ly6 domain-containing protein qvr,Schistosoma rodhaini,152,22,118,,InterPro:IPR031424
A0AA85G9I9,Protein quiver,Schistosoma rodhaini,175,38,146,,InterPro:IPR031424
A0AA85GDW9,Protein quiver,Schistosoma rodhaini,134,9,104,,InterPro:IPR031424
A0AA85GF90,Protein quiver,Schistosoma rodhaini,133,8,103,,InterPro:IPR031424
A0AA85GGA6,Protein quiver,Schistosoma rodhaini,158,33,128,,InterPro:IPR031424
A0AA85IQ18,UPAR/Ly6 domain-containing protein qvr,Trichobilharzia regenti (Nasal bird schistosome),156,34,122,,InterPro:IPR031424
A0AA85IVG1,UPAR/Ly6 domain-containing protein qvr,Trichobilharzia regenti (Nasal bird schistosome),116,24,102,,InterPro:IPR031424
A0AA85IW49,Protein quiver,Trichobilharzia regenti (Nasal bird schistosome),150,25,120,,InterPro:IPR031424
A0AA85IWY0,Protein quiver,Trichobilharzia regenti (Nasal bird schistosome),179,42,150,,InterPro:IPR031424
A0AA85IYW6,Protein quiver,Trichobilharzia regenti (Nasal bird schistosome),131,18,102,,InterPro:IPR031424
A0AA85IZ95,Uncharacterized protein,Trichobilharzia regenti (Nasal bird schistosome),229,19,105,,InterPro:IPR031424
A0AA85IZ95,Uncharacterized protein,Trichobilharzia regenti (Nasal bird schistosome),229,112,201,,InterPro:IPR031424
A0AA85J3X1,Protein sleepless,Trichobilharzia regenti (Nasal bird schistosome),136,19,108,,InterPro:IPR031424
A0AA85J7K0,Protein sleepless,Trichobilharzia regenti (Nasal bird schistosome),149,27,121,,InterPro:IPR031424
A0AA85JLE3,Protein quiver,Trichobilharzia regenti (Nasal bird schistosome),144,26,114,,InterPro:IPR031424
A0AA85K6Z4,UPAR/Ly6 domain-containing protein qvr,Trichobilharzia regenti (Nasal bird schistosome),206,41,105,,InterPro:IPR031424
A0AA85K6Z4,UPAR/Ly6 domain-containing protein qvr,Trichobilharzia regenti (Nasal bird schistosome),206,113,203,,InterPro:IPR031424
A0AA85KH60,Protein quiver,Trichobilharzia regenti (Nasal bird schistosome),168,21,144,,InterPro:IPR031424
A0AA85KMH9,Protein quiver,Trichobilharzia regenti (Nasal bird schistosome),137,13,112,,InterPro:IPR031424
A0AA85KRY8,Protein quiver,Trichobilharzia regenti (Nasal bird schistosome),159,35,134,,InterPro:IPR031424
A0AA88H9G5,Protein quiver,Artemia franciscana (Brine shrimp),166,32,143,,InterPro:IPR031424
A0AA88I268,Protein quiver,Artemia franciscana (Brine shrimp),222,96,195,,InterPro:IPR031424
A0AA88IAG2,Protein sleepless,Artemia franciscana (Brine shrimp),150,24,123,,InterPro:IPR031424
A0AA88IBQ0,UPAR/Ly6 domain-containing protein qvr,Artemia franciscana (Brine shrimp),151,38,126,,InterPro:IPR031424
A0AA88ID50,Protein sleepless,Artemia franciscana (Brine shrimp),142,24,120,,InterPro:IPR031424
A0AA88LE39,Reverse transcriptase domain-containing protein,Artemia franciscana (Brine shrimp),287,167,264,,InterPro:IPR031424
A0AA88LIV0,Protein sleepless,Artemia franciscana (Brine shrimp),140,24,118,,InterPro:IPR031424
A0AA88XPE4,Protein quiver,Pinctada imbricata (Atlantic pearl-oyster),97,8,71,,InterPro:IPR031424
A0AA88XUC2,Protein quiver,Pinctada imbricata (Atlantic pearl-oyster),639,521,611,,InterPro:IPR031424
A0AA88Y3Y6,Protein quiver,Pinctada imbricata (Atlantic pearl-oyster),160,43,135,,InterPro:IPR031424
A0AA88YC74,Protein sleepless,Pinctada imbricata (Atlantic pearl-oyster),130,8,105,,InterPro:IPR031424
A0AA88YUB5,Protein quiver,Pinctada imbricata (Atlantic pearl-oyster),122,8,94,,InterPro:IPR031424
A0AA89BQM1,Protein quiver,Pinctada imbricata (Atlantic pearl-oyster),130,4,104,,InterPro:IPR031424
A0AA89BUM2,UPAR/Ly6 domain-containing protein qvr,Pinctada imbricata (Atlantic pearl-oyster),153,32,127,,InterPro:IPR031424
A0AA89C1S4,Protein sleepless,Pinctada imbricata (Atlantic pearl-oyster),159,16,126,,InterPro:IPR031424
A0AA89C8S7,Protein sleepless,Pinctada imbricata (Atlantic pearl-oyster),121,12,93,,InterPro:IPR031424
A0AA97LG74,UPAR/Ly6 domain-containing protein,Eublepharis macularius (Leopard gecko),352,31,122,,InterPro:IPR031424
A0AAA9Z236,Protein sleepless,Aedes albopictus (Asian tiger mosquito),151,26,125,,InterPro:IPR031424
A0AAA9Z307,C2H2-type domain-containing protein,Aedes albopictus (Asian tiger mosquito),389,30,126,,InterPro:IPR031424
A0AAA9ZPN4,Protein sleepless,Aedes albopictus (Asian tiger mosquito),165,23,136,,InterPro:IPR031424
A0AAD4JXC5,Protein sleepless,Drosophila rubida,138,4,116,,InterPro:IPR031424
A0AAD4K1R0,UPAR/Ly6 domain-containing protein qvr,Drosophila rubida,146,26,114,,InterPro:IPR031424
A0AAD4K311,Protein sleepless,Drosophila rubida,145,23,117,,InterPro:IPR031424
A0AAD4K4D7,Protein sleepless,Drosophila rubida,147,24,124,,InterPro:IPR031424
A0AAD4K570,Protein sleepless,Drosophila rubida,140,11,114,,InterPro:IPR031424
A0AAD4K5N3,Protein sleepless,Drosophila rubida,151,24,123,,InterPro:IPR031424
A0AAD4K724,Protein sleepless,Drosophila rubida,149,22,118,,InterPro:IPR031424
A0AAD4K7F5,Protein sleepless,Drosophila rubida,154,22,125,,InterPro:IPR031424
A0AAD4K8R2,Protein sleepless,Drosophila rubida,127,7,103,,InterPro:IPR031424
A0AAD4KF87,Protein sleepless,Drosophila rubida,150,28,121,,InterPro:IPR031424
A0AAD4N7B3,Protein sleepless,Ditylenchus destructor,163,39,138,,InterPro:IPR031424
A0AAD4NKF1,Protein sleepless,Ditylenchus destructor,180,35,147,,InterPro:IPR031424
A0AAD4PGP8,Protein sleepless,Drosophila rubida,153,24,120,,InterPro:IPR031424
A0AAD4PKU5,Protein sleepless,Drosophila rubida,165,28,135,,InterPro:IPR031424
A0AAD4PMP9,Protein sleepless,Drosophila rubida,130,10,116,,InterPro:IPR031424
A0AAD4PN06,Protein sleepless,Drosophila rubida,148,22,119,,InterPro:IPR031424
A0AAD4PNT1,Protein sleepless,Drosophila rubida,188,11,158,,InterPro:IPR031424
A0AAD4PP95,Protein sleepless,Drosophila rubida,144,7,108,,InterPro:IPR031424
A0AAD4PPJ0,Protein sleepless,Drosophila rubida,147,24,124,,InterPro:IPR031424
A0AAD4PPP4,Protein sleepless,Drosophila rubida,138,21,120,,InterPro:IPR031424
A0AAD4QYY2,Protein quiver,Ditylenchus destructor,420,57,196,,InterPro:IPR031424
A0AAD5KGC3,Protein sleepless,Daphnia sinensis,136,17,112,,InterPro:IPR031424
A0AAD5KJT4,Protein sleepless,Daphnia sinensis,153,26,122,,InterPro:IPR031424
A0AAD5KQ79,Protein sleepless,Daphnia sinensis,169,42,139,,InterPro:IPR031424
A0AAD5KSZ0,Protein sleepless,Daphnia sinensis,159,29,132,,InterPro:IPR031424
A0AAD5KV66,Protein sleepless,Daphnia sinensis,143,26,114,,InterPro:IPR031424
A0AAD5KWG9,Protein sleepless,Daphnia sinensis,234,81,208,,InterPro:IPR031424
A0AAD5KX33,Protein sleepless,Daphnia sinensis,135,14,108,,InterPro:IPR031424
A0AAD5LLP3,Protein sleepless,Daphnia sinensis,154,27,126,,InterPro:IPR031424
A0AAD5N1P7,Protein quiver,Parelaphostrongylus tenuis (Meningeal worm),246,105,184,,InterPro:IPR031424
A0AAD5N6W8,Protein sleepless,Parelaphostrongylus tenuis (Meningeal worm),170,26,145,,InterPro:IPR031424
A0AAD5N9V0,Protein quiver,Parelaphostrongylus tenuis (Meningeal worm),174,17,131,,InterPro:IPR031424
A0AAD5NA49,Protein sleepless,Parelaphostrongylus tenuis (Meningeal worm),141,23,119,,InterPro:IPR031424
A0AAD5PXM7,UPAR/Ly6 domain-containing protein qvr,Daphnia sinensis,164,40,128,,InterPro:IPR031424
A0AAD5R579,Protein sleepless,Parelaphostrongylus tenuis (Meningeal worm),124,19,101,,InterPro:IPR031424
A0AAD5R5J8,Protein sleepless,Parelaphostrongylus tenuis (Meningeal worm),131,19,108,,InterPro:IPR031424
A0AAD7Y7A1,UPAR/Ly6 domain-containing protein qvr,Mythimna separata (Oriental armyworm),158,48,136,,InterPro:IPR031424
A0AAD7YD98,Protein sleepless,Mythimna separata (Oriental armyworm),169,23,139,,InterPro:IPR031424
A0AAD7YDR8,Protein sleepless,Mythimna separata (Oriental armyworm),163,24,138,,InterPro:IPR031424
A0AAD7YE90,Protein sleepless,Mythimna separata (Oriental armyworm),148,23,126,,InterPro:IPR031424
A0AAD7YEA0,Protein sleepless,Mythimna separata (Oriental armyworm),132,22,111,,InterPro:IPR031424
A0AAD7YEN3,Protein sleepless,Mythimna separata (Oriental armyworm),147,24,123,,InterPro:IPR031424
A0AAD7YF48,Protein sleepless,Mythimna separata (Oriental armyworm),149,20,123,,InterPro:IPR031424
A0AAD7YF75,Protein sleepless,Mythimna separata (Oriental armyworm),142,22,120,,InterPro:IPR031424
A0AAD7YFR5,Protein sleepless,Mythimna separata (Oriental armyworm),153,26,123,,InterPro:IPR031424
A0AAD7YS93,Protein quiver,Mythimna separata (Oriental armyworm),154,28,120,,InterPro:IPR031424
A0AAD7YTB9,Protein quiver,Mythimna separata (Oriental armyworm),149,24,121,,InterPro:IPR031424
A0AAD7YTJ4,Protein sleepless,Mythimna separata (Oriental armyworm),160,35,134,,InterPro:IPR031424
A0AAD7Z4G7,UPAR/Ly6 domain-containing protein qvr,Diploptera punctata (Pacific beetle cockroach),157,34,122,,InterPro:IPR031424
A0AAD7ZB70,Protein sleepless,Diploptera punctata (Pacific beetle cockroach),153,23,126,,InterPro:IPR031424
A0AAD7ZC59,Protein sleepless,Diploptera punctata (Pacific beetle cockroach),131,21,104,,InterPro:IPR031424
A0AAD7ZDP6,Protein sleepless,Diploptera punctata (Pacific beetle cockroach),132,3,97,,InterPro:IPR031424
A0AAD7ZF01,Protein sleepless,Diploptera punctata (Pacific beetle cockroach),148,22,119,,InterPro:IPR031424
A0AAD7ZQU1,Protein sleepless,Diploptera punctata (Pacific beetle cockroach),157,27,138,,InterPro:IPR031424
A0AAD7ZU39,Uncharacterized protein,Diploptera punctata (Pacific beetle cockroach),294,190,269,,InterPro:IPR031424
A0AAD7ZWC7,Protein sleepless,Diploptera punctata (Pacific beetle cockroach),155,8,128,,InterPro:IPR031424
A0AAD7ZWD3,Protein sleepless,Diploptera punctata (Pacific beetle cockroach),149,29,121,,InterPro:IPR031424
A0AAD7ZWE4,Protein sleepless,Diploptera punctata (Pacific beetle cockroach),147,3,120,,InterPro:IPR031424
A0AAD7ZX60,Protein sleepless,Diploptera punctata (Pacific beetle cockroach),90,1,87,,InterPro:IPR031424
A0AAD8AAW8,Uncharacterized protein,Diploptera punctata (Pacific beetle cockroach),93,3,89,,InterPro:IPR031424
A0AAD8AAY1,Protein quiver,Diploptera punctata (Pacific beetle cockroach),183,10,109,,InterPro:IPR031424
A0AAD8AAY3,Protein sleepless,Diploptera punctata (Pacific beetle cockroach),115,24,109,,InterPro:IPR031424
A0AAD8AAZ8,Protein quiver,Diploptera punctata (Pacific beetle cockroach),161,21,128,,InterPro:IPR031424
A0AAD8AD41,Protein sleepless,Diploptera punctata (Pacific beetle cockroach),127,21,105,,InterPro:IPR031424
A0AAD8AH07,Protein sleepless,Diploptera punctata (Pacific beetle cockroach),141,22,112,,InterPro:IPR031424
A0AAD8AI24,Protein sleepless,Diploptera punctata (Pacific beetle cockroach),151,29,125,,InterPro:IPR031424
A0AAD8B7P0,Protein quiver,Biomphalaria pfeifferi (Bloodfluke planorb),198,78,162,,InterPro:IPR031424
A0AAD8BBI5,Protein sleepless,Biomphalaria pfeifferi (Bloodfluke planorb),106,23,104,,InterPro:IPR031424
A0AAD8BUK2,Protein sleepless,Biomphalaria pfeifferi (Bloodfluke planorb),145,21,116,,InterPro:IPR031424
A0AAD8BV31,Protein sleepless,Biomphalaria pfeifferi (Bloodfluke planorb),150,22,125,,InterPro:IPR031424
A0AAD8BWY1,Protein quiver,Biomphalaria pfeifferi (Bloodfluke planorb),140,25,110,,InterPro:IPR031424
A0AAD8BYI5,Protein sleepless,Biomphalaria pfeifferi (Bloodfluke planorb),127,4,92,,InterPro:IPR031424
A0AAD8C2K7,Protein quiver,Biomphalaria pfeifferi (Bloodfluke planorb),186,23,136,,InterPro:IPR031424
A0AAD8CCL0,Protein sleepless,Biomphalaria pfeifferi (Bloodfluke planorb),163,25,135,,InterPro:IPR031424
A0AAD8DKE4,Protein sleepless,Mythimna separata (Oriental armyworm),166,32,142,,InterPro:IPR031424
A0AAD8DL30,Protein sleepless,Mythimna separata (Oriental armyworm),147,22,125,,InterPro:IPR031424
A0AAD8DNP9,Protein sleepless,Mythimna separata (Oriental armyworm),140,21,115,,InterPro:IPR031424
A0AAD8DV10,Protein sleepless,Mythimna separata (Oriental armyworm),148,26,123,,InterPro:IPR031424
A0AAD8DVV4,Protein sleepless,Mythimna separata (Oriental armyworm),158,20,133,,InterPro:IPR031424
A0AAD8DW24,Protein sleepless,Mythimna separata (Oriental armyworm),145,25,106,,InterPro:IPR031424
A0AAD8E8K1,Protein sleepless,Diploptera punctata (Pacific beetle cockroach),135,18,112,,InterPro:IPR031424
A0AAD8EMJ0,Protein sleepless,Diploptera punctata (Pacific beetle cockroach),161,22,136,,InterPro:IPR031424
A0AAD8EMM5,Protein sleepless,Diploptera punctata (Pacific beetle cockroach),137,3,113,,InterPro:IPR031424
A0AAD8EMX0,Protein sleepless,Diploptera punctata (Pacific beetle cockroach),164,22,137,,InterPro:IPR031424
A0AAD8EN74,Protein sleepless,Diploptera punctata (Pacific beetle cockroach),128,25,127,,InterPro:IPR031424
A0AAD8F194,Protein sleepless,Biomphalaria pfeifferi (Bloodfluke planorb),178,51,146,,InterPro:IPR031424
A0AAD8F3F5,Protein sleepless,Biomphalaria pfeifferi (Bloodfluke planorb),144,24,116,,InterPro:IPR031424
A0AAD8F3Z1,UPAR/Ly6 domain-containing protein qvr,Biomphalaria pfeifferi (Bloodfluke planorb),144,23,119,,InterPro:IPR031424
A0AAD8F464,Protein sleepless,Biomphalaria pfeifferi (Bloodfluke planorb),141,27,114,,InterPro:IPR031424
A0AAD8FBU4,Protein sleepless,Biomphalaria pfeifferi (Bloodfluke planorb),140,25,114,,InterPro:IPR031424
A0AAD9J719,Protein sleepless,Paralvinella palmiformis,166,40,144,,InterPro:IPR031424
A0AAD9JAZ3,Protein quiver,Paralvinella palmiformis,236,30,107,,InterPro:IPR031424
A0AAD9JJI0,Protein sleepless,Paralvinella palmiformis,128,27,104,,InterPro:IPR031424
A0AAD9JV98,Protein quiver,Ridgeia piscesae (Tubeworm),126,23,100,,InterPro:IPR031424
A0AAD9JVT5,Protein quiver,Ridgeia piscesae (Tubeworm),126,23,100,,InterPro:IPR031424
A0AAD9K0J0,Protein sleepless,Paralvinella palmiformis,153,28,120,,InterPro:IPR031424
A0AAD9K860,Protein sleepless,Paralvinella palmiformis,147,25,121,,InterPro:IPR031424
A0AAD9KAK2,Protein sleepless,Paralvinella palmiformis,128,9,100,,InterPro:IPR031424
A0AAD9KBK4,Protein sleepless,Paralvinella palmiformis,150,29,126,,InterPro:IPR031424
A0AAD9KEQ2,Protein sleepless,Paralvinella palmiformis,152,21,127,,InterPro:IPR031424
A0AAD9KN79,UPAR/Ly6 domain-containing protein qvr,Ridgeia piscesae (Tubeworm),322,35,131,,InterPro:IPR031424
A0AAD9KN79,UPAR/Ly6 domain-containing protein qvr,Ridgeia piscesae (Tubeworm),322,202,298,,InterPro:IPR031424
A0AAD9KN80,Protein quiver,Ridgeia piscesae (Tubeworm),156,34,126,,InterPro:IPR031424
A0AAD9KYX1,Protein sleepless,Ridgeia piscesae (Tubeworm),118,3,94,,InterPro:IPR031424
A0AAD9L4Y8,Chitin-binding type-2 domain-containing protein,Ridgeia piscesae (Tubeworm),628,171,251,,InterPro:IPR031424
A0AAD9L536,Protein quiver,Ridgeia piscesae (Tubeworm),130,24,104,,InterPro:IPR031424
A0AAD9NC90,Protein quiver,Ridgeia piscesae (Tubeworm),144,6,116,,InterPro:IPR031424
A0AAD9NZ40,UPAR/Ly6 domain-containing protein qvr,Ridgeia piscesae (Tubeworm),127,12,98,,InterPro:IPR031424
A0AAD9P2R0,Protein quiver,Ridgeia piscesae (Tubeworm),141,8,114,,InterPro:IPR031424
A0AAD9P7Y9,Protein quiver,Ridgeia piscesae (Tubeworm),129,22,103,,InterPro:IPR031424
A0AAD9PC26,Protein sleepless,Ridgeia piscesae (Tubeworm),135,20,109,,InterPro:IPR031424
A0AAD9PD13,Protein quiver,Ridgeia piscesae (Tubeworm),138,23,99,,InterPro:IPR031424
A0AAD9RK63,Protein sleepless,Odynerus spinipes,154,25,128,,InterPro:IPR031424
A0AAD9RWB6,UPAR/Ly6 domain-containing protein qvr,Odynerus spinipes,294,173,260,,InterPro:IPR031424
A0AAD9RXJ9,Protein sleepless,Odynerus spinipes,146,28,122,,InterPro:IPR031424
A0AAD9RXM7,Protein quiver,Odynerus spinipes,136,24,110,,InterPro:IPR031424
A0AAD9RXY4,Protein sleepless,Odynerus spinipes,144,23,117,,InterPro:IPR031424
A0AAD9UCL5,Uncharacterized protein,Ridgeia piscesae (Tubeworm),192,78,157,,InterPro:IPR031424
A0AAD9VIZ8,Protein sleepless,Odynerus spinipes,141,26,117,,InterPro:IPR031424
A0AAD9VM37,Protein sleepless,Odynerus spinipes,156,22,133,,InterPro:IPR031424
A0AAD9VUL7,Protein sleepless,Odynerus spinipes,228,88,183,,InterPro:IPR031424
A0AAD9VUU5,Protein sleepless,Odynerus spinipes,178,25,148,,InterPro:IPR031424
A0AAD9VUW6,Protein sleepless,Odynerus spinipes,154,23,121,,InterPro:IPR031424
A0AAD9VVS8,Protein sleepless,Odynerus spinipes,152,26,125,,InterPro:IPR031424
A0AAE0RTZ0,UPAR/Ly6 domain-containing protein qvr,Potamilus streckersoni,146,25,121,,InterPro:IPR031424
A0AAE0RY61,Protein sleepless,Potamilus streckersoni,146,25,119,,InterPro:IPR031424
A0AAE0RYK5,Protein quiver,Potamilus streckersoni,135,25,106,,InterPro:IPR031424
A0AAE0S0F9,Protein sleepless,Potamilus streckersoni,138,24,113,,InterPro:IPR031424
A0AAE0S1E1,Protein sleepless,Potamilus streckersoni,146,24,121,,InterPro:IPR031424
A0AAE0S2P7,Protein quiver,Potamilus streckersoni,141,24,114,,InterPro:IPR031424
A0AAE0S2T1,Protein sleepless,Potamilus streckersoni,151,24,124,,InterPro:IPR031424
A0AAE0S332,UPAR/Ly6 domain-containing protein qvr,Potamilus streckersoni,148,31,117,,InterPro:IPR031424
A0AAE0S8T1,Uncharacterized protein,Potamilus streckersoni,127,24,104,,InterPro:IPR031424
A0AAE0S9S1,Protein sleepless,Potamilus streckersoni,124,24,101,,InterPro:IPR031424
A0AAE0SAA0,Protein sleepless,Potamilus streckersoni,148,25,125,,InterPro:IPR031424
A0AAE0SHY0,Protein quiver,Potamilus streckersoni,127,24,101,,InterPro:IPR031424
A0AAE0SJR6,Protein quiver,Potamilus streckersoni,125,25,103,,InterPro:IPR031424
A0AAE0SQF5,UPAR/Ly6 domain-containing protein qvr,Potamilus streckersoni,150,31,121,,InterPro:IPR031424
A0AAE0SQJ1,Protein quiver,Potamilus streckersoni,139,18,108,,InterPro:IPR031424
A0AAE0SZG4,Protein sleepless,Potamilus streckersoni,122,24,99,,InterPro:IPR031424
A0AAE0SZQ3,Protein sleepless,Potamilus streckersoni,113,15,90,,InterPro:IPR031424
A0AAE0T315,Protein sleepless,Potamilus streckersoni,144,27,118,,InterPro:IPR031424
A0AAE0T514,Protein quiver,Potamilus streckersoni,125,24,102,,InterPro:IPR031424
A0AAE0TGU6,Protein sleepless,Potamilus streckersoni,134,22,110,,InterPro:IPR031424
A0AAE0TKB2,Protein quiver,Potamilus streckersoni,131,24,105,,InterPro:IPR031424
A0AAE0VJU8,Protein sleepless,Potamilus streckersoni,144,24,116,,InterPro:IPR031424
A0AAE0VKV6,UPAR/Ly6 domain-containing protein qvr,Potamilus streckersoni,152,42,123,,InterPro:IPR031424
A0AAE0VQX4,UPAR/Ly6 domain-containing protein qvr,Potamilus streckersoni,127,24,104,,InterPro:IPR031424
A0AAE0VX39,Sodefrin-like factor,Potamilus streckersoni,135,33,112,,InterPro:IPR031424
A0AAE0Y9Y1,Uncharacterized protein,Elysia crispata (lettuce slug),132,47,119,,InterPro:IPR031424
A0AAE0YVX5,Protein quiver,Elysia crispata (lettuce slug),160,50,137,,InterPro:IPR031424
A0AAE0YZD4,UPAR/Ly6 domain-containing protein qvr,Elysia crispata (lettuce slug),147,26,122,,InterPro:IPR031424
A0AAE1ATY2,Protein quiver,Elysia crispata (lettuce slug),146,20,117,,InterPro:IPR031424
A0AAE1B9N1,Protein sleepless,Elysia crispata (lettuce slug),143,27,115,,InterPro:IPR031424
A0AAE1BNY0,Protein quiver,Petrolisthes cinctipes (Flat porcelain crab),159,30,127,,InterPro:IPR031424
A0AAE1BUP3,Protein sleepless,Petrolisthes cinctipes (Flat porcelain crab),131,3,101,,InterPro:IPR031424
A0AAE1CJN7,Protein sleepless,Elysia crispata (lettuce slug),184,38,133,,InterPro:IPR031424
A0AAE1CSN5,Protein quiver,Elysia crispata (lettuce slug),183,49,147,,InterPro:IPR031424
A0AAE1CZH7,UPAR/Ly6 domain-containing protein qvr,Elysia crispata (lettuce slug),141,31,115,,InterPro:IPR031424
A0AAE1D795,Protein sleepless,Elysia crispata (lettuce slug),148,24,116,,InterPro:IPR031424
A0AAE1DJ86,Protein sleepless,Elysia crispata (lettuce slug),153,22,125,,InterPro:IPR031424
A0AAE1DQ77,Protein sleepless,Elysia crispata (lettuce slug),136,24,107,,InterPro:IPR031424
A0AAE1DSZ7,Protein quiver,Elysia crispata (lettuce slug),171,28,138,,InterPro:IPR031424
A0AAE1DY27,Protein sleepless,Elysia crispata (lettuce slug),290,155,252,,InterPro:IPR031424
A0AAE1EHE9,Protein sleepless,Petrolisthes cinctipes (Flat porcelain crab),160,20,138,,InterPro:IPR031424
A0AAE1EI58,Protein sleepless,Petrolisthes cinctipes (Flat porcelain crab),154,20,132,,InterPro:IPR031424
A0AAE1EMP3,Protein sleepless,Petrolisthes cinctipes (Flat porcelain crab),207,22,108,,InterPro:IPR031424
A0AAE1F414,NADP-dependent oxidoreductase domain-containing protein,Petrolisthes cinctipes (Flat porcelain crab),269,19,119,,InterPro:IPR031424
A0AAE1F462,NADP-dependent oxidoreductase domain-containing protein,Petrolisthes cinctipes (Flat porcelain crab),264,19,114,,InterPro:IPR031424
A0AAE1FFU4,Protein sleepless,Petrolisthes cinctipes (Flat porcelain crab),154,23,126,,InterPro:IPR031424
A0AAE1FWW7,Protein sleepless,Petrolisthes cinctipes (Flat porcelain crab),133,22,108,,InterPro:IPR031424
A0AAE1GG61,Protein sleepless,Petrolisthes cinctipes (Flat porcelain crab),152,24,123,,InterPro:IPR031424
A0AAE1GPL1,Protein sleepless,Frankliniella fusca,167,29,139,,InterPro:IPR031424
A0AAE1GUB5,Protein sleepless,Frankliniella fusca,160,39,136,,InterPro:IPR031424
A0AAE1GWL2,Protein sleepless,Frankliniella fusca,231,77,206,,InterPro:IPR031424
A0AAE1GYN6,Protein sleepless,Frankliniella fusca,143,19,117,,InterPro:IPR031424
A0AAE1H7P7,Protein sleepless,Frankliniella fusca,201,86,174,,InterPro:IPR031424
A0AAE1HK50,Protein sleepless,Frankliniella fusca,153,25,125,,InterPro:IPR031424
A0AAE1HKP2,Protein sleepless,Frankliniella fusca,143,8,119,,InterPro:IPR031424
A0AAE1HUI7,Protein sleepless,Frankliniella fusca,146,24,120,,InterPro:IPR031424
A0AAE1HV16,Protein sleepless,Frankliniella fusca,142,26,119,,InterPro:IPR031424
A0AAE1HV84,Protein sleepless,Frankliniella fusca,147,21,120,,InterPro:IPR031424
A0AAE1HXC3,Protein sleepless,Frankliniella fusca,158,25,128,,InterPro:IPR031424
A0AAE1HZ02,UPAR/Ly6 domain-containing protein qvr,Frankliniella fusca,178,61,149,,InterPro:IPR031424
A0AAE1KC76,Protein quiver,Petrolisthes cinctipes (Flat porcelain crab),149,29,121,,InterPro:IPR031424
A0AAE1KPU9,Protein sleepless,Petrolisthes cinctipes (Flat porcelain crab),149,25,124,,InterPro:IPR031424
A0AAE1LG45,Protein sleepless,Frankliniella fusca,193,60,175,,InterPro:IPR031424
A0AAE1LKA7,Protein sleepless,Frankliniella fusca,158,37,129,,InterPro:IPR031424
A0AAE1LKN2,Protein sleepless,Frankliniella fusca,166,36,131,,InterPro:IPR031424
A0AAE1NVB4,Protein quiver,Petrolisthes manimaculis,208,41,151,,InterPro:IPR031424
A0AAE1P5K6,Protein quiver,Petrolisthes manimaculis,159,30,127,,InterPro:IPR031424
A0AAE1P8U8,Cyanocobalamin reductase (cyanide-eliminating),Petrolisthes manimaculis,666,19,114,,InterPro:IPR031424
A0AAE1PD73,UPAR/Ly6 domain-containing protein qvr,Petrolisthes manimaculis,121,2,88,,InterPro:IPR031424
A0AAE1PMN4,Protein sleepless,Petrolisthes manimaculis,152,24,123,,InterPro:IPR031424
A0AAE1Q447,Protein quiver,Petrolisthes manimaculis,141,10,113,,InterPro:IPR031424
A0AAE1TTC6,Protein sleepless,Petrolisthes manimaculis,149,25,124,,InterPro:IPR031424
A0AAE1U1C0,Uncharacterized protein,Petrolisthes manimaculis,84,15,74,,InterPro:IPR031424
A0AAE1U273,Protein sleepless,Petrolisthes manimaculis,141,28,116,,InterPro:IPR031424
A0AAE1UCY0,Protein sleepless,Petrolisthes manimaculis,127,3,102,,InterPro:IPR031424
A0AAE1UDI7,Protein sleepless,Petrolisthes manimaculis,158,30,121,,InterPro:IPR031424
A0AAE1Z5J0,Protein sleepless,Schistosoma mekongi (Parasitic worm),149,27,120,,InterPro:IPR031424
A0AAE1Z6V5,Protein quiver,Schistosoma mekongi (Parasitic worm),149,25,120,,InterPro:IPR031424
A0AAE1Z6Z0,Protein quiver,Schistosoma mekongi (Parasitic worm),149,25,120,,InterPro:IPR031424
A0AAE1ZAK4,Protein quiver,Schistosoma mekongi (Parasitic worm),152,34,122,,InterPro:IPR031424
A0AAE1ZIV0,Protein quiver,Schistosoma mekongi (Parasitic worm),147,30,117,,InterPro:IPR031424
A0AAE1ZKQ6,Protein quiver,Schistosoma mekongi (Parasitic worm),150,26,124,,InterPro:IPR031424
A0AAE2D1T3,UPAR/Ly6 domain-containing protein qvr,Schistosoma mekongi (Parasitic worm),150,21,117,,InterPro:IPR031424
A0AAE2D4S2,Protein quiver,Schistosoma mekongi (Parasitic worm),210,62,185,,InterPro:IPR031424
A0AAE2D542,Protein quiver,Schistosoma mekongi (Parasitic worm),159,36,134,,InterPro:IPR031424
A0AAE2D8N8,Protein quiver,Schistosoma mekongi (Parasitic worm),188,71,160,,InterPro:IPR031424
A0AAE8ZXP2,Protein sleepless,Caenorhabditis briggsae,128,19,101,,InterPro:IPR031424
A0AAE8ZY61,Protein quiver,Caenorhabditis briggsae,143,22,129,,InterPro:IPR031424
A0AAE9AB12,Protein sleepless,Caenorhabditis briggsae,187,45,165,,InterPro:IPR031424
A0AAE9AIE7,Protein sleepless,Caenorhabditis briggsae,127,17,105,,InterPro:IPR031424
A0AAE9D0L0,Uncharacterized protein,Caenorhabditis briggsae,199,17,142,,InterPro:IPR031424
A0AAE9D123,Protein sleepless,Caenorhabditis briggsae,293,151,271,,InterPro:IPR031424
A0AAE9DKX9,Protein quiver,Caenorhabditis briggsae,128,24,108,,InterPro:IPR031424
A0AAE9ECB9,Uncharacterized protein,Caenorhabditis briggsae,191,30,169,,InterPro:IPR031424
A0AAE9EEB2,Uncharacterized protein,Caenorhabditis briggsae,187,26,165,,InterPro:IPR031424
A0AAE9EEE9,Protein sleepless,Caenorhabditis briggsae,128,24,108,,InterPro:IPR031424
A0AAE9F0J2,Protein sleepless,Caenorhabditis briggsae,126,19,101,,InterPro:IPR031424
A0AAE9F7F0,Protein sleepless,Caenorhabditis briggsae,187,45,165,,InterPro:IPR031424
A0AAE9FF68,Protein sleepless,Caenorhabditis briggsae,141,29,118,,InterPro:IPR031424
A0AAE9JRN8,Protein sleepless,Caenorhabditis briggsae,137,20,110,,InterPro:IPR031424
A0AAF3EGP8,UPAR/Ly6 domain-containing protein qvr,Mesorhabditis belari,154,20,133,,InterPro:IPR031424
A0AAF3EJ17,Protein sleepless,Mesorhabditis belari,115,5,94,,InterPro:IPR031424
A0AAF3EVJ8,Protein quiver,Mesorhabditis belari,131,22,109,,InterPro:IPR031424
A0AAF3F2R7,Protein quiver,Mesorhabditis belari,167,23,145,,InterPro:IPR031424
A0AAF3J768,Protein quiver,Mesorhabditis belari,134,24,109,,InterPro:IPR031424
A0AAF3JAZ3,Protein quiver,Mesorhabditis belari,136,19,114,,InterPro:IPR031424
A0AAF5PHB2,Protein quiver,Wuchereria bancrofti,134,20,109,,InterPro:IPR031424
A0AAG5CZ23,Protein quiver,Anopheles atroparvus (European mosquito),198,47,157,,InterPro:IPR031424
A0AAG5D910,Protein sleepless,Anopheles atroparvus (European mosquito),147,21,114,,InterPro:IPR031424
A0AAG5D913,Protein sleepless,Anopheles atroparvus (European mosquito),151,20,123,,InterPro:IPR031424
A0AAG5D937,Protein sleepless,Anopheles atroparvus (European mosquito),160,28,136,,InterPro:IPR031424
A0AAG5D9C4,Protein sleepless,Anopheles atroparvus (European mosquito),143,26,120,,InterPro:IPR031424
A0AAG5D9T4,Protein sleepless,Anopheles atroparvus (European mosquito),145,25,128,,InterPro:IPR031424
A0AAG5DAQ9,Protein sleepless,Anopheles atroparvus (European mosquito),169,24,139,,InterPro:IPR031424
A0AAG5DT94,Protein sleepless,Anopheles atroparvus (European mosquito),167,25,138,,InterPro:IPR031424
A0AAG5DVA0,Protein sleepless,Anopheles atroparvus (European mosquito),157,31,127,,InterPro:IPR031424
A0AAJ6QNF7,Protein sleepless,Galendromus occidentalis (western predatory mite),160,21,120,,InterPro:IPR031424
A0AAJ6QRH8,Protein sleepless,Galendromus occidentalis (western predatory mite),145,21,118,,InterPro:IPR031424
A0AAJ6QRN2,Protein sleepless,Galendromus occidentalis (western predatory mite),148,20,123,,InterPro:IPR031424
A0AAJ6QSZ1,Protein sleepless,Galendromus occidentalis (western predatory mite),153,38,130,,InterPro:IPR031424
A0AAJ6QTB4,Protein sleepless,Galendromus occidentalis (western predatory mite),141,25,117,,InterPro:IPR031424
A0AAJ6QTL7,Protein sleepless,Galendromus occidentalis (western predatory mite),157,25,134,,InterPro:IPR031424
A0AAJ6QVL1,Protein quiver,Galendromus occidentalis (western predatory mite),148,26,120,,InterPro:IPR031424
A0AAJ6VJR7,Protein sleepless,Ceratosolen solmsi marchali,149,30,124,,InterPro:IPR031424
A0AAJ6VYA5,Protein quiver,Galendromus occidentalis (western predatory mite),143,23,116,,InterPro:IPR031424
A0AAJ6VZ29,Protein sleepless,Galendromus occidentalis (western predatory mite),152,31,128,,InterPro:IPR031424
A0AAJ6VZL1,Protein quiver,Galendromus occidentalis (western predatory mite),153,17,128,,InterPro:IPR031424
A0AAJ6VZY4,Protein sleepless,Galendromus occidentalis (western predatory mite),139,28,113,,InterPro:IPR031424
A0AAJ6YBD5,Protein sleepless,Ceratosolen solmsi marchali,134,15,109,,InterPro:IPR031424
A0AAJ6YBW8,UPAR/Ly6 domain-containing protein qvr,Ceratosolen solmsi marchali,153,30,117,,InterPro:IPR031424
A0AAJ6YK86,Protein sleepless,Ceratosolen solmsi marchali,151,27,122,,InterPro:IPR031424
A0AAJ6YLB8,Protein quiver,Ceratosolen solmsi marchali,188,74,162,,InterPro:IPR031424
A0AAJ6YX19,Protein sleepless,Ceratosolen solmsi marchali,153,25,128,,InterPro:IPR031424
A0AAJ6Z359,Protein sleepless,Papilio xuthus (Asian swallowtail butterfly),184,76,162,,InterPro:IPR031424
A0AAJ6Z3L6,Protein sleepless,Papilio xuthus (Asian swallowtail butterfly),145,25,123,,InterPro:IPR031424
A0AAJ6Z3M9,Protein sleepless,Papilio xuthus (Asian swallowtail butterfly),140,20,118,,InterPro:IPR031424
A0AAJ6ZFL8,Protein sleepless,Papilio xuthus (Asian swallowtail butterfly),147,23,122,,InterPro:IPR031424
A0AAJ6ZLM7,Protein sleepless,Papilio xuthus (Asian swallowtail butterfly),156,19,132,,InterPro:IPR031424
A0AAJ6ZNW5,UPAR/Ly6 domain-containing protein qvr,Papilio xuthus (Asian swallowtail butterfly),161,48,136,,InterPro:IPR031424
A0AAJ6ZP00,UPAR/Ly6 domain-containing protein qvr,Papilio xuthus (Asian swallowtail butterfly),145,32,120,,InterPro:IPR031424
A0AAJ6ZQI6,Protein sleepless,Papilio xuthus (Asian swallowtail butterfly),155,26,129,,InterPro:IPR031424
A0AAJ6ZV78,Protein sleepless,Papilio xuthus (Asian swallowtail butterfly),152,26,122,,InterPro:IPR031424
A0AAJ6ZV92,Protein sleepless,Papilio xuthus (Asian swallowtail butterfly),143,22,121,,InterPro:IPR031424
A0AAJ6ZW70,Protein sleepless,Papilio xuthus (Asian swallowtail butterfly),148,19,121,,InterPro:IPR031424
A0AAJ6ZW80,Protein sleepless,Papilio xuthus (Asian swallowtail butterfly),161,23,136,,InterPro:IPR031424
A0AAJ7BLP6,UPAR/Ly6 domain-containing protein qvr,Cephus cinctus (Wheat stem sawfly),174,49,137,,InterPro:IPR031424
A0AAJ7BM76,Protein sleepless,Cephus cinctus (Wheat stem sawfly),192,78,166,,InterPro:IPR031424
A0AAJ7BMQ9,Protein sleepless,Cephus cinctus (Wheat stem sawfly),143,26,117,,InterPro:IPR031424
A0AAJ7BN98,Uncharacterized protein LOC107265422,Cephus cinctus (Wheat stem sawfly),129,20,105,,InterPro:IPR031424
A0AAJ7BQ69,Protein quiver,Cephus cinctus (Wheat stem sawfly),152,38,124,,InterPro:IPR031424
A0AAJ7BQ78,Protein sleepless,Cephus cinctus (Wheat stem sawfly),143,21,115,,InterPro:IPR031424
A0AAJ7BQA7,Protein sleepless,Cephus cinctus (Wheat stem sawfly),160,27,129,,InterPro:IPR031424
A0AAJ7BQE1,Protein sleepless,Cephus cinctus (Wheat stem sawfly),201,68,170,,InterPro:IPR031424
A0AAJ7BRX0,Protein sleepless,Cephus cinctus (Wheat stem sawfly),159,22,132,,InterPro:IPR031424
A0AAJ7BSQ9,Ig-like domain-containing protein,Cephus cinctus (Wheat stem sawfly),515,397,491,,InterPro:IPR031424
A0AAJ7CA48,Protein sleepless,Cephus cinctus (Wheat stem sawfly),157,23,134,,InterPro:IPR031424
A0AAJ7CCB9,Protein sleepless,Cephus cinctus (Wheat stem sawfly),148,29,124,,InterPro:IPR031424
A0AAJ7DU36,Protein sleepless,Ceratosolen solmsi marchali,143,23,117,,InterPro:IPR031424
A0AAJ7DYK1,Protein sleepless,Ceratosolen solmsi marchali,154,27,126,,InterPro:IPR031424
A0AAJ7DZB1,Protein sleepless,Ceratosolen solmsi marchali,164,31,142,,InterPro:IPR031424
A0AAJ7E932,Protein sleepless,Papilio xuthus (Asian swallowtail butterfly),171,25,141,,InterPro:IPR031424
A0AAJ7EEM3,Protein sleepless,Papilio xuthus (Asian swallowtail butterfly),159,27,137,,InterPro:IPR031424
A0AAJ7EJL8,Protein sleepless,Papilio xuthus (Asian swallowtail butterfly),139,20,114,,InterPro:IPR031424
A0AAJ7FFE7,UPAR/Ly6 domain-containing protein qvr,Cephus cinctus (Wheat stem sawfly),153,28,116,,InterPro:IPR031424
A0AAJ7FHC9,Protein sleepless,Cephus cinctus (Wheat stem sawfly),183,22,154,,InterPro:IPR031424
A0AAJ7FR50,Protein sleepless,Cephus cinctus (Wheat stem sawfly),157,25,129,,InterPro:IPR031424
A0AAJ7FSC9,Protein sleepless,Cephus cinctus (Wheat stem sawfly),155,26,125,,InterPro:IPR031424
A0AAJ7ITS2,Protein sleepless,Ceratina calcarata,179,24,150,,InterPro:IPR031424
A0AAJ7J0N6,UPAR/Ly6 domain-containing protein qvr,Ceratina calcarata,158,29,116,,InterPro:IPR031424
A0AAJ7J9A3,AAA+ ATPase domain-containing protein,Ceratina calcarata,536,23,126,,InterPro:IPR031424
A0AAJ7N461,Protein sleepless,Ceratina calcarata,144,22,116,,InterPro:IPR031424
A0AAJ7N4H2,Protein sleepless,Ceratina calcarata,154,24,123,,InterPro:IPR031424
A0AAJ7N6N2,Protein sleepless,Ceratina calcarata,160,25,120,,InterPro:IPR031424
A0AAJ7NDG1,Protein sleepless,Ceratina calcarata,155,21,132,,InterPro:IPR031424
A0AAJ7RBH6,UPAR/Ly6 domain-containing protein qvr,Cephus cinctus (Wheat stem sawfly),158,33,121,,InterPro:IPR031424
A0AAJ7SBW0,Protein sleepless,Ceratina calcarata,143,25,119,,InterPro:IPR031424
A0AAJ7W055,Protein sleepless,Cephus cinctus (Wheat stem sawfly),170,37,139,,InterPro:IPR031424
A0AAJ7W931,Protein sleepless,Ceratina calcarata,144,23,112,,InterPro:IPR031424
A0AAJ7W9R5,Protein quiver,Ceratina calcarata,139,26,111,,InterPro:IPR031424
A0AAN5CP02,Protein sleepless,Pristionchus mayeri,123,16,103,,InterPro:IPR031424
A0AAN5D6K6,Protein sleepless,Pristionchus mayeri,123,17,100,,InterPro:IPR031424
A0AAN5DBR4,Protein quiver,Pristionchus mayeri,194,57,172,,InterPro:IPR031424
A0AAN5DHC4,Secreted protein,Pristionchus mayeri,145,27,113,,InterPro:IPR031424
A0AAN5I9I8,UPAR/Ly6 domain-containing protein,Pristionchus mayeri,140,45,117,,InterPro:IPR031424
A0AAN5IBS1,UPAR/Ly6 domain-containing protein qvr,Pristionchus mayeri,136,3,116,,InterPro:IPR031424
A0AAN7NUL8,Protein sleepless,Aquatica leii,160,39,134,,InterPro:IPR031424
A0AAN7NZX8,Protein sleepless,Aquatica leii,148,26,124,,InterPro:IPR031424
A0AAN7P015,Protein sleepless,Aquatica leii,138,25,115,,InterPro:IPR031424
A0AAN7P245,Protein sleepless,Aquatica leii,136,24,113,,InterPro:IPR031424
A0AAN7P2B0,Protein sleepless,Aquatica leii,149,22,125,,InterPro:IPR031424
A0AAN7P3S3,Single domain-containing protein,Aquatica leii,205,24,125,,InterPro:IPR031424
A0AAN7P4D1,Protein sleepless,Aquatica leii,432,226,304,,InterPro:IPR031424
A0AAN7PFV4,UPAR/Ly6 domain-containing protein qvr,Aquatica leii,601,485,573,,InterPro:IPR031424
A0AAN7PG56,UPAR/Ly6 domain-containing protein qvr,Aquatica leii,139,27,116,,InterPro:IPR031424
A0AAN7PGY7,Protein sleepless,Aquatica leii,143,23,114,,InterPro:IPR031424
A0AAN7PR60,Protein sleepless,Aquatica leii,165,28,143,,InterPro:IPR031424
A0AAN7PRQ5,Protein sleepless,Aquatica leii,273,118,250,,InterPro:IPR031424
A0AAN7PZU5,Protein sleepless,Aquatica leii,129,25,103,,InterPro:IPR031424
A0AAN7Q8T4,Protein sleepless,Aquatica leii,146,25,120,,InterPro:IPR031424
A0AAN7QD38,Protein sleepless,Aquatica leii,136,18,109,,InterPro:IPR031424
A0AAN7QPD1,Sodefrin-like factor,Aquatica leii,113,24,108,,InterPro:IPR031424
A0AAN7SBG8,Fork-head domain-containing protein,Aquatica leii,593,458,569,,InterPro:IPR031424
A0AAN7SCD3,Protein sleepless,Aquatica leii,125,26,102,,InterPro:IPR031424
A0AAN7SLK3,Protein sleepless,Aquatica leii,160,24,136,,InterPro:IPR031424
A0AAN7SNP7,Protein sleepless,Aquatica leii,126,20,102,,InterPro:IPR031424
A0AAN7V135,Protein sleepless,Pyrocoelia pectoralis,160,37,133,,InterPro:IPR031424
A0AAN7V4N1,Protein sleepless,Pyrocoelia pectoralis,146,24,117,,InterPro:IPR031424
A0AAN7V6T4,Protein sleepless,Pyrocoelia pectoralis,164,27,142,,InterPro:IPR031424
A0AAN7VAH2,Protein sleepless,Pyrocoelia pectoralis,112,22,110,,InterPro:IPR031424
A0AAN7VAI9,Protein quiver,Pyrocoelia pectoralis,124,23,99,,InterPro:IPR031424
A0AAN7VAJ5,Protein sleepless,Pyrocoelia pectoralis,191,27,162,,InterPro:IPR031424
A0AAN7VBA5,Protein sleepless,Pyrocoelia pectoralis,137,20,111,,InterPro:IPR031424
A0AAN7VBD4,Protein sleepless,Pyrocoelia pectoralis,137,24,114,,InterPro:IPR031424
A0AAN7VEH9,Protein sleepless,Pyrocoelia pectoralis,149,22,125,,InterPro:IPR031424
A0AAN7ZDB0,Protein sleepless,Pyrocoelia pectoralis,149,26,124,,InterPro:IPR031424
A0AAN7ZEE7,Protein sleepless,Pyrocoelia pectoralis,114,23,109,,InterPro:IPR031424
A0AAN7ZFS0,Protein sleepless,Pyrocoelia pectoralis,158,23,135,,InterPro:IPR031424
A0AAN7ZJZ8,Protein sleepless,Pyrocoelia pectoralis,120,24,96,,InterPro:IPR031424
A0AAN8EZ52,Protein quiver,Trichostrongylus colubriformis (Black scour worm),177,20,134,,InterPro:IPR031424
A0AAN8FI88,Protein sleepless,Trichostrongylus colubriformis (Black scour worm),153,20,131,,InterPro:IPR031424
A0AAN8G7E8,Protein quiver,Trichostrongylus colubriformis (Black scour worm),140,22,118,,InterPro:IPR031424
A0AAN8G8C1,Protein sleepless,Trichostrongylus colubriformis (Black scour worm),129,19,108,,InterPro:IPR031424
A0AAN8GDG9,Uncharacterized protein,Patella caerulea (Rayed Mediterranean limpet),121,33,112,,InterPro:IPR031424
A0AAN8J2E1,Protein quiver,Trichostrongylus colubriformis (Black scour worm),173,26,146,,InterPro:IPR031424
A0AAN8J8E9,Protein sleepless,Patella caerulea (Rayed Mediterranean limpet),134,22,106,,InterPro:IPR031424
A0AAN8J8Q7,Protein sleepless,Patella caerulea (Rayed Mediterranean limpet),143,29,119,,InterPro:IPR031424
A0AAN8JFM8,Protein quiver,Patella caerulea (Rayed Mediterranean limpet),130,24,105,,InterPro:IPR031424
A0AAN8K0C4,UPAR/Ly6 domain-containing protein qvr,Patella caerulea (Rayed Mediterranean limpet),133,16,102,,InterPro:IPR031424
A0AAN8K2H6,Protein quiver,Patella caerulea (Rayed Mediterranean limpet),152,41,127,,InterPro:IPR031424
A0AAN8K4B0,Protein sleepless,Patella caerulea (Rayed Mediterranean limpet),145,24,116,,InterPro:IPR031424
A0AAN8K6B6,Protein quiver,Patella caerulea (Rayed Mediterranean limpet),135,24,110,,InterPro:IPR031424
A0AAN8K8C8,Protein sleepless,Patella caerulea (Rayed Mediterranean limpet),140,21,117,,InterPro:IPR031424
A0AAN8KB77,UPAR/Ly6 domain-containing protein qvr,Patella caerulea (Rayed Mediterranean limpet),145,24,120,,InterPro:IPR031424
A0AAN8NXM7,Protein sleepless,Polyplax serrata (Common mouse louse),158,25,135,,InterPro:IPR031424
A0AAN8NYN3,Protein sleepless,Polyplax serrata (Common mouse louse),143,22,116,,InterPro:IPR031424
A0AAN8PC98,Protein sleepless,Polyplax serrata (Common mouse louse),163,33,134,,InterPro:IPR031424
A0AAN8PRH5,Protein sleepless,Polyplax serrata (Common mouse louse),150,27,124,,InterPro:IPR031424
A0AAN8PTS3,UPAR/Ly6 domain-containing protein qvr,Patella caerulea (Rayed Mediterranean limpet),145,36,124,,InterPro:IPR031424
A0AAN8Q402,UPAR/Ly6 domain-containing protein qvr,Patella caerulea (Rayed Mediterranean limpet),155,46,134,,InterPro:IPR031424
A0AAN8QA45,Protein quiver,Patella caerulea (Rayed Mediterranean limpet),169,30,140,,InterPro:IPR031424
A0AAN8RVU3,Protein sleepless,Polyplax serrata (Common mouse louse),212,25,124,,InterPro:IPR031424
A0AAN8S127,Uncharacterized protein,Polyplax serrata (Common mouse louse),114,21,89,,InterPro:IPR031424
A0AAN8S2L3,Protein quiver,Polyplax serrata (Common mouse louse),206,51,182,,InterPro:IPR031424
A0AAN8S5V3,Protein sleepless,Polyplax serrata (Common mouse louse),98,5,71,,InterPro:IPR031424
A0AAN8XDZ6,Protein sleepless,Halocaridina rubra (Hawaiian red shrimp),158,22,134,,InterPro:IPR031424
A0AAN8ZVL0,Protein sleepless,Halocaridina rubra (Hawaiian red shrimp),146,21,119,,InterPro:IPR031424
A0AAN8ZXL0,Protein sleepless,Halocaridina rubra (Hawaiian red shrimp),149,22,125,,InterPro:IPR031424
A0AAN9A8J7,Protein sleepless,Halocaridina rubra (Hawaiian red shrimp),126,8,104,,InterPro:IPR031424
A0AAN9AAC4,Protein sleepless,Halocaridina rubra (Hawaiian red shrimp),147,29,121,,InterPro:IPR031424
A0AAN9AGP9,Protein sleepless,Halocaridina rubra (Hawaiian red shrimp),148,28,125,,InterPro:IPR031424
A0AAN9B0W9,Protein sleepless,Littorina saxatilis,161,26,119,,InterPro:IPR031424
A0AAN9B6F1,Protein sleepless,Littorina saxatilis,153,23,126,,InterPro:IPR031424
A0AAN9B6H8,Protein quiver,Littorina saxatilis,142,22,118,,InterPro:IPR031424
A0AAN9BBJ2,Protein quiver,Littorina saxatilis,164,27,126,,InterPro:IPR031424
A0AAN9BPM5,Protein quiver,Littorina saxatilis,163,26,136,,InterPro:IPR031424
A0AAN9BTU6,UPAR/Ly6 domain-containing protein qvr,Littorina saxatilis,145,23,119,,InterPro:IPR031424
A0AAN9BUS4,Protein quiver,Littorina saxatilis,138,26,109,,InterPro:IPR031424
A0AAN9BVJ2,Protein sleepless,Littorina saxatilis,153,23,121,,InterPro:IPR031424
A0AAN9BVL1,Protein sleepless,Littorina saxatilis,149,24,116,,InterPro:IPR031424
A0AAN9BW68,Protein sleepless,Littorina saxatilis,144,30,118,,InterPro:IPR031424
A0AAN9G719,Protein sleepless,Littorina saxatilis,138,26,104,,InterPro:IPR031424
A0AAN9G7L0,Protein quiver,Littorina saxatilis,170,26,104,,InterPro:IPR031424
A0AAN9G7X2,Protein sleepless,Littorina saxatilis,135,26,104,,InterPro:IPR031424
A0AAN9GM40,Protein sleepless,Littorina saxatilis,131,24,107,,InterPro:IPR031424
A0AAN9TH44,Protein quiver,Parthenolecanium corni,164,27,138,,InterPro:IPR031424
A0AAN9V120,Protein sleepless,Gryllus longicercus,170,21,124,,InterPro:IPR031424
A0AAN9V4C5,Protein sleepless,Gryllus longicercus,146,27,123,,InterPro:IPR031424
A0AAN9V5F4,Protein sleepless,Gryllus longicercus,148,29,119,,InterPro:IPR031424
A0AAN9V7F9,Accessory gland protein,Gryllus longicercus,137,25,112,,InterPro:IPR031424
A0AAN9V8S8,UPAR/Ly6 domain-containing protein qvr,Gryllus longicercus,209,27,115,,InterPro:IPR031424
A0AAN9VAY6,UPAR/Ly6 domain-containing protein qvr,Gryllus longicercus,157,27,114,,InterPro:IPR031424
A0AAN9VBC6,Protein quiver,Gryllus longicercus,197,80,168,,InterPro:IPR031424
A0AAN9VFW5,Protein sleepless,Gryllus longicercus,134,25,107,,InterPro:IPR031424
A0AAN9VHP3,Protein sleepless,Gryllus longicercus,151,21,124,,InterPro:IPR031424
A0AAN9VMJ3,Protein sleepless,Gryllus longicercus,174,30,139,,InterPro:IPR031424
A0AAN9VRP4,Protein sleepless,Gryllus longicercus,170,30,141,,InterPro:IPR031424
A0AAN9VSI3,Protein quiver,Gryllus longicercus,153,27,123,,InterPro:IPR031424
A0AAN9VSP3,Protein sleepless,Gryllus longicercus,147,28,122,,InterPro:IPR031424
A0AAN9VUK7,Protein sleepless,Gryllus longicercus,172,45,146,,InterPro:IPR031424
A0AAN9VW72,Protein sleepless,Gryllus longicercus,156,34,129,,InterPro:IPR031424
A0AAN9VWK2,Protein sleepless,Gryllus longicercus,150,24,123,,InterPro:IPR031424
A0AAN9VY26,Protein sleepless,Gryllus longicercus,149,33,115,,InterPro:IPR031424
A0AAN9VZ88,Protein sleepless,Gryllus longicercus,156,26,125,,InterPro:IPR031424
A0AAN9W368,Protein sleepless,Gryllus longicercus,106,19,102,,InterPro:IPR031424
A0AAN9W9F5,Protein sleepless,Gryllus longicercus,137,10,111,,InterPro:IPR031424
A0AAN9Y0Q1,Protein sleepless,Parthenolecanium corni,144,24,122,,InterPro:IPR031424
A0AAN9Z1D4,Protein quiver,Gryllus longicercus,205,29,150,,InterPro:IPR031424
A0AAN9Z724,UPAR/Ly6 domain-containing protein,Gryllus longicercus,147,20,108,,InterPro:IPR031424
A0AAN9ZB28,Protein sleepless,Gryllus longicercus,151,21,124,,InterPro:IPR031424
A0AAN9ZCY1,Protein sleepless,Gryllus longicercus,158,25,136,,InterPro:IPR031424
A0AAQ4D8L0,Protein sleepless,Amblyomma americanum (Lone star tick),190,72,160,,InterPro:IPR031424
A0AAQ4EK39,Protein sleepless,Amblyomma americanum (Lone star tick),163,41,132,,InterPro:IPR031424
A0AAQ4ENF5,Protein sleepless,Amblyomma americanum (Lone star tick),152,24,121,,InterPro:IPR031424
A0AAQ4ESK9,UPAR/Ly6 domain-containing protein qvr,Amblyomma americanum (Lone star tick),187,39,125,,InterPro:IPR031424
A0AAQ4ETQ6,Protein quiver,Amblyomma americanum (Lone star tick),197,69,168,,InterPro:IPR031424
A0AAQ4EWM5,Protein quiver,Amblyomma americanum (Lone star tick),163,22,131,,InterPro:IPR031424
A0AAQ4F071,Protein sleepless,Amblyomma americanum (Lone star tick),144,29,121,,InterPro:IPR031424
A0AAQ4F9P1,Protein quiver,Amblyomma americanum (Lone star tick),91,12,67,,InterPro:IPR031424
A0AAQ4FFD3,Protein sleepless,Amblyomma americanum (Lone star tick),156,26,129,,InterPro:IPR031424
A0AAR5P399,Protein sleepless,Dendroctonus ponderosae (Mountain pine beetle),170,44,147,,InterPro:IPR031424
A0AAR5P6V7,Protein sleepless,Dendroctonus ponderosae (Mountain pine beetle),146,27,124,,InterPro:IPR031424
A0AAR5PBA6,Protein sleepless,Dendroctonus ponderosae (Mountain pine beetle),159,24,134,,InterPro:IPR031424
A0AAR5PQY7,Protein sleepless,Dendroctonus ponderosae (Mountain pine beetle),138,22,112,,InterPro:IPR031424
A0AAR5PT32,Protein sleepless,Dendroctonus ponderosae (Mountain pine beetle),155,26,129,,InterPro:IPR031424
A0AAR5PU57,Protein sleepless,Dendroctonus ponderosae (Mountain pine beetle),138,13,114,,InterPro:IPR031424
A0AAR5PUE4,Protein sleepless,Dendroctonus ponderosae (Mountain pine beetle),150,25,126,,InterPro:IPR031424
A0AAR5PXB1,Protein sleepless,Dendroctonus ponderosae (Mountain pine beetle),169,27,140,,InterPro:IPR031424
A0AAR5QAA3,Protein sleepless,Dendroctonus ponderosae (Mountain pine beetle),168,26,144,,InterPro:IPR031424
A0AAR5QIG7,Protein sleepless,Dendroctonus ponderosae (Mountain pine beetle),130,20,109,,InterPro:IPR031424
A0AAR5QIG9,Protein sleepless,Dendroctonus ponderosae (Mountain pine beetle),124,28,105,,InterPro:IPR031424
A0AAR5QIH0,Protein sleepless,Dendroctonus ponderosae (Mountain pine beetle),147,25,121,,InterPro:IPR031424
A0AAR5QIQ2,Protein sleepless,Dendroctonus ponderosae (Mountain pine beetle),122,22,121,,InterPro:IPR031424
A0AAR5QIR5,UPAR/Ly6 domain-containing protein qvr,Dendroctonus ponderosae (Mountain pine beetle),145,31,116,,InterPro:IPR031424
A0AAR5QJP1,Protein sleepless,Dendroctonus ponderosae (Mountain pine beetle),146,25,124,,InterPro:IPR031424
A0AAR5QJS9,Protein sleepless,Dendroctonus ponderosae (Mountain pine beetle),200,24,178,,InterPro:IPR031424
A0AAR5QJX6,Protein sleepless,Dendroctonus ponderosae (Mountain pine beetle),197,24,175,,InterPro:IPR031424
A0AAU9EVN8,Protein sleepless,Drosophila madeirensis (Fruit fly),182,35,153,,InterPro:IPR031424
A0AAU9FIY8,Protein sleepless,Drosophila madeirensis (Fruit fly),148,24,125,,InterPro:IPR031424
A0AAU9FIZ8,Protein sleepless,Drosophila madeirensis (Fruit fly),150,21,122,,InterPro:IPR031424
A0AAU9FJ78,Protein sleepless,Drosophila madeirensis (Fruit fly),157,28,131,,InterPro:IPR031424
A0AAU9FJB4,Protein sleepless,Drosophila madeirensis (Fruit fly),148,24,125,,InterPro:IPR031424
A0AAU9FJE2,Protein sleepless,Drosophila madeirensis (Fruit fly),147,22,119,,InterPro:IPR031424
A0AAU9FJJ9,Protein sleepless,Drosophila madeirensis (Fruit fly),149,22,126,,InterPro:IPR031424
A0AAU9FJT1,Protein sleepless,Drosophila madeirensis (Fruit fly),145,24,118,,InterPro:IPR031424
A0AAU9FKJ9,Protein sleepless,Drosophila madeirensis (Fruit fly),151,24,123,,InterPro:IPR031424
A0AAU9FKN8,Protein sleepless,Drosophila madeirensis (Fruit fly),154,22,125,,InterPro:IPR031424
A0AAU9FLN8,Protein sleepless,Drosophila madeirensis (Fruit fly),143,22,118,,InterPro:IPR031424
A0AAU9FMW8,Protein sleepless,Drosophila madeirensis (Fruit fly),159,23,135,,InterPro:IPR031424
A0AAU9FZE5,Protein sleepless,Drosophila madeirensis (Fruit fly),155,29,125,,InterPro:IPR031424
A0AAU9G019,Protein quiver,Drosophila madeirensis (Fruit fly),151,28,121,,InterPro:IPR031424
A0AAU9G8Y8,Protein quiver,Drosophila madeirensis (Fruit fly),162,27,131,,InterPro:IPR031424
A0AAU9G909,Protein sleepless,Drosophila madeirensis (Fruit fly),155,24,120,,InterPro:IPR031424
A0AAU9G9A5,UPAR/Ly6 domain-containing protein qvr,Drosophila madeirensis (Fruit fly),160,40,128,,InterPro:IPR031424
A0AAU9G9R6,UPAR/Ly6 domain-containing protein qvr,Drosophila madeirensis (Fruit fly),176,56,144,,InterPro:IPR031424
A0AAU9GAX9,UPAR/Ly6 domain-containing protein qvr,Drosophila madeirensis (Fruit fly),157,37,125,,InterPro:IPR031424
A0AAU9TCK0,UPAR/Ly6 domain-containing protein qvr,Euphydryas editha (Edith's checkerspot),128,17,105,,InterPro:IPR031424
A0AAU9TM31,Protein sleepless,Euphydryas editha (Edith's checkerspot),173,24,123,,InterPro:IPR031424
A0AAU9TNU6,Protein sleepless,Euphydryas editha (Edith's checkerspot),148,24,123,,InterPro:IPR031424
A0AAU9TZ31,Protein sleepless,Euphydryas editha (Edith's checkerspot),159,20,133,,InterPro:IPR031424
A0AAU9U0H9,Protein sleepless,Euphydryas editha (Edith's checkerspot),148,20,122,,InterPro:IPR031424
A0AAU9U0Z2,Protein sleepless,Euphydryas editha (Edith's checkerspot),151,26,129,,InterPro:IPR031424
A0AAU9U2Z5,Protein sleepless,Euphydryas editha (Edith's checkerspot),147,14,125,,InterPro:IPR031424
A0AAU9U4F3,Protein quiver,Euphydryas editha (Edith's checkerspot),166,28,141,,InterPro:IPR031424
A0AAU9U4P9,Protein sleepless,Euphydryas editha (Edith's checkerspot),157,11,127,,InterPro:IPR031424
A0AAU9U518,Protein sleepless,Euphydryas editha (Edith's checkerspot),150,24,123,,InterPro:IPR031424
A0AAU9U5L7,Protein sleepless,Euphydryas editha (Edith's checkerspot),132,22,111,,InterPro:IPR031424
A0AAU9U8S6,Protein sleepless,Euphydryas editha (Edith's checkerspot),150,22,124,,InterPro:IPR031424
A0AAU9V678,Protein sleepless,Euphydryas editha (Edith's checkerspot),144,24,119,,InterPro:IPR031424
A0AAV0VQI2,Protein sleepless,Macrosiphum euphorbiae (potato aphid),156,33,134,,InterPro:IPR031424
A0AAV0VTK2,Protein sleepless,Macrosiphum euphorbiae (potato aphid),183,33,149,,InterPro:IPR031424
A0AAV0VWJ7,Protein quiver,Macrosiphum euphorbiae (potato aphid),144,27,119,,InterPro:IPR031424
A0AAV0VX27,Protein sleepless,Macrosiphum euphorbiae (potato aphid),177,21,150,,InterPro:IPR031424
A0AAV0VX48,Protein sleepless,Macrosiphum euphorbiae (potato aphid),156,26,126,,InterPro:IPR031424
A0AAV0W1I7,Protein sleepless,Macrosiphum euphorbiae (potato aphid),140,25,115,,InterPro:IPR031424
A0AAV0W928,Protein sleepless,Macrosiphum euphorbiae (potato aphid),162,28,124,,InterPro:IPR031424
A0AAV0WC12,UPAR/Ly6 domain-containing protein qvr,Macrosiphum euphorbiae (potato aphid),143,26,114,,InterPro:IPR031424
A0AAV0WF67,Protein sleepless,Macrosiphum euphorbiae (potato aphid),156,22,119,,InterPro:IPR031424
A0AAV0WGI4,Protein sleepless,Macrosiphum euphorbiae (potato aphid),141,25,116,,InterPro:IPR031424
A0AAV0WRT7,Protein sleepless,Macrosiphum euphorbiae (potato aphid),153,24,127,,InterPro:IPR031424
A0AAV0WRX2,Protein quiver,Macrosiphum euphorbiae (potato aphid),127,13,104,,InterPro:IPR031424
A0AAV0WT58,Protein sleepless,Macrosiphum euphorbiae (potato aphid),139,25,116,,InterPro:IPR031424
A0AAV0X393,Protein sleepless,Macrosiphum euphorbiae (potato aphid),153,24,127,,InterPro:IPR031424
A0AAV0X614,Protein sleepless,Macrosiphum euphorbiae (potato aphid),147,24,122,,InterPro:IPR031424
A0AAV0X842,Protein sleepless,Macrosiphum euphorbiae (potato aphid),161,24,135,,InterPro:IPR031424
A0AAV1IWL2,Protein quiver,Leptosia nina,153,20,132,,InterPro:IPR031424
A0AAV1J1R8,Protein sleepless,Leptosia nina,148,23,122,,InterPro:IPR031424
A0AAV1JCI5,Protein sleepless,Leptosia nina,131,21,112,,InterPro:IPR031424
A0AAV1JIA5,UPAR/Ly6 domain-containing protein qvr,Leptosia nina,142,32,120,,InterPro:IPR031424
A0AAV1JLW6,UPAR/Ly6 domain-containing protein qvr,Leptosia nina,158,48,136,,InterPro:IPR031424
A0AAV1JQZ7,Protein sleepless,Leptosia nina,158,22,135,,InterPro:IPR031424
A0AAV1JT69,Protein sleepless,Leptosia nina,150,26,123,,InterPro:IPR031424
A0AAV1K226,Protein sleepless,Leptosia nina,147,21,123,,InterPro:IPR031424
A0AAV1K2L5,Protein sleepless,Leptosia nina,151,23,129,,InterPro:IPR031424
A0AAV1K4L9,Protein sleepless,Leptosia nina,160,22,135,,InterPro:IPR031424
A0AAV1K4N6,Protein sleepless,Leptosia nina,132,22,111,,InterPro:IPR031424
A0AAV1K581,Bromo domain-containing protein,Leptosia nina,1139,21,96,,InterPro:IPR031424
A0AAV1K5G4,Protein sleepless,Leptosia nina,148,24,123,,InterPro:IPR031424
A0AAV1K900,Protein sleepless,Parnassius mnemosyne (clouded apollo),149,26,123,,InterPro:IPR031424
A0AAV1K9I4,Protein sleepless,Parnassius mnemosyne (clouded apollo),158,20,133,,InterPro:IPR031424
A0AAV1KA03,Protein sleepless,Parnassius mnemosyne (clouded apollo),160,22,135,,InterPro:IPR031424
A0AAV1KUY8,Protein sleepless,Parnassius mnemosyne (clouded apollo),148,19,121,,InterPro:IPR031424
A0AAV1KVN2,Protein sleepless,Parnassius mnemosyne (clouded apollo),162,24,137,,InterPro:IPR031424
A0AAV1KW31,Protein sleepless,Parnassius mnemosyne (clouded apollo),143,22,121,,InterPro:IPR031424
A0AAV1KWD7,Protein quiver,Parnassius mnemosyne (clouded apollo),151,24,123,,InterPro:IPR031424
A0AAV1KWV3,Protein sleepless,Parnassius mnemosyne (clouded apollo),133,22,112,,InterPro:IPR031424
A0AAV1KX74,Protein sleepless,Parnassius mnemosyne (clouded apollo),150,26,122,,InterPro:IPR031424
A0AAV1KXD5,Protein sleepless,Parnassius mnemosyne (clouded apollo),149,23,127,,InterPro:IPR031424
A0AAV1KXV7,Uncharacterized protein,Parnassius mnemosyne (clouded apollo),165,28,138,,InterPro:IPR031424
A0AAV1KZP7,Protein sleepless,Parnassius mnemosyne (clouded apollo),141,21,115,,InterPro:IPR031424
A0AAV1L4T4,Protein sleepless,Parnassius mnemosyne (clouded apollo),107,7,82,,InterPro:IPR031424
A0AAV1L4Z5,Protein sleepless,Parnassius mnemosyne (clouded apollo),157,22,135,,InterPro:IPR031424
A0AAV1L8H3,Protein sleepless,Parnassius mnemosyne (clouded apollo),171,25,141,,InterPro:IPR031424
A0AAV1LC85,UPAR/Ly6 domain-containing protein qvr,Parnassius mnemosyne (clouded apollo),160,48,136,,InterPro:IPR031424
A0AAV1LXE2,Protein sleepless,Parnassius mnemosyne (clouded apollo),139,25,116,,InterPro:IPR031424
A0AAV1M3X5,Protein quiver,Parnassius mnemosyne (clouded apollo),160,26,130,,InterPro:IPR031424
A0AAV1YYC3,Protein sleepless,Larinioides sclopetarius,146,23,120,,InterPro:IPR031424
A0AAV1Z070,Protein sleepless,Larinioides sclopetarius,146,28,120,,InterPro:IPR031424
A0AAV1Z414,Protein sleepless,Larinioides sclopetarius,142,25,118,,InterPro:IPR031424
A0AAV1Z6A3,Protein sleepless,Larinioides sclopetarius,148,19,122,,InterPro:IPR031424
A0AAV1Z7Z5,Protein sleepless,Larinioides sclopetarius,144,24,112,,InterPro:IPR031424
A0AAV1Z8A5,UPAR/Ly6 domain-containing protein qvr,Larinioides sclopetarius,157,42,130,,InterPro:IPR031424
A0AAV1ZE07,Protein sleepless,Larinioides sclopetarius,140,24,113,,InterPro:IPR031424
A0AAV1ZGU2,Protein quiver,Larinioides sclopetarius,158,18,130,,InterPro:IPR031424
A0AAV1ZGU3,Protein sleepless,Larinioides sclopetarius,141,25,118,,InterPro:IPR031424
A0AAV1ZH19,Protein sleepless,Larinioides sclopetarius,148,28,121,,InterPro:IPR031424
A0AAV1ZH59,Protein sleepless,Larinioides sclopetarius,145,25,118,,InterPro:IPR031424
A0AAV1ZUD3,UPAR/Ly6 domain-containing protein qvr,Larinioides sclopetarius,144,34,121,,InterPro:IPR031424
A0AAV2AUC6,Protein sleepless,Larinioides sclopetarius,149,29,123,,InterPro:IPR031424
A0AAV2AVZ7,Protein quiver,Larinioides sclopetarius,151,24,123,,InterPro:IPR031424
A0AAV2AWB7,Protein quiver,Larinioides sclopetarius,164,24,136,,InterPro:IPR031424
A0AAV2B0U6,Protein sleepless,Larinioides sclopetarius,134,17,106,,InterPro:IPR031424
A0AAV2B461,Protein sleepless,Larinioides sclopetarius,150,28,120,,InterPro:IPR031424
A0AAV2B6P3,Protein sleepless,Larinioides sclopetarius,139,22,111,,InterPro:IPR031424
A0AAV2B7Z1,Protein sleepless,Larinioides sclopetarius,172,34,143,,InterPro:IPR031424
A0AAV2BC17,Protein quiver,Larinioides sclopetarius,209,76,185,,InterPro:IPR031424
A0AAV2BC22,Protein quiver,Larinioides sclopetarius,172,39,148,,InterPro:IPR031424
A0AAV2BHT0,Protein quiver,Larinioides sclopetarius,140,24,117,,InterPro:IPR031424
A0AAV2BPI0,Protein sleepless,Larinioides sclopetarius,146,23,116,,InterPro:IPR031424
A0AAV2HJ30,Protein sleepless,Lymnaea stagnalis (Great pond snail),141,28,116,,InterPro:IPR031424
A0AAV2I0N0,Protein sleepless,Lymnaea stagnalis (Great pond snail),161,25,135,,InterPro:IPR031424
A0AAV2I1U1,Protein sleepless,Lymnaea stagnalis (Great pond snail),148,31,116,,InterPro:IPR031424
A0AAV2I2Q1,Protein sleepless,Lymnaea stagnalis (Great pond snail),168,37,134,,InterPro:IPR031424
A0AAV2I7I9,Protein sleepless,Lymnaea stagnalis (Great pond snail),144,24,116,,InterPro:IPR031424
A0AAV2I7R2,Protein quiver,Lymnaea stagnalis (Great pond snail),135,24,109,,InterPro:IPR031424
A0AAV2IAC3,UPAR/Ly6 domain-containing protein qvr,Lymnaea stagnalis (Great pond snail),144,23,119,,InterPro:IPR031424
A0AAV2ICL4,UPAR/Ly6 domain-containing protein qvr,Lymnaea stagnalis (Great pond snail),148,29,115,,InterPro:IPR031424
A0AAV2IHZ8,Protein quiver,Lymnaea stagnalis (Great pond snail),140,24,114,,InterPro:IPR031424
A0AAV2IPI5,Protein sleepless,Lymnaea stagnalis (Great pond snail),152,22,125,,InterPro:IPR031424
A0AAV2IQ26,Protein quiver,Lymnaea stagnalis (Great pond snail),145,21,116,,InterPro:IPR031424
A0AAV2N1C5,UPAR/Ly6 domain-containing protein qvr,Lasius platythorax,158,28,116,,InterPro:IPR031424
A0AAV2N6H7,Protein sleepless,Lasius platythorax,164,29,124,,InterPro:IPR031424
A0AAV2N959,Protein sleepless,Lasius platythorax,157,27,126,,InterPro:IPR031424
A0AAV2N9G1,Protein sleepless,Lasius platythorax,142,29,117,,InterPro:IPR031424
A0AAV2NAQ4,Protein sleepless,Lasius platythorax,151,26,125,,InterPro:IPR031424
A0AAV2NB89,Protein sleepless,Lasius platythorax,154,24,123,,InterPro:IPR031424
A0AAV2NBY6,Protein sleepless,Lasius platythorax,186,57,160,,InterPro:IPR031424
A0AAV2ND17,Protein sleepless,Lasius platythorax,155,21,132,,InterPro:IPR031424
A0AAV2NDA2,Protein sleepless,Lasius platythorax,145,25,116,,InterPro:IPR031424
A0AAV2NIE3,Protein sleepless,Lasius platythorax,152,29,123,,InterPro:IPR031424
A0AAV2P1K5,Protein sleepless,Lasius platythorax,146,28,122,,InterPro:IPR031424
A0AAV2PNB8,Protein sleepless,Meganyctiphanes norvegica (Northern krill),146,26,121,,InterPro:IPR031424
A0AAV2PQ02,Protein quiver,Meganyctiphanes norvegica (Northern krill),147,21,121,,InterPro:IPR031424
A0AAV2PQR1,Protein sleepless,Meganyctiphanes norvegica (Northern krill),132,21,110,,InterPro:IPR031424
A0AAV2PXT5,Protein sleepless,Meganyctiphanes norvegica (Northern krill),144,33,121,,InterPro:IPR031424
A0AAV2Q359,Protein sleepless,Meganyctiphanes norvegica (Northern krill),122,4,107,,InterPro:IPR031424
A0AAV2QF42,Protein quiver,Meganyctiphanes norvegica (Northern krill),190,51,161,,InterPro:IPR031424
A0AAV2QRU4,UPAR/Ly6 domain-containing protein qvr,Meganyctiphanes norvegica (Northern krill),120,4,91,,InterPro:IPR031424
A0AAV2QXI5,Uncharacterized protein,Meganyctiphanes norvegica (Northern krill),190,52,162,,InterPro:IPR031424
A0AAV2R648,Protein sleepless,Meganyctiphanes norvegica (Northern krill),129,21,103,,InterPro:IPR031424
A0AAV2RAZ1,Protein sleepless,Meganyctiphanes norvegica (Northern krill),139,20,114,,InterPro:IPR031424
A0AAV2RBS6,Protein sleepless,Meganyctiphanes norvegica (Northern krill),150,29,125,,InterPro:IPR031424
A0AAV2RIY7,Protein sleepless,Meganyctiphanes norvegica (Northern krill),144,4,116,,InterPro:IPR031424
A0AAV2S4P3,ShKT domain-containing protein,Meganyctiphanes norvegica (Northern krill),478,361,452,,InterPro:IPR031424
A0AAV2SAX8,Protein sleepless,Meganyctiphanes norvegica (Northern krill),126,4,102,,InterPro:IPR031424
A0AAV2SDI9,Protein sleepless,Meganyctiphanes norvegica (Northern krill),138,20,116,,InterPro:IPR031424
A0AAV2SF60,Protein quiver,Meganyctiphanes norvegica (Northern krill),148,30,123,,InterPro:IPR031424
A0AAV2SGW7,Protein sleepless,Meganyctiphanes norvegica (Northern krill),141,26,119,,InterPro:IPR031424
A0AAV2SYG9,Protein quiver,Calicophoron daubneyi (Rumen fluke),142,28,117,,InterPro:IPR031424
A0AAV2T376,Protein quiver,Calicophoron daubneyi (Rumen fluke),168,35,144,,InterPro:IPR031424
A0AAV2TB78,Protein quiver,Calicophoron daubneyi (Rumen fluke),153,26,121,,InterPro:IPR031424
A0AAV2TEA7,UPAR/Ly6 domain-containing protein qvr,Calicophoron daubneyi (Rumen fluke),145,18,114,,InterPro:IPR031424
A0AAV2TGF5,Protein sleepless,Calicophoron daubneyi (Rumen fluke),146,28,116,,InterPro:IPR031424
A0AAV2THT9,Protein sleepless,Calicophoron daubneyi (Rumen fluke),181,31,153,,InterPro:IPR031424
A0AAV2TNC1,Protein quiver,Calicophoron daubneyi (Rumen fluke),151,26,125,,InterPro:IPR031424
A0AAV2TYT7,UPAR/Ly6 domain-containing protein qvr,Calicophoron daubneyi (Rumen fluke),161,46,134,,InterPro:IPR031424
A0AAV2U1Z3,Protein sleepless,Calicophoron daubneyi (Rumen fluke),136,21,109,,InterPro:IPR031424
A0AAV3Y1N0,Protein sleepless,Plakobranchus ocellatus,152,22,125,,InterPro:IPR031424
A0AAV3YIY5,Uncharacterized protein,Plakobranchus ocellatus,109,26,100,,InterPro:IPR031424
A0AAV3YY36,Protein quiver,Plakobranchus ocellatus,143,27,113,,InterPro:IPR031424
A0AAV3ZH09,Protein sleepless,Plakobranchus ocellatus,176,32,127,,InterPro:IPR031424
A0AAV4BHP9,Protein sleepless,Plakobranchus ocellatus,207,74,171,,InterPro:IPR031424
A0AAV4BNI7,Protein sleepless,Plakobranchus ocellatus,145,20,117,,InterPro:IPR031424
A0AAV4BVJ7,UPAR/Ly6 domain-containing protein qvr,Plakobranchus ocellatus,146,25,121,,InterPro:IPR031424
A0AAV4BX28,Protein sleepless,Plakobranchus ocellatus,144,24,116,,InterPro:IPR031424
A0AAV4BZP7,Protein sleepless,Plakobranchus ocellatus,166,26,136,,InterPro:IPR031424
A0AAV4CCD2,Protein sleepless,Plakobranchus ocellatus,165,33,131,,InterPro:IPR031424
A0AAV4D2L6,Protein sleepless,Plakobranchus ocellatus,142,26,114,,InterPro:IPR031424
A0AAV4DQF9,Protein sleepless,Plakobranchus ocellatus,131,17,104,,InterPro:IPR031424
A0AAV4DT10,Protein sleepless,Plakobranchus ocellatus,137,23,107,,InterPro:IPR031424
A0AAV4EI06,Protein sleepless,Elysia marginata,293,178,265,,InterPro:IPR031424
A0AAV4EJM8,Protein sleepless,Elysia marginata,157,45,131,,InterPro:IPR031424
A0AAV4EZZ3,Protein sleepless,Elysia marginata,135,24,107,,InterPro:IPR031424
A0AAV4FEP2,Protein sleepless,Elysia marginata,152,22,125,,InterPro:IPR031424
A0AAV4FNR0,Protein sleepless,Elysia marginata,142,25,91,,InterPro:IPR031424
A0AAV4GHS6,Protein sleepless,Elysia marginata,154,19,116,,InterPro:IPR031424
A0AAV4HTB9,Protein quiver,Elysia marginata,145,20,117,,InterPro:IPR031424
A0AAV4HWX7,UPAR/Ly6 domain-containing protein qvr,Elysia marginata,146,25,121,,InterPro:IPR031424
A0AAV4IEK6,Protein sleepless,Elysia marginata,254,110,220,,InterPro:IPR031424
A0AAV4JB55,Protein sleepless,Elysia marginata,134,18,106,,InterPro:IPR031424
A0AAV4MU49,Protein sleepless,Caerostris extrusa (Bark spider),197,25,118,,InterPro:IPR031424
A0AAV4MZ04,Protein sleepless,Caerostris darwini,135,11,103,,InterPro:IPR031424
A0AAV4NCU9,Protein sleepless,Caerostris extrusa (Bark spider),149,28,120,,InterPro:IPR031424
A0AAV4NQ18,Protein quiver,Caerostris extrusa (Bark spider),305,165,277,,InterPro:IPR031424
A0AAV4NU86,Protein sleepless,Caerostris extrusa (Bark spider),327,17,106,,InterPro:IPR031424
A0AAV4P5R5,Protein sleepless,Caerostris extrusa (Bark spider),148,24,116,,InterPro:IPR031424
A0AAV4PDV9,Protein quiver,Caerostris extrusa (Bark spider),176,39,148,,InterPro:IPR031424
A0AAV4PN47,Protein sleepless,Caerostris darwini,141,24,113,,InterPro:IPR031424
A0AAV4QF18,Protein quiver,Caerostris darwini,140,24,113,,InterPro:IPR031424
A0AAV4RF83,Protein quiver,Caerostris extrusa (Bark spider),102,16,72,,InterPro:IPR031424
A0AAV4RFB5,Protein quiver,Caerostris darwini,141,28,116,,InterPro:IPR031424
A0AAV4RI23,Protein quiver,Caerostris darwini,145,28,120,,InterPro:IPR031424
A0AAV4S5M8,Protein quiver,Caerostris darwini,149,24,123,,InterPro:IPR031424
A0AAV4S759,Protein sleepless,Caerostris darwini,149,29,123,,InterPro:IPR031424
A0AAV4SAE2,UPAR/Ly6 domain-containing protein qvr,Caerostris extrusa (Bark spider),124,5,91,,InterPro:IPR031424
A0AAV4SEE5,Protein sleepless,Caerostris darwini,148,19,122,,InterPro:IPR031424
A0AAV4SLS6,Protein quiver,Caerostris extrusa (Bark spider),149,24,123,,InterPro:IPR031424
A0AAV4SQE3,UPAR/Ly6 domain-containing protein qvr,Caerostris darwini,124,12,98,,InterPro:IPR031424
A0AAV4TNN9,Protein quiver,Caerostris darwini,158,18,130,,InterPro:IPR031424
A0AAV4TYQ0,Protein sleepless,Caerostris extrusa (Bark spider),146,23,120,,InterPro:IPR031424
A0AAV4UFM9,Protein sleepless,Caerostris extrusa (Bark spider),145,28,120,,InterPro:IPR031424
A0AAV4UGB8,Protein quiver,Caerostris extrusa (Bark spider),141,28,116,,InterPro:IPR031424
A0AAV4UWA6,Protein sleepless,Caerostris darwini,143,23,111,,InterPro:IPR031424
A0AAV4V232,Protein sleepless,Caerostris extrusa (Bark spider),141,24,113,,InterPro:IPR031424
A0AAV4V3S7,Protein sleepless,Caerostris extrusa (Bark spider),194,19,122,,InterPro:IPR031424
A0AAV4V811,Protein quiver,Caerostris extrusa (Bark spider),142,24,117,,InterPro:IPR031424
A0AAV4VB38,Protein quiver,Caerostris darwini,142,24,117,,InterPro:IPR031424
A0AAV4VQE3,UPAR/Ly6 domain-containing protein qvr,Caerostris darwini,205,85,172,,InterPro:IPR031424
A0AAV4VQX1,UPAR/Ly6 domain-containing protein qvr,Caerostris darwini,128,8,95,,InterPro:IPR031424
A0AAV4W540,Protein sleepless,Caerostris darwini,142,25,118,,InterPro:IPR031424
A0AAV4W6N7,Protein sleepless,Caerostris darwini,133,18,107,,InterPro:IPR031424
A0AAV4WPM9,Protein sleepless,Caerostris darwini,146,23,120,,InterPro:IPR031424
A0AAV4WSN6,Protein quiver,Caerostris darwini,148,28,121,,InterPro:IPR031424
A0AAV4WTW0,Protein quiver,Caerostris darwini,145,25,118,,InterPro:IPR031424
A0AAV4WUI8,Protein sleepless,Caerostris darwini,141,25,118,,InterPro:IPR031424
A0AAV4X5K2,Protein sleepless,Caerostris extrusa (Bark spider),142,26,115,,InterPro:IPR031424
A0AAV4X5T6,Protein sleepless,Caerostris extrusa (Bark spider),173,53,141,,InterPro:IPR031424
A0AAV4XPS8,Protein sleepless,Caerostris extrusa (Bark spider),175,55,148,,InterPro:IPR031424
A0AAV4XR85,Protein sleepless,Caerostris extrusa (Bark spider),141,25,118,,InterPro:IPR031424
A0AAV5SBK1,Protein sleepless,Pristionchus entomophagus,159,23,138,,InterPro:IPR031424
A0AAV5SEN4,UPAR/Ly6 domain-containing protein,Pristionchus entomophagus,124,18,101,,InterPro:IPR031424
A0AAV5UID1,Protein sleepless,Pristionchus entomophagus,122,7,80,,InterPro:IPR031424
A0AAV5UMH4,UPAR/Ly6 domain-containing protein qvr,Pristionchus entomophagus,155,21,134,,InterPro:IPR031424
A0AAV5UQ48,UPAR/Ly6 domain-containing protein,Pristionchus fissidentatus,137,41,116,,InterPro:IPR031424
A0AAV5UXF1,UPAR/Ly6 domain-containing protein,Pristionchus fissidentatus,119,12,95,,InterPro:IPR031424
A0AAV5UYB8,Protein sleepless,Pristionchus fissidentatus,162,23,140,,InterPro:IPR031424
A0AAV5V8D1,Protein quiver,Pristionchus fissidentatus,136,18,128,,InterPro:IPR031424
A0AAV5VLM2,Uncharacterized protein,Pristionchus fissidentatus,121,48,110,,InterPro:IPR031424
A0AAV5VZU0,Protein sleepless,Pristionchus fissidentatus,125,16,103,,InterPro:IPR031424
A0AAV5WT05,Protein sleepless,Pristionchus fissidentatus,123,15,104,,InterPro:IPR031424
A0AAV6TJF3,UPAR/Ly6 domain-containing protein qvr,Oedothorax gibbosus,125,12,98,,InterPro:IPR031424
A0AAV6TJP9,UPAR/Ly6 domain-containing protein qvr,Oedothorax gibbosus,136,22,109,,InterPro:IPR031424
A0AAV6TJT1,UPAR/Ly6 domain-containing protein qvr,Oedothorax gibbosus,142,28,115,,InterPro:IPR031424
A0AAV6TJU7,UPAR/Ly6 domain-containing protein qvr,Oedothorax gibbosus,135,22,108,,InterPro:IPR031424
A0AAV6TP87,Protein quiver,Oedothorax gibbosus,141,25,118,,InterPro:IPR031424
A0AAV6TXD9,UPAR/Ly6 domain-containing protein qvr,Oedothorax gibbosus,203,62,176,,InterPro:IPR031424
A0AAV6TXV0,UPAR/Ly6 domain-containing protein qvr,Oedothorax gibbosus,180,62,153,,InterPro:IPR031424
A0AAV6TZI9,UPAR/Ly6 domain-containing protein qvr,Oedothorax gibbosus,145,31,118,,InterPro:IPR031424
A0AAV6TZW0,UPAR/Ly6 domain-containing protein qvr,Oedothorax gibbosus,201,81,168,,InterPro:IPR031424
A0AAV6TZW7,UPAR/Ly6 domain-containing protein qvr,Oedothorax gibbosus,144,31,117,,InterPro:IPR031424
A0AAV6U0T2,Protein sleepless,Oedothorax gibbosus,146,24,117,,InterPro:IPR031424
A0AAV6UDM4,Protein sleepless,Oedothorax gibbosus,144,25,118,,InterPro:IPR031424
A0AAV6USY5,Protein quiver,Oedothorax gibbosus,145,28,120,,InterPro:IPR031424
A0AAV6UV50,Protein sleepless,Oedothorax gibbosus,151,24,123,,InterPro:IPR031424
A0AAV6UW97,Protein sleepless,Oedothorax gibbosus,151,31,127,,InterPro:IPR031424
A0AAV6UZ78,Protein sleepless,Oedothorax gibbosus,133,17,106,,InterPro:IPR031424
A0AAV6V0P7,Protein quiver,Oedothorax gibbosus,139,23,112,,InterPro:IPR031424
A0AAV6V458,Protein quiver,Oedothorax gibbosus,157,18,130,,InterPro:IPR031424
A0AAV6V9A9,Protein sleepless,Oedothorax gibbosus,183,41,150,,InterPro:IPR031424
A0AAV6VGT7,Protein sleepless,Oedothorax gibbosus,135,20,106,,InterPro:IPR031424
A0AAV6VRL5,Protein sleepless,Oedothorax gibbosus,174,40,149,,InterPro:IPR031424
A0AAV6VSK8,Protein sleepless,Oedothorax gibbosus,148,19,122,,InterPro:IPR031424
A0AAV6VSN8,Protein sleepless,Oedothorax gibbosus,139,24,113,,InterPro:IPR031424
A0AAV6VYM7,Protein sleepless,Oedothorax gibbosus,142,23,116,,InterPro:IPR031424
A0AAV6W0B7,Protein sleepless,Oedothorax gibbosus,224,99,196,,InterPro:IPR031424
A0AAV6W2G3,Protein sleepless,Oedothorax gibbosus,184,65,157,,InterPro:IPR031424
A0AAV7ILM9,Protein sleepless,Cotesia glomerata (Lepidopteran parasitic wasp),161,26,137,,InterPro:IPR031424
A0AAV7INH1,Protein sleepless,Cotesia glomerata (Lepidopteran parasitic wasp),153,25,128,,InterPro:IPR031424
A0AAV7IQ22,UPAR/Ly6 domain-containing protein qvr,Cotesia glomerata (Lepidopteran parasitic wasp),144,29,116,,InterPro:IPR031424
A0AAV7IQM8,Protein sleepless,Cotesia glomerata (Lepidopteran parasitic wasp),156,24,128,,InterPro:IPR031424
A0AAV7ISW4,Protein sleepless,Cotesia glomerata (Lepidopteran parasitic wasp),170,29,148,,InterPro:IPR031424
A0AAV7IYX8,Protein sleepless,Cotesia glomerata (Lepidopteran parasitic wasp),144,27,119,,InterPro:IPR031424
A0AAV7J339,Protein quiver,Cotesia glomerata (Lepidopteran parasitic wasp),1489,245,340,,InterPro:IPR031424
A0AAV7J339,Protein quiver,Cotesia glomerata (Lepidopteran parasitic wasp),1489,66,153,,InterPro:IPR031424
A0AAV7J5C1,Protein sleepless,Cotesia glomerata (Lepidopteran parasitic wasp),187,26,158,,InterPro:IPR031424
A0AAV7J6T8,Protein sleepless,Cotesia glomerata (Lepidopteran parasitic wasp),149,23,122,,InterPro:IPR031424
A0AAV7JAC0,Protein sleepless,Cotesia glomerata (Lepidopteran parasitic wasp),221,102,196,,InterPro:IPR031424
A0AAV7X5U5,Protein sleepless,Megalurothrips usitatus (bean blossom thrips),166,28,138,,InterPro:IPR031424
A0AAV7X6X1,Protein sleepless,Megalurothrips usitatus (bean blossom thrips),162,33,130,,InterPro:IPR031424
A0AAV7X7V2,Protein sleepless,Megalurothrips usitatus (bean blossom thrips),142,25,119,,InterPro:IPR031424
A0AAV7XBE6,Protein sleepless,Megalurothrips usitatus (bean blossom thrips),151,25,124,,InterPro:IPR031424
A0AAV7XC79,Protein sleepless,Megalurothrips usitatus (bean blossom thrips),140,7,110,,InterPro:IPR031424
A0AAV7XCD8,Protein sleepless,Megalurothrips usitatus (bean blossom thrips),158,25,128,,InterPro:IPR031424
A0AAV7XK42,Protein sleepless,Megalurothrips usitatus (bean blossom thrips),150,28,124,,InterPro:IPR031424
A0AAV7XMG8,Protein sleepless,Megalurothrips usitatus (bean blossom thrips),197,71,168,,InterPro:IPR031424
A0AAV7XMK4,Protein sleepless,Megalurothrips usitatus (bean blossom thrips),160,25,136,,InterPro:IPR031424
A0AAV8VIE4,Protein sleepless,Exocentrus adspersus,168,27,141,,InterPro:IPR031424
A0AAV8VLC4,Protein sleepless,Exocentrus adspersus,145,21,123,,InterPro:IPR031424
A0AAV8VLJ7,Uncharacterized protein,Exocentrus adspersus,159,24,122,,InterPro:IPR031424
A0AAV8VLN0,Protein quiver,Exocentrus adspersus,90,7,87,,InterPro:IPR031424
A0AAV8VLR8,Protein sleepless,Exocentrus adspersus,168,24,142,,InterPro:IPR031424
A0AAV8VLS3,Protein sleepless,Exocentrus adspersus,182,25,157,,InterPro:IPR031424
A0AAV8VMD3,Protein sleepless,Exocentrus adspersus,132,20,106,,InterPro:IPR031424
A0AAV8VMI5,Protein sleepless,Exocentrus adspersus,129,26,122,,InterPro:IPR031424
A0AAV8VMU9,Protein sleepless,Exocentrus adspersus,154,27,130,,InterPro:IPR031424
A0AAV8VMX6,Protein sleepless,Exocentrus adspersus,151,26,125,,InterPro:IPR031424
A0AAV8VRB0,Protein quiver,Exocentrus adspersus,125,21,101,,InterPro:IPR031424
A0AAV8VY35,Protein sleepless,Exocentrus adspersus,116,10,95,,InterPro:IPR031424
A0AAV8W0D4,Protein sleepless,Exocentrus adspersus,163,28,130,,InterPro:IPR031424
A0AAV8W1H0,Protein sleepless,Exocentrus adspersus,140,22,113,,InterPro:IPR031424
A0AAV8W3Q6,Protein sleepless,Exocentrus adspersus,174,26,152,,InterPro:IPR031424
A0AAV8W4N7,Protein sleepless,Exocentrus adspersus,131,10,104,,InterPro:IPR031424
A0AAV8W675,Protein sleepless,Exocentrus adspersus,156,23,134,,InterPro:IPR031424
A0AAV8WFF7,Protein sleepless,Exocentrus adspersus,159,25,136,,InterPro:IPR031424
A0AAV8WG96,UPAR/Ly6 domain-containing protein qvr,Exocentrus adspersus,128,11,99,,InterPro:IPR031424
A0AAV8WYD6,Protein quiver,Rhamnusium bicolor,166,32,143,,InterPro:IPR031424
A0AAV8XPC6,Protein sleepless,Aromia moschata,113,13,106,,InterPro:IPR031424
A0AAV8Y1B1,Protein sleepless,Aromia moschata,136,12,107,,InterPro:IPR031424
A0AAV8Y1R1,Protein quiver,Aromia moschata,68,6,45,,InterPro:IPR031424
A0AAV8Y2N2,Protein quiver,Aromia moschata,304,161,278,,InterPro:IPR031424
A0AAV8Y571,Protein sleepless,Rhamnusium bicolor,130,11,107,,InterPro:IPR031424
A0AAV8YEE0,Protein sleepless,Aromia moschata,155,27,132,,InterPro:IPR031424
A0AAV8YRX0,Sodefrin-like factor,Aromia moschata,119,23,109,,InterPro:IPR031424
A0AAV8YX64,Protein sleepless,Aromia moschata,123,3,100,,InterPro:IPR031424
A0AAV8Z012,Protein sleepless,Aromia moschata,159,28,131,,InterPro:IPR031424
A0AAV8Z389,Protein quiver,Aromia moschata,164,16,129,,InterPro:IPR031424
A0AAV8Z560,Protein quiver,Aromia moschata,141,25,121,,InterPro:IPR031424
A0AAV8Z5N0,Protein sleepless,Aromia moschata,152,11,127,,InterPro:IPR031424
A0AAV8Z602,Protein quiver,Aromia moschata,105,3,94,,InterPro:IPR031424
A0AAV8Z6D1,Uncharacterized protein,Aromia moschata,257,68,200,,InterPro:IPR031424
A0AAV8Z6J1,Protein sleepless,Aromia moschata,145,21,123,,InterPro:IPR031424
A0AAV8Z6S9,Protein sleepless,Aromia moschata,150,25,128,,InterPro:IPR031424
A0AAV8Z8F6,Uncharacterized protein,Aromia moschata,123,22,93,,InterPro:IPR031424
A0AAV8Z9F7,Protein sleepless,Rhamnusium bicolor,127,3,103,,InterPro:IPR031424
A0AAV8ZFP2,UPAR/Ly6 domain-containing protein qvr,Aromia moschata,235,119,207,,InterPro:IPR031424
A0AAV8ZU97,Protein sleepless,Rhamnusium bicolor,144,17,120,,InterPro:IPR031424
A0AAV8ZV93,Protein sleepless,Rhamnusium bicolor,153,28,127,,InterPro:IPR031424
A0AAV8ZX70,Protein sleepless,Rhamnusium bicolor,173,28,148,,InterPro:IPR031424
A0AAW0SPN5,Protein sleepless,Scylla paramamosain (Mud crab),158,22,134,,InterPro:IPR031424
A0AAW0T3T5,Protein sleepless,Scylla paramamosain (Mud crab),139,20,115,,InterPro:IPR031424
A0AAW0T3Z1,Protein sleepless,Scylla paramamosain (Mud crab),137,20,113,,InterPro:IPR031424
A0AAW0TPS0,Protein sleepless,Scylla paramamosain (Mud crab),152,23,126,,InterPro:IPR031424
A0AAW0TZX0,Protein sleepless,Scylla paramamosain (Mud crab),206,80,181,,InterPro:IPR031424
A0AAW0U7I4,Uncharacterized protein,Scylla paramamosain (Mud crab),251,103,213,,InterPro:IPR031424
A0AAW0U9W0,UPAR/Ly6 domain-containing protein qvr,Scylla paramamosain (Mud crab),527,168,255,,InterPro:IPR031424
A0AAW0UFS9,Protein sleepless,Scylla paramamosain (Mud crab),178,54,151,,InterPro:IPR031424
A0AAW0UH49,Protein sleepless,Scylla paramamosain (Mud crab),322,205,300,,InterPro:IPR031424
A0AAW0UHP6,Protein sleepless,Scylla paramamosain (Mud crab),152,28,125,,InterPro:IPR031424
A0AAW0VRN4,Protein sleepless,Cherax quadricarinatus (Australian red claw crayfish),121,3,91,,InterPro:IPR031424
A0AAW0VUI4,Protein sleepless,Cherax quadricarinatus (Australian red claw crayfish),122,3,92,,InterPro:IPR031424
A0AAW0WAD9,UPAR/Ly6 domain-containing protein qvr,Cherax quadricarinatus (Australian red claw crayfish),147,31,118,,InterPro:IPR031424
A0AAW0WAU1,UPAR/Ly6 domain-containing protein qvr,Cherax quadricarinatus (Australian red claw crayfish),134,18,105,,InterPro:IPR031424
A0AAW0WDB7,Protein sleepless,Cherax quadricarinatus (Australian red claw crayfish),151,23,126,,InterPro:IPR031424
A0AAW0WHS2,Protein quiver,Cherax quadricarinatus (Australian red claw crayfish),178,41,151,,InterPro:IPR031424
A0AAW0WW60,Protein quiver,Cherax quadricarinatus (Australian red claw crayfish),178,41,151,,InterPro:IPR031424
A0AAW0XE32,Protein sleepless,Cherax quadricarinatus (Australian red claw crayfish),143,20,118,,InterPro:IPR031424
A0AAW0XGV8,Protein sleepless,Cherax quadricarinatus (Australian red claw crayfish),157,29,126,,InterPro:IPR031424
A0AAW0XQW8,Protein sleepless,Cherax quadricarinatus (Australian red claw crayfish),139,20,115,,InterPro:IPR031424
A0AAW0XVV2,Protein sleepless,Cherax quadricarinatus (Australian red claw crayfish),156,20,132,,InterPro:IPR031424
A0AAW0XZV8,Protein sleepless,Cherax quadricarinatus (Australian red claw crayfish),150,24,123,,InterPro:IPR031424
A0AAW0Y435,Protein sleepless,Cherax quadricarinatus (Australian red claw crayfish),136,20,112,,InterPro:IPR031424
A0AAW0YHV0,Protein sleepless,Cherax quadricarinatus (Australian red claw crayfish),122,4,100,,InterPro:IPR031424
A0AAW0YML6,Protein sleepless,Cherax quadricarinatus (Australian red claw crayfish),146,29,121,,InterPro:IPR031424
A0AAW0ZI70,Protein sleepless,Tetragonisca angustula,167,27,122,,InterPro:IPR031424
A0AAW0ZL72,Protein sleepless,Tetragonisca angustula,146,28,122,,InterPro:IPR031424
A0AAW0ZTN0,UPAR/Ly6 domain-containing protein qvr,Tetragonisca angustula,158,28,116,,InterPro:IPR031424
A0AAW1A3H5,Protein quiver,Tetragonisca angustula,153,24,127,,InterPro:IPR031424
A0AAW1A641,Protein sleepless,Tetragonisca angustula,156,22,133,,InterPro:IPR031424
A0AAW1A861,Protein quiver,Tetragonisca angustula,152,26,125,,InterPro:IPR031424
A0AAW1AK26,Protein sleepless,Tetragonisca angustula,145,23,117,,InterPro:IPR031424
A0AAW1AKV5,Protein sleepless,Tetragonisca angustula,140,24,113,,InterPro:IPR031424
A0AAW1AKV7,Protein quiver,Tetragonisca angustula,138,24,110,,InterPro:IPR031424
A0AAW1AL03,Protein sleepless,Tetragonisca angustula,178,24,149,,InterPro:IPR031424
A0AAW1CF96,Protein sleepless,Rhynocoris fuscipes,159,25,135,,InterPro:IPR031424
A0AAW1CFV3,Protein quiver,Rhynocoris fuscipes,164,31,141,,InterPro:IPR031424
A0AAW1D471,Protein sleepless,Rhynocoris fuscipes,144,22,121,,InterPro:IPR031424
A0AAW1D4T1,Protein sleepless,Rhynocoris fuscipes,151,24,127,,InterPro:IPR031424
A0AAW1D502,Protein sleepless,Rhynocoris fuscipes,140,23,114,,InterPro:IPR031424
A0AAW1D7P5,Protein sleepless,Rhynocoris fuscipes,144,27,119,,InterPro:IPR031424
A0AAW1IYC7,Protein sleepless,Popillia japonica (Japanese beetle),142,27,118,,InterPro:IPR031424
A0AAW1IYR2,Protein sleepless,Popillia japonica (Japanese beetle),152,32,128,,InterPro:IPR031424
A0AAW1JHW9,Uncharacterized protein,Popillia japonica (Japanese beetle),161,21,131,,InterPro:IPR031424
A0AAW1KEE7,Protein sleepless,Popillia japonica (Japanese beetle),291,164,267,,InterPro:IPR031424
A0AAW1KEE7,Protein sleepless,Popillia japonica (Japanese beetle),291,26,125,,InterPro:IPR031424
A0AAW1KEF1,Protein sleepless,Popillia japonica (Japanese beetle),128,22,122,,InterPro:IPR031424
A0AAW1KHA0,Protein sleepless,Popillia japonica (Japanese beetle),156,20,131,,InterPro:IPR031424
A0AAW1KHS7,Protein sleepless,Popillia japonica (Japanese beetle),162,20,137,,InterPro:IPR031424
A0AAW1L336,Protein sleepless,Popillia japonica (Japanese beetle),108,24,101,,InterPro:IPR031424
A0AAW1L5B9,Protein quiver,Popillia japonica (Japanese beetle),146,17,122,,InterPro:IPR031424
A0AAW1LQD6,Serine aminopeptidase S33 domain-containing protein,Popillia japonica (Japanese beetle),486,34,131,,InterPro:IPR031424
A0AAW1N320,Protein quiver,Popillia japonica (Japanese beetle),166,24,141,,InterPro:IPR031424
A0AAW1NBZ3,Protein sleepless,Popillia japonica (Japanese beetle),160,20,132,,InterPro:IPR031424
A0AAW1NCA5,Protein sleepless,Popillia japonica (Japanese beetle),166,26,142,,InterPro:IPR031424
A0AAW1NFP4,Protein sleepless,Popillia japonica (Japanese beetle),140,24,111,,InterPro:IPR031424
A0AAW1NJQ5,Protein sleepless,Popillia japonica (Japanese beetle),154,14,130,,InterPro:IPR031424
A0AAW1NL01,UPAR/Ly6 domain-containing protein qvr,Popillia japonica (Japanese beetle),143,29,117,,InterPro:IPR031424
A0AAW1NM18,Protein sleepless,Popillia japonica (Japanese beetle),143,21,121,,InterPro:IPR031424
A0AAW1NM41,Protein sleepless,Popillia japonica (Japanese beetle),171,55,145,,InterPro:IPR031424
A0AAW1TU68,Protein sleepless,Henosepilachna vigintioctopunctata,142,26,117,,InterPro:IPR031424
A0AAW1TUG6,Protein sleepless,Henosepilachna vigintioctopunctata,159,24,135,,InterPro:IPR031424
A0AAW1TUT9,Protein sleepless,Henosepilachna vigintioctopunctata,152,28,125,,InterPro:IPR031424
A0AAW1U6X5,Protein quiver,Henosepilachna vigintioctopunctata,167,24,137,,InterPro:IPR031424
A0AAW1U877,Protein sleepless,Henosepilachna vigintioctopunctata,161,42,136,,InterPro:IPR031424
A0AAW1UIB6,Protein sleepless,Henosepilachna vigintioctopunctata,177,24,144,,InterPro:IPR031424
A0AAW1UKT1,Protein quiver,Henosepilachna vigintioctopunctata,147,20,114,,InterPro:IPR031424
A0AAW1ULE2,Protein sleepless,Henosepilachna vigintioctopunctata,140,24,117,,InterPro:IPR031424
A0AAW1UMT9,Protein sleepless,Henosepilachna vigintioctopunctata,123,24,122,,InterPro:IPR031424
A0AAW1UQA4,Protein sleepless,Henosepilachna vigintioctopunctata,151,19,127,,InterPro:IPR031424
A0AAW1UR67,Protein sleepless,Henosepilachna vigintioctopunctata,146,30,123,,InterPro:IPR031424
A0AAW1URC3,Protein quiver,Henosepilachna vigintioctopunctata,131,21,104,,InterPro:IPR031424
A0AAW1US64,Protein sleepless,Henosepilachna vigintioctopunctata,146,24,123,,InterPro:IPR031424
A0AAW1UTM0,Protein sleepless,Henosepilachna vigintioctopunctata,122,2,96,,InterPro:IPR031424
A0AAW1UXY8,Protein sleepless,Henosepilachna vigintioctopunctata,147,26,124,,InterPro:IPR031424
A0AAW1UZC9,Protein sleepless,Henosepilachna vigintioctopunctata,152,19,128,,InterPro:IPR031424
A0AAW1UZE5,Protein sleepless,Henosepilachna vigintioctopunctata,186,24,162,,InterPro:IPR031424
A0AAW1UZR3,Protein sleepless,Henosepilachna vigintioctopunctata,149,21,125,,InterPro:IPR031424
A0AAW1UZU7,UPAR/Ly6 domain-containing protein qvr,Henosepilachna vigintioctopunctata,144,29,117,,InterPro:IPR031424
A0AAW1V0L2,Protein sleepless,Henosepilachna vigintioctopunctata,153,25,128,,InterPro:IPR031424
A0AAW2E6R0,Protein sleepless,Cardiocondyla obscurior,150,27,121,,InterPro:IPR031424
A0AAW2EJF1,Protein sleepless,Cardiocondyla obscurior,153,24,123,,InterPro:IPR031424
A0AAW2EM76,Protein sleepless,Cardiocondyla obscurior,143,14,113,,InterPro:IPR031424
A0AAW2EMI5,Protein sleepless,Cardiocondyla obscurior,139,26,114,,InterPro:IPR031424
A0AAW2FDI7,Protein sleepless,Cardiocondyla obscurior,153,24,127,,InterPro:IPR031424
A0AAW2FF32,Protein sleepless,Cardiocondyla obscurior,165,28,123,,InterPro:IPR031424
A0AAW2FHH3,Protein sleepless,Cardiocondyla obscurior,156,22,133,,InterPro:IPR031424
A0AAW2FIG2,Protein sleepless,Cardiocondyla obscurior,146,28,122,,InterPro:IPR031424
A0AAW2FVU4,Protein quiver,Cardiocondyla obscurior,120,3,91,,InterPro:IPR031424
A0AAW2FY27,Protein sleepless,Cardiocondyla obscurior,192,75,163,,InterPro:IPR031424
A0AAW2FZ21,Protein sleepless,Cardiocondyla obscurior,140,23,111,,InterPro:IPR031424
A0AAW2G043,UPAR/Ly6 domain-containing protein qvr,Cardiocondyla obscurior,158,28,116,,InterPro:IPR031424
A0AAW2G1V6,Protein sleepless,Cardiocondyla obscurior,143,23,114,,InterPro:IPR031424
A0AAW2G308,UPAR/Ly6 domain-containing protein qvr,Cardiocondyla obscurior,151,21,109,,InterPro:IPR031424
A0AAW2H0I7,Protein sleepless,Cardiocondyla obscurior,151,26,125,,InterPro:IPR031424
A0AAW2HBX5,Protein quiver,Menopon gallinae (poultry shaft louse),175,28,144,,InterPro:IPR031424
A0AAW2HS28,Sodefrin-like factor,Menopon gallinae (poultry shaft louse),134,19,101,,InterPro:IPR031424
A0AAW2HT31,Protein sleepless,Menopon gallinae (poultry shaft louse),161,27,138,,InterPro:IPR031424
A0AAW2HYX4,Protein sleepless,Menopon gallinae (poultry shaft louse),152,25,124,,InterPro:IPR031424
A0AAW2HZ93,Protein sleepless,Menopon gallinae (poultry shaft louse),146,24,120,,InterPro:IPR031424
A0AAW2HZH2,Protein quiver,Menopon gallinae (poultry shaft louse),135,23,112,,InterPro:IPR031424
A0AAW2I038,Protein sleepless,Menopon gallinae (poultry shaft louse),166,25,140,,InterPro:IPR031424
A0AAW2I3L9,UPAR/Ly6 domain-containing protein qvr,Menopon gallinae (poultry shaft louse),234,39,127,,InterPro:IPR031424
A0AAW2IF51,Protein sleepless,Menopon gallinae (poultry shaft louse),160,27,123,,InterPro:IPR031424
A0AB39YW44,Protein sleepless,Drosophila suzukii (Spotted-wing drosophila fruit fly),150,25,121,,InterPro:IPR031424
A0AB39YZL1,Protein sleepless,Drosophila suzukii (Spotted-wing drosophila fruit fly),151,24,123,,InterPro:IPR031424
A0AB39YZN6,Protein sleepless,Drosophila suzukii (Spotted-wing drosophila fruit fly),148,24,118,,InterPro:IPR031424
A0AB39YZS1,Protein sleepless,Drosophila suzukii (Spotted-wing drosophila fruit fly),154,22,125,,InterPro:IPR031424
A0AB39Z088,Protein sleepless,Drosophila suzukii (Spotted-wing drosophila fruit fly),160,28,131,,InterPro:IPR031424
A0AB39Z2J4,Protein sleepless,Drosophila suzukii (Spotted-wing drosophila fruit fly),143,22,118,,InterPro:IPR031424
A0AB39Z2M9,Protein sleepless,Drosophila suzukii (Spotted-wing drosophila fruit fly),189,20,167,,InterPro:IPR031424
A0AB39Z2N7,Protein sleepless,Drosophila suzukii (Spotted-wing drosophila fruit fly),147,24,124,,InterPro:IPR031424
A0AB39Z2V6,Protein sleepless,Drosophila suzukii (Spotted-wing drosophila fruit fly),148,24,125,,InterPro:IPR031424
A0AB39Z4G4,Protein quiver,Drosophila suzukii (Spotted-wing drosophila fruit fly),151,27,124,,InterPro:IPR031424
A0AB39Z6U3,UPAR/Ly6 domain-containing protein qvr,Drosophila suzukii (Spotted-wing drosophila fruit fly),155,36,124,,InterPro:IPR031424
A0AB39Z6U9,UPAR/Ly6 domain-containing protein qvr,Drosophila suzukii (Spotted-wing drosophila fruit fly),158,39,127,,InterPro:IPR031424
A0AB39Z8U6,Protein sleepless,Drosophila suzukii (Spotted-wing drosophila fruit fly),147,21,122,,InterPro:IPR031424
A0AB39ZLZ7,Protein quiver,Drosophila suzukii (Spotted-wing drosophila fruit fly),150,33,126,,InterPro:IPR031424
A0AB39ZNL4,Protein sleepless,Drosophila suzukii (Spotted-wing drosophila fruit fly),143,20,118,,InterPro:IPR031424
A0AB39ZUI5,Protein sleepless,Drosophila suzukii (Spotted-wing drosophila fruit fly),155,24,120,,InterPro:IPR031424
A0AB39ZZ00,Protein sleepless,Drosophila suzukii (Spotted-wing drosophila fruit fly),147,22,119,,InterPro:IPR031424
A0AB40A4Y7,Protein sleepless,Drosophila suzukii (Spotted-wing drosophila fruit fly),158,23,135,,InterPro:IPR031424
A0AB40AEY2,Protein sleepless,Drosophila suzukii (Spotted-wing drosophila fruit fly),132,7,103,,InterPro:IPR031424
A0AB40D7U7,UPAR/Ly6 domain-containing protein qvr,Drosophila suzukii (Spotted-wing drosophila fruit fly),139,20,108,,InterPro:IPR031424
A0ABD0J1J0,Uncharacterized protein,Batillaria attramentaria,153,23,126,,InterPro:IPR031424
A0ABD0JPD9,Uncharacterized protein,Batillaria attramentaria,153,23,126,,InterPro:IPR031424
A0ABD0JQV8,Uncharacterized protein,Batillaria attramentaria,175,54,150,,InterPro:IPR031424
A0ABD0K571,Uncharacterized protein,Batillaria attramentaria,138,8,115,,InterPro:IPR031424
A0ABD0L0E5,Uncharacterized protein,Batillaria attramentaria,139,24,115,,InterPro:IPR031424
A0ABD0L0F9,Uncharacterized protein,Batillaria attramentaria,117,2,89,,InterPro:IPR031424
A0ABD0LGR0,Uncharacterized protein,Batillaria attramentaria,135,26,105,,InterPro:IPR031424
A0ABD0LP72,Uncharacterized protein,Batillaria attramentaria,146,30,120,,InterPro:IPR031424
A0ABD0M3B1,Uncharacterized protein,Batillaria attramentaria,149,24,116,,InterPro:IPR031424
A0ABD0M3U9,Uncharacterized protein,Batillaria attramentaria,146,24,120,,InterPro:IPR031424
A0ABD0M7W9,Uncharacterized protein,Batillaria attramentaria,123,2,94,,InterPro:IPR031424
A0ABD0S2W2,Uncharacterized protein,Loxostege sticticalis (Beet webworm moth),166,29,139,,InterPro:IPR031424
A0ABD0S722,Uncharacterized protein,Loxostege sticticalis (Beet webworm moth),159,48,136,,InterPro:IPR031424
A0ABD0S9C5,Uncharacterized protein,Loxostege sticticalis (Beet webworm moth),148,37,125,,InterPro:IPR031424
A0ABD0SP93,Uncharacterized protein,Loxostege sticticalis (Beet webworm moth),149,24,123,,InterPro:IPR031424
A0ABD0SPB8,Uncharacterized protein,Loxostege sticticalis (Beet webworm moth),160,24,135,,InterPro:IPR031424
A0ABD0SQC6,Uncharacterized protein,Loxostege sticticalis (Beet webworm moth),139,21,115,,InterPro:IPR031424
A0ABD0SQC7,Uncharacterized protein,Loxostege sticticalis (Beet webworm moth),106,5,76,,InterPro:IPR031424
A0ABD0SQD0,Uncharacterized protein,Loxostege sticticalis (Beet webworm moth),144,20,119,,InterPro:IPR031424
A0ABD0SQF6,Uncharacterized protein,Loxostege sticticalis (Beet webworm moth),150,24,120,,InterPro:IPR031424
A0ABD0SQY5,Uncharacterized protein,Loxostege sticticalis (Beet webworm moth),132,22,111,,InterPro:IPR031424
A0ABD0SRR1,Uncharacterized protein,Loxostege sticticalis (Beet webworm moth),152,23,130,,InterPro:IPR031424
A0ABD0STG8,Uncharacterized protein,Loxostege sticticalis (Beet webworm moth),152,22,125,,InterPro:IPR031424
A0ABD0SVV5,Uncharacterized protein,Loxostege sticticalis (Beet webworm moth),148,24,123,,InterPro:IPR031424
A0ABD0SVV8,Uncharacterized protein,Loxostege sticticalis (Beet webworm moth),138,14,113,,InterPro:IPR031424
A0ABD0SZU3,Uncharacterized protein,Loxostege sticticalis (Beet webworm moth),149,21,125,,InterPro:IPR031424
A0ABD0T5K3,Uncharacterized protein,Loxostege sticticalis (Beet webworm moth),187,77,163,,InterPro:IPR031424
A0ABD0T815,Uncharacterized protein,Loxostege sticticalis (Beet webworm moth),140,25,116,,InterPro:IPR031424
A0ABD0T8K2,Uncharacterized protein,Loxostege sticticalis (Beet webworm moth),160,20,133,,InterPro:IPR031424
A0ABD0T8L1,Uncharacterized protein,Loxostege sticticalis (Beet webworm moth),146,25,122,,InterPro:IPR031424
A0ABD0Y778,Uncharacterized protein,Ranatra chinensis,125,2,101,,InterPro:IPR031424
A0ABD0Y7A6,Uncharacterized protein,Ranatra chinensis,187,20,163,,InterPro:IPR031424
A0ABD0YF24,Uncharacterized protein,Ranatra chinensis,143,7,118,,InterPro:IPR031424
A0ABD0YM23,Uncharacterized protein,Ranatra chinensis,132,2,105,,InterPro:IPR031424
A0ABD0YTY0,Uncharacterized protein,Ranatra chinensis,127,7,101,,InterPro:IPR031424
A0ABD0YU12,Uncharacterized protein,Ranatra chinensis,177,60,147,,InterPro:IPR031424
A0ABD0YVW7,Uncharacterized protein,Ranatra chinensis,117,2,96,,InterPro:IPR031424
A0ABD0YXI5,Uncharacterized protein,Ranatra chinensis,122,5,93,,InterPro:IPR031424
A0ABD0ZAU0,Uncharacterized protein,Ranatra chinensis,146,22,114,,InterPro:IPR031424
A0ABD1CFG7,Uncharacterized protein,Culex pipiens pipiens (Northern house mosquito),145,26,125,,InterPro:IPR031424
A0ABD1CFH4,Uncharacterized protein,Culex pipiens pipiens (Northern house mosquito),152,20,123,,InterPro:IPR031424
A0ABD1CRX4,Uncharacterized protein,Culex pipiens pipiens (Northern house mosquito),155,30,126,,InterPro:IPR031424
A0ABD1CVY8,Uncharacterized protein,Culex pipiens pipiens (Northern house mosquito),142,25,119,,InterPro:IPR031424
A0ABD1CWA0,Uncharacterized protein,Culex pipiens pipiens (Northern house mosquito),163,23,136,,InterPro:IPR031424
A0ABD1CXU3,Uncharacterized protein,Culex pipiens pipiens (Northern house mosquito),163,23,136,,InterPro:IPR031424
A0ABD1D5F5,Uncharacterized protein,Culex pipiens pipiens (Northern house mosquito),165,25,133,,InterPro:IPR031424
A0ABD1D665,Uncharacterized protein,Culex pipiens pipiens (Northern house mosquito),179,24,153,,InterPro:IPR031424
A0ABD1DCX9,Uncharacterized protein,Culex pipiens pipiens (Northern house mosquito),629,561,618,,InterPro:IPR031424
A0ABD1DE16,Uncharacterized protein,Culex pipiens pipiens (Northern house mosquito),159,12,127,,InterPro:IPR031424
A0ABD1DFQ3,Uncharacterized protein,Culex pipiens pipiens (Northern house mosquito),186,30,140,,InterPro:IPR031424
A0ABD1DJN7,Uncharacterized protein,Culex pipiens pipiens (Northern house mosquito),163,23,136,,InterPro:IPR031424
A0ABD1DKX2,Uncharacterized protein,Culex pipiens pipiens (Northern house mosquito),139,21,114,,InterPro:IPR031424
A0ABD1E108,Uncharacterized protein,Hypothenemus hampei (Coffee berry borer),150,16,127,,InterPro:IPR031424
A0ABD1ELA8,Uncharacterized protein,Hypothenemus hampei (Coffee berry borer),166,23,141,,InterPro:IPR031424
A0ABD1ELC6,Uncharacterized protein,Hypothenemus hampei (Coffee berry borer),145,24,121,,InterPro:IPR031424
A0ABD1EN74,Uncharacterized protein,Hypothenemus hampei (Coffee berry borer),168,27,146,,InterPro:IPR031424
A0ABD1EN82,Uncharacterized protein,Hypothenemus hampei (Coffee berry borer),157,25,130,,InterPro:IPR031424
A0ABD1EN83,Uncharacterized protein,Hypothenemus hampei (Coffee berry borer),262,160,237,,InterPro:IPR031424
A0ABD1ENB3,Uncharacterized protein,Hypothenemus hampei (Coffee berry borer),152,26,129,,InterPro:IPR031424
A0ABD1ENN4,Uncharacterized protein,Hypothenemus hampei (Coffee berry borer),146,22,124,,InterPro:IPR031424
A0ABD1EQD3,Uncharacterized protein,Hypothenemus hampei (Coffee berry borer),136,22,121,,InterPro:IPR031424
A0ABD1ER67,Uncharacterized protein,Hypothenemus hampei (Coffee berry borer),146,24,120,,InterPro:IPR031424
A0ABD1EX45,Uncharacterized protein,Hypothenemus hampei (Coffee berry borer),108,2,84,,InterPro:IPR031424
A0ABD1F509,Uncharacterized protein,Hypothenemus hampei (Coffee berry borer),148,27,124,,InterPro:IPR031424
A0ABD1F736,Uncharacterized protein,Hypothenemus hampei (Coffee berry borer),139,22,113,,InterPro:IPR031424
A0ABD1F8T4,Uncharacterized protein,Hypothenemus hampei (Coffee berry borer),139,21,109,,InterPro:IPR031424
A0ABD1FEN7,Uncharacterized protein,Hypothenemus hampei (Coffee berry borer),1476,29,107,,InterPro:IPR031424
A0ABD1FGB1,Uncharacterized protein,Hypothenemus hampei (Coffee berry borer),158,27,130,,InterPro:IPR031424
A0ABD1FGE5,Uncharacterized protein,Hypothenemus hampei (Coffee berry borer),162,31,134,,InterPro:IPR031424
A0ABD1FI94,Uncharacterized protein,Hypothenemus hampei (Coffee berry borer),167,23,142,,InterPro:IPR031424
A0ABD2A8I3,Uncharacterized protein,Vespula squamosa (Southern yellow jacket),152,26,125,,InterPro:IPR031424
A0ABD2AEN3,ATPase family AAA domain-containing protein 1-B-like,Vespula squamosa (Southern yellow jacket),152,23,126,,InterPro:IPR031424
A0ABD2AM37,Protein quiver-like,Vespula maculifrons (Eastern yellow jacket),208,72,167,,InterPro:IPR031424
A0ABD2AN10,Uncharacterized protein,Vespula maculifrons (Eastern yellow jacket),154,36,130,,InterPro:IPR031424
A0ABD2B8P4,Uncharacterized protein,Vespula maculifrons (Eastern yellow jacket),394,10,133,,InterPro:IPR031424
A0ABD2B8P4,Uncharacterized protein,Vespula maculifrons (Eastern yellow jacket),394,264,362,,InterPro:IPR031424
A0ABD2B8P4,Uncharacterized protein,Vespula maculifrons (Eastern yellow jacket),394,150,239,,InterPro:IPR031424
A0ABD2B8R4,Uncharacterized protein,Vespula maculifrons (Eastern yellow jacket),135,25,104,,InterPro:IPR031424
A0ABD2B8T3,Uncharacterized protein,Vespula maculifrons (Eastern yellow jacket),127,4,98,,InterPro:IPR031424
A0ABD2BD79,U-scoloptoxin(05)-Cw1a-like isoform X1,Vespula squamosa (Southern yellow jacket),188,76,164,,InterPro:IPR031424
A0ABD2BEV0,Uncharacterized protein,Vespula squamosa (Southern yellow jacket),162,28,139,,InterPro:IPR031424
A0ABD2BFC0,Uncharacterized protein,Vespula squamosa (Southern yellow jacket),138,14,129,,InterPro:IPR031424
A0ABD2BFT6,Protein quiver isoform X1,Vespula maculifrons (Eastern yellow jacket),223,16,103,,InterPro:IPR031424
A0ABD2BNG4,Uncharacterized protein,Vespula squamosa (Southern yellow jacket),154,36,130,,InterPro:IPR031424
A0ABD2BNZ0,Protein quiver-like,Vespula squamosa (Southern yellow jacket),168,28,123,,InterPro:IPR031424
A0ABD2BS07,Uncharacterized protein,Vespula squamosa (Southern yellow jacket),87,1,58,,InterPro:IPR031424
A0ABD2BS09,Uncharacterized protein,Vespula squamosa (Southern yellow jacket),432,10,133,,InterPro:IPR031424
A0ABD2BS09,Uncharacterized protein,Vespula squamosa (Southern yellow jacket),432,303,401,,InterPro:IPR031424
A0ABD2BSM0,Uncharacterized protein,Vespula squamosa (Southern yellow jacket),141,25,110,,InterPro:IPR031424
A0ABD2BX79,ATPase family AAA domain-containing protein 1-B-like,Vespula maculifrons (Eastern yellow jacket),164,35,138,,InterPro:IPR031424
A0ABD2C3S0,Uncharacterized protein,Vespula maculifrons (Eastern yellow jacket),152,26,125,,InterPro:IPR031424
A0ABD2CQN9,Uncharacterized protein,Vespula maculifrons (Eastern yellow jacket),162,28,139,,InterPro:IPR031424
A0ABD2CUH1,Omega-scoloptoxin(05)-Ssm1a isoform X1,Vespula maculifrons (Eastern yellow jacket),214,102,190,,InterPro:IPR031424
A0ABD2CYF4,Uncharacterized protein,Vespula maculifrons (Eastern yellow jacket),152,14,129,,InterPro:IPR031424
A0ABD2I4Q1,Uncharacterized protein,Heterodera schachtii (Sugarbeet cyst nematode),156,21,131,,InterPro:IPR031424
A0ABD2IYU3,Uncharacterized protein,Heterodera schachtii (Sugarbeet cyst nematode),196,52,168,,InterPro:IPR031424
A0ABD2JXU5,Uncharacterized protein,Heterodera schachtii (Sugarbeet cyst nematode),172,31,146,,InterPro:IPR031424
A0ABD2K536,Uncharacterized protein,Heterodera trifolii,336,45,122,,InterPro:IPR031424
A0ABD2KMN1,Uncharacterized protein,Heterodera schachtii (Sugarbeet cyst nematode),172,45,137,,InterPro:IPR031424
A0ABD2LEE7,Uncharacterized protein,Heterodera trifolii,156,21,131,,InterPro:IPR031424
A0ABD2MB68,Uncharacterized protein,Heterodera trifolii,160,21,131,,InterPro:IPR031424
A0ABD2MG76,Uncharacterized protein,Cryptolaemus montrouzieri,152,28,125,,InterPro:IPR031424
A0ABD2MJ50,Uncharacterized protein,Cryptolaemus montrouzieri,140,24,110,,InterPro:IPR031424
A0ABD2MXT6,Uncharacterized protein,Cryptolaemus montrouzieri,190,25,138,,InterPro:IPR031424
A0ABD2N278,Uncharacterized protein,Cryptolaemus montrouzieri,146,25,123,,InterPro:IPR031424
A0ABD2N2U6,Uncharacterized protein,Cryptolaemus montrouzieri,191,24,167,,InterPro:IPR031424
A0ABD2N326,Uncharacterized protein,Cryptolaemus montrouzieri,150,25,128,,InterPro:IPR031424
A0ABD2N583,Uncharacterized protein,Cryptolaemus montrouzieri,131,21,104,,InterPro:IPR031424
A0ABD2N5U1,Uncharacterized protein,Cryptolaemus montrouzieri,146,24,123,,InterPro:IPR031424
A0ABD2N5Z7,Uncharacterized protein,Cryptolaemus montrouzieri,178,25,145,,InterPro:IPR031424
A0ABD2N6M2,Uncharacterized protein,Cryptolaemus montrouzieri,146,21,122,,InterPro:IPR031424
A0ABD2N700,Uncharacterized protein,Cryptolaemus montrouzieri,154,20,115,,InterPro:IPR031424
A0ABD2NGE3,Uncharacterized protein,Cryptolaemus montrouzieri,212,135,210,,InterPro:IPR031424
A0ABD2NGH2,Uncharacterized protein,Cryptolaemus montrouzieri,125,26,124,,InterPro:IPR031424
A0ABD2NNK5,Uncharacterized protein,Cryptolaemus montrouzieri,142,26,117,,InterPro:IPR031424
A0ABD2P229,Uncharacterized protein,Cryptolaemus montrouzieri,163,44,136,,InterPro:IPR031424
A0ABD2P3U2,Uncharacterized protein,Cryptolaemus montrouzieri,158,40,134,,InterPro:IPR031424
A0ABD2P5V3,Uncharacterized protein,Cryptolaemus montrouzieri,162,27,138,,InterPro:IPR031424
A0ABD2PAX2,Uncharacterized protein,Cryptolaemus montrouzieri,147,32,120,,InterPro:IPR031424
A0ABD2PB26,Uncharacterized protein,Cryptolaemus montrouzieri,197,83,170,,InterPro:IPR031424
A0ABD2PTL5,Uncharacterized protein,Cichlidogyrus casuarinus,150,31,126,,InterPro:IPR031424
A0ABD2QAB0,Inactive hydroxysteroid dehydrogenase-like protein 1,Cichlidogyrus casuarinus,236,71,210,,InterPro:IPR031424
A0ABD2VST3,Uncharacterized protein,Trichogramma kaykai,150,24,125,,InterPro:IPR031424
A0ABD2VT12,Uncharacterized protein,Trichogramma kaykai,125,8,96,,InterPro:IPR031424
A0ABD2VTS4,Uncharacterized protein,Trichogramma kaykai,153,38,125,,InterPro:IPR031424
A0ABD2WFA1,Uncharacterized protein,Trichogramma kaykai,143,25,117,,InterPro:IPR031424
A0ABD2WUY2,Uncharacterized protein,Trichogramma kaykai,141,23,114,,InterPro:IPR031424
A0ABD2WVG2,Uncharacterized protein,Trichogramma kaykai,190,75,163,,InterPro:IPR031424
A0ABD2X0S6,Uncharacterized protein,Trichogramma kaykai,142,23,117,,InterPro:IPR031424
A0ABD2XC26,Uncharacterized protein,Trichogramma kaykai,152,27,126,,InterPro:IPR031424
A0ABD2XCB1,Uncharacterized protein,Trichogramma kaykai,173,37,132,,InterPro:IPR031424
A0ABD2XDM6,Uncharacterized protein,Trichogramma kaykai,157,27,130,,InterPro:IPR031424
A0ABD2XLG4,Uncharacterized protein,Trichogramma kaykai,156,23,134,,InterPro:IPR031424
A0ABD2XR36,Uncharacterized protein,Trichogramma kaykai,203,82,176,,InterPro:IPR031424
A0ABD3T6Y6,Uncharacterized protein,Sinanodonta woodiana (Chinese pond mussel),124,24,101,,InterPro:IPR031424
A0ABD3T6Z7,Uncharacterized protein,Sinanodonta woodiana (Chinese pond mussel),129,29,106,,InterPro:IPR031424
A0ABD3TGY2,Uncharacterized protein,Sinanodonta woodiana (Chinese pond mussel),90,2,88,,InterPro:IPR031424
A0ABD3TZH8,Uncharacterized protein,Sinanodonta woodiana (Chinese pond mussel),148,23,123,,InterPro:IPR031424
A0ABD3U0M2,Uncharacterized protein,Sinanodonta woodiana (Chinese pond mussel),140,24,114,,InterPro:IPR031424
A0ABD3U188,Uncharacterized protein,Sinanodonta woodiana (Chinese pond mussel),152,21,124,,InterPro:IPR031424
A0ABD3US95,Uncharacterized protein,Sinanodonta woodiana (Chinese pond mussel),130,20,101,,InterPro:IPR031424
A0ABD3UU22,Uncharacterized protein,Sinanodonta woodiana (Chinese pond mussel),131,24,105,,InterPro:IPR031424
A0ABD3UVX7,Uncharacterized protein,Sinanodonta woodiana (Chinese pond mussel),135,25,106,,InterPro:IPR031424
A0ABD3WPF0,Uncharacterized protein,Sinanodonta woodiana (Chinese pond mussel),139,30,110,,InterPro:IPR031424
A0ABD3WSR6,Uncharacterized protein,Sinanodonta woodiana (Chinese pond mussel),147,26,122,,InterPro:IPR031424
A0ABD3WVF2,Uncharacterized protein,Sinanodonta woodiana (Chinese pond mussel),140,24,113,,InterPro:IPR031424
A0ABD3WW27,Uncharacterized protein,Sinanodonta woodiana (Chinese pond mussel),144,24,116,,InterPro:IPR031424
A0ABD3WWE3,Uncharacterized protein,Sinanodonta woodiana (Chinese pond mussel),146,24,121,,InterPro:IPR031424
A0ABD3X2Q7,Uncharacterized protein,Sinanodonta woodiana (Chinese pond mussel),135,23,111,,InterPro:IPR031424
A0ABD3XJ84,Uncharacterized protein,Sinanodonta woodiana (Chinese pond mussel),149,25,125,,InterPro:IPR031424
A0ABD3XUC7,Uncharacterized protein,Sinanodonta woodiana (Chinese pond mussel),124,24,101,,InterPro:IPR031424
A0ABD3XW02,Uncharacterized protein,Sinanodonta woodiana (Chinese pond mussel),127,24,104,,InterPro:IPR031424
A0ABD3XW80,Uncharacterized protein,Sinanodonta woodiana (Chinese pond mussel),122,25,99,,InterPro:IPR031424
A0ABD3XXM4,Uncharacterized protein,Sinanodonta woodiana (Chinese pond mussel),122,25,99,,InterPro:IPR031424
A0ABD3XXR4,Uncharacterized protein,Sinanodonta woodiana (Chinese pond mussel),127,24,104,,InterPro:IPR031424
A0ABD6E9Q7,Uncharacterized protein,Gnathostoma spinigerum,206,42,184,,InterPro:IPR031424
A0ABD6EPE0,Uncharacterized protein,Gnathostoma spinigerum,159,20,132,,InterPro:IPR031424
A0ABD6ESK5,Uncharacterized protein,Gnathostoma spinigerum,145,32,120,,InterPro:IPR031424
A0FD22,Putative CG9336 ortholog,Drosophila erecta (Fruit fly),126,13,114,,InterPro:IPR031424
A0FD23,Putative CG9336 ortholog,Drosophila eugracilis (Fruit fly),126,13,114,,InterPro:IPR031424
A0FD24,Putative CG9336 ortholog,Drosophila lutescens (Fruit fly),126,13,114,,InterPro:IPR031424
A0FD25,Putative CG9336 ortholog,Drosophila simulans (Fruit fly),126,13,114,,InterPro:IPR031424
A0FD26,Putative CG9336 ortholog,Drosophila teissieri (Fruit fly),126,13,114,,InterPro:IPR031424
A0FD27,Putative CG9336 ortholog,Drosophila yakuba (Fruit fly),126,13,114,,InterPro:IPR031424
A0NF51,AGAP008115-PA,Anopheles gambiae (African malaria mosquito),172,24,139,,InterPro:IPR031424
A1Z8Y5,Protein sleepless,Drosophila melanogaster (Fruit fly),152,26,123,,InterPro:IPR031424
A6N9V2,Kunitz-like protein,Ornithodoros parkeri (Soft tick),158,22,132,,InterPro:IPR031424
A7LI76,Ly-6/neurotoxin-related protein,Pyrocoelia rufa (Firefly),120,24,96,,InterPro:IPR031424
A7UR32,AGAP002244-PA,Anopheles gambiae (African malaria mosquito),162,21,129,,InterPro:IPR031424
A7US48,AGAP011301-PA,Anopheles gambiae (African malaria mosquito),152,11,124,,InterPro:IPR031424
A8CAE6,13.7 kDa midgut protein,Phlebotomus papatasi (Sandfly),129,21,104,,InterPro:IPR031424
A8CW87,19.0 kDa midgut protein,Lutzomyia longipalpis (Sand fly),202,25,107,,InterPro:IPR031424
A8CWA6,11.9 kDa midgut protein,Lutzomyia longipalpis (Sand fly),133,23,107,,InterPro:IPR031424
A8WR98,Protein sleepless,Caenorhabditis briggsae,127,17,105,,InterPro:IPR031424
A8WUM1,Protein CBG02312,Caenorhabditis briggsae,128,24,108,,InterPro:IPR031424
A8XKT6,Protein sleepless,Caenorhabditis briggsae,137,20,110,,InterPro:IPR031424
A9NQN4,Protein sleepless,Picea sitchensis (Sitka spruce),151,27,126,,InterPro:IPR031424
A9XG03,Antibacterial peptide PBSIP,Protaetia brevitarsis seulensis,125,27,103,,InterPro:IPR031424
B0W2L7,Protein quiver,Culex quinquefasciatus (Southern house mosquito),162,23,136,,InterPro:IPR031424
B0X179,Protein quiver,Culex quinquefasciatus (Southern house mosquito),155,30,126,,InterPro:IPR031424
B0X1T5,Protein quiver,Culex quinquefasciatus (Southern house mosquito),170,30,138,,InterPro:IPR031424
B0X5D7,Protein sleepless,Culex quinquefasciatus (Southern house mosquito),139,21,114,,InterPro:IPR031424
B0X7N0,Protein quiver,Culex quinquefasciatus (Southern house mosquito),152,20,123,,InterPro:IPR031424
B0X7N1,Protein quiver,Culex quinquefasciatus (Southern house mosquito),151,26,125,,InterPro:IPR031424
B0X7N2,Uncharacterized protein,Culex quinquefasciatus (Southern house mosquito),146,12,122,,InterPro:IPR031424
B0XBK8,Protein sleepless,Culex quinquefasciatus (Southern house mosquito),161,24,135,,InterPro:IPR031424
B0XBL2,Uncharacterized protein,Culex quinquefasciatus (Southern house mosquito),142,25,119,,InterPro:IPR031424
B0XKH2,Protein sleepless,Culex quinquefasciatus (Southern house mosquito),131,41,99,,InterPro:IPR031424
B3M4B4,Uncharacterized protein,Drosophila ananassae (Fruit fly),156,22,134,,InterPro:IPR031424
B3MFC2,UPAR/Ly6 domain-containing protein qvr,Drosophila ananassae (Fruit fly),159,39,128,,InterPro:IPR031424
B3MHE4,"Uncharacterized protein, isoform A",Drosophila ananassae (Fruit fly),155,24,120,,InterPro:IPR031424
B3MNV2,Uncharacterized protein,Drosophila ananassae (Fruit fly),143,22,118,,InterPro:IPR031424
B3MNV3,Uncharacterized protein,Drosophila ananassae (Fruit fly),151,24,123,,InterPro:IPR031424
B3MNV4,Uncharacterized protein,Drosophila ananassae (Fruit fly),156,24,127,,InterPro:IPR031424
B3MPF7,Protein sleepless,Drosophila ananassae (Fruit fly),191,21,169,,InterPro:IPR031424
B3MPF8,Uncharacterized protein,Drosophila ananassae (Fruit fly),148,24,118,,InterPro:IPR031424
B3MPG0,Uncharacterized protein,Drosophila ananassae (Fruit fly),147,22,119,,InterPro:IPR031424
B3MQ09,Protein sleepless,Drosophila ananassae (Fruit fly),159,36,129,,InterPro:IPR031424
B3MU75,Uncharacterized protein,Drosophila ananassae (Fruit fly),148,25,123,,InterPro:IPR031424
B3MU76,Uncharacterized protein,Drosophila ananassae (Fruit fly),152,21,122,,InterPro:IPR031424
B3MU77,Uncharacterized protein,Drosophila ananassae (Fruit fly),148,24,125,,InterPro:IPR031424
B3MU78,Uncharacterized protein,Drosophila ananassae (Fruit fly),148,24,125,,InterPro:IPR031424
B3MU82,"Uncharacterized protein, isoform A",Drosophila ananassae (Fruit fly),159,28,130,,InterPro:IPR031424
B3MVY1,Uncharacterized protein,Drosophila ananassae (Fruit fly),150,26,122,,InterPro:IPR031424
B3N3V8,Uncharacterized protein,Drosophila erecta (Fruit fly),185,64,160,,InterPro:IPR031424
B3N3V9,Uncharacterized protein,Drosophila erecta (Fruit fly),151,24,123,,InterPro:IPR031424
B3N3W0,Uncharacterized protein,Drosophila erecta (Fruit fly),154,22,125,,InterPro:IPR031424
B3N742,Uncharacterized protein,Drosophila erecta (Fruit fly),147,22,119,,InterPro:IPR031424
B3N743,Uncharacterized protein,Drosophila erecta (Fruit fly),148,24,118,,InterPro:IPR031424
B3N744,Protein sleepless,Drosophila erecta (Fruit fly),187,20,165,,InterPro:IPR031424
B3NGZ6,Uncharacterized protein,Drosophila erecta (Fruit fly),158,23,135,,InterPro:IPR031424
B3NKW7,Uncharacterized protein,Drosophila erecta (Fruit fly),144,21,119,,InterPro:IPR031424
B3NKW8,Uncharacterized protein,Drosophila erecta (Fruit fly),148,21,122,,InterPro:IPR031424
B3NKW9,Uncharacterized protein,Drosophila erecta (Fruit fly),153,24,131,,InterPro:IPR031424
B3NKX1,Uncharacterized protein,Drosophila erecta (Fruit fly),152,24,130,,InterPro:IPR031424
B3NKX5,Uncharacterized protein,Drosophila erecta (Fruit fly),147,24,124,,InterPro:IPR031424
B3NKX6,Uncharacterized protein,Drosophila erecta (Fruit fly),148,24,125,,InterPro:IPR031424
B3NKY0,Uncharacterized protein,Drosophila erecta (Fruit fly),159,27,130,,InterPro:IPR031424
B3NRH1,"Uncharacterized protein, isoform A",Drosophila erecta (Fruit fly),155,24,120,,InterPro:IPR031424
B3NSF6,UPAR/Ly6 domain-containing protein qvr,Drosophila erecta (Fruit fly),158,39,127,,InterPro:IPR031424
B3NV97,Uncharacterized protein,Drosophila erecta (Fruit fly),144,25,115,,InterPro:IPR031424
B3NXY1,Protein sleepless,Drosophila erecta (Fruit fly),148,32,125,,InterPro:IPR031424
B3PAG6,Uncharacterized protein,Drosophila erecta (Fruit fly),152,24,130,,InterPro:IPR031424
B3PAG8,Uncharacterized protein,Drosophila erecta (Fruit fly),159,24,131,,InterPro:IPR031424
B4F5Y8,CG1397-PA,Drosophila melanogaster (Fruit fly),151,25,121,,InterPro:IPR031424
B4F5Z0,CG1397-PA,Drosophila melanogaster (Fruit fly),151,25,121,,InterPro:IPR031424
B4F5Z3,CG1397-PA,Drosophila melanogaster (Fruit fly),151,25,121,,InterPro:IPR031424
B4F5Z5,CG1397-PA,Drosophila melanogaster (Fruit fly),151,25,121,,InterPro:IPR031424
B4F5Z6,CG1397-PA,Drosophila melanogaster (Fruit fly),151,25,121,,InterPro:IPR031424
B4G717,GL18531,Drosophila persimilis (Fruit fly),150,20,124,,InterPro:IPR031424
B4G718,GL18530,Drosophila persimilis (Fruit fly),150,21,122,,InterPro:IPR031424
B4G719,GL18529,Drosophila persimilis (Fruit fly),148,24,125,,InterPro:IPR031424
B4G720,GL18528,Drosophila persimilis (Fruit fly),115,2,92,,InterPro:IPR031424
B4G725,GL18525,Drosophila persimilis (Fruit fly),157,28,131,,InterPro:IPR031424
B4G7D8,GL18503,Drosophila persimilis (Fruit fly),147,22,119,,InterPro:IPR031424
B4G7D9,GL19613,Drosophila persimilis (Fruit fly),145,24,118,,InterPro:IPR031424
B4G9M8,GL19509,Drosophila persimilis (Fruit fly),143,22,118,,InterPro:IPR031424
B4G9N0,GL18618,Drosophila persimilis (Fruit fly),151,24,123,,InterPro:IPR031424
B4G9N1,GL19511,Drosophila persimilis (Fruit fly),155,22,125,,InterPro:IPR031424
B4GAN3,UPAR/Ly6 domain-containing protein qvr,Drosophila persimilis (Fruit fly),160,40,128,,InterPro:IPR031424
B4GCE7,GL11631,Drosophila persimilis (Fruit fly),161,27,131,,InterPro:IPR031424
B4GH74,GL17476,Drosophila persimilis (Fruit fly),155,24,120,,InterPro:IPR031424
B4GXK7,GL20306,Drosophila persimilis (Fruit fly),150,25,121,,InterPro:IPR031424
B4H2D2,Protein sleepless,Drosophila persimilis (Fruit fly),151,28,121,,InterPro:IPR031424
B4HAG8,GL16339,Drosophila persimilis (Fruit fly),159,23,135,,InterPro:IPR031424
B4HDE4,GL25347,Drosophila persimilis (Fruit fly),148,24,125,,InterPro:IPR031424
B4HEX7,GM24719,Drosophila sechellia (Fruit fly),158,23,135,,InterPro:IPR031424
B4HNI3,UPAR/Ly6 domain-containing protein qvr,Drosophila sechellia (Fruit fly),158,39,127,,InterPro:IPR031424
B4HPA5,GM21375,Drosophila sechellia (Fruit fly),148,26,123,,InterPro:IPR031424
B4HQX0,GM21492,Drosophila sechellia (Fruit fly),155,24,120,,InterPro:IPR031424
B4HYI7,GM13045,Drosophila sechellia (Fruit fly),147,22,119,,InterPro:IPR031424
B4HYI8,GM16894,Drosophila sechellia (Fruit fly),148,24,118,,InterPro:IPR031424
B4HYI9,Protein sleepless,Drosophila sechellia (Fruit fly),188,21,166,,InterPro:IPR031424
B4IDZ0,GM11260,Drosophila sechellia (Fruit fly),151,25,121,,InterPro:IPR031424
B4IE77,GM26284,Drosophila sechellia (Fruit fly),154,22,125,,InterPro:IPR031424
B4IE79,GM26273,Drosophila sechellia (Fruit fly),143,22,118,,InterPro:IPR031424
B4IFH2,GM23377,Drosophila sechellia (Fruit fly),167,27,130,,InterPro:IPR031424
B4IFH6,GM23380,Drosophila sechellia (Fruit fly),148,24,125,,InterPro:IPR031424
B4IFH8,GM23382,Drosophila sechellia (Fruit fly),141,18,118,,InterPro:IPR031424
B4IFH9,GM23383,Drosophila sechellia (Fruit fly),148,21,122,,InterPro:IPR031424
B4IFI0,GM23384,Drosophila sechellia (Fruit fly),146,23,121,,InterPro:IPR031424
B4IHI4,Protein sleepless,Drosophila sechellia (Fruit fly),149,32,125,,InterPro:IPR031424
B4IZB7,GH16386,Drosophila grimshawi (Hawaiian fruit fly),162,23,135,,InterPro:IPR031424
B4J586,GH21037,Drosophila grimshawi (Hawaiian fruit fly),155,25,121,,InterPro:IPR031424
B4J723,Protein sleepless,Drosophila grimshawi (Hawaiian fruit fly),161,21,132,,InterPro:IPR031424
B4J8Z9,UPAR/Ly6 domain-containing protein qvr,Drosophila grimshawi (Hawaiian fruit fly),161,39,127,,InterPro:IPR031424
B4JBW6,GH10175,Drosophila grimshawi (Hawaiian fruit fly),148,22,119,,InterPro:IPR031424
B4JBW7,GH11591,Drosophila grimshawi (Hawaiian fruit fly),145,23,117,,InterPro:IPR031424
B4JCB7,GH11641,Drosophila grimshawi (Hawaiian fruit fly),151,24,123,,InterPro:IPR031424
B4JCB8,GH10139,Drosophila grimshawi (Hawaiian fruit fly),143,22,118,,InterPro:IPR031424
B4JD89,GH10594,Drosophila grimshawi (Hawaiian fruit fly),147,23,122,,InterPro:IPR031424
B4JD90,GH10593,Drosophila grimshawi (Hawaiian fruit fly),153,20,121,,InterPro:IPR031424
B4JD91,GH10592,Drosophila grimshawi (Hawaiian fruit fly),148,24,125,,InterPro:IPR031424
B4JD92,GH10591,Drosophila grimshawi (Hawaiian fruit fly),148,24,125,,InterPro:IPR031424
B4JD94,GH10589,Drosophila grimshawi (Hawaiian fruit fly),155,27,130,,InterPro:IPR031424
B4JDG0,GH11181,Drosophila grimshawi (Hawaiian fruit fly),155,22,125,,InterPro:IPR031424
B4JJL3,GH12230,Drosophila grimshawi (Hawaiian fruit fly),268,144,240,,InterPro:IPR031424
B4K2D2,GH11769,Drosophila grimshawi (Hawaiian fruit fly),142,18,114,,InterPro:IPR031424
B4KEG7,Uncharacterized protein,Drosophila mojavensis (Fruit fly),151,24,123,,InterPro:IPR031424
B4KEG8,Uncharacterized protein,Drosophila mojavensis (Fruit fly),143,22,118,,InterPro:IPR031424
B4KG96,Uncharacterized protein,Drosophila mojavensis (Fruit fly),155,23,126,,InterPro:IPR031424
B4KJN3,Uncharacterized protein,Drosophila mojavensis (Fruit fly),148,22,119,,InterPro:IPR031424
B4KJN4,Uncharacterized protein,Drosophila mojavensis (Fruit fly),145,23,117,,InterPro:IPR031424
B4KJN5,Protein sleepless,Drosophila mojavensis (Fruit fly),207,27,175,,InterPro:IPR031424
B4KL05,Uncharacterized protein,Drosophila mojavensis (Fruit fly),148,24,123,,InterPro:IPR031424
B4KL06,"Uncharacterized protein, isoform A",Drosophila mojavensis (Fruit fly),153,20,121,,InterPro:IPR031424
B4KL07,Uncharacterized protein,Drosophila mojavensis (Fruit fly),148,24,125,,InterPro:IPR031424
B4KL08,Uncharacterized protein,Drosophila mojavensis (Fruit fly),148,24,125,,InterPro:IPR031424
B4KL10,"Uncharacterized protein, isoform A",Drosophila mojavensis (Fruit fly),157,29,132,,InterPro:IPR031424
B4KPW8,"Uncharacterized protein, isoform A",Drosophila mojavensis (Fruit fly),154,24,120,,InterPro:IPR031424
B4KR21,UPAR/Ly6 domain-containing protein qvr,Drosophila mojavensis (Fruit fly),159,39,127,,InterPro:IPR031424
B4KUS8,Uncharacterized protein,Drosophila mojavensis (Fruit fly),159,23,135,,InterPro:IPR031424
B4L4H7,Uncharacterized protein,Drosophila mojavensis (Fruit fly),155,28,124,,InterPro:IPR031424
B4LCR4,Uncharacterized protein,Drosophila virilis (Fruit fly),164,23,135,,InterPro:IPR031424
B4LKT4,Uncharacterized protein,Drosophila virilis (Fruit fly),154,24,120,,InterPro:IPR031424
B4LLT5,Uncharacterized protein,Drosophila virilis (Fruit fly),170,27,141,,InterPro:IPR031424
B4LQ44,UPAR/Ly6 domain-containing protein qvr,Drosophila virilis (Fruit fly),159,39,127,,InterPro:IPR031424
B4LSI1,Uncharacterized protein,Drosophila virilis (Fruit fly),148,22,119,,InterPro:IPR031424
B4LSI2,"Uncharacterized protein, isoform A",Drosophila virilis (Fruit fly),145,23,117,,InterPro:IPR031424
B4LSI3,Protein sleepless,Drosophila virilis (Fruit fly),204,27,178,,InterPro:IPR031424
B4LSX1,Uncharacterized protein,Drosophila virilis (Fruit fly),151,24,123,,InterPro:IPR031424
B4LSX2,Uncharacterized protein,Drosophila virilis (Fruit fly),143,22,118,,InterPro:IPR031424
B4LTR7,Uncharacterized protein,Drosophila virilis (Fruit fly),154,22,125,,InterPro:IPR031424
B4LUN0,"Uncharacterized protein, isoform B",Drosophila virilis (Fruit fly),153,20,121,,InterPro:IPR031424
B4LUN1,Uncharacterized protein,Drosophila virilis (Fruit fly),148,24,125,,InterPro:IPR031424
B4LUN2,Uncharacterized protein,Drosophila virilis (Fruit fly),148,24,125,,InterPro:IPR031424
B4LUN4,Uncharacterized protein,Drosophila virilis (Fruit fly),157,28,131,,InterPro:IPR031424
B4M2N1,Uncharacterized protein,Drosophila virilis (Fruit fly),150,28,124,,InterPro:IPR031424
B4M9W4,Protein sleepless,Drosophila virilis (Fruit fly),237,118,211,,InterPro:IPR031424
B4MQJ1,UPAR/Ly6 domain-containing protein qvr,Drosophila willistoni (Fruit fly),161,40,128,,InterPro:IPR031424
B4MTR5,Protein sleepless,Drosophila willistoni (Fruit fly),212,26,181,,InterPro:IPR031424
B4MV59,Uncharacterized protein,Drosophila willistoni (Fruit fly),159,30,133,,InterPro:IPR031424
B4MV63,Uncharacterized protein,Drosophila willistoni (Fruit fly),149,24,125,,InterPro:IPR031424
B4MV65,Uncharacterized protein,Drosophila willistoni (Fruit fly),148,24,125,,InterPro:IPR031424
B4MV66,Uncharacterized protein,Drosophila willistoni (Fruit fly),148,24,125,,InterPro:IPR031424
B4MV67,Uncharacterized protein,Drosophila willistoni (Fruit fly),151,22,123,,InterPro:IPR031424
B4MV68,Uncharacterized protein,Drosophila willistoni (Fruit fly),151,23,129,,InterPro:IPR031424
B4MVF1,Uncharacterized protein,Drosophila willistoni (Fruit fly),154,22,125,,InterPro:IPR031424
B4MVF2,Uncharacterized protein,Drosophila willistoni (Fruit fly),151,24,123,,InterPro:IPR031424
B4MVF3,Uncharacterized protein,Drosophila willistoni (Fruit fly),148,23,119,,InterPro:IPR031424
B4N155,Uncharacterized protein,Drosophila willistoni (Fruit fly),147,22,119,,InterPro:IPR031424
B4N4L5,Uncharacterized protein,Drosophila willistoni (Fruit fly),160,24,136,,InterPro:IPR031424
B4N5U7,Uncharacterized protein,Drosophila willistoni (Fruit fly),150,24,120,,InterPro:IPR031424
B4NCI9,Uncharacterized protein,Drosophila willistoni (Fruit fly),140,15,111,,InterPro:IPR031424
B4NEF8,Protein sleepless,Drosophila willistoni (Fruit fly),147,26,119,,InterPro:IPR031424
B4NUA5,GD24538,Drosophila simulans (Fruit fly),151,25,121,,InterPro:IPR031424
B4NWW3,Uncharacterized protein,Drosophila yakuba (Fruit fly),147,22,119,,InterPro:IPR031424
B4NWW4,Uncharacterized protein,Drosophila yakuba (Fruit fly),148,24,118,,InterPro:IPR031424
B4NWW5,Protein sleepless,Drosophila yakuba (Fruit fly),187,20,165,,InterPro:IPR031424
B4P1Z9,Uncharacterized protein,Drosophila yakuba (Fruit fly),154,22,125,,InterPro:IPR031424
B4P200,Uncharacterized protein,Drosophila yakuba (Fruit fly),151,24,123,,InterPro:IPR031424
B4P201,Uncharacterized protein,Drosophila yakuba (Fruit fly),143,22,118,,InterPro:IPR031424
B4P466,"Uncharacterized protein, isoform A",Drosophila yakuba (Fruit fly),157,24,120,,InterPro:IPR031424
B4P5C0,Protein quiver,Drosophila yakuba (Fruit fly),181,55,152,,InterPro:IPR031424
B4P641,UPAR/Ly6 domain-containing protein qvr,Drosophila yakuba (Fruit fly),158,39,127,,InterPro:IPR031424
B4P717,Uncharacterized protein,Drosophila yakuba (Fruit fly),147,23,121,,InterPro:IPR031424
B4P718,Uncharacterized protein,Drosophila yakuba (Fruit fly),148,21,122,,InterPro:IPR031424
B4P719,Uncharacterized protein,Drosophila yakuba (Fruit fly),147,24,124,,InterPro:IPR031424
B4P720,Uncharacterized protein,Drosophila yakuba (Fruit fly),148,24,125,,InterPro:IPR031424
B4P724,Uncharacterized protein,Drosophila yakuba (Fruit fly),159,27,130,,InterPro:IPR031424
B4PFN2,Uncharacterized protein,Drosophila yakuba (Fruit fly),158,23,135,,InterPro:IPR031424
B4PYE6,Uncharacterized protein,Drosophila yakuba (Fruit fly),150,25,121,,InterPro:IPR031424
B4Q1C9,Protein sleepless,Drosophila yakuba (Fruit fly),149,32,125,,InterPro:IPR031424
B4Q3R6,GD22126,Drosophila simulans (Fruit fly),154,22,125,,InterPro:IPR031424
B4Q3R7,GD23827,Drosophila simulans (Fruit fly),151,24,123,,InterPro:IPR031424
B4Q3R8,GD22125,Drosophila simulans (Fruit fly),184,22,118,,InterPro:IPR031424
B4Q3V6,GD24287,Drosophila simulans (Fruit fly),159,27,130,,InterPro:IPR031424
B4Q3W0,GD24290,Drosophila simulans (Fruit fly),148,24,125,,InterPro:IPR031424
B4Q3W2,GD24291,Drosophila simulans (Fruit fly),245,122,222,,InterPro:IPR031424
B4Q3W3,GD24292,Drosophila simulans (Fruit fly),148,21,122,,InterPro:IPR031424
B4Q3W4,GD24293,Drosophila simulans (Fruit fly),146,23,121,,InterPro:IPR031424
B4Q6Q5,GD22419,Drosophila simulans (Fruit fly),147,22,119,,InterPro:IPR031424
B4Q6Q6,GD23524,Drosophila simulans (Fruit fly),148,24,118,,InterPro:IPR031424
B4Q6Q7,Protein sleepless,Drosophila simulans (Fruit fly),188,21,166,,InterPro:IPR031424
B4QBL6,UPAR/Ly6 domain-containing protein qvr,Drosophila simulans (Fruit fly),158,39,127,,InterPro:IPR031424
B4QCU4,Protein sleepless,Drosophila simulans (Fruit fly),152,26,123,,InterPro:IPR031424
B4QEH7,GD10986,Drosophila simulans (Fruit fly),155,24,120,,InterPro:IPR031424
B4QQA2,GD12781,Drosophila simulans (Fruit fly),158,23,135,,InterPro:IPR031424
B4R5W2,Protein quiver,Drosophila simulans (Fruit fly),149,32,125,,InterPro:IPR031424
B5A5T4,UPAR/Ly6 domain-containing protein qvr,Drosophila melanogaster (Fruit fly),158,39,127,,InterPro:IPR031424
B5DIQ8,Uncharacterized protein,Drosophila pseudoobscura pseudoobscura (Fruit fly),148,24,125,,InterPro:IPR031424
B5E022,UPAR/Ly6 domain-containing protein qvr,Drosophila pseudoobscura pseudoobscura (Fruit fly),159,40,127,,InterPro:IPR031424
B6IGN8,UPAR/Ly6 domain-containing protein qvr,Caenorhabditis briggsae,156,22,135,,InterPro:IPR031424
B7P6T9,Protein quiver,Ixodes scapularis (Black-legged tick),155,27,122,,InterPro:IPR031424
B7P6U1,Uncharacterized protein,Ixodes scapularis (Black-legged tick),156,26,129,,InterPro:IPR031424
B7PAT6,Uncharacterized protein,Ixodes scapularis (Black-legged tick),137,9,108,,InterPro:IPR031424
B7PCP4,Uncharacterized protein,Ixodes scapularis (Black-legged tick),144,27,115,,InterPro:IPR031424
B7PJ53,Uncharacterized protein,Ixodes scapularis (Black-legged tick),145,26,114,,InterPro:IPR031424
B7PNS3,"Secreted protein, putative",Ixodes scapularis (Black-legged tick),174,31,140,,InterPro:IPR031424
B7PZ93,"Secreted protein, putative",Ixodes scapularis (Black-legged tick),150,14,111,,InterPro:IPR031424
B7Q0E3,UPAR/Ly6 domain-containing protein qvr,Ixodes scapularis (Black-legged tick),174,18,104,,InterPro:IPR031424
B7U4P3,Uncharacterized protein,Psathyromyia shannoni,119,24,117,,InterPro:IPR031424
B9EQX1,FI10950p,Drosophila melanogaster (Fruit fly),185,64,160,,InterPro:IPR031424
C1L4J5,Histone H1B,Schistosoma japonicum (Blood fluke),147,29,117,,InterPro:IPR031424
C1LFQ2,Protein quiver,Schistosoma japonicum (Blood fluke),153,34,122,,InterPro:IPR031424
C1LIC0,Egg protein CP3842,Schistosoma japonicum (Blood fluke),179,39,147,,InterPro:IPR031424
C1LIC1,Protein quiver,Schistosoma japonicum (Blood fluke),175,39,147,,InterPro:IPR031424
C4WS60,ACYPI009426 protein,Acyrthosiphon pisum (Pea aphid),161,24,135,,InterPro:IPR031424
C4WTL1,ACYPI003247 protein,Acyrthosiphon pisum (Pea aphid),153,24,127,,InterPro:IPR031424
C4WUJ6,ACYPI002217 protein,Acyrthosiphon pisum (Pea aphid),156,33,134,,InterPro:IPR031424
C4WVS1,ACYPI43895 protein,Acyrthosiphon pisum (Pea aphid),177,21,150,,InterPro:IPR031424
C4WVU5,UPAR/Ly6 domain-containing protein qvr,Acyrthosiphon pisum (Pea aphid),143,26,114,,InterPro:IPR031424
C4WW54,ACYPI005101 protein,Acyrthosiphon pisum (Pea aphid),144,27,119,,InterPro:IPR031424
C4WX31,ACYPI009796 protein,Acyrthosiphon pisum (Pea aphid),156,26,126,,InterPro:IPR031424
C5IWP3,Ly-6/neurotoxin superfamily member 1,Nilaparvata lugens (Brown planthopper),151,32,124,,InterPro:IPR031424
D3PFK7,UPAR/Ly6 domain-containing protein qvr,Lepeophtheirus salmonis (Salmon louse),176,42,126,,InterPro:IPR031424
D3TP45,Hypothetical conserved secreted protein,Glossina morsitans morsitans (Savannah tsetse fly),156,22,119,,InterPro:IPR031424
D3TQG3,Hypothetical conserved protein,Glossina morsitans morsitans (Savannah tsetse fly),147,23,124,,InterPro:IPR031424
D3TS04,Hypothetical conserved protein,Glossina morsitans morsitans (Savannah tsetse fly),161,31,132,,InterPro:IPR031424
D5A7S1,MIP20570p,Drosophila melanogaster (Fruit fly),154,31,129,,InterPro:IPR031424
D6WAX2,Uncharacterized protein,Tribolium castaneum (Red flour beetle),155,20,131,,InterPro:IPR031424
D6WHF1,Uncharacterized protein,Tribolium castaneum (Red flour beetle),158,37,132,,InterPro:IPR031424
D6WSF3,Uncharacterized protein,Tribolium castaneum (Red flour beetle),163,47,139,,InterPro:IPR031424
D6WSU2,UPAR/Ly6 domain-containing protein qvr,Tribolium castaneum (Red flour beetle),491,369,457,,InterPro:IPR031424
D6WV98,Uncharacterized protein,Tribolium castaneum (Red flour beetle),147,25,127,,InterPro:IPR031424
D6WWK1,Protein sleepless,Tribolium castaneum (Red flour beetle),126,23,103,,InterPro:IPR031424
D6WWK9,Protein sleepless,Tribolium castaneum (Red flour beetle),156,21,127,,InterPro:IPR031424
D6WX55,Uncharacterized protein,Tribolium castaneum (Red flour beetle),193,54,171,,InterPro:IPR031424
D6WX56,Uncharacterized protein,Tribolium castaneum (Red flour beetle),141,27,119,,InterPro:IPR031424
D6WXR8,Uncharacterized protein,Tribolium castaneum (Red flour beetle),156,21,133,,InterPro:IPR031424
D6WXR9,Uncharacterized protein,Tribolium castaneum (Red flour beetle),147,26,124,,InterPro:IPR031424
D6WXS0,Uncharacterized protein,Tribolium castaneum (Red flour beetle),155,27,130,,InterPro:IPR031424
D6X4L9,Protein sleepless,Tribolium castaneum (Red flour beetle),152,21,131,,InterPro:IPR031424
D7EIA8,Protein sleepless,Tribolium castaneum (Red flour beetle),138,20,111,,InterPro:IPR031424
E0VCD4,Uncharacterized protein,Pediculus humanus subsp. corporis (Body louse),123,12,101,,InterPro:IPR031424
E0VE32,Protein quiver,Pediculus humanus subsp. corporis (Body louse),165,57,141,,InterPro:IPR031424
E0VGC8,Uncharacterized protein,Pediculus humanus subsp. corporis (Body louse),145,10,120,,InterPro:IPR031424
E0VLR8,Uncharacterized protein,Pediculus humanus subsp. corporis (Body louse),161,29,126,,InterPro:IPR031424
E0VSI1,Uncharacterized protein,Pediculus humanus subsp. corporis (Body louse),122,19,87,,InterPro:IPR031424
E0VU09,Uncharacterized protein,Pediculus humanus subsp. corporis (Body louse),162,32,134,,InterPro:IPR031424
E0VVY8,Uncharacterized protein,Pediculus humanus subsp. corporis (Body louse),141,25,111,,InterPro:IPR031424
E0VVY9,Uncharacterized protein,Pediculus humanus subsp. corporis (Body louse),149,30,124,,InterPro:IPR031424
E0VVZ0,Uncharacterized protein,Pediculus humanus subsp. corporis (Body louse),180,24,155,,InterPro:IPR031424
E0VVZ1,Uncharacterized protein,Pediculus humanus subsp. corporis (Body louse),144,25,117,,InterPro:IPR031424
E0VVZ2,Uncharacterized protein,Pediculus humanus subsp. corporis (Body louse),110,8,80,,InterPro:IPR031424
E0VZN0,Uncharacterized protein,Pediculus humanus subsp. corporis (Body louse),166,27,123,,InterPro:IPR031424
E0W2C1,UPAR/Ly6 domain-containing protein qvr,Pediculus humanus subsp. corporis (Body louse),125,5,84,,InterPro:IPR031424
E1ZV82,Uncharacterized protein,Camponotus floridanus (Florida carpenter ant),147,16,115,,InterPro:IPR031424
E1ZVU6,Uncharacterized protein,Camponotus floridanus (Florida carpenter ant),126,9,97,,InterPro:IPR031424
E1ZWA1,Uncharacterized protein,Camponotus floridanus (Florida carpenter ant),151,27,121,,InterPro:IPR031424
E2A338,Uncharacterized protein,Camponotus floridanus (Florida carpenter ant),126,1,100,,InterPro:IPR031424
E2A4B4,Uncharacterized protein,Camponotus floridanus (Florida carpenter ant),154,20,131,,InterPro:IPR031424
E2A869,UPAR/Ly6 domain-containing protein qvr,Camponotus floridanus (Florida carpenter ant),129,11,100,,InterPro:IPR031424
E2A870,UPAR/Ly6 domain-containing protein qvr,Camponotus floridanus (Florida carpenter ant),145,10,98,,InterPro:IPR031424
E2ABC9,Uncharacterized protein,Camponotus floridanus (Florida carpenter ant),301,183,277,,InterPro:IPR031424
E2AH76,Uncharacterized protein,Camponotus floridanus (Florida carpenter ant),131,5,100,,InterPro:IPR031424
E2AJF1,Uncharacterized protein,Camponotus floridanus (Florida carpenter ant),121,6,95,,InterPro:IPR031424
E2B2C5,AAA+ ATPase domain-containing protein,Harpegnathos saltator (Jerdon's jumping ant),535,25,128,,InterPro:IPR031424
E2B3V5,Uncharacterized protein,Harpegnathos saltator (Jerdon's jumping ant),118,2,87,,InterPro:IPR031424
E2BDF0,Uncharacterized protein,Harpegnathos saltator (Jerdon's jumping ant),145,14,125,,InterPro:IPR031424
E2BFY7,Uncharacterized protein,Harpegnathos saltator (Jerdon's jumping ant),166,27,122,,InterPro:IPR031424
E2BID2,Protein sleepless,Harpegnathos saltator (Jerdon's jumping ant),207,89,183,,InterPro:IPR031424
E2BK80,Uncharacterized protein,Harpegnathos saltator (Jerdon's jumping ant),152,26,125,,InterPro:IPR031424
E2BW28,Uncharacterized protein,Harpegnathos saltator (Jerdon's jumping ant),151,32,123,,InterPro:IPR031424
E2C3U4,Protein quiver,Harpegnathos saltator (Jerdon's jumping ant),150,2,121,,InterPro:IPR031424
E2C3U5,Uncharacterized protein,Harpegnathos saltator (Jerdon's jumping ant),140,18,112,,InterPro:IPR031424
E2J782,Salivary protein MYS,Triatoma matogrossensis,176,22,151,,InterPro:IPR031424
E3LDP7,Protein sleepless,Caenorhabditis remanei,137,20,109,,InterPro:IPR031424
E3LEF5,Protein sleepless,Caenorhabditis remanei,144,30,119,,InterPro:IPR031424
E3LJM8,Uncharacterized protein,Caenorhabditis remanei,127,18,100,,InterPro:IPR031424
E3M4D3,Protein sleepless,Caenorhabditis remanei,161,23,142,,InterPro:IPR031424
E3M6U0,Protein sleepless,Caenorhabditis remanei,127,17,105,,InterPro:IPR031424
E3MC67,UPAR/Ly6 domain-containing protein qvr,Caenorhabditis remanei,155,22,135,,InterPro:IPR031424
E3MN64,Protein sleepless,Caenorhabditis remanei,187,46,166,,InterPro:IPR031424
E4XG26,Uncharacterized protein,Oikopleura dioica (Tunicate),265,138,231,,InterPro:IPR031424
E9FSZ4,Protein sleepless,Daphnia pulex (Water flea),126,21,112,,InterPro:IPR031424
E9FYF2,UPAR/Ly6 domain-containing protein qvr,Daphnia pulex (Water flea),180,62,150,,InterPro:IPR031424
E9FYR9,Uncharacterized protein,Daphnia pulex (Water flea),154,27,126,,InterPro:IPR031424
E9FYS0,Uncharacterized protein,Daphnia pulex (Water flea),153,23,126,,InterPro:IPR031424
E9FZU8,Uncharacterized protein,Daphnia pulex (Water flea),121,3,85,,InterPro:IPR031424
E9G656,Uncharacterized protein,Daphnia pulex (Water flea),164,27,138,,InterPro:IPR031424
E9GF30,UPAR/Ly6 domain-containing protein,Daphnia pulex (Water flea),162,22,102,,InterPro:IPR031424
E9GFW1,Uncharacterized protein,Daphnia pulex (Water flea),143,22,116,,InterPro:IPR031424
E9GID4,Uncharacterized protein,Daphnia pulex (Water flea),127,10,98,,InterPro:IPR031424
E9GU67,Protein sleepless,Daphnia pulex (Water flea),117,1,111,,InterPro:IPR031424
E9H2D7,Uncharacterized protein,Daphnia pulex (Water flea),177,24,151,,InterPro:IPR031424
E9HBK9,Uncharacterized protein,Daphnia pulex (Water flea),154,26,122,,InterPro:IPR031424
E9HRE6,Uncharacterized protein,Daphnia pulex (Water flea),165,25,141,,InterPro:IPR031424
E9I954,Protein sleepless,Solenopsis invicta (Red imported fire ant),73,4,43,,InterPro:IPR031424
F0J9S5,Hypothetical secreted protein 108,Amblyomma variegatum (Tropical bont tick),144,29,121,,InterPro:IPR031424
F1CJ09,Hypothetical secreted protein,Hottentotta judaicus (Black scorpion),143,29,119,,InterPro:IPR031424
F2VT66,UPAR/Ly6 domain-containing protein qvr,Clonorchis sinensis (Chinese liver fluke),148,35,121,,InterPro:IPR031424
F4W418,Uncharacterized protein,Acromyrmex echinatior (Panamanian leafcutter ant),148,23,122,,InterPro:IPR031424
F4WC31,Uncharacterized protein,Acromyrmex echinatior (Panamanian leafcutter ant),271,133,229,,InterPro:IPR031424
F4WLT2,Uncharacterized protein,Acromyrmex echinatior (Panamanian leafcutter ant),125,5,96,,InterPro:IPR031424
F4WNB4,Uncharacterized protein,Acromyrmex echinatior (Panamanian leafcutter ant),153,24,127,,InterPro:IPR031424
F4WTA5,Uncharacterized protein,Acromyrmex echinatior (Panamanian leafcutter ant),208,85,179,,InterPro:IPR031424
F4WTA6,Uncharacterized protein,Acromyrmex echinatior (Panamanian leafcutter ant),173,22,147,,InterPro:IPR031424
F4X8E0,Ig-like domain-containing protein,Acromyrmex echinatior (Panamanian leafcutter ant),336,218,312,,InterPro:IPR031424
G0MB48,UPAR/Ly6 domain-containing protein qvr,Caenorhabditis brenneri (Nematode worm),156,22,135,,InterPro:IPR031424
G0MPU3,Protein sleepless,Caenorhabditis brenneri (Nematode worm),158,19,141,,InterPro:IPR031424
G0MSY2,Uncharacterized protein,Caenorhabditis brenneri (Nematode worm),155,38,128,,InterPro:IPR031424
G0PD11,Protein sleepless,Caenorhabditis brenneri (Nematode worm),127,17,105,,InterPro:IPR031424
G3MIF4,Uncharacterized protein,Amblyomma maculatum (Gulf Coast tick),187,72,160,,InterPro:IPR031424
G4LWX6,Protein quiver,Schistosoma mansoni (Blood fluke),146,24,117,,InterPro:IPR031424
G4LZC5,Protein quiver,Schistosoma mansoni (Blood fluke),147,29,117,,InterPro:IPR031424
G4VKC4,Protein quiver,Schistosoma mansoni (Blood fluke),177,38,146,,InterPro:IPR031424
G7Y2M1,UPAR/Ly6 domain-containing protein qvr,Clonorchis sinensis (Chinese liver fluke),156,28,124,,InterPro:IPR031424
G7YAH2,UPAR/Ly6 domain-containing protein qvr,Clonorchis sinensis (Chinese liver fluke),148,35,121,,InterPro:IPR031424
G7YCG9,Protein sleepless,Clonorchis sinensis (Chinese liver fluke),150,19,121,,InterPro:IPR031424
G7YFZ8,Protein quiver,Clonorchis sinensis (Chinese liver fluke),181,45,154,,InterPro:IPR031424
G7YI47,Protein quiver,Clonorchis sinensis (Chinese liver fluke),168,37,136,,InterPro:IPR031424
G7YL89,Cadmium metallothionein,Clonorchis sinensis (Chinese liver fluke),100,27,70,,InterPro:IPR031424
G7YPW1,Protein quiver,Clonorchis sinensis (Chinese liver fluke),143,21,115,,InterPro:IPR031424
G7YRV3,Protein quiver,Clonorchis sinensis (Chinese liver fluke),146,29,117,,InterPro:IPR031424
H2FLI3,Protein sleepless,Caenorhabditis elegans,186,45,165,,InterPro:IPR031424
H2KYH6,Protein sleepless,Caenorhabditis elegans,141,27,116,,InterPro:IPR031424
I4DJK1,Uncharacterized protein LOC106126802,Papilio xuthus (Asian swallowtail butterfly),148,23,126,,InterPro:IPR031424
I4DJK2,Similar to CG7781,Papilio xuthus (Asian swallowtail butterfly),133,22,112,,InterPro:IPR031424
I4DKJ2,Uncharacterized protein,Papilio xuthus (Asian swallowtail butterfly),182,47,160,,InterPro:IPR031424
I4DKN9,Retroactive,Papilio xuthus (Asian swallowtail butterfly),149,26,123,,InterPro:IPR031424
I4DKP0,Retroactive,Papilio xuthus (Asian swallowtail butterfly),149,26,123,,InterPro:IPR031424
I4DL69,Uncharacterized protein,Papilio xuthus (Asian swallowtail butterfly),161,23,136,,InterPro:IPR031424
I4DL76,Uncharacterized protein,Papilio xuthus (Asian swallowtail butterfly),143,22,121,,InterPro:IPR031424
I4DLG6,Uncharacterized protein,Papilio xuthus (Asian swallowtail butterfly),171,25,141,,InterPro:IPR031424
I4DMY3,Uncharacterized protein,Papilio polytes (Common mormon),161,23,136,,InterPro:IPR031424
J3JU92,Uncharacterized protein,Dendroctonus ponderosae (Mountain pine beetle),158,22,133,,InterPro:IPR031424
J3JUP7,Uncharacterized protein,Dendroctonus ponderosae (Mountain pine beetle),154,26,131,,InterPro:IPR031424
J3JXS1,Uncharacterized protein,Dendroctonus ponderosae (Mountain pine beetle),146,27,124,,InterPro:IPR031424
J3JY30,Protein sleepless,Dendroctonus ponderosae (Mountain pine beetle),122,22,121,,InterPro:IPR031424
J9EBC4,Protein sleepless,Wuchereria bancrofti,149,23,113,,InterPro:IPR031424
J9EHM3,Protein quiver,Wuchereria bancrofti,208,48,182,,InterPro:IPR031424
J9ZZN6,Retroactive,Tribolium castaneum (Red flour beetle),150,29,124,,InterPro:IPR031424
K1PIU5,UPAR/Ly6 domain-containing protein qvr,Magallana gigas (Pacific oyster),166,46,141,,InterPro:IPR031424
K1PN44,Casein kinase II subunit beta,Magallana gigas (Pacific oyster),289,186,263,,InterPro:IPR031424
K1PQY0,Protein sleepless,Magallana gigas (Pacific oyster),144,24,116,,InterPro:IPR031424
K1Q5T4,"3-hydroxyisobutyryl-CoA hydrolase, mitochondrial",Magallana gigas (Pacific oyster),513,402,489,,InterPro:IPR031424
K1QCR7,Protein quiver,Magallana gigas (Pacific oyster),135,13,110,,InterPro:IPR031424
K1QYL4,UPAR/Ly6 domain-containing protein qvr,Magallana gigas (Pacific oyster),154,35,123,,InterPro:IPR031424
K1S039,Uncharacterized protein,Magallana gigas (Pacific oyster),264,78,175,,InterPro:IPR031424
K1S139,Uncharacterized protein,Magallana gigas (Pacific oyster),136,22,112,,InterPro:IPR031424
L7LX43,Uncharacterized protein,Rhipicephalus pulchellus (Yellow backed tick),139,24,112,,InterPro:IPR031424
L7LYR9,Putative conserved secreted protein,Rhipicephalus pulchellus (Yellow backed tick),156,22,132,,InterPro:IPR031424
L7M2W3,Uncharacterized protein,Rhipicephalus pulchellus (Yellow backed tick),158,26,129,,InterPro:IPR031424
L7M444,Protein sleepless,Rhipicephalus pulchellus (Yellow backed tick),144,29,121,,InterPro:IPR031424
L7M9L1,Putative secreted peptide,Rhipicephalus pulchellus (Yellow backed tick),161,22,131,,InterPro:IPR031424
L7MJX1,Putative secreted protein,Rhipicephalus pulchellus (Yellow backed tick),189,55,154,,InterPro:IPR031424
M4GYG8,Putative secreted salivary protein,Antricola delacruzi (Soft tick),142,26,118,,InterPro:IPR031424
M9NDC5,"Uncharacterized protein, isoform B",Drosophila melanogaster (Fruit fly),198,75,173,,InterPro:IPR031424
M9PGD2,"Uncharacterized protein, isoform C",Drosophila melanogaster (Fruit fly),150,23,125,,InterPro:IPR031424
N6T0J2,Protein sleepless,Dendroctonus ponderosae (Mountain pine beetle),168,23,143,,InterPro:IPR031424
N6T3Y6,Uncharacterized protein,Dendroctonus ponderosae (Mountain pine beetle),121,22,120,,InterPro:IPR031424
N6TML4,Uncharacterized protein,Dendroctonus ponderosae (Mountain pine beetle),164,24,142,,InterPro:IPR031424
N6TMT4,Uncharacterized protein,Dendroctonus ponderosae (Mountain pine beetle),178,59,156,,InterPro:IPR031424
N6TMV4,Uncharacterized protein,Dendroctonus ponderosae (Mountain pine beetle),154,26,131,,InterPro:IPR031424
N6TPH1,Uncharacterized protein,Dendroctonus ponderosae (Mountain pine beetle),145,24,121,,InterPro:IPR031424
N6TUI9,Uncharacterized protein,Dendroctonus ponderosae (Mountain pine beetle),270,169,245,,InterPro:IPR031424
N6U1Y6,Protein sleepless,Dendroctonus ponderosae (Mountain pine beetle),154,25,130,,InterPro:IPR031424
N6U7S0,Uncharacterized protein,Dendroctonus ponderosae (Mountain pine beetle),189,20,121,,InterPro:IPR031424
N6UDR8,Uncharacterized protein,Dendroctonus ponderosae (Mountain pine beetle),208,82,185,,InterPro:IPR031424
N6UM37,Uncharacterized protein,Dendroctonus ponderosae (Mountain pine beetle),145,21,123,,InterPro:IPR031424
P52882,Uncharacterized protein F46C5.4,Caenorhabditis elegans,187,29,168,,InterPro:IPR031424
P91371,Protein sleepless,Caenorhabditis elegans,132,17,109,,InterPro:IPR031424
P91372,Protein sleepless,Caenorhabditis elegans,127,17,105,,InterPro:IPR031424
Q0MTF2,Salivary protein MYS2,Triatoma brasiliensis (Blood-sucking bug),176,22,151,,InterPro:IPR031424
Q16JQ1,UPAR/Ly6 domain-containing protein qvr,Aedes aegypti (Yellowfever mosquito),143,21,109,,InterPro:IPR031424
Q16JT0,AAEL013220-PA,Aedes aegypti (Yellowfever mosquito),165,23,136,,InterPro:IPR031424
Q16RW6,AAEL010802-PA,Aedes aegypti (Yellowfever mosquito),166,25,134,,InterPro:IPR031424
Q16TE3,AAEL010263-PA,Aedes aegypti (Yellowfever mosquito),134,12,110,,InterPro:IPR031424
Q16TE5,Uncharacterized protein,Aedes aegypti (Yellowfever mosquito),142,25,119,,InterPro:IPR031424
Q176Q6,GOLD domain-containing protein,Aedes aegypti (Yellowfever mosquito),181,25,82,,InterPro:IPR031424
Q17CL1,Protein quiver,Aedes aegypti (Yellowfever mosquito),151,20,123,,InterPro:IPR031424
Q17CL2,AAEL004515-PA,Aedes aegypti (Yellowfever mosquito),288,26,125,,InterPro:IPR031424
Q17CL2,AAEL004515-PA,Aedes aegypti (Yellowfever mosquito),288,152,250,,InterPro:IPR031424
Q17CL3,Protein sleepless,Aedes aegypti (Yellowfever mosquito),159,25,135,,InterPro:IPR031424
Q17I18,AAEL002484-PA,Aedes aegypti (Yellowfever mosquito),169,19,129,,InterPro:IPR031424
Q17I69,AAEL002438-PA,Aedes aegypti (Yellowfever mosquito),150,24,120,,InterPro:IPR031424
Q17LA1,AAEL001403-PA,Aedes aegypti (Yellowfever mosquito),145,21,114,,InterPro:IPR031424
Q18032,Protein sleepless,Caenorhabditis elegans,137,20,109,,InterPro:IPR031424
Q1HQZ0,Uncharacterized protein,Aedes aegypti (Yellowfever mosquito),159,25,135,,InterPro:IPR031424
Q29GZ0,Protein sleepless,Drosophila pseudoobscura pseudoobscura (Fruit fly),151,28,121,,InterPro:IPR031424
Q29LU8,Uncharacterized protein,Drosophila pseudoobscura pseudoobscura (Fruit fly),147,22,119,,InterPro:IPR031424
Q29M72,Uncharacterized protein crok,Drosophila pseudoobscura pseudoobscura (Fruit fly),151,24,123,,InterPro:IPR031424
Q2LZ80,Uncharacterized protein crim,Drosophila pseudoobscura pseudoobscura (Fruit fly),159,23,135,,InterPro:IPR031424
Q4PM28,Uncharacterized protein,Ixodes scapularis (Black-legged tick),158,40,132,,InterPro:IPR031424
Q4PMW7,Uncharacterized protein,Ixodes scapularis (Black-legged tick),145,27,119,,InterPro:IPR031424
Q4TT90,Protein sleepless,Caenorhabditis elegans,159,20,140,,InterPro:IPR031424
Q564Y4,Protein sleepless,Caenorhabditis elegans,184,43,163,,InterPro:IPR031424
Q565B0,UPAR/Ly6 domain-containing protein qvr,Caenorhabditis elegans,155,22,135,,InterPro:IPR031424
Q5C1I6,UPAR/Ly6 domain-containing protein qvr,Schistosoma japonicum (Blood fluke),157,28,124,,InterPro:IPR031424
Q5C4P1,Protein quiver,Schistosoma japonicum (Blood fluke),198,58,166,,InterPro:IPR031424
Q5C6F2,Protein quiver,Schistosoma japonicum (Blood fluke),146,31,119,,InterPro:IPR031424
Q5DBS5,Protein quiver,Schistosoma japonicum (Blood fluke),147,29,117,,InterPro:IPR031424
Q5DFI4,Protein quiver,Schistosoma japonicum (Blood fluke),150,26,124,,InterPro:IPR031424
Q5DFN3,Protein sleepless,Schistosoma japonicum (Blood fluke),148,26,119,,InterPro:IPR031424
Q71D51,CG6583,Drosophila yakuba (Fruit fly),134,2,105,,InterPro:IPR031424
Q71D96,CG9336,Drosophila yakuba (Fruit fly),148,24,125,,InterPro:IPR031424
Q7K188,GEO05126p1,Drosophila melanogaster (Fruit fly),155,24,120,,InterPro:IPR031424
Q7Q2Z7,AGAP011412-PA,Anopheles gambiae (African malaria mosquito),166,33,129,,InterPro:IPR031424
Q7Q3Z5,AGAP008113-PA,Anopheles gambiae (African malaria mosquito),142,25,119,,InterPro:IPR031424
Q7Q8G5,AGAP008642-PA,Anopheles gambiae (African malaria mosquito),151,22,125,,InterPro:IPR031424
Q7Q8G6,AGAP008641-PA,Anopheles gambiae (African malaria mosquito),158,28,127,,InterPro:IPR031424
Q7Q8G7,AGAP008640-PA,Anopheles gambiae (African malaria mosquito),159,26,135,,InterPro:IPR031424
Q7QCC1,AGAP002553-PA,Anopheles gambiae (African malaria mosquito),159,3,113,,InterPro:IPR031424
Q7QJH9,AGAP007529-PA,Anopheles gambiae (African malaria mosquito),148,21,114,,InterPro:IPR031424
Q7YSZ1,Putative salivary protein mys2,Rhodnius prolixus (Triatomid bug),176,22,151,,InterPro:IPR031424
Q86FI2,Clone ZZZ204 mRNA sequence,Schistosoma japonicum (Blood fluke),128,26,119,,InterPro:IPR031424
Q8IA82,UPAR/Ly6 domain-containing protein,Caenorhabditis elegans,126,18,100,,InterPro:IPR031424
Q8SXN6,Protein sleepless,Drosophila melanogaster (Fruit fly),152,26,123,,InterPro:IPR031424
Q8SXV2,RE19849p,Drosophila melanogaster (Fruit fly),148,21,122,,InterPro:IPR031424
Q8SZ82,RE13953p,Drosophila melanogaster (Fruit fly),154,22,125,,InterPro:IPR031424
Q9VIH8,GEO11432p1,Drosophila melanogaster (Fruit fly),146,23,121,,InterPro:IPR031424
Q9VIH9,UPAR/Ly6 domain-containing protein CG9338,Drosophila melanogaster (Fruit fly),147,24,124,,InterPro:IPR031424
Q9VII1,UPAR/Ly6 domain-containing protein bero,Drosophila melanogaster (Fruit fly),148,24,125,,InterPro:IPR031424
Q9VII5,GEO08323p1,Drosophila melanogaster (Fruit fly),159,27,130,,InterPro:IPR031424
Q9VK99,"Atilla, isoform B",Drosophila melanogaster (Fruit fly),143,22,118,,InterPro:IPR031424
Q9VKA0,UPAR/Ly6 domain-containing protein crok,Drosophila melanogaster (Fruit fly),151,24,123,,InterPro:IPR031424
Q9VKA1,FI02817p,Drosophila melanogaster (Fruit fly),154,22,125,,InterPro:IPR031424
Q9VLP0,Protein sleepless,Drosophila melanogaster (Fruit fly),187,20,165,,InterPro:IPR031424
Q9VLP1,GEO08095p1,Drosophila melanogaster (Fruit fly),148,24,118,,InterPro:IPR031424
Q9VLP2,GEO08076p1,Drosophila melanogaster (Fruit fly),147,22,119,,InterPro:IPR031424
Q9VTM6,UPAR/Ly6 domain-containing protein crim,Drosophila melanogaster (Fruit fly),158,23,135,,InterPro:IPR031424
Q9VZ21,UPAR/Ly6 domain-containing protein rtv,Drosophila melanogaster (Fruit fly),151,25,121,,InterPro:IPR031424
Q9W3T7,UPAR/Ly6 domain-containing protein bou,Drosophila melanogaster (Fruit fly),149,32,125,,InterPro:IPR031424
R4FPM5,Putative salivary protein mys,Rhodnius prolixus (Triatomid bug),168,21,143,,InterPro:IPR031424
R4G374,Uncharacterized protein,Rhodnius prolixus (Triatomid bug),161,23,134,,InterPro:IPR031424
R4G540,UPAR/Ly6 domain-containing protein qvr,Rhodnius prolixus (Triatomid bug),158,22,133,,InterPro:IPR031424
R4G7Y0,Putative mys protein,Rhodnius prolixus (Triatomid bug),161,20,132,,InterPro:IPR031424
R4UNF8,Uncharacterized protein,Coptotermes formosanus (Formosan subterranean termite),141,22,115,,InterPro:IPR031424
R4UWG9,Uncharacterized protein,Coptotermes formosanus (Formosan subterranean termite),175,25,147,,InterPro:IPR031424
R4UWM5,Uncharacterized protein,Coptotermes formosanus (Formosan subterranean termite),172,56,147,,InterPro:IPR031424
R4V2J5,Uncharacterized protein,Coptotermes formosanus (Formosan subterranean termite),85,1,58,,InterPro:IPR031424
R4V516,Uncharacterized protein,Coptotermes formosanus (Formosan subterranean termite),145,24,118,,InterPro:IPR031424
R7T663,Protein sleepless,Capitella teleta (Polychaete worm),106,13,86,,InterPro:IPR031424
R7T886,UPAR/Ly6 domain-containing protein qvr,Capitella teleta (Polychaete worm),122,3,99,,InterPro:IPR031424
R7T8B9,Protein quiver,Capitella teleta (Polychaete worm),154,22,128,,InterPro:IPR031424
R7T8M5,Protein sleepless,Capitella teleta (Polychaete worm),142,25,117,,InterPro:IPR031424
R7T8W4,Protein quiver,Capitella teleta (Polychaete worm),253,130,232,,InterPro:IPR031424
R7TZE4,Protein sleepless,Capitella teleta (Polychaete worm),145,47,118,,InterPro:IPR031424
R7U5V7,Chitin-binding type-2 domain-containing protein,Capitella teleta (Polychaete worm),479,62,145,,InterPro:IPR031424
R7U7S1,Protein quiver,Capitella teleta (Polychaete worm),172,32,141,,InterPro:IPR031424
R7UQC9,UPAR/Ly6 domain-containing protein qvr,Capitella teleta (Polychaete worm),160,25,137,,InterPro:IPR031424
R7UQP6,Protein quiver,Capitella teleta (Polychaete worm),147,47,123,,InterPro:IPR031424
R7URW9,Protein sleepless,Capitella teleta (Polychaete worm),155,38,130,,InterPro:IPR031424
R7VAA0,Protein sleepless,Capitella teleta (Polychaete worm),143,24,115,,InterPro:IPR031424
R7VC07,UPAR/Ly6 domain-containing protein qvr,Capitella teleta (Polychaete worm),143,31,117,,InterPro:IPR031424
R7VJG2,Protein sleepless,Capitella teleta (Polychaete worm),175,52,133,,InterPro:IPR031424
R7VK05,Protein quiver,Capitella teleta (Polychaete worm),147,47,121,,InterPro:IPR031424
R7VM38,UPAR/Ly6 domain-containing protein,Capitella teleta (Polychaete worm),177,25,104,,InterPro:IPR031424
S4NMT5,Protein sleepless,Pararge aegeria (speckled wood butterfly),140,26,116,,InterPro:IPR031424
S4NXK5,Uncharacterized protein,Pararge aegeria (speckled wood butterfly),149,20,122,,InterPro:IPR031424
S4P3Z0,Uncharacterized protein,Pararge aegeria (speckled wood butterfly),159,24,134,,InterPro:IPR031424
S4P4R6,Protein quiver,Pararge aegeria (speckled wood butterfly),159,20,133,,InterPro:IPR031424
S4P4T8,Uncharacterized protein,Pararge aegeria (speckled wood butterfly),150,26,123,,InterPro:IPR031424
S4P8V1,Uncharacterized protein,Pararge aegeria (speckled wood butterfly),132,7,110,,InterPro:IPR031424
S4P8W4,Uncharacterized protein,Pararge aegeria (speckled wood butterfly),140,23,115,,InterPro:IPR031424
S4PL98,Uncharacterized protein,Pararge aegeria (speckled wood butterfly),146,23,122,,InterPro:IPR031424
T1D356,Putative secreted protein,Psorophora albipes,141,24,118,,InterPro:IPR031424
T1D554,Putative secreted protein,Psorophora albipes,159,25,135,,InterPro:IPR031424
T1D5A2,Putative secreted protein,Psorophora albipes,142,25,119,,InterPro:IPR031424
T1DH23,Putative secreted protein,Anopheles aquasalis (Malaria mosquito),142,25,119,,InterPro:IPR031424
T1E9L8,Putative secreted protein,Anopheles aquasalis (Malaria mosquito),150,18,126,,InterPro:IPR031424
T1E9T3,Putative secreted protein,Anopheles aquasalis (Malaria mosquito),183,36,151,,InterPro:IPR031424
T1E9X4,Putative plasma membrane protein,Anopheles aquasalis (Malaria mosquito),173,29,142,,InterPro:IPR031424
T1EFF6,UPAR/Ly6 domain-containing protein qvr,Helobdella robusta (Californian leech),153,26,122,,InterPro:IPR031424
T1EFF7,Protein sleepless,Helobdella robusta (Californian leech),156,33,125,,InterPro:IPR031424
T1F5G6,Protein quiver,Helobdella robusta (Californian leech),488,309,387,,InterPro:IPR031424
T1F5G7,Protein sleepless,Helobdella robusta (Californian leech),152,48,125,,InterPro:IPR031424
T1F9Z2,Protein quiver,Helobdella robusta (Californian leech),101,22,99,,InterPro:IPR031424
T1FAZ3,Protein quiver,Helobdella robusta (Californian leech),155,37,117,,InterPro:IPR031424
T1FBT4,Protein quiver,Helobdella robusta (Californian leech),101,22,99,,InterPro:IPR031424
T1FHP3,Protein quiver,Helobdella robusta (Californian leech),201,37,115,,InterPro:IPR031424
T1FMP9,Protein sleepless,Helobdella robusta (Californian leech),147,29,124,,InterPro:IPR031424
T1FTA0,Activin types I and II receptor domain-containing protein,Helobdella robusta (Californian leech),107,23,103,,InterPro:IPR031424
T1FTE7,Protein quiver,Helobdella robusta (Californian leech),247,30,114,,InterPro:IPR031424
T1FUE6,Protein sleepless,Helobdella robusta (Californian leech),297,44,123,,InterPro:IPR031424
T1FUE6,Protein sleepless,Helobdella robusta (Californian leech),297,187,269,,InterPro:IPR031424
T1FUF1,Protein quiver,Helobdella robusta (Californian leech),226,118,200,,InterPro:IPR031424
T1FUF4,Uncharacterized protein,Helobdella robusta (Californian leech),793,25,104,,InterPro:IPR031424
T1FUF5,Protein quiver,Helobdella robusta (Californian leech),129,22,102,,InterPro:IPR031424
T1G9H2,Protein sleepless,Helobdella robusta (Californian leech),153,25,116,,InterPro:IPR031424
T1GCM6,Uncharacterized protein,Megaselia scalaris (Humpbacked fly),149,27,123,,InterPro:IPR031424
T1GHF9,Uncharacterized protein,Megaselia scalaris (Humpbacked fly),151,16,128,,InterPro:IPR031424
T1GQL7,Uncharacterized protein,Megaselia scalaris (Humpbacked fly),147,26,122,,InterPro:IPR031424
T1H667,Uncharacterized protein,Megaselia scalaris (Humpbacked fly),101,3,100,,InterPro:IPR031424
T1HC87,Protein sleepless,Rhodnius prolixus (Triatomid bug),88,25,70,,InterPro:IPR031424
T1HRF9,Uncharacterized protein,Rhodnius prolixus (Triatomid bug),157,20,124,,InterPro:IPR031424
T1I2D3,Uncharacterized protein,Rhodnius prolixus (Triatomid bug),160,20,131,,InterPro:IPR031424
T1I2V5,Uncharacterized protein,Rhodnius prolixus (Triatomid bug),123,1,96,,InterPro:IPR031424
T1I335,UPAR/Ly6 domain-containing protein qvr,Rhodnius prolixus (Triatomid bug),124,6,94,,InterPro:IPR031424
T1I365,Uncharacterized protein,Rhodnius prolixus (Triatomid bug),135,8,111,,InterPro:IPR031424
T1I368,Protein quiver,Rhodnius prolixus (Triatomid bug),151,28,127,,InterPro:IPR031424
T1ICK5,Protein quiver,Rhodnius prolixus (Triatomid bug),131,28,125,,InterPro:IPR031424
T1IFT4,Uncharacterized protein,Rhodnius prolixus (Triatomid bug),161,20,132,,InterPro:IPR031424
T1IID5,Uncharacterized protein,Strigamia maritima (European centipede),211,70,178,,InterPro:IPR031424
T1IKW3,Uncharacterized protein,Strigamia maritima (European centipede),1831,1713,1801,,InterPro:IPR031424
T1IU22,Uncharacterized protein,Strigamia maritima (European centipede),120,24,112,,InterPro:IPR031424
T1IWT7,Uncharacterized protein,Strigamia maritima (European centipede),202,19,99,,InterPro:IPR031424
T1IWT8,Uncharacterized protein,Strigamia maritima (European centipede),234,133,218,,InterPro:IPR031424
T1IWT8,Uncharacterized protein,Strigamia maritima (European centipede),234,22,103,,InterPro:IPR031424
T1IWU0,Uncharacterized protein,Strigamia maritima (European centipede),176,62,152,,InterPro:IPR031424
T1IWU1,Uncharacterized protein,Strigamia maritima (European centipede),152,25,127,,InterPro:IPR031424
T1IWU3,Uncharacterized protein,Strigamia maritima (European centipede),269,117,214,,InterPro:IPR031424
T1IWU5,Protein sleepless,Strigamia maritima (European centipede),143,25,117,,InterPro:IPR031424
T1J121,Protein sleepless,Strigamia maritima (European centipede),242,143,218,,InterPro:IPR031424
T1J6C0,Uncharacterized protein,Strigamia maritima (European centipede),317,105,180,,InterPro:IPR031424
T1JCJ9,Protein quiver,Strigamia maritima (European centipede),240,125,212,,InterPro:IPR031424
T1JCK2,Uncharacterized protein,Strigamia maritima (European centipede),127,26,101,,InterPro:IPR031424
T1JCL0,Uncharacterized protein,Strigamia maritima (European centipede),129,19,100,,InterPro:IPR031424
T1JCL1,Snake toxin/toxin-like domain-containing protein,Strigamia maritima (European centipede),210,108,185,,InterPro:IPR031424
T1JIA1,Uncharacterized protein,Strigamia maritima (European centipede),133,20,101,,InterPro:IPR031424
T1JLK0,Uncharacterized protein,Strigamia maritima (European centipede),137,27,116,,InterPro:IPR031424
T1JQ64,Uncharacterized protein,Tetranychus urticae (Two-spotted spider mite),130,11,108,,InterPro:IPR031424
T1JS24,Uncharacterized protein,Tetranychus urticae (Two-spotted spider mite),137,23,111,,InterPro:IPR031424
T1JV53,Uncharacterized protein,Tetranychus urticae (Two-spotted spider mite),170,23,138,,InterPro:IPR031424
T1JY73,Uncharacterized protein,Tetranychus urticae (Two-spotted spider mite),138,25,114,,InterPro:IPR031424
T1JYR4,Uncharacterized protein,Tetranychus urticae (Two-spotted spider mite),132,10,113,,InterPro:IPR031424
T1K5F8,Uncharacterized protein,Tetranychus urticae (Two-spotted spider mite),144,24,117,,InterPro:IPR031424
T1K6M4,UPAR/Ly6 domain-containing protein qvr,Tetranychus urticae (Two-spotted spider mite),150,28,118,,InterPro:IPR031424
T1K9J4,Uncharacterized protein,Tetranychus urticae (Two-spotted spider mite),181,45,145,,InterPro:IPR031424
T1KK68,Uncharacterized protein,Tetranychus urticae (Two-spotted spider mite),154,27,122,,InterPro:IPR031424
T1KRZ1,Uncharacterized protein,Tetranychus urticae (Two-spotted spider mite),153,23,125,,InterPro:IPR031424
T1KTB6,Uncharacterized protein,Tetranychus urticae (Two-spotted spider mite),161,19,133,,InterPro:IPR031424
T1KTI3,Uncharacterized protein,Tetranychus urticae (Two-spotted spider mite),151,24,124,,InterPro:IPR031424
T1KYL9,Uncharacterized protein,Tetranychus urticae (Two-spotted spider mite),148,23,126,,InterPro:IPR031424
T1KYZ0,Uncharacterized protein,Tetranychus urticae (Two-spotted spider mite),161,25,137,,InterPro:IPR031424
T1KZL2,Protein sleepless,Tetranychus urticae (Two-spotted spider mite),164,23,132,,InterPro:IPR031424
T1P8B7,Protein quiver isoform X1,Musca domestica (House fly),160,24,120,,InterPro:IPR031424
T1PFJ1,Activin types 1 and 2 receptor protein,Musca domestica (House fly),147,22,119,,InterPro:IPR031424
T1PFZ6,Activin types 1 and 2 receptor protein,Musca domestica (House fly),165,36,134,,InterPro:IPR031424
U4PB49,Protein sleepless,Caenorhabditis elegans,134,17,111,,InterPro:IPR031424
U4TVZ8,Protein sleepless,Dendroctonus ponderosae (Mountain pine beetle),188,22,112,,InterPro:IPR031424
U4UFP7,Uncharacterized protein,Dendroctonus ponderosae (Mountain pine beetle),127,28,105,,InterPro:IPR031424
U4UGF1,Uncharacterized protein,Dendroctonus ponderosae (Mountain pine beetle),122,22,121,,InterPro:IPR031424
U4UHA1,Uncharacterized protein,Dendroctonus ponderosae (Mountain pine beetle),145,24,121,,InterPro:IPR031424
U4UNT0,Protein sleepless,Dendroctonus ponderosae (Mountain pine beetle),154,25,130,,InterPro:IPR031424
U4UPJ3,Uncharacterized protein,Dendroctonus ponderosae (Mountain pine beetle),178,59,156,,InterPro:IPR031424
U5EDB7,Putative secreted protein,Corethrella appendiculata,155,25,132,,InterPro:IPR031424
U5EGF9,Putative secreted protein,Corethrella appendiculata,155,29,124,,InterPro:IPR031424
U5EMH4,Putative conserved plasma membrane protein,Corethrella appendiculata,163,23,136,,InterPro:IPR031424
U5EPI5,UPAR/Ly6 domain-containing protein qvr,Corethrella appendiculata,155,33,121,,InterPro:IPR031424
U5ES17,Putative secreted protein,Corethrella appendiculata,151,26,125,,InterPro:IPR031424
U5ES22,Putative secreted protein,Corethrella appendiculata,143,26,120,,InterPro:IPR031424
U5ESH5,Putative secreted protein,Corethrella appendiculata,149,22,125,,InterPro:IPR031424
U6JI44,Cadmium metallothionein (MT-Cd) (Cd-MT),Echinococcus granulosus (Hydatid tapeworm),174,32,127,,InterPro:IPR031424
V3ZJ60,Protein quiver,Lottia gigantea (Giant owl limpet),145,23,119,,InterPro:IPR031424
V3ZJZ9,Protein quiver,Lottia gigantea (Giant owl limpet),134,1,111,,InterPro:IPR031424
V3ZXE8,Protein sleepless,Lottia gigantea (Giant owl limpet),135,24,110,,InterPro:IPR031424
V3ZXH2,UPAR/Ly6 domain-containing protein qvr,Lottia gigantea (Giant owl limpet),145,23,119,,InterPro:IPR031424
V4A050,Protein quiver,Lottia gigantea (Giant owl limpet),107,23,104,,InterPro:IPR031424
V4A1W6,Protein quiver,Lottia gigantea (Giant owl limpet),154,24,127,,InterPro:IPR031424
V4A4X5,UPAR/Ly6 domain-containing protein qvr,Lottia gigantea (Giant owl limpet),175,65,152,,InterPro:IPR031424
V4A733,Protein sleepless,Lottia gigantea (Giant owl limpet),139,18,110,,InterPro:IPR031424
V4AFQ7,SUEL-type lectin domain-containing protein,Lottia gigantea (Giant owl limpet),145,44,125,,InterPro:IPR031424
V4AIS5,Protein sleepless,Lottia gigantea (Giant owl limpet),161,29,118,,InterPro:IPR031424
V4ASK0,Protein sleepless,Lottia gigantea (Giant owl limpet),139,21,113,,InterPro:IPR031424
V4B2C6,Protein sleepless,Lottia gigantea (Giant owl limpet),126,23,104,,InterPro:IPR031424
V4BWK5,Protein quiver,Lottia gigantea (Giant owl limpet),145,23,121,,InterPro:IPR031424
V5GFQ0,Uncharacterized protein,Anoplophora glabripennis (Asian longhorn beetle),226,84,200,,InterPro:IPR031424
V5GNT0,Putative conserved secreted protein,Ixodes ricinus (Common tick),145,27,115,,InterPro:IPR031424
V5GQZ5,Uncharacterized protein,Anoplophora glabripennis (Asian longhorn beetle),127,11,83,,InterPro:IPR031424
V5GUT6,Uncharacterized protein,Anoplophora glabripennis (Asian longhorn beetle),147,21,125,,InterPro:IPR031424
V5GY86,Uncharacterized protein,Anoplophora glabripennis (Asian longhorn beetle),145,21,123,,InterPro:IPR031424
V5GYU3,Putative secreted protein,Ixodes ricinus (Common tick),190,27,92,,InterPro:IPR031424
V5HSG3,Uncharacterized protein,Ixodes ricinus (Common tick),142,4,103,,InterPro:IPR031424
V9I9M8,UPAR/Ly6 domain-containing protein qvr,Apis cerana (Indian honeybee),158,28,116,,InterPro:IPR031424
V9IBF3,UPAR/Ly6 domain-containing protein qvr,Apis cerana (Indian honeybee),142,12,100,,InterPro:IPR031424
V9IDV2,Protein sleepless,Apis cerana (Indian honeybee),146,23,117,,InterPro:IPR031424
V9II85,Uncharacterized protein,Apis cerana (Indian honeybee),166,27,122,,InterPro:IPR031424
V9IJ48,Uncharacterized protein,Apis cerana (Indian honeybee),173,24,144,,InterPro:IPR031424
V9ILT4,Uncharacterized protein,Apis cerana (Indian honeybee),152,24,121,,InterPro:IPR031424
V9TJG9,T-complex protein 1 subunit eta,Calanus helgolandicus (Copepod),418,336,414,,InterPro:IPR031424
V9XQQ1,Boudin,Schmidtea mediterranea (Freshwater planarian flatworm),139,22,111,,InterPro:IPR031424
W2SVC4,Protein quiver,Necator americanus (Human hookworm),130,20,109,,InterPro:IPR031424
W2T795,Protein quiver,Necator americanus (Human hookworm),200,21,135,,InterPro:IPR031424
W2TQW2,UPAR/Ly6 domain-containing protein qvr,Necator americanus (Human hookworm),166,30,142,,InterPro:IPR031424
W5J3F7,Uncharacterized protein,Anopheles darlingi (Mosquito),169,24,139,,InterPro:IPR031424
W5J5I1,Uncharacterized protein,Anopheles darlingi (Mosquito),149,7,116,,InterPro:IPR031424
W5J654,Uncharacterized protein,Anopheles darlingi (Mosquito),262,145,239,,InterPro:IPR031424
W5J8K1,UPAR/Ly6 domain-containing protein qvr,Anopheles darlingi (Mosquito),157,33,121,,InterPro:IPR031424
W5JEU5,Omega-scoloptoxin-ssm1a,Anopheles darlingi (Mosquito),156,34,127,,InterPro:IPR031424
W5JF11,Uncharacterized protein,Anopheles darlingi (Mosquito),151,20,123,,InterPro:IPR031424
W5JGJ4,Uncharacterized protein,Anopheles darlingi (Mosquito),151,26,125,,InterPro:IPR031424
W5JS25,Protein quiver,Anopheles darlingi (Mosquito),169,26,139,,InterPro:IPR031424
W6U553,Protein quiver,Echinococcus granulosus (Hydatid tapeworm),174,38,146,,InterPro:IPR031424
W6UEP5,UPAR/Ly6 domain-containing protein qvr,Echinococcus granulosus (Hydatid tapeworm),139,21,117,,InterPro:IPR031424
W6UFW3,Protein quiver,Echinococcus granulosus (Hydatid tapeworm),144,26,120,,InterPro:IPR031424
W6UG94,Uncharacterized protein,Echinococcus granulosus (Hydatid tapeworm),115,24,92,,InterPro:IPR031424
W6UGK5,UPAR/Ly6 domain-containing protein qvr,Echinococcus granulosus (Hydatid tapeworm),179,62,155,,InterPro:IPR031424
W8AHA3,Uncharacterized protein,Ceratitis capitata (Mediterranean fruit fly),156,31,124,,InterPro:IPR031424
W8ALP9,(Mediterranean fruit fly) hypothetical protein,Ceratitis capitata (Mediterranean fruit fly),147,24,124,,InterPro:IPR031424
W8B283,Uncharacterized protein,Ceratitis capitata (Mediterranean fruit fly),153,25,128,,InterPro:IPR031424
W8B4S9,UPAR/Ly6 domain-containing protein qvr,Ceratitis capitata (Mediterranean fruit fly),271,43,131,,InterPro:IPR031424
W8B9S3,Uncharacterized protein,Ceratitis capitata (Mediterranean fruit fly),152,22,119,,InterPro:IPR031424
W8BK11,UPAR/Ly6 domain-containing protein qvr,Ceratitis capitata (Mediterranean fruit fly),274,46,134,,InterPro:IPR031424
W8BKT3,(Mediterranean fruit fly) hypothetical protein,Ceratitis capitata (Mediterranean fruit fly),154,22,125,,InterPro:IPR031424
W8BLA3,(Mediterranean fruit fly) hypothetical protein,Ceratitis capitata (Mediterranean fruit fly),142,21,117,,InterPro:IPR031424
W8BRQ3,Uncharacterized protein,Ceratitis capitata (Mediterranean fruit fly),218,33,187,,InterPro:IPR031424
W8BX44,Uncharacterized protein,Ceratitis capitata (Mediterranean fruit fly),156,20,123,,InterPro:IPR031424
W8C3U8,Protein sleepless,Ceratitis capitata (Mediterranean fruit fly),160,29,136,,InterPro:IPR031424
W8C620,(Mediterranean fruit fly) hypothetical protein,Ceratitis capitata (Mediterranean fruit fly),151,24,123,,InterPro:IPR031424
W8C635,Protein sleepless,Ceratitis capitata (Mediterranean fruit fly),141,24,117,,InterPro:IPR031424
W8C743,Uncharacterized protein,Ceratitis capitata (Mediterranean fruit fly),168,24,121,,InterPro:IPR031424
W8C9N0,Uncharacterized protein,Ceratitis capitata (Mediterranean fruit fly),150,21,122,,InterPro:IPR031424
X2ACF0,Protein sleepless,Capitella teleta (Polychaete worm),106,13,86,,InterPro:IPR031424
