identifier,group,oligomeric_state,last_common_ancestor,length
Centipede3FTx_0001_61981,manually_annotated,monomer,class:Chilopoda,72-95
Centipede3FTx_0033_61981,manually_annotated,monomer,class:Chilopoda,117-140
Centipede3FTx_0097_984703,manually_annotated,monomer,class:Chilopoda,95-117
A0A7J7F872_IPR042339_1_14-139,Ly6,monomer,genus:Diceros,117-140
A0AAD4U641_IPR016054_2_166-237,Ly6,mixture,class:Mammalia,72-95
A0A0F7YYX2_IPR045860_1_12-87,mixture,monomer,genus:Micrurus,72-95
A0A0H4J516_IPR045860_1_12-85,mixture,monomer,genus:Micrurus,72-95
A0A815FLC7_IPR045860_1_58-126,Ly6,monomer,genus:Adineta,50-72
A0A898IN64_IPR045860_1_12-76,3FTx,monomer,genus:Calliophis,50-72
A0AAJ7WWT7_IPR045860_1_23-87,none,multimer,genus:Petromyzon,50-72
A7X3M3_IPR045860_1_13-85,3FTx,monomer,genus:Psammophis,72-95
A8HDK1_IPR045860_1_12-79,mixture,monomer,genus:Pseudonaja,50-72
P15817_IPR045860_1_22-87,none,monomer,genus:Bungarus,50-72
R4G323_IPR045860_1_12-82,mixture,monomer,genus:Pseudonaja,50-72
U3FYQ7_IPR045860_1_12-79,3FTx,monomer,genus:Micrurus,50-72
A0A2J8NXY6_IPR039237_1_1-69,mixture,monomer,class:Mammalia,50-72
A0A341AVB8_IPR026110_1_1-121,none,monomer,order:Artiodactyla,117-140
A0A0N8E6G7_IPR045860_1_41-139,none,monomer,class:Branchiopoda,95-117
A0A1S3GKP1_IPR045860_1_118-196,none,monomer,genus:Dipodomys,72-95
A0A383YVP7_IPR045860_1_28-112,mixture,monomer,order:Artiodactyla,72-95
A0A3B3C5Y7_IPR016054_1_104-175,Ly6,multimer,genus:Oryzias,72-95
A0A3B3VJU1_IPR045860_1_18-103,Ly6,multimer,genus:Poecilia,72-95
A0A3N0XST6_IPR045860_2_122-197,none,multimer,genus:Anabarilius,72-95
A0A3P9H3P4_IPR016054_1_14-107,Ly6,multimer,genus:Oryzias,72-95
A0A3Q0R1E3_IPR016054_2_19-106,Ly6,multimer,genus:Amphilophus,72-95
A0A3Q2G9W1_IPR016054_1_97-182,Ly6,mixture,genus:Cyprinodon,72-95
A0A3Q3BF95_IPR045860_1_19-86,none,monomer,genus:Kryptolebias,50-72
A0A498NGS1_IPR016054_4_323-401,Ly6,multimer,genus:Labeo,72-95
A0A5N5Q6A7_IPR016054_1_20-113,mixture,monomer,order:Siluriformes,72-95
A0A667WNH2_IPR016054_1_12-85,Ly6,monomer,genus:Myripristis,72-95
A0A673AVT1_IPR045860_2_30-109,Ly6,multimer,genus:Sphaeramia,72-95
A0A6I8RFS5_IPR016054_1_13-96,Ly6,monomer,genus:Xenopus,72-95
A0A6P6JYX3_IPR016054_2_114-203,Ly6,multimer,family:Cyprinidae,72-95
A0A6P6NCS0_IPR016054_1_109-186,none,multimer,genus:Carassius,72-95
A0A6P8Q0E7_IPR045860_1_12-105,Ly6,monomer,genus:Geotrypetes,72-95
A0A7I8W1F9_IPR045860_1_17-119,none,monomer,genus:Dimorphilus,95-117
A0A7L0EHP9_IPR045860_1_1-96,none,monomer,genus:Trogon,95-117
A0A813W6N6_IPR045860_1_30-103,none,monomer,genus:Brachionus,72-95
A0A8B8AC98_IPR016054_1_195-292,none,multimer,family:Ostreidae,95-117
A0A8B8EU08_IPR016054_3_2759-2839,Ly6,multimer,family:Ostreidae,72-95
A0A8B8EU57_IPR045860_21_169-241,mixture,multimer,family:Ostreidae,72-95
A0A8D2ZFV5_IPR045860_2_18-104,Ly6,multimer,genus:Scophthalmus,72-95
A0A8M1HDQ2_IPR016054_2_116-208,Ly6,multimer,genus:Betta,72-95
A0A8S3T8U5_IPR016054_2_216-298,none,multimer,genus:Mytilus,72-95
A0A913Y1R8_IPR045860_1_19-99,none,monomer,genus:Exaiptasia,72-95
A0A9Q1AQ89_IPR016054_2_18-105,Ly6,multimer,family:Agamidae,72-95
A0A9W7WCK6_IPR045860_1_107-178,Ly6,multimer,genus:Triplophysa,72-95
A0AA35QR62_IPR016054_1_21-103,Ly6,monomer,genus:Podarcis,72-95
A0AA47NWA2_IPR045860_1_7-91,mixture,monomer,order:Gadiformes,72-95
A0AAD1W781_IPR016054_1_20-103,Ly6,monomer,genus:Pelobates,72-95
A0AAD9K488_IPR045860_1_1-53,none,monomer,genus:Paralvinella,50-72
A0AAR2IQL0_IPR045860_2_10-68,Ly6,multimer,genus:Pygocentrus,50-72
A0AAV2TXJ7_IPR045860_1_18-96,none,monomer,genus:Calicophoron,72-95
A0AAV6G8H9_IPR045860_1_13-75,none,monomer,genus:Alosa,50-72
A0AAV7UZW3_IPR045860_1_18-100,none,monomer,genus:Pleurodeles,72-95
A0AAW0H5M0_IPR016054_1_133-224,mostly_Ly6,monomer,order:Rodentia,72-95
A0AAW1BM20_IPR035076_1_12-82,none,monomer,genus:Crotalus,50-72
A0ABD2Q161_IPR045860_1_23-104,none,monomer,genus:Cichlidogyrus,72-95
K7DZP7_IPR016054_1_21-103,Ly6,monomer,class:Mammalia,72-95
V9IHU1_IPR035076_1_22-80,none,monomer,genus:Apis,50-72
A0A087XWA7_IPR016054_1_18-110,mixture,monomer,order:Cyprinodontiformes,72-95
A0A096LTF5_IPR016054_1_19-110,Ly6,multimer,genus:Poecilia,72-95
A0A0B5H1E4_IPR045860_1_115-192,Ly6,multimer,genus:Lissotriton,72-95
A0A0H4AC85_IPR045860_2_93-170,mixture,multimer,genus:Desmognathus,72-95
A0A0H4AE82_IPR045860_2_93-174,Ly6,multimer,genus:Desmognathus,72-95
A0A0U1RNN0_IPR016054_2_116-202,Ly6,multimer,genus:Mus,72-95
A0A151M3Z5_IPR016054_1_130-221,Ly6,multimer,genus:Alligator,72-95
A0A151NRP2_IPR016054_1_107-199,mixture,multimer,genus:Alligator,72-95
A0A2D4PI90_IPR045860_1_3-66,Ly6,multimer,genus:Micrurus,50-72
A0A2J8RT95_IPR016054_1_21-110,mixture,mixture,order:Primates,72-95
A0A2K6JSW9_IPR016054_1_21-96,Ly6,monomer,order:Primates,72-95
A0A2K6TAE6_IPR016054_1_51-142,mixture,multimer,order:Primates,72-95
A0A2U9CXV5_IPR045860_1_18-106,Ly6,monomer,genus:Scophthalmus,72-95
A0A2Y9FA95_IPR016054_1_26-109,none,monomer,order:Artiodactyla,72-95
A0A3B3ZUI7_IPR016054_1_22-102,none,monomer,genus:Periophthalmus,72-95
A0A3B4YGU0_IPR016054_1_20-113,mixture,monomer,class:Actinopteri,72-95
A0A3Q2Q2Z7_IPR045860_2_82-149,Ly6,multimer,genus:Fundulus,50-72
A0A3Q3SLD3_IPR045860_1_110-187,Ly6,multimer,genus:Mastacembelus,72-95
A0A452F5L6_IPR016054_3_48-111,mixture,multimer,order:Artiodactyla,50-72
A0A4D9DJB4_IPR045860_3_967-1053,mixture,multimer,order:Testudines,72-95
A0A4W2GEU1_IPR016054_2_19-108,mixture,multimer,order:Artiodactyla,72-95
A0A553QYY0_IPR016054_1_82-159,Ly6,multimer,genus:Danionella,72-95
A0A671XIT9_IPR016054_1_113-195,Ly6,multimer,class:Actinopteri,72-95
A0A672IQ91_IPR016054_2_693-783,Ly6,multimer,genus:Salarias,72-95
A0A674P419_IPR016054_1_59-156,Ly6,monomer,genus:Takifugu,95-117
A0A6A5F420_IPR045860_1_107-173,mixture,mixture,genus:Perca,50-72
A0A6I8PU52_IPR016054_1_117-216,Ly6,multimer,genus:Xenopus,95-117
A0A6J0VAA2_IPR016054_1_23-114,Ly6,multimer,genus:Pogona,72-95
A0A6J0VRM0_IPR045860_1_138-230,Ly6,mixture,class:Mammalia,72-95
A0A6J1XM18_IPR016054_2_53-112,mostly_Ly6,multimer,class:Mammalia,50-72
A0A6J2F7W0_IPR051445_1_30-194,Ly6,monomer,genus:Zalophus,162-185
A0A6J2NHN2_IPR051445_1_1-150,Ly6,monomer,family:Phyllostomidae,140-162
A0A6J3DA86_IPR045860_1_21-76,Ly6,monomer,genus:Aythya,50-72
A0A6P5A2A8_IPR045860_2_37-126,Ly6,multimer,genus:Branchiostoma,72-95
A0A6P6CUE5_IPR016054_1_46-125,Ly6,monomer,genus:Pteropus,72-95
A0A6P7P0V5_IPR045860_1_18-104,Ly6,monomer,genus:Betta,72-95
A0A6P8IU32_IPR045860_1_19-110,Ly6,monomer,genus:Actinia,72-95
A0A7F8QAG4_IPR045860_1_89-140,Ly6,multimer,class:Mammalia,50-72
A0A7J6A6J2_IPR016054_1_108-184,Ly6,mixture,family:Ictaluridae,72-95
A0A7J6BVM4_IPR016054_2_20-105,none,multimer,genus:Onychostoma,72-95
A0A7J7F092_IPR016054_1_12-74,Ly6,monomer,genus:Diceros,50-72
A0A803JC73_IPR045860_2_18-106,Ly6,multimer,genus:Xenopus,72-95
A0A803JTK6_IPR045860_1_154-240,Ly6,multimer,genus:Xenopus,72-95
A0A834DHQ8_IPR016054_1_147-224,mostly_Ly6,monomer,class:Mammalia,72-95
A0A8B6ZZJ7_IPR016054_3_211-306,mixture,mixture,class:Mammalia,72-95
A0A8B8CZR5_IPR016054_1_124-200,none,multimer,genus:Crassostrea,72-95
A0A8B9K720_IPR016054_1_154-238,Ly6,multimer,genus:Astyanax,72-95
A0A8C0H8Y4_IPR045860_2_25-120,mostly_Ly6,multimer,order:Testudines,95-117
A0A8C2MS34_IPR016054_1_20-96,mostly_Ly6,monomer,class:Mammalia,72-95
A0A8C4RVM3_IPR045860_1_26-106,Ly6,monomer,genus:Erpetoichthys,72-95
A0A8C5AMK2_IPR016054_1_28-121,none,monomer,genus:Gadus,72-95
A0A8C5R919_IPR045860_2_110-195,Ly6,multimer,genus:Leptobrachium,72-95
A0A8C6M699_IPR016054_1_19-86,Ly6,monomer,genus:Nothobranchius,50-72
A0A8C6VGI3_IPR045860_1_17-103,none,multimer,genus:Naja,72-95
A0A8C8URL7_IPR051445_1_2-140,Ly6,monomer,genus:Peromyscus,117-140
A0A8D0HIM1_IPR045860_2_48-140,Ly6,multimer,genus:Sphenodon,72-95
A0A8D0U4N9_IPR016054_3_314-390,Ly6,multimer,genus:Sus,72-95
A0A8I6A9C9_IPR016054_1_190-250,Ly6,monomer,genus:Rattus,50-72
A0A8J1LDN8_IPR045860_2_117-197,Ly6,multimer,genus:Xenopus,72-95
A0A8R1YLV9_IPR016054_1_5-66,Ly6,multimer,genus:Pristionchus,50-72
A0A8T0B7Y6_IPR016054_1_24-117,Ly6,monomer,genus:Silurus,72-95
A0A8T1TAT9_IPR016054_1_131-213,none,monomer,order:Testudines,72-95
A0A8U0UVH9_IPR016054_1_27-123,Ly6,monomer,genus:Mustela,95-117
A0A913WW10_IPR045860_2_17-109,Ly6,multimer,genus:Exaiptasia,72-95
A0A974CDU6_IPR045860_1_17-166,Ly6,monomer,genus:Xenopus,140-162
A0A9F2R1B0_IPR045860_1_16-97,none,monomer,genus:Python,72-95
A0A9J7K4W1_IPR016054_5_119-174,Ly6,multimer,family:Cricetidae,50-72
A0A9Q0X786_IPR045860_1_18-96,Ly6,monomer,genus:Phrynocephalus,72-95
A0A9Q1IAQ4_IPR045860_2_19-103,Ly6,multimer,class:Actinopteri,72-95
A0A9X0A5V7_IPR016054_2_19-114,Ly6,multimer,genus:Desmophyllum,95-117
A0AA35KMU1_IPR045860_1_18-105,Ly6,multimer,genus:Podarcis,72-95
A0AA35P9W0_IPR045860_1_236-326,Ly6,multimer,genus:Podarcis,72-95
A0AA97JB89_IPR016054_1_25-108,none,monomer,order:Squamata,72-95
A0AA97LHQ0_IPR045860_1_118-196,Ly6,multimer,genus:Eublepharis,72-95
A0AAD1TA13_IPR045860_1_11-72,Ly6,monomer,genus:Pelobates,50-72
A0AAD1WQC3_IPR045860_5_371-454,Ly6,multimer,genus:Pelobates,72-95
A0AAN8LJ44_IPR016054_1_113-199,Ly6,multimer,family:Salmonidae,72-95
A0AAN9Z724_IPR016054_1_20-119,Ly6,monomer,genus:Gryllus,95-117
A0AAQ6IRA5_IPR016054_1_89-156,Ly6,multimer,genus:Anabas,72-95
A0AAV1FFG0_IPR016054_1_59-148,Ly6,mixture,genus:Xyrichtys,72-95
A0AAV1PXF2_IPR016054_1_386-473,Ly6,multimer,genus:Scomber,72-95
A0AAV2ZN45_IPR045860_1_113-200,Ly6,multimer,genus:Pyxicephalus,72-95
A0AAV5TGY1_IPR045860_1_9-91,mixture,monomer,genus:Pristionchus,72-95
A0AAV6YM01_IPR016054_1_27-110,none,monomer,genus:Engystomops,72-95
A0AAV6ZF17_IPR045860_2_71-129,Ly6,multimer,genus:Engystomops,50-72
A0AAV6ZMC0_IPR045860_1_18-105,Ly6,multimer,genus:Engystomops,72-95
A0AAV7BC14_IPR045860_2_18-102,Ly6,multimer,genus:Engystomops,72-95
A0AAV7Q439_IPR016054_1_135-230,Ly6,multimer,genus:Pleurodeles,95-117
A0AAW0N2N6_IPR045860_2_73-165,Ly6,multimer,genus:Mugilogobius,72-95
A0AAY4C951_IPR016054_1_32-112,Ly6,monomer,genus:Denticeps,72-95
A6HS05_IPR051445_1_2-93,Ly6,monomer,genus:Rattus,72-95
F7F5G6_IPR045860_2_133-217,Ly6,multimer,genus:Ornithorhynchus,72-95
G1LV79_IPR051445_1_1-134,Ly6,monomer,order:Carnivora,117-140
G5C8Y1_IPR016054_1_34-117,Ly6,monomer,genus:Heterocephalus,72-95
L5KN04_IPR016054_2_14-83,Ly6,multimer,class:Mammalia,50-72
L9L7J1_IPR016054_1_24-151,none,multimer,genus:Tupaia,117-140
M3XHV4_IPR016054_1_116-208,Ly6,multimer,genus:Latimeria,72-95
M7AS78_IPR045860_1_18-104,mixture,monomer,phylum:Chordata,72-95
Q2I168_IPR016054_1_22-106,none,monomer,genus:Ictalurus,72-95
Q9I8P7_IPR045860_2_18-104,mixture,mixture,family:Pythonidae,72-95
A0A2K5H857_IPR026524_1_1-269,none,monomer,genus:Colobus,252-275
A0ABD2F034_IPR026524_1_1-71,mixture,monomer,class:Mammalia,72-95
A0A1A8MWW2_IPR039457_1_5-153,Ly6,monomer,genus:Nothobranchius,140-162
A0A7R8ZAH5_IPR039457_1_18-166,mixture,monomer,genus:Timema,140-162
A0A8C5SV90_IPR039457_1_17-146,Ly6,monomer,genus:Laticauda,117-140
A0A090LTF9_IPR031424_1_41-154,Quiver,monomer,family:Strongyloididae,95-117
A0A0A9WZJ0_IPR045860_1_23-123,mixture,monomer,order:Hemiptera,95-117
A0A0K2UEK0_IPR031424_2_725-821,none,multimer,genus:Lepeophtheirus,95-117
A0A0L8GGG8_IPR045860_1_21-112,none,monomer,genus:Octopus,72-95
A0A0N4XEH7_IPR031424_1_22-147,none,monomer,genus:Nippostrongylus,117-140
A0A0V1BF13_IPR031424_1_87-183,Quiver,monomer,genus:Trichinella,95-117
A0A131XF01_IPR031424_1_27-115,none,monomer,family:Ixodidae,72-95
A0A182NUD3_IPR031424_1_24-139,none,monomer,family:Culicidae,95-117
A0A1B0GGY4_IPR031424_1_28-123,none,monomer,family:Psychodidae,95-117
A0A1B6FYK1_IPR031424_1_26-122,none,monomer,genus:Cuerna,95-117
A0A1D1V940_IPR031424_1_28-116,none,monomer,genus:Ramazzottius,72-95
A0A1D2NLN9_IPR031424_1_47-153,none,monomer,genus:Orchesella,95-117
A0A1I7XDN2_IPR031424_1_46-157,Quiver,monomer,genus:Heterorhabditis,95-117
A0A1I8JCY9_IPR031424_1_64-153,none,monomer,genus:Macrostomum,72-95
A0A1I8P3J7_IPR045860_1_28-129,none,monomer,family:Muscidae,95-117
A0A1J1IW21_IPR031424_1_29-128,none,monomer,genus:Clunio,95-117
A0A1L8DNE9_IPR031424_1_21-122,none,monomer,genus:Nyssomyia,95-117
A0A1L8EJ84_IPR031424_1_23-127,none,mixture,family:Muscidae,95-117
A0A1S8X7E3_IPR031424_1_20-106,Quiver,monomer,family:Opisthorchiidae,72-95
A0A1W0X3M7_IPR031424_1_143-233,Quiver,monomer,genus:Hypsibius,72-95
A0A1Y0F4C3_IPR031424_1_23-120,mixture,monomer,class:Insecta,95-117
A0A226EQL2_IPR031424_1_30-144,none,monomer,genus:Folsomia,95-117
A0A2A2LM19_IPR031424_1_25-114,none,monomer,genus:Diploscapter,72-95
A0A2C9KU83_IPR031424_1_27-114,none,monomer,genus:Biomphalaria,72-95
A0A2T7Q0S5_IPR031424_1_6-103,none,monomer,genus:Pomacea,95-117
A0A3M7RG67_IPR031424_1_27-112,none,monomer,genus:Brachionus,72-95
A0A3R7NSS1_IPR031424_1_28-124,mixture,monomer,class:Malacostraca,95-117
A0A443QY55_IPR031424_1_1-74,none,monomer,genus:Dinothrombium,72-95
A0A4Y7MX66_IPR031424_1_13-124,mixture,monomer,phylum:Arthropoda,95-117
A0A553NUE4_IPR031424_1_95-179,Quiver,monomer,genus:Tigriopus,72-95
A0A6I8UXP0_IPR031424_1_20-124,none,monomer,genus:Drosophila,95-117
A0A6J3L061_IPR031424_1_24-127,mixture,mixture,phylum:Arthropoda,95-117
A0A6P4F976_IPR031424_1_25-121,mixture,monomer,class:Insecta,95-117
A0A6P6YI89_IPR031424_1_33-136,none,monomer,class:Arachnida,95-117
A0A7R8WK30_IPR031424_1_24-127,mixture,monomer,phylum:Arthropoda,95-117
A0A7R9BXE1_IPR031424_1_22-125,Quiver,monomer,genus:Notodromas,95-117
A0A7R9HYW2_IPR031424_1_6-100,none,monomer,genus:Timema,95-117
A0A813PBH6_IPR045860_1_23-116,mixture,monomer,class:Eurotatoria,72-95
A0A814MD76_IPR045860_1_21-102,none,monomer,genus:Adineta,72-95
A0A820IC74_IPR031424_1_22-88,Quiver,monomer,genus:Adineta,50-72
A0A834I2M4_IPR031424_1_22-116,none,monomer,genus:Rhynchophorus,72-95
A0A834XPF7_IPR031424_1_24-128,none,monomer,genus:Aphidius,95-117
A0A8B6CIN0_IPR031424_1_23-138,mixture,monomer,genus:Mytilus,95-117
A0A8B7P9Z5_IPR031424_1_21-120,none,monomer,genus:Hyalella,95-117
A0A8B8IXF5_IPR031424_1_22-131,none,monomer,family:Nymphalidae,95-117
A0A8D8TAZ3_IPR031424_1_20-131,mixture,monomer,phylum:Arthropoda,95-117
A0A8I6RI23_IPR031424_1_27-133,none,monomer,genus:Cimex,95-117
A0A8J2H5V1_IPR031424_1_29-148,none,monomer,genus:Cotesia,117-140
A0A8K0GF44_IPR031424_1_24-141,none,monomer,genus:Ignelater,117-140
A0A8S0Z9J4_IPR031424_1_405-502,none,monomer,order:Lepidoptera,95-117
A0A8S1CCR9_IPR031424_1_91-198,none,monomer,genus:Cloeon,95-117
A0A8X6G371_IPR031424_1_28-120,mixture,monomer,order:Araneae,72-95
A0A914B468_IPR031424_1_19-112,Ly6,monomer,genus:Patiria,72-95
A0A914W7U5_IPR031424_1_31-123,none,monomer,genus:Plectus,72-95
A0A9D4FIS8_IPR031424_1_24-87,none,monomer,genus:Dreissena,50-72
A0A9J6CMM3_IPR031424_1_21-112,none,multimer,genus:Polypedilum,72-95
A0A9J7E3W1_IPR031424_1_24-137,none,monomer,order:Lepidoptera,95-117
A0A9P0F465_IPR031424_1_22-111,none,monomer,genus:Bemisia,72-95
A0A9W2ZQU8_IPR045860_1_21-116,mixture,monomer,class:Gastropoda,72-95
A0AA38HY41_IPR031424_1_139-222,none,monomer,genus:Zophobas,72-95
A0AA39H1R5_IPR045860_1_21-113,none,monomer,genus:Steinernema,72-95
A0AA85BKM1_IPR031424_1_21-144,mixture,monomer,class:Trematoda,117-140
A0AAD4PMP9_IPR031424_1_10-116,none,monomer,family:Drosophilidae,95-117
A0AAD7YTB9_IPR045860_1_21-123,Quiver,monomer,genus:Mythimna,95-117
A0AAD9PC26_IPR031424_1_20-109,none,monomer,genus:Ridgeia,72-95
A0AAE0T514_IPR045860_1_22-102,Quiver,monomer,genus:Potamilus,72-95
A0AAE2D1T3_IPR031424_1_21-117,mixture,monomer,phylum:Platyhelminthes,95-117
A0AAJ7BM76_IPR031424_1_78-166,none,monomer,genus:Cephus,72-95
A0AAN7VAI9_IPR045860_1_21-101,Quiver,monomer,genus:Pyrocoelia,72-95
A0AAV1ZGU2_IPR031424_1_18-130,mixture,monomer,order:Araneae,95-117
A0AAV4RF83_IPR031424_1_16-72,Quiver,monomer,genus:Caerostris,50-72
A0AAV5UID1_IPR031424_1_7-80,none,monomer,genus:Pristionchus,72-95
A0AAW2HS28_IPR045860_1_17-103,SPF,monomer,genus:Menopon,72-95
A0ABD0L0E5_IPR031424_1_24-115,none,monomer,genus:Batillaria,72-95
A0ABD0YVW7_IPR031424_1_2-96,mixture,monomer,order:Hemiptera,95-117
A0ABD1FGE5_IPR031424_1_31-134,none,monomer,family:Curculionidae,95-117
D3TS04_IPR031424_1_31-132,none,monomer,genus:Glossina,95-117
Q9VIH9_IPR031424_1_24-124,mixture,monomer,genus:Drosophila,95-117
T1FUE6_IPR045860_2_183-273,none,multimer,genus:Helobdella,72-95
T1JIA1_IPR031424_1_20-101,none,monomer,genus:Strigamia,72-95
A0A4X1UWX6_IPR051445_1_146-235,mixture,monomer,class:Mammalia,72-95
A0A026W1P1_IPR045860_1_56-164,none,monomer,family:Formicidae,95-117
A0A087TKJ5_IPR045860_1_7-107,none,monomer,genus:Stegodyphus,95-117
A0A087YFA6_IPR045860_1_17-98,none,monomer,family:Poeciliidae,72-95
A0A094ZVV6_IPR045860_1_28-96,Ly6,monomer,genus:Schistosoma,50-72
A0A0A1X3G2_IPR045860_1_37-135,none,monomer,family:Tephritidae,95-117
A0A0C2HA97_IPR045860_1_21-103,none,monomer,genus:Ancylostoma,72-95
A0A0F8B4V0_IPR045860_1_18-80,mixture,monomer,family:Sciaenidae,50-72
A0A0M4E498_IPR045860_1_69-178,none,monomer,genus:Drosophila,95-117
A0A0N4V1D2_IPR045860_1_21-93,none,monomer,genus:Enterobius,72-95
A0A0N5AED0_IPR045860_1_33-100,none,monomer,genus:Syphacia,50-72
A0A0P4W8U5_IPR045860_1_39-147,none,monomer,order:Decapoda,95-117
A0A0R3WIH7_IPR045860_1_5-95,none,monomer,genus:Hydatigera,72-95
A0A0V1BHY9_IPR045860_1_40-132,none,monomer,genus:Trichinella,72-95
A0A0V1H400_IPR045860_1_39-125,none,monomer,genus:Trichinella,72-95
A0A147BTD3_IPR045860_1_12-96,none,mixture,genus:Ixodes,72-95
A0A158Q3M5_IPR045860_1_14-80,none,monomer,genus:Dracunculus,50-72
A0A183C3J0_IPR045860_1_1-63,none,monomer,genus:Globodera,50-72
A0A1B0GXA9_IPR045860_1_21-86,none,monomer,class:Mammalia,50-72
A0A1D2MFS0_IPR045860_1_23-141,none,monomer,genus:Orchesella,117-140
A0A1I7Y468_IPR045860_1_16-117,none,monomer,genus:Steinernema,95-117
A0A1I8BDQ0_IPR045860_1_35-112,none,monomer,order:Rhabditida,72-95
A0A1L8DK39_IPR045860_1_35-143,none,monomer,family:Psychodidae,95-117
A0A1X7VDD8_IPR045860_1_128-242,none,multimer,genus:Amphimedon,95-117
A0A210QJ17_IPR045860_1_35-127,none,monomer,genus:Mizuhopecten,72-95
A0A212FHK2_IPR045860_1_299-380,none,monomer,genus:Danaus,72-95
A0A2B4S3U5_IPR045860_1_7-69,none,monomer,genus:Stylophora,50-72
A0A2C9LIC0_IPR045860_1_2301-2371,none,monomer,genus:Biomphalaria,50-72
A0A2I3SXH2_IPR045860_1_25-101,none,monomer,order:Primates,50-72
A0A2Z6BDU1_IPR045860_1_59-175,none,monomer,genus:Athalia,95-117
A0A384CI68_IPR045860_1_20-120,none,monomer,class:Mammalia,95-117
A0A3B4EHE8_IPR045860_1_18-94,Ly6,monomer,genus:Pygocentrus,72-95
A0A3P9GYL4_IPR045860_2_195-282,none,mixture,class:Actinopteri,72-95
A0A3Q0RBF4_IPR045860_1_5-89,none,monomer,genus:Amphilophus,72-95
A0A3Q1FH01_IPR045860_1_11-88,Ly6,monomer,genus:Acanthochromis,72-95
A0A3Q3MPX9_IPR045860_1_1-63,Ly6,monomer,genus:Mastacembelus,50-72
A0A3S1A7L4_IPR045860_1_37-138,none,monomer,genus:Elysia,95-117
A0A4C1XRM6_IPR045860_1_40-151,none,monomer,genus:Eumeta,95-117
A0A4E0R298_IPR045860_1_14-94,Ly6,monomer,genus:Fasciola,72-95
A0A4U5NHD1_IPR045860_1_2-61,Ly6,monomer,genus:Steinernema,50-72
A0A4V6AM65_IPR045860_1_189-273,none,multimer,class:Actinopteri,72-95
A0A4Z2GPK0_IPR045860_1_2-55,mostly_Ly6,monomer,phylum:Chordata,50-72
A0A5C6NY14_IPR045860_1_19-101,none,monomer,family:Tetraodontidae,72-95
A0A5S6QZV4_IPR045860_1_34-155,mixture,monomer,genus:Trichuris,117-140
A0A663E296_IPR045860_1_37-122,none,monomer,genus:Aquila,72-95
A0A667YUN3_IPR045860_1_31-109,none,monomer,class:Actinopteri,72-95
A0A669BVS0_IPR045860_1_39-98,none,monomer,genus:Oreochromis,50-72
A0A670IQ35_IPR045860_1_143-225,mixture,multimer,genus:Podarcis,72-95
A0A671S368_IPR045860_1_4-78,none,monomer,genus:Sinocyclocheilus,72-95
A0A672KJX4_IPR045860_1_18-81,none,monomer,genus:Sinocyclocheilus,50-72
A0A672NNJ7_IPR045860_1_13-78,none,monomer,family:Cyprinidae,50-72
A0A6A5HT37_IPR045860_1_28-99,mixture,monomer,family:Rhabditidae,72-95
A0A6B2EBX1_IPR045860_1_17-114,none,monomer,genus:Phlebotomus,95-117
A0A6I8SX38_IPR045860_1_25-102,none,monomer,genus:Xenopus,72-95
A0A6J0VA93_IPR045860_2_125-221,none,multimer,family:Agamidae,95-117
A0A6J2KCS5_IPR045860_1_61-159,none,monomer,genus:Bombyx,95-117
A0A6J2UHC8_IPR045860_1_152-227,none,monomer,order:Diptera,72-95
A0A6J2VZG5_IPR045860_1_29-142,none,monomer,genus:Chanos,95-117
A0A6P4ZHL9_IPR045860_1_19-100,mixture,mixture,genus:Branchiostoma,72-95
A0A6P8H3A5_IPR045860_1_18-100,none,monomer,genus:Actinia,72-95
A0A6P8LY25_IPR045860_1_10-121,none,monomer,family:Apidae,95-117
A0A6P8QG64_IPR045860_1_1-66,none,monomer,genus:Geotrypetes,50-72
A0A6S7HQX9_IPR045860_1_26-124,none,monomer,genus:Paramuricea,95-117
A0A7E4VZJ9_IPR045860_1_57-175,none,monomer,genus:Panagrellus,117-140
A0A7G3AGZ0_IPR045860_1_4-85,none,monomer,genus:Lutzomyia,72-95
A0A7I8VIA7_IPR045860_1_60-153,none,monomer,genus:Dimorphilus,72-95
A0A7J6A0W0_IPR045860_1_22-123,none,monomer,order:Siluriformes,95-117
A0A7J6B564_IPR045860_1_51-133,none,monomer,class:Actinopteri,72-95
A0A7K4VZD1_IPR045860_1_3-103,none,monomer,phylum:Chordata,95-117
A0A7K5FZ12_IPR045860_1_1-63,none,monomer,genus:Probosciger,50-72
A0A7L0ZBU3_IPR045860_1_1-115,none,monomer,class:Aves,95-117
A0A7M7L7E2_IPR045860_2_145-210,none,multimer,genus:Apis,50-72
A0A7R8H4S6_IPR045860_1_156-258,none,monomer,genus:Lepeophtheirus,95-117
A0A7S3DHX5_IPR045860_1_233-295,none,monomer,genus:Palpitomonas,50-72
A0A814NJQ3_IPR045860_1_26-90,Ly6,monomer,genus:Brachionus,50-72
A0A815DI12_IPR045860_1_21-92,none,mixture,genus:Rotaria,50-72
A0A818U1Q8_IPR045860_1_19-123,none,monomer,class:Eurotatoria,95-117
A0A819E9G0_IPR045860_2_96-163,none,mixture,genus:Rotaria,50-72
A0A821DEK8_IPR045860_1_13-92,mixture,monomer,genus:Rotaria,72-95
A0A833ZYG0_IPR045860_1_27-77,none,monomer,genus:Phyllostomus,50-72
A0A851DHZ3_IPR045860_1_22-96,none,monomer,genus:Todus,72-95
A0A8B6E4H4_IPR045860_2_107-175,none,multimer,genus:Mytilus,50-72
A0A8C4DJB0_IPR045860_1_37-117,none,mixture,class:Actinopteri,72-95
A0A8C4YYA3_IPR045860_1_25-138,none,monomer,order:Gadiformes,95-117
A0A8C5HZX1_IPR045860_3_20-103,none,multimer,genus:Gouania,72-95
A0A8C5QXN3_IPR045860_1_22-97,Ly6,monomer,genus:Leptobrachium,72-95
A0A8C6T176_IPR045860_1_42-110,none,monomer,genus:Neogobius,50-72
A0A8C7UBZ2_IPR045860_2_18-111,none,multimer,family:Salmonidae,72-95
A0A8C9TGN1_IPR045860_1_85-156,mixture,monomer,genus:Scleropages,50-72
A0A8D8YY88_IPR045860_1_69-165,none,monomer,family:Psyllidae,95-117
A0A8J0TC19_IPR045860_1_112-201,Ly6,mixture,genus:Xenopus,72-95
A0A8J5JHC8_IPR045860_1_60-153,Ly6,monomer,genus:Homarus,72-95
A0A8J6JZ52_IPR045860_1_7-91,Ly6,mixture,order:Anura,72-95
A0A8K0F1F3_IPR045860_1_130-215,none,monomer,genus:Branchiostoma,72-95
A0A8R1E9F7_IPR045860_1_50-124,none,monomer,genus:Caenorhabditis,72-95
A0A8S2JMN0_IPR045860_1_34-129,none,monomer,genus:Rotaria,72-95
A0A8S3RRA0_IPR045860_1_66-139,none,monomer,genus:Mytilus,72-95
A0A8S3ZAF9_IPR045860_1_24-110,none,monomer,genus:Candidula,72-95
A0A8T0DP98_IPR045860_1_21-90,none,monomer,genus:Paragonimus,50-72
A0A8T1N1B6_IPR045860_1_24-95,none,monomer,genus:Clonorchis,50-72
A0A8T2IS40_IPR045860_2_1-69,Ly6,multimer,genus:Hymenochirus,72-95
A0A913WWE8_IPR045860_1_18-97,none,monomer,genus:Exaiptasia,72-95
A0A913XNQ6_IPR045860_1_17-102,none,monomer,genus:Exaiptasia,72-95
A0A914ABQ8_IPR045860_1_1-99,none,monomer,order:Valvatida,95-117
A0A914IB16_IPR045860_1_25-110,none,monomer,genus:Globodera,72-95
A0A914KBF7_IPR045860_1_204-283,none,monomer,order:Rhabditida,72-95
A0A914US20_IPR045860_1_179-258,none,monomer,genus:Plectus,72-95
A0A914XN01_IPR045860_1_21-99,none,monomer,genus:Plectus,72-95
A0A915DFM2_IPR045860_1_17-103,none,monomer,genus:Ditylenchus,72-95
A0A922CDP5_IPR045860_1_34-110,none,monomer,genus:Manduca,72-95
A0A974CK52_IPR045860_1_1-59,none,monomer,genus:Xenopus,50-72
A0A974HQ17_IPR045860_1_17-88,Ly6,monomer,genus:Xenopus,50-72
A0A9C6SHR6_IPR045860_1_22-119,mixture,monomer,order:Hymenoptera,95-117
A0A9D3BG54_IPR045860_1_168-255,Ly6,mixture,genus:Nothobranchius,72-95
A0A9J6CEZ5_IPR045860_1_72-154,none,monomer,genus:Polypedilum,72-95
A0A9J7HGI7_IPR045860_1_21-126,none,monomer,genus:Branchiostoma,95-117
A0A9N7V3G7_IPR045860_1_19-82,none,monomer,genus:Pleuronectes,50-72
A0A9N9XKW5_IPR045860_1_23-115,none,monomer,family:Chrysomelidae,72-95
A0A9P1MLH7_IPR045860_1_16-102,none,monomer,genus:Auanema,72-95
A0A9Q0YBU0_IPR045860_1_19-138,none,monomer,phylum:Chordata,95-117
A0A9Q1DGW8_IPR045860_1_18-113,none,monomer,genus:Conger,95-117
A0A9W2YBD8_IPR045860_1_24-134,none,monomer,genus:Biomphalaria,95-117
A0A9W9Y813_IPR045860_1_3-81,none,monomer,genus:Desmophyllum,72-95
A0A9X0D0F9_IPR045860_1_23-104,none,monomer,genus:Desmophyllum,72-95
A0AA35KP15_IPR045860_1_110-197,mixture,multimer,genus:Podarcis,72-95
A0AA35P461_IPR045860_1_3-75,none,monomer,genus:Podarcis,72-95
A0AA35VVV8_IPR045860_1_89-139,Ly6,monomer,genus:Podarcis,50-72
A0AA36G3Q0_IPR045860_1_14-92,Ly6,monomer,genus:Mesorhabditis,72-95
A0AA36MF50_IPR045860_1_36-151,none,monomer,order:Rhabditida,95-117
A0AA39GVM8_IPR045860_2_38-128,none,multimer,genus:Steinernema,72-95
A0AA85JYS1_IPR045860_1_31-96,Ly6,monomer,genus:Trichobilharzia,50-72
A0AA88YR58_IPR045860_1_207-313,none,multimer,genus:Pinctada,95-117
A0AA97LGQ1_IPR045860_1_17-105,none,monomer,genus:Eublepharis,72-95
A0AAD1RWK3_IPR045860_1_315-438,none,multimer,genus:Pelobates,117-140
A0AAD1W705_IPR045860_1_52-101,Ly6,monomer,genus:Pelobates,50-72
A0AAD5R942_IPR045860_1_22-134,none,monomer,order:Rhabditida,95-117
A0AAD6FQA5_IPR045860_1_29-107,none,monomer,order:Perciformes,72-95
A0AAD9IWR0_IPR045860_1_66-166,none,monomer,genus:Paralvinella,95-117
A0AAD9NIP8_IPR045860_1_2-77,none,monomer,genus:Ridgeia,72-95
A0AAD9RW87_IPR045860_1_29-117,none,monomer,order:Hymenoptera,72-95
A0AAE0VXI9_IPR045860_1_9-102,none,monomer,genus:Potamilus,72-95
A0AAE8ZVT5_IPR045860_2_17-89,none,mixture,genus:Caenorhabditis,72-95
A0AAF3FD32_IPR045860_1_24-102,none,monomer,genus:Mesorhabditis,72-95
A0AAJ7SM78_IPR045860_1_2-56,none,monomer,genus:Petromyzon,50-72
A0AAJ7WIS8_IPR045860_1_26-114,none,monomer,genus:Galendromus,72-95
A0AAN4Z5Z9_IPR045860_1_36-112,none,monomer,genus:Pristionchus,72-95
A0AAN5D0M1_IPR045860_1_15-94,Quiver,monomer,genus:Pristionchus,72-95
A0AAN7P5H9_IPR045860_1_53-162,none,monomer,genus:Aquatica,95-117
A0AAN8I461_IPR045860_1_1-58,Ly6,monomer,genus:Champsocephalus,50-72
A0AAU7YDR7_IPR045860_1_57-123,none,monomer,genus:Nidirana,50-72
A0AAU9XNA6_IPR045860_1_20-121,none,monomer,genus:Pocillopora,95-117
A0AAV2ZIS0_IPR045860_1_111-199,Ly6,multimer,genus:Pyxicephalus,72-95
A0AAV4BPQ1_IPR045860_1_109-187,none,multimer,genus:Plakobranchus,72-95
A0AAV5T1P7_IPR045860_1_14-95,none,monomer,genus:Pristionchus,72-95
A0AAV5VD36_IPR045860_1_14-96,Ly6,monomer,genus:Pristionchus,72-95
A0AAV6Z5N0_IPR045860_1_60-145,Ly6,monomer,genus:Engystomops,72-95
A0AAV6ZQV5_IPR045860_1_255-355,SPF,multimer,genus:Engystomops,95-117
A0AAW0SVU8_IPR045860_1_116-210,none,monomer,genus:Scylla,72-95
A0AAW0ZJA8_IPR045860_1_30-134,none,monomer,order:Hymenoptera,95-117
A0AAW1TV66_IPR045860_1_21-90,none,monomer,genus:Henosepilachna,50-72
A0AAW1V497_IPR045860_1_13-94,none,monomer,genus:Henosepilachna,72-95
A0AAW2I651_IPR045860_1_60-163,none,monomer,genus:Menopon,95-117
A0AAY4CR45_IPR045860_1_21-99,none,monomer,genus:Denticeps,72-95
A0ABD2HDF8_IPR045860_1_31-108,none,mixture,family:Nototheniidae,72-95
A0ABD2NYW7_IPR045860_1_27-107,none,monomer,genus:Cryptolaemus,72-95
A0ABD6EXB5_IPR045860_1_40-116,none,monomer,genus:Gnathostoma,72-95
B5DU43_IPR045860_1_56-153,mixture,monomer,order:Diptera,95-117
C3ZZL6_IPR045860_1_583-641,none,monomer,genus:Branchiostoma,50-72
E0W192_IPR045860_1_7-95,mixture,monomer,order:Phthiraptera,72-95
F6YQ99_IPR045860_1_135-250,none,monomer,genus:Ornithorhynchus,95-117
F7ESG8_IPR045860_1_23-100,none,monomer,family:Pipidae,72-95
G3EPX6_IPR045860_1_20-76,none,monomer,genus:Plethodon,50-72
G7Y6Q5_IPR045860_1_42-95,Ly6,monomer,genus:Clonorchis,50-72
H2L2B5_IPR045860_1_7-93,none,monomer,genus:Caenorhabditis,72-95
H2YUL7_IPR045860_1_16-105,none,monomer,genus:Ciona,72-95
H9G8Z4_IPR045860_2_110-159,none,multimer,genus:Anolis,50-72
I3QKR6_IPR045860_1_26-113,none,monomer,genus:Ambystoma,72-95
K1QAX9_IPR045860_1_3-99,mixture,monomer,genus:Magallana,95-117
P0DPX7_IPR045860_1_20-103,Scoloptoxin,monomer,genus:Scolopendra,72-95
Q0GAW1_IPR045860_1_12-80,none,monomer,genus:Plethodon,50-72
Q4TFB9_IPR045860_1_25-136,none,monomer,genus:Tetraodon,95-117
Q7JQ37_IPR045860_1_65-172,none,monomer,order:Diptera,95-117
R7V0U2_IPR045860_1_51-167,none,monomer,genus:Capitella,95-117
T1J7G8_IPR045860_1_74-143,Ly6,monomer,genus:Strigamia,50-72
U3FYQ6_IPR045860_1_13-81,mixture,monomer,genus:Micrurus,50-72
Centipede3FTx_0002_61981,manually_annotated,monomer,class:Chilopoda,117-140
Centipede3FTx_0034_61981,manually_annotated,monomer,class:Chilopoda,95-117
Centipede3FTx_0066_1255758,manually_annotated,monomer,class:Chilopoda,95-117
Centipede3FTx_0098_984703,manually_annotated,monomer,class:Chilopoda,72-95
Centipede3FTx_0130_1255758,manually_annotated,monomer,class:Chilopoda,140-162
A0AAV0A2L5_IPR042339_1_1-124,Ly6,monomer,order:Rodentia,117-140
A0A0B8RSZ2_IPR003571_1_35-125,none,monomer,genus:Philothamnus,72-95
A0A194ARB6_IPR045860_1_14-86,mixture,monomer,family:Elapidae,72-95
A0A815MCD1_IPR045860_1_72-155,none,monomer,genus:Rotaria,72-95
A0A898IN70_IPR045860_1_13-81,3FTx,monomer,genus:Calliophis,50-72
A0A8C6XLE6_IPR045860_1_19-85,none,monomer,genus:Naja,50-72
A0A9P1MLX1_IPR003571_1_766-832,none,monomer,genus:Auanema,50-72
A7X3M9_IPR045860_1_10-83,3FTx,monomer,genus:Erythrolamprus,72-95
F5CPD9_IPR003571_1_22-82,3FTx,monomer,genus:Micrurus,50-72
P0CAR4_IPR045860_1_1-58,none,monomer,genus:Micrurus,50-72
P25679_IPR045860_1_1-64,none,monomer,genus:Naja,72-95
Q53B55_IPR045860_1_13-94,none,monomer,genus:Ophiophagus,72-95
Q9W727_IPR045860_1_12-86,none,monomer,family:Elapidae,72-95
R4G326_IPR045860_1_15-79,3FTx,monomer,genus:Pseudonaja,50-72
A0A8C6WA89_IPR026110_1_1-149,none,monomer,genus:Nannospalax,140-162
A0A0N8JV02_IPR045860_1_8-102,mixture,monomer,class:Actinopteri,72-95
A0A226N067_IPR045860_1_7-60,none,monomer,genus:Callipepla,50-72
A0A2G5UGY6_IPR045860_1_11-84,none,monomer,order:Rhabditida,50-72
A0A3P9H3P4_IPR016054_2_110-194,Ly6,multimer,genus:Oryzias,72-95
A0A3Q0R9C8_IPR016054_1_103-182,Ly6,multimer,genus:Amphilophus,72-95
A0A452QH48_IPR045860_1_18-78,none,monomer,genus:Ursus,50-72
A0A498NGS1_IPR016054_5_439-517,mixture,mixture,order:Cypriniformes,72-95
A0A4W2C649_IPR016054_1_12-94,Ly6,monomer,family:Bovidae,72-95
A0A564YU71_IPR045860_1_13-91,none,monomer,genus:Hymenolepis,72-95
A0A643BR30_IPR045860_1_4-67,none,monomer,genus:Balaenoptera,50-72
A0A667XBB8_IPR045860_1_18-92,none,monomer,genus:Myripristis,72-95
A0A6F9BFV0_IPR016054_1_54-147,Ly6,monomer,genus:Coregonus,72-95
A0A6I8RYL8_IPR045860_1_14-87,none,monomer,genus:Xenopus,72-95
A0A6J1VSS5_IPR016054_1_50-135,Ly6,monomer,genus:Notechis,72-95
A0A6J2QXU1_IPR045860_1_19-78,none,monomer,genus:Cottoperca,50-72
A0A6P6LHP9_IPR045860_1_19-82,none,monomer,class:Actinopteri,50-72
A0A6P6NCS0_IPR016054_2_20-107,none,multimer,genus:Carassius,72-95
A0A6P7MHC6_IPR016054_1_19-115,Ly6,multimer,genus:Betta,95-117
A0A7J6DF73_IPR016054_1_40-114,mixture,multimer,family:Cyprinidae,72-95
A0A7K6RB64_IPR016054_1_17-95,mixture,monomer,class:Aves,72-95
A0A813WFI4_IPR045860_1_18-101,none,monomer,genus:Brachionus,72-95
A0A814RWG3_IPR045860_1_38-112,none,monomer,genus:Brachionus,72-95
A0A8B6G592_IPR016054_2_59-148,mixture,multimer,genus:Mytilus,72-95
A0A8B8EU14_IPR016054_2_3021-3099,Ly6,multimer,family:Ostreidae,72-95
A0A8B8S347_IPR045860_1_60-137,mixture,monomer,order:Artiodactyla,72-95
A0A8C2HA06_IPR045860_2_101-158,none,multimer,genus:Cyprinus,50-72
A0A8C2RF78_IPR035076_1_32-90,none,monomer,genus:Capra,50-72
A0A8C3JMR5_IPR045860_1_1-66,none,monomer,genus:Calidris,50-72
A0A8C9RN70_IPR016054_1_30-116,none,multimer,genus:Scleropages,72-95
A0A8D0V4F3_IPR045860_1_18-86,none,monomer,genus:Sus,50-72
A0A8M9PCV3_IPR016054_1_18-108,Ly6,multimer,genus:Danio,72-95
A0A913YL48_IPR045860_1_20-97,none,monomer,genus:Exaiptasia,72-95
A0A974HGR1_IPR016054_1_21-108,Ly6,monomer,genus:Xenopus,72-95
A0A9D3S4Y4_IPR045860_1_18-86,none,monomer,genus:Anguilla,50-72
A0A9F5JD50_IPR045860_1_6-82,mixture,monomer,order:Squamata,72-95
A0AA36CMR3_IPR035076_1_65-122,none,monomer,genus:Mesorhabditis,50-72
A0AA88P663_IPR016054_1_136-221,none,multimer,genus:Cirrhinus,72-95
A0AAD9KJE7_IPR045860_1_2-100,none,monomer,genus:Ridgeia,95-117
A0AAN5DDC6_IPR045860_1_29-96,none,monomer,genus:Pristionchus,50-72
A0AAV6GAZ0_IPR016054_1_100-181,Ly6,multimer,genus:Alosa,72-95
A0AAV7UZW8_IPR045860_1_12-94,Ly6,monomer,genus:Pleurodeles,72-95
A0AAW0H639_IPR045860_1_20-102,none,monomer,class:Mammalia,72-95
A0ABD2Q404_IPR045860_1_19-88,none,monomer,genus:Cichlidogyrus,50-72
G3V0Z9_IPR045860_1_12-75,none,monomer,family:Hominidae,50-72
M3XSM3_IPR016054_1_21-111,Ly6,monomer,genus:Mustela,72-95
A0A061HZU9_IPR016054_5_570-643,mixture,mixture,order:Rodentia,72-95
A0A096LTF5_IPR016054_2_112-188,Ly6,multimer,genus:Poecilia,72-95
A0A0F7JHR5_IPR045860_2_115-198,Ly6,mixture,family:Salamandridae,72-95
A0A0H4AC90_IPR045860_1_1-84,Ly6,multimer,genus:Desmognathus,72-95
A0A151NRP2_IPR016054_2_201-292,Ly6,multimer,genus:Alligator,72-95
A0A1A8QN56_IPR016054_1_17-109,Ly6,mixture,genus:Nothobranchius,72-95
A0A1S3WNW8_IPR016054_1_336-406,Ly6,multimer,genus:Erinaceus,50-72
A0A2D0RXS4_IPR016054_2_32-131,Ly6,multimer,order:Siluriformes,72-95
A0A2D4PI90_IPR045860_2_79-137,Ly6,multimer,genus:Micrurus,50-72
A0A2I4BLC3_IPR045860_1_17-105,Ly6,monomer,genus:Austrofundulus,72-95
A0A2K5JCH8_IPR016054_3_212-301,mixture,multimer,order:Primates,72-95
A0A3Q1G6T4_IPR016054_1_20-91,Ly6,monomer,genus:Acanthochromis,50-72
A0A3Q3BC88_IPR045860_1_44-119,Ly6,monomer,genus:Kryptolebias,72-95
A0A437CWT2_IPR045860_1_19-110,Ly6,monomer,genus:Oryzias,72-95
A0A4D9DJB4_IPR045860_4_567-619,Ly6,multimer,genus:Platysternon,50-72
A0A513ZV65_IPR045860_2_17-105,Ly6,multimer,genus:Hyloscirtus,72-95
A0A553QYY0_IPR045860_2_21-72,Ly6,multimer,genus:Danionella,50-72
A0A5F8H8H4_IPR016054_1_122-220,none,multimer,class:Mammalia,95-117
A0A670IPJ5_IPR045860_1_47-138,Ly6,multimer,genus:Podarcis,72-95
A0A671XIT9_IPR016054_2_18-107,Ly6,multimer,genus:Sparus,72-95
A0A674GQT4_IPR016054_1_91-199,Ly6,multimer,genus:Taeniopygia,95-117
A0A6G1ATK1_IPR016054_2_54-118,Ly6,mixture,class:Mammalia,50-72
A0A6J0SC87_IPR045860_1_18-103,none,multimer,genus:Pogona,72-95
A0A6J0VAA2_IPR045860_2_116-198,Ly6,multimer,genus:Pogona,72-95
A0A6J1V1V0_IPR045860_1_107-216,Ly6,multimer,genus:Notechis,95-117
A0A6P3QSV0_IPR045860_1_21-97,Ly6,monomer,family:Pteropodidae,72-95
A0A6P6RG30_IPR045860_1_18-103,Ly6,monomer,genus:Carassius,72-95
A0A6P7P1E9_IPR016054_1_23-100,none,monomer,genus:Betta,72-95
A0A6P8IZS0_IPR045860_1_17-114,Ly6,monomer,genus:Actinia,95-117
A0A6P8W429_IPR045860_2_142-227,mixture,multimer,order:Perciformes,72-95
A0A7E6CMU1_IPR016054_2_321-389,Ly6,multimer,genus:Phyllostomus,50-72
A0A7J6BYL6_IPR045860_1_18-104,Ly6,mixture,order:Cypriniformes,72-95
A0A7J7VN73_IPR051445_1_25-141,Ly6,monomer,genus:Pipistrellus,95-117
A0A7J8C8R7_IPR016054_1_22-94,Ly6,multimer,genus:Molossus,72-95
A0A811ZYM5_IPR051445_1_6-140,Ly6,monomer,family:Canidae,117-140
A0A833YLG3_IPR016054_3_184-262,none,multimer,genus:Phyllostomus,72-95
A0A8B6CGA8_IPR016054_1_210-292,none,multimer,genus:Mytilus,72-95
A0A8B8CZR5_IPR016054_2_21-108,none,mixture,family:Ostreidae,72-95
A0A8B9K720_IPR016054_2_62-148,Ly6,multimer,genus:Astyanax,72-95
A0A8C2TUP0_IPR016054_1_34-109,none,monomer,class:Aves,72-95
A0A8C3TA85_IPR045860_1_113-197,Ly6,multimer,order:Testudines,72-95
A0A8C3WD10_IPR016054_1_28-124,Ly6,monomer,order:Artiodactyla,95-117
A0A8C6QNW1_IPR051445_1_2-137,Ly6,monomer,genus:Nannospalax,117-140
A0A8C6VGI3_IPR045860_2_114-185,none,multimer,genus:Naja,50-72
A0A8C6X8U1_IPR016054_1_25-101,none,monomer,order:Squamata,72-95
A0A8C9AWT2_IPR016054_1_29-101,mostly_Ly6,monomer,order:Artiodactyla,72-95
A0A8D2DE62_IPR016054_1_29-109,Ly6,monomer,family:Sciuridae,72-95
A0A8D2IMG1_IPR016054_1_16-97,Ly6,monomer,genus:Urocitellus,72-95
A0A8J1L7Z1_IPR045860_1_18-105,Ly6,mixture,genus:Xenopus,72-95
A0A8J1LDR0_IPR045860_1_122-206,Ly6,multimer,genus:Xenopus,72-95
A0A8J6EQ95_IPR016054_1_27-112,none,monomer,genus:Eleutherodactylus,72-95
A0A8K9VAE3_IPR045860_1_18-105,Ly6,monomer,family:Salmonidae,72-95
A0A8R1YLV9_IPR045860_2_87-161,Ly6,multimer,genus:Pristionchus,72-95
A0A8T1TAZ7_IPR016054_1_10-92,none,monomer,order:Testudines,72-95
A0A8U0UYT9_IPR016054_1_45-116,Ly6,mixture,class:Mammalia,50-72
A0A913X495_IPR016054_1_23-106,Ly6,monomer,genus:Exaiptasia,72-95
A0A974HD65_IPR045860_1_113-192,Ly6,multimer,genus:Xenopus,72-95
A0A9B0U280_IPR016054_1_21-101,Ly6,monomer,genus:Chrysochloris,72-95
A0A9D3NSG0_IPR045860_1_106-173,Ly6,multimer,genus:Hemibagrus,50-72
A0A9J7FU57_IPR016054_1_23-98,Ly6,monomer,family:Cricetidae,72-95
A0A9J7K4W1_IPR016054_6_8-63,Ly6,multimer,genus:Cricetulus,50-72
A0A9L0SSL3_IPR045860_2_59-112,mixture,mixture,class:Mammalia,50-72
A0A9N7YSL0_IPR045860_1_18-106,Ly6,mixture,class:Actinopteri,72-95
A0A9Q0X7B1_IPR016054_1_15-93,Ly6,monomer,genus:Phrynocephalus,72-95
A0A9W2XRW4_IPR016054_1_109-196,Ly6,multimer,genus:Betta,72-95
A0A9X0A602_IPR016054_1_34-133,Ly6,monomer,genus:Desmophyllum,95-117
A0AA35KMU1_IPR045860_2_115-205,Ly6,multimer,genus:Podarcis,72-95
A0AA35KPI2_IPR045860_2_116-207,mixture,mixture,genus:Podarcis,72-95
A0AA35P9W0_IPR045860_2_140-226,Ly6,multimer,genus:Podarcis,72-95
A0AA88P1U8_IPR045860_1_11-89,Ly6,monomer,genus:Tachysurus,72-95
A0AA97JBW2_IPR045860_1_18-105,Ly6,monomer,genus:Eublepharis,72-95
A0AA97KGQ5_IPR045860_3_27-124,Ly6,multimer,order:Squamata,95-117
A0AA97LHQ0_IPR045860_2_21-109,Ly6,multimer,genus:Eublepharis,72-95
A0AAD1WL22_IPR016054_1_196-282,Ly6,multimer,genus:Pelobates,72-95
A0AAD5KIC2_IPR016054_1_259-351,Ly6,monomer,genus:Daphnia,72-95
A0AAD9FCY9_IPR016054_1_15-98,Ly6,multimer,genus:Dissostichus,72-95
A0AAQ4NW25_IPR045860_1_18-106,Ly6,monomer,class:Actinopteri,72-95
A0AAQ6IRA5_IPR045860_2_5-87,Ly6,mixture,genus:Anabas,72-95
A0AAV1PXF2_IPR016054_2_115-203,Ly6,multimer,genus:Scomber,72-95
A0AAV2ZN45_IPR045860_2_18-102,Ly6,multimer,genus:Pyxicephalus,72-95
A0AAV5U9A3_IPR016054_1_19-106,Ly6,monomer,genus:Pristionchus,72-95
A0AAV7PZM8_IPR045860_1_16-106,Ly6,multimer,genus:Pleurodeles,72-95
A0AAV7Q439_IPR016054_2_27-123,Ly6,multimer,genus:Pleurodeles,95-117
A0AAW1Z0R2_IPR051445_1_16-116,Ly6,monomer,genus:Culter,95-117
A0AAZ1XK19_IPR045860_1_20-110,Ly6,monomer,class:Actinopteri,72-95
A0ABA7IXG5_IPR051445_1_1-140,mixture,monomer,genus:Mus,117-140
A6QP04_IPR016054_1_54-118,Ly6,multimer,class:Mammalia,50-72
G1UJB0_IPR045860_2_20-114,Ly6,multimer,genus:Protobothrops,72-95
K7E0K4_IPR016054_3_208-300,none,multimer,genus:Monodelphis,72-95
M3XHV4_IPR016054_2_20-114,Ly6,multimer,genus:Latimeria,72-95
M7B2W8_IPR045860_1_103-155,Ly6,multimer,genus:Chelonia,50-72
P60592_IPR045860_2_113-177,none,multimer,genus:Lachesis,50-72
Q2KKY5_IPR045860_1_11-93,mixture,monomer,class:Actinopteri,72-95
Q4FAH6_IPR045860_1_113-195,Ly6,multimer,genus:Plethodon,72-95
T1EVR2_IPR045860_1_23-121,Ly6,monomer,genus:Helobdella,95-117
A0A1A8RH00_IPR039457_1_5-88,Ly6,monomer,genus:Nothobranchius,72-95
A0A6F9CEK1_IPR039457_1_134-244,Ly6,monomer,class:Actinopteri,95-117
A0A7K5C971_IPR039457_1_7-105,mixture,monomer,phylum:Chordata,72-95
A0A7R9AFA4_IPR039457_1_1-69,none,monomer,genus:Darwinula,50-72
A0A8J4JG28_IPR039457_1_1-149,none,monomer,class:Aves,140-162
A0AAJ7SNF2_IPR039457_1_41-170,Ly6,monomer,genus:Petromyzon,117-140
A0A077ZFN5_IPR031424_1_18-127,mostly_Quiver,monomer,order:Trichinellida,95-117
A0A0M5J3Y5_IPR031424_1_16-117,none,monomer,genus:Drosophila,95-117
A0A0N4XUE5_IPR031424_1_30-164,Ly6,monomer,genus:Nippostrongylus,117-140
A0A182F4U9_IPR045860_1_23-129,none,monomer,genus:Anopheles,95-117
A0A183IK89_IPR031424_1_11-122,Quiver,monomer,genus:Soboliphyme,95-117
A0A1B6G421_IPR031424_1_26-117,none,monomer,order:Hemiptera,72-95
A0A1B6JYW9_IPR031424_1_2-105,none,monomer,family:Cicadellidae,95-117
A0A1D1VG99_IPR031424_1_70-203,Quiver,monomer,genus:Ramazzottius,117-140
A0A1D2NLW9_IPR031424_1_23-153,Quiver,monomer,genus:Orchesella,117-140
A0A1I7Z433_IPR031424_1_33-146,Quiver,monomer,order:Rhabditida,95-117
A0A1I8JPJ3_IPR031424_1_74-180,none,monomer,genus:Macrostomum,95-117
A0A1J1IWF0_IPR031424_1_21-104,none,monomer,genus:Clunio,72-95
A0A1L8EJD9_IPR031424_1_24-125,none,mixture,family:Muscidae,95-117
A0A1S3JY90_IPR031424_1_22-103,none,monomer,genus:Lingula,72-95
A0A1W0X5V8_IPR045860_1_21-108,none,monomer,genus:Hypsibius,72-95
A0A1Y1JY95_IPR045860_1_21-115,none,monomer,family:Lampyridae,72-95
A0A1Y1N8E7_IPR045860_1_17-115,none,monomer,genus:Photinus,95-117
A0A226EVU9_IPR031424_1_54-155,none,monomer,genus:Folsomia,95-117
A0A267DZZ8_IPR045860_1_26-117,mixture,monomer,genus:Macrostomum,72-95
A0A2C9KW20_IPR031424_1_21-116,none,monomer,genus:Biomphalaria,95-117
A0A2L2YRC8_IPR031424_1_21-107,none,monomer,genus:Parasteatoda,72-95
A0A2T7Q162_IPR045860_1_20-110,Quiver,monomer,genus:Pomacea,72-95
A0A3M7RUK4_IPR045860_1_18-106,none,monomer,genus:Brachionus,72-95
A0A443SIX7_IPR031424_1_23-124,none,monomer,genus:Leptotrombidium,95-117
A0A4S2KGE2_IPR045860_1_26-105,none,monomer,genus:Temnothorax,72-95
A0A4Y2DBK6_IPR031424_1_27-120,mixture,monomer,order:Araneae,72-95
A0A5E4M9I7_IPR031424_1_23-95,none,monomer,genus:Cinara,72-95
A0A5K3EPV6_IPR031424_1_23-145,mixture,monomer,order:Cyclophyllidea,117-140
A0A6G1SMF5_IPR031424_1_80-201,Quiver,monomer,genus:Aceria,117-140
A0A6J0C320_IPR031424_1_25-124,none,monomer,genus:Neodiprion,95-117
A0A6J1WMJ4_IPR031424_1_24-133,none,monomer,genus:Galleria,95-117
A0A6J2Y5T6_IPR031424_1_26-125,none,monomer,genus:Sitophilus,95-117
A0A7E5WJQ6_IPR031424_1_23-139,mixture,mixture,order:Lepidoptera,95-117
A0A7J7JN78_IPR031424_1_26-120,none,monomer,genus:Bugula,72-95
A0A7M7GN34_IPR031424_1_27-127,none,monomer,genus:Nasonia,95-117
A0A7R9BZN8_IPR031424_1_11-114,Quiver,monomer,genus:Notodromas,95-117
A0A817KER1_IPR045860_1_17-102,mixture,monomer,genus:Rotaria,72-95
A0A818GJW3_IPR031424_1_26-137,mixture,monomer,genus:Rotaria,95-117
A0A834N6U9_IPR031424_1_346-444,none,mixture,genus:Vespula,95-117
A0A8B6CKF0_IPR031424_1_23-146,none,monomer,genus:Mytilus,117-140
A0A8I6RK48_IPR031424_1_22-122,none,monomer,genus:Cimex,95-117
A0A8S0ZB53_IPR045860_1_44-142,none,mixture,order:Lepidoptera,95-117
A0A8S1CG29_IPR031424_1_35-138,none,monomer,genus:Cloeon,95-117
A0A8S3XZW0_IPR031424_1_24-137,none,monomer,family:Papilionidae,95-117
A0A8S4G3E9_IPR045860_1_21-116,mixture,monomer,class:Insecta,72-95
A0A8T0FS30_IPR031424_1_38-125,Quiver,monomer,order:Araneae,72-95
A0A8X6G4B9_IPR031424_1_72-161,mixture,monomer,order:Araneae,72-95
A0A914B521_IPR045860_1_18-111,Ly6,monomer,genus:Patiria,72-95
A0A914W819_IPR031424_1_39-131,Quiver,monomer,genus:Plectus,72-95
A0A9J6CMM3_IPR031424_2_123-225,none,multimer,genus:Polypedilum,95-117
A0AA36CWZ6_IPR045860_1_17-109,none,monomer,genus:Mesorhabditis,72-95
A0AA38HZ97_IPR045860_1_17-106,none,monomer,genus:Zophobas,72-95
A0AA85BTA3_IPR031424_1_15-103,Quiver,monomer,class:Trematoda,72-95
A0AAD7YTJ4_IPR031424_1_35-134,mixture,monomer,order:Lepidoptera,95-117
A0AAD9PD13_IPR031424_1_23-99,Quiver,monomer,genus:Ridgeia,72-95
A0AAE1GYN6_IPR031424_1_19-117,none,monomer,family:Thripidae,95-117
A0AAJ7BMQ9_IPR031424_1_26-117,none,monomer,genus:Cephus,72-95
A0AAN5CP02_IPR031424_1_16-103,none,monomer,genus:Pristionchus,72-95
A0AAN7VAJ5_IPR031424_1_27-162,none,monomer,genus:Pyrocoelia,117-140
A0AAV3YIY5_IPR031424_1_26-100,none,monomer,genus:Plakobranchus,72-95
A0AAV4RFB5_IPR031424_1_28-116,mixture,monomer,order:Araneae,72-95
A0AAV8VRB0_IPR031424_1_21-101,Quiver,monomer,genus:Exocentrus,72-95
A0AAW0T3T5_IPR045860_1_17-116,none,monomer,family:Portunidae,95-117
A0ABD1FI94_IPR031424_1_23-142,none,monomer,genus:Hypothenemus,117-140
A1Z8Y5_IPR031424_1_26-123,mixture,monomer,genus:Drosophila,95-117
E9GID4_IPR045860_1_7-99,none,monomer,genus:Daphnia,72-95
M9PGD2_IPR031424_1_23-125,none,mixture,genus:Drosophila,95-117
R7VC07_IPR031424_1_31-117,Quiver,monomer,genus:Capitella,72-95
T1FUF1_IPR031424_1_118-200,Quiver,monomer,genus:Helobdella,72-95
T1JLK0_IPR031424_1_27-116,none,monomer,genus:Strigamia,72-95
A0A5N4CGH6_IPR051445_1_2-69,none,monomer,genus:Camelus,50-72
A0A016U556_IPR045860_1_125-192,mixture,monomer,family:Ancylostomatidae,50-72
A0A084V9Z3_IPR045860_2_330-404,none,multimer,genus:Anopheles,72-95
A0A087UEG3_IPR045860_1_36-134,none,monomer,genus:Stegodyphus,95-117
A0A094ZXF4_IPR045860_1_17-89,Ly6,monomer,genus:Schistosoma,72-95
A0A0A0QTC1_IPR045860_1_2-65,SPF,monomer,genus:Cynops,50-72
A0A0A1X7U5_IPR045860_1_52-149,none,monomer,family:Tephritidae,95-117
A0A0C2MH32_IPR045860_1_1-73,none,monomer,genus:Thelohanellus,72-95
A0A0N4VJ04_IPR045860_1_14-111,none,monomer,genus:Enterobius,95-117
A0A0N5AP90_IPR045860_1_13-104,Ly6,monomer,genus:Syphacia,72-95
A0A0Q9X0I8_IPR045860_1_28-91,Ly6,monomer,genus:Drosophila,50-72
A0A0V1H679_IPR045860_1_7-110,none,monomer,order:Trichinellida,95-117
A0A158Q5U0_IPR045860_1_103-204,none,monomer,genus:Dracunculus,95-117
A0A183C3Y2_IPR045860_1_58-138,none,monomer,genus:Globodera,72-95
A0A183V7F8_IPR045860_1_65-170,none,monomer,order:Rhabditida,95-117
A0A1A8UUD6_IPR045860_1_20-97,none,monomer,class:Actinopteri,72-95
A0A1B4ZDB6_IPR045860_1_62-112,none,monomer,genus:Procambarus,50-72
A0A1D2MG66_IPR045860_1_25-115,none,monomer,genus:Orchesella,72-95
A0A1I7Y769_IPR045860_1_19-117,none,monomer,genus:Steinernema,95-117
A0A1I8IX46_IPR045860_1_319-392,none,monomer,genus:Macrostomum,72-95
A0A1I9RYF7_IPR045860_1_31-136,none,monomer,order:Decapoda,95-117
A0A1L8DKF5_IPR045860_1_15-119,none,monomer,family:Psychodidae,95-117
A0A1S0TWG3_IPR045860_1_18-80,Ly6,monomer,genus:Loa,50-72
A0A1V9XAX0_IPR045860_1_8-96,mixture,monomer,class:Arachnida,72-95
A0A1X7VDD8_IPR045860_2_332-438,none,multimer,genus:Amphimedon,95-117
A0A210QJR5_IPR045860_1_120-200,none,monomer,genus:Mizuhopecten,72-95
A0A2M4BJJ1_IPR045860_1_32-130,none,monomer,genus:Anopheles,95-117
A0A3B3SS71_IPR045860_1_12-97,none,monomer,genus:Paramormyrops,72-95
A0A3B4WS10_IPR045860_1_13-79,Ly6,monomer,genus:Seriola,50-72
A0A3B5QZV9_IPR045860_1_5-62,Ly6,monomer,genus:Xiphophorus,50-72
A0A3M6U636_IPR045860_1_39-130,mixture,monomer,family:Pocilloporidae,72-95
A0A3Q0RC39_IPR045860_1_18-81,Ly6,monomer,family:Cichlidae,50-72
A0A3Q1FJ16_IPR045860_1_41-104,Ly6,monomer,family:Pomacentridae,50-72
A0A3Q3ENI1_IPR045860_1_1-58,Ly6,monomer,genus:Kryptolebias,50-72
A0A3Q3GLT4_IPR045860_1_34-93,Ly6,monomer,genus:Labrus,50-72
A0A3Q3JW04_IPR045860_1_1-86,none,monomer,genus:Monopterus,72-95
A0A3S7RMI5_IPR045860_1_26-109,none,monomer,family:Sepiidae,72-95
A0A4C1Y3W6_IPR045860_1_85-200,none,monomer,genus:Eumeta,95-117
A0A4E0RA55_IPR045860_1_20-96,none,monomer,genus:Fasciola,72-95
A0A4S2MLE7_IPR045860_1_36-111,none,monomer,family:Opisthorchiidae,72-95
A0A4U5NI55_IPR045860_1_19-94,Ly6,monomer,genus:Steinernema,72-95
A0A4W3HYE4_IPR045860_1_16-91,none,monomer,genus:Callorhinchus,72-95
A0A4W6BTS0_IPR045860_1_21-86,Ly6,monomer,genus:Lates,50-72
A0A4Z2GUM3_IPR045860_1_16-69,Ly6,monomer,genus:Liparis,50-72
A0A553MZL5_IPR045860_1_8-86,none,monomer,genus:Danionella,72-95
A0A553QPP3_IPR045860_1_76-151,Ly6,monomer,genus:Danionella,72-95
A0A556UYV5_IPR045860_1_17-93,none,monomer,genus:Bagarius,72-95
A0A5A9PBE5_IPR045860_1_11-64,none,monomer,genus:Triplophysa,50-72
A0A5K4F8A0_IPR045860_1_16-114,mostly_Ly6,monomer,family:Schistosomatidae,95-117
A0A5N5PC27_IPR045860_1_23-88,mixture,monomer,order:Siluriformes,50-72
A0A665SX43_IPR045860_1_18-83,none,monomer,genus:Echeneis,50-72
A0A667Z3S5_IPR045860_1_17-84,Ly6,monomer,genus:Myripristis,50-72
A0A670IQ35_IPR045860_2_45-133,mixture,multimer,genus:Podarcis,72-95
A0A671V628_IPR045860_1_30-148,none,monomer,class:Actinopteri,117-140
A0A672IIM2_IPR045860_1_18-98,none,monomer,genus:Salarias,72-95
A0A673HBU4_IPR045860_1_9-114,none,monomer,genus:Sinocyclocheilus,95-117
A0A6A4TGA4_IPR045860_1_564-622,none,monomer,genus:Scophthalmus,50-72
A0A6A5HTN9_IPR045860_1_23-99,mixture,monomer,genus:Caenorhabditis,72-95
A0A6B2G6J6_IPR045860_1_1-100,none,monomer,genus:Myxobolus,95-117
A0A6F9A3C8_IPR045860_1_1-77,none,monomer,class:Actinopteri,72-95
A0A6J0S9U0_IPR045860_1_18-99,none,monomer,genus:Pogona,72-95
A0A6J1RVM4_IPR045860_1_24-106,none,monomer,genus:Frankliniella,72-95
A0A6J2YS14_IPR045860_1_24-112,none,monomer,genus:Sitophilus,72-95
A0A6J8BBR8_IPR045860_1_6-96,none,monomer,genus:Mytilus,72-95
A0A6P3DTX1_IPR045860_1_31-146,none,monomer,order:Hymenoptera,95-117
A0A6P4ZHP0_IPR045860_1_403-486,none,monomer,genus:Branchiostoma,72-95
A0A6P6L1I1_IPR045860_1_1-79,none,monomer,class:Actinopteri,72-95
A0A6P7SSF0_IPR045860_1_238-317,none,monomer,genus:Octopus,72-95
A0A6P7YXU1_IPR045860_1_18-106,Ly6,mixture,genus:Microcaecilia,72-95
A0A6P8H3V0_IPR045860_1_140-255,none,mixture,family:Clupeidae,95-117
A0A6P8ILL7_IPR045860_1_21-115,none,monomer,genus:Actinia,72-95
A0A6P8QGV2_IPR045860_1_269-388,none,multimer,order:Gymnophiona,117-140
A0A6P9C929_IPR045860_1_20-120,none,monomer,order:Squamata,95-117
A0A6Q2YQ72_IPR045860_1_30-105,none,monomer,class:Actinopteri,72-95
A0A6S7IAD9_IPR045860_1_318-409,none,monomer,genus:Paramuricea,72-95
A0A7G3AHP6_IPR045860_1_13-115,none,monomer,genus:Lutzomyia,95-117
A0A7I8W1W6_IPR045860_1_25-135,none,monomer,genus:Dimorphilus,95-117
A0A7K6ZNQ1_IPR045860_1_25-125,none,monomer,genus:Nothoprocta,95-117
A0A7L4MVH4_IPR045860_1_25-126,none,monomer,phylum:Chordata,95-117
A0A7M5VEA9_IPR045860_1_33-105,none,monomer,genus:Clytia,72-95
A0A7R8UBR1_IPR045860_1_112-191,none,monomer,genus:Hermetia,72-95
A0A7R9AW14_IPR045860_1_299-404,none,monomer,genus:Timema,95-117
A0A7S3G3U3_IPR045860_1_2-54,none,monomer,genus:Palpitomonas,50-72
A0A813PWA4_IPR045860_1_56-135,Quiver,monomer,genus:Adineta,72-95
A0A813XSN5_IPR045860_1_26-89,none,monomer,genus:Brachionus,50-72
A0A814CR87_IPR045860_1_17-84,Ly6,monomer,genus:Brachionus,50-72
A0A814NL64_IPR045860_1_5-81,none,monomer,genus:Adineta,72-95
A0A815ZUA4_IPR045860_1_19-109,mixture,monomer,genus:Adineta,72-95
A0A834A2I1_IPR045860_1_24-95,none,monomer,genus:Phyllostomus,50-72
A0A898IPM2_IPR045860_1_12-76,3FTx,monomer,genus:Calliophis,50-72
A0A8B6EAS5_IPR045860_1_130-198,none,monomer,genus:Mytilus,50-72
A0A8B6GU07_IPR045860_1_11-102,mixture,monomer,genus:Mytilus,72-95
A0A8B8BWJ2_IPR045860_1_19-102,Ly6,monomer,genus:Crassostrea,72-95
A0A8B8DHR9_IPR045860_1_50-135,mixture,monomer,family:Ostreidae,72-95
A0A8C2GLQ2_IPR045860_2_1-59,none,multimer,genus:Cyprinus,50-72
A0A8C3FFX3_IPR045860_1_4-86,none,monomer,family:Emydidae,72-95
A0A8C4Z0Z7_IPR045860_1_21-101,none,monomer,genus:Gadus,72-95
A0A8C5GRF3_IPR045860_1_350-447,none,monomer,genus:Gouania,95-117
A0A8C5QXT3_IPR045860_1_53-106,Ly6,monomer,genus:Leptobrachium,50-72
A0A8C5YD85_IPR045860_1_41-104,none,monomer,genus:Microcebus,50-72
A0A8C6N744_IPR045860_1_18-88,none,monomer,genus:Melopsittacus,50-72
A0A8C6X6N3_IPR045860_1_22-81,none,monomer,genus:Naja,50-72
A0A8C8DFL0_IPR045860_1_42-117,mixture,monomer,genus:Oryzias,72-95
A0A8C8VKF1_IPR045860_1_26-102,none,monomer,genus:Pelusios,72-95
A0A8C9DL50_IPR045860_1_19-96,none,monomer,phylum:Chordata,72-95
A0A8C9Q751_IPR045860_1_61-124,none,monomer,genus:Spermophilus,50-72
A0A8C9WFQ9_IPR045860_1_92-197,none,monomer,class:Actinopteri,95-117
A0A8J1LDN9_IPR045860_2_111-188,Ly6,multimer,genus:Xenopus,72-95
A0A8J6EW36_IPR045860_1_179-295,none,multimer,genus:Eleutherodactylus,95-117
A0A8K0F306_IPR045860_1_23-130,Ly6,monomer,genus:Branchiostoma,95-117
A0A8S2KGJ3_IPR045860_1_45-113,none,monomer,genus:Rotaria,50-72
A0A8S3ZH90_IPR045860_1_1-79,none,monomer,genus:Candidula,72-95
A0A8S4GAU9_IPR045860_1_197-286,none,monomer,genus:Plutella,72-95
A0A8T0DRE3_IPR045860_1_110-189,none,monomer,genus:Paragonimus,72-95
A0A8T1RUZ5_IPR045860_1_2-73,mixture,mixture,order:Testudines,72-95
A0A8T2ISN8_IPR045860_1_34-115,none,monomer,genus:Hymenochirus,72-95
A0A8T3CUS8_IPR045860_1_23-99,none,monomer,genus:Albula,72-95
A0A8V0Z7K0_IPR045860_1_24-102,none,monomer,phylum:Chordata,72-95
A0A913XNT0_IPR045860_1_19-108,none,monomer,genus:Exaiptasia,72-95
A0A914DMD0_IPR045860_1_5-77,none,monomer,genus:Acrobeloides,72-95
A0A914QXH6_IPR045860_1_16-92,mixture,monomer,family:Panagrolaimidae,72-95
A0A914USH5_IPR045860_1_15-100,none,monomer,genus:Plectus,72-95
A0A915DFY2_IPR045860_1_15-80,none,monomer,genus:Ditylenchus,50-72
A0A9D3NAK6_IPR045860_1_17-92,none,monomer,class:Actinopteri,72-95
A0A9F2RF70_IPR045860_1_1-66,none,monomer,genus:Python,50-72
A0A9J6CFC3_IPR045860_1_57-138,none,monomer,genus:Polypedilum,72-95
A0A9J7LJK0_IPR045860_1_20-108,Ly6,monomer,genus:Branchiostoma,72-95
A0A9N9QYZ0_IPR045860_1_29-114,none,monomer,genus:Diatraea,72-95
A0A9N9XNH9_IPR045860_1_37-131,none,monomer,genus:Phyllotreta,72-95
A0A9P0DTR9_IPR045860_1_1-58,none,monomer,genus:Phaedon,50-72
A0A9P1ERI4_IPR045860_1_432-514,none,monomer,genus:Caenorhabditis,72-95
A0A9P1MMA3_IPR045860_1_27-105,none,monomer,genus:Auanema,72-95
A0A9Q0YDS2_IPR045860_1_37-125,none,monomer,genus:Holothuria,72-95
A0A9Q1HR10_IPR045860_2_18-98,none,multimer,genus:Conger,72-95
A0A9W2Z002_IPR045860_1_18-92,none,monomer,genus:Biomphalaria,72-95
A0A9W9YJ69_IPR045860_1_16-79,none,monomer,genus:Desmophyllum,50-72
A0A9X0A585_IPR045860_1_17-86,none,monomer,genus:Desmophyllum,50-72
A0A9X0D723_IPR045860_1_18-110,none,monomer,genus:Desmophyllum,72-95
A0AA35KP15_IPR045860_2_17-101,mixture,multimer,genus:Podarcis,72-95
A0AA35P481_IPR045860_1_646-726,none,monomer,genus:Podarcis,72-95
A0AA35VYF3_IPR045860_1_120-212,none,monomer,genus:Podarcis,72-95
A0AA36CQ96_IPR045860_1_14-101,none,monomer,genus:Mesorhabditis,72-95
A0AA36G7W2_IPR045860_1_7-74,none,monomer,genus:Mesorhabditis,50-72
A0AA38HQR0_IPR045860_1_32-134,none,monomer,genus:Zophobas,95-117
A0AA85JZT4_IPR045860_1_28-94,Ly6,monomer,genus:Trichobilharzia,50-72
A0AA88LY19_IPR045860_1_17-102,none,monomer,genus:Channa,72-95
A0AA88YR58_IPR045860_2_24-110,none,multimer,genus:Pinctada,72-95
A0AA97LGZ0_IPR045860_1_18-101,none,monomer,genus:Eublepharis,72-95
A0AAD1RWK3_IPR045860_2_180-295,none,multimer,genus:Pelobates,95-117
A0AAD4R816_IPR045860_1_80-200,none,monomer,genus:Ditylenchus,117-140
A0AAD8GFH3_IPR045860_1_28-141,none,monomer,genus:Acipenser,95-117
A0AAD9IYK3_IPR045860_1_56-142,none,monomer,genus:Paralvinella,72-95
A0AAD9NTI8_IPR045860_1_19-83,none,monomer,genus:Ridgeia,50-72
A0AAE0W1W7_IPR045860_1_20-75,none,monomer,genus:Potamilus,50-72
A0AAJ6ZV98_IPR045860_1_194-272,none,monomer,genus:Papilio,72-95
A0AAJ7SMC7_IPR045860_1_29-110,none,monomer,genus:Petromyzon,72-95
A0AAJ7WLX0_IPR045860_1_59-155,none,monomer,genus:Petromyzon,95-117
A0AAN7XPQ3_IPR045860_1_18-95,none,monomer,genus:Eleginops,72-95
A0AAU9VMZ7_IPR045860_1_18-115,mixture,monomer,genus:Pocillopora,95-117
A0AAU9WZ09_IPR045860_1_27-126,none,monomer,family:Pocilloporidae,95-117
A0AAV2K1X1_IPR045860_1_32-112,none,mixture,family:Gobiidae,72-95
A0AAV2PG25_IPR045860_1_44-99,none,monomer,genus:Meganyctiphanes,50-72
A0AAV2ZIS0_IPR045860_2_17-102,Ly6,multimer,genus:Pyxicephalus,72-95
A0AAV4BPQ1_IPR045860_2_216-298,none,multimer,genus:Plakobranchus,72-95
A0AAV5T4C8_IPR045860_1_104-167,none,monomer,genus:Pristionchus,50-72
A0AAV5VD69_IPR045860_1_14-86,none,monomer,genus:Pristionchus,72-95
A0AAV6UAT7_IPR045860_1_25-84,none,monomer,order:Araneae,50-72
A0AAV6Z617_IPR045860_1_1-81,mixture,mixture,genus:Engystomops,72-95
A0AAV6ZQV5_IPR045860_2_163-247,SPF,multimer,genus:Engystomops,72-95
A0AAV7S8F8_IPR045860_1_76-157,none,monomer,genus:Pleurodeles,72-95
A0AAW0NIB3_IPR045860_1_339-413,mixture,monomer,class:Actinopteri,72-95
A0AAW1F764_IPR045860_1_17-85,none,monomer,genus:Zoarces,50-72
A0AAW1TVP0_IPR045860_1_19-110,none,monomer,genus:Henosepilachna,72-95
A0AAW2ID66_IPR045860_1_31-114,none,monomer,genus:Menopon,72-95
A0ABD0NZG4_IPR045860_1_1-67,none,monomer,genus:Cirrhinus,50-72
A0ABD1K4A6_IPR045860_1_18-99,none,monomer,genus:Coilia,72-95
A0ABD2HVJ9_IPR045860_1_18-102,none,monomer,genus:Heterodera,72-95
A0ABD2NZB8_IPR045860_1_32-87,none,monomer,genus:Cryptolaemus,50-72
A0ABD3WC58_IPR045860_1_11-97,none,monomer,genus:Sinanodonta,72-95
C4A131_IPR045860_1_19-122,mixture,monomer,genus:Branchiostoma,95-117
E0W218_IPR045860_1_19-88,none,monomer,genus:Pediculus,50-72
F6TA80_IPR045860_1_431-487,none,monomer,genus:Ornithorhynchus,50-72
G0N6T9_IPR045860_1_17-104,none,monomer,genus:Caenorhabditis,72-95
G5C1S5_IPR045860_2_216-295,none,multimer,genus:Heterocephalus,72-95
G7Y7X3_IPR045860_1_6-98,none,monomer,family:Opisthorchiidae,72-95
H2YVW9_IPR045860_1_136-218,none,monomer,genus:Ciona,72-95
H3BX97_IPR045860_1_38-113,none,monomer,class:Actinopteri,72-95
M1ZMI5_IPR045860_1_3-54,mixture,monomer,genus:Caenorhabditis,50-72
P0DPX9_IPR045860_1_17-104,Scoloptoxin,monomer,genus:Ethmostigmus,72-95
Q8VE86_IPR045860_1_122-202,mixture,mixture,genus:Mus,72-95
R7VD63_IPR045860_1_180-235,none,monomer,genus:Capitella,50-72
U3PSB7_IPR045860_1_19-129,none,monomer,genus:Pinctada,95-117
W5MLI6_IPR045860_1_1-65,none,monomer,family:Lepisosteidae,50-72
Centipede3FTx_0003_61981,manually_annotated,monomer,class:Chilopoda,140-162
Centipede3FTx_0035_984703,mixture,monomer,phylum:Arthropoda,95-117
Centipede3FTx_0067_1255758,manually_annotated,monomer,class:Chilopoda,117-140
Centipede3FTx_0099_984703,manually_annotated,monomer,class:Chilopoda,72-95
Centipede3FTx_0131_1255758,manually_annotated,monomer,class:Chilopoda,140-162
A0A7J7VMQ4_IPR042339_1_1-123,Ly6,monomer,family:Vespertilionidae,117-140
A0A090LL14_IPR003571_1_32-90,none,monomer,family:Strongyloididae,50-72
A0A2Z4N9V6_IPR045860_1_40-116,mostly_3FTx,monomer,family:Colubridae,72-95
A0AAN9B2L4_IPR045860_1_274-359,none,monomer,genus:Littorina,72-95
F5CPE1_IPR045860_1_22-83,3FTx,monomer,genus:Micrurus,50-72
F8QZ63_IPR045860_1_13-78,none,monomer,genus:Drysdalia,50-72
P17696_IPR045860_1_12-86,none,monomer,genus:Dendroaspis,50-72
P80965_IPR045860_1_1-72,none,monomer,genus:Ophiophagus,50-72
R4G327_IPR045860_1_12-79,3FTx,monomer,family:Elapidae,50-72
A0A6P3RIZ2_IPR026110_1_1-150,none,monomer,class:Mammalia,140-162
A0A087X399_IPR016054_1_19-107,mixture,multimer,genus:Poecilia,72-95
A0A093BQB8_IPR045860_1_1-78,none,monomer,family:Pteroclidae,72-95
A0A1I7RP16_IPR045860_1_24-99,none,monomer,genus:Bursaphelenchus,72-95
A0A2J8LFN4_IPR045860_1_18-68,none,monomer,class:Mammalia,50-72
A0A3B3CGG4_IPR016054_1_115-197,Ly6,multimer,genus:Oryzias,72-95
A0A3B5QLT0_IPR045860_1_17-91,mixture,monomer,family:Poeciliidae,72-95
A0A3Q0R9C8_IPR045860_2_16-96,Ly6,multimer,genus:Amphilophus,72-95
A0A452QNU0_IPR016054_1_60-149,mixture,monomer,class:Mammalia,72-95
A0A643BR33_IPR045860_1_5-64,none,monomer,genus:Balaenoptera,50-72
A0A667ZGB3_IPR016054_1_18-102,Ly6,multimer,genus:Myripristis,72-95
A0A670I9C8_IPR016054_1_16-93,Ly6,monomer,genus:Podarcis,72-95
A0A6F9CGU6_IPR045860_1_21-80,none,monomer,family:Salmonidae,50-72
A0A6J2R087_IPR045860_1_20-76,none,monomer,genus:Cottoperca,50-72
A0A6P7MHC6_IPR016054_2_116-204,Ly6,multimer,genus:Betta,72-95
A0A6P8Q3S5_IPR045860_1_19-94,none,monomer,genus:Geotrypetes,72-95
A0A7J6DF73_IPR045860_2_124-196,mixture,mixture,order:Cypriniformes,72-95
A0A7K8J7K5_IPR016054_1_4-90,mostly_Ly6,mixture,class:Aves,72-95
A0A813WGK5_IPR045860_1_25-99,none,monomer,genus:Rotaria,72-95
A0A818DL08_IPR045860_1_26-102,none,monomer,genus:Rotaria,72-95
A0A8B9EYU9_IPR045860_1_18-78,none,monomer,genus:Amazona,50-72
A0A8C3SXJ0_IPR045860_1_14-67,none,monomer,genus:Chelydra,50-72
A0A8C4ZZ26_IPR045860_1_5-90,none,monomer,genus:Gadus,72-95
A0A8C6SSQ3_IPR016054_1_89-164,Ly6,mixture,genus:Neogobius,72-95
A0A8C9F6M2_IPR035076_1_14-65,none,monomer,genus:Pavo,50-72
A0A8C9RN70_IPR016054_2_122-204,none,multimer,genus:Scleropages,72-95
A0A8J0T8H0_IPR045860_1_38-117,none,monomer,genus:Xenopus,72-95
A0A8M9PCV3_IPR016054_2_111-184,Ly6,multimer,genus:Danio,72-95
A0A8T3CQ92_IPR016054_1_21-112,mixture,monomer,class:Actinopteri,72-95
A0A913ZQ20_IPR045860_1_44-125,none,monomer,genus:Patiria,72-95
A0A974HH25_IPR016054_1_21-100,Ly6,monomer,genus:Xenopus,72-95
A0A9D3S527_IPR045860_1_23-98,none,monomer,genus:Anguilla,72-95
A0A9W2XCB4_IPR016054_2_116-198,Ly6,multimer,genus:Betta,72-95
A0A9X0CM62_IPR045860_1_18-108,none,monomer,genus:Desmophyllum,72-95
A0AA36CZH2_IPR045860_1_8-92,none,monomer,genus:Mesorhabditis,72-95
A0AA84ZSV4_IPR045860_1_24-100,mixture,monomer,family:Schistosomatidae,72-95
A0AA88P663_IPR045860_2_11-96,none,multimer,genus:Cirrhinus,72-95
A0AA88Y0T1_IPR045860_1_361-429,none,monomer,genus:Pinctada,50-72
A0AAD3MHF3_IPR045860_2_13-88,Ly6,multimer,genus:Lates,72-95
A0AAD9NNY5_IPR045860_1_33-117,none,monomer,genus:Ridgeia,72-95
A0AAU9W017_IPR045860_1_20-111,none,monomer,family:Pocilloporidae,72-95
A0AAV2TY26_IPR045860_1_24-98,none,monomer,genus:Calicophoron,72-95
A0AAV6GAZ0_IPR016054_2_2-95,Ly6,multimer,genus:Alosa,72-95
A0AAW1BMB4_IPR016054_1_29-120,mixture,monomer,order:Squamata,72-95
A0AAW2AU02_IPR016054_1_108-182,Ly6,multimer,genus:Culter,72-95
A0AB13A3T4_IPR045860_1_107-180,none,multimer,genus:Danio,72-95
A0ABD3UZ52_IPR035076_1_1976-2053,none,monomer,family:Unionidae,72-95
K7E664_IPR045860_1_13-92,Ly6,monomer,class:Mammalia,72-95
M3XSN1_IPR045860_1_65-143,none,monomer,genus:Mustela,72-95
V9L3C5_IPR016054_2_112-193,Ly6,multimer,genus:Callorhinchus,72-95
A0A0B5H1E8_IPR045860_1_115-191,Ly6,multimer,genus:Lissotriton,72-95
A0A0K2T5A6_IPR045860_1_36-119,mixture,monomer,genus:Lepeophtheirus,72-95
A0A151M3Z5_IPR016054_3_585-677,mixture,multimer,genus:Alligator,72-95
A0A151NRP2_IPR045860_3_17-91,Ly6,multimer,genus:Alligator,72-95
A0A1S3ASZ7_IPR016054_1_20-96,Ly6,monomer,genus:Erinaceus,72-95
A0A2D0SDL5_IPR045860_1_17-104,Ly6,monomer,genus:Ictalurus,72-95
A0A2G5TJ41_IPR016054_1_55-142,Ly6,mixture,genus:Caenorhabditis,72-95
A0A2Y9RVA8_IPR016054_1_239-303,Ly6,multimer,genus:Trichechus,50-72
A0A3B4YTH4_IPR045860_1_17-106,mostly_Ly6,monomer,class:Actinopteri,72-95
A0A3B5Q9Q7_IPR045860_1_98-173,mixture,mixture,genus:Xiphophorus,72-95
A0A3Q2D4G6_IPR045860_1_16-104,Ly6,multimer,genus:Cyprinodon,72-95
A0A4D9DJB4_IPR045860_5_507-560,Ly6,multimer,genus:Platysternon,50-72
A0A4W2DW44_IPR051445_1_2-138,Ly6,monomer,order:Artiodactyla,117-140
A0A4X2KQQ5_IPR016054_1_47-115,Ly6,multimer,class:Mammalia,50-72
A0A513ZV66_IPR045860_1_18-105,Ly6,multimer,genus:Boana,72-95
A0A670IPJ5_IPR045860_2_148-238,Ly6,multimer,genus:Podarcis,72-95
A0A672J507_IPR016054_1_9-80,Ly6,monomer,genus:Salarias,50-72
A0A6I8PU52_IPR045860_3_13-105,Ly6,multimer,genus:Xenopus,72-95
A0A6J0SC87_IPR045860_2_115-201,none,multimer,genus:Pogona,72-95
A0A6J0VAA7_IPR016054_1_117-176,Ly6,multimer,genus:Pogona,50-72
A0A6P8SIB5_IPR045860_2_114-198,Ly6,multimer,order:Gymnophiona,72-95
A0A6P9DFW3_IPR045860_1_130-214,mixture,mixture,order:Squamata,72-95
A0A7J7S2W2_IPR016054_1_21-96,Ly6,monomer,family:Vespertilionidae,72-95
A0A7J8C8R7_IPR016054_2_208-286,Ly6,multimer,genus:Molossus,72-95
A0A7N4PWP6_IPR016054_1_29-108,Ly6,monomer,genus:Sarcophilus,72-95
A0A7N8X6S4_IPR045860_2_17-105,Ly6,multimer,genus:Mastacembelus,72-95
A0A803JE43_IPR045860_2_18-104,Ly6,multimer,genus:Xenopus,72-95
A0A8B6CGA8_IPR016054_2_62-157,none,mixture,genus:Mytilus,72-95
A0A8C0DFU3_IPR045860_1_16-103,mixture,monomer,order:Artiodactyla,72-95
A0A8C0P373_IPR016054_1_42-125,none,monomer,family:Canidae,72-95
A0A8C1DIB0_IPR045860_2_24-107,Ly6,multimer,order:Cypriniformes,72-95
A0A8C2MTV7_IPR016054_1_28-120,Ly6,monomer,family:Cricetidae,95-117
A0A8C2UKW0_IPR016054_1_47-115,mixture,multimer,class:Mammalia,50-72
A0A8C5BNB0_IPR016054_1_19-111,Ly6,monomer,genus:Gadus,72-95
A0A8C5LL36_IPR051445_1_1-139,Ly6,monomer,genus:Jaculus,117-140
A0A8C5QSE3_IPR045860_1_132-215,Ly6,multimer,genus:Leptobrachium,72-95
A0A8C5RAG8_IPR016054_1_206-298,none,multimer,genus:Leptobrachium,72-95
A0A8C5WJN9_IPR045860_2_18-105,Ly6,multimer,genus:Leptobrachium,72-95
A0A8C6MBT7_IPR016054_1_146-230,Ly6,multimer,genus:Nothobranchius,72-95
A0A8C7YXH5_IPR016054_1_112-195,Ly6,multimer,genus:Oryzias,72-95
A0A8C9B2Y2_IPR045860_1_71-153,Ly6,mixture,order:Artiodactyla,72-95
A0A8C9GGW4_IPR016054_1_22-97,mostly_Ly6,monomer,order:Primates,72-95
A0A8D2GDF5_IPR016054_1_25-106,Ly6,monomer,class:Mammalia,72-95
A0A8I6AMN1_IPR016054_1_137-206,Ly6,monomer,family:Muridae,50-72
A0A8J0TAJ3_IPR016054_1_206-285,Ly6,multimer,genus:Xenopus,72-95
A0A8J1LDR0_IPR045860_2_29-107,Ly6,multimer,genus:Xenopus,72-95
A0A8J6B5V3_IPR045860_2_124-181,Ly6,multimer,genus:Eleutherodactylus,50-72
A0A8J6KQC0_IPR016054_2_50-119,mixture,mixture,order:Rodentia,50-72
A0A8S1DA77_IPR045860_1_22-113,Ly6,monomer,genus:Cloeon,72-95
A0A913X4Q8_IPR045860_1_18-113,Ly6,monomer,genus:Exaiptasia,95-117
A0A974CIY3_IPR045860_2_110-191,Ly6,multimer,genus:Xenopus,72-95
A0A9B0UC14_IPR016054_1_24-106,Ly6,monomer,genus:Chrysochloris,72-95
A0A9Q0X7L6_IPR016054_1_19-99,Ly6,monomer,genus:Phrynocephalus,72-95
A0A9Q1BMX2_IPR016054_2_248-347,mixture,mixture,genus:Holothuria,95-117
A0A9W7T4X1_IPR045860_1_27-104,none,monomer,genus:Triplophysa,72-95
A0A9X0A620_IPR016054_1_18-108,mixture,monomer,genus:Desmophyllum,72-95
A0AA35KMU7_IPR045860_1_16-105,none,multimer,genus:Podarcis,72-95
A0AA88LVB4_IPR016054_1_112-192,Ly6,multimer,genus:Tachysurus,72-95
A0AA97JV29_IPR016054_1_116-206,Ly6,multimer,order:Squamata,72-95
A0AA97LHS1_IPR016054_1_161-254,Ly6,multimer,genus:Eublepharis,72-95
A0AAD1T4T1_IPR045860_1_18-105,Ly6,multimer,genus:Pelobates,72-95
A0AAD1WL22_IPR016054_2_20-110,Ly6,multimer,genus:Pelobates,72-95
A0AAD5KP77_IPR016054_1_20-118,Ly6,monomer,genus:Daphnia,95-117
A0AAD8CPN8_IPR045860_1_109-199,Ly6,multimer,genus:Acipenser,72-95
A0AAN8M2M3_IPR045860_1_32-101,Ly6,monomer,genus:Coregonus,50-72
A0AAU9ZVY0_IPR016054_1_27-106,Ly6,monomer,order:Rodentia,72-95
A0AAV1PXF2_IPR045860_3_207-282,Ly6,multimer,genus:Scomber,72-95
A0AAV2ZN53_IPR045860_1_95-179,Ly6,multimer,genus:Pyxicephalus,72-95
A0AAV6FQC9_IPR045860_1_18-105,Ly6,monomer,genus:Alosa,72-95
A0AAV6ZFE7_IPR045860_1_9-95,Ly6,monomer,genus:Engystomops,72-95
A0AAV7BMV4_IPR045860_2_117-191,Ly6,multimer,genus:Engystomops,72-95
A0AAV7PZM8_IPR045860_2_115-202,Ly6,multimer,genus:Pleurodeles,72-95
A0AAV7Q459_IPR045860_1_19-106,Ly6,monomer,genus:Pleurodeles,72-95
A0AAW0N3S1_IPR016054_1_25-119,Ly6,multimer,genus:Mugilogobius,72-95
A0AAW1AY45_IPR045860_1_119-206,Ly6,multimer,family:Viperidae,72-95
A0AAY4E5T2_IPR045860_1_21-107,Ly6,monomer,genus:Denticeps,72-95
A6J8Z0_IPR016054_1_69-200,none,monomer,genus:Rattus,117-140
A0A2Y9GDI3_IPR016054_1_55-112,Ly6,multimer,order:Carnivora,50-72
A0A3N0YBP6_IPR016054_2_111-196,none,multimer,genus:Anabarilius,72-95
A0A3P9C4J3_IPR045860_2_5-58,Ly6,multimer,family:Cichlidae,50-72
A0A3Q0E9Y7_IPR016054_1_129-207,none,monomer,order:Primates,72-95
A0A3Q2XLX8_IPR045860_1_18-105,Ly6,monomer,genus:Hippocampus,72-95
A0A401PTF8_IPR045860_2_108-173,Ly6,multimer,genus:Scyliorhinus,50-72
A0A4U5VJI3_IPR016054_1_71-155,Ly6,mixture,class:Actinopteri,72-95
A0A4W4GG96_IPR045860_1_11-98,Ly6,monomer,genus:Electrophorus,72-95
A0A513ZV83_IPR045860_1_17-109,Ly6,multimer,genus:Nyctibatrachus,72-95
A0A670INN8_IPR045860_1_112-197,Ly6,multimer,genus:Podarcis,72-95
A0A672HY22_IPR045860_2_18-103,Ly6,multimer,genus:Salarias,72-95
A0A673FMT6_IPR045860_2_16-97,Ly6,multimer,genus:Sinocyclocheilus,72-95
A0A6J0SU10_IPR016054_1_25-105,none,monomer,family:Agamidae,72-95
A0A6J2WIV0_IPR045860_1_18-105,Ly6,monomer,genus:Chanos,72-95
A0A6P7YXE7_IPR045860_2_114-210,Ly6,multimer,order:Gymnophiona,95-117
A0A6P8HNW0_IPR045860_1_20-116,Ly6,monomer,genus:Actinia,95-117
A0A6P8P5P9_IPR045860_1_115-196,Ly6,multimer,genus:Geotrypetes,72-95
A0A6P9CDN4_IPR045860_1_18-99,Ly6,monomer,genus:Pantherophis,72-95
A0A7G7WZ58_IPR045860_1_27-119,Ly6,monomer,genus:Isarachnanthus,72-95
A0A7J6AFH0_IPR045860_1_17-104,Ly6,monomer,genus:Ameiurus,72-95
A0A803J547_IPR016054_1_117-192,Ly6,multimer,genus:Xenopus,72-95
A0A803T9Q8_IPR045860_2_139-218,none,multimer,genus:Anolis,72-95
A0A821PA83_IPR045860_1_4-76,Ly6,monomer,class:Eurotatoria,72-95
A0A8B6GDE0_IPR045860_2_22-106,none,multimer,genus:Mytilus,72-95
A0A8B7DIQ5_IPR045860_1_16-110,Ly6,monomer,genus:Hydra,72-95
A0A8B8AS29_IPR016054_1_60-163,none,multimer,genus:Crassostrea,95-117
A0A8C0G175_IPR045860_1_86-158,Ly6,multimer,genus:Chelonoidis,72-95
A0A8C4E5J2_IPR045860_1_73-159,Ly6,monomer,class:Actinopteri,72-95
A0A8C4MN22_IPR016054_1_63-140,none,monomer,genus:Equus,72-95
A0A8C5Q176_IPR045860_1_23-108,Ly6,multimer,genus:Leptobrachium,72-95
A0A8C5WIB4_IPR045860_2_110-192,Ly6,multimer,genus:Leptobrachium,72-95
A0A8C6NXB8_IPR016054_1_146-256,Ly6,multimer,genus:Nothobranchius,95-117
A0A8C6W5N4_IPR045860_2_24-112,Ly6,multimer,genus:Nannospalax,72-95
A0A8D2JEB4_IPR016054_2_213-307,mixture,multimer,order:Squamata,72-95
A0A8D3AZU8_IPR016054_1_99-183,Ly6,multimer,genus:Scophthalmus,72-95
A0A8J1LAJ6_IPR045860_1_18-105,Ly6,multimer,genus:Xenopus,72-95
A0A8J6EDE3_IPR045860_1_15-105,Ly6,monomer,order:Anura,72-95
A0A8T1S362_IPR045860_2_62-151,Ly6,multimer,genus:Chelydra,72-95
A0A8T2IS85_IPR016054_1_107-204,Ly6,multimer,genus:Hymenochirus,95-117
A0A8T3CMH6_IPR016054_2_21-102,Ly6,multimer,genus:Albula,72-95
A0A914DRE6_IPR045860_1_105-185,Ly6,monomer,genus:Acrobeloides,72-95
A0A974CHI4_IPR045860_1_100-184,Ly6,mixture,genus:Xenopus,72-95
A0A9B0TTC0_IPR045860_1_19-101,Ly6,monomer,class:Mammalia,72-95
A0A9D3T6K9_IPR016054_2_20-108,Ly6,multimer,genus:Megalops,72-95
A0A9D4EIP6_IPR016054_1_134-210,none,multimer,genus:Dreissena,72-95
A0A9N7UA04_IPR016054_1_107-195,Ly6,multimer,genus:Pleuronectes,72-95
A0A9Q0X670_IPR045860_1_106-192,Ly6,multimer,genus:Phrynocephalus,72-95
A0A9Q1AQ58_IPR016054_1_203-288,mixture,mixture,order:Squamata,72-95
A0A9Q1E5U5_IPR016054_1_25-110,Ly6,monomer,genus:Synaphobranchus,72-95
A0A9X9MBA7_IPR016054_1_130-203,Ly6,multimer,genus:Gulo,72-95
A0AA35LGT7_IPR016054_2_19-79,Ly6,multimer,genus:Podarcis,50-72
A0AA35PD86_IPR045860_1_28-120,Ly6,multimer,genus:Podarcis,72-95
A0AA35VYE6_IPR045860_1_117-204,Ly6,multimer,genus:Podarcis,72-95
A0AA47M7D6_IPR016054_2_89-176,Ly6,multimer,genus:Merluccius,72-95
A0AA88MEW4_IPR016054_1_19-112,Ly6,monomer,genus:Channa,72-95
A0AA97KF04_IPR045860_2_117-205,Ly6,multimer,genus:Eublepharis,72-95
A0AAD1WMX7_IPR045860_2_117-205,Ly6,multimer,genus:Pelobates,72-95
A0AAD4TXV5_IPR016054_2_165-257,Ly6,multimer,genus:Ovis,72-95
A0AAE0QEP9_IPR045860_2_1-90,Ly6,multimer,genus:Hemibagrus,72-95
A0AAV2LDQ2_IPR045860_1_24-99,Ly6,monomer,genus:Knipowitschia,72-95
A0AAV2ZW81_IPR045860_1_18-103,Ly6,multimer,genus:Pyxicephalus,72-95
A0AAV6Z9D0_IPR016054_1_39-130,Ly6,multimer,genus:Engystomops,72-95
A0AAV6ZJD0_IPR045860_1_113-195,Ly6,multimer,genus:Engystomops,72-95
A0AAV7PWX0_IPR016054_2_30-123,Ly6,multimer,genus:Pleurodeles,72-95
A0AAV7Q2B0_IPR016054_1_20-110,Ly6,multimer,genus:Pleurodeles,72-95
A0AAV9S2C3_IPR016054_2_20-104,Ly6,multimer,genus:Crenichthys,72-95
A0AAW0IKT0_IPR016054_1_25-108,none,monomer,order:Rodentia,72-95
A0AAW0P4L4_IPR016054_2_360-460,Ly6,mixture,genus:Mugilogobius,95-117
A0AAW1EWE4_IPR045860_1_19-105,Ly6,monomer,genus:Zoarces,72-95
A0AAY5KP56_IPR016054_1_97-179,none,monomer,genus:Esox,72-95
G3IIX3_IPR016054_1_19-98,Ly6,monomer,genus:Cricetulus,72-95
G3UAV3_IPR016054_1_27-106,Ly6,multimer,genus:Loxodonta,72-95
H9H633_IPR045860_2_24-112,mixture,multimer,class:Mammalia,72-95
K7GCK0_IPR045860_2_112-188,Ly6,multimer,genus:Pelodiscus,72-95
M0QX27_IPR016054_1_10-78,Ly6,monomer,class:Mammalia,72-95
P35460_IPR051445_1_2-134,mixture,monomer,genus:Mus,117-140
Q4RI68_IPR045860_1_37-122,Ly6,monomer,class:Actinopteri,72-95
Q8R2S8_IPR016054_3_319-395,mixture,multimer,genus:Mus,72-95
Q9DAP4_IPR016054_1_47-141,Ly6,monomer,genus:Mus,95-117
Q9WU67_IPR051445_1_2-133,mixture,monomer,genus:Mus,117-140
W5NPQ3_IPR045860_2_24-111,Ly6,multimer,genus:Ovis,72-95
A0A1L6ZA41_IPR026524_1_10-69,none,monomer,genus:Mus,50-72
A0A851LDI0_IPR039457_1_2-157,none,monomer,genus:Corythaeola,140-162
A0A8B9GX94_IPR039457_1_14-99,Ly6,monomer,genus:Astyanax,72-95
A0A9D3PRJ1_IPR039457_1_135-293,Ly6,monomer,class:Actinopteri,140-162
A0AAD9DYH2_IPR039457_1_47-98,none,monomer,genus:Electrophorus,50-72
A0AAV8YJG7_IPR039457_1_1-71,none,monomer,genus:Aromia,50-72
A0AAZ3SIK2_IPR039457_1_25-153,Ly6,monomer,genus:Oncorhynchus,117-140
V8NUM5_IPR039457_1_4-166,mostly_Ly6,monomer,phylum:Chordata,162-185
A0A0K2T677_IPR045860_1_21-108,none,monomer,genus:Lepeophtheirus,72-95
A0A0L7L4I8_IPR045860_1_4-70,none,monomer,class:Insecta,50-72
A0A0N5DCB1_IPR031424_1_23-113,mixture,monomer,order:Rhabditida,72-95
A0A1B6EBK2_IPR031424_1_23-120,none,monomer,genus:Clastoptera,95-117
A0A1D1W725_IPR031424_1_26-112,Quiver,monomer,genus:Ramazzottius,72-95
A0A1I8MPU8_IPR031424_1_23-125,none,monomer,genus:Musca,95-117
A0A1J1HDY4_IPR031424_1_25-109,none,multimer,genus:Clunio,72-95
A0A1S3IXC4_IPR031424_1_26-106,Quiver,monomer,genus:Lingula,72-95
A0A1W0WGB5_IPR031424_1_24-106,Ly6,monomer,genus:Hypsibius,72-95
A0A1W4XHJ0_IPR031424_1_32-126,none,monomer,genus:Agrilus,72-95
A0A1Y1LZ19_IPR045860_1_17-108,Quiver,monomer,genus:Photinus,72-95
A0A1Z5LDF1_IPR031424_1_68-158,mixture,monomer,order:Ixodida,72-95
A0A226CXW4_IPR031424_1_209-319,none,monomer,genus:Folsomia,95-117
A0A2K8JML4_IPR031424_1_22-151,none,monomer,genus:Pristhesancus,117-140
A0A423TWU9_IPR045860_1_13-116,none,monomer,genus:Penaeus,95-117
A0A482VFZ6_IPR045860_1_1-94,none,monomer,genus:Asbolus,72-95
A0A4U5PC55_IPR045860_1_17-110,none,monomer,genus:Steinernema,72-95
A0A5N4A6E8_IPR045860_1_22-104,none,monomer,genus:Photinus,72-95
A0A653BWG8_IPR031424_1_23-111,none,monomer,genus:Callosobruchus,72-95
A0A6A4JX89_IPR031424_1_25-120,none,monomer,genus:Apolygus,95-117
A0A6A5HDZ5_IPR031424_1_13-96,mixture,monomer,genus:Caenorhabditis,72-95
A0A6P9ACW3_IPR031424_1_27-118,Scoloptoxin,monomer,genus:Thrips,72-95
A0A7G3AD51_IPR045860_1_18-100,none,monomer,genus:Lutzomyia,72-95
A0A7I8WCV1_IPR031424_1_22-99,Quiver,monomer,genus:Dimorphilus,72-95
A0A7J7KIS2_IPR031424_1_22-118,Quiver,monomer,genus:Bugula,95-117
A0A7M7JZ76_IPR031424_1_34-122,none,monomer,genus:Varroa,72-95
A0A7R8ZQG5_IPR031424_1_55-166,none,monomer,genus:Cyprideis,95-117
A0A7R9FTR7_IPR031424_1_102-203,none,monomer,genus:Darwinula,95-117
A0A813SI35_IPR031424_1_23-131,Quiver,monomer,genus:Brachionus,95-117
A0A815UUC7_IPR031424_1_11-96,none,monomer,genus:Adineta,72-95
A0A816Y9I2_IPR031424_1_23-135,Quiver,monomer,genus:Rotaria,95-117
A0A8B6HP83_IPR031424_1_24-102,none,monomer,genus:Mytilus,72-95
A0A8B7YZ20_IPR045860_1_19-106,none,monomer,genus:Acanthaster,72-95
A0A8J6HUK5_IPR031424_1_25-111,mixture,mixture,family:Tenebrionidae,72-95
A0A8K0DCZ5_IPR031424_1_22-127,Quiver,monomer,genus:Ignelater,95-117
A0A8S1DL92_IPR031424_1_27-148,none,monomer,genus:Cloeon,117-140
A0A8S3ZZ99_IPR045860_1_32-118,none,monomer,order:Stylommatophora,72-95
A0A8W7JAW5_IPR031424_1_11-108,none,monomer,genus:Anopheles,95-117
A0A915EBC9_IPR031424_1_41-138,none,monomer,genus:Ditylenchus,95-117
A0A922L8M5_IPR031424_1_34-127,none,monomer,order:Sarcoptiformes,95-117
A0A9D4DL09_IPR031424_1_79-155,none,monomer,genus:Dreissena,72-95
A0A9P0AEQ5_IPR031424_1_28-124,none,monomer,genus:Bemisia,95-117
A0A9P0CUQ1_IPR031424_1_6-72,none,monomer,genus:Psylliodes,50-72
A0A9P0G9Z1_IPR031424_1_21-136,none,monomer,genus:Psylliodes,95-117
A0A9Q0NB28_IPR031424_2_116-210,none,mixture,order:Diptera,95-117
A0A9R1T5X9_IPR045860_1_75-167,none,monomer,genus:Fopius,72-95
A0A9X6RMU7_IPR045860_1_25-110,Quiver,monomer,genus:Hypsibius,72-95
A0AA36FV72_IPR031424_1_24-145,none,monomer,genus:Mesorhabditis,117-140
A0AA38MSV0_IPR031424_1_19-139,none,monomer,genus:Zophobas,117-140
A0AAD8AH07_IPR031424_1_22-112,none,monomer,genus:Diploptera,72-95
A0AAD9K860_IPR031424_1_25-121,none,monomer,genus:Paralvinella,95-117
A0AAE0S1E1_IPR031424_1_24-121,none,monomer,family:Unionidae,95-117
A0AAJ7FHC9_IPR031424_1_22-154,none,monomer,genus:Cephus,117-140
A0AAN7PR60_IPR031424_1_28-143,none,monomer,genus:Aquatica,95-117
A0AAN8K0C4_IPR031424_1_16-102,Quiver,monomer,genus:Patella,72-95
A0AAV2I1U1_IPR031424_1_31-116,none,monomer,genus:Lymnaea,72-95
A0AAV2S4P3_IPR031424_1_361-452,none,monomer,genus:Meganyctiphanes,72-95
A0AAV8Z012_IPR031424_1_28-131,none,monomer,genus:Aromia,95-117
A0AAW1L5B9_IPR031424_1_17-122,Quiver,monomer,genus:Popillia,95-117
A0ABD3XUC7_IPR031424_1_24-101,none,monomer,genus:Sinanodonta,72-95
B3NKX1_IPR031424_1_24-130,none,monomer,genus:Drosophila,95-117
B4MTR5_IPR031424_1_26-181,none,monomer,genus:Drosophila,140-162
V5GQZ5_IPR031424_1_11-83,none,monomer,genus:Anoplophora,72-95
A0A016SMQ3_IPR045860_1_540-604,none,monomer,order:Rhabditida,50-72
A0A085NF51_IPR045860_1_39-131,none,monomer,genus:Trichuris,72-95
A0A0A0QU64_IPR045860_1_81-163,mixture,mixture,family:Salamandridae,72-95
A0A0B1SB51_IPR045860_1_18-91,none,monomer,genus:Oesophagostomum,72-95
A0A0B2VD14_IPR045860_1_24-134,Ly6,monomer,genus:Toxocara,95-117
A0A0B8RPP0_IPR045860_2_14-111,none,multimer,genus:Philothamnus,95-117
A0A0K0DVW0_IPR045860_1_14-75,none,monomer,order:Rhabditida,50-72
A0A0K2T5M7_IPR045860_1_24-106,Quiver,mixture,genus:Lepeophtheirus,72-95
A0A0M3I826_IPR045860_1_15-78,mixture,monomer,family:Ascarididae,50-72
A0A0N4T0S1_IPR045860_1_27-123,none,monomer,order:Rhabditida,95-117
A0A0N4YJN4_IPR045860_1_25-137,none,monomer,genus:Nippostrongylus,95-117
A0A0U2V787_IPR045860_1_22-94,none,monomer,genus:Pseudodiaptomus,72-95
A0A1A9WJF2_IPR045860_1_20-114,none,monomer,genus:Glossina,72-95
A0A1B0ETQ7_IPR045860_1_76-154,none,monomer,genus:Lutzomyia,72-95
A0A1D1UYT9_IPR045860_1_21-129,none,monomer,genus:Ramazzottius,95-117
A0A1I7ZC28_IPR045860_1_40-108,none,monomer,genus:Steinernema,50-72
A0A1L8ENK0_IPR045860_1_18-136,none,monomer,order:Anura,117-140
A0A1S3JQ41_IPR045860_1_17-113,none,monomer,genus:Lingula,95-117
A0A1Y1LG84_IPR045860_1_35-135,none,monomer,family:Lampyridae,95-117
A0A210Q0S8_IPR045860_1_34-132,none,monomer,genus:Mizuhopecten,95-117
A0A224XES3_IPR045860_1_23-113,none,monomer,genus:Panstrongylus,72-95
A0A267DTN5_IPR045860_1_32-86,Ly6,monomer,genus:Macrostomum,50-72
A0A2A2J7T9_IPR045860_1_69-123,Ly6,monomer,genus:Diploscapter,50-72
A0A2A6B6L1_IPR045860_1_100-180,none,monomer,genus:Pristionchus,72-95
A0A2G5TCF7_IPR045860_2_191-282,none,multimer,genus:Caenorhabditis,72-95
A0A2G9QHY6_IPR045860_1_6-90,Ly6,monomer,genus:Aquarana,72-95
A0A2J7QX46_IPR045860_1_41-138,none,monomer,order:Blattodea,95-117
A0A2W1BHD5_IPR045860_1_359-436,mixture,monomer,family:Noctuidae,72-95
A0A341AXL4_IPR045860_1_30-95,none,monomer,order:Artiodactyla,50-72
A0A3B3D7E5_IPR045860_1_25-138,none,monomer,genus:Oryzias,95-117
A0A3B3RBB8_IPR045860_1_19-114,none,monomer,genus:Paramormyrops,95-117
A0A3B4TEK2_IPR045860_1_19-81,Ly6,monomer,genus:Seriola,50-72
A0A3B4ZML2_IPR045860_1_15-89,none,monomer,genus:Stegastes,72-95
A0A3M7P4A5_IPR045860_1_37-94,Ly6,monomer,genus:Brachionus,50-72
A0A3P8WFJ1_IPR045860_1_22-94,none,monomer,genus:Cynoglossus,72-95
A0A3P9LH33_IPR045860_1_40-118,Ly6,monomer,genus:Oryzias,72-95
A0A3Q2PI09_IPR045860_1_17-90,Ly6,monomer,order:Cyprinodontiformes,72-95
A0A3Q2YWJ0_IPR045860_1_8-63,Ly6,monomer,genus:Hippocampus,50-72
A0A3S2PEC3_IPR045860_1_12-78,Ly6,monomer,genus:Oryzias,50-72
A0A401Q5N6_IPR045860_2_131-213,none,mixture,class:Chondrichthyes,72-95
A0A4U5M493_IPR045860_1_38-124,Ly6,monomer,genus:Steinernema,72-95
A0A4U8UQB3_IPR045860_1_22-118,none,monomer,genus:Steinernema,95-117
A0A4W6CA19_IPR045860_1_1-61,Ly6,monomer,genus:Lates,50-72
A0A553PRN8_IPR045860_1_52-129,Quiver,monomer,genus:Tigriopus,72-95
A0A5A9NJJ7_IPR045860_2_45-156,none,multimer,genus:Triplophysa,95-117
A0A5N5SJL5_IPR045860_1_46-148,none,monomer,genus:Armadillidium,95-117
A0A653DKT9_IPR045860_1_26-105,none,monomer,family:Chrysomelidae,72-95
A0A671NB32_IPR045860_1_16-104,none,monomer,genus:Sinocyclocheilus,72-95
A0A671U751_IPR045860_1_10-67,none,monomer,genus:Sparus,50-72
A0A673M2A3_IPR045860_1_29-111,none,monomer,genus:Sinocyclocheilus,72-95
A0A6A4S5S0_IPR045860_1_113-179,none,monomer,genus:Scophthalmus,50-72
A0A6H5IH71_IPR045860_1_1565-1668,none,monomer,order:Hymenoptera,95-117
A0A6J1NZ72_IPR045860_1_35-110,none,monomer,genus:Bicyclus,72-95
A0A6J2XV04_IPR045860_1_19-114,none,monomer,genus:Sitophilus,95-117
A0A6J3S1X1_IPR045860_1_173-223,none,mixture,class:Mammalia,50-72
A0A6L2PIK0_IPR045860_1_2-99,none,monomer,genus:Coptotermes,95-117
A0A6P4Y6G9_IPR045860_1_21-90,none,monomer,genus:Branchiostoma,50-72
A0A6P5KSV5_IPR045860_1_37-152,none,monomer,class:Mammalia,95-117
A0A6P7GYV1_IPR045860_1_9-109,none,monomer,genus:Diabrotica,95-117
A0A6P8HVW3_IPR045860_1_18-112,mixture,monomer,genus:Actinia,72-95
A0A6P9DF78_IPR045860_1_161-251,Ly6,monomer,genus:Pantherophis,72-95
A0A6V7LM87_IPR045860_1_10-69,none,monomer,genus:Bracon,50-72
A0A7M7PRY2_IPR045860_1_23-123,none,monomer,order:Camarodonta,95-117
A0A7R8YPX7_IPR045860_1_112-189,none,monomer,order:Diptera,72-95
A0A7R9PI72_IPR045860_1_69-129,none,monomer,genus:Timema,50-72
A0A813S6J9_IPR045860_1_22-84,none,monomer,genus:Adineta,50-72
A0A814AEI0_IPR045860_1_31-113,Quiver,monomer,genus:Rotaria,72-95
A0A814TN66_IPR045860_1_28-106,none,monomer,class:Eurotatoria,72-95
A0A815TRF0_IPR045860_1_21-109,none,monomer,genus:Adineta,72-95
A0A834N4D6_IPR045860_1_39-136,none,monomer,genus:Vespula,95-117
A0A898IKH0_IPR045860_1_12-74,3FTx,monomer,genus:Calliophis,50-72
A0A8B6CS77_IPR045860_2_99-175,none,multimer,genus:Mytilus,72-95
A0A8C4N7W8_IPR045860_1_1-66,none,monomer,genus:Eptatretus,50-72
A0A8C5MWC2_IPR045860_1_13-99,SPF,multimer,genus:Leptobrachium,72-95
A0A8C5QCK5_IPR045860_2_186-296,none,multimer,genus:Leptobrachium,95-117
A0A8C6U434_IPR045860_1_20-91,Ly6,monomer,family:Gobiidae,72-95
A0A8C6VZ62_IPR045860_2_6-67,none,multimer,genus:Nothobranchius,50-72
A0A8C9JH24_IPR045860_1_16-78,none,monomer,genus:Panthera,50-72
A0A8C9RNT0_IPR045860_1_14-113,none,monomer,genus:Scleropages,95-117
A0A8C9SVR4_IPR045860_1_2-79,none,monomer,genus:Scleropages,72-95
A0A8D1F966_IPR045860_1_22-94,none,monomer,genus:Sus,72-95
A0A8D2IVU9_IPR045860_1_23-125,none,monomer,genus:Varanus,95-117
A0A8I6TGV3_IPR045860_1_38-140,none,monomer,order:Hemiptera,95-117
A0A8J1JXH9_IPR045860_2_19-111,Ly6,multimer,genus:Xenopus,72-95
A0A8J6H8S7_IPR045860_1_527-615,Quiver,monomer,genus:Tenebrio,72-95
A0A8K0DBE9_IPR045860_1_14-117,none,monomer,order:Coleoptera,95-117
A0A8S1D626_IPR045860_1_31-127,none,monomer,genus:Cloeon,95-117
A0A8T0FTV2_IPR045860_1_20-120,none,monomer,genus:Argiope,95-117
A0A8W8J872_IPR045860_1_62-157,none,mixture,genus:Magallana,95-117
A0A8W8KEV3_IPR045860_1_26-104,none,monomer,family:Ostreidae,72-95
A0A8W8MAK2_IPR045860_1_25-135,none,monomer,family:Ostreidae,95-117
A0A8X8BQQ6_IPR045860_1_125-213,none,monomer,genus:Polypterus,72-95
A0A913ZMG3_IPR045860_1_25-105,none,monomer,genus:Patiria,72-95
A0A914C3M5_IPR045860_1_17-101,none,monomer,genus:Acrobeloides,72-95
A0A914FT22_IPR045860_1_15-100,none,monomer,genus:Panagrolaimus,72-95
A0A914J847_IPR045860_1_54-159,none,monomer,family:Panagrolaimidae,95-117
A0A914T657_IPR045860_1_55-166,none,monomer,genus:Panagrolaimus,95-117
A0A914WEW9_IPR045860_1_43-136,none,monomer,genus:Plectus,72-95
A0A915BQA6_IPR045860_1_18-98,none,monomer,order:Rhabditida,72-95
A0A9D3S1X2_IPR045860_1_28-109,none,monomer,order:Anguilliformes,72-95
A0A9D4DPA1_IPR045860_1_37-118,none,monomer,genus:Dreissena,72-95
A0A9D4JF24_IPR045860_1_228-293,none,monomer,genus:Dreissena,50-72
A0A9D4SKQ2_IPR045860_1_28-117,none,monomer,order:Sarcoptiformes,72-95
A0A9J7JPB2_IPR045860_1_54-133,none,monomer,family:Cricetidae,72-95
A0A9P0FR34_IPR045860_1_15-120,none,monomer,genus:Brassicogethes,95-117
A0A9P0LI66_IPR045860_1_23-120,none,monomer,genus:Acanthoscelides,95-117
A0A9P1HUP2_IPR045860_1_96-187,none,monomer,genus:Auanema,72-95
A0A9Q0S456_IPR045860_1_123-201,none,monomer,genus:Pseudolycoriella,72-95
A0A9Q1BF43_IPR045860_1_25-125,none,monomer,genus:Holothuria,95-117
A0A9Q1JCL9_IPR045860_1_40-122,none,monomer,genus:Synaphobranchus,72-95
A0A9W9Z5X3_IPR045860_1_25-107,SPF,monomer,genus:Desmophyllum,72-95
A0A9X0A6N9_IPR045860_1_22-111,none,multimer,genus:Desmophyllum,72-95
A0AA36DPI2_IPR045860_1_21-87,none,monomer,order:Rhabditida,50-72
A0AA36GTI4_IPR045860_1_17-83,none,monomer,genus:Cylicocyclus,50-72
A0AA39IQY9_IPR045860_1_23-103,Ly6,monomer,genus:Steinernema,72-95
A0AA88I8T3_IPR045860_1_24-106,none,monomer,genus:Artemia,72-95
A0AA97KGB0_IPR045860_1_83-147,SPF,monomer,genus:Eublepharis,50-72
A0AAD1T3T4_IPR045860_1_121-202,SPF,monomer,genus:Pelobates,72-95
A0AAD8AHT8_IPR045860_1_40-142,none,monomer,genus:Diploptera,95-117
A0AAD9K836_IPR045860_1_33-114,Quiver,monomer,genus:Paralvinella,72-95
A0AAD9QQ55_IPR045860_1_17-111,Ly6,monomer,genus:Acropora,72-95
A0AAE0TKU0_IPR045860_1_28-129,none,monomer,family:Unionidae,95-117
A0AAE1B955_IPR045860_1_18-110,none,monomer,genus:Elysia,72-95
A0AAF3EKM5_IPR045860_1_17-89,none,monomer,genus:Mesorhabditis,72-95
A0AAJ6VZH1_IPR045860_1_21-118,none,monomer,genus:Galendromus,95-117
A0AAJ7TTH4_IPR045860_1_22-105,none,monomer,genus:Petromyzon,72-95
A0AAN5CER7_IPR045860_1_17-89,none,monomer,genus:Pristionchus,72-95
A0AAN8G930_IPR045860_1_31-95,none,monomer,order:Rhabditida,50-72
A0AAN8ZZ26_IPR045860_1_38-146,none,monomer,order:Decapoda,95-117
A0AAN9GJ56_IPR045860_1_29-112,none,monomer,genus:Littorina,72-95
A0AAN9Y4I6_IPR045860_1_3-85,none,monomer,genus:Parthenolecanium,72-95
A0AAR5Q118_IPR045860_1_5-94,none,monomer,genus:Dendroctonus,72-95
A0AAU9XD26_IPR045860_1_19-106,none,monomer,genus:Pocillopora,72-95
A0AAV1NY71_IPR045860_2_226-300,mixture,mixture,genus:Scomber,72-95
A0AAV2IEE1_IPR045860_1_24-108,Quiver,monomer,genus:Lymnaea,72-95
A0AAV2RSX4_IPR045860_1_63-119,none,monomer,genus:Meganyctiphanes,50-72
A0AAV6H543_IPR045860_1_29-107,none,monomer,genus:Alosa,72-95
A0AAV6ZI86_IPR045860_1_18-103,SPF,monomer,genus:Engystomops,72-95
A0AAV7KLX5_IPR045860_1_41-119,none,monomer,genus:Pleurodeles,72-95
A0AAV8VD60_IPR045860_1_5-82,none,monomer,genus:Exocentrus,72-95
A0AAV9RSZ0_IPR045860_1_20-126,none,monomer,order:Cyprinodontiformes,95-117
A0AAW0MNR8_IPR045860_1_7-65,Ly6,monomer,genus:Mugilogobius,50-72
A0AAW0PTJ3_IPR045860_1_81-156,none,monomer,genus:Mugilogobius,72-95
A0AAW0WGJ7_IPR045860_1_71-169,Ly6,monomer,genus:Cherax,95-117
A0AAW1AXJ7_IPR045860_1_17-75,Ly6,monomer,genus:Crotalus,50-72
A0AAW1IT40_IPR045860_1_28-126,none,monomer,genus:Popillia,95-117
A0AAW1UM21_IPR045860_1_23-102,Ly6,monomer,genus:Henosepilachna,72-95
A0AAX6SB66_IPR045860_1_334-422,none,mixture,genus:Heterocephalus,72-95
A0AAY4E0G3_IPR045860_1_25-141,none,monomer,genus:Denticeps,95-117
A0ABD0KYM7_IPR045860_1_25-112,none,monomer,genus:Batillaria,72-95
A0ABD0XYJ7_IPR045860_1_37-143,none,monomer,class:Actinopteri,95-117
A0ABD2ARJ2_IPR045860_1_39-136,none,monomer,genus:Vespula,95-117
A0ABD2LKZ3_IPR045860_1_70-190,none,monomer,genus:Heterodera,117-140
A0ABD2XGH3_IPR045860_1_42-140,none,monomer,genus:Trichogramma,95-117
A0ABD6E8Y7_IPR045860_1_16-103,none,monomer,genus:Gnathostoma,72-95
A7RU86_IPR045860_1_36-131,none,monomer,genus:Nematostella,95-117
D6WXR6_IPR045860_1_19-102,none,monomer,genus:Tribolium,72-95
G3WC46_IPR045860_1_14-95,none,monomer,genus:Sarcophilus,72-95
H2Y970_IPR045860_1_50-140,none,monomer,genus:Ciona,72-95
H3A498_IPR045860_1_36-150,none,monomer,genus:Latimeria,95-117
J9EN90_IPR045860_1_28-120,none,monomer,order:Rhabditida,72-95
K1RXF0_IPR045860_1_16-71,none,monomer,genus:Magallana,50-72
Q9UAG0_IPR045860_1_135-224,none,multimer,genus:Ephydatia,72-95
R7TDA4_IPR045860_1_31-135,none,monomer,genus:Capitella,95-117
T1GSV7_IPR045860_1_34-135,none,monomer,genus:Megaselia,95-117
T1PKH2_IPR045860_1_1-87,none,monomer,genus:Musca,95-117
V3Z204_IPR045860_1_1-56,none,monomer,genus:Lottia,50-72
V8P2M5_IPR045860_1_10-63,Ly6,monomer,genus:Ophiophagus,50-72
Centipede3FTx_0020_1255758,manually_annotated,monomer,class:Chilopoda,50-72
Centipede3FTx_0052_1255758,manually_annotated,monomer,class:Chilopoda,95-117
Centipede3FTx_0116_1255758,manually_annotated,monomer,class:Chilopoda,95-117
Centipede3FTx_0148_60158,mixture,monomer,class:Chilopoda,72-95
I3MRR0_IPR042339_1_5-131,Ly6,monomer,genus:Ictidomys,117-140
A0A346CLY7_IPR045860_1_13-86,3FTx,monomer,genus:Ahaetulla,72-95
A0A898ILL6_IPR045860_1_12-81,3FTx,monomer,genus:Calliophis,50-72
A0A898IPP4_IPR045860_1_12-84,3FTx,monomer,genus:Calliophis,72-95
A0AA50P0P5_IPR045860_1_35-108,3FTx,monomer,genus:Oxybelis,72-95
F8J2E9_IPR045860_1_22-94,none,monomer,genus:Drysdalia,72-95
P25497_IPR045860_1_22-83,mixture,monomer,order:Squamata,50-72
P58370_IPR045860_1_12-86,none,monomer,genus:Micrurus,72-95
A0A210QB00_IPR016054_2_281-363,none,multimer,genus:Mizuhopecten,72-95
A0A2I0TVD9_IPR045860_1_8-59,none,monomer,genus:Limosa,50-72
A0A3B4D3N9_IPR016054_1_113-193,Ly6,multimer,genus:Pygocentrus,72-95
A0A3B5MB32_IPR045860_2_5-54,Ly6,multimer,genus:Xiphophorus,50-72
A0A3M7SEF5_IPR016054_2_106-185,Ly6,multimer,genus:Brachionus,72-95
A0A3P8V8D3_IPR016054_1_115-196,Ly6,multimer,genus:Cynoglossus,72-95
A0A3P9NFM1_IPR016054_2_18-109,Ly6,multimer,genus:Poecilia,72-95
A0A498MKX1_IPR016054_1_1330-1404,mixture,multimer,family:Cyprinidae,72-95
A0A663LQS5_IPR016054_1_15-104,Ly6,monomer,genus:Athene,72-95
A0A671Y608_IPR045860_1_13-83,none,monomer,genus:Sparus,50-72
A0A672QSN4_IPR016054_2_110-182,Ly6,mixture,family:Cyprinidae,72-95
A0A6B9MQK1_IPR045860_1_1-80,none,monomer,family:Ostreidae,72-95
A0A6G1PNI3_IPR016054_2_115-197,Ly6,multimer,genus:Channa,72-95
A0A6J0V7K1_IPR045860_1_21-100,none,monomer,genus:Pogona,72-95
A0A7N4UXV2_IPR016054_1_21-108,Ly6,monomer,genus:Sarcophilus,72-95
A0A813MQH7_IPR045860_1_8-81,none,monomer,genus:Brachionus,72-95
A0A814DVU7_IPR045860_1_19-98,none,monomer,genus:Brachionus,72-95
A0A835NMH4_IPR045860_2_101-189,mixture,multimer,genus:Lamprotornis,72-95
A0A8B6DF61_IPR045860_1_105-184,none,mixture,genus:Mytilus,72-95
A0A8C2K1G7_IPR045860_1_34-92,none,multimer,genus:Cyprinus,50-72
A0A8C2TIV6_IPR016054_1_21-111,Ly6,mixture,genus:Coturnix,72-95
A0A8C3XST4_IPR045860_1_74-128,none,monomer,genus:Chelydra,50-72
A0A8C4TDL5_IPR045860_8_117-194,Ly6,multimer,genus:Erpetoichthys,72-95
A0A8C6P8G6_IPR016054_2_147-229,Ly6,multimer,genus:Nothobranchius,72-95
A0A8C9BHX2_IPR016054_1_21-111,Ly6,monomer,order:Artiodactyla,72-95
A0A8D0D312_IPR016054_1_18-111,Ly6,multimer,genus:Sander,72-95
A0A8J6EBD4_IPR045860_1_28-106,Ly6,monomer,genus:Eleutherodactylus,72-95
A0A974CFN9_IPR045860_1_14-110,none,monomer,genus:Xenopus,95-117
A0A9D3MXT3_IPR045860_1_25-104,none,monomer,genus:Anguilla,72-95
A0A9D4ILY2_IPR045860_1_122-202,none,monomer,genus:Dreissena,72-95
A0A9P1MHM6_IPR045860_1_15-75,none,monomer,genus:Auanema,50-72
A0A9Q9VE66_IPR035076_1_21-88,mixture,multimer,genus:Cyprinus,50-72
A0AA35LGU7_IPR045860_1_16-92,none,monomer,genus:Podarcis,72-95
A0AA40HII2_IPR045860_1_20-110,mixture,monomer,class:Mammalia,72-95
A0AA88MBL2_IPR016054_4_175-262,Ly6,multimer,genus:Channa,72-95
A0AA88Q6Y7_IPR045860_4_281-357,Ly6,multimer,genus:Cirrhinus,72-95
A0AAV1NLF8_IPR016054_1_111-192,Ly6,multimer,genus:Scomber,72-95
A0AAV5T4I4_IPR045860_1_8-88,none,monomer,genus:Pristionchus,72-95
A0AAV6YQA4_IPR045860_1_1-80,none,monomer,genus:Engystomops,72-95
A0AAV7V4U8_IPR016054_1_21-104,Ly6,monomer,genus:Pleurodeles,72-95
A0AAW0PGP5_IPR016054_4_112-194,Ly6,multimer,genus:Mugilogobius,72-95
A0AAW1Z0Q7_IPR016054_2_18-101,Ly6,multimer,genus:Culter,72-95
A0ABD1J035_IPR045860_2_109-186,none,multimer,order:Clupeiformes,72-95
L8IHN5_IPR045860_1_47-131,mixture,monomer,order:Artiodactyla,72-95
A0A0A0QTC6_IPR016054_1_5-56,Ly6,multimer,genus:Cynops,50-72
A0A0B5H6P8_IPR045860_2_18-107,Ly6,multimer,genus:Lissotriton,72-95
A0A0D9S1E6_IPR016054_3_214-298,none,multimer,genus:Chlorocebus,72-95
A0A125S9L3_IPR045860_1_16-106,Ly6,multimer,genus:Ambystoma,72-95
A0A151M3T1_IPR045860_2_344-429,mixture,mixture,genus:Alligator,72-95
A0A151N8B9_IPR045860_1_19-112,Ly6,multimer,genus:Alligator,72-95
A0A1D1W3W2_IPR045860_1_30-118,Ly6,monomer,genus:Ramazzottius,72-95
A0A1U7RCJ8_IPR016054_1_21-98,Ly6,monomer,genus:Mesocricetus,72-95
A0A210PIL5_IPR016054_2_139-215,Ly6,multimer,genus:Mizuhopecten,72-95
A0A315UU21_IPR016054_1_1-95,Ly6,monomer,genus:Gambusia,72-95
A0A340XBE4_IPR045860_2_120-199,mixture,mixture,order:Artiodactyla,72-95
A0A384DMP5_IPR051445_1_2-138,Ly6,monomer,family:Ursidae,117-140
A0A401Q2V9_IPR045860_1_6-92,Ly6,monomer,genus:Scyliorhinus,72-95
A0A4S2M5A7_IPR045860_1_21-96,Ly6,monomer,genus:Opisthorchis,72-95
A0A4U5VJI3_IPR045860_2_175-259,Ly6,multimer,genus:Collichthys,72-95
A0A4Z2GUW5_IPR016054_1_20-87,Ly6,monomer,genus:Liparis,50-72
A0A513ZV83_IPR045860_2_118-198,Ly6,multimer,genus:Nyctibatrachus,72-95
A0A670INN8_IPR045860_2_17-104,Ly6,multimer,genus:Podarcis,72-95
A0A672HY65_IPR045860_1_120-170,Ly6,multimer,genus:Salarias,50-72
A0A6G1QXR7_IPR045860_1_4-90,Ly6,monomer,genus:Channa,72-95
A0A6I9XAK4_IPR016054_1_25-105,none,monomer,order:Squamata,72-95
A0A6J0V6A5_IPR016054_1_52-120,Ly6,multimer,genus:Pogona,50-72
A0A6J2WNZ6_IPR045860_1_18-105,Ly6,monomer,genus:Chanos,72-95
A0A6J3QC44_IPR016054_2_127-210,Ly6,mixture,order:Artiodactyla,72-95
A0A803K3X8_IPR045860_4_114-171,Ly6,multimer,genus:Xenopus,50-72
A0A8B6GDK9_IPR016054_1_121-203,Ly6,multimer,genus:Mytilus,72-95
A0A8C0G175_IPR045860_2_6-79,Ly6,multimer,genus:Chelonoidis,72-95
A0A8C2VUH6_IPR016054_1_27-108,mostly_Ly6,monomer,class:Mammalia,72-95
A0A8C5GDL9_IPR045860_1_19-106,Ly6,monomer,genus:Gouania,72-95
A0A8C5Q176_IPR045860_2_118-206,mixture,mixture,order:Anura,72-95
A0A8C5WIV8_IPR045860_1_13-97,Ly6,multimer,genus:Leptobrachium,72-95
A0A8C6EJY1_IPR016054_3_133-201,Ly6,multimer,genus:Microcebus,50-72
A0A8C6I338_IPR051445_1_2-113,Ly6,monomer,genus:Mus,95-117
A0A8C7CDA6_IPR016054_1_18-83,Ly6,multimer,genus:Oncorhynchus,50-72
A0A8C8XEJ2_IPR045860_1_26-107,mixture,mixture,class:Mammalia,72-95
A0A8C9PMB1_IPR016054_1_35-114,Ly6,multimer,genus:Spermophilus,72-95
A0A8D2JEB4_IPR016054_3_116-207,mixture,multimer,order:Squamata,72-95
A0A8D3AZU8_IPR045860_2_16-90,Ly6,multimer,genus:Scophthalmus,72-95
A0A8I3N466_IPR016054_2_1-69,Ly6,multimer,class:Mammalia,50-72
A0A8J6EGX2_IPR045860_1_113-196,Ly6,mixture,order:Anura,72-95
A0A8J6GU48_IPR016054_1_162-242,Ly6,multimer,genus:Microtus,72-95
A0A8T2IS85_IPR045860_2_5-97,Ly6,multimer,genus:Hymenochirus,72-95
A0A914F127_IPR045860_1_16-108,Ly6,monomer,genus:Panagrolaimus,72-95
A0A974CHI4_IPR045860_2_6-89,Ly6,multimer,genus:Xenopus,72-95
A0A9B0TVH8_IPR016054_1_134-212,Ly6,multimer,genus:Chrysochloris,72-95
A0A9D3M5V3_IPR016054_1_19-109,Ly6,monomer,genus:Anguilla,72-95
A0A9D4EIP6_IPR045860_2_46-122,none,multimer,genus:Dreissena,72-95
A0A9J7H3D6_IPR016054_1_17-75,Ly6,multimer,genus:Cricetulus,50-72
A0A9J7ZF81_IPR045860_1_54-124,Ly6,mixture,genus:Cyprinus,50-72
A0A9N7UA04_IPR016054_2_20-103,Ly6,multimer,genus:Pleuronectes,72-95
A0A9Q0X670_IPR045860_2_382-470,Ly6,multimer,genus:Phrynocephalus,72-95
A0A9W9YH78_IPR045860_1_27-119,Ly6,monomer,genus:Desmophyllum,72-95
A0AA35KMQ0_IPR045860_2_112-193,Ly6,multimer,genus:Podarcis,72-95
A0AA35KP78_IPR045860_2_141-225,Ly6,multimer,genus:Podarcis,72-95
A0AA35LGT7_IPR045860_3_210-288,Ly6,multimer,genus:Podarcis,72-95
A0AA35PD86_IPR045860_2_133-222,Ly6,multimer,genus:Podarcis,72-95
A0AA88MF98_IPR016054_1_112-198,Ly6,multimer,genus:Channa,72-95
A0AA97KF09_IPR045860_1_117-209,Ly6,multimer,genus:Eublepharis,72-95
A0AA97LG74_IPR045860_1_30-122,Ly6,multimer,genus:Eublepharis,72-95
A0AAD1WMY1_IPR016054_1_27-122,Ly6,multimer,genus:Pelobates,95-117
A0AAD9BB08_IPR045860_1_18-101,mixture,monomer,order:Perciformes,72-95
A0AAE0QEP9_IPR045860_3_91-167,mixture,mixture,genus:Hemibagrus,72-95
A0AAN9D1C7_IPR045860_2_18-105,mostly_Ly6,mixture,order:Cypriniformes,72-95
A0AAU9W6C4_IPR016054_2_33-130,Ly6,multimer,genus:Pocillopora,95-117
A0AAV2ZW81_IPR045860_2_112-198,Ly6,multimer,genus:Pyxicephalus,72-95
A0AAV6Z9D0_IPR016054_2_227-322,Ly6,multimer,genus:Engystomops,95-117
A0AAV6ZJD0_IPR045860_2_19-104,Ly6,multimer,genus:Engystomops,72-95
A0AAV6ZS73_IPR045860_1_111-163,Ly6,multimer,genus:Engystomops,50-72
A0AAV7PX52_IPR045860_1_12-101,Ly6,multimer,genus:Pleurodeles,72-95
A0AAV7Q2B0_IPR016054_2_207-296,Ly6,multimer,genus:Pleurodeles,72-95
A0AAW0MGA1_IPR045860_1_22-90,Ly6,monomer,genus:Mugilogobius,50-72
A0AAW0P4L4_IPR045860_3_190-276,Ly6,multimer,genus:Mugilogobius,72-95
A0AAW1AX84_IPR045860_3_2-64,Ly6,multimer,genus:Crotalus,50-72
A0ABD1J073_IPR045860_1_18-105,none,monomer,genus:Coilia,72-95
A6JYL1_IPR016054_1_26-101,Ly6,monomer,genus:Rattus,72-95
C3YU70_IPR016054_2_188-286,mixture,mixture,genus:Branchiostoma,72-95
D9IVG0_IPR016054_1_21-105,none,monomer,genus:Gekko,72-95
G1SZR0_IPR016054_2_136-212,Ly6,multimer,genus:Oryctolagus,72-95
G3UAV3_IPR045860_2_117-200,Ly6,multimer,genus:Loxodonta,72-95
Q4RLC0_IPR016054_1_22-102,none,monomer,family:Tetraodontidae,72-95
S7PM15_IPR016054_1_44-112,Ly6,mixture,genus:Myotis,50-72
A0A4D9DMT8_IPR026524_1_6-213,none,monomer,genus:Platysternon,207-230
A0A7J6ABJ2_IPR039457_1_5-164,Ly6,monomer,class:Actinopteri,140-162
A0A7L4K5S2_IPR039457_1_1-114,none,monomer,genus:Ceuthmochares,95-117
A0A851LGR1_IPR039457_1_1-132,none,monomer,genus:Corythaeola,117-140
A0A8C6QY14_IPR039457_1_14-173,Ly6,monomer,genus:Nannospalax,140-162
A0AA88Q2I8_IPR045860_2_39-120,mixture,mixture,class:Actinopteri,72-95
A0AAV9QSX5_IPR039457_1_4-166,mixture,monomer,order:Cyprinodontiformes,140-162
A0AAZ3SQJ2_IPR039457_1_20-153,Ly6,mixture,class:Actinopteri,117-140
A0A0N4TKB4_IPR045860_1_17-109,mixture,monomer,order:Rhabditida,72-95
A0A151WVE4_IPR031424_1_23-158,none,monomer,family:Formicidae,117-140
A0A183UDZ5_IPR031424_1_28-117,mixture,monomer,order:Rhabditida,72-95
A0A1B6MCX8_IPR031424_1_33-149,none,monomer,family:Cicadellidae,95-117
A0A1D1W7G6_IPR045860_1_23-106,none,monomer,genus:Ramazzottius,72-95
A0A1I7RPX6_IPR031424_1_39-177,mixture,monomer,genus:Bursaphelenchus,117-140
A0A1I8MSS9_IPR031424_1_3-139,none,monomer,genus:Musca,117-140
A0A1L8DQZ1_IPR045860_1_22-106,none,monomer,genus:Nyssomyia,72-95
A0A1S3D294_IPR045860_1_23-116,none,monomer,family:Psyllidae,72-95
A0A1W0WGF4_IPR045860_1_43-128,Quiver,monomer,genus:Hypsibius,72-95
A0A210PPN7_IPR031424_1_28-139,mixture,monomer,class:Bivalvia,95-117
A0A226CYR9_IPR031424_1_30-115,none,monomer,genus:Folsomia,72-95
A0A286P0W6_IPR031424_1_22-150,none,monomer,family:Reduviidae,117-140
A0A336LYX6_IPR045860_1_25-110,none,monomer,genus:Culicoides,72-95
A0A482VMV4_IPR031424_1_12-126,none,monomer,genus:Asbolus,95-117
A0A5E4Q3I3_IPR031424_1_19-96,none,monomer,genus:Leptidea,72-95
A0A653BYS3_IPR031424_1_19-136,none,monomer,family:Chrysomelidae,117-140
A0A6P7FVF5_IPR031424_1_27-113,none,monomer,genus:Diabrotica,72-95
A0A7I8WSK8_IPR031424_1_45-161,mixture,monomer,genus:Bursaphelenchus,95-117
A0A7J7KKG5_IPR031424_1_25-115,none,monomer,genus:Bugula,72-95
A0A7R8ZQK9_IPR031424_1_35-138,Quiver,monomer,genus:Cyprideis,95-117
A0A7R9NKN6_IPR031424_1_30-147,Quiver,monomer,genus:Argulus,117-140
A0A821FK46_IPR031424_1_21-111,mixture,monomer,genus:Rotaria,72-95
A0A834R5Q1_IPR031424_1_86-178,none,monomer,genus:Sarcoptes,72-95
A0A8B6HPL4_IPR031424_1_23-121,none,monomer,genus:Mytilus,95-117
A0A8B7Z252_IPR031424_1_6-132,mixture,monomer,order:Valvatida,117-140
A0A8J1TLI8_IPR031424_1_22-125,none,monomer,genus:Owenia,95-117
A0A8K0DDF4_IPR031424_1_23-117,none,monomer,genus:Ignelater,72-95
A0A8S1AYE2_IPR031424_1_46-146,none,monomer,genus:Arctia,95-117
A0A8S1DMD2_IPR031424_1_31-140,none,monomer,genus:Cloeon,95-117
A0A8S3UVL6_IPR031424_1_46-128,Quiver,monomer,genus:Mytilus,72-95
A0A8S4A3I3_IPR031424_1_1-93,none,monomer,genus:Candidula,72-95
A0A8W8N111_IPR031424_1_23-114,mixture,monomer,family:Ostreidae,72-95
A0A9D4DPE0_IPR031424_1_23-100,Quiver,monomer,genus:Dreissena,72-95
A0A9D4NCN5_IPR031424_1_24-91,Quiver,monomer,genus:Dreissena,50-72
A0A9J6C081_IPR031424_1_126-224,Quiver,monomer,genus:Polypedilum,95-117
A0A9N9TVK4_IPR045860_1_21-123,none,monomer,genus:Phyllotreta,95-117
A0A9P0AF79_IPR045860_1_26-120,none,monomer,genus:Bemisia,72-95
A0A9P0CUW1_IPR031424_1_27-126,none,monomer,genus:Psylliodes,95-117
A0A9P0PA47_IPR045860_1_18-101,mixture,monomer,family:Chrysomelidae,72-95
A0A9P1N9S6_IPR031424_1_20-111,none,monomer,genus:Caenorhabditis,72-95
A0A9Q0NFC2_IPR045860_1_43-127,none,monomer,genus:Pseudolycoriella,72-95
A0A9R1T603_IPR031424_1_26-117,none,monomer,order:Hymenoptera,72-95
A0A9X6RNH8_IPR031424_1_22-111,none,monomer,genus:Hypsibius,72-95
A0AA36FXT8_IPR031424_1_24-117,Quiver,monomer,genus:Mesorhabditis,72-95
A0AAD5PXM7_IPR031424_1_40-128,Quiver,monomer,genus:Daphnia,72-95
A0AAD9KAK2_IPR045860_1_6-101,none,monomer,phylum:Annelida,95-117
A0AAE0S2P7_IPR031424_1_24-114,mixture,monomer,family:Unionidae,72-95
A0AAE1DQ77_IPR031424_1_24-107,none,monomer,family:Plakobranchidae,72-95
A0AAN7PRQ5_IPR031424_1_118-250,none,monomer,genus:Aquatica,117-140
A0AAN9G719_IPR031424_1_26-104,mixture,monomer,genus:Littorina,72-95
A0AAV1L4T4_IPR031424_1_7-82,none,monomer,genus:Parnassius,72-95
A0AAV2SAX8_IPR031424_1_4-102,none,monomer,class:Malacostraca,95-117
A0AAV6U0T2_IPR045860_1_22-119,none,monomer,genus:Oedothorax,95-117
A0AAV8Z389_IPR031424_1_16-129,Quiver,monomer,genus:Aromia,95-117
A0AAW1LQD6_IPR031424_1_34-131,none,monomer,family:Scarabaeidae,95-117
A0ABD1EN74_IPR031424_1_27-146,none,monomer,genus:Hypothenemus,117-140
A0ABD2PB26_IPR031424_1_83-170,none,monomer,genus:Cryptolaemus,72-95
T1IU22_IPR045860_1_22-114,mixture,monomer,class:Chilopoda,95-117
V5GUT6_IPR031424_1_21-125,none,monomer,genus:Anoplophora,95-117
A0A016SMQ7_IPR045860_1_19-102,none,monomer,order:Rhabditida,72-95
A0A016WR52_IPR045860_1_23-107,none,monomer,order:Rhabditida,72-95
A0A060CQ75_IPR045860_1_22-106,none,monomer,genus:Pinctada,72-95
A0A0A0QU66_IPR045860_1_26-109,mixture,mixture,family:Salamandridae,72-95
A0A0B2VFY5_IPR045860_1_18-98,none,monomer,genus:Toxocara,72-95
A0A0D6MAI7_IPR045860_1_17-94,none,monomer,genus:Ancylostoma,72-95
A0A0E3N6B6_IPR045860_1_18-112,mixture,mixture,family:Salamandridae,72-95
A0A0M3I9L2_IPR045860_1_18-98,none,monomer,order:Rhabditida,72-95
A0A0N4T733_IPR045860_1_15-106,mixture,monomer,order:Rhabditida,72-95
A0A0N4Z005_IPR045860_1_59-174,none,monomer,genus:Parastrongyloides,95-117
A0A151MRU0_IPR045860_1_15-92,none,monomer,genus:Alligator,72-95
A0A183IC98_IPR045860_1_104-159,none,monomer,genus:Soboliphyme,50-72
A0A1A9WK68_IPR045860_1_8-86,none,monomer,genus:Glossina,72-95
A0A1B0EZV5_IPR045860_1_5-110,none,monomer,family:Psychodidae,95-117
A0A1B6FNR6_IPR045860_1_23-105,none,monomer,family:Cicadellidae,72-95
A0A1D1V2H0_IPR045860_1_20-126,none,monomer,genus:Ramazzottius,95-117
A0A1I7RHV2_IPR045860_1_23-128,none,monomer,genus:Bursaphelenchus,95-117
A0A1I7ZEJ7_IPR045860_1_20-103,Ly6,monomer,genus:Steinernema,72-95
A0A1S3FCC3_IPR045860_1_1-55,none,monomer,phylum:Chordata,50-72
A0A1Y1LHT3_IPR045860_1_64-117,mixture,monomer,family:Lampyridae,50-72
A0A224XN82_IPR045860_1_1-59,none,monomer,genus:Panstrongylus,50-72
A0A2A6B7I4_IPR045860_1_89-188,none,monomer,genus:Pristionchus,95-117
A0A2B4RNM4_IPR045860_1_31-103,none,monomer,genus:Stylophora,72-95
A0A2G9QI52_IPR045860_1_1-79,none,monomer,genus:Aquarana,72-95
A0A2J7RN26_IPR045860_1_39-135,mixture,monomer,order:Blattodea,95-117
A0A341B4I9_IPR045860_1_20-74,Ly6,monomer,genus:Neophocaena,50-72
A0A3B0KA12_IPR045860_1_43-140,none,monomer,genus:Drosophila,95-117
A0A3B3U486_IPR045860_1_7-78,Ly6,monomer,genus:Poecilia,50-72
A0A3B4B3W9_IPR045860_1_18-89,mixture,monomer,family:Gobiidae,72-95
A0A3B5KEM1_IPR045860_1_18-83,Ly6,monomer,genus:Takifugu,50-72
A0A3P9BQI0_IPR045860_1_17-80,none,monomer,genus:Maylandia,50-72
A0A3Q3R1T1_IPR045860_1_3-87,none,monomer,genus:Monopterus,72-95
A0A482XHF1_IPR045860_1_54-159,none,monomer,genus:Laodelphax,95-117
A0A484D5L5_IPR045860_1_41-118,none,monomer,class:Actinopteri,72-95
A0A4U5M496_IPR045860_1_122-200,none,multimer,genus:Steinernema,72-95
A0A4U8UQC9_IPR045860_1_19-99,none,monomer,genus:Steinernema,72-95
A0A4W3IZP1_IPR045860_1_40-134,none,monomer,genus:Callorhinchus,72-95
A0A553PRY3_IPR045860_1_21-97,none,monomer,genus:Tigriopus,72-95
A0A5N5SSU7_IPR045860_1_31-122,Ly6,monomer,genus:Armadillidium,72-95
A0A671T6I8_IPR045860_1_17-133,none,monomer,order:Cypriniformes,117-140
A0A6I9XSF4_IPR045860_1_153-212,none,multimer,genus:Thamnophis,50-72
A0A6J1P077_IPR045860_1_19-159,none,monomer,genus:Bicyclus,140-162
A0A6J2Y7P8_IPR045860_1_12-110,none,monomer,genus:Sitophilus,95-117
A0A6P6MUK1_IPR045860_1_32-109,none,monomer,genus:Carassius,72-95
A0A6P8I2T7_IPR045860_1_29-119,none,monomer,genus:Actinia,72-95
A0A6Q2Y6E2_IPR045860_1_21-114,none,monomer,genus:Esox,72-95
A0A6S7FVY4_IPR045860_1_15-107,none,monomer,genus:Paramuricea,72-95
A0A7D9HGI3_IPR045860_1_246-335,none,monomer,genus:Paramuricea,72-95
A0A7I4YMD4_IPR045860_1_21-95,none,monomer,genus:Haemonchus,72-95
A0A7K9K7S7_IPR045860_1_1-113,none,mixture,class:Aves,95-117
A0A7M5XGE8_IPR045860_1_56-149,none,monomer,genus:Clytia,72-95
A0A7N6BC97_IPR045860_1_12-103,none,monomer,class:Actinopteri,95-117
A0A7R8YZY7_IPR045860_1_29-130,none,monomer,genus:Hermetia,95-117
A0A7R9GBX8_IPR045860_1_12-89,none,monomer,genus:Notodromas,72-95
A0A813MA39_IPR045860_1_1589-1666,none,monomer,genus:Brachionus,72-95
A0A814GD57_IPR045860_1_19-101,Quiver,monomer,genus:Adineta,72-95
A0A815A606_IPR045860_1_21-92,none,monomer,genus:Adineta,50-72
A0A819AUS1_IPR045860_1_20-95,none,monomer,genus:Rotaria,72-95
A0A822G307_IPR045860_1_5-55,none,monomer,genus:Rotaria,50-72
A0A8B6D363_IPR045860_1_16-114,none,monomer,genus:Mytilus,95-117
A0A8B6FUC3_IPR045860_1_140-208,none,monomer,genus:Mytilus,50-72
A0A8C4ELN5_IPR045860_1_17-87,none,monomer,genus:Dicentrarchus,50-72
A0A8C4RR39_IPR045860_1_26-104,none,monomer,genus:Erpetoichthys,72-95
A0A8C5BJ10_IPR045860_1_18-74,Ly6,monomer,genus:Gadus,50-72
A0A8C5QCK5_IPR045860_3_299-418,none,multimer,genus:Leptobrachium,117-140
A0A8D8PH71_IPR045860_1_123-180,none,monomer,genus:Culex,50-72
A0A8J1TRS7_IPR045860_1_21-112,none,monomer,genus:Owenia,72-95
A0A8J4X619_IPR045860_1_29-143,none,monomer,order:Siluriformes,95-117
A0A8J7TEW7_IPR045860_1_19-97,none,monomer,genus:Atractosteus,72-95
A0A8K0DJT7_IPR045860_1_55-151,none,monomer,order:Coleoptera,95-117
A0A8K9X2E7_IPR045860_1_3-109,none,monomer,genus:Oncorhynchus,95-117
A0A8N4QGS7_IPR045860_1_1-53,none,monomer,genus:Bactrocera,50-72
A0A8R1XV52_IPR045860_1_68-168,none,monomer,order:Rhabditida,95-117
A0A8R2M0L2_IPR045860_1_223-324,none,monomer,genus:Bombyx,95-117
A0A8S1H4U1_IPR045860_1_113-200,none,monomer,order:Rhabditida,72-95
A0A8S3UB77_IPR045860_1_46-125,none,monomer,genus:Mytilus,72-95
A0A8S4AV50_IPR045860_1_17-92,none,monomer,genus:Menidia,72-95
A0A8S4R8G7_IPR045860_1_5-83,none,monomer,family:Nymphalidae,72-95
A0A8S9Z0J0_IPR045860_1_2-54,Ly6,monomer,genus:Paragonimus,50-72
A0A8T2IKT7_IPR045860_1_5-67,none,monomer,genus:Hymenochirus,50-72
A0A8W8KFK6_IPR045860_1_54-138,none,monomer,genus:Magallana,72-95
A0A913X9P0_IPR045860_1_22-121,none,monomer,genus:Exaiptasia,95-117
A0A914C4T4_IPR045860_1_15-86,none,monomer,genus:Acrobeloides,50-72
A0A914J9M5_IPR045860_1_18-98,none,monomer,genus:Panagrolaimus,72-95
A0A914TA72_IPR045860_1_17-102,none,monomer,genus:Panagrolaimus,72-95
A0A914WH56_IPR045860_1_28-134,none,monomer,genus:Plectus,95-117
A0A974CHK1_IPR045860_1_111-199,Ly6,multimer,genus:Xenopus,72-95
A0A974H7M9_IPR045860_1_21-106,Ly6,monomer,genus:Xenopus,72-95
A0A9D3M3W8_IPR045860_1_53-127,mixture,monomer,class:Actinopteri,72-95
A0A9D4DSN1_IPR045860_1_12-96,none,monomer,genus:Dreissena,72-95
A0A9I3BD47_IPR045860_1_191-273,none,monomer,genus:Anopheles,72-95
A0A9N9TXF0_IPR045860_1_22-115,none,monomer,genus:Phyllotreta,72-95
A0A9P0LKI7_IPR045860_1_22-116,Quiver,monomer,genus:Acanthoscelides,72-95
A0A9P1HZG0_IPR045860_1_14-103,Ly6,monomer,genus:Auanema,72-95
A0A9Q0S7C5_IPR045860_1_2-103,none,monomer,genus:Pseudolycoriella,95-117
A0A9W3FFS0_IPR045860_1_12-62,none,monomer,class:Mammalia,50-72
A0A9X0A6N9_IPR045860_2_115-182,none,multimer,genus:Desmophyllum,50-72
A0AA35JXV0_IPR045860_1_33-109,Ly6,monomer,genus:Podarcis,72-95
A0AA35NSQ1_IPR045860_1_50-128,none,monomer,phylum:Chordata,72-95
A0AA35QPM7_IPR045860_2_116-174,Ly6,multimer,genus:Podarcis,50-72
A0AA36C4P5_IPR045860_1_21-91,none,monomer,genus:Mesorhabditis,50-72
A0AA36DPU0_IPR045860_1_15-94,none,monomer,genus:Cylicocyclus,72-95
A0AA36GTM6_IPR045860_1_17-101,none,monomer,genus:Cylicocyclus,72-95
A0AA39IR08_IPR045860_1_38-107,none,monomer,genus:Steinernema,50-72
A0AA40HF36_IPR045860_1_55-138,none,multimer,family:Vespertilionidae,72-95
A0AA47N6K2_IPR045860_2_165-247,none,multimer,genus:Merluccius,72-95
A0AA85JQ84_IPR045860_1_34-99,none,monomer,genus:Trichobilharzia,50-72
A0AA88I9E7_IPR045860_1_24-103,none,monomer,genus:Artemia,72-95
A0AA97KGC8_IPR045860_1_17-104,none,monomer,genus:Eublepharis,72-95
A0AAD1T3W6_IPR045860_1_109-199,SPF,multimer,genus:Pelobates,72-95
A0AAD6B9F0_IPR045860_1_17-89,none,monomer,genus:Pogonophryne,72-95
A0AAD8ZB10_IPR045860_1_1-70,mixture,monomer,genus:Electrophorus,50-72
A0AAD9K8F1_IPR045860_1_134-198,none,monomer,genus:Ridgeia,50-72
A0AAD9QQ76_IPR045860_1_16-105,none,monomer,genus:Acropora,72-95
A0AAE0TL47_IPR045860_1_41-123,Quiver,monomer,genus:Potamilus,72-95
A0AAE1CIL3_IPR045860_1_10-78,Quiver,monomer,genus:Elysia,50-72
A0AAF3ELR6_IPR045860_1_19-100,none,monomer,genus:Mesorhabditis,72-95
A0AAJ6YK65_IPR045860_1_28-141,none,monomer,genus:Ceratosolen,95-117
A0AAJ7TTZ3_IPR045860_1_22-118,none,monomer,genus:Petromyzon,95-117
A0AAN5CFB9_IPR045860_1_9-85,none,monomer,genus:Pristionchus,72-95
A0AAN5IAG8_IPR045860_1_12-103,none,monomer,genus:Pristionchus,72-95
A0AAN8AGC2_IPR045860_1_7-69,Ly6,monomer,genus:Eleginops,50-72
A0AAN8CGJ6_IPR045860_1_40-102,mixture,monomer,genus:Champsocephalus,50-72
A0AAN8GAJ9_IPR045860_1_10-70,mixture,monomer,genus:Trichostrongylus,50-72
A0AAN9A3X7_IPR045860_1_34-140,none,monomer,order:Decapoda,95-117
A0AAN9YZE6_IPR045860_1_124-189,none,multimer,genus:Gryllus,50-72
A0AAR5Q143_IPR045860_1_25-102,none,monomer,genus:Dendroctonus,72-95
A0AAU9WBH4_IPR045860_1_5-90,mixture,monomer,genus:Pocillopora,72-95
A0AAU9XD86_IPR045860_1_18-111,none,monomer,genus:Pocillopora,72-95
A0AAV1NY71_IPR045860_3_471-558,SPF,multimer,genus:Scomber,72-95
A0AAV1ZJI7_IPR045860_1_23-116,none,monomer,genus:Larinioides,72-95
A0AAV2IIP5_IPR045860_1_439-529,none,monomer,genus:Lymnaea,72-95
A0AAV2S655_IPR045860_1_40-130,Ly6,monomer,genus:Meganyctiphanes,72-95
A0AAV4J1M4_IPR045860_1_38-140,none,monomer,genus:Elysia,95-117
A0AAV6YWC4_IPR045860_1_18-103,mixture,monomer,genus:Engystomops,72-95
A0AAV6ZJ29_IPR045860_1_51-132,SPF,monomer,genus:Engystomops,72-95
A0AAV7BBZ7_IPR045860_1_111-192,SPF,multimer,genus:Engystomops,72-95
A0AAW0MNV2_IPR045860_1_1-84,Ly6,mixture,genus:Mugilogobius,72-95
A0AAW0WXQ1_IPR045860_1_26-128,none,monomer,genus:Cherax,95-117
A0AAW1AY36_IPR045860_1_15-89,none,monomer,order:Squamata,72-95
A0AAW1ZZM5_IPR045860_1_18-92,none,monomer,genus:Culter,72-95
A0ABD0LAL7_IPR045860_1_73-156,none,monomer,genus:Batillaria,72-95
A0ABD2AWA4_IPR045860_1_30-91,none,monomer,genus:Vespula,50-72
A0ABD2M0E5_IPR045860_1_14-100,none,monomer,genus:Heterodera,72-95
A0ABD6E9M7_IPR045860_1_15-94,none,monomer,genus:Gnathostoma,72-95
A7S195_IPR045860_1_21-121,none,monomer,genus:Nematostella,95-117
D6X0I9_IPR045860_1_44-143,none,monomer,genus:Tribolium,95-117
E4Y768_IPR045860_1_712-795,none,monomer,genus:Oikopleura,72-95
F6W197_IPR045860_1_20-121,none,monomer,genus:Ciona,95-117
F8V326_IPR045860_1_22-121,none,monomer,genus:Branchiostoma,95-117
G1KJI1_IPR045860_1_1-54,none,monomer,genus:Anolis,50-72
H2Y976_IPR045860_1_329-419,none,monomer,genus:Ciona,72-95
Q6PUB9_IPR045860_1_1-52,none,monomer,genus:Anopheles,50-72
Q9UAG0_IPR045860_2_314-419,none,multimer,genus:Ephydatia,95-117
R7TDI9_IPR045860_1_48-142,none,monomer,genus:Capitella,72-95
V4A012_IPR045860_1_25-115,none,monomer,genus:Lottia,72-95
W2TAV2_IPR045860_2_19-91,none,multimer,genus:Necator,72-95
Centipede3FTx_0021_1255758,manually_annotated,monomer,class:Chilopoda,162-185
Centipede3FTx_0053_1255758,manually_annotated,monomer,class:Chilopoda,95-117
Centipede3FTx_0085_61981,manually_annotated,monomer,class:Chilopoda,95-117
Centipede3FTx_0117_1255758,manually_annotated,monomer,class:Chilopoda,95-117
A0A091DVJ4_IPR042339_1_43-171,Ly6,monomer,genus:Fukomys,117-140
K7E147_IPR042339_1_1-117,Ly6,monomer,genus:Monodelphis,95-117
A0A0B8RS37_IPR045860_1_30-105,mixture,monomer,family:Colubridae,72-95
A0A0H4BLZ2_IPR045860_1_12-84,3FTx,monomer,genus:Micrurus,72-95
A0A898ILP2_IPR045860_1_13-81,3FTx,monomer,genus:Calliophis,50-72
A0A8C6XA92_IPR045860_1_12-61,none,monomer,genus:Naja,50-72
A0A8S3T0B0_IPR003571_1_89-160,none,mixture,genus:Mytilus,72-95
A0AA50RSC0_IPR045860_1_16-93,3FTx,monomer,genus:Chironius,72-95
E2IU01_IPR045860_1_1-57,3FTx,monomer,genus:Naja,50-72
Q9YGI8_IPR045860_1_14-86,mixture,monomer,genus:Bungarus,50-72
R4G2S3_IPR045860_1_12-87,3FTx,monomer,genus:Cacophis,72-95
A0A6I8ND62_IPR039237_1_1-176,Ly6,monomer,genus:Ornithorhynchus,162-185
A0AA97J946_IPR039237_1_1-111,Ly6,monomer,genus:Eublepharis,95-117
A0A0T6B8I4_IPR045860_1_21-119,none,monomer,family:Scarabaeidae,95-117
A0A1A8B975_IPR035076_1_20-77,none,monomer,family:Nothobranchiidae,50-72
A0A1S3AI33_IPR016054_1_21-107,Ly6,monomer,genus:Erinaceus,72-95
A0A210QNC8_IPR045860_1_209-292,none,multimer,genus:Mizuhopecten,72-95
A0A2I0TVE1_IPR045860_1_9-62,none,monomer,genus:Limosa,50-72
A0A3B4D3N9_IPR016054_2_19-111,Ly6,multimer,genus:Pygocentrus,72-95
A0A3M7SVS3_IPR045860_1_133-194,none,monomer,genus:Brachionus,50-72
A0A3P8V8D3_IPR016054_2_19-113,Ly6,multimer,genus:Cynoglossus,72-95
A0A498MKX1_IPR016054_2_1132-1242,Ly6,multimer,genus:Labeo,95-117
A0A670ZW04_IPR016054_1_21-109,Ly6,monomer,order:Squamata,72-95
A0A673ILJ2_IPR045860_1_105-178,Ly6,multimer,family:Cyprinidae,72-95
A0A6P5KXD8_IPR016054_1_21-108,Ly6,monomer,genus:Phascolarctos,72-95
A0A6P8EF18_IPR045860_1_18-88,none,monomer,order:Clupeiformes,50-72
A0A6P9DAJ3_IPR045860_1_18-91,mixture,monomer,order:Squamata,72-95
A0A7J6BWZ1_IPR016054_1_20-109,none,multimer,genus:Onychostoma,72-95
A0A7K6T2H9_IPR016054_1_2-91,mostly_Ly6,monomer,class:Aves,72-95
A0A7K8R714_IPR016054_1_3-93,Ly6,monomer,genus:Smithornis,72-95
A0A7N4V5L1_IPR016054_1_61-148,Ly6,monomer,class:Mammalia,72-95
A0A803JXQ3_IPR016054_1_20-105,Ly6,monomer,genus:Xenopus,72-95
A0A813NAN6_IPR045860_1_24-100,none,monomer,genus:Adineta,72-95
A0A814DY05_IPR045860_1_24-95,none,monomer,genus:Brachionus,50-72
A0A816LJM5_IPR045860_1_24-100,none,monomer,genus:Rotaria,72-95
A0A8B6DFF8_IPR045860_1_8-84,mixture,monomer,genus:Mytilus,72-95
A0A8B6HMP4_IPR045860_1_25-105,none,monomer,genus:Mytilus,72-95
A0A8C0XL20_IPR045860_1_5-61,none,monomer,class:Mammalia,50-72
A0A8C1WWG5_IPR016054_1_108-189,mixture,mixture,family:Cyprinidae,72-95
A0A8C6BIZ2_IPR045860_1_20-82,none,monomer,genus:Monodon,50-72
A0A8C9BM66_IPR045860_1_20-98,mixture,monomer,order:Artiodactyla,72-95
A0A8J1JUU1_IPR016054_1_14-94,Ly6,monomer,genus:Xenopus,72-95
A0A8J6EDD9_IPR045860_1_10-98,none,monomer,genus:Eleutherodactylus,72-95
A0A974CIG9_IPR045860_1_31-107,Ly6,multimer,genus:Xenopus,72-95
A0A9D4LLP2_IPR045860_1_19-96,none,monomer,genus:Dreissena,72-95
A0A9P1MLS2_IPR045860_1_6-104,none,monomer,order:Rhabditida,95-117
A0A9W3HME7_IPR045860_1_61-126,none,monomer,genus:Camelus,50-72
A0AA35P7X1_IPR045860_1_13-93,none,monomer,genus:Podarcis,72-95
A0AA88SD47_IPR045860_1_111-192,none,multimer,genus:Channa,72-95
A0AAD8FUY6_IPR045860_2_155-229,none,multimer,genus:Acipenser,72-95
A0AAF6DLI8_IPR045860_1_18-74,none,monomer,genus:Bos,50-72
A0AAN9H2H9_IPR016054_1_107-181,Ly6,multimer,order:Cypriniformes,72-95
A0AAV1NLF8_IPR016054_2_18-108,Ly6,multimer,genus:Scomber,72-95
A0AAV5T5D9_IPR045860_1_111-185,none,monomer,genus:Pristionchus,72-95
A0AAV6YTL0_IPR045860_1_2-88,none,multimer,genus:Engystomops,72-95
A0AAV7V5H6_IPR045860_1_13-94,none,monomer,genus:Pleurodeles,72-95
A0AAW0PRL5_IPR016054_1_20-92,Ly6,monomer,genus:Mugilogobius,72-95
A0AAW1Z0Z3_IPR016054_1_20-107,Ly6,monomer,genus:Culter,72-95
A0AAY5EC54_IPR045860_1_17-92,Ly6,multimer,genus:Electrophorus,72-95
F6XD70_IPR016054_1_25-114,Ly6,monomer,genus:Ornithorhynchus,72-95
N0E484_IPR038773_1_3-64,none,monomer,genus:Sus,50-72
A0A087WPW7_IPR051445_1_2-67,Ly6,monomer,genus:Mus,50-72
A0A0E3N4N8_IPR045860_2_9-65,Ly6,multimer,genus:Notophthalmus,50-72
A0A0H4AC46_IPR045860_2_93-174,mostly_Ly6,multimer,family:Plethodontidae,72-95
A0A125S9L3_IPR045860_2_115-198,Ly6,multimer,genus:Ambystoma,72-95
A0A140IHG4_IPR045860_1_116-200,Ly6,multimer,genus:Cynops,72-95
A0A151M3T1_IPR045860_3_143-211,Ly6,multimer,genus:Alligator,50-72
A0A151N8B9_IPR045860_2_132-227,Ly6,multimer,genus:Alligator,95-117
A0A1U7U855_IPR016054_1_52-126,Ly6,monomer,genus:Carlito,72-95
A0A210Q449_IPR016054_1_222-302,none,multimer,genus:Mizuhopecten,72-95
A0A212DH97_IPR016054_1_26-109,none,monomer,order:Artiodactyla,72-95
A0A2J8RT86_IPR045860_1_3-142,Ly6,mixture,class:Mammalia,117-140
A0A3B3WIP0_IPR016054_1_20-87,Ly6,monomer,class:Actinopteri,50-72
A0A3B4D467_IPR016054_1_128-207,mixture,multimer,genus:Pygocentrus,72-95
A0A3M6TH67_IPR016054_2_115-214,Ly6,multimer,genus:Pocillopora,95-117
A0A3N0YGS4_IPR045860_2_19-97,Ly6,multimer,genus:Anabarilius,72-95
A0A3Q2Y2F2_IPR045860_1_7-79,Ly6,monomer,genus:Hippocampus,72-95
A0A3Q3LZY2_IPR016054_1_113-196,Ly6,multimer,genus:Labrus,72-95
A0A3Q4H527_IPR045860_1_10-96,mostly_Ly6,mixture,class:Actinopteri,72-95
A0A401Q301_IPR016054_1_16-110,Ly6,multimer,genus:Scyliorhinus,72-95
A0A455C5F9_IPR016054_1_26-121,Ly6,monomer,class:Mammalia,95-117
A0A4U1EE55_IPR016054_1_13-72,Ly6,monomer,genus:Monodon,50-72
A0A4Z2H7H1_IPR045860_1_17-105,Ly6,monomer,genus:Liparis,72-95
A0A513ZV87_IPR045860_1_18-105,Ly6,multimer,genus:Hyloscirtus,72-95
A0A5E4DE17_IPR016054_1_7-56,Ly6,monomer,genus:Marmota,50-72
A0A5N5Q4N5_IPR045860_1_20-107,Ly6,monomer,order:Siluriformes,72-95
A0A670INU0_IPR016054_1_10-99,Ly6,multimer,genus:Podarcis,72-95
A0A670YTA3_IPR045860_2_114-195,Ly6,mixture,order:Squamata,72-95
A0A672HY65_IPR045860_2_57-119,Ly6,multimer,genus:Salarias,50-72
A0A6A4T6C6_IPR016054_1_232-311,mixture,mixture,class:Actinopteri,72-95
A0A6G1QY89_IPR045860_1_20-110,Ly6,monomer,genus:Channa,72-95
A0A6I9XF45_IPR045860_1_96-150,Ly6,multimer,genus:Thamnophis,50-72
A0A6J0V6A5_IPR045860_2_140-229,Ly6,multimer,genus:Pogona,72-95
A0A6J1VSV0_IPR045860_1_18-100,Ly6,monomer,order:Squamata,72-95
A0A6P5LNB0_IPR016054_2_77-135,Ly6,mixture,order:Diprotodontia,50-72
A0A6P7MBY1_IPR016054_2_19-103,Ly6,multimer,genus:Betta,72-95
A0A6P7YNT8_IPR045860_2_2-58,Ly6,multimer,genus:Microcaecilia,50-72
A0A6P9DT75_IPR016054_2_19-111,mixture,multimer,order:Squamata,72-95
A0A803JR13_IPR045860_1_287-370,Ly6,multimer,genus:Xenopus,95-117
A0A803TBF1_IPR016054_1_25-99,none,monomer,genus:Anolis,72-95
A0A8C0G2Y1_IPR016054_1_115-204,Ly6,multimer,genus:Chelonoidis,72-95
A0A8C3G0E2_IPR045860_1_21-108,Ly6,monomer,genus:Cyclopterus,72-95
A0A8C5Q575_IPR045860_1_354-433,none,multimer,genus:Leptobrachium,72-95
A0A8C5QUT2_IPR045860_1_18-105,Ly6,multimer,genus:Leptobrachium,72-95
A0A8C5WIV8_IPR045860_2_107-190,Ly6,multimer,genus:Leptobrachium,72-95
A0A8C5YAS6_IPR051445_1_2-138,Ly6,monomer,order:Primates,117-140
A0A8C6EMR6_IPR016054_1_19-95,Ly6,monomer,genus:Marmota,72-95
A0A8C6I381_IPR051445_1_2-114,Ly6,monomer,genus:Mus,95-117
A0A8C6S983_IPR016054_1_27-106,mixture,monomer,family:Gobiidae,72-95
A0A8D0DIL5_IPR045860_3_113-207,mixture,multimer,genus:Salvator,72-95
A0A8J1L646_IPR045860_1_26-109,Ly6,multimer,genus:Xenopus,72-95
A0A8J6A7S1_IPR051445_1_59-200,Ly6,monomer,genus:Galemys,140-162
A0A8J6EGX2_IPR045860_2_18-99,Ly6,multimer,genus:Eleutherodactylus,72-95
A0A8J6GU48_IPR016054_2_3-75,Ly6,mixture,family:Cricetidae,72-95
A0A8T1S6A6_IPR045860_2_18-104,mixture,multimer,order:Testudines,72-95
A0A8T2ITF9_IPR045860_1_1-76,Ly6,multimer,genus:Hymenochirus,72-95
A0A8T3CV86_IPR016054_1_22-105,none,monomer,genus:Albula,72-95
A0A974CHM8_IPR045860_1_114-200,Ly6,multimer,genus:Xenopus,72-95
A0A974HCU0_IPR045860_1_50-131,Ly6,multimer,genus:Xenopus,72-95
A0A9B0TVH8_IPR016054_2_241-305,Ly6,multimer,class:Mammalia,50-72
A0A9D3M5V5_IPR045860_1_22-111,Ly6,monomer,genus:Anguilla,72-95
A0A9F2WG88_IPR045860_1_135-224,Ly6,multimer,genus:Python,72-95
A0A9L0JRM3_IPR016054_2_112-182,Ly6,multimer,genus:Equus,50-72
A0A9N7UCT4_IPR016054_1_112-198,Ly6,mixture,class:Actinopteri,72-95
A0A9Q0X670_IPR045860_3_234-326,Ly6,multimer,family:Agamidae,72-95
A0A9W9YS50_IPR045860_1_47-137,Ly6,monomer,genus:Desmophyllum,72-95
A0AA35KMQ8_IPR045860_1_114-199,Ly6,multimer,genus:Podarcis,72-95
A0AA35KP80_IPR045860_1_5-100,Ly6,multimer,genus:Podarcis,95-117
A0AA35LHB7_IPR045860_1_18-96,Ly6,monomer,genus:Podarcis,72-95
A0AA35PD91_IPR045860_1_32-119,Ly6,mixture,genus:Podarcis,72-95
A0AA35W1U1_IPR045860_1_116-209,Ly6,multimer,genus:Podarcis,72-95
A0AA40LE46_IPR016054_2_138-201,Ly6,multimer,genus:Cnephaeus,50-72
A0AA47M7D6_IPR045860_4_7-72,Ly6,multimer,genus:Merluccius,50-72
A0AA88MF98_IPR016054_2_20-107,Ly6,multimer,genus:Channa,72-95
A0AA88SFZ8_IPR045860_1_18-103,Ly6,monomer,genus:Channa,72-95
A0AA97KF09_IPR045860_2_20-110,Ly6,multimer,genus:Eublepharis,72-95
A0AA97LG74_IPR045860_2_143-230,Ly6,multimer,genus:Eublepharis,72-95
A0AAD1T8U5_IPR045860_1_18-105,Ly6,multimer,genus:Pelobates,72-95
A0AAD1WMY1_IPR045860_2_131-218,Ly6,mixture,genus:Pelobates,72-95
A0AAD7RCY1_IPR045860_1_18-106,Ly6,monomer,class:Actinopteri,72-95
A0AAN7WZN0_IPR045860_1_18-105,Ly6,mixture,order:Perciformes,72-95
A0AAN8F8A6_IPR016054_1_24-133,Ly6,monomer,order:Rhabditida,95-117
A0AAU9W6Z1_IPR045860_1_32-115,Ly6,monomer,genus:Pocillopora,72-95
A0AAU9ZFM2_IPR051445_1_11-131,Ly6,monomer,family:Cricetidae,117-140
A0AAV0ABW4_IPR016054_3_423-490,mixture,multimer,order:Rodentia,50-72
A0AAV2ZWC8_IPR045860_1_2-88,Ly6,multimer,genus:Pyxicephalus,72-95
A0AAV6Z9D0_IPR045860_3_132-221,Ly6,multimer,genus:Engystomops,72-95
A0AAV6ZK92_IPR045860_1_108-174,Ly6,multimer,genus:Engystomops,50-72
A0AAV7PX52_IPR045860_2_110-188,Ly6,multimer,genus:Pleurodeles,72-95
A0AAV7Q2B0_IPR045860_3_112-203,Ly6,multimer,genus:Pleurodeles,72-95
A0AAW0P4L4_IPR045860_4_282-356,Ly6,multimer,genus:Mugilogobius,72-95
A0AAW1AXG4_IPR045860_1_18-108,Ly6,multimer,order:Squamata,72-95
A0AAY5L0B1_IPR045860_1_55-140,Ly6,monomer,genus:Esox,72-95
A0ABD1J3T4_IPR016054_1_19-113,none,monomer,genus:Coilia,72-95
A8I4M7_IPR016054_1_125-182,none,multimer,genus:Bothrops,50-72
G3UCL2_IPR016054_1_62-148,Ly6,monomer,genus:Loxodonta,72-95
H2RP87_IPR016054_1_17-115,Ly6,monomer,genus:Takifugu,95-117
K7GCU2_IPR045860_2_18-106,Ly6,multimer,genus:Pelodiscus,72-95
L5M5T6_IPR045860_2_103-156,none,multimer,genus:Myotis,50-72
A0A8B8YQN3_IPR026524_1_31-174,mixture,monomer,class:Mammalia,117-140
A0A6A4RMW4_IPR039457_1_2-86,Ly6,monomer,genus:Scophthalmus,72-95
A0A6P6KP21_IPR039457_1_6-169,Ly6,monomer,order:Cypriniformes,140-162
A0AAD9IXS2_IPR039457_1_2-82,none,monomer,genus:Paralvinella,72-95
V9LE91_IPR039457_1_11-165,Ly6,monomer,class:Chondrichthyes,140-162
A0A0K2TAN0_IPR031424_1_20-114,none,monomer,genus:Lepeophtheirus,72-95
A0A0N7Z8L7_IPR031424_1_1-96,none,monomer,genus:Rhodnius,95-117
A0A132ALF3_IPR031424_1_37-113,none,monomer,genus:Sarcoptes,72-95
A0A1B6I5Y0_IPR031424_1_31-125,none,monomer,family:Cicadellidae,95-117
A0A1I7S894_IPR031424_1_20-115,none,monomer,genus:Bursaphelenchus,95-117
A0A1J1HK20_IPR031424_1_20-116,none,monomer,genus:Clunio,95-117
A0A1S3D977_IPR031424_1_35-131,none,monomer,family:Psyllidae,95-117
A0A1W0WGG9_IPR045860_1_29-115,Ly6,monomer,genus:Hypsibius,72-95
A0A1Y1M9V4_IPR031424_1_20-102,none,monomer,genus:Photinus,72-95
A0A226D9A1_IPR031424_1_22-146,none,monomer,genus:Folsomia,117-140
A0A293LBK4_IPR031424_1_30-124,mixture,monomer,order:Ixodida,95-117
A0A336M020_IPR031424_1_35-149,none,monomer,genus:Culicoides,95-117
A0A3L8DSZ6_IPR031424_1_52-138,none,monomer,family:Formicidae,72-95
A0A430Q269_IPR031424_1_12-85,mixture,monomer,genus:Schistosoma,72-95
A0A484BUH2_IPR031424_1_24-139,Quiver,monomer,genus:Drosophila,95-117
A0A564YKX2_IPR045860_1_21-105,Quiver,monomer,genus:Hymenolepis,72-95
A0A5E4Q7F4_IPR031424_1_237-349,none,multimer,genus:Leptidea,95-117
A0A5N4A6F7_IPR045860_1_18-100,none,mixture,family:Lampyridae,72-95
A0A653BZ94_IPR031424_1_27-114,none,monomer,genus:Callosobruchus,72-95
A0A6P7G0W4_IPR031424_1_25-122,none,monomer,genus:Diabrotica,95-117
A0A6P8W8L8_IPR031424_1_24-126,none,monomer,genus:Drosophila,95-117
A0A7G3AEM8_IPR031424_1_22-132,none,monomer,genus:Lutzomyia,95-117
A0A7J7KKQ3_IPR031424_1_7-96,Quiver,monomer,genus:Bugula,72-95
A0A7R8UUX1_IPR031424_1_26-121,none,monomer,genus:Hermetia,95-117
A0A7R9G490_IPR031424_1_12-147,mixture,monomer,class:Insecta,95-117
A0A7R9NMT0_IPR031424_1_25-136,none,monomer,genus:Argulus,95-117
A0A813T882_IPR031424_1_22-85,none,monomer,genus:Brachionus,50-72
A0A8E0S444_IPR031424_1_11-75,Quiver,monomer,genus:Fasciolopsis,50-72
A0A8J1UAN4_IPR031424_1_25-115,none,monomer,genus:Owenia,72-95
A0A8J2MGA1_IPR031424_1_34-129,Quiver,monomer,genus:Allacma,95-117
A0A8J6L381_IPR031424_1_28-162,Quiver,monomer,genus:Tenebrio,117-140
A0A8K0DDL8_IPR045860_1_21-117,none,monomer,genus:Ignelater,95-117
A0A8R1DLR3_IPR031424_1_37-101,Quiver,monomer,genus:Caenorhabditis,50-72
A0A8S1ELC6_IPR031424_1_19-107,none,monomer,genus:Caenorhabditis,72-95
A0A8W8N2K3_IPR031424_1_5-99,none,monomer,genus:Magallana,72-95
A0A9D4DT85_IPR031424_1_22-101,Quiver,monomer,genus:Dreissena,72-95
A0A9N9TW70_IPR045860_1_30-141,none,monomer,genus:Phyllotreta,95-117
A0A9P0GAZ1_IPR031424_2_125-227,SPF,multimer,genus:Psylliodes,95-117
A0A9P0KM25_IPR031424_1_24-118,none,monomer,genus:Acanthoscelides,72-95
A0A9Q0NH62_IPR031424_1_23-116,none,multimer,genus:Pseudolycoriella,72-95
A0A9R1T6G5_IPR045860_1_20-116,none,monomer,genus:Fopius,95-117
A0AA36ALS9_IPR031424_1_29-102,none,monomer,genus:Octopus,72-95
A0AA36FZ24_IPR031424_1_24-108,Quiver,monomer,genus:Mesorhabditis,72-95
A0AA40GIB1_IPR031424_1_30-143,Quiver,monomer,genus:Melipona,95-117
A0AAD5R579_IPR045860_1_16-105,none,monomer,genus:Parelaphostrongylus,72-95
A0AAD8B7P0_IPR045860_1_75-165,Quiver,monomer,genus:Biomphalaria,72-95
A0AAD9KBK4_IPR031424_1_29-126,none,monomer,genus:Paralvinella,95-117
A0AAE0S2T1_IPR031424_1_24-124,none,monomer,family:Unionidae,95-117
A0AAF3EVJ8_IPR031424_1_22-109,Quiver,monomer,genus:Mesorhabditis,72-95
A0AAN8K4B0_IPR031424_1_24-116,none,monomer,class:Gastropoda,72-95
A0AAV2SDI9_IPR031424_1_20-116,none,monomer,genus:Meganyctiphanes,95-117
A0AAV6UDM4_IPR045860_1_22-120,none,monomer,genus:Oedothorax,95-117
A0ABD0SVV8_IPR045860_1_11-115,none,monomer,genus:Loxostege,95-117
A0ABD2PTL5_IPR045860_1_26-129,none,monomer,genus:Cichlidogyrus,95-117
A0ABD3XW80_IPR031424_1_25-99,none,monomer,genus:Sinanodonta,72-95
E0VSI1_IPR031424_1_19-87,mixture,monomer,class:Insecta,50-72
E3M4D3_IPR031424_1_23-142,none,monomer,genus:Caenorhabditis,117-140
K1Q5T4_IPR031424_1_402-489,mixture,monomer,family:Ostreidae,72-95
R4V516_IPR031424_1_24-118,none,monomer,order:Blattodea,95-117
T1EFF6_IPR031424_1_26-122,Quiver,mixture,phylum:Annelida,95-117
T1IWT7_IPR031424_1_19-99,none,monomer,genus:Strigamia,72-95
A0A016SMU4_IPR045860_1_77-143,none,monomer,genus:Ancylostoma,50-72
A0A0B1SDH3_IPR045860_1_13-99,none,monomer,order:Rhabditida,72-95
A0A0E9SDH0_IPR045860_1_25-101,none,monomer,genus:Anguilla,72-95
A0A0K0E1W3_IPR045860_1_43-119,Ly6,monomer,genus:Strongyloides,72-95
A0A0K2T9S3_IPR045860_1_42-141,mixture,monomer,genus:Lepeophtheirus,95-117
A0A0M3I9L3_IPR045860_1_25-107,Ly6,monomer,genus:Ascaris,72-95
A0A0X3NWF6_IPR045860_1_9-100,none,monomer,genus:Schistocephalus,72-95
A0A158NUB9_IPR045860_1_13-64,none,monomer,genus:Atta,50-72
A0A183IHQ7_IPR045860_1_10-85,none,monomer,genus:Soboliphyme,72-95
A0A194Q6G9_IPR045860_1_25-127,none,monomer,genus:Papilio,95-117
A0A1A6H267_IPR045860_1_2-79,none,monomer,genus:Neotoma,72-95
A0A1A9WMM2_IPR045860_1_73-127,none,monomer,genus:Glossina,50-72
A0A1D1V507_IPR045860_1_21-103,Ly6,monomer,genus:Ramazzottius,72-95
A0A1I7RHZ2_IPR045860_1_17-97,none,monomer,genus:Bursaphelenchus,72-95
A0A1I7ZF94_IPR045860_1_20-108,Ly6,monomer,genus:Steinernema,72-95
A0A1I8GI43_IPR045860_2_42-107,none,multimer,genus:Macrostomum,50-72
A0A1I8NWV1_IPR045860_1_55-149,none,monomer,family:Muscidae,72-95
A0A1L8D734_IPR045860_1_10-84,none,monomer,genus:Nyssomyia,72-95
A0A1S3JSL6_IPR045860_1_487-577,none,monomer,genus:Lingula,72-95
A0A1S4FTM6_IPR045860_1_34-124,mixture,monomer,order:Diptera,72-95
A0A1Y1M743_IPR045860_1_14-90,Quiver,monomer,genus:Photinus,72-95
A0A210Q2J1_IPR045860_1_26-106,none,multimer,genus:Mizuhopecten,72-95
A0A2A6B861_IPR045860_1_14-101,none,monomer,genus:Pristionchus,72-95
A0A2B4RPX7_IPR045860_1_41-112,Ly6,monomer,genus:Stylophora,50-72
A0A2G9R4I0_IPR045860_1_7-96,Ly6,monomer,genus:Aquarana,72-95
A0A2J7RRN0_IPR045860_1_8-77,Ly6,monomer,genus:Cryptotermes,50-72
A0A2K6SQ93_IPR045860_1_1-52,none,monomer,phylum:Chordata,50-72
A0A3M7Q3H8_IPR045860_1_48-114,mixture,monomer,genus:Brachionus,50-72
A0A3P9BR26_IPR045860_1_17-72,mixture,monomer,family:Cichlidae,50-72
A0A3Q1EHG8_IPR045860_1_22-99,none,monomer,family:Pomacentridae,72-95
A0A3Q1J6S8_IPR045860_1_6-66,Ly6,monomer,genus:Anabas,50-72
A0A3Q2G7X0_IPR045860_1_23-96,Ly6,monomer,genus:Cyprinodon,72-95
A0A3Q3R6U2_IPR045860_1_24-84,Ly6,monomer,genus:Monopterus,50-72
A0A401QF60_IPR045860_1_6-91,none,monomer,genus:Scyliorhinus,72-95
A0A433TMT8_IPR045860_1_5-91,none,monomer,family:Plakobranchidae,72-95
A0A482XL64_IPR045860_1_54-158,none,monomer,genus:Laodelphax,95-117
A0A498P1F1_IPR045860_1_142-201,none,multimer,genus:Labeo,50-72
A0A4U5M496_IPR045860_2_11-97,none,multimer,genus:Steinernema,72-95
A0A4U8UY74_IPR045860_1_79-176,none,monomer,genus:Steinernema,95-117
A0A4W3GGG0_IPR045860_1_30-143,none,monomer,genus:Callorhinchus,95-117
A0A504YE21_IPR045860_1_19-92,Ly6,monomer,genus:Fasciola,72-95
A0A553PT20_IPR045860_1_45-137,none,monomer,genus:Tigriopus,72-95
A0A5N3WR93_IPR045860_1_130-223,mixture,mixture,order:Artiodactyla,72-95
A0A669CP87_IPR045860_1_13-77,Ly6,monomer,family:Cichlidae,50-72
A0A672GP50_IPR045860_1_8-91,mixture,monomer,class:Actinopteri,72-95
A0A672JN29_IPR045860_1_18-96,none,monomer,genus:Salarias,72-95
A0A674NWW4_IPR045860_1_5-63,none,monomer,genus:Takifugu,50-72
A0A6A4XF14_IPR045860_1_165-216,none,multimer,genus:Amphibalanus,50-72
A0A6G0V5H7_IPR045860_1_78-190,none,monomer,family:Panagrolaimidae,95-117
A0A6I9XSF4_IPR045860_2_63-146,none,multimer,genus:Thamnophis,72-95
A0A6J0B9D1_IPR045860_1_15-117,none,monomer,genus:Neodiprion,95-117
A0A6J2VCD3_IPR045860_1_17-102,none,monomer,genus:Chanos,72-95
A0A6P6N117_IPR045860_1_17-94,none,monomer,genus:Carassius,72-95
A0A6P7H4J0_IPR045860_1_21-138,none,monomer,genus:Parambassis,117-140
A0A6P8I475_IPR045860_1_20-94,none,monomer,genus:Actinia,72-95
A0A6S7FX41_IPR045860_1_1-90,none,monomer,genus:Paramuricea,72-95
A0A7D9IBT0_IPR045860_1_19-109,none,mixture,genus:Paramuricea,72-95
A0A7I4YMR8_IPR045860_1_24-101,none,monomer,genus:Haemonchus,72-95
A0A7K6GZM7_IPR045860_1_1-63,mixture,monomer,class:Aves,50-72
A0A7M5XIW4_IPR045860_1_18-108,none,monomer,genus:Clytia,72-95
A0A7M7K823_IPR045860_1_301-380,none,monomer,genus:Varroa,72-95
A0A7M7QGQ4_IPR045860_1_22-122,none,monomer,genus:Nasonia,95-117
A0A7R9GFM3_IPR045860_1_175-273,none,monomer,genus:Notodromas,95-117
A0A811L7A2_IPR045860_1_20-101,Ly6,monomer,genus:Bursaphelenchus,72-95
A0A813MG68_IPR045860_1_9-84,none,monomer,genus:Brachionus,72-95
A0A813SLY4_IPR045860_1_23-93,none,monomer,genus:Didymodactylos,50-72
A0A814TQ21_IPR045860_1_19-89,none,monomer,genus:Adineta,50-72
A0A815U340_IPR045860_1_22-104,none,monomer,genus:Adineta,72-95
A0A816DQF5_IPR045860_1_16-66,none,monomer,genus:Rotaria,50-72
A0A817K1G6_IPR045860_1_5-79,mixture,monomer,class:Eurotatoria,72-95
A0A819XI98_IPR045860_1_21-92,none,monomer,genus:Adineta,50-72
A0A8B6G070_IPR045860_1_25-129,none,monomer,genus:Mytilus,95-117
A0A8B8AGS5_IPR045860_2_196-281,none,multimer,family:Ostreidae,72-95
A0A8B8IDZ6_IPR045860_1_73-171,mixture,monomer,order:Lepidoptera,95-117
A0A8B8VNU3_IPR045860_1_12-92,Ly6,monomer,genus:Balaenoptera,72-95
A0A8C2V8N2_IPR045860_1_66-131,none,monomer,genus:Chinchilla,50-72
A0A8C4ERD5_IPR045860_1_1-52,none,monomer,genus:Dicentrarchus,50-72
A0A8C4Y7V0_IPR045860_1_37-103,none,monomer,genus:Gopherus,50-72
A0A8C5DI65_IPR045860_1_1-57,Ly6,monomer,genus:Gouania,50-72
A0A8C6ZIV9_IPR045860_1_17-102,none,monomer,genus:Nothoprocta,72-95
A0A8I6TLF6_IPR045860_1_22-96,none,monomer,genus:Cimex,72-95
A0A8J1K142_IPR045860_1_15-104,Ly6,mixture,genus:Xenopus,72-95
A0A8J1TSU4_IPR045860_1_20-122,none,monomer,genus:Owenia,95-117
A0A8J6E5M1_IPR045860_1_111-190,SPF,multimer,genus:Eleutherodactylus,72-95
A0A8J6HG74_IPR045860_1_18-111,none,monomer,genus:Tenebrio,72-95
A0A8K0DK39_IPR045860_1_33-141,none,monomer,genus:Ignelater,95-117
A0A8P4KH38_IPR045860_1_149-226,none,monomer,class:Actinopteri,72-95
A0A8S1DBV9_IPR045860_1_45-144,none,monomer,genus:Cloeon,95-117
A0A8V1A744_IPR045860_1_1-65,none,monomer,phylum:Chordata,50-72
D3ZMV3_IPR016054_1_30-113,mixture,monomer,family:Muridae,72-95
F6W179_IPR016054_3_122-180,Ly6,mixture,class:Mammalia,50-72
F7FV44_IPR051445_1_1-139,mostly_Ly6,monomer,order:Primates,117-140
G3VP90_IPR016054_3_210-302,none,multimer,genus:Sarcophilus,72-95
H0XP47_IPR016054_1_127-206,Ly6,monomer,genus:Otolemur,72-95
K7ETV3_IPR016054_1_28-108,Ly6,multimer,order:Primates,72-95
M0R6Z6_IPR016054_1_213-307,none,multimer,genus:Rattus,72-95
M3XQ92_IPR016054_1_20-108,Ly6,multimer,order:Carnivora,72-95
M7B2W8_IPR045860_2_6-94,Ly6,multimer,order:Testudines,72-95
P81827_IPR016054_1_21-98,mixture,monomer,genus:Rattus,72-95
Q5NC41_IPR016054_1_35-108,Ly6,multimer,genus:Mus,72-95
V9LCY6_IPR016054_1_102-190,Ly6,multimer,genus:Callorhinchus,72-95
A0A670HUA8_IPR026524_1_7-102,none,monomer,genus:Podarcis,95-117
A0A1A8RI45_IPR039457_1_1-66,Ly6,monomer,genus:Nothobranchius,50-72
A0A210Q4R4_IPR039457_1_31-152,Ly6,monomer,genus:Mizuhopecten,117-140
A0A3Q4FXL6_IPR039457_1_19-113,Ly6,monomer,genus:Neolamprologus,72-95
A0A6J1SXQ2_IPR039457_1_83-190,Ly6,monomer,family:Thripidae,95-117
A0A7R9G4N8_IPR039457_1_19-129,Ly6,monomer,genus:Timema,95-117
A0A8C7I854_IPR039457_1_5-169,mostly_Ly6,monomer,class:Actinopteri,140-162
A0AAW2I5V9_IPR039457_1_38-149,none,monomer,genus:Menopon,95-117
A0A016TCX6_IPR031424_1_22-118,mixture,monomer,order:Rhabditida,72-95
A0A077ZG91_IPR045860_1_14-106,none,monomer,genus:Trichuris,72-95
A0A0C5AYN4_IPR031424_1_1-104,none,monomer,genus:Megaselia,95-117
A0A0K2UF82_IPR031424_2_1329-1426,none,multimer,genus:Lepeophtheirus,95-117
A0A0L0BZ61_IPR031424_1_35-125,none,monomer,genus:Lucilia,72-95
A0A0Q9WJ36_IPR031424_1_36-154,none,monomer,family:Drosophilidae,117-140
A0A146MAR0_IPR045860_1_19-107,none,monomer,genus:Lygus,72-95
A0A158NAQ9_IPR031424_1_29-125,mixture,monomer,order:Hymenoptera,95-117
A0A183J5K1_IPR031424_1_28-123,Quiver,monomer,genus:Soboliphyme,95-117
A0A1B0GHW8_IPR031424_1_36-128,mixture,monomer,family:Psychodidae,72-95
A0A1B6K7H2_IPR031424_1_38-146,none,monomer,genus:Homalodisca,95-117
A0A1D1VGV8_IPR031424_1_79-178,Quiver,monomer,genus:Ramazzottius,95-117
A0A1D2NMI4_IPR031424_1_153-225,none,monomer,genus:Orchesella,72-95
A0A1I8M3Z3_IPR031424_1_23-126,none,monomer,genus:Musca,95-117
A0A1I8P659_IPR031424_1_29-172,none,monomer,genus:Stomoxys,140-162
A0A1S3I1R1_IPR031424_1_26-110,Quiver,monomer,genus:Lingula,72-95
A0A1S3JYA4_IPR031424_1_21-107,Quiver,monomer,genus:Lingula,72-95
A0A1W0X6S4_IPR031424_1_34-134,Quiver,monomer,genus:Hypsibius,95-117
A0A1Y1K3I9_IPR031424_1_21-117,none,monomer,order:Coleoptera,95-117
A0A1Y1NAV6_IPR031424_1_27-142,none,monomer,family:Lampyridae,95-117
A0A226EYN6_IPR031424_1_49-136,Quiver,monomer,genus:Folsomia,72-95
A0A267E9Z9_IPR031424_1_43-135,mixture,monomer,genus:Macrostomum,72-95
A0A443SL57_IPR045860_1_2-92,none,monomer,genus:Leptotrombidium,72-95
A0A482XCC3_IPR031424_1_10-146,Quiver,monomer,genus:Laodelphax,117-140
A0A553P5R1_IPR031424_1_20-138,none,monomer,class:Hexanauplia,117-140
A0A5N5TFK8_IPR031424_1_5-88,none,monomer,genus:Armadillidium,72-95
A0A653DEN0_IPR031424_1_34-152,none,monomer,genus:Callosobruchus,117-140
A0A6J0CBV5_IPR031424_1_28-123,none,monomer,genus:Neodiprion,95-117
A0A6J1WMV5_IPR031424_1_20-119,none,mixture,order:Lepidoptera,95-117
A0A6P7SDX9_IPR031424_1_24-114,none,monomer,genus:Octopus,72-95
A0A7G3ALW7_IPR045860_1_1-96,none,monomer,family:Psychodidae,95-117
A0A7J7JSW8_IPR045860_1_18-101,none,monomer,genus:Bugula,72-95
A0A7M7GTH4_IPR031424_1_38-126,none,monomer,family:Apidae,72-95
A0A7R8CGE9_IPR031424_1_32-136,none,monomer,genus:Lepeophtheirus,95-117
A0A7R8X1I9_IPR045860_2_22-107,Quiver,mixture,genus:Darwinula,72-95
A0A7R9C104_IPR031424_1_28-126,none,monomer,genus:Notodromas,95-117
A0A7R9QWN7_IPR031424_1_29-179,none,monomer,genus:Oppiella,140-162
A0A813PNG5_IPR045860_1_23-112,none,monomer,genus:Brachionus,72-95
A0A814QBV6_IPR031424_1_24-108,none,monomer,genus:Adineta,72-95
A0A815JAL4_IPR031424_1_21-111,Quiver,monomer,genus:Adineta,72-95
A0A818IS47_IPR031424_1_23-115,Quiver,monomer,class:Eurotatoria,72-95
A0A821T4J9_IPR031424_1_37-125,mostly_Quiver,monomer,class:Eurotatoria,72-95
A0A834IJZ1_IPR031424_1_21-82,none,monomer,genus:Rhynchophorus,50-72
A0A834N6U9_IPR031424_2_223-312,none,multimer,genus:Vespula,72-95
A0A8B6CMH3_IPR045860_1_143-244,Quiver,monomer,genus:Mytilus,95-117
A0A8B7PG83_IPR045860_1_18-113,none,monomer,genus:Hyalella,95-117
A0A8I6RMI4_IPR031424_1_20-124,none,monomer,genus:Cimex,95-117
A0A8J2QPS0_IPR031424_1_23-135,none,monomer,genus:Danaus,95-117
A0A8J5MU39_IPR031424_1_24-110,none,monomer,genus:Homarus,72-95
A0A8R2AB21_IPR031424_1_28-124,mixture,monomer,family:Aphididae,95-117
A0A8S1CNQ4_IPR031424_1_20-107,none,monomer,genus:Cloeon,72-95
A0A8T0FUT7_IPR031424_1_34-121,Quiver,monomer,order:Araneae,72-95
A0A8W8J6H0_IPR031424_1_9-100,mixture,monomer,genus:Magallana,72-95
A0A914WJK0_IPR031424_1_20-145,none,monomer,genus:Plectus,117-140
A0A9D4RKG3_IPR031424_1_3-99,mixture,monomer,genus:Dreissena,95-117
A0A9J6CMN1_IPR031424_1_155-254,none,monomer,genus:Polypedilum,95-117
A0A9N9MUQ3_IPR031424_1_21-123,Quiver,monomer,genus:Ceutorhynchus,95-117
A0A9N9SDS8_IPR045860_1_73-169,mixture,monomer,order:Coleoptera,72-95
A0A9N9WRV6_IPR031424_1_23-109,none,monomer,genus:Chironomus,72-95
A0A9P0BYD5_IPR031424_1_20-129,mixture,mixture,family:Noctuidae,95-117
A0A9W3BLY9_IPR031424_1_24-119,none,monomer,genus:Biomphalaria,95-117
A0AA38HZA9_IPR031424_1_21-113,none,monomer,genus:Zophobas,72-95
A0AA85BUV8_IPR031424_1_32-131,mixture,monomer,class:Trematoda,95-117
A0AAE1H7P7_IPR045860_1_86-176,mixture,monomer,family:Thripidae,72-95
A0AAJ7BN98_IPR045860_1_17-110,none,monomer,genus:Cephus,72-95
A0AAN5D6K6_IPR045860_1_14-103,mixture,monomer,genus:Pristionchus,72-95
A0AAN9VRP4_IPR031424_1_30-141,none,monomer,genus:Gryllus,95-117
A0AAW1AL03_IPR031424_1_24-149,none,monomer,family:Apidae,117-140
A0AAW1UKT1_IPR045860_1_18-116,Quiver,monomer,genus:Henosepilachna,95-117
A0ABD0LGR0_IPR031424_1_26-105,none,monomer,genus:Batillaria,72-95
A0ABD0ZAU0_IPR031424_1_22-114,none,monomer,genus:Ranatra,72-95
A0ABD2MJ50_IPR045860_1_24-111,none,monomer,genus:Cryptolaemus,72-95
B3MU75_IPR031424_1_25-123,none,monomer,genus:Drosophila,95-117
B4G718_IPR031424_1_21-122,none,mixture,family:Drosophilidae,95-117
N6T0J2_IPR031424_1_23-143,none,monomer,genus:Dendroctonus,117-140
R7VJG2_IPR031424_1_52-133,none,monomer,genus:Capitella,72-95
T1FUF4_IPR031424_1_25-104,none,monomer,genus:Helobdella,72-95
T1JQ64_IPR031424_1_11-108,none,monomer,genus:Tetranychus,95-117
U6JI44_IPR031424_1_32-127,mixture,monomer,order:Cyclophyllidea,95-117
A0A6J1ZSF3_IPR051445_1_2-70,none,monomer,genus:Acinonyx,50-72
A0A087UMI9_IPR045860_1_23-108,none,monomer,order:Araneae,72-95
A0A095A0M7_IPR045860_1_24-95,mixture,monomer,genus:Schistosoma,50-72
A0A0A0QTC2_IPR045860_1_68-147,mixture,mixture,family:Salamandridae,72-95
A0A0A0QUX4_IPR045860_1_18-69,SPF,monomer,genus:Notophthalmus,50-72
A0A0A1X867_IPR045860_1_114-174,mixture,monomer,order:Diptera,50-72
A0A0B1TTD3_IPR045860_1_101-186,none,multimer,genus:Oesophagostomum,72-95
A0A0C2MUM4_IPR045860_1_13-89,none,monomer,genus:Thelohanellus,72-95
A0A0K0EXV1_IPR045860_1_15-94,none,monomer,family:Strongyloididae,72-95
A0A0N4VKP3_IPR045860_1_2-91,none,monomer,genus:Enterobius,72-95
A0A0N5AVA4_IPR045860_1_18-110,Ly6,monomer,genus:Syphacia,72-95
A0A132AK87_IPR045860_1_1-102,none,monomer,genus:Sarcoptes,95-117
A0A158Q700_IPR045860_1_49-149,none,monomer,order:Rhabditida,95-117
A0A183CH39_IPR045860_1_2-95,none,monomer,genus:Globodera,72-95
A0A1A7WKF6_IPR045860_1_34-129,none,monomer,phylum:Chordata,95-117
A0A1A8FGV4_IPR045860_1_22-104,none,monomer,family:Nothobranchiidae,72-95
A0A1B0B4X7_IPR045860_1_30-129,none,monomer,genus:Glossina,95-117
A0A1B4ZDC1_IPR045860_1_62-140,none,monomer,genus:Procambarus,72-95
A0A1D2MHZ4_IPR045860_1_27-127,none,monomer,genus:Orchesella,95-117
A0A1I7Y7B6_IPR045860_1_22-95,none,monomer,genus:Steinernema,72-95
A0A1I9RYF8_IPR045860_1_28-128,none,monomer,genus:Scylla,95-117
A0A1S3H0E3_IPR045860_1_237-319,none,monomer,genus:Lingula,72-95
A0A1X7VMF3_IPR045860_1_25-96,none,monomer,genus:Amphimedon,50-72
A0A210QK44_IPR045860_1_26-101,none,monomer,genus:Mizuhopecten,72-95
A0A267FE13_IPR045860_1_77-159,none,monomer,genus:Macrostomum,72-95
A0A2A6CAH4_IPR045860_1_67-148,none,monomer,genus:Pristionchus,72-95
A0A2B4S8H5_IPR045860_1_133-212,none,monomer,order:Scleractinia,72-95
A0A2C9LSR6_IPR045860_1_27-115,Ly6,monomer,genus:Biomphalaria,72-95
A0A2I0TMY7_IPR045860_1_43-134,none,monomer,genus:Limosa,72-95
A0A2I4D191_IPR045860_1_20-120,none,monomer,genus:Austrofundulus,95-117
A0A2J8N5D4_IPR045860_1_5-108,none,monomer,phylum:Chordata,95-117
A0A3B3SSE3_IPR045860_1_18-94,Ly6,monomer,genus:Paramormyrops,72-95
A0A3B3ULR2_IPR045860_3_17-104,none,multimer,order:Cyprinodontiformes,72-95
A0A3N0XIL7_IPR045860_1_20-95,none,monomer,genus:Anabarilius,72-95
A0A3P7HPH2_IPR045860_1_12-82,none,monomer,order:Rhabditida,50-72
A0A3P8QXZ7_IPR045860_1_18-90,Ly6,monomer,family:Cichlidae,72-95
A0A3Q2QH09_IPR045860_1_18-101,none,monomer,genus:Fundulus,72-95
A0A3Q4BN92_IPR045860_1_20-118,none,monomer,genus:Mola,95-117
A0A3Q4HYL5_IPR045860_1_18-73,none,monomer,genus:Neolamprologus,50-72
A0A3S1B3H6_IPR045860_1_37-134,Quiver,monomer,genus:Elysia,95-117
A0A401SVQ4_IPR045860_1_59-152,none,monomer,class:Chondrichthyes,95-117
A0A4C1YA56_IPR045860_1_194-282,none,monomer,genus:Eumeta,72-95
A0A4E0RFG8_IPR045860_1_8-101,none,monomer,genus:Fasciola,72-95
A0A5E4MDZ6_IPR045860_1_24-124,none,monomer,family:Aphididae,95-117
A0A665SX48_IPR045860_1_19-78,Ly6,monomer,genus:Echeneis,50-72
A0A665VVP8_IPR045860_1_46-118,none,monomer,genus:Echeneis,72-95
A0A669FAX0_IPR045860_1_28-142,none,monomer,family:Cichlidae,95-117
A0A671KMJ2_IPR045860_1_52-125,none,monomer,genus:Sinocyclocheilus,72-95
A0A671YU03_IPR045860_1_1-63,none,monomer,class:Actinopteri,50-72
A0A672NS07_IPR045860_1_22-123,none,monomer,class:Actinopteri,95-117
A0A672ZLK8_IPR045860_1_31-114,Ly6,monomer,genus:Sphaeramia,72-95
A0A6A5ELH6_IPR045860_1_30-129,none,monomer,family:Percidae,95-117
A0A6F9A4Q4_IPR045860_1_10-100,none,monomer,genus:Coregonus,72-95
A0A6J2W299_IPR045860_1_29-134,none,monomer,class:Actinopteri,95-117
A0A6J3L9N4_IPR045860_1_23-125,none,monomer,order:Hymenoptera,95-117
A0A6J8BIZ3_IPR045860_1_35-125,mixture,mixture,genus:Mytilus,72-95
A0A6P6HJT1_IPR045860_1_123-183,mostly_Ly6,mixture,class:Mammalia,50-72
A0A6P7T7X0_IPR045860_1_17-111,none,monomer,genus:Octopus,72-95
A0A6P8ILM6_IPR045860_1_293-381,none,monomer,genus:Actinia,72-95
A0A6P8TXE5_IPR045860_1_24-108,none,monomer,order:Perciformes,72-95
A0A6S7IEC4_IPR045860_1_38-113,none,monomer,genus:Paramuricea,72-95
A0A7E4W473_IPR045860_1_18-115,Ly6,monomer,genus:Panagrellus,95-117
A0A7I8WE53_IPR045860_1_16-88,none,monomer,genus:Dimorphilus,72-95
A0A7M5VET2_IPR045860_1_1-98,none,monomer,genus:Clytia,95-117
A0A7M7H913_IPR045860_1_42-137,none,monomer,genus:Nasonia,95-117
A0A7R8UC18_IPR045860_1_57-164,none,monomer,genus:Hermetia,95-117
A0A813PZ80_IPR045860_1_21-87,none,monomer,genus:Brachionus,50-72
A0A813XUB4_IPR045860_1_37-134,none,monomer,genus:Adineta,95-117
A0A815E9Z7_IPR045860_1_25-97,none,monomer,genus:Adineta,72-95
A0A816L6J3_IPR045860_1_26-92,none,monomer,class:Eurotatoria,50-72
A0A817QT04_IPR045860_1_19-92,none,monomer,genus:Rotaria,72-95
A0A818U6W1_IPR045860_1_9-102,mixture,monomer,class:Eurotatoria,72-95
A0A820FJV8_IPR045860_1_24-94,none,monomer,genus:Adineta,50-72
A0A820SNE3_IPR045860_1_69-132,none,monomer,genus:Rotaria,50-72
A0A834ISU1_IPR045860_1_67-165,none,monomer,family:Curculionidae,95-117
A0A834R739_IPR045860_1_124-237,none,monomer,genus:Sarcoptes,95-117
A0A8B6EHL6_IPR045860_1_24-128,none,monomer,genus:Mytilus,95-117
A0A8B7DCD2_IPR045860_1_445-525,none,monomer,genus:Hydra,72-95
A0A8C5PAK2_IPR045860_1_22-119,none,monomer,genus:Leptobrachium,95-117
A0A8C6T255_IPR045860_1_24-88,none,monomer,genus:Neogobius,50-72
A0A8C7RXZ2_IPR045860_1_15-97,Ly6,monomer,genus:Oncorhynchus,72-95
A0A8C8VL89_IPR045860_1_23-122,none,monomer,genus:Pelusios,95-117
A0A8C9QCN6_IPR045860_1_18-95,none,monomer,family:Sciuridae,72-95
A0A8C9TMD6_IPR045860_1_23-99,none,monomer,order:Osteoglossiformes,72-95
A0A8D8EYL6_IPR045860_1_27-148,none,monomer,genus:Culex,117-140
A0A8J6EW36_IPR045860_2_34-147,none,multimer,order:Anura,95-117
A0A8K0G036_IPR045860_1_19-99,none,monomer,genus:Ignelater,72-95
A0A8R1HKM4_IPR045860_1_35-104,none,monomer,genus:Caenorhabditis,50-72
A0A8S1F3X5_IPR045860_1_28-94,none,monomer,genus:Caenorhabditis,50-72
A0A8S3ZKU0_IPR045860_1_27-120,none,monomer,genus:Candidula,72-95
A0A8S4GCV6_IPR045860_1_39-147,none,monomer,genus:Plutella,95-117
A0A8T1RYH4_IPR045860_1_98-187,Ly6,monomer,genus:Chelydra,72-95
A0A8T2IT31_IPR045860_1_26-98,Ly6,monomer,genus:Hymenochirus,72-95
A0A8X6I7U0_IPR045860_1_1-74,none,monomer,genus:Trichonephila,72-95
A0A914AUD8_IPR045860_1_1-58,none,monomer,genus:Patiria,50-72
A0A914IDC6_IPR045860_1_41-96,none,monomer,genus:Globodera,50-72
A0A914Z0P7_IPR045860_1_116-196,none,monomer,genus:Panagrolaimus,72-95
A0A915ELA4_IPR045860_1_23-105,none,monomer,order:Rhabditida,72-95
A0A974CNI0_IPR045860_1_268-382,none,multimer,genus:Xenopus,95-117
A0A9D3BHB1_IPR045860_1_1-82,Ly6,multimer,genus:Nothobranchius,72-95
A0A9D4NFD4_IPR045860_1_116-194,none,monomer,genus:Dreissena,72-95
A0A9J6CM58_IPR045860_1_42-139,none,monomer,genus:Polypedilum,95-117
A0A9J7HJT3_IPR045860_1_19-121,Ly6,monomer,genus:Branchiostoma,95-117
A0A9N9XNL3_IPR045860_1_81-183,none,monomer,genus:Phyllotreta,95-117
A0A9Q0YDX6_IPR045860_1_30-121,none,monomer,genus:Holothuria,72-95
A0A9W7TAE7_IPR045860_1_9-84,none,monomer,class:Actinopteri,72-95
A0A9W9YJE4_IPR045860_1_18-91,none,monomer,genus:Desmophyllum,72-95
A0A9X0A590_IPR045860_1_17-89,none,monomer,genus:Desmophyllum,72-95
A0A9X0D7A1_IPR045860_1_24-125,none,monomer,order:Scleractinia,95-117
A0AA35KP49_IPR045860_1_114-204,Ly6,monomer,genus:Podarcis,72-95
A0AA35P9T6_IPR045860_1_5-92,none,monomer,genus:Podarcis,72-95
A0AA38HWX9_IPR045860_1_26-102,none,monomer,genus:Zophobas,72-95
A0AA39M1L5_IPR045860_1_19-118,none,monomer,genus:Steinernema,95-117
A0AA85JZU4_IPR045860_1_101-158,Ly6,monomer,genus:Trichobilharzia,50-72
A0AA89BKL3_IPR045860_1_52-133,none,monomer,genus:Pinctada,72-95
A0AA97LK38_IPR045860_1_18-105,none,multimer,genus:Eublepharis,72-95
A0AAD1RWK3_IPR045860_3_34-143,none,multimer,genus:Pelobates,95-117
A0AAD8CZC4_IPR045860_1_37-93,none,monomer,genus:Acipenser,50-72
A0AAD9J155_IPR045860_1_34-121,none,monomer,genus:Paralvinella,72-95
A0AAD9NWP1_IPR045860_1_38-137,none,monomer,genus:Ridgeia,95-117
A0AAE1GTT3_IPR045860_1_161-269,none,monomer,genus:Frankliniella,95-117
A0AAF3FF56_IPR045860_1_110-186,none,monomer,genus:Mesorhabditis,72-95
A0AAJ7BQU2_IPR045860_1_31-132,none,monomer,genus:Cephus,95-117
A0AAJ7WMP4_IPR045860_1_31-135,none,monomer,phylum:Chordata,95-117
A0AAN4ZCS2_IPR045860_1_16-96,none,monomer,genus:Pristionchus,72-95
A0AAN5D9D3_IPR045860_1_41-124,none,monomer,genus:Pristionchus,72-95
A0AAU7YE02_IPR045860_1_64-131,none,monomer,genus:Nidirana,50-72
A0AAU9WZ61_IPR045860_1_2-91,mixture,monomer,genus:Pocillopora,72-95
A0AAU9XRL6_IPR045860_1_17-119,none,monomer,genus:Pocillopora,95-117
A0AAV2PHC3_IPR045860_1_24-109,none,monomer,genus:Meganyctiphanes,72-95
A0AAV2ZKI5_IPR045860_1_17-100,Ly6,multimer,genus:Pyxicephalus,72-95
A0AAV5TAP5_IPR045860_1_21-102,Ly6,monomer,genus:Pristionchus,72-95
A0AAV5VKY5_IPR045860_1_146-225,none,monomer,genus:Pristionchus,72-95
A0AAV6UCG6_IPR045860_1_45-144,none,monomer,order:Araneae,95-117
A0AAV6Z6N2_IPR045860_1_58-141,mixture,mixture,genus:Engystomops,72-95
A0AAV6ZQV5_IPR045860_3_24-109,SPF,multimer,genus:Engystomops,72-95
A0AAV7T9C4_IPR045860_1_19-85,none,monomer,genus:Pleurodeles,50-72
A0AAW0I5F5_IPR045860_1_21-105,none,monomer,genus:Myodes,72-95
A0AAW0T1I8_IPR045860_1_22-103,none,monomer,genus:Scylla,72-95
A0AAW1F7L9_IPR045860_1_19-88,mixture,monomer,order:Perciformes,50-72
A0AAY4BY05_IPR045860_1_22-139,none,multimer,genus:Denticeps,117-140
A0ABD0P4M1_IPR045860_1_21-80,none,monomer,genus:Cirrhinus,50-72
A0ABD0WE48_IPR045860_1_101-167,none,monomer,genus:Umbra,50-72
A0ABD1DX19_IPR045860_1_9-71,none,monomer,genus:Culex,50-72
A0ABD2I005_IPR045860_1_15-114,none,monomer,genus:Heterodera,95-117
B4GU16_IPR045860_1_105-181,none,monomer,genus:Drosophila,72-95
F4WLL2_IPR045860_1_39-136,none,monomer,genus:Acromyrmex,95-117
G3EQ37_IPR045860_1_20-80,none,monomer,genus:Plethodon,50-72
G3I8I4_IPR045860_1_146-217,none,monomer,genus:Cricetulus,50-72
H2U5I5_IPR045860_1_19-100,none,monomer,genus:Takifugu,72-95
K1QBY2_IPR045860_1_28-115,none,monomer,family:Ostreidae,72-95
K9M283_IPR045860_1_28-131,none,monomer,family:Pectinidae,95-117
P0DPY0_IPR045860_1_22-106,Scoloptoxin,monomer,genus:Ethmostigmus,72-95
Q8VE86_IPR045860_2_32-115,none,multimer,genus:Mus,72-95
T1JCK3_IPR045860_1_17-101,none,monomer,genus:Strigamia,72-95
Centipede3FTx_0004_61981,manually_annotated,monomer,class:Chilopoda,95-117
Centipede3FTx_0036_60158,manually_annotated,monomer,class:Chilopoda,72-95
Centipede3FTx_0068_1255758,manually_annotated,monomer,class:Chilopoda,95-117
Centipede3FTx_0100_984703,manually_annotated,monomer,class:Chilopoda,95-117
Centipede3FTx_0132_1255758,manually_annotated,monomer,class:Chilopoda,117-140
A0A4X2LJP8_IPR042339_1_1-120,Ly6,monomer,class:Mammalia,95-117
A0A7J8BBH3_IPR042339_1_1-127,Ly6,monomer,genus:Molossus,117-140
A0A098LWQ5_IPR045860_1_13-80,3FTx,monomer,genus:Python,50-72
A0AA35LG58_IPR045860_1_21-97,none,monomer,genus:Podarcis,72-95
A0AAV5TNH1_IPR003571_1_21-84,none,monomer,genus:Pristionchus,50-72
A7X3P8_IPR045860_1_13-77,3FTx,monomer,genus:Erythrolamprus,50-72
D5J9P2_IPR045860_1_12-84,3FTx,monomer,genus:Bungarus,72-95
P01379_IPR045860_1_13-87,none,monomer,genus:Laticauda,72-95
P01414_IPR045860_1_1-60,none,monomer,genus:Dendroaspis,50-72
P60615_IPR045860_1_14-95,none,monomer,family:Elapidae,72-95
U3T794_IPR045860_1_14-89,3FTx,monomer,genus:Protobothrops,72-95
A0A8C8T5K9_IPR026110_1_35-140,none,monomer,genus:Peromyscus,95-117
G1SU48_IPR026110_1_1-139,none,monomer,genus:Oryctolagus,117-140
A0A060Y2T9_IPR016054_1_20-112,Ly6,monomer,class:Actinopteri,72-95
A0A2G9R4J1_IPR045860_1_1-65,none,monomer,genus:Aquarana,50-72
A0A3B3CGG4_IPR016054_2_18-111,Ly6,multimer,genus:Oryzias,72-95
A0A3B3XDD9_IPR045860_1_53-121,Ly6,mixture,family:Poeciliidae,72-95
A0A3B5QLV9_IPR016054_1_12-75,Ly6,multimer,genus:Xiphophorus,50-72
A0A3N0YV41_IPR016054_1_20-109,Ly6,multimer,genus:Anabarilius,72-95
A0A3P9H425_IPR045860_2_20-132,Ly6,multimer,genus:Oryzias,95-117
A0A3Q0RBA5_IPR016054_1_19-93,Ly6,monomer,genus:Amphilophus,72-95
A0A401Q2C1_IPR016054_1_199-279,Ly6,multimer,genus:Scyliorhinus,72-95
A0A5G3JTB9_IPR045860_1_21-112,none,monomer,genus:Xenopus,72-95
A0A667ZGB3_IPR016054_2_111-194,Ly6,multimer,genus:Myripristis,72-95
A0A670I9D7_IPR045860_1_18-70,none,monomer,genus:Podarcis,50-72
A0A673AYP3_IPR016054_1_19-100,none,multimer,genus:Sphaeramia,72-95
A0A673VDE5_IPR016054_1_25-115,mixture,mixture,class:Mammalia,72-95
A0A6A5E1U4_IPR045860_1_107-184,Ly6,multimer,genus:Perca,72-95
A0A6I8SBU6_IPR045860_1_14-83,none,monomer,genus:Xenopus,50-72
A0A6J2WAC5_IPR016054_1_108-189,Ly6,multimer,genus:Chanos,72-95
A0A6P8Q3T5_IPR045860_1_12-93,Ly6,monomer,genus:Geotrypetes,72-95
A0A7J5YES1_IPR045860_1_19-87,none,monomer,genus:Dissostichus,50-72
A0A7K4YMR2_IPR016054_1_4-89,Ly6,monomer,genus:Bucorvus,72-95
A0A814Y0H2_IPR045860_1_26-105,none,monomer,class:Eurotatoria,72-95
A0A820L598_IPR045860_1_27-77,none,monomer,genus:Adineta,50-72
A0A8C1L1X3_IPR045860_1_17-90,none,monomer,genus:Cyprinus,72-95
A0A8C2Z9T1_IPR016054_1_17-109,Ly6,multimer,genus:Cyclopterus,72-95
A0A8C3SXT0_IPR016054_1_34-124,Ly6,monomer,order:Testudines,72-95
A0A8C6SSQ3_IPR045860_2_15-80,Ly6,multimer,genus:Neogobius,50-72
A0A8E0RNT7_IPR035076_1_36-108,none,monomer,family:Fasciolidae,72-95
A0A8M9PKD7_IPR016054_1_108-181,Ly6,multimer,genus:Danio,72-95
A0A914CFZ1_IPR045860_1_7-82,none,monomer,genus:Acrobeloides,72-95
A0A9D3S5X7_IPR016054_1_19-113,Ly6,multimer,genus:Anguilla,72-95
A0A9Q1B4Z3_IPR045860_1_14-98,none,monomer,genus:Phrynocephalus,72-95
A0AA97JNF9_IPR016054_1_21-103,Ly6,monomer,genus:Eublepharis,72-95
A0AAD3RHC9_IPR045860_1_18-91,mixture,monomer,class:Actinopteri,72-95
A0AAD9NUR5_IPR035076_1_18-89,none,monomer,genus:Ridgeia,50-72
A0AAN9CP69_IPR016054_2_19-109,Ly6,multimer,genus:Phoxinus,72-95
A0AAU9W917_IPR045860_1_17-98,none,monomer,genus:Pocillopora,72-95
A0AAV6GBX4_IPR016054_1_28-117,Ly6,multimer,genus:Alosa,72-95
A0AAV7V002_IPR045860_1_12-99,none,monomer,genus:Pleurodeles,72-95
A0AAW0MGU5_IPR016054_1_35-92,Ly6,multimer,genus:Mugilogobius,50-72
A0AAW1BMD1_IPR045860_1_679-754,mixture,monomer,order:Squamata,72-95
Q4RUW9_IPR016054_1_20-93,Ly6,monomer,genus:Tetraodon,72-95
V9LKR8_IPR045860_1_1-79,none,monomer,genus:Callorhinchus,72-95
A0A026WMK1_IPR016054_1_24-114,Ly6,monomer,genus:Ooceraea,72-95
A0A140IHH1_IPR045860_2_115-194,mixture,mixture,family:Salamandridae,72-95
A0A1S3WNW8_IPR016054_3_143-216,Ly6,multimer,genus:Erinaceus,72-95
A0A2D0SEC2_IPR045860_1_18-104,Ly6,monomer,genus:Ictalurus,72-95
A0A3B5Q9Q7_IPR045860_2_18-96,Ly6,mixture,genus:Xiphophorus,72-95
A0A3Q2D4G6_IPR045860_2_107-183,Ly6,multimer,genus:Cyprinodon,72-95
A0A3Q2TS96_IPR016054_1_20-91,Ly6,monomer,order:Cyprinodontiformes,72-95
A0A3R7DJB9_IPR045860_1_49-124,Ly6,monomer,family:Opisthorchiidae,72-95
A0A4D9DJJ7_IPR016054_1_27-109,Ly6,mixture,order:Testudines,72-95
A0A4X2KQQ5_IPR016054_2_317-383,Ly6,multimer,order:Diprotodontia,72-95
A0A513ZV66_IPR045860_2_113-198,Ly6,multimer,genus:Boana,72-95
A0A5F8HD53_IPR045860_1_12-93,Ly6,monomer,genus:Monodelphis,72-95
A0A667X9W4_IPR045860_1_3-91,Ly6,monomer,genus:Myripristis,72-95
A0A669BT76_IPR016054_1_271-367,Ly6,mixture,class:Actinopteri,72-95
A0A671NU53_IPR045860_1_17-93,mixture,monomer,order:Cypriniformes,72-95
A0A6J0VAA7_IPR045860_2_19-101,Ly6,mixture,genus:Pogona,72-95
A0A6J1V1W8_IPR016054_1_122-214,mixture,mixture,order:Squamata,72-95
A0A6J1XM25_IPR016054_1_143-217,Ly6,mixture,class:Mammalia,72-95
A0A6P3R0X2_IPR045860_1_27-110,Ly6,monomer,family:Pteropodidae,72-95
A0A6P5LTR5_IPR045860_2_21-102,none,multimer,class:Mammalia,72-95
A0A6P6CUH5_IPR045860_2_18-87,Ly6,multimer,genus:Pteropus,50-72
A0A6P6E2Z3_IPR045860_1_25-103,none,monomer,genus:Octodon,72-95
A0A6P7YV38_IPR045860_1_115-195,Ly6,multimer,genus:Microcaecilia,72-95
A0A6P8G8N2_IPR016054_2_39-127,Ly6,multimer,genus:Clupea,72-95
A0A6P8N3W0_IPR016054_2_30-128,Ly6,multimer,order:Gymnophiona,95-117
A0A6P8SIG0_IPR045860_1_116-202,Ly6,multimer,genus:Geotrypetes,72-95
A0A6P8W681_IPR045860_2_1-75,mixture,multimer,order:Perciformes,72-95
A0A7J8C8R7_IPR045860_3_106-187,mixture,mixture,class:Mammalia,72-95
A0A7K9I679_IPR045860_1_1-62,Ly6,monomer,genus:Bucco,50-72
A0A803JWK2_IPR045860_1_111-204,Ly6,multimer,genus:Xenopus,95-117
A0A803KEF3_IPR045860_1_108-198,Ly6,multimer,genus:Xenopus,72-95
A0A811ZZK7_IPR016054_1_29-124,Ly6,monomer,family:Canidae,95-117
A0A8B6CTS5_IPR016054_1_30-117,mixture,monomer,genus:Mytilus,72-95
A0A8B7A033_IPR016054_1_32-101,Ly6,multimer,genus:Orycteropus,50-72
A0A8C2Y434_IPR016054_1_317-382,mostly_Ly6,multimer,order:Artiodactyla,50-72
A0A8C3TC87_IPR045860_1_112-199,mixture,multimer,order:Testudines,72-95
A0A8C5QSE3_IPR045860_2_37-123,Ly6,multimer,genus:Leptobrachium,72-95
A0A8C5RAG8_IPR045860_2_111-201,none,multimer,genus:Leptobrachium,72-95
A0A8C6YE66_IPR045860_1_35-121,mixture,mixture,order:Squamata,72-95
A0A8C7YXH5_IPR016054_2_18-111,Ly6,multimer,genus:Oryzias,72-95
A0A8C9L1Q6_IPR045860_1_60-147,mixture,mixture,class:Mammalia,72-95
A0A8C9PG69_IPR016054_2_55-109,Ly6,multimer,family:Sciuridae,50-72
A0A8I3NU22_IPR045860_1_61-144,Ly6,monomer,family:Canidae,72-95
A0A8J1LF10_IPR016054_1_94-179,Ly6,multimer,genus:Xenopus,72-95
A0A8J6B9L5_IPR045860_1_116-199,Ly6,multimer,genus:Eleutherodactylus,72-95
A0A8T2ILA4_IPR045860_1_65-150,Ly6,monomer,genus:Hymenochirus,72-95
A0A8T2LH67_IPR045860_2_1-61,Ly6,multimer,genus:Astyanax,50-72
A0A913X4U1_IPR016054_1_20-116,Ly6,monomer,genus:Exaiptasia,95-117
A0A974CH32_IPR045860_1_113-199,Ly6,multimer,genus:Xenopus,72-95
A0A974HD66_IPR045860_1_18-105,Ly6,multimer,genus:Xenopus,72-95
A0A9D3XH72_IPR045860_2_135-223,Ly6,mixture,order:Testudines,72-95
A0A9N7YTH0_IPR045860_1_18-110,Ly6,monomer,genus:Pleuronectes,72-95
A0A9Q0X854_IPR045860_1_114-196,Ly6,multimer,genus:Phrynocephalus,72-95
A0A9Q8VIL9_IPR016054_1_26-107,mixture,monomer,unknown,72-95
A0A9W2XS70_IPR045860_1_15-100,Ly6,multimer,genus:Betta,72-95
A0A9X0A8V2_IPR016054_1_5-100,Ly6,multimer,genus:Desmophyllum,95-117
A0AA35KMU7_IPR045860_2_113-189,none,multimer,genus:Podarcis,72-95
A0AA35QPS6_IPR045860_1_170-259,Ly6,mixture,genus:Podarcis,72-95
A0AA88LVB4_IPR016054_2_20-110,Ly6,multimer,genus:Tachysurus,72-95
A0AA88P7G6_IPR045860_2_17-96,mixture,multimer,family:Cyprinidae,72-95
A0AA97JV29_IPR016054_2_20-110,Ly6,multimer,genus:Eublepharis,72-95
A0AA97LHS1_IPR045860_2_257-344,Ly6,multimer,genus:Eublepharis,72-95
A0AAD1T4T1_IPR045860_2_115-198,Ly6,multimer,genus:Pelobates,72-95
A0AAD1WL22_IPR045860_3_113-190,Ly6,multimer,genus:Pelobates,72-95
A0AAD5LGC4_IPR045860_1_19-107,Ly6,monomer,genus:Daphnia,72-95
A0AAD8CPN8_IPR045860_2_18-103,Ly6,multimer,genus:Acipenser,72-95
A0AAD9JMX5_IPR045860_1_29-114,Ly6,monomer,genus:Paralvinella,72-95
A0AAE9F0G5_IPR016054_2_575-667,Ly6,multimer,genus:Caenorhabditis,72-95
A0AAR2J4Y7_IPR016054_1_19-114,Ly6,monomer,genus:Pygocentrus,95-117
A0AAV1FMT6_IPR016054_1_18-112,Ly6,multimer,genus:Xyrichtys,72-95
A0AAV1Q741_IPR016054_1_29-100,Ly6,multimer,genus:Scomber,50-72
A0AAV2K4L0_IPR016054_1_20-108,Ly6,mixture,genus:Knipowitschia,72-95
A0AAV2ZN53_IPR045860_2_2-86,Ly6,multimer,genus:Pyxicephalus,72-95
A0AAV6ZFN2_IPR045860_1_112-188,Ly6,multimer,genus:Engystomops,72-95
A0AAV7BMY5_IPR016054_1_17-110,Ly6,monomer,genus:Engystomops,72-95
A0AAV7PZP9_IPR045860_1_19-104,Ly6,multimer,genus:Pleurodeles,72-95
A0AAV7Q5F4_IPR045860_1_18-108,Ly6,monomer,genus:Pleurodeles,72-95
A0AAW0H6Z6_IPR045860_1_18-90,Ly6,monomer,genus:Myodes,72-95
A0AAW0N3S1_IPR045860_2_120-207,Ly6,multimer,genus:Mugilogobius,72-95
A0AAX6P189_IPR045860_2_27-106,Ly6,multimer,genus:Heterocephalus,72-95
A0AAZ1XRY2_IPR016054_1_18-105,Ly6,multimer,family:Cichlidae,72-95
A0ABD2D8Y3_IPR016054_1_137-216,mostly_Ly6,mixture,class:Mammalia,72-95
A6J8Z1_IPR045860_1_64-122,Ly6,monomer,genus:Rattus,50-72
A6QPE3_IPR045860_1_137-220,Ly6,mixture,order:Artiodactyla,72-95
D3ZNV7_IPR016054_1_47-143,Ly6,monomer,genus:Rattus,95-117
E7F0J8_IPR016054_1_111-198,Ly6,multimer,genus:Danio,72-95
G3T9W6_IPR045860_2_26-113,mixture,mixture,class:Mammalia,72-95
G3VSL7_IPR016054_1_235-305,Ly6,multimer,genus:Sarcophilus,50-72
H9FE63_IPR016054_1_1-64,Ly6,monomer,genus:Macaca,50-72
Q5NC41_IPR045860_2_119-198,mixture,mixture,family:Muridae,72-95
S7N4K4_IPR016054_3_130-204,Ly6,mixture,class:Mammalia,72-95
A0A1L6ZA00_IPR026524_1_1-293,none,mixture,class:Mammalia,275-297
A0A1A8UJ15_IPR039457_1_3-164,Ly6,monomer,genus:Nothobranchius,140-162
A0A3Q4FXM6_IPR039457_1_3-105,Ly6,monomer,genus:Neolamprologus,95-117
A0A7R9G9G7_IPR039457_1_61-171,none,monomer,genus:Notodromas,95-117
A0A067RGE3_IPR031424_1_29-121,none,monomer,genus:Zootermopsis,72-95
A0A0C5B1T1_IPR031424_1_1-109,none,monomer,genus:Megaselia,95-117
A0A0K2UHJ5_IPR031424_1_38-122,Quiver,monomer,genus:Lepeophtheirus,72-95
A0A0L0BZA1_IPR031424_1_38-129,none,monomer,genus:Lucilia,72-95
A0A146MCS9_IPR031424_1_27-126,mixture,monomer,family:Miridae,95-117
A0A182SJ17_IPR045860_1_10-115,none,monomer,genus:Anopheles,95-117
A0A183JD93_IPR031424_1_9-97,mixture,monomer,family:Schistosomatidae,72-95
A0A194QIS5_IPR031424_1_25-123,mixture,monomer,order:Lepidoptera,95-117
A0A1B0CGM9_IPR031424_1_26-139,mixture,monomer,family:Psychodidae,95-117
A0A1D1VGW6_IPR031424_1_24-132,none,monomer,genus:Ramazzottius,95-117
A0A1D2NMT4_IPR031424_1_6-75,none,monomer,genus:Orchesella,50-72
A0A1I8A363_IPR031424_1_5-148,Quiver,monomer,genus:Steinernema,140-162
A0A1I8MA47_IPR031424_1_24-126,none,monomer,genus:Musca,95-117
A0A1J1IYA5_IPR031424_1_21-107,none,monomer,genus:Clunio,72-95
A0A1S3I9B8_IPR031424_1_20-108,Quiver,monomer,genus:Lingula,72-95
A0A1S3JZ57_IPR031424_1_26-137,none,monomer,genus:Lingula,95-117
A0A1V9XC70_IPR031424_1_23-117,mixture,monomer,order:Mesostigmata,72-95
A0A1W0X7H9_IPR031424_1_11-92,Quiver,monomer,genus:Hypsibius,72-95
A0A1Y1KB59_IPR031424_1_23-135,none,monomer,family:Lampyridae,95-117
A0A1Y1NDM1_IPR031424_1_55-158,none,monomer,genus:Photinus,95-117
A0A2R5LFT6_IPR031424_1_28-131,none,monomer,class:Arachnida,95-117
A0A3M7SL07_IPR031424_1_3-79,none,monomer,genus:Brachionus,72-95
A0A3S0ZZC1_IPR031424_1_26-122,mostly_Quiver,monomer,class:Gastropoda,95-117
A0A482XCE7_IPR045860_1_23-122,none,monomer,order:Hemiptera,95-117
A0A4E0QY53_IPR031424_1_43-131,Quiver,monomer,family:Fasciolidae,72-95
A0A553P6H6_IPR031424_1_32-125,none,multimer,genus:Tigriopus,72-95
A0A5N5TH56_IPR031424_1_61-135,none,monomer,genus:Armadillidium,72-95
A0A653DEQ7_IPR045860_1_17-107,none,monomer,genus:Callosobruchus,72-95
A0A6J1WN26_IPR031424_1_24-126,none,monomer,genus:Galleria,95-117
A0A6J2Y6X0_IPR031424_1_22-116,none,monomer,genus:Sitophilus,72-95
A0A6P3UT57_IPR031424_1_24-148,none,monomer,genus:Bombus,117-140
A0A7J7JUS1_IPR045860_1_23-122,Quiver,monomer,genus:Bugula,95-117
A0A7R8CI67_IPR031424_1_6-104,none,monomer,genus:Lepeophtheirus,95-117
A0A7R9I774_IPR031424_1_41-138,mixture,monomer,class:Insecta,95-117
A0A7R9RK28_IPR031424_1_55-150,Quiver,monomer,genus:Argulus,95-117
A0A813PXU6_IPR031424_1_6-103,mostly_Quiver,monomer,class:Eurotatoria,72-95
A0A814QHY7_IPR045860_1_17-100,none,monomer,genus:Rotaria,72-95
A0A820JXJ7_IPR031424_1_2-72,none,monomer,genus:Adineta,50-72
A0A834N6U9_IPR031424_3_25-148,mixture,mixture,family:Vespidae,117-140
A0A834XSW7_IPR031424_1_322-432,none,monomer,genus:Aphidius,95-117
A0A8B8DKL3_IPR031424_1_22-116,none,monomer,genus:Crassostrea,72-95
A0A8I6RMZ1_IPR045860_1_22-116,none,monomer,genus:Cimex,72-95
A0A8K0GIP0_IPR045860_1_21-113,Quiver,monomer,genus:Ignelater,72-95
A0A8S1CNV0_IPR045860_1_20-119,none,monomer,genus:Cloeon,95-117
A0A8S2KJM8_IPR031424_1_23-88,SPF,monomer,genus:Rotaria,50-72
A0A8S4GBM8_IPR045860_1_21-109,none,monomer,genus:Plutella,72-95
A0A914WPV5_IPR031424_1_31-108,none,monomer,genus:Plectus,72-95
A0A9D4GS72_IPR031424_1_24-121,none,monomer,genus:Dreissena,95-117
A0A9D4RWG4_IPR045860_1_20-126,Quiver,monomer,genus:Dreissena,95-117
A0A9J6CMN5_IPR045860_1_22-104,Quiver,monomer,genus:Polypedilum,72-95
A0A9N9MV73_IPR031424_1_29-129,none,monomer,genus:Ceutorhynchus,95-117
A0A9N9SFL3_IPR031424_1_37-130,none,monomer,order:Coleoptera,95-117
A0A9N9WSA4_IPR045860_1_20-117,none,monomer,genus:Chironomus,95-117
A0A9P0FFN9_IPR045860_1_23-113,none,monomer,genus:Brassicogethes,72-95
A0A9P0XCT4_IPR031424_1_56-170,mixture,monomer,order:Lepidoptera,95-117
A0AA36D7T5_IPR031424_1_25-149,Ly6,monomer,genus:Mesorhabditis,117-140
A0AA38I2X6_IPR045860_1_20-110,none,monomer,genus:Zophobas,72-95
A0AA39HSD1_IPR031424_1_28-147,mixture,monomer,order:Rhabditida,117-140
A0AA85C0Q6_IPR031424_1_38-146,mixture,monomer,family:Schistosomatidae,95-117
A0AAD8EMJ0_IPR031424_1_22-136,none,monomer,genus:Diploptera,95-117
A0AAE0VJU8_IPR045860_1_21-117,none,monomer,class:Bivalvia,95-117
A0AAE1HK50_IPR031424_1_25-125,none,monomer,family:Thripidae,95-117
A0AAJ6QRH8_IPR031424_1_21-118,none,monomer,order:Mesostigmata,95-117
A0AAJ7BQ69_IPR045860_1_37-125,Quiver,monomer,genus:Cephus,72-95
A0AAN9VSI3_IPR031424_1_27-123,Quiver,monomer,genus:Gryllus,95-117
A0AAV8W0D4_IPR031424_1_28-130,none,monomer,genus:Exocentrus,95-117
A0AAW2HZ93_IPR031424_1_24-120,none,monomer,genus:Menopon,95-117
A0ABD3T6Z7_IPR031424_1_29-106,none,monomer,genus:Sinanodonta,72-95
A7LI76_IPR045860_1_21-97,mixture,monomer,family:Lampyridae,72-95
B4G719_IPR031424_1_24-125,mixture,mixture,order:Diptera,95-117
B4LLT5_IPR031424_1_27-141,none,monomer,genus:Drosophila,95-117
E2A870_IPR031424_1_10-98,Quiver,monomer,genus:Camponotus,72-95
E9H2D7_IPR031424_1_24-151,mixture,monomer,genus:Daphnia,117-140
N6T3Y6_IPR031424_1_22-120,none,monomer,genus:Dendroctonus,95-117
R7VK05_IPR045860_1_44-123,Quiver,monomer,genus:Capitella,72-95
T1FUF5_IPR045860_1_19-103,Quiver,monomer,genus:Helobdella,72-95
T1JS24_IPR045860_1_21-113,none,monomer,genus:Tetranychus,72-95
V3ZJ60_IPR031424_1_23-119,Quiver,monomer,genus:Lottia,95-117
W5J5I1_IPR031424_1_7-116,mixture,monomer,family:Culicidae,95-117
A0A7J7F9T1_IPR051445_1_46-122,none,monomer,genus:Diceros,72-95
A0A016U7J7_IPR045860_1_34-87,none,monomer,genus:Ancylostoma,50-72
A0A0A1XQV2_IPR045860_1_67-170,none,monomer,family:Tephritidae,95-117
A0A0B1TTD3_IPR045860_2_19-94,none,mixture,genus:Oesophagostomum,72-95
A0A0B5H3N1_IPR045860_1_55-138,mixture,mixture,family:Salamandridae,72-95
A0A0C2NE02_IPR045860_1_3-88,none,monomer,genus:Thelohanellus,72-95
A0A0J9R8L6_IPR045860_1_126-199,none,monomer,genus:Drosophila,72-95
A0A0N4VNQ1_IPR045860_1_34-133,none,monomer,genus:Enterobius,95-117
A0A0V1MK07_IPR045860_1_23-126,none,monomer,genus:Trichinella,95-117
A0A158Q7X3_IPR045860_1_13-95,mixture,monomer,family:Onchocercidae,72-95
A0A1B4ZDC3_IPR045860_1_62-145,none,monomer,genus:Procambarus,72-95
A0A1D2MP95_IPR045860_1_2-105,none,monomer,genus:Orchesella,95-117
A0A1I7YDC7_IPR045860_1_7-78,mixture,monomer,genus:Steinernema,72-95
A0A1S3H0Z1_IPR045860_1_32-107,none,monomer,genus:Lingula,72-95
A0A1V9XGM2_IPR045860_1_3-66,none,monomer,genus:Tropilaelaps,50-72
A0A1X7VNV6_IPR045860_1_29-136,none,monomer,genus:Amphimedon,95-117
A0A210QKE2_IPR045860_1_40-136,none,monomer,genus:Mizuhopecten,95-117
A0A260Z1G3_IPR045860_1_32-105,none,monomer,genus:Caenorhabditis,72-95
A0A2B4S9C7_IPR045860_1_62-146,none,monomer,genus:Stylophora,72-95
A0A2C9LUJ8_IPR045860_1_23-110,none,monomer,genus:Biomphalaria,72-95
A0A336LVE2_IPR045860_1_13-114,none,monomer,genus:Culicoides,95-117
A0A3B3RKH3_IPR045860_2_30-133,none,multimer,genus:Paramormyrops,95-117
A0A3B4CDX4_IPR045860_2_194-280,none,mixture,class:Actinopteri,72-95
A0A3B4WSZ7_IPR045860_1_19-81,Ly6,monomer,genus:Seriola,50-72
A0A3N0XLF4_IPR045860_1_22-82,none,monomer,genus:Anabarilius,50-72
A0A3P9M8F1_IPR045860_1_32-111,mixture,monomer,genus:Oryzias,72-95
A0A3Q4BQZ7_IPR045860_1_22-93,none,monomer,genus:Mola,50-72
A0A3S1BAX6_IPR045860_1_53-150,none,monomer,genus:Elysia,95-117
A0A401NKF0_IPR045860_1_2-81,none,monomer,genus:Scyliorhinus,72-95
A0A411EWG5_IPR045860_1_61-144,none,monomer,genus:Penaeus,72-95
A0A4C1YFT1_IPR045860_1_23-128,none,monomer,genus:Eumeta,95-117
A0A4E0RGI9_IPR045860_1_22-97,mixture,monomer,genus:Fasciola,72-95
A0A4U5NZH1_IPR045860_1_19-101,none,monomer,genus:Steinernema,72-95
A0A4Y2C1M1_IPR045860_1_20-118,none,monomer,order:Araneae,95-117
A0A4Z2HA08_IPR045860_1_24-86,none,monomer,genus:Liparis,50-72
A0A5C6PCE1_IPR045860_1_28-112,Ly6,monomer,genus:Takifugu,72-95
A0A5E4MVK6_IPR045860_1_23-130,none,monomer,genus:Cinara,95-117
A0A5N4AIT7_IPR045860_1_19-102,none,monomer,genus:Photinus,72-95
A0A667WJG5_IPR045860_1_28-104,none,monomer,genus:Myripristis,72-95
A0A671KMV6_IPR045860_1_24-96,none,monomer,family:Cyprinidae,72-95
A0A672ILH2_IPR045860_1_16-101,none,monomer,genus:Salarias,72-95
A0A672ZT36_IPR045860_1_5-83,none,monomer,class:Actinopteri,72-95
A0A674IGQ7_IPR045860_1_26-95,none,monomer,genus:Terrapene,50-72
A0A6A0GZJ4_IPR045860_1_10-60,none,monomer,genus:Hyalella,50-72
A0A6F9CRU5_IPR045860_1_18-121,none,monomer,genus:Coregonus,95-117
A0A6G1R8Z0_IPR045860_1_35-131,none,monomer,genus:Hypotaenidia,95-117
A0A6J0SDZ5_IPR045860_1_77-167,Ly6,monomer,genus:Pogona,72-95
A0A6J0VCS0_IPR045860_2_22-116,none,multimer,family:Agamidae,72-95
A0A6J1S0R8_IPR045860_1_23-102,none,monomer,genus:Frankliniella,72-95
A0A6J2W8S9_IPR045860_1_106-192,none,multimer,genus:Chanos,72-95
A0A6J8C460_IPR045860_1_121-207,none,monomer,genus:Mytilus,72-95
A0A6P3W6C2_IPR045860_1_16-97,none,monomer,order:Clupeiformes,72-95
A0A6P7ITH2_IPR045860_1_18-105,Ly6,multimer,genus:Parambassis,72-95
A0A6P7T8K9_IPR045860_1_50-155,none,monomer,genus:Octopus,95-117
A0A6P8HJ60_IPR045860_1_20-116,none,monomer,genus:Actinia,95-117
A0A6P8INR7_IPR045860_1_166-253,none,monomer,genus:Actinia,72-95
A0A6Q2X5E9_IPR045860_1_17-87,Ly6,monomer,genus:Esox,50-72
A0A7G3AK97_IPR045860_1_21-106,none,monomer,genus:Lutzomyia,72-95
A0A7I8WYF9_IPR045860_1_3-107,none,monomer,genus:Bursaphelenchus,95-117
A0A7J6A278_IPR045860_1_32-92,none,monomer,genus:Ameiurus,50-72
A0A7M5WJI4_IPR045860_1_20-115,none,monomer,genus:Clytia,95-117
A0A7M7HEM6_IPR045860_1_27-114,none,monomer,order:Hymenoptera,72-95
A0A7R9B739_IPR045860_1_2-99,none,monomer,genus:Timema,95-117
A0A7S3GIK9_IPR045860_1_24-89,none,monomer,genus:Palpitomonas,50-72
A0A813Q9C5_IPR045860_1_14-93,none,mixture,class:Eurotatoria,72-95
A0A814D4D4_IPR045860_1_40-103,none,monomer,genus:Adineta,50-72
A0A814NNU2_IPR045860_1_23-125,Quiver,monomer,genus:Adineta,95-117
A0A816A215_IPR045860_1_25-87,none,monomer,genus:Adineta,50-72
A0A819RBX6_IPR045860_1_11-80,mixture,monomer,genus:Adineta,50-72
A0A821FJ71_IPR045860_1_24-94,Ly6,monomer,genus:Rotaria,50-72
A0A834IZL3_IPR045860_1_24-98,none,monomer,genus:Rhynchophorus,72-95
A0A834R8A3_IPR045860_1_1-102,none,monomer,genus:Sarcoptes,95-117
A0A8B7DGG4_IPR045860_1_44-134,none,monomer,genus:Hydra,72-95
A0A8B7N568_IPR045860_1_20-87,Ly6,monomer,genus:Hyalella,50-72
A0A8B8BYK6_IPR045860_1_20-122,none,mixture,family:Ostreidae,72-95
A0A8B8EV84_IPR045860_2_128-205,none,multimer,family:Ostreidae,72-95
A0A8C1K1I4_IPR045860_1_37-146,none,monomer,family:Cyprinidae,95-117
A0A8C4IQN3_IPR045860_1_17-94,none,monomer,genus:Dicentrarchus,72-95
A0A8C4LH24_IPR045860_2_26-108,none,mixture,class:Mammalia,72-95
A0A8C4QER4_IPR045860_1_26-124,none,monomer,genus:Eptatretus,95-117
A0A8C6UW66_IPR045860_1_9-78,none,monomer,genus:Neogobius,50-72
A0A8M1P827_IPR045860_1_25-99,none,monomer,genus:Danio,72-95
A0A8R1I102_IPR045860_1_11-83,none,monomer,genus:Caenorhabditis,72-95
A0A8S4GDS7_IPR045860_1_33-119,none,monomer,genus:Plutella,72-95
A0A8T0AL98_IPR045860_1_67-139,none,monomer,genus:Silurus,72-95
A0A8T0DYC5_IPR045860_1_15-114,none,monomer,genus:Paragonimus,95-117
A0A8X6I8W4_IPR045860_1_77-130,none,monomer,order:Araneae,50-72
A0A913WWH4_IPR045860_1_117-196,none,monomer,order:Actiniaria,72-95
A0A913Y387_IPR045860_1_19-99,none,monomer,genus:Exaiptasia,72-95
A0A914B5I6_IPR045860_1_33-114,none,monomer,order:Valvatida,72-95
A0A914IDL7_IPR045860_1_43-105,none,monomer,genus:Globodera,50-72
A0A914KFY9_IPR045860_1_6-87,none,monomer,genus:Meloidogyne,72-95
A0A914R9M6_IPR045860_1_17-111,Ly6,monomer,genus:Panagrolaimus,72-95
A0A914V035_IPR045860_1_109-169,none,multimer,genus:Plectus,50-72
A0A915ENR7_IPR045860_1_17-123,Ly6,monomer,genus:Ditylenchus,95-117
A0A974HX00_IPR045860_1_27-118,none,monomer,genus:Xenopus,72-95
A0A9D3BHB1_IPR045860_2_90-178,Ly6,multimer,genus:Nothobranchius,72-95
A0A9D3T627_IPR045860_1_31-107,none,monomer,class:Actinopteri,72-95
A0A9D4B431_IPR045860_1_7-87,none,monomer,genus:Mauremys,72-95
A0A9F2WKG4_IPR045860_1_17-104,none,multimer,genus:Python,72-95
A0A9J6CSY3_IPR045860_1_22-115,mixture,mixture,class:Insecta,95-117
A0A9J7HKR3_IPR045860_1_26-112,mixture,monomer,genus:Branchiostoma,72-95
A0A9N9XP27_IPR045860_1_22-125,none,monomer,genus:Phyllotreta,95-117
A0A9P0NTI4_IPR045860_1_22-130,none,monomer,family:Aphididae,95-117
A0A9P1MPX9_IPR045860_1_19-95,none,monomer,genus:Auanema,72-95
A0A9Q0YFA6_IPR045860_1_37-119,none,monomer,genus:Holothuria,72-95
A0A9Q1HTT3_IPR045860_1_932-1002,mixture,monomer,class:Actinopteri,72-95
A0A9R1SX63_IPR045860_1_26-109,none,monomer,genus:Fopius,72-95
A0A9W9YJK8_IPR045860_1_21-91,SPF,monomer,genus:Desmophyllum,50-72
A0A9X0A5C4_IPR045860_1_44-151,Ly6,monomer,genus:Desmophyllum,95-117
A0A9X0D7K9_IPR045860_1_18-112,none,monomer,genus:Desmophyllum,72-95
A0AA35KP89_IPR045860_1_17-99,none,monomer,genus:Podarcis,72-95
A0AA35WXI3_IPR045860_1_192-289,none,monomer,genus:Geodia,95-117
A0AA36CRM6_IPR045860_1_27-97,none,monomer,genus:Mesorhabditis,50-72
A0AA36H002_IPR045860_1_1-57,none,monomer,genus:Cylicocyclus,50-72
A0AA38I2Y1_IPR045860_1_17-119,none,monomer,genus:Zophobas,95-117
A0AA39GXK2_IPR045860_1_38-118,none,monomer,genus:Steinernema,72-95
A0AA39M2L7_IPR045860_1_20-96,Ly6,monomer,genus:Steinernema,72-95
A0AA41MVR8_IPR045860_1_30-107,none,monomer,class:Mammalia,72-95
A0AA85EWQ3_IPR045860_1_109-168,mixture,monomer,genus:Schistosoma,50-72
A0AA85K4Y5_IPR045860_1_12-156,none,monomer,genus:Trichobilharzia,140-162
A0AA88M7S9_IPR045860_1_5-74,Ly6,monomer,genus:Channa,50-72
A0AA89BUG3_IPR045860_1_1658-1753,none,monomer,genus:Pinctada,95-117
A0AA97LK38_IPR045860_2_114-203,none,multimer,genus:Eublepharis,72-95
A0AAD1RZZ7_IPR045860_1_32-107,none,monomer,genus:Pelobates,72-95
A0AAD8D1M7_IPR045860_1_118-193,Ly6,monomer,genus:Acipenser,72-95
A0AAD9J7P5_IPR045860_1_151-233,none,monomer,genus:Paralvinella,72-95
A0AAD9P4H3_IPR045860_1_15-76,none,monomer,genus:Ridgeia,50-72
A0AAD9UED8_IPR045860_1_8-97,Quiver,monomer,genus:Ridgeia,72-95
A0AAE0W8S1_IPR045860_1_1743-1820,none,monomer,genus:Potamilus,72-95
A0AAN4ZEY9_IPR045860_1_21-99,none,monomer,genus:Pristionchus,72-95
A0AAN5DA64_IPR045860_1_36-130,none,monomer,genus:Pristionchus,72-95
A0AAN8LXL3_IPR045860_1_17-69,none,monomer,genus:Coregonus,50-72
A0AAU7YE48_IPR045860_1_16-89,none,monomer,genus:Nidirana,72-95
A0AAV2AZN9_IPR045860_1_30-129,none,monomer,family:Araneidae,95-117
A0AAV2PS35_IPR045860_1_18-112,Ly6,monomer,genus:Meganyctiphanes,72-95
A0AAV2ZKI5_IPR045860_2_113-198,Ly6,multimer,genus:Pyxicephalus,72-95
A0AAV4CBI7_IPR045860_1_28-129,none,monomer,genus:Plakobranchus,95-117
A0AAV5TBR6_IPR045860_1_17-112,Ly6,monomer,genus:Pristionchus,95-117
A0AAV7TCB5_IPR045860_1_16-88,none,monomer,genus:Pleurodeles,72-95
A0AAV8Z258_IPR045860_1_15-117,none,monomer,genus:Aromia,95-117
A0AAW1TYU0_IPR045860_1_19-90,none,monomer,genus:Henosepilachna,50-72
A0AAW1V6X0_IPR045860_1_32-126,none,monomer,genus:Henosepilachna,72-95
A0AAY4AH31_IPR045860_1_18-94,none,monomer,order:Clupeiformes,72-95
A0AAY4BY05_IPR045860_2_176-292,none,multimer,genus:Denticeps,95-117
A0AAY4CVV3_IPR045860_1_106-186,none,multimer,genus:Denticeps,72-95
A0AAZ3ST37_IPR045860_1_12-83,mixture,mixture,family:Salmonidae,50-72
A0ABD0PCD3_IPR045860_1_1-63,none,monomer,genus:Cirrhinus,50-72
A0ABD1EK45_IPR045860_1_22-113,none,monomer,genus:Hypothenemus,72-95
A0ABD1KCF6_IPR045860_1_17-95,none,monomer,order:Clupeiformes,72-95
A0ABD2IBC4_IPR045860_1_21-110,none,monomer,genus:Heterodera,72-95
A0PGA9_IPR045860_1_23-118,none,monomer,genus:Nematostella,95-117
A8XEU4_IPR045860_1_244-322,none,mixture,genus:Caenorhabditis,72-95
G3PXF4_IPR045860_1_61-159,none,monomer,class:Actinopteri,95-117
H2L9T1_IPR045860_1_21-86,Ly6,monomer,genus:Oryzias,50-72
K1QDS8_IPR045860_1_28-127,none,monomer,family:Ostreidae,95-117
M9T271_IPR045860_1_15-79,3FTx,monomer,genus:Aspidites,50-72
P0DPY1_IPR045860_1_22-101,Scoloptoxin,monomer,genus:Cormocephalus,72-95
Q9DG71_IPR045860_1_22-115,none,monomer,genus:Lithobates,72-95
T1JCL3_IPR045860_1_16-101,none,monomer,genus:Strigamia,72-95
U4PF43_IPR045860_1_42-94,none,monomer,genus:Caenorhabditis,50-72
Centipede3FTx_0005_61981,manually_annotated,monomer,class:Chilopoda,95-117
Centipede3FTx_0037_60158,manually_annotated,monomer,class:Chilopoda,72-95
Centipede3FTx_0101_984703,manually_annotated,monomer,class:Chilopoda,95-117
Centipede3FTx_0133_1255758,manually_annotated,monomer,class:Chilopoda,117-140
A0A5F4WGV7_IPR042339_1_1-77,none,monomer,genus:Callithrix,72-95
A0A7J8C310_IPR042339_1_1-127,Ly6,monomer,genus:Rousettus,117-140
A0A8C6HJI3_IPR042339_1_1-124,mixture,monomer,genus:Mus,117-140
A0A098LWU4_IPR045860_1_14-86,3FTx,monomer,family:Colubridae,72-95
A0A194ARE8_IPR045860_1_12-79,3FTx,monomer,genus:Micrurus,50-72
A0A346CI88_IPR045860_1_13-86,3FTx,monomer,genus:Spilotes,72-95
A0AAW0PV41_IPR045860_1_118-204,none,multimer,genus:Mugilogobius,72-95
P01380_IPR045860_1_1-68,none,monomer,genus:Hydrophis,50-72
P18329_IPR003571_1_22-80,none,monomer,genus:Dendroaspis,50-72
P81031_IPR045860_1_1-65,none,monomer,genus:Dendroaspis,50-72
Q53B58_IPR045860_1_13-93,mixture,monomer,family:Elapidae,72-95
V8N212_IPR045860_1_1-80,none,monomer,genus:Ophiophagus,72-95
A0A6P5J6B2_IPR026110_1_5-120,none,monomer,genus:Phascolarctos,95-117
A0A0P6JXP9_IPR016054_1_113-204,Ly6,monomer,class:Mammalia,72-95
A0A1U7U361_IPR016054_1_21-107,Ly6,monomer,genus:Carlito,72-95
A0A2G9RB63_IPR016054_1_21-111,Ly6,monomer,genus:Aquarana,72-95
A0A3B3CGU6_IPR016054_1_301-375,Ly6,multimer,genus:Oryzias,72-95
A0A3B3XDI9_IPR045860_1_55-127,mixture,monomer,genus:Poecilia,72-95
A0A3B5API4_IPR016054_1_19-108,Ly6,multimer,genus:Stegastes,72-95
A0A3B5QLV9_IPR045860_2_86-163,Ly6,multimer,genus:Xiphophorus,72-95
A0A3M0KQ32_IPR045860_1_18-77,none,monomer,genus:Hirundo,50-72
A0A3N0YV41_IPR016054_2_111-189,mixture,mixture,order:Cypriniformes,72-95
A0A3P9IBC2_IPR016054_1_102-186,Ly6,monomer,genus:Oryzias,72-95
A0A3Q2I773_IPR016054_1_29-121,Ly6,monomer,genus:Equus,72-95
A0A401Q2C1_IPR016054_2_285-377,Ly6,multimer,genus:Scyliorhinus,72-95
A0A5A9PCW7_IPR045860_1_109-183,mixture,mixture,genus:Triplophysa,72-95
A0A662YPA2_IPR016054_1_29-122,Ly6,mixture,genus:Acipenser,72-95
A0A668RGG0_IPR045860_1_11-88,mixture,monomer,family:Cichlidae,72-95
A0A673AYP3_IPR016054_2_104-187,none,multimer,genus:Sphaeramia,72-95
A0A6A5E1U4_IPR045860_2_18-101,Ly6,multimer,genus:Perca,72-95
A0A6I8SDI6_IPR016054_1_21-108,Ly6,monomer,genus:Xenopus,72-95
A0A6J2WAC5_IPR016054_2_13-106,Ly6,multimer,genus:Chanos,72-95
A0A6J8B2D5_IPR035076_1_154-226,none,monomer,genus:Mytilus,72-95
A0A6P6NGS7_IPR016054_1_20-107,mixture,multimer,family:Cyprinidae,72-95
A0A6P7WSC1_IPR016054_1_21-102,Ly6,monomer,genus:Microcaecilia,72-95
A0A6P8QF03_IPR016054_1_209-293,Ly6,monomer,genus:Geotrypetes,72-95
A0A813X3U6_IPR045860_1_18-96,none,monomer,genus:Brachionus,72-95
A0A818IE83_IPR045860_1_18-96,none,monomer,genus:Rotaria,72-95
A0A8B8EUU6_IPR045860_1_2518-2588,none,multimer,genus:Crassostrea,50-72
A0A8C1Q523_IPR016054_2_15-105,mixture,mixture,order:Cypriniformes,72-95
A0A8C2AHV0_IPR016054_1_106-185,none,multimer,genus:Cyprinus,72-95
A0A8C3SY98_IPR045860_1_8-69,none,monomer,genus:Chelydra,50-72
A0A8C4N8H3_IPR045860_1_26-103,none,monomer,genus:Eptatretus,72-95
A0A8C5SB45_IPR045860_1_12-76,none,monomer,genus:Laticauda,50-72
A0A8C8RHX5_IPR016054_1_17-103,mixture,monomer,order:Testudines,72-95
A0A8J1IVG4_IPR045860_1_14-83,none,monomer,genus:Xenopus,50-72
A0A8J4TVL5_IPR016054_1_50-130,Ly6,monomer,genus:Clarias,72-95
A0A8M9PKD7_IPR016054_2_18-106,Ly6,multimer,genus:Danio,72-95
A0A8S3V306_IPR045860_1_25-100,none,monomer,genus:Mytilus,72-95
A0A8T1S329_IPR045860_1_1-67,none,monomer,genus:Chelydra,50-72
A0A8T3CUP2_IPR016054_2_18-111,Ly6,multimer,genus:Albula,72-95
A0A914DLS4_IPR045860_1_14-72,none,monomer,genus:Acrobeloides,50-72
A0A9L0IQX5_IPR016054_1_21-107,mostly_Ly6,monomer,class:Mammalia,72-95
A0A9Q1B5F0_IPR016054_1_21-103,Ly6,monomer,genus:Phrynocephalus,72-95
A0A9W2XCH4_IPR016054_2_18-109,Ly6,multimer,genus:Betta,72-95
A0AA36GTZ2_IPR045860_1_14-99,none,monomer,genus:Cylicocyclus,72-95
A0AAD9QDX3_IPR045860_1_18-106,none,monomer,genus:Acropora,72-95
A0AAV6GBX4_IPR016054_2_123-204,Ly6,multimer,genus:Alosa,72-95
A0AAV7V0G1_IPR016054_1_75-154,Ly6,monomer,genus:Pleurodeles,72-95
A0AAW2AWB5_IPR045860_1_12-75,none,monomer,order:Cypriniformes,50-72
A0AB32TH96_IPR016054_1_70-149,Ly6,multimer,genus:Danio,72-95
A0ABD3WX20_IPR035076_1_66-132,none,monomer,genus:Sinanodonta,50-72
Q4T653_IPR045860_1_11-78,none,monomer,genus:Tetraodon,50-72
V9LKU2_IPR045860_1_17-90,none,monomer,genus:Callorhinchus,72-95
A0A835ZW53_IPR038773_1_63-169,none,monomer,family:Bovidae,95-117
A0A061I206_IPR016054_1_677-741,mixture,multimer,order:Rodentia,50-72
A0A096MEG2_IPR045860_1_17-103,Ly6,monomer,genus:Poecilia,72-95
A0A0E3N2N2_IPR045860_2_93-177,Ly6,multimer,genus:Notophthalmus,72-95
A0A125S9K4_IPR045860_2_18-107,Ly6,multimer,genus:Ambystoma,72-95
A0A140IHH2_IPR045860_1_116-201,Ly6,multimer,genus:Cynops,72-95
A0A151NUL4_IPR016054_1_22-105,mixture,monomer,phylum:Chordata,72-95
A0A1S3EKN4_IPR016054_1_22-100,Ly6,monomer,genus:Dipodomys,72-95
A0A1S3GKE7_IPR051445_1_27-150,mixture,monomer,class:Mammalia,117-140
A0A1U7SQ55_IPR045860_2_113-194,Ly6,mixture,genus:Alligator,72-95
A0A1U8DN45_IPR045860_2_17-105,none,mixture,genus:Alligator,72-95
A0A2I4CZA7_IPR016054_1_112-198,Ly6,multimer,genus:Austrofundulus,72-95
A0A2J8RT97_IPR045860_2_84-152,none,multimer,family:Hominidae,50-72
A0A2K6TVK7_IPR051445_1_30-103,Ly6,monomer,genus:Saimiri,72-95
A0A3B4T203_IPR016054_1_23-108,none,monomer,genus:Seriola,72-95
A0A3B4Z8W0_IPR045860_1_4-92,mixture,mixture,class:Actinopteri,72-95
A0A3B5QJC5_IPR045860_1_22-98,mixture,monomer,order:Cyprinodontiformes,72-95
A0A3M6V286_IPR016054_1_177-258,mixture,multimer,family:Pocilloporidae,72-95
A0A3Q1HG57_IPR016054_1_112-196,mixture,mixture,family:Pomacentridae,72-95
A0A452F761_IPR016054_1_21-99,Ly6,monomer,order:Artiodactyla,72-95
A0A4X2KQQ5_IPR016054_3_238-295,Ly6,multimer,order:Diprotodontia,50-72
A0A513ZV70_IPR045860_1_114-205,Ly6,multimer,genus:Boana,72-95
A0A556U029_IPR016054_2_20-107,Ly6,multimer,genus:Bagarius,72-95
A0A5E4ACG7_IPR016054_2_8-79,Ly6,multimer,genus:Marmota,50-72
A0A5N3WE50_IPR016054_1_24-122,mostly_Ly6,monomer,order:Artiodactyla,95-117
A0A667XJI6_IPR045860_1_19-92,Ly6,monomer,genus:Myripristis,72-95
A0A672K6Q2_IPR045860_1_1-68,Ly6,multimer,family:Cyprinidae,50-72
A0A6A1Q7Y6_IPR051445_1_50-140,mixture,monomer,class:Mammalia,72-95
A0A6I8S163_IPR045860_1_21-113,Ly6,monomer,genus:Xenopus,72-95
A0A6J0SE76_IPR045860_1_61-144,Ly6,monomer,genus:Pogona,72-95
A0A6J0VCR0_IPR045860_1_113-195,Ly6,multimer,genus:Pogona,72-95
A0A6P6D9J9_IPR016054_1_23-106,Ly6,multimer,genus:Octodon,72-95
A0A6P7I1H2_IPR045860_1_17-101,Ly6,multimer,genus:Parambassis,72-95
A0A6P7YV38_IPR045860_2_18-104,Ly6,multimer,genus:Microcaecilia,72-95
A0A6P8G8X9_IPR016054_1_111-196,Ly6,multimer,genus:Clupea,72-95
A0A6P8N5W7_IPR016054_1_37-132,Ly6,multimer,genus:Geotrypetes,95-117
A0A7J7F0G0_IPR016054_2_131-204,Ly6,multimer,class:Mammalia,72-95
A0A7J8C8R7_IPR045860_4_303-387,Ly6,multimer,genus:Molossus,72-95
A0A803KEF3_IPR045860_2_18-101,Ly6,multimer,genus:Xenopus,72-95
A0A811ZZN7_IPR051445_1_4-129,Ly6,monomer,genus:Nyctereutes,117-140
A0A836CX51_IPR016054_3_229-297,mostly_Ly6,multimer,order:Artiodactyla,50-72
A0A8B7TZB2_IPR016054_1_32-126,Ly6,monomer,genus:Castor,72-95
A0A8C0PKD0_IPR051445_1_3-135,Ly6,monomer,family:Canidae,117-140
A0A8C2UL28_IPR016054_1_178-274,mixture,multimer,order:Rodentia,72-95
A0A8C4UBW7_IPR045860_2_16-104,mixture,multimer,class:Aves,72-95
A0A8C5N301_IPR016054_1_19-114,Ly6,monomer,genus:Gouania,95-117
A0A8C5QVV8_IPR045860_3_253-336,Ly6,multimer,genus:Leptobrachium,72-95
A0A8C5RAG8_IPR045860_3_19-101,none,multimer,genus:Leptobrachium,72-95
A0A8C6HP92_IPR051445_1_1-140,mixture,monomer,family:Muridae,117-140
A0A8C6VGQ1_IPR016054_3_121-212,mixture,multimer,order:Squamata,72-95
A0A8C8W2C3_IPR051445_1_2-76,Ly6,monomer,genus:Peromyscus,72-95
A0A8C8YSH0_IPR016054_1_28-110,Ly6,monomer,genus:Prolemur,72-95
A0A8C9B2Y6_IPR016054_2_20-105,Ly6,multimer,order:Artiodactyla,72-95
A0A8I6AS65_IPR016054_1_152-209,Ly6,monomer,genus:Rattus,50-72
A0A8J1LF10_IPR045860_2_185-276,Ly6,multimer,genus:Xenopus,72-95
A0A8J6B9L5_IPR045860_2_20-107,Ly6,mixture,genus:Eleutherodactylus,72-95
A0A8J6L1H1_IPR045860_1_22-112,Ly6,monomer,genus:Microtus,72-95
A0A8S3QAB7_IPR045860_1_85-189,mixture,mixture,genus:Mytilus,95-117
A0A8T0BWX1_IPR045860_1_19-113,Ly6,multimer,genus:Silurus,72-95
A0A8T2IP10_IPR016054_1_120-206,Ly6,multimer,genus:Hymenochirus,72-95
A0A913X4U2_IPR045860_1_17-100,Ly6,monomer,genus:Exaiptasia,72-95
A0A9F2R4M6_IPR016054_1_20-112,Ly6,monomer,genus:Python,72-95
A0A9Q1CIB5_IPR045860_1_34-126,Ly6,monomer,genus:Holothuria,72-95
A0A9X0A8V2_IPR016054_2_103-202,Ly6,multimer,genus:Desmophyllum,95-117
A0AA35KQ17_IPR045860_1_325-408,Ly6,monomer,genus:Podarcis,72-95
A0AA35QPS6_IPR045860_2_265-348,Ly6,mixture,genus:Podarcis,72-95
A0AA88PF65_IPR016054_1_108-184,mixture,multimer,family:Cyprinidae,72-95
A0AA97LHS1_IPR045860_3_16-107,Ly6,multimer,genus:Eublepharis,72-95
A0AAD1T4T6_IPR016054_1_111-200,Ly6,multimer,genus:Pelobates,72-95
A0AAD1WL22_IPR045860_4_461-548,Ly6,multimer,genus:Pelobates,72-95
A0AAD1WR05_IPR045860_1_18-102,Ly6,multimer,genus:Pelobates,72-95
A0AAD9MXL8_IPR039457_1_382-480,mixture,multimer,genus:Ridgeia,72-95
A0AAN8M3L1_IPR016054_2_121-207,mixture,mixture,genus:Coregonus,72-95
A0AAU9X927_IPR016054_1_21-113,mixture,mixture,family:Pocilloporidae,72-95
A0AAV1FMT6_IPR016054_2_114-197,Ly6,multimer,genus:Xyrichtys,72-95
A0AAV1Q741_IPR045860_2_110-194,Ly6,multimer,genus:Scomber,72-95
A0AAV2ZN95_IPR016054_1_95-165,Ly6,multimer,genus:Pyxicephalus,50-72
A0AAV6YY26_IPR045860_1_66-150,Ly6,monomer,genus:Engystomops,72-95
A0AAV6ZFN2_IPR045860_2_20-103,Ly6,multimer,genus:Engystomops,72-95
A0AAV6ZN42_IPR045860_1_110-192,Ly6,multimer,genus:Engystomops,72-95
A0AAV7PZP9_IPR045860_2_114-196,Ly6,multimer,genus:Pleurodeles,72-95
A0AAV7Q6Y3_IPR045860_1_18-104,Ly6,monomer,genus:Pleurodeles,72-95
A0AAW0N3V0_IPR016054_1_23-118,Ly6,multimer,genus:Mugilogobius,95-117
A0AAW1AY60_IPR045860_1_209-291,mixture,mixture,order:Squamata,72-95
A0AAX6PA07_IPR026524_1_59-190,Ly6,monomer,order:Rodentia,117-140
A0AAY4EFA6_IPR016054_1_25-104,Ly6,monomer,genus:Denticeps,72-95
A0ABC9XRS3_IPR016054_1_20-96,Ly6,multimer,genus:Grus,72-95
A0ABD2H2Y7_IPR045860_1_106-171,mixture,mixture,order:Perciformes,50-72
D3ZP75_IPR016054_1_20-106,Ly6,multimer,family:Muridae,72-95
G3VSL7_IPR016054_2_326-401,Ly6,multimer,genus:Sarcophilus,72-95
L9L7X5_IPR016054_2_237-301,Ly6,multimer,class:Mammalia,50-72
Q9PRF7_IPR045860_1_17-103,mixture,multimer,family:Elapidae,72-95
Q9PW13_IPR045860_1_17-107,Ly6,mixture,family:Salamandridae,72-95
V9LDP6_IPR016054_1_104-189,mixture,mixture,genus:Callorhinchus,72-95
A0A667YQE8_IPR039457_1_44-169,Ly6,monomer,genus:Myripristis,117-140
A0A973Y7R9_IPR039457_1_2-64,mixture,monomer,class:Aves,50-72
H9F5C2_IPR039457_1_1-65,Ly6,monomer,genus:Macaca,50-72
R7UJ15_IPR039457_1_7-86,none,monomer,genus:Capitella,72-95
A0A0C5B2S9_IPR031424_1_14-112,none,monomer,genus:Megaselia,95-117
A0A0K2V6G1_IPR031424_1_23-114,none,monomer,genus:Lepeophtheirus,72-95
A0A0L8GTT2_IPR031424_1_32-115,Quiver,monomer,genus:Octopus,72-95
A0A0R3WX22_IPR031424_1_17-116,mixture,monomer,class:Cestoda,95-117
A0A147BCZ9_IPR031424_1_40-126,Quiver,monomer,family:Ixodidae,72-95
A0A183JHQ5_IPR031424_1_21-73,none,monomer,genus:Schistosoma,50-72
A0A1A9ZDC5_IPR045860_1_58-160,mixture,monomer,genus:Glossina,95-117
A0A1B0GLJ9_IPR045860_1_19-102,none,monomer,genus:Lutzomyia,72-95
A0A1B6KW31_IPR031424_1_27-123,none,monomer,order:Hemiptera,95-117
A0A1D1VLF0_IPR031424_1_28-136,none,monomer,genus:Ramazzottius,95-117
A0A1E1W402_IPR031424_1_23-137,none,monomer,genus:Pectinophora,95-117
A0A1I8A5I8_IPR045860_1_16-112,none,monomer,genus:Steinernema,95-117
A0A1J1J0X7_IPR031424_1_21-108,none,monomer,genus:Clunio,72-95
A0A1S3IAK8_IPR031424_1_30-125,Quiver,monomer,genus:Lingula,95-117
A0A1W0X7V4_IPR031424_1_26-113,none,monomer,genus:Hypsibius,72-95
A0A3M7SN61_IPR031424_1_19-107,none,monomer,genus:Brachionus,72-95
A0A443SM47_IPR031424_1_20-82,none,monomer,genus:Leptotrombidium,50-72
A0A482XCT4_IPR045860_1_30-125,none,monomer,genus:Laodelphax,95-117
A0A5K3EWK0_IPR045860_1_22-118,none,monomer,genus:Mesocestoides,95-117
A0A6A4W7X8_IPR031424_1_3-92,none,monomer,genus:Amphibalanus,72-95
A0A6J0CEM8_IPR045860_1_26-117,none,monomer,genus:Neodiprion,72-95
A0A6J2Y798_IPR031424_1_21-116,none,monomer,family:Curculionidae,95-117
A0A6V7THX1_IPR045860_1_2-74,mixture,monomer,genus:Meloidogyne,72-95
A0A7E6FB99_IPR031424_1_26-136,none,monomer,genus:Octopus,95-117
A0A7R8X7B2_IPR045860_1_59-148,none,monomer,genus:Darwinula,72-95
A0A7R9J869_IPR045860_1_6-94,mixture,monomer,class:Insecta,72-95
A0A813PZZ0_IPR045860_1_24-113,Quiver,monomer,genus:Brachionus,72-95
A0A814REP6_IPR031424_1_35-84,none,monomer,genus:Brachionus,50-72
A0A834IMY6_IPR031424_1_24-126,none,monomer,genus:Rhynchophorus,95-117
A0A8B6D6S9_IPR031424_1_23-111,Quiver,monomer,genus:Mytilus,72-95
A0A8B7XLC0_IPR031424_1_22-145,none,monomer,genus:Acanthaster,117-140
A0A8B8E0A5_IPR045860_1_21-123,mixture,monomer,family:Ostreidae,95-117
A0A8I6RNE3_IPR045860_1_21-117,none,monomer,genus:Cimex,95-117
A0A8J2HLQ3_IPR031424_1_923-1012,none,monomer,genus:Cotesia,72-95
A0A8J5QNS9_IPR031424_1_22-117,mixture,mixture,family:Braconidae,95-117
A0A8J9Y1Z9_IPR031424_1_58-155,Quiver,monomer,genus:Brenthis,95-117
A0A8K0GIU4_IPR031424_1_8-112,mixture,monomer,order:Coleoptera,95-117
A0A8S1CQ31_IPR031424_1_28-141,none,monomer,genus:Cloeon,95-117
A0A914WRD0_IPR031424_1_31-144,Quiver,monomer,genus:Plectus,95-117
A0A922CIM0_IPR031424_1_122-221,none,mixture,order:Lepidoptera,95-117
A0A9C6W8C0_IPR031424_1_24-106,none,monomer,genus:Drosophila,72-95
A0A9D4HCE9_IPR031424_1_22-103,Quiver,monomer,genus:Dreissena,72-95
A0A9D4RWP4_IPR031424_1_27-109,Quiver,monomer,genus:Dreissena,72-95
A0A9J6CMV9_IPR031424_1_72-170,Quiver,monomer,genus:Polypedilum,95-117
A0A9N9WWP9_IPR031424_1_24-110,none,monomer,genus:Chironomus,72-95
A0A9P0FMP8_IPR045860_1_23-112,none,monomer,genus:Brassicogethes,72-95
A0AA38I4R4_IPR045860_1_17-108,none,monomer,genus:Zophobas,72-95
A0AA88LE39_IPR031424_1_167-264,none,monomer,genus:Artemia,95-117
A0AAD7ZC59_IPR045860_1_21-105,none,monomer,genus:Diploptera,72-95
A0AAD8EMM5_IPR031424_1_3-113,none,monomer,genus:Diploptera,95-117
A0AAD9RXJ9_IPR031424_1_28-122,none,monomer,order:Hymenoptera,72-95
A0AAE0VKV6_IPR031424_1_42-123,mixture,monomer,family:Unionidae,72-95
A0AAN5DHC4_IPR031424_1_27-113,none,monomer,genus:Pristionchus,72-95
A0AAN8ZVL0_IPR031424_1_21-119,none,monomer,genus:Halocaridina,95-117
A0AAR5QIH0_IPR031424_1_25-121,mixture,monomer,order:Coleoptera,95-117
A0AAU9U4F3_IPR031424_1_28-141,Quiver,monomer,genus:Euphydryas,95-117
A0AAV5UYB8_IPR031424_1_23-140,mixture,monomer,genus:Pristionchus,95-117
A0AAW0TZX0_IPR031424_1_80-181,none,monomer,genus:Scylla,95-117
A0AAW2HZH2_IPR031424_1_23-112,Quiver,monomer,genus:Menopon,72-95
A0ABD3TGY2_IPR031424_1_2-88,none,monomer,genus:Sinanodonta,72-95
B4J723_IPR031424_1_21-132,none,monomer,genus:Drosophila,95-117
E9HBK9_IPR031424_1_26-122,none,monomer,genus:Daphnia,95-117
Q4PM28_IPR031424_1_40-132,none,monomer,genus:Ixodes,72-95
R7VM38_IPR045860_1_22-108,Ly6,monomer,genus:Capitella,72-95
T1JV53_IPR031424_1_23-138,none,monomer,genus:Tetranychus,95-117
V3ZJZ9_IPR031424_1_1-111,Quiver,monomer,genus:Lottia,95-117
A0A7J8BAJ1_IPR051445_1_1-141,none,monomer,genus:Molossus,140-162
A0A084W1Q1_IPR045860_1_23-126,none,monomer,genus:Anopheles,95-117
A0A087UUH5_IPR045860_1_16-113,mixture,mixture,class:Arachnida,95-117
A0A0A9W987_IPR045860_1_19-116,mixture,monomer,order:Hemiptera,95-117
A0A0B2UQY7_IPR045860_1_16-100,none,monomer,genus:Toxocara,72-95
A0A0C5PT78_IPR045860_1_22-96,none,monomer,genus:Mytilus,72-95
A0A0N4VQ31_IPR045860_1_43-123,none,monomer,family:Oxyuridae,72-95
A0A0V0TV85_IPR045860_1_27-134,none,monomer,genus:Trichinella,95-117
A0A0V1MKB2_IPR045860_1_3-89,mixture,monomer,order:Trichinellida,72-95
A0A1A7WS15_IPR045860_1_1-72,none,monomer,genus:Iconisemion,50-72
A0A1B6BX14_IPR045860_1_31-132,none,monomer,genus:Clastoptera,95-117
A0A1D2MS73_IPR045860_1_189-271,none,monomer,genus:Orchesella,72-95
A0A1I7TIX0_IPR045860_1_63-173,none,monomer,genus:Caenorhabditis,95-117
A0A1I8JGU1_IPR045860_1_21-85,mixture,monomer,genus:Macrostomum,50-72
A0A1L8DNX1_IPR045860_1_16-113,mixture,monomer,family:Psychodidae,95-117
A0A1S0U1X3_IPR045860_1_32-109,none,monomer,family:Onchocercidae,72-95
A0A1S3H285_IPR045860_1_125-200,none,monomer,genus:Lingula,72-95
A0A1X7VNX8_IPR045860_1_23-107,none,monomer,genus:Amphimedon,72-95
A0A1Z5KX47_IPR045860_1_37-138,none,monomer,order:Ixodida,95-117
A0A210QM68_IPR045860_1_28-129,none,monomer,family:Pectinidae,95-117
A0A2A6CJ45_IPR045860_1_590-668,none,mixture,genus:Pristionchus,72-95
A0A336LZR2_IPR045860_1_251-335,none,monomer,genus:Culicoides,72-95
A0A3B1JNK1_IPR045860_1_18-90,none,monomer,genus:Astyanax,72-95
A0A3B4GYS9_IPR045860_1_2-77,none,monomer,family:Cichlidae,72-95
A0A3B4WT26_IPR045860_1_1-50,none,monomer,class:Actinopteri,50-72
A0A3B5M3N0_IPR045860_1_110-176,none,monomer,genus:Xiphophorus,50-72
A0A3P7IY30_IPR045860_1_2-57,none,monomer,order:Rhabditida,50-72
A0A3Q3K152_IPR045860_1_18-103,none,monomer,genus:Monopterus,72-95
A0A411EZK9_IPR045860_1_25-105,none,monomer,genus:Hirudo,72-95
A0A498LWD7_IPR045860_1_252-330,none,monomer,genus:Labeo,72-95
A0A4D5R9M1_IPR045860_1_23-107,Quiver,monomer,genus:Scolopendra,72-95
A0A4U1EKV4_IPR045860_1_2-61,none,monomer,genus:Monodon,50-72
A0A4U5NZP5_IPR045860_1_19-103,Ly6,monomer,genus:Steinernema,72-95
A0A4W6E9P6_IPR045860_2_70-159,mixture,mixture,genus:Lates,72-95
A0A553R5U1_IPR045860_1_59-174,none,monomer,order:Cypriniformes,95-117
A0A671VFU8_IPR045860_1_64-113,none,monomer,genus:Sparus,50-72
A0A673AEE4_IPR045860_1_16-86,Ly6,monomer,genus:Sphaeramia,50-72
A0A6A0H5W9_IPR045860_1_1-105,none,monomer,order:Amphipoda,95-117
A0A6G1PD88_IPR045860_1_20-91,none,monomer,class:Actinopteri,50-72
A0A6I8U4T6_IPR045860_1_28-127,none,monomer,family:Culicidae,95-117
A0A6J0SEL2_IPR045860_1_18-106,none,monomer,family:Agamidae,72-95
A0A6J0VD59_IPR045860_1_76-175,Ly6,monomer,genus:Pogona,95-117
A0A6J2W8S9_IPR045860_2_19-104,none,multimer,genus:Chanos,72-95
A0A6J8C4M3_IPR045860_1_32-122,none,monomer,genus:Mytilus,95-117
A0A6P4ZTA3_IPR045860_1_19-104,none,monomer,genus:Branchiostoma,72-95
A0A6P7ITH2_IPR045860_2_114-191,Ly6,multimer,genus:Parambassis,72-95
A0A6P7Z0M7_IPR045860_1_30-119,Ly6,multimer,genus:Microcaecilia,72-95
A0A6P8HK04_IPR045860_1_18-109,none,monomer,genus:Actinia,72-95
A0A6P8IR47_IPR045860_1_20-118,none,monomer,order:Actiniaria,95-117
A0A6P8QIB1_IPR045860_1_25-125,none,monomer,order:Gymnophiona,95-117
A0A6S7IES0_IPR045860_2_156-245,none,multimer,genus:Paramuricea,72-95
A0A7E4W896_IPR045860_1_49-152,none,monomer,genus:Panagrellus,95-117
A0A7I8X8P6_IPR045860_1_79-163,none,monomer,genus:Bursaphelenchus,72-95
A0A7J7ZCN2_IPR045860_1_29-101,none,monomer,class:Mammalia,72-95
A0A7M5WQT2_IPR045860_1_23-110,none,monomer,genus:Clytia,72-95
A0A7R9BCI1_IPR045860_1_980-1083,none,monomer,genus:Notodromas,95-117
A0A813XWI8_IPR045860_1_15-78,Ly6,monomer,genus:Rotaria,50-72
A0A814DLA7_IPR045860_1_23-81,none,monomer,genus:Adineta,50-72
A0A814JKT5_IPR045860_1_6-71,none,monomer,genus:Didymodactylos,50-72
A0A815FSC5_IPR045860_1_10-117,none,monomer,genus:Adineta,95-117
A0A816MBT3_IPR045860_1_23-95,none,mixture,genus:Rotaria,50-72
A0A817QW20_IPR045860_1_28-94,mixture,monomer,genus:Rotaria,50-72
A0A818UKD7_IPR045860_1_34-111,none,monomer,genus:Rotaria,72-95
A0A820G5G5_IPR045860_1_27-99,none,monomer,genus:Adineta,72-95
A0A8B6EMB0_IPR045860_1_21-107,none,monomer,genus:Mytilus,72-95
A0A8B6H0E9_IPR045860_1_62-157,mixture,monomer,genus:Mytilus,95-117
A0A8B7DHV2_IPR045860_1_20-110,none,monomer,genus:Hydra,72-95
A0A8B7N624_IPR045860_1_18-97,none,monomer,genus:Hyalella,72-95
A0A8B7ZJU6_IPR045860_1_45-145,none,monomer,genus:Acanthaster,95-117
A0A8C4QJR1_IPR045860_1_77-170,none,monomer,phylum:Chordata,72-95
A0A8C4Z2V9_IPR045860_1_64-160,none,monomer,genus:Gadus,95-117
A0A8C5R0B3_IPR045860_1_1-74,Ly6,monomer,genus:Leptobrachium,72-95
A0A8C6GIS8_IPR045860_1_25-111,mixture,mixture,class:Mammalia,72-95
A0A8C6LE17_IPR045860_1_19-116,none,monomer,genus:Nothobranchius,95-117
A0A8C7GP67_IPR045860_1_22-138,none,monomer,class:Actinopteri,95-117
A0A8C7X4F6_IPR045860_1_38-124,Ly6,monomer,genus:Oryzias,72-95
A0A8C8DIN7_IPR045860_1_2-75,Ly6,monomer,genus:Oryzias,72-95
A0A8I3PXV6_IPR045860_1_14-68,none,monomer,order:Carnivora,50-72
A0A8J0VGH7_IPR045860_1_143-255,none,multimer,genus:Xenopus,95-117
A0A8J1LF51_IPR045860_2_290-367,none,multimer,genus:Xenopus,72-95
A0A8J4TX69_IPR045860_1_18-94,mixture,monomer,genus:Clarias,72-95
A0A8J5N960_IPR045860_1_12-76,none,monomer,genus:Homarus,50-72
A0A8J9Y3M7_IPR045860_1_64-168,none,monomer,family:Nymphalidae,95-117
A0A8K0G6Q6_IPR045860_1_22-99,none,monomer,genus:Ignelater,72-95
A0A8S0ZRE1_IPR045860_1_38-145,none,monomer,genus:Arctia,95-117
A0A8S4N0F6_IPR045860_1_34-143,none,monomer,genus:Owenia,95-117
A0A8T0DYK3_IPR045860_1_48-111,mixture,monomer,genus:Paragonimus,50-72
A0A8T1SCN7_IPR045860_1_21-98,none,monomer,genus:Chelydra,72-95
A0A8T2IYG0_IPR045860_1_18-88,none,monomer,genus:Hymenochirus,50-72
A0A8T2MAE6_IPR045860_1_31-148,none,monomer,order:Characiformes,95-117
A0A8W8I6S6_IPR045860_1_31-113,none,multimer,family:Ostreidae,72-95
A0A8W8LHF3_IPR045860_1_41-141,none,monomer,family:Ostreidae,95-117
A0A913WWM2_IPR045860_1_20-103,none,monomer,genus:Exaiptasia,72-95
A0A913Y4J3_IPR045860_1_18-102,none,monomer,genus:Exaiptasia,72-95
A0A914DS12_IPR045860_1_13-72,SPF,monomer,genus:Acrobeloides,50-72
A0A914IEK8_IPR045860_1_18-87,none,monomer,genus:Panagrolaimus,50-72
A0A914V035_IPR045860_2_17-95,none,multimer,genus:Plectus,72-95
A0A914Z1U9_IPR045860_1_19-108,none,monomer,genus:Panagrolaimus,72-95
A0A915HTB6_IPR045860_1_12-72,none,monomer,genus:Romanomermis,50-72
A0A974BWI2_IPR045860_1_1-81,none,monomer,genus:Xenopus,72-95
A0A9D3T679_IPR045860_1_22-118,none,monomer,genus:Megalops,95-117
A0A9D4B7U8_IPR045860_1_40-132,none,monomer,genus:Dreissena,72-95
A0A9D4H4G5_IPR045860_1_78-156,none,monomer,genus:Dreissena,72-95
A0A9J7LLU2_IPR045860_1_21-102,Ly6,monomer,genus:Branchiostoma,72-95
A0A9P0E2P2_IPR045860_1_23-115,mixture,monomer,genus:Diabrotica,72-95
A0A9P1MQJ1_IPR045860_1_20-99,none,monomer,genus:Auanema,72-95
A0A9Q0YGM2_IPR045860_1_27-117,none,monomer,genus:Holothuria,72-95
A0A9W2ZQ35_IPR045860_1_30-130,none,monomer,genus:Biomphalaria,95-117
A0A9W9YJR1_IPR045860_1_20-117,Ly6,monomer,genus:Desmophyllum,95-117
A0A9X0A5D5_IPR045860_1_19-115,none,monomer,genus:Desmophyllum,95-117
A0A9X0D834_IPR045860_1_21-105,none,monomer,genus:Desmophyllum,72-95
A0AA35KP98_IPR045860_1_17-101,none,multimer,genus:Podarcis,72-95
A0AA35P9V0_IPR045860_2_102-187,none,multimer,genus:Podarcis,72-95
A0AA36H0Z9_IPR045860_1_29-107,none,monomer,genus:Cylicocyclus,72-95
A0AA39H3W2_IPR045860_1_20-103,mixture,monomer,genus:Steinernema,72-95
A0AA39M6H1_IPR045860_1_16-105,Ly6,monomer,genus:Steinernema,72-95
A0AA89C0I3_IPR045860_1_31-130,none,monomer,genus:Pinctada,95-117
A0AAD1S093_IPR045860_1_1-56,none,monomer,genus:Pelobates,50-72
A0AAD1WEG1_IPR045860_1_26-102,none,monomer,genus:Pelobates,72-95
A0A9P0A6K1_IPR031424_1_20-112,none,monomer,class:Insecta,72-95
A0A9P0CRB0_IPR031424_1_23-135,none,monomer,genus:Psylliodes,95-117
A0A9P0JIQ6_IPR031424_1_21-121,none,monomer,genus:Acanthoscelides,95-117
A0A9P1MJ01_IPR045860_1_17-102,none,monomer,genus:Auanema,72-95
A0A9Q0N037_IPR031424_1_23-130,none,monomer,genus:Pseudolycoriella,95-117
A0A9X6NP90_IPR045860_1_23-123,none,monomer,genus:Hypsibius,95-117
A0AA36FS42_IPR031424_1_24-137,Quiver,monomer,genus:Mesorhabditis,95-117
A0AA38M8X0_IPR031424_1_43-162,none,monomer,genus:Zophobas,117-140
A0AAD5N1P7_IPR031424_1_105-184,mixture,monomer,order:Rhabditida,72-95
A0AAD8AAY3_IPR045860_1_21-109,none,monomer,genus:Diploptera,72-95
A0AAE0RY61_IPR031424_1_25-119,none,monomer,genus:Potamilus,72-95
A0AAE1NVB4_IPR031424_1_41-151,mixture,monomer,order:Decapoda,95-117
A0AAN8J8E9_IPR045860_1_18-108,none,monomer,genus:Patella,72-95
A0AAN9BUS4_IPR031424_1_26-109,Quiver,monomer,genus:Littorina,72-95
A0AAV2RAZ1_IPR045860_1_18-115,none,monomer,genus:Meganyctiphanes,95-117
A0AAV6TXV0_IPR031424_1_62-153,Quiver,monomer,genus:Oedothorax,95-117
A0AAV8YEE0_IPR031424_1_27-132,none,monomer,genus:Aromia,95-117
A0AAW0WHS2_IPR031424_1_41-151,Quiver,monomer,genus:Cherax,95-117
A0AAW1KHA0_IPR031424_1_20-131,none,monomer,genus:Popillia,95-117
A0ABD2P229_IPR031424_1_44-136,none,monomer,family:Coccinellidae,72-95
T1KYZ0_IPR031424_1_25-137,none,monomer,genus:Tetranychus,95-117
V4BWK5_IPR031424_1_23-121,Quiver,monomer,genus:Lottia,95-117
A0A0B1S4J6_IPR045860_1_18-91,none,monomer,genus:Oesophagostomum,72-95
A0A0D6LIU7_IPR045860_1_14-89,none,monomer,genus:Ancylostoma,72-95
A0A0E3N0J1_IPR045860_2_115-164,SPF,multimer,genus:Notophthalmus,50-72
A0A0K2SX20_IPR045860_1_47-145,none,monomer,genus:Lepeophtheirus,95-117
A0A0M3HRW9_IPR045860_1_16-104,mixture,monomer,family:Ascarididae,72-95
A0A0N4XU23_IPR045860_1_25-89,none,monomer,genus:Nippostrongylus,50-72
A0A0N5CIB9_IPR045860_1_21-101,mixture,monomer,genus:Strongyloides,72-95
A0A0T6B5T3_IPR045860_1_27-129,none,monomer,family:Scarabaeidae,95-117
A0A177B4S8_IPR045860_1_239-330,none,monomer,genus:Intoshia,72-95
A0A182IKW3_IPR045860_1_62-131,none,monomer,genus:Anopheles,50-72
A0A1A7YGD8_IPR045860_1_49-105,none,monomer,genus:Iconisemion,50-72
A0A1B6EP11_IPR045860_1_62-158,mixture,monomer,order:Hemiptera,95-117
A0A1I7UV25_IPR045860_1_11-85,mixture,monomer,genus:Caenorhabditis,72-95
A0A1I7Z9P9_IPR045860_1_38-123,Ly6,monomer,genus:Steinernema,72-95
A0A1J1J8J8_IPR045860_1_28-143,none,monomer,genus:Clunio,95-117
A0A1S3D8K3_IPR045860_1_14-112,none,monomer,family:Psyllidae,95-117
A0A1S3J510_IPR045860_1_25-147,none,monomer,genus:Lingula,117-140
A0A1S3PLN4_IPR045860_1_109-192,none,multimer,family:Salmonidae,72-95
A0A1Y1KVW4_IPR045860_1_24-107,none,monomer,family:Lampyridae,72-95
A0A210PYT3_IPR045860_1_22-108,none,monomer,genus:Mizuhopecten,72-95
A0A220K8J6_IPR045860_1_71-158,none,monomer,genus:Pieris,72-95
A0A232EW84_IPR045860_1_20-123,none,monomer,family:Pteromalidae,95-117
A0A267GMT4_IPR045860_1_28-115,Ly6,monomer,genus:Macrostomum,72-95
A0A2B4RAP1_IPR045860_1_17-112,Ly6,monomer,genus:Stylophora,95-117
A0A2B4SY77_IPR045860_1_325-413,none,monomer,family:Pocilloporidae,72-95
A0A2G8KTZ2_IPR045860_1_2-90,Ly6,monomer,genus:Apostichopus,72-95
A0A2K6LLC0_IPR045860_1_3-80,none,monomer,genus:Rhinopithecus,72-95
A0A2P2IDF8_IPR045860_1_56-156,none,monomer,genus:Hirondellea,95-117
A0A383VF68_IPR045860_1_50-110,Ly6,monomer,genus:Tetradesmus,50-72
A0A3B3S4C4_IPR045860_1_20-97,none,monomer,genus:Paramormyrops,72-95
A0A3B3VMY1_IPR045860_1_10-73,Ly6,monomer,genus:Poecilia,50-72
A0A3B4AZV4_IPR045860_1_20-95,none,monomer,genus:Periophthalmus,72-95
A0A3B4D2U2_IPR045860_1_17-89,mixture,monomer,genus:Pygocentrus,72-95
A0A3M6V525_IPR045860_1_24-107,mixture,monomer,genus:Pocillopora,72-95
A0A3Q2WJ61_IPR045860_1_22-78,Ly6,monomer,family:Cichlidae,50-72
A0A3Q3FIS3_IPR045860_1_18-90,mixture,monomer,class:Actinopteri,72-95
A0A3Q7P0E8_IPR045860_1_12-95,mixture,monomer,genus:Callorhinus,72-95
A0A401PY68_IPR045860_1_146-234,Ly6,monomer,genus:Scyliorhinus,72-95
A0A430QN73_IPR045860_1_4-77,mixture,monomer,genus:Schistosoma,72-95
A0A482WIH7_IPR045860_1_96-199,none,monomer,genus:Laodelphax,95-117
A0A485P9F8_IPR045860_1_20-105,mixture,monomer,class:Mammalia,72-95
A0A4U5M372_IPR045860_1_25-100,Quiver,monomer,genus:Steinernema,72-95
A0A4U5PH56_IPR045860_1_16-89,Ly6,monomer,genus:Steinernema,72-95
A0A4U5VMJ7_IPR045860_1_18-87,Ly6,monomer,genus:Collichthys,50-72
A0A4W5NQ63_IPR045860_1_15-82,none,monomer,genus:Hucho,50-72
A0A553P0D0_IPR045860_1_16-102,Ly6,monomer,genus:Tigriopus,72-95
A0A5N3W6S0_IPR045860_1_61-120,none,monomer,class:Mammalia,50-72
A0A653DK86_IPR045860_1_12-113,none,monomer,order:Coleoptera,95-117
A0A671TQ27_IPR045860_1_24-86,Ly6,monomer,genus:Sparus,50-72
A0A671YBK0_IPR045860_1_18-87,Ly6,monomer,genus:Sparus,50-72
A0A6A4W625_IPR045860_1_28-114,Quiver,monomer,genus:Amphibalanus,72-95
A0A6F9DU10_IPR045860_1_65-158,none,monomer,genus:Phallusia,72-95
A0A6G0UEL4_IPR045860_1_15-109,none,monomer,genus:Halicephalobus,72-95
A0A6G1PZA8_IPR045860_1_20-82,Ly6,monomer,genus:Channa,50-72
A0A6H5HW10_IPR045860_1_184-276,none,monomer,genus:Trichogramma,95-117
A0A6J2V7W9_IPR045860_1_25-101,none,monomer,genus:Chanos,72-95
A0A6J2X9Y7_IPR045860_1_20-106,Quiver,monomer,genus:Sitophilus,72-95
A0A6P5AG42_IPR045860_1_44-127,mixture,monomer,genus:Branchiostoma,72-95
A0A6P6JPB4_IPR045860_1_17-99,none,monomer,order:Cypriniformes,72-95
A0A6P7XLB7_IPR045860_1_20-104,none,monomer,genus:Microcaecilia,72-95
A0A6P9AEK7_IPR045860_1_23-105,none,monomer,genus:Thrips,72-95
A0A7J7KQ37_IPR045860_1_27-117,none,monomer,genus:Bugula,72-95
A0A7M5X6I5_IPR045860_1_23-113,none,monomer,genus:Clytia,72-95
A0A7M7PG63_IPR045860_1_235-318,none,monomer,genus:Strongylocentrotus,72-95
A0A7N5ZU13_IPR045860_1_26-131,Ly6,monomer,genus:Anabas,95-117
A0A7R9ELI1_IPR045860_1_1-57,none,monomer,genus:Timema,50-72
A0A7R9MV90_IPR045860_1_1-81,none,monomer,genus:Oppiella,72-95
A0A811KCP2_IPR045860_1_7-113,Ly6,monomer,genus:Bursaphelenchus,95-117
A0A812AS83_IPR045860_1_19-115,none,monomer,genus:Acanthosepion,95-117
A0A813S042_IPR045860_1_22-112,Ly6,monomer,genus:Brachionus,72-95
A0A814KL25_IPR045860_1_168-235,none,monomer,genus:Brachionus,50-72
A0A814Z966_IPR045860_1_73-127,none,monomer,genus:Didymodactylos,50-72
A0A815IQ47_IPR045860_1_23-95,none,monomer,genus:Rotaria,72-95
A0A817TQT7_IPR045860_1_90-168,mixture,monomer,genus:Rotaria,72-95
A0A818PJS4_IPR045860_1_22-109,none,monomer,genus:Adineta,72-95
A0A820L0W1_IPR045860_1_22-93,none,monomer,genus:Adineta,50-72
A0A834MH80_IPR045860_1_24-108,none,monomer,family:Curculionidae,72-95
A0A836EP83_IPR045860_1_1-105,none,monomer,genus:Pseudoatta,95-117
A0A8B6CED6_IPR045860_1_1-74,none,monomer,genus:Mytilus,72-95
A0A8B7PH23_IPR045860_1_99-201,none,monomer,genus:Hyalella,95-117
A0A8B8CBB0_IPR045860_1_86-154,none,monomer,genus:Crassostrea,50-72
A0A8C1EVR4_IPR045860_1_71-129,none,monomer,genus:Cyprinus,50-72
A0A8C1KXS0_IPR045860_1_84-135,mixture,multimer,genus:Cyprinus,50-72
A0A8C4E5E5_IPR045860_1_5-88,none,monomer,genus:Dicentrarchus,72-95
A0A8C4ZZP9_IPR045860_1_37-118,Ly6,monomer,genus:Gadus,72-95
A0A8C6Z7D6_IPR045860_1_23-78,none,monomer,genus:Nothoprocta,50-72
A0A8C7MGX2_IPR045860_1_3-68,Ly6,monomer,genus:Oncorhynchus,50-72
A0A8C7ZF54_IPR045860_1_18-73,Ly6,monomer,genus:Oryzias,50-72
A0A8I6SB10_IPR045860_1_22-108,none,monomer,genus:Cimex,72-95
A0A8J1JXE4_IPR045860_1_104-185,Ly6,multimer,genus:Xenopus,72-95
A0A8K0D8V4_IPR045860_1_24-103,none,monomer,genus:Ignelater,72-95
A0A8R1V2X1_IPR045860_1_16-91,none,monomer,genus:Pristionchus,72-95
A0A8S1CX94_IPR045860_1_19-118,none,monomer,genus:Cloeon,95-117
A0A8S1GU03_IPR045860_1_212-287,none,monomer,order:Rhabditida,72-95
A0A8S4PAG5_IPR045860_1_21-122,none,monomer,genus:Owenia,95-117
A0A8S9YT03_IPR045860_1_16-94,none,monomer,genus:Paragonimus,72-95
A0A8W8J7R9_IPR045860_1_46-136,none,mixture,family:Ostreidae,72-95
A0A913X5E8_IPR045860_1_141-238,SPF,monomer,genus:Exaiptasia,95-117
A0A914IYR9_IPR045860_1_69-131,SPF,monomer,genus:Panagrolaimus,50-72
A0A914MCY7_IPR045860_1_10-72,none,monomer,genus:Meloidogyne,50-72
A0A914SUI1_IPR045860_1_21-95,none,monomer,genus:Panagrolaimus,72-95
A0A915NAC1_IPR045860_1_1098-1162,none,monomer,genus:Meloidogyne,50-72
A0A922LZ22_IPR045860_1_26-96,mixture,monomer,genus:Schistosoma,50-72
A0A9D4DCW9_IPR045860_1_128-204,SPF,monomer,genus:Dreissena,72-95
A0A9D4IMI3_IPR045860_2_25-105,none,multimer,genus:Dreissena,72-95
A0A9D4RRS6_IPR045860_1_18-91,SPF,monomer,genus:Dreissena,72-95
A0A9N7YS32_IPR045860_1_18-84,Ly6,monomer,genus:Pleuronectes,50-72
A0A9P0B6X0_IPR045860_1_50-159,none,monomer,genus:Brassicogethes,95-117
A0A9P0FGR5_IPR045860_1_33-131,none,monomer,genus:Brassicogethes,95-117
A0A9P0TVD1_IPR045860_1_26-105,none,monomer,order:Lepidoptera,72-95
A0A9Q0RI29_IPR045860_1_1-77,none,monomer,genus:Blomia,72-95
A0A9W9YWU5_IPR045860_2_41-125,none,multimer,genus:Desmophyllum,72-95
A0A9X0A6A6_IPR045860_1_21-122,none,monomer,genus:Desmophyllum,95-117
A0AA36BQE5_IPR045860_1_26-114,none,monomer,genus:Octopus,72-95
A0AA36DFK1_IPR045860_1_24-105,Ly6,monomer,genus:Mesorhabditis,72-95
A0AA36GR25_IPR045860_1_13-87,none,monomer,genus:Cylicocyclus,72-95
A0AA85J9Z2_IPR045860_1_24-107,Ly6,monomer,genus:Trichobilharzia,72-95
A0AA97KD14_IPR045860_1_38-93,none,monomer,genus:Eublepharis,50-72
A0AAD1T0D1_IPR045860_1_21-82,none,monomer,genus:Pelobates,50-72
A0AAD1WQI4_IPR045860_1_59-138,Ly6,multimer,genus:Pelobates,72-95
A0AAD3R8Z7_IPR045860_1_19-81,mixture,mixture,genus:Lates,50-72
A0AAD8A5C3_IPR045860_1_28-90,none,monomer,class:Insecta,50-72
A0AAD8EAX8_IPR045860_1_17-97,none,monomer,genus:Diploptera,72-95
A0AAD9JRU8_IPR045860_1_132-199,none,monomer,genus:Paralvinella,50-72
A0AAD9Q6F7_IPR045860_1_34-115,none,monomer,genus:Acropora,72-95
A0AAF5CR45_IPR045860_1_31-116,none,monomer,genus:Strongyloides,72-95
A0AAJ6QME4_IPR045860_1_27-130,none,monomer,genus:Galendromus,95-117
A0AAJ7XFC9_IPR045860_1_33-108,none,monomer,genus:Petromyzon,72-95
A0AAN5C8S0_IPR045860_1_4-80,none,monomer,genus:Pristionchus,72-95
A0AAN5I4R2_IPR045860_2_86-154,none,multimer,genus:Pristionchus,50-72
A0AAN7W909_IPR045860_1_16-89,mixture,monomer,class:Actinopteri,72-95
A0AAN8KJZ9_IPR045860_1_17-77,none,monomer,genus:Coregonus,50-72
A0AAN8WTB8_IPR045860_1_61-136,none,monomer,genus:Halocaridina,72-95
A0AAN9VXN9_IPR045860_1_43-135,none,monomer,genus:Gryllus,72-95
A0AAQ6AHE8_IPR045860_1_16-77,Ly6,monomer,genus:Amphiprion,50-72
A0AAR5PU59_IPR045860_1_19-111,none,monomer,genus:Dendroctonus,72-95
A0AAV0A307_IPR045860_1_17-95,Ly6,monomer,genus:Phodopus,72-95
A0AAV1H4Q1_IPR045860_1_11-86,3FTx,monomer,genus:Xyrichtys,72-95
A0AAV2HPL6_IPR045860_1_103-192,none,monomer,genus:Lymnaea,72-95
A0AAV2R7M7_IPR045860_1_94-202,none,monomer,genus:Meganyctiphanes,95-117
A0AAV4HXT6_IPR045860_1_11-109,none,monomer,genus:Elysia,95-117
A0AAV5TYQ3_IPR045860_1_35-114,Ly6,monomer,genus:Pristionchus,72-95
A0AAV5WF95_IPR045860_1_62-122,none,monomer,genus:Pristionchus,50-72
A0AAV6ZH62_IPR045860_1_38-157,none,monomer,genus:Engystomops,117-140
A0AAV7J7N2_IPR045860_1_18-113,none,monomer,genus:Cotesia,95-117
A0AAV7XB35_IPR045860_1_37-138,none,monomer,family:Thripidae,95-117
A0AAW0MKU7_IPR045860_3_315-389,Ly6,multimer,genus:Mugilogobius,72-95
A0AAW0PGG7_IPR045860_2_12-74,none,multimer,genus:Mugilogobius,50-72
A0AAW0W9G3_IPR045860_1_55-148,none,monomer,order:Decapoda,72-95
A0AAW1UFN5_IPR045860_1_19-94,none,monomer,genus:Henosepilachna,72-95
A0ABD0K6X3_IPR045860_1_204-292,none,monomer,genus:Batillaria,72-95
A0ABD0XN53_IPR045860_1_16-98,none,monomer,class:Actinopteri,72-95
A0ABD2KJH1_IPR045860_1_18-100,none,monomer,genus:Heterodera,72-95
A0ABD3XLM2_IPR045860_1_43-126,none,monomer,genus:Sinanodonta,72-95
A7RPI9_IPR045860_1_53-130,none,monomer,genus:Nematostella,72-95
A7X3L3_IPR045860_1_19-86,3FTx,monomer,genus:Pseudoferania,50-72
C3Y792_IPR045860_1_180-265,none,monomer,genus:Branchiostoma,72-95
D6WRU9_IPR045860_1_29-129,none,monomer,family:Tenebrionidae,95-117
E2BEJ9_IPR045860_1_33-138,none,monomer,genus:Harpegnathos,95-117
E4XDP9_IPR045860_1_254-340,none,monomer,genus:Oikopleura,72-95
H2XXX9_IPR045860_1_13-99,Ly6,monomer,genus:Ciona,72-95
K1RLZ4_IPR045860_1_63-138,none,mixture,genus:Magallana,72-95
L8YE21_IPR045860_1_1-53,none,monomer,genus:Tupaia,50-72
Q0GAF3_IPR045860_1_20-84,none,monomer,genus:Plethodon,50-72
Q0GHR1_IPR045860_1_21-100,none,monomer,family:Ictaluridae,72-95
R4UV29_IPR045860_1_24-121,Quiver,monomer,genus:Coptotermes,95-117
S4RQ13_IPR045860_1_4-106,none,monomer,genus:Petromyzon,95-117
T1KUW8_IPR045860_1_6-87,none,monomer,genus:Tetranychus,72-95
V8NM84_IPR045860_2_301-386,mixture,multimer,order:Squamata,72-95
Centipede3FTx_0017_1255758,manually_annotated,monomer,class:Chilopoda,117-140
Centipede3FTx_0049_60158,mixture,monomer,phylum:Arthropoda,95-117
Centipede3FTx_0081_61981,manually_annotated,monomer,class:Chilopoda,140-162
Centipede3FTx_0113_984703,manually_annotated,monomer,class:Chilopoda,117-140
Centipede3FTx_0145_984703,manually_annotated,monomer,class:Chilopoda,95-117
A0A0A1WCI9_IPR045860_1_15-88,mixture,monomer,order:Squamata,72-95
A0A193CHL5_IPR045860_1_14-88,3FTx,monomer,genus:Ahaetulla,72-95
A0A194ASE3_IPR045860_1_12-79,3FTx,monomer,genus:Micrurus,50-72
A0A346CIB5_IPR045860_1_35-107,mixture,monomer,genus:Spilotes,72-95
A0A898IL68_IPR045860_1_14-81,3FTx,monomer,genus:Calliophis,50-72
A0A8S3SZ43_IPR016054_1_20-110,mixture,mixture,genus:Mytilus,72-95
K9MCX0_IPR045860_1_12-79,3FTx,monomer,genus:Micrurus,50-72
P43445_IPR045860_1_12-83,none,monomer,genus:Bungarus,50-72
P83490_IPR045860_1_1-77,none,monomer,genus:Coelognathus,72-95
R4G2Q5_IPR045860_1_22-83,3FTx,monomer,genus:Brachyurophis,50-72
A0AA35P1B0_IPR039237_1_1-124,Ly6,monomer,order:Squamata,117-140
A0A096M2V8_IPR045860_2_16-100,Ly6,multimer,genus:Poecilia,72-95
A0A0R4IAR1_IPR016054_2_108-183,Ly6,multimer,genus:Danio,72-95
A0A1A7XC56_IPR016054_1_29-120,Ly6,multimer,genus:Iconisemion,72-95
A0A1L8G0D8_IPR016054_1_21-98,mixture,monomer,genus:Xenopus,72-95
A0A2I0TLQ1_IPR016054_1_21-168,Ly6,monomer,genus:Limosa,140-162
A0A2P4T5A1_IPR045860_1_8-60,none,monomer,genus:Bambusicola,50-72
A0A2Y9E5R9_IPR051445_1_32-156,Ly6,monomer,genus:Trichechus,117-140
A0A3B1IYY8_IPR045860_1_5-73,none,monomer,genus:Astyanax,50-72
A0A3M7RAU9_IPR045860_1_23-94,none,monomer,genus:Brachionus,50-72
A0A3Q2XD61_IPR016054_1_20-112,Ly6,multimer,family:Cichlidae,72-95
A0A444V7R9_IPR045860_2_166-232,none,multimer,genus:Acipenser,50-72
A0A4W4GWZ9_IPR045860_1_10-83,none,monomer,genus:Electrophorus,72-95
A0A5A9PFQ9_IPR045860_1_96-170,none,multimer,genus:Triplophysa,72-95
A0A668V352_IPR016054_1_30-115,mixture,multimer,family:Cichlidae,72-95
A0A6G1PJG0_IPR016054_1_117-201,Ly6,multimer,genus:Channa,72-95
A0A6J0V5J2_IPR045860_1_20-98,Ly6,monomer,genus:Pogona,72-95
A0A6P7ZLI9_IPR016054_1_21-110,Ly6,monomer,genus:Microcaecilia,72-95
A0A8B6HH20_IPR016054_1_20-106,none,multimer,genus:Mytilus,72-95
A0A8B7SJ22_IPR016054_1_29-121,Ly6,monomer,class:Mammalia,72-95
A0A8C4TDL5_IPR045860_5_456-533,Ly6,multimer,genus:Erpetoichthys,72-95
A0A8C7A373_IPR045860_1_20-107,none,monomer,genus:Nothoprocta,72-95
A0A8J1JTW0_IPR016054_1_103-184,Ly6,multimer,genus:Xenopus,72-95
A0A8J6E6N5_IPR016054_1_21-110,Ly6,monomer,genus:Eleutherodactylus,72-95
A0A8T2JDC0_IPR045860_1_36-109,none,monomer,genus:Hymenochirus,72-95
A0A8W8ITE4_IPR016054_6_3612-3689,Ly6,multimer,genus:Magallana,72-95
A0A9D4BTS2_IPR045860_1_105-191,none,monomer,genus:Dreissena,72-95
A0A9R0BGB5_IPR045860_1_100-176,mixture,mixture,family:Cyprinidae,72-95
A0AA35LFU9_IPR045860_1_21-98,none,monomer,genus:Podarcis,72-95
A0AA88MBL2_IPR035076_1_102-173,Ly6,multimer,genus:Channa,72-95
A0AA88Q6Y7_IPR016054_1_36-124,mixture,mixture,family:Cyprinidae,72-95
A0AAD8CJ20_IPR045860_1_45-120,none,monomer,genus:Acipenser,72-95
A0AAF3EL57_IPR045860_1_15-91,none,monomer,genus:Mesorhabditis,72-95
A0AAN9DC42_IPR016054_1_105-179,Ly6,multimer,genus:Phoxinus,72-95
A0AAV6SCE9_IPR016054_2_35-94,Ly6,multimer,genus:Solea,50-72
A0AAV7V3W3_IPR016054_1_61-148,Ly6,monomer,genus:Pleurodeles,72-95
A0AAW0PGP5_IPR016054_1_18-110,Ly6,multimer,genus:Mugilogobius,72-95
A0AAY4BXC8_IPR045860_2_2-51,Ly6,multimer,genus:Denticeps,50-72
A0ABD0XKK2_IPR045860_1_18-104,none,monomer,genus:Umbra,72-95
A6HS10_IPR045860_1_68-117,none,monomer,genus:Rattus,50-72
G7YFC2_IPR045860_1_19-94,none,monomer,family:Opisthorchiidae,72-95
I3JRS1_IPR016054_1_113-190,Ly6,multimer,genus:Oreochromis,72-95
L5KM81_IPR045860_1_20-179,none,monomer,genus:Pteropus,140-162
A0A0H4AFF2_IPR045860_2_95-148,Ly6,multimer,genus:Desmognathus,50-72
A0A140IHG2_IPR045860_1_113-187,Ly6,multimer,genus:Cynops,72-95
A0A151MW93_IPR045860_1_29-108,mixture,mixture,genus:Alligator,72-95
A0A182NRB8_IPR045860_1_11-100,Ly6,monomer,genus:Anopheles,72-95
A0A1B8Y1I5_IPR045860_2_113-197,Ly6,multimer,genus:Xenopus,72-95
A0A1L8GIU9_IPR016054_1_26-108,none,monomer,genus:Xenopus,72-95
A0A1S3G1M6_IPR016054_1_26-108,none,monomer,genus:Dipodomys,72-95
A0A1U7TF82_IPR045860_2_18-111,Ly6,multimer,genus:Carlito,72-95
A0A1W0WGD9_IPR045860_1_17-114,Ly6,monomer,genus:Hypsibius,95-117
A0A2K5VCR9_IPR045860_1_130-218,Ly6,mixture,class:Mammalia,72-95
A0A2K6GER9_IPR016054_2_61-129,mixture,mixture,class:Mammalia,50-72
A0A2Y9E965_IPR016054_2_150-225,Ly6,multimer,class:Mammalia,72-95
A0A2Z4N9V7_IPR045860_1_18-105,none,mixture,family:Colubridae,72-95
A0A341DBG2_IPR045860_2_21-157,none,multimer,genus:Neophocaena,117-140
A0A3B4D2B3_IPR045860_1_19-100,Ly6,multimer,genus:Pygocentrus,72-95
A0A3M6TBQ4_IPR016054_1_20-109,Ly6,monomer,genus:Pocillopora,72-95
A0A3N0Y3B5_IPR045860_2_102-174,Ly6,multimer,genus:Anabarilius,72-95
A0A3Q1IR94_IPR045860_1_44-130,mixture,mixture,class:Actinopteri,72-95
A0A3Q2XL98_IPR016054_1_113-194,Ly6,multimer,genus:Hippocampus,72-95
A0A3Q3KRT6_IPR016054_1_19-109,Ly6,monomer,genus:Mastacembelus,72-95
A0A401PSV2_IPR045860_2_91-167,Ly6,multimer,genus:Scyliorhinus,72-95
A0A4W4FCQ8_IPR045860_1_24-108,Ly6,monomer,genus:Electrophorus,72-95
A0A4W6EAL5_IPR045860_2_1-63,Ly6,multimer,genus:Lates,50-72
A0A4Z2D990_IPR045860_1_6-60,Ly6,monomer,genus:Schistosoma,50-72
A0A513ZV81_IPR045860_1_17-105,Ly6,multimer,genus:Hyloscirtus,72-95
A0A5A9PF36_IPR045860_1_17-101,Ly6,monomer,genus:Triplophysa,72-95
A0A5N5LWW8_IPR016054_2_111-191,Ly6,mixture,order:Siluriformes,72-95
A0A672HY17_IPR045860_2_27-104,Ly6,multimer,genus:Salarias,72-95
A0A674J2M9_IPR045860_2_214-270,Ly6,multimer,genus:Terrapene,50-72
A0A6G0ITJ9_IPR045860_1_9-91,Ly6,multimer,genus:Larimichthys,72-95
A0A6J0SKT9_IPR016054_2_154-249,Ly6,multimer,genus:Pogona,95-117
A0A6J0XCL5_IPR016054_2_128-184,Ly6,multimer,order:Artiodactyla,50-72
A0A6P3FEZ1_IPR016054_2_135-210,Ly6,multimer,genus:Octodon,72-95
A0A6P5QI94_IPR016054_2_118-182,Ly6,multimer,genus:Mus,50-72
A0A6P6M316_IPR045860_2_1-72,Ly6,multimer,genus:Carassius,50-72
A0A6P7M5U7_IPR016054_1_20-112,Ly6,monomer,genus:Betta,72-95
A0A6P7YWU0_IPR045860_2_18-104,Ly6,multimer,order:Gymnophiona,72-95
A0A6P8HMW4_IPR045860_1_14-96,none,monomer,genus:Actinia,72-95
A0A6P8P580_IPR016054_1_116-204,Ly6,multimer,genus:Geotrypetes,72-95
A0A6P9DRU1_IPR016054_1_203-300,Ly6,multimer,order:Squamata,72-95
A0A7J6AAG1_IPR016054_1_35-116,Ly6,monomer,family:Ictaluridae,72-95
A0A7J7EKG1_IPR016054_1_26-109,none,monomer,genus:Diceros,72-95
A0A7J7TJV8_IPR051445_1_37-152,Ly6,monomer,genus:Myotis,95-117
A0A7N9AXB9_IPR045860_1_11-97,Ly6,monomer,genus:Mastacembelus,72-95
A0A803JLE0_IPR045860_2_116-210,Ly6,multimer,genus:Xenopus,72-95
A0A803K3X8_IPR016054_1_194-284,Ly6,multimer,genus:Xenopus,72-95
A0A8B7B2E0_IPR016054_2_22-109,Ly6,multimer,genus:Orycteropus,72-95
A0A8C0WDC9_IPR016054_1_17-92,Ly6,monomer,genus:Castor,72-95
A0A8C5WHC6_IPR045860_2_19-100,Ly6,multimer,genus:Leptobrachium,72-95
A0A8C6N2D9_IPR051445_1_2-134,mixture,monomer,genus:Mus,117-140
A0A8C6W5N2_IPR016054_1_20-100,Ly6,monomer,genus:Nannospalax,72-95
A0A8D0CWM8_IPR045860_1_17-103,Ly6,multimer,genus:Sander,72-95
A0A8J1LAE3_IPR016054_2_206-301,Ly6,multimer,genus:Xenopus,72-95
A0A8J5ZSM5_IPR045860_2_68-163,Ly6,multimer,genus:Galemys,95-117
A0A8J6EA79_IPR045860_1_111-192,Ly6,multimer,genus:Eleutherodactylus,72-95
A0A8T1S2G6_IPR045860_1_1-88,Ly6,monomer,genus:Chelydra,72-95
A0A8T2IS80_IPR045860_1_14-109,Ly6,multimer,genus:Hymenochirus,95-117
A0A914BB31_IPR016054_1_26-126,Ly6,monomer,order:Valvatida,95-117
A0A974H7L9_IPR045860_1_19-104,Ly6,monomer,genus:Xenopus,72-95
A0A9B0TIE3_IPR016054_1_43-125,none,monomer,genus:Chrysochloris,72-95
A0A9D3T3X9_IPR045860_1_18-107,Ly6,monomer,genus:Megalops,72-95
A0A9Q1E5T1_IPR016054_1_113-200,Ly6,multimer,genus:Synaphobranchus,72-95
A0A9W9YCS1_IPR045860_1_77-166,Ly6,monomer,genus:Desmophyllum,72-95
A0AA35K3H1_IPR045860_1_19-104,Ly6,monomer,genus:Podarcis,72-95
A0AA35KP03_IPR045860_1_1-69,Ly6,multimer,genus:Podarcis,50-72
A0AA35LGI5_IPR016054_1_20-99,Ly6,monomer,genus:Podarcis,72-95
A0AA35PD76_IPR016054_1_159-253,Ly6,multimer,genus:Podarcis,72-95
A0AA35VVV1_IPR016054_1_6-80,Ly6,multimer,genus:Podarcis,72-95
A0AA40HIH1_IPR051445_1_1-126,Ly6,monomer,family:Vespertilionidae,117-140
A0AA47M5W5_IPR045860_2_300-387,Ly6,multimer,genus:Merluccius,72-95
A0AA88MCH3_IPR045860_2_17-102,Ly6,multimer,genus:Channa,72-95
A0AA97KEJ2_IPR045860_2_1-68,Ly6,multimer,genus:Eublepharis,50-72
A0AAD1T3L1_IPR045860_1_18-103,Ly6,multimer,order:Anura,72-95
A0AAD1T6T7_IPR045860_1_41-120,Ly6,monomer,genus:Pelobates,72-95
A0AAD1WMW9_IPR045860_1_18-98,Ly6,monomer,genus:Pelobates,72-95
A0AAU9Z2K4_IPR016054_2_20-107,Ly6,multimer,genus:Phodopus,72-95
A0AAV1MV76_IPR016054_1_19-90,Ly6,monomer,genus:Scomber,50-72
A0AAV6ZIS5_IPR045860_1_19-104,Ly6,multimer,genus:Engystomops,72-95
A0AAV6ZRN3_IPR045860_1_72-158,mixture,mixture,genus:Engystomops,72-95
A0AAV7PWW9_IPR045860_2_19-105,none,multimer,genus:Pleurodeles,72-95
A0AAV9S250_IPR045860_2_5-93,Ly6,multimer,genus:Crenichthys,72-95
A0AAW0P1L1_IPR045860_1_18-115,Ly6,monomer,genus:Mugilogobius,95-117
A0ABD1IZW9_IPR016054_1_21-97,none,monomer,genus:Coilia,72-95
C0STK9_IPR045860_2_114-194,none,multimer,family:Colubridae,72-95
F6RLA3_IPR045860_2_159-245,Ly6,multimer,genus:Monodelphis,72-95
G3IDT4_IPR016054_1_46-100,Ly6,monomer,genus:Cricetulus,50-72
H9G901_IPR016054_1_18-110,Ly6,monomer,genus:Anolis,72-95
K1PHC8_IPR016054_1_135-223,mixture,mixture,genus:Magallana,72-95
K7GBT3_IPR045860_2_16-105,mixture,multimer,genus:Pelodiscus,72-95
L9LC18_IPR016054_1_20-101,Ly6,monomer,genus:Tupaia,72-95
M0RAH8_IPR016054_1_56-117,Ly6,monomer,genus:Rattus,50-72
Q4FAC8_IPR045860_2_112-188,Ly6,multimer,genus:Eurycea,72-95
Q8R2S8_IPR016054_1_614-681,mixture,multimer,order:Rodentia,50-72
A0A452FBY7_IPR026524_1_2-265,none,monomer,genus:Capra,252-275
A0A8C8RFL2_IPR026524_1_4-111,none,monomer,genus:Pelusios,95-117
A0A1S3ILR1_IPR039457_1_48-171,Ly6,monomer,genus:Lingula,117-140
A0A6J2QZE0_IPR039457_1_5-163,mostly_Ly6,monomer,class:Actinopteri,140-162
A0A7L0LNB4_IPR045860_1_33-97,none,monomer,order:Passeriformes,50-72
A0A8C0W937_IPR039457_1_5-133,Ly6,monomer,genus:Castor,117-140
A0A8D8YXI9_IPR039457_1_30-148,mixture,monomer,order:Hemiptera,95-117
A0A087SZE3_IPR031424_1_1-58,mixture,monomer,class:Arachnida,50-72
A0A0C9R6C6_IPR031424_1_5-79,none,monomer,genus:Fopius,72-95
A0A0K2SWQ8_IPR031424_1_85-195,Quiver,monomer,genus:Lepeophtheirus,95-117
A0A0M3JAJ1_IPR031424_1_1-107,Quiver,monomer,genus:Anisakis,95-117
A0A0U2T7D0_IPR031424_1_25-129,none,monomer,genus:Acartia,95-117
A0A151JBH7_IPR031424_1_27-129,none,monomer,class:Insecta,95-117
A0A1B0EXB4_IPR031424_1_21-104,mixture,monomer,genus:Phlebotomus,72-95
A0A1B6HUE2_IPR031424_1_47-167,none,monomer,family:Cicadellidae,117-140
A0A1D1W3V0_IPR045860_1_20-117,none,monomer,genus:Ramazzottius,95-117
A0A1I8GKJ6_IPR031424_1_41-148,Quiver,monomer,genus:Macrostomum,95-117
A0A1I8MPJ5_IPR031424_1_24-127,none,monomer,genus:Musca,95-117
A0A1I8QBJ9_IPR031424_1_39-122,none,monomer,genus:Stomoxys,72-95
A0A1L8DPI7_IPR031424_1_26-108,none,mixture,genus:Nyssomyia,72-95
A0A1S3ITS0_IPR031424_1_24-116,none,monomer,genus:Lingula,72-95
A0A1W0WEC1_IPR031424_1_27-109,Quiver,monomer,genus:Hypsibius,72-95
A0A1Y1LRF7_IPR045860_1_23-107,none,monomer,genus:Photinus,72-95
A0A2S2PDT4_IPR031424_1_25-162,none,monomer,genus:Schizaphis,117-140
A0A482VBP2_IPR031424_1_21-134,none,monomer,genus:Asbolus,95-117
A0A4U5NCP8_IPR031424_1_146-245,none,monomer,genus:Steinernema,95-117
A0A553PT36_IPR045860_1_20-122,none,monomer,genus:Tigriopus,95-117
A0A653BUM3_IPR031424_1_40-127,Quiver,monomer,genus:Callosobruchus,72-95
A0A6A4JC18_IPR031424_1_21-115,none,monomer,genus:Apolygus,72-95
A0A6J1QPL0_IPR031424_1_24-153,none,monomer,genus:Temnothorax,117-140
A0A7E4V9T7_IPR031424_1_52-193,none,monomer,genus:Panagrellus,140-162
A0A7I8VY40_IPR031424_1_111-189,none,monomer,genus:Dimorphilus,72-95
A0A7J7KIG9_IPR031424_1_23-118,none,monomer,genus:Bugula,95-117
A0A7M7JHI2_IPR031424_1_33-164,mixture,monomer,order:Mesostigmata,117-140
A0A7R8UFD8_IPR031424_1_29-147,none,monomer,genus:Hermetia,117-140
A0A7R8Z0C2_IPR031424_1_23-139,none,monomer,genus:Hermetia,95-117
A0A7R9M3H7_IPR031424_1_55-142,Quiver,monomer,family:Oppiidae,72-95
A0A815S2J4_IPR031424_1_21-112,Quiver,monomer,genus:Adineta,72-95
A0A8B6HLC4_IPR031424_1_24-114,none,monomer,genus:Mytilus,72-95
A0A8B7YVV4_IPR031424_1_25-153,Quiver,monomer,genus:Acanthaster,117-140
A0A8K0DB45_IPR031424_1_29-115,Quiver,monomer,genus:Ignelater,72-95
A0A8K0PAV0_IPR031424_1_35-132,none,monomer,genus:Ladona,95-117
A0A8S3ZSW9_IPR031424_1_3-87,none,monomer,genus:Candidula,72-95
A0A8S4PVG0_IPR031424_1_73-153,none,monomer,genus:Owenia,72-95
A0A9D4CR18_IPR031424_1_26-99,mixture,monomer,genus:Dreissena,72-95
A0A9D4M6J7_IPR031424_1_22-126,mixture,monomer,phylum:Mollusca,95-117
A0A9N9TTF6_IPR031424_1_25-127,none,monomer,family:Chrysomelidae,95-117
A0A9P0JJI4_IPR031424_1_59-134,none,monomer,family:Chrysomelidae,72-95
A0A9P0P6C9_IPR045860_1_22-118,none,monomer,genus:Acanthoscelides,95-117
A0A9P1MNZ8_IPR045860_1_17-110,none,monomer,genus:Auanema,72-95
A0A9X6RK53_IPR031424_1_34-86,Quiver,monomer,genus:Hypsibius,50-72
A0AAD8AAZ8_IPR031424_1_21-128,Quiver,monomer,genus:Diploptera,95-117
A0AAD9JVT5_IPR031424_1_23-100,Quiver,monomer,genus:Ridgeia,72-95
A0AAN9BVJ2_IPR031424_1_23-121,none,monomer,genus:Littorina,95-117
A0AAV1KXD5_IPR031424_1_23-127,mixture,mixture,order:Lepidoptera,95-117
A0AAV2HJ30_IPR045860_1_27-118,none,monomer,genus:Lymnaea,72-95
A0AAV7X7V2_IPR045860_1_22-120,mixture,monomer,unknown,95-117
A0AAV8YRX0_IPR045860_1_23-110,SPF,monomer,genus:Aromia,72-95
A0AAW1KHS7_IPR031424_1_20-137,none,monomer,genus:Popillia,117-140
A0ABD2P3U2_IPR031424_1_40-134,none,monomer,genus:Cryptolaemus,72-95
A0ABD3X2Q7_IPR031424_1_23-111,none,monomer,family:Unionidae,72-95
R4UNF8_IPR031424_1_22-115,none,monomer,genus:Coptotermes,72-95
T1IFT4_IPR031424_1_20-132,none,monomer,genus:Rhodnius,95-117
V5GFQ0_IPR031424_1_84-200,none,monomer,genus:Anoplophora,95-117
A0A016WPH0_IPR045860_1_19-93,none,monomer,genus:Ancylostoma,72-95
A0A074ZFN4_IPR045860_1_116-168,Ly6,monomer,genus:Opisthorchis,50-72
A0A0A0QVU1_IPR045860_1_24-104,mixture,mixture,family:Salamandridae,72-95
A0A0B2VBX8_IPR045860_1_16-97,none,monomer,genus:Toxocara,72-95
A0A0B7BB00_IPR045860_1_45-155,none,monomer,order:Stylommatophora,95-117
A0A0H4AC60_IPR045860_2_1-78,mostly_Ly6,multimer,genus:Desmognathus,72-95
A0A0N1PIF7_IPR045860_1_2-80,Quiver,monomer,genus:Papilio,72-95
A0A182C5S7_IPR045860_1_13-79,3FTx,monomer,genus:Phalotris,50-72
A0A194PCZ7_IPR045860_1_85-159,mixture,monomer,order:Lepidoptera,50-72
A0A1B0D262_IPR045860_1_17-105,none,monomer,genus:Phlebotomus,72-95
A0A1D1UJY4_IPR045860_1_22-124,Ly6,monomer,genus:Ramazzottius,95-117
A0A1I8F3T4_IPR045860_1_88-158,Ly6,monomer,genus:Macrostomum,50-72
A0A1J1J9J5_IPR045860_1_280-374,none,monomer,genus:Clunio,72-95
A0A1S3JFH6_IPR045860_1_18-124,none,monomer,genus:Lingula,95-117
A0A1S4EK47_IPR045860_1_29-114,none,monomer,genus:Diaphorina,72-95
A0A1W4WDL8_IPR045860_1_44-139,Quiver,monomer,genus:Agrilus,95-117
A0A210PYT5_IPR045860_1_27-115,none,monomer,genus:Mizuhopecten,72-95
A0A267H2E4_IPR045860_1_31-133,Ly6,monomer,genus:Macrostomum,95-117
A0A293MNS3_IPR045860_1_2-85,none,monomer,order:Ixodida,72-95
A0A2B4T2Y2_IPR045860_1_22-110,Ly6,monomer,family:Pocilloporidae,72-95
A0A2G8KWS2_IPR045860_1_32-136,none,monomer,genus:Apostichopus,95-117
A0A2U9NKL0_IPR045860_1_23-121,none,monomer,genus:Protopterus,95-117
A0A3B0JWF2_IPR045860_1_25-94,none,monomer,genus:Drosophila,50-72
A0A3B1KEF9_IPR045860_1_17-92,none,monomer,genus:Astyanax,72-95
A0A3B3QZ02_IPR045860_1_43-121,none,monomer,genus:Paramormyrops,72-95
A0A3M6TBQ3_IPR045860_1_43-104,none,monomer,genus:Pocillopora,50-72
A0A3Q2P888_IPR045860_1_1-109,none,monomer,genus:Fundulus,95-117
A0A3Q3JAE2_IPR045860_1_68-166,none,monomer,genus:Monopterus,95-117
A0A3S2PCT2_IPR045860_2_52-104,none,multimer,genus:Oryzias,50-72
A0A401Q1A4_IPR045860_1_30-142,none,monomer,class:Chondrichthyes,95-117
A0A482WJ05_IPR045860_1_34-135,none,monomer,genus:Laodelphax,95-117
A0A4U5M3Z9_IPR045860_1_19-99,none,monomer,genus:Steinernema,72-95
A0A4U5PI13_IPR045860_1_9-87,none,monomer,genus:Steinernema,72-95
A0A4U8UJD5_IPR045860_1_16-105,Ly6,monomer,genus:Steinernema,72-95
A0A4W3IL21_IPR045860_1_47-142,none,monomer,class:Chondrichthyes,72-95
A0A553P0H8_IPR045860_1_36-113,Ly6,monomer,genus:Tigriopus,72-95
A0A5A9NDP0_IPR045860_1_42-119,none,monomer,genus:Triplophysa,72-95
A0A5B8YTU3_IPR045860_1_61-125,none,monomer,genus:Eriocheir,50-72
A0A653DK93_IPR045860_1_26-109,none,monomer,family:Chrysomelidae,72-95
A0A671U5D5_IPR045860_1_18-82,Ly6,monomer,genus:Sparus,50-72
A0A672YFI9_IPR045860_1_18-83,Ly6,monomer,genus:Sphaeramia,50-72
A0A6A4WLQ7_IPR045860_1_6-102,Ly6,monomer,genus:Amphibalanus,95-117
A0A6F9DV81_IPR045860_1_21-117,none,monomer,genus:Phallusia,95-117
A0A6G0UYG3_IPR045860_1_9-86,none,monomer,genus:Halicephalobus,72-95
A0A6H5IC11_IPR045860_1_80-181,none,monomer,genus:Trichogramma,95-117
A0A6J2XCJ0_IPR045860_1_32-130,none,monomer,family:Curculionidae,95-117
A0A6J3S0V3_IPR045860_2_19-93,none,mixture,phylum:Chordata,72-95
A0A6P5AJE7_IPR045860_1_64-135,none,monomer,genus:Branchiostoma,50-72
A0A6P7GJ53_IPR045860_1_43-147,none,monomer,order:Coleoptera,95-117
A0A6P8HVB2_IPR045860_1_486-558,none,monomer,genus:Actinia,72-95
A0A6P9AF41_IPR045860_1_125-214,none,monomer,genus:Thrips,72-95
A0A7D9E9Y5_IPR045860_1_21-107,none,multimer,genus:Paramuricea,72-95
A0A7F5RBA0_IPR045860_1_24-105,none,monomer,genus:Agrilus,72-95
A0A7J7R911_IPR045860_1_301-379,mixture,multimer,family:Vespertilionidae,72-95
A0A7M7J7J1_IPR045860_1_24-113,none,monomer,order:Mesostigmata,72-95
A0A7N6B5W9_IPR045860_1_39-116,Ly6,monomer,genus:Anabas,72-95
A0A7N8WX22_IPR045860_1_10-97,none,monomer,genus:Mastacembelus,72-95
A0A7R8WAJ0_IPR045860_2_118-191,none,multimer,genus:Cyprideis,72-95
A0A803JRR0_IPR045860_1_211-297,Ly6,mixture,genus:Xenopus,72-95
A0A812B5E4_IPR045860_1_396-453,none,monomer,genus:Acanthosepion,50-72
A0A814A1R3_IPR045860_1_21-103,none,monomer,genus:Brachionus,72-95
A0A814TJZ5_IPR045860_1_12-117,none,monomer,genus:Adineta,95-117
A0A898IK81_IPR045860_1_13-76,3FTx,monomer,genus:Calliophis,50-72
A0A8C2P149_IPR045860_1_56-110,none,monomer,genus:Capra,50-72
A0A8C2XA03_IPR045860_1_18-84,mixture,monomer,class:Actinopteri,50-72
A0A8C4RAU9_IPR045860_1_25-113,none,monomer,genus:Eptatretus,72-95
A0A8C7CD24_IPR045860_1_62-155,none,monomer,genus:Oncorhynchus,72-95
A0A8C8CAZ1_IPR045860_1_20-87,mixture,monomer,class:Actinopteri,50-72
A0A8C9F626_IPR045860_1_38-116,none,monomer,genus:Pavo,72-95
A0A8D3E9I9_IPR045860_1_19-86,3FTx,monomer,genus:Scophthalmus,50-72
A0A8D8NQH8_IPR045860_1_2-93,none,monomer,genus:Culex,72-95
A0A8I3WT65_IPR045860_1_31-127,none,monomer,genus:Callithrix,95-117
A0A8I6SJ55_IPR045860_1_27-118,none,monomer,genus:Cimex,72-95
A0A8J1JXE4_IPR045860_2_18-101,Ly6,multimer,genus:Xenopus,72-95
A0A8J1LXK5_IPR045860_1_29-101,Ly6,monomer,genus:Xenopus,72-95
A0A8J4WLC1_IPR045860_1_22-90,none,monomer,genus:Paragonimus,50-72
A0A8J6DL51_IPR045860_1_68-145,none,monomer,phylum:Chordata,72-95
A0A8J7PBY3_IPR045860_1_1-80,none,monomer,genus:Atractosteus,72-95
A0A8S1CXM2_IPR045860_1_18-102,Ly6,monomer,genus:Cloeon,72-95
A0A8S3DI61_IPR045860_1_18-78,none,monomer,genus:Rotaria,50-72
A0A8S3TYC5_IPR045860_1_529-618,none,monomer,genus:Mytilus,72-95
A0A8S4PCU4_IPR045860_1_21-110,none,monomer,genus:Owenia,72-95
A0A8T0FRM4_IPR045860_1_27-122,none,monomer,genus:Argiope,95-117
A0A8W8J7U0_IPR045860_1_59-152,none,multimer,genus:Magallana,72-95
A0A8X6NIE2_IPR045860_1_5-80,none,monomer,family:Nephilidae,72-95
A0A913X5P5_IPR045860_1_21-115,none,monomer,genus:Exaiptasia,72-95
A0A913ZIH9_IPR045860_1_17-104,none,monomer,genus:Patiria,72-95
A0A914BWX3_IPR045860_1_23-106,none,monomer,genus:Acrobeloides,72-95
A0A914F780_IPR045860_1_428-536,none,monomer,genus:Panagrolaimus,95-117
A0A914SUX0_IPR045860_1_17-111,Ly6,monomer,genus:Panagrolaimus,72-95
A0A914WAW7_IPR045860_1_115-194,none,monomer,class:Chromadorea,72-95
A0A915BK86_IPR045860_1_23-119,none,monomer,genus:Parascaris,95-117
A0A974CH86_IPR045860_1_150-242,Ly6,monomer,genus:Xenopus,72-95
A0A9D3LZ31_IPR045860_1_18-113,none,monomer,genus:Anguilla,95-117
A0A9D3XBR4_IPR045860_1_4-84,none,monomer,order:Testudines,72-95
A0A9D4DCX9_IPR045860_1_143-219,none,monomer,genus:Dreissena,72-95
A0A9D4IZJ8_IPR045860_1_19-91,none,monomer,genus:Dreissena,72-95
A0A9D4SD04_IPR045860_1_1-108,none,monomer,genus:Dermatophagoides,95-117
A0A9J7MQI4_IPR045860_1_20-103,none,monomer,genus:Branchiostoma,72-95
A0A9N9TID5_IPR045860_1_25-124,none,monomer,genus:Phyllotreta,95-117
A0A9P0KM47_IPR045860_1_46-152,none,monomer,genus:Acanthoscelides,95-117
A0A9P1HT79_IPR045860_1_35-101,none,monomer,genus:Auanema,50-72
A0A9Q0RSP3_IPR045860_1_831-937,none,monomer,genus:Blomia,95-117
A0A9U8EKQ2_IPR045860_1_26-118,none,monomer,class:Gastropoda,72-95
A0A9W9YYA1_IPR045860_1_10-111,Ly6,monomer,genus:Desmophyllum,95-117
A0A9X0A6E7_IPR045860_1_115-197,Quiver,monomer,genus:Desmophyllum,72-95
A0AA36BQQ0_IPR045860_1_25-120,Quiver,monomer,genus:Octopus,95-117
A0AA36DG82_IPR045860_1_71-136,none,monomer,genus:Mesorhabditis,50-72
A0AA36GRD8_IPR045860_1_18-95,none,monomer,genus:Cylicocyclus,72-95
A0AA38MQC6_IPR045860_1_17-105,mixture,monomer,genus:Zophobas,72-95
A0AA39IQ51_IPR045860_1_18-98,Ly6,monomer,genus:Steinernema,72-95
A0AA85JM69_IPR045860_1_43-108,Ly6,monomer,genus:Trichobilharzia,50-72
A0AA88I511_IPR045860_1_22-112,Ly6,monomer,genus:Artemia,72-95
A0AAD8A5K3_IPR045860_1_6-90,none,monomer,genus:Diploptera,72-95
A0AAD8EEK7_IPR045860_1_3-61,none,monomer,genus:Diploptera,50-72
A0AAD9JZG4_IPR045860_1_52-152,none,monomer,genus:Paralvinella,95-117
A0AAD9QJ32_IPR045860_1_22-119,none,monomer,genus:Acropora,95-117
A0AAE0T7W5_IPR045860_2_23-131,none,multimer,family:Unionidae,95-117
A0AAE1AK19_IPR045860_1_228-320,none,monomer,genus:Elysia,72-95
A0AAF3EK38_IPR045860_2_454-508,none,multimer,genus:Mesorhabditis,50-72
A0AAF5CV83_IPR045860_1_20-83,none,monomer,genus:Strongyloides,50-72
A0AAJ6QYD2_IPR045860_1_26-135,none,monomer,genus:Galendromus,95-117
A0AAJ7TP14_IPR045860_1_38-148,none,monomer,genus:Petromyzon,95-117
A0AAN5C9R8_IPR045860_1_45-118,none,monomer,genus:Pristionchus,72-95
A0AAN7WU07_IPR045860_1_23-76,none,monomer,genus:Eleginops,50-72
A0AAN8WWG0_IPR045860_1_52-159,none,monomer,genus:Halocaridina,95-117
A0AAN9G2P4_IPR045860_1_49-152,none,monomer,genus:Littorina,95-117
A0AAN9W5T4_IPR045860_1_21-123,none,monomer,genus:Gryllus,95-117
A0AAU9XBH8_IPR045860_1_26-98,none,monomer,genus:Pocillopora,72-95
A0AAV2I4J8_IPR045860_1_28-113,none,monomer,genus:Lymnaea,72-95
A0AAV2RAV7_IPR045860_1_21-125,Ly6,monomer,genus:Meganyctiphanes,95-117
A0AAV4HYB8_IPR045860_1_806-874,none,monomer,genus:Elysia,50-72
A0AAV6YSN8_IPR045860_1_10-98,Ly6,monomer,genus:Engystomops,72-95
A0AAV6ZHX9_IPR045860_1_18-100,SPF,multimer,genus:Engystomops,72-95
A0AAV7ALM1_IPR045860_1_18-94,mixture,multimer,order:Anura,72-95
A0AAV7XFQ2_IPR045860_1_26-104,none,monomer,genus:Megalurothrips,72-95
A0AAW0MKZ9_IPR045860_1_6-86,Ly6,monomer,genus:Mugilogobius,72-95
A0AAW0PJY9_IPR045860_1_11-87,none,monomer,genus:Mugilogobius,72-95
A0AAW0WE50_IPR045860_1_16-110,Ly6,monomer,genus:Cherax,72-95
A0AAW1UIJ1_IPR045860_1_22-124,none,monomer,genus:Henosepilachna,95-117
A0ABD0KJA6_IPR045860_1_1446-1536,none,monomer,genus:Batillaria,72-95
A0ABD1J3X7_IPR045860_1_23-141,none,monomer,order:Clupeiformes,117-140
A0ABD2L4M5_IPR045860_1_51-151,none,monomer,genus:Heterodera,95-117
A0ABD6E338_IPR045860_1_41-122,none,monomer,genus:Gnathostoma,72-95
A7RR40_IPR045860_1_16-114,none,monomer,genus:Nematostella,95-117
A7X3P2_IPR045860_1_13-80,3FTx,monomer,genus:Erythrolamprus,50-72
B0EXP6_IPR045860_1_29-107,none,monomer,order:Cypriniformes,72-95
C3Y8U8_IPR045860_1_21-112,Ly6,monomer,genus:Branchiostoma,72-95
D6WTY3_IPR045860_1_65-168,none,monomer,family:Tenebrionidae,95-117
F6QLK3_IPR045860_1_22-120,Ly6,monomer,genus:Ciona,95-117
F6VQY8_IPR045860_1_66-148,Ly6,monomer,genus:Ciona,72-95
H2Y183_IPR045860_1_19-108,Ly6,monomer,genus:Ciona,72-95
H2ZYU4_IPR045860_1_20-120,none,monomer,genus:Latimeria,95-117
K1RU35_IPR045860_1_17-106,none,monomer,family:Ostreidae,72-95
L5LM59_IPR045860_1_162-245,none,monomer,class:Mammalia,72-95
Q0GAB8_IPR045860_1_20-85,none,monomer,genus:Aneides,50-72
Q0GAM9_IPR045860_1_20-85,none,monomer,genus:Plethodon,50-72
Q4RUX7_IPR045860_1_4-66,Ly6,monomer,genus:Tetraodon,50-72
R4WRW9_IPR045860_1_22-107,none,monomer,genus:Riptortus,72-95
V8NM99_IPR045860_1_62-142,none,monomer,order:Squamata,72-95
W8C6J1_IPR045860_1_47-132,Quiver,monomer,genus:Ceratitis,72-95
Centipede3FTx_0018_1255758,manually_annotated,monomer,class:Chilopoda,140-162
Centipede3FTx_0050_1255758,manually_annotated,monomer,class:Chilopoda,95-117
Centipede3FTx_0082_61981,manually_annotated,monomer,class:Chilopoda,95-117
Centipede3FTx_0114_984703,manually_annotated,monomer,class:Chilopoda,95-117
Centipede3FTx_0146_60158,manually_annotated,monomer,class:Chilopoda,72-95
A0A8B7U3I4_IPR042339_1_1-127,Ly6,monomer,order:Rodentia,117-140
H0XZ56_IPR042339_1_1-127,mixture,monomer,order:Primates,117-140
E2ITZ6_IPR045860_1_12-86,mixture,monomer,family:Elapidae,50-72
M9SZR1_IPR045860_1_13-81,3FTx,monomer,genus:Cylindrophis,50-72
P25495_IPR003571_1_1-61,none,monomer,genus:Laticauda,50-72
P84716_IPR045860_1_1-61,none,monomer,genus:Causus,50-72
R4G2Q7_IPR045860_1_13-87,3FTx,monomer,family:Elapidae,72-95
A0A7J8GR77_IPR039237_1_28-103,none,monomer,genus:Molossus,72-95
L8I4K7_IPR026110_1_112-243,none,monomer,genus:Bos,117-140
A0A091R741_IPR045860_1_1-78,mixture,mixture,class:Aves,72-95
A0A0R4IW80_IPR016054_1_19-105,mixture,multimer,order:Cypriniformes,72-95
A0A1A7XC56_IPR016054_2_124-203,Ly6,multimer,genus:Iconisemion,72-95
A0A2R5GYG0_IPR045860_1_30-114,none,monomer,genus:Hondaea,72-95
A0A3B4BKM4_IPR016054_1_56-128,Ly6,monomer,genus:Periophthalmus,72-95
A0A3M7S4T3_IPR045860_1_19-88,mixture,monomer,genus:Brachionus,72-95
A0A444V7R9_IPR045860_3_235-304,none,mixture,genus:Acipenser,50-72
A0A5A9PFQ9_IPR045860_2_16-95,none,multimer,genus:Triplophysa,72-95
A0A5N3XCM2_IPR035076_1_21-88,none,monomer,genus:Muntiacus,50-72
A0A671XJ26_IPR045860_1_57-133,Ly6,multimer,genus:Sparus,72-95
A0A6G1PJG0_IPR016054_2_21-111,Ly6,multimer,genus:Channa,72-95
A0A6I9LS63_IPR045860_1_58-137,mixture,monomer,order:Rodentia,72-95
A0A6J0V5J9_IPR045860_1_20-95,mixture,monomer,order:Squamata,72-95
A0A6J2BBQ4_IPR045860_1_15-102,none,monomer,genus:Zalophus,72-95
A0A6P7ZLK9_IPR016054_1_21-106,Ly6,monomer,genus:Microcaecilia,72-95
A0A7J6BVM5_IPR045860_3_105-216,Ly6,multimer,genus:Onychostoma,95-117
A0A7K5YPY5_IPR016054_1_4-90,Ly6,monomer,class:Aves,72-95
A0A7L4G8N2_IPR045860_1_1-82,mixture,monomer,phylum:Chordata,72-95
A0A7N4P7J7_IPR045860_1_23-104,none,monomer,genus:Sarcophilus,72-95
A0A813M308_IPR045860_1_24-97,none,multimer,genus:Brachionus,72-95
A0A814BKY7_IPR045860_1_51-128,none,monomer,genus:Brachionus,72-95
A0A8C4TDL5_IPR045860_6_631-704,Ly6,multimer,genus:Erpetoichthys,72-95
A0A8C6NPM7_IPR045860_1_16-88,none,monomer,order:Cyprinodontiformes,50-72
A0A8C7A3F7_IPR045860_1_21-97,none,monomer,genus:Nothoprocta,72-95
A0A8D0CWN2_IPR045860_1_3-52,Ly6,multimer,genus:Sander,50-72
A0A8D2B8Y1_IPR035076_1_16-82,none,monomer,genus:Sciurus,50-72
A0A8J1JTW0_IPR016054_2_21-102,Ly6,multimer,genus:Xenopus,72-95
A0A8J6E8P3_IPR016054_1_21-110,Ly6,monomer,genus:Eleutherodactylus,72-95
A0A8U0RVF9_IPR045860_1_17-108,mixture,monomer,genus:Mustela,72-95
A0A9D4DDZ3_IPR045860_1_54-130,none,monomer,genus:Dreissena,72-95
A0A9Q9VB39_IPR016054_1_106-185,mixture,multimer,family:Cyprinidae,72-95
A0AA35LFV4_IPR045860_1_12-97,none,monomer,genus:Podarcis,72-95
A0AA88MBL2_IPR016054_2_295-386,Ly6,multimer,genus:Channa,72-95
A0AAD8CJI6_IPR045860_1_36-109,none,monomer,genus:Acipenser,72-95
A0AAF3EX73_IPR045860_1_18-106,none,monomer,genus:Mesorhabditis,72-95
A0AAN8IM76_IPR045860_1_19-75,none,monomer,order:Rhabditida,50-72
A0AAN9DC42_IPR016054_2_20-101,Ly6,multimer,genus:Phoxinus,72-95
A0AAV5T3M9_IPR045860_1_8-96,none,monomer,genus:Pristionchus,72-95
A0AAV6YG80_IPR045860_1_2-68,none,monomer,genus:Engystomops,50-72
A0AAV7V3X9_IPR045860_1_12-94,Ly6,monomer,genus:Pleurodeles,72-95
A0AAW0PGP5_IPR016054_2_320-398,Ly6,multimer,genus:Mugilogobius,72-95
A0AAW1Z0I1_IPR016054_2_18-108,Ly6,multimer,genus:Culter,72-95
A0AAY4BY19_IPR016054_1_108-185,Ly6,multimer,genus:Denticeps,72-95
A0ABD1IW98_IPR016054_1_52-129,none,monomer,genus:Coilia,72-95
G1U593_IPR016054_1_37-132,Ly6,monomer,genus:Oryctolagus,95-117
A0A452RA57_IPR038773_1_89-159,none,monomer,genus:Ursus,50-72
A0A091DRB1_IPR016054_4_323-398,mixture,multimer,order:Rodentia,72-95
A0A0A0QSZ4_IPR045860_1_10-100,mixture,mixture,family:Salamandridae,72-95
A0A0B5GR37_IPR045860_2_116-198,Ly6,multimer,genus:Lissotriton,72-95
A0A151N0T5_IPR016054_1_155-235,Ly6,multimer,genus:Alligator,72-95
A0A182P3T6_IPR045860_1_26-133,Ly6,monomer,genus:Anopheles,95-117
A0A1A8B7A5_IPR045860_1_6-87,Ly6,monomer,genus:Nothobranchius,72-95
A0A3M6TBR7_IPR045860_1_141-235,Ly6,mixture,genus:Pocillopora,72-95
A0A3N0YBP6_IPR016054_1_20-109,none,multimer,genus:Anabarilius,72-95
A0A3Q2XL98_IPR045860_2_16-103,Ly6,multimer,genus:Hippocampus,72-95
A0A401PTF8_IPR016054_1_19-97,Ly6,multimer,genus:Scyliorhinus,72-95
A0A4Z2EQG0_IPR045860_1_19-104,Ly6,monomer,genus:Liparis,72-95
A0A513ZV81_IPR045860_2_114-198,Ly6,multimer,genus:Hyloscirtus,72-95
A0A5A9PFM2_IPR016054_1_20-107,none,monomer,genus:Triplophysa,72-95
A0A672HY22_IPR016054_1_110-192,Ly6,multimer,genus:Salarias,72-95
A0A6A4S511_IPR016054_1_23-93,Ly6,monomer,genus:Scophthalmus,50-72
A0A6G0ITJ9_IPR045860_2_92-181,Ly6,multimer,genus:Larimichthys,72-95
A0A6J0SKT9_IPR016054_3_21-114,Ly6,multimer,genus:Pogona,72-95
A0A6P5LMG9_IPR045860_2_122-193,none,multimer,genus:Phascolarctos,72-95
A0A6P7M6W2_IPR016054_1_19-112,mixture,mixture,class:Actinopteri,72-95
A0A6P8HNU1_IPR016054_1_22-103,mixture,monomer,genus:Actinia,72-95
A0A6P8P580_IPR045860_2_20-105,Ly6,multimer,genus:Geotrypetes,72-95
A0A6P8SW49_IPR016054_2_30-128,Ly6,multimer,genus:Geotrypetes,95-117
A0A6P9DRU1_IPR016054_2_17-102,Ly6,multimer,order:Squamata,72-95
A0A7J6AFG8_IPR045860_1_18-104,Ly6,monomer,genus:Ameiurus,72-95
A0A833YSN8_IPR016054_1_47-115,Ly6,multimer,genus:Phyllostomus,50-72
A0A8B6GDE0_IPR016054_1_118-201,none,multimer,genus:Mytilus,72-95
A0A8B8S3K7_IPR045860_1_13-95,Ly6,monomer,class:Mammalia,72-95
A0A8C4YDQ8_IPR045860_2_1-72,Ly6,multimer,genus:Gopherus,50-72
A0A8C5QXI8_IPR045860_2_97-184,Ly6,multimer,genus:Leptobrachium,72-95
A0A8C6G7V1_IPR016054_1_21-103,Ly6,monomer,order:Rodentia,72-95
A0A8C6NTH3_IPR045860_1_20-111,Ly6,monomer,genus:Nothobranchius,72-95
A0A8C6RX46_IPR026524_1_19-132,mixture,monomer,class:Mammalia,95-117
A0A8C6W5N4_IPR045860_1_120-201,Ly6,multimer,genus:Nannospalax,72-95
A0A8C7PHZ2_IPR045860_1_16-103,Ly6,monomer,family:Salmonidae,72-95
A0A8C8TGT2_IPR016054_1_28-113,Ly6,monomer,genus:Peromyscus,72-95
A0A8C9E4A0_IPR016054_1_46-123,mostly_Ly6,monomer,class:Mammalia,72-95
A0A8D0CWM8_IPR045860_2_109-173,Ly6,multimer,genus:Sander,50-72
A0A8D2JEB4_IPR016054_1_19-105,Ly6,multimer,genus:Varanus,72-95
A0A8D3AZS7_IPR016054_2_20-111,Ly6,mixture,order:Pleuronectiformes,72-95
A0A8J0R304_IPR016054_1_27-110,none,monomer,genus:Xenopus,72-95
A0A8J2WJF4_IPR016054_1_27-127,Ly6,mixture,genus:Daphnia,95-117
A0A8J6EA79_IPR045860_2_19-101,Ly6,multimer,genus:Eleutherodactylus,72-95
A0A8J6GC81_IPR045860_2_1-70,mixture,mixture,class:Mammalia,72-95
A0A8T2IS80_IPR045860_2_111-186,Ly6,multimer,family:Pipidae,72-95
A0A974H7Q8_IPR016054_1_22-111,mixture,monomer,genus:Xenopus,72-95
A0A9D3T6K9_IPR016054_1_112-196,Ly6,multimer,genus:Megalops,72-95
A0A9D4DCU7_IPR016054_1_24-106,Ly6,monomer,genus:Dreissena,72-95
A0A9V1GMQ1_IPR016054_1_28-111,none,monomer,family:Felidae,72-95
A0A9W9YGT3_IPR045860_1_7-99,Ly6,monomer,genus:Desmophyllum,72-95
A0AA35K3Y9_IPR016054_1_20-101,Ly6,monomer,genus:Podarcis,72-95
A0AA35KP03_IPR045860_2_78-160,Ly6,multimer,genus:Podarcis,72-95
A0AA35LGT7_IPR016054_1_112-169,Ly6,multimer,genus:Podarcis,50-72
A0AA35PD76_IPR045860_2_64-155,Ly6,multimer,order:Squamata,95-117
A0AA35VVV1_IPR045860_2_91-173,Ly6,multimer,genus:Podarcis,72-95
A0AA47M7D6_IPR016054_1_284-372,Ly6,multimer,genus:Merluccius,72-95
A0AA88MDE0_IPR045860_1_18-105,Ly6,monomer,genus:Tachysurus,72-95
A0AA97KF04_IPR045860_1_20-109,Ly6,multimer,genus:Eublepharis,72-95
A0AA97KJI4_IPR045860_2_113-196,Ly6,multimer,genus:Eublepharis,72-95
A0AAD1T3L1_IPR045860_2_113-199,Ly6,multimer,genus:Pelobates,72-95
A0AAD8ZAJ6_IPR045860_2_4-68,Ly6,multimer,genus:Electrophorus,50-72
A0AAJ7PZQ0_IPR045860_1_21-111,Ly6,monomer,class:Actinopteri,72-95
A0AAU9W657_IPR016054_1_18-113,Ly6,monomer,genus:Pocillopora,95-117
A0AAV1MXH0_IPR016054_1_22-108,Ly6,monomer,genus:Scomber,72-95
A0AAV2JCX1_IPR045860_2_385-473,Ly6,multimer,genus:Knipowitschia,72-95
A0AAV2ZW77_IPR016054_2_2-95,Ly6,multimer,genus:Pyxicephalus,72-95
A0AAV6R6A1_IPR016054_1_21-102,Ly6,monomer,genus:Solea,72-95
A0AAV6ZIS5_IPR045860_2_112-201,Ly6,multimer,genus:Engystomops,72-95
A0AAV7PWX0_IPR016054_1_141-235,Ly6,multimer,genus:Pleurodeles,72-95
A0AAV7Q1T9_IPR045860_2_138-228,Ly6,multimer,genus:Pleurodeles,95-117
A0AAW1EVL5_IPR016054_1_20-103,Ly6,monomer,genus:Zoarces,72-95
A0ABD1J059_IPR045860_1_20-105,mixture,monomer,order:Clupeiformes,72-95
G1PWY8_IPR016054_1_26-105,Ly6,monomer,class:Mammalia,72-95
G3IHM7_IPR016054_1_20-99,Ly6,monomer,family:Cricetidae,72-95
G3U8B7_IPR016054_2_116-192,Ly6,multimer,genus:Loxodonta,72-95
G5AZP4_IPR016054_2_84-152,Ly6,multimer,genus:Heterocephalus,50-72
H9H633_IPR045860_1_120-201,mixture,multimer,class:Mammalia,72-95
K1PXS9_IPR016054_1_58-143,mixture,mixture,family:Ostreidae,72-95
K7GCK0_IPR045860_1_17-104,Ly6,multimer,genus:Pelodiscus,72-95
Q4FAC9_IPR045860_1_21-104,Ly6,multimer,genus:Eurycea,72-95
Q9PTC3_IPR045860_2_114-189,none,multimer,order:Squamata,72-95
S7P8T8_IPR016054_1_26-107,none,monomer,genus:Myotis,72-95
A0A1L6ZA40_IPR026524_1_19-98,none,monomer,genus:Mus,72-95
A0A8C8RMQ6_IPR026524_1_6-124,none,monomer,genus:Pelusios,117-140
A0A2G9S5D3_IPR039457_1_1-85,Ly6,monomer,order:Anura,72-95
A0A3B4B7F3_IPR039457_1_12-172,Ly6,monomer,family:Gobiidae,140-162
A0A851KA47_IPR039457_1_1-82,none,monomer,order:Passeriformes,72-95
A0A8T2JCT1_IPR039457_1_1-125,mixture,monomer,phylum:Chordata,117-140
A0AAD8ZJU8_IPR039457_1_5-80,none,monomer,genus:Electrophorus,72-95
V8NU75_IPR039457_1_60-152,Ly6,monomer,genus:Ophiophagus,72-95
A0A0B2W4B8_IPR031424_1_44-160,none,monomer,genus:Toxocara,95-117
A0A0C9RAR3_IPR045860_1_21-116,none,monomer,genus:Fopius,95-117
A0A0K2T0G0_IPR031424_1_31-138,none,monomer,genus:Lepeophtheirus,95-117
A0A0K8URX0_IPR031424_1_28-135,none,monomer,family:Tephritidae,95-117
A0A0L7L432_IPR031424_1_6-76,none,monomer,order:Lepidoptera,50-72
A0A0M3K7M8_IPR031424_1_18-129,Quiver,monomer,genus:Anisakis,95-117
A0A0N5D265_IPR031424_1_20-144,Ly6,monomer,genus:Thelazia,117-140
A0A132AD50_IPR031424_1_39-106,none,monomer,genus:Sarcoptes,50-72
A0A1B6EBJ6_IPR031424_1_5-77,none,monomer,genus:Clastoptera,72-95
A0A1B6HW74_IPR031424_1_4-73,none,monomer,genus:Homalodisca,50-72
A0A1D1W3V3_IPR031424_1_1-60,Quiver,monomer,genus:Ramazzottius,50-72
A0A1S3CXZ1_IPR031424_1_28-126,none,monomer,genus:Diaphorina,95-117
A0A1S3IUW6_IPR031424_1_20-116,Quiver,monomer,genus:Lingula,95-117
A0A1S4FPR5_IPR045860_1_23-125,none,monomer,genus:Aedes,95-117
A0A1W0WFV8_IPR031424_1_22-108,Quiver,monomer,genus:Hypsibius,72-95
A0A1W4XEN6_IPR031424_1_27-122,Quiver,monomer,genus:Agrilus,95-117
A0A1Z5KX26_IPR031424_1_23-120,mixture,monomer,order:Ixodida,95-117
A0A226CXF1_IPR031424_1_26-123,mixture,monomer,order:Entomobryomorpha,95-117
A0A423TUG7_IPR031424_1_2-96,none,monomer,genus:Penaeus,72-95
A0A482VFU2_IPR031424_1_32-149,none,monomer,genus:Asbolus,117-140
A0A504Y6C3_IPR031424_1_26-114,Quiver,monomer,genus:Fasciola,72-95
A0A6J2K020_IPR031424_1_26-117,none,monomer,genus:Bombyx,72-95
A0A7E4VSQ9_IPR031424_1_66-159,none,monomer,genus:Panagrellus,72-95
A0A7I8W6Y3_IPR031424_1_28-109,none,monomer,genus:Dimorphilus,72-95
A0A7J7KIQ1_IPR031424_1_28-114,none,monomer,genus:Bugula,72-95
A0A7M7JYH8_IPR031424_1_34-108,none,monomer,genus:Varroa,72-95
A0A7R8UFM9_IPR031424_1_23-131,none,monomer,genus:Hermetia,95-117
A0A7R8ZB31_IPR031424_1_141-237,mixture,monomer,genus:Timema,95-117
A0A7R9M4Y1_IPR031424_1_101-184,Quiver,monomer,family:Oppiidae,72-95
A0A813SHY2_IPR031424_1_40-132,mostly_Quiver,monomer,class:Eurotatoria,72-95
A0A815T6F4_IPR031424_1_9-97,Quiver,monomer,genus:Adineta,72-95
A0A8J2LUQ2_IPR031424_1_23-124,none,monomer,genus:Allacma,95-117
A0A8J2WTL9_IPR031424_1_36-133,none,monomer,genus:Daphnia,72-95
A0A8J6HHU1_IPR031424_1_5-107,mixture,monomer,family:Tenebrionidae,95-117
A0A8K0DBT4_IPR031424_1_24-111,Quiver,monomer,genus:Ignelater,72-95
A0A8S1DHR8_IPR045860_1_17-104,Quiver,monomer,genus:Cloeon,72-95
A0A8S3T214_IPR031424_2_27-97,Quiver,multimer,genus:Mytilus,72-95
A0A8S4PWZ4_IPR031424_1_125-235,Quiver,monomer,genus:Owenia,95-117
A0A915DCF7_IPR031424_1_72-158,none,monomer,genus:Ditylenchus,72-95
A0A9J6BVQ8_IPR031424_1_26-135,Quiver,monomer,genus:Polypedilum,95-117
A0A9N9TUU1_IPR045860_1_22-112,none,monomer,genus:Phyllotreta,72-95
A0A9P0G3E1_IPR031424_1_25-125,none,monomer,genus:Psylliodes,95-117
A0A9P0JQD5_IPR031424_1_24-109,none,monomer,genus:Acanthoscelides,72-95
A0A9P1MQ39_IPR031424_1_21-132,none,monomer,genus:Auanema,95-117
A0A9Q0NB28_IPR031424_1_25-114,none,multimer,genus:Pseudolycoriella,72-95
A0A9X6RM38_IPR031424_1_21-113,Quiver,monomer,genus:Hypsibius,72-95
A0AA36FUY4_IPR031424_1_25-110,Quiver,monomer,genus:Mesorhabditis,72-95
A0AA38MPK0_IPR031424_1_36-130,none,monomer,family:Tenebrionidae,95-117
A0AAD8AD41_IPR031424_1_21-105,none,monomer,genus:Diploptera,72-95
A0AAE0S0F9_IPR045860_1_20-115,mixture,monomer,class:Bivalvia,72-95
A0AAE1P8U8_IPR031424_1_19-114,none,monomer,genus:Petrolisthes,95-117
A0AAN8JFM8_IPR045860_1_21-107,Quiver,monomer,genus:Patella,72-95
A0AAQ4EK39_IPR031424_1_41-132,none,monomer,family:Ixodidae,72-95
A0AAV4FNR0_IPR031424_1_25-91,none,monomer,genus:Elysia,50-72
A0AAW0XE32_IPR031424_1_20-118,none,monomer,genus:Cherax,95-117
A0AAW1L336_IPR031424_1_24-101,none,monomer,genus:Popillia,72-95
A0AB39Z4G4_IPR031424_1_27-124,Quiver,monomer,genus:Drosophila,95-117
A0ABD1ELA8_IPR031424_1_23-141,none,monomer,genus:Hypothenemus,117-140
A0ABD2P5V3_IPR031424_1_27-138,mixture,monomer,order:Coleoptera,95-117
E0VE32_IPR031424_1_57-141,Quiver,monomer,genus:Pediculus,72-95
R4UWG9_IPR031424_1_25-147,none,monomer,genus:Coptotermes,117-140
T1IID5_IPR031424_1_70-178,mixture,monomer,phylum:Arthropoda,95-117
A0A0B1SAJ5_IPR045860_1_17-91,none,monomer,genus:Oesophagostomum,72-95
A0A0B2VCP7_IPR045860_1_13-77,none,monomer,order:Rhabditida,72-95
A0A0K0DTX4_IPR045860_1_17-108,Ly6,monomer,genus:Strongyloides,72-95
A0A0N4Y8Q3_IPR045860_1_19-106,none,monomer,genus:Nippostrongylus,72-95
A0A0U2UU65_IPR045860_1_1-98,none,monomer,genus:Saccoglossus,95-117
A0A182C6F2_IPR045860_1_18-107,none,monomer,genus:Phalotris,72-95
A0A182IST1_IPR045860_1_23-121,none,monomer,genus:Anopheles,95-117
A0A182QP02_IPR045860_1_22-118,none,monomer,genus:Anopheles,95-117
A0A1D1URP9_IPR045860_1_32-109,none,monomer,genus:Ramazzottius,72-95
A0A1I7UV27_IPR045860_1_12-86,none,monomer,genus:Caenorhabditis,72-95
A0A1S3JFI4_IPR045860_1_21-120,none,monomer,genus:Lingula,95-117
A0A1Y1LEI0_IPR045860_1_18-101,none,monomer,genus:Photinus,72-95
A0A210Q0N8_IPR045860_1_23-103,none,monomer,genus:Mizuhopecten,72-95
A0A267H8E8_IPR045860_1_251-319,none,monomer,genus:Macrostomum,50-72
A0A2A6B673_IPR045860_1_17-106,none,monomer,genus:Pristionchus,72-95
A0A2B4RLC5_IPR045860_1_29-116,none,monomer,genus:Stylophora,72-95
A0A2C9C3A5_IPR045860_1_39-103,none,monomer,genus:Caenorhabditis,50-72
A0A2D4GTL4_IPR045860_1_19-91,Ly6,monomer,genus:Micrurus,72-95
A0A2G8LH07_IPR045860_1_5-97,none,monomer,genus:Apostichopus,72-95
A0A3B3S7V5_IPR045860_1_99-167,mixture,monomer,class:Actinopteri,50-72
A0A3M6TBT0_IPR045860_1_17-109,mixture,monomer,family:Pocilloporidae,72-95
A0A3P8S358_IPR045860_1_17-86,Ly6,monomer,genus:Amphiprion,50-72
A0A3P9I631_IPR045860_1_24-86,Ly6,monomer,genus:Oryzias,50-72
A0A3Q1G6G8_IPR045860_1_17-79,mixture,monomer,class:Actinopteri,50-72
A0A3Q2YSN3_IPR045860_1_19-103,Ly6,monomer,genus:Hippocampus,72-95
A0A3Q3FWQ0_IPR045860_1_18-94,Ly6,monomer,genus:Labrus,72-95
A0A3Q4HC84_IPR045860_1_59-134,none,monomer,genus:Neolamprologus,72-95
A0A444U6G7_IPR045860_1_1-60,none,monomer,genus:Acipenser,50-72
A0A482X3N6_IPR045860_1_30-118,Ly6,monomer,genus:Laodelphax,72-95
A0A498NQ74_IPR045860_1_77-126,none,monomer,genus:Labeo,50-72
A0A4U5M488_IPR045860_1_21-104,Ly6,monomer,genus:Steinernema,72-95
A0A4U8UND6_IPR045860_1_41-143,none,monomer,genus:Steinernema,95-117
A0A4Z2D806_IPR045860_1_15-159,none,monomer,genus:Schistosoma,140-162
A0A553PG42_IPR045860_1_25-155,none,monomer,genus:Tigriopus,117-140
A0A5A9NJJ7_IPR045860_1_159-272,none,multimer,genus:Triplophysa,95-117
A0A5N5SJ70_IPR045860_1_66-143,none,monomer,genus:Armadillidium,72-95
A0A671NB08_IPR045860_1_49-132,none,monomer,genus:Sinocyclocheilus,72-95
A0A671U746_IPR045860_1_18-83,Ly6,monomer,genus:Sparus,50-72
A0A672MGM7_IPR045860_1_24-76,none,monomer,genus:Sinocyclocheilus,50-72
A0A673VKD5_IPR045860_1_24-100,none,monomer,class:Actinopteri,72-95
A0A6A4WUM7_IPR045860_1_36-134,none,monomer,genus:Amphibalanus,95-117
A0A6F9DVC4_IPR045860_1_19-124,none,monomer,genus:Phallusia,95-117
A0A6G0UZW2_IPR045860_1_22-91,none,monomer,genus:Halicephalobus,50-72
A0A6J2XD35_IPR045860_1_21-80,none,monomer,genus:Sitophilus,50-72
A0A6L2PCK1_IPR045860_1_1-95,none,monomer,genus:Coptotermes,72-95
A0A6P5ARC5_IPR045860_1_20-112,none,monomer,genus:Branchiostoma,72-95
A0A6P8HVQ0_IPR045860_1_20-108,none,monomer,genus:Actinia,72-95
A0A6P9DET9_IPR045860_2_22-106,none,multimer,genus:Pantherophis,72-95
A0A6S7FLY9_IPR045860_1_196-275,none,monomer,genus:Paramuricea,72-95
A0A6V7KFD7_IPR045860_1_1-72,none,monomer,genus:Bracon,50-72
A0A7D9E9Y5_IPR045860_2_115-202,none,multimer,genus:Paramuricea,72-95
A0A7E5W559_IPR045860_1_32-108,none,monomer,genus:Trichoplusia,72-95
A0A7J7WZ32_IPR045860_1_20-80,none,monomer,genus:Pipistrellus,50-72
A0A7M5X851_IPR045860_1_20-114,none,monomer,genus:Clytia,72-95
A0A7M7JNF8_IPR045860_1_138-242,none,monomer,order:Mesostigmata,95-117
A0A803K9A0_IPR045860_1_18-106,Ly6,multimer,genus:Xenopus,72-95
A0A811KQA4_IPR045860_1_60-165,none,monomer,genus:Bursaphelenchus,95-117
A0A812EUT4_IPR045860_1_168-256,none,monomer,genus:Acanthosepion,72-95
A0A813S545_IPR045860_1_23-89,none,monomer,genus:Adineta,50-72
A0A814FP02_IPR045860_1_81-156,none,monomer,genus:Adineta,72-95
A0A815TQG0_IPR045860_1_26-98,mixture,monomer,class:Eurotatoria,72-95
A0A816DF68_IPR045860_1_20-91,none,monomer,genus:Adineta,50-72
A0A8B6FF91_IPR045860_1_28-111,mixture,mixture,genus:Mytilus,72-95
A0A8B8AD32_IPR045860_1_58-123,none,multimer,family:Ostreidae,50-72
A0A8C2P1W5_IPR045860_1_59-156,none,monomer,genus:Capra,95-117
A0A8C5CYP2_IPR045860_1_6-99,none,monomer,genus:Gadus,95-117
A0A8C5FF63_IPR045860_1_31-135,none,monomer,order:Gadiformes,95-117
A0A8C5QCK5_IPR045860_1_33-145,none,multimer,genus:Leptobrachium,95-117
A0A8C6LUE9_IPR045860_1_40-114,Ly6,monomer,genus:Nothobranchius,72-95
A0A8C7JH52_IPR045860_1_21-96,Ly6,monomer,genus:Oncorhynchus,72-95
A0A8D2ITQ6_IPR045860_1_9-115,none,monomer,genus:Varanus,95-117
A0A8D3AVK4_IPR045860_1_2-76,none,monomer,genus:Scophthalmus,72-95
A0A8J1JXH9_IPR045860_1_120-208,Ly6,mixture,genus:Xenopus,72-95
A0A8J4WQA0_IPR045860_1_24-96,none,monomer,genus:Paragonimus,72-95
A0A8J9Z8P6_IPR045860_1_22-100,none,mixture,genus:Branchiostoma,72-95
A0A8K0DB46_IPR045860_1_35-136,none,monomer,genus:Ignelater,95-117
A0A8R2JVZ4_IPR045860_1_15-109,none,monomer,genus:Acyrthosiphon,72-95
A0A8S1H097_IPR045860_1_11-99,none,monomer,genus:Caenorhabditis,72-95
A0A8S4PHM0_IPR045860_1_31-117,none,monomer,genus:Owenia,72-95
A0A8S9YVM8_IPR045860_1_19-84,none,monomer,genus:Paragonimus,50-72
A0A8T0FTL5_IPR045860_1_8-104,mixture,monomer,order:Araneae,72-95
A0A8T2L074_IPR045860_1_47-115,Ly6,monomer,genus:Astyanax,50-72
A0A913X6H3_IPR045860_1_20-133,none,monomer,genus:Exaiptasia,95-117
A0A913ZME4_IPR045860_1_17-104,none,monomer,genus:Patiria,72-95
A0A914FFU1_IPR045860_1_18-88,Ly6,monomer,genus:Panagrolaimus,50-72
A0A914J1B6_IPR045860_1_5-69,none,monomer,genus:Panagrolaimus,50-72
A0A914WBA7_IPR045860_1_12-94,none,monomer,genus:Plectus,72-95
A0A915BKH2_IPR045860_1_28-129,none,monomer,genus:Parascaris,95-117
A0A915PBA9_IPR045860_1_230-325,none,monomer,genus:Meloidogyne,95-117
A0A974H4V5_IPR045860_1_21-112,none,monomer,genus:Xenopus,72-95
A0A9D3M071_IPR045860_1_46-122,none,monomer,genus:Anguilla,72-95
A0A9D3RWL6_IPR045860_1_39-122,Ly6,monomer,genus:Anguilla,72-95
A0A9D4DHW6_IPR045860_1_18-91,none,monomer,genus:Dreissena,72-95
A0A9D4JBI7_IPR045860_1_157-228,none,monomer,genus:Dreissena,50-72
A0A9J7N3L4_IPR045860_1_30-131,none,monomer,genus:Branchiostoma,95-117
A0A9N7Z1P8_IPR045860_1_12-78,none,monomer,genus:Pleuronectes,50-72
A0A9P0KV69_IPR045860_1_1-75,none,monomer,order:Coleoptera,72-95
A0A9P0TWQ4_IPR045860_1_35-94,mixture,monomer,order:Lepidoptera,50-72
A0A9P1HTJ1_IPR045860_1_12-91,none,monomer,genus:Auanema,72-95
A0A9Q0RVX5_IPR045860_1_58-154,none,monomer,genus:Pseudolycoriella,95-117
A0A9Q1BEV7_IPR045860_1_19-104,Quiver,monomer,genus:Holothuria,72-95
A0A9U8EMM2_IPR045860_1_28-121,none,monomer,genus:Biomphalaria,72-95
A0A9W9Z0Q6_IPR045860_1_25-101,none,monomer,genus:Desmophyllum,72-95
A0A9X0A6F5_IPR045860_1_53-132,none,monomer,genus:Desmophyllum,72-95
A0AA35JW52_IPR045860_2_262-342,mixture,multimer,genus:Podarcis,72-95
A0AA35QPM5_IPR045860_1_110-191,none,monomer,genus:Podarcis,72-95
A0AA36BRA4_IPR045860_1_25-88,Quiver,monomer,genus:Octopus,50-72
A0AA36GS51_IPR045860_1_29-97,none,monomer,genus:Cylicocyclus,50-72
A0AA39IQY4_IPR045860_1_86-161,none,monomer,genus:Steinernema,72-95
A0AA88I5L7_IPR045860_1_1-103,none,monomer,genus:Artemia,95-117
A0AA97KFP9_IPR045860_1_17-103,mixture,mixture,genus:Eublepharis,72-95
A0AAD1T3F0_IPR045860_1_19-89,mixture,monomer,genus:Pelobates,50-72
A0AAD5LWV6_IPR045860_1_22-120,none,monomer,genus:Daphnia,95-117
A0AAD7T5U1_IPR045860_1_25-87,none,monomer,genus:Aldrovandia,50-72
A0AAD8A6M0_IPR045860_1_2-72,none,monomer,genus:Diploptera,50-72
A0AAD8EHZ4_IPR045860_1_1-66,none,monomer,order:Blattodea,50-72
A0AAD9K5S4_IPR045860_1_22-84,none,monomer,genus:Paralvinella,50-72
A0AAD9QLV9_IPR045860_1_4-92,none,monomer,genus:Acropora,72-95
A0AAE1U9Q9_IPR045860_1_118-214,none,monomer,genus:Petrolisthes,95-117
A0AAF3EK38_IPR045860_3_126-187,none,multimer,genus:Mesorhabditis,50-72
A0AAJ7XI82_IPR045860_1_19-105,Ly6,monomer,genus:Petromyzon,72-95
A0AAN5CDL5_IPR045860_1_2-85,none,monomer,genus:Pristionchus,72-95
A0AAN5I782_IPR045860_1_21-103,Ly6,monomer,genus:Pristionchus,72-95
A0AAN8ACN1_IPR045860_1_17-88,none,monomer,genus:Eleginops,50-72
A0AAN8G8C6_IPR045860_1_20-114,none,monomer,genus:Patella,72-95
A0AAN8XCL9_IPR045860_1_23-72,none,monomer,genus:Halocaridina,50-72
A0AAN9GHL8_IPR045860_1_25-118,none,monomer,genus:Littorina,72-95
A0AAR2L8Z5_IPR045860_1_24-112,none,monomer,phylum:Chordata,95-117
A0AAR5Q117_IPR045860_1_25-109,none,monomer,genus:Dendroctonus,72-95
A0AAU9WA79_IPR045860_1_12-98,mixture,monomer,genus:Pocillopora,72-95
A0AAU9XD08_IPR045860_1_24-120,Ly6,monomer,genus:Pocillopora,95-117
A0AAV2I9Y0_IPR045860_1_24-120,none,monomer,genus:Lymnaea,95-117
A0AAV2RQR6_IPR045860_1_23-107,Ly6,monomer,genus:Meganyctiphanes,72-95
A0AAV3AY91_IPR045860_1_1-74,none,monomer,genus:Pyxicephalus,72-95
A0AAV4INV0_IPR045860_1_11-106,Ly6,monomer,genus:Elysia,95-117
A0AAV4XBB6_IPR045860_1_58-161,none,monomer,genus:Caerostris,95-117
A0AAV5U771_IPR045860_1_19-105,none,monomer,genus:Pristionchus,72-95
A0AAV6ZHX9_IPR045860_2_104-184,SPF,multimer,genus:Engystomops,72-95
A0AAV7JZ97_IPR045860_1_22-111,none,monomer,genus:Oopsacas,72-95
A0AAV8VAZ2_IPR045860_1_2-101,none,monomer,genus:Exocentrus,95-117
A0AAW0ML87_IPR045860_1_117-180,none,monomer,genus:Mugilogobius,50-72
A0AAW1AWZ8_IPR045860_1_229-317,mixture,mixture,genus:Crotalus,72-95
A0AAW1UL86_IPR045860_1_68-169,none,monomer,family:Coccinellidae,95-117
A0ABD0KJK7_IPR045860_1_6-73,none,monomer,genus:Batillaria,50-72
A0ABD2LGS7_IPR045860_1_20-99,none,monomer,genus:Heterodera,72-95
A0ABD6E8U8_IPR045860_1_72-143,none,monomer,genus:Gnathostoma,50-72
A7RU85_IPR045860_1_23-112,none,monomer,genus:Nematostella,72-95
C3YF08_IPR045860_1_20-88,none,monomer,genus:Branchiostoma,50-72
E2BPT1_IPR045860_1_53-158,none,monomer,family:Formicidae,95-117
E4XV80_IPR045860_1_13-110,none,monomer,genus:Oikopleura,95-117
F6QRD6_IPR045860_1_19-111,Ly6,monomer,genus:Ciona,72-95
H2Y7B1_IPR045860_1_3-103,none,monomer,genus:Ciona,95-117
J9EK38_IPR045860_1_117-199,none,monomer,genus:Wuchereria,72-95
K1RUU4_IPR045860_1_135-218,mixture,mixture,family:Ostreidae,72-95
L9JBH6_IPR045860_1_38-158,none,mixture,class:Mammalia,117-140
M4H2H9_IPR045860_1_17-79,none,monomer,genus:Pleurobrachia,50-72
O17890_IPR045860_1_16-85,Ly6,monomer,genus:Caenorhabditis,50-72
Q9UAD1_IPR045860_1_26-101,none,monomer,genus:Eptatretus,72-95
R7TBW9_IPR045860_1_1-71,none,monomer,genus:Capitella,50-72
S5RZ78_IPR045860_1_19-94,mixture,monomer,class:Actinopteri,72-95
T1GN54_IPR045860_1_67-170,none,monomer,genus:Megaselia,95-117
U3JN66_IPR045860_1_16-74,none,mixture,phylum:Chordata,50-72
Centipede3FTx_0019_1255758,manually_annotated,monomer,class:Chilopoda,95-117
Centipede3FTx_0083_61981,manually_annotated,monomer,class:Chilopoda,50-72
Centipede3FTx_0115_984703,manually_annotated,monomer,class:Chilopoda,95-117
A0A6I8N2M3_IPR042339_1_9-118,Ly6,monomer,genus:Ornithorhynchus,95-117
A0A194ASF5_IPR045860_1_12-83,mixture,monomer,genus:Micrurus,50-72
A0A346CLY6_IPR045860_1_13-85,3FTx,monomer,genus:Ahaetulla,72-95
A0A898IPP1_IPR045860_1_14-81,3FTx,monomer,genus:Calliophis,50-72
M9T2J4_IPR045860_1_13-88,3FTx,monomer,genus:Azemiops,72-95
P01432_IPR045860_1_1-62,mixture,monomer,family:Elapidae,50-72
U3F5E9_IPR045860_1_13-78,mixture,monomer,genus:Micrurus,50-72
A0A8J6A6H0_IPR026110_1_1-85,none,monomer,class:Mammalia,72-95
A0A0R4IW80_IPR045860_2_106-182,Ly6,multimer,genus:Danio,72-95
A0A1S3AHG9_IPR045860_1_21-95,none,monomer,genus:Erinaceus,72-95
A0A1S3T2R8_IPR045860_2_17-141,Ly6,multimer,genus:Salmo,117-140
A0A210QB00_IPR016054_1_61-156,none,multimer,genus:Mizuhopecten,95-117
A0A2I0TVC8_IPR045860_2_171-226,Ly6,multimer,genus:Limosa,50-72
A0A3M7SEF5_IPR016054_1_9-86,Ly6,multimer,genus:Brachionus,72-95
A0A3Q2XM39_IPR045860_1_9-93,none,monomer,genus:Hippocampus,72-95
A0A444V7R9_IPR045860_4_17-88,none,multimer,genus:Acipenser,50-72
A0A4W5K9J8_IPR045860_2_39-126,Ly6,multimer,family:Salmonidae,72-95
A0A5A9PHY3_IPR016054_1_20-105,Ly6,monomer,genus:Triplophysa,72-95
A0A670ZVX0_IPR016054_1_2-89,Ly6,monomer,genus:Pseudonaja,72-95
A0A671XJ26_IPR045860_2_1-52,Ly6,multimer,genus:Sparus,50-72
A0A6B0RUV3_IPR016054_1_15-109,Ly6,monomer,genus:Bos,72-95
A0A6G1PNI3_IPR016054_1_18-113,Ly6,multimer,genus:Channa,95-117
A0A6P7ZLR4_IPR016054_1_21-105,Ly6,monomer,genus:Microcaecilia,72-95
A0A7K8R643_IPR045860_1_1-78,none,monomer,genus:Smithornis,72-95
A0A7L0GG81_IPR045860_1_3-77,none,monomer,family:Falconidae,72-95
A0A7L1YWL8_IPR016054_1_2-107,mostly_Ly6,mixture,class:Aves,72-95
A0A813M308_IPR045860_2_103-180,none,multimer,genus:Brachionus,72-95
A0A814DSB1_IPR045860_1_26-110,none,monomer,genus:Brachionus,72-95
A0A818ZQB4_IPR045860_1_19-103,none,monomer,genus:Adineta,72-95
A0A8B6HI11_IPR016054_1_202-294,mixture,mixture,genus:Mytilus,72-95
A0A8C2D3E9_IPR045860_1_52-125,mixture,monomer,family:Cyprinidae,72-95
A0A8C4TDL5_IPR045860_7_288-362,Ly6,multimer,genus:Erpetoichthys,72-95
A0A8C6P8G6_IPR016054_1_51-145,Ly6,multimer,genus:Nothobranchius,72-95
A0A8D0CWN2_IPR045860_2_57-129,Ly6,multimer,genus:Sander,72-95
A0A8J1JUL3_IPR016054_1_21-105,Ly6,monomer,genus:Xenopus,72-95
A0A8K1G7K7_IPR045860_1_18-77,none,monomer,genus:Zosterops,50-72
A0A8T2JGH5_IPR045860_1_1-68,none,monomer,genus:Hymenochirus,50-72
A0A974C165_IPR035076_1_25-106,none,monomer,genus:Xenopus,72-95
A0A9D3MVQ9_IPR045860_1_1-72,none,monomer,genus:Anguilla,50-72
A0AA88MBL2_IPR016054_3_20-97,Ly6,multimer,genus:Channa,72-95
A0AAF3J2H5_IPR045860_1_22-105,mixture,monomer,genus:Mesorhabditis,72-95
A0AAN8K4G8_IPR045860_1_9-92,none,monomer,genus:Patella,72-95
A0AAN9GZP3_IPR016054_1_109-183,mixture,multimer,genus:Phoxinus,72-95
A0AAV5T3W2_IPR045860_1_19-95,none,monomer,genus:Pristionchus,72-95
A0AAV7V404_IPR016054_1_21-106,Ly6,monomer,genus:Pleurodeles,72-95
A0AAW0PGP5_IPR016054_3_226-318,Ly6,multimer,genus:Mugilogobius,72-95
A0AAW1Z0Q7_IPR016054_1_103-180,Ly6,multimer,genus:Culter,72-95
A0AAY4BY19_IPR016054_2_17-107,Ly6,multimer,genus:Denticeps,72-95
I3JWN5_IPR045860_1_46-116,mixture,mixture,genus:Oreochromis,72-95
A0A0D9S1E6_IPR016054_2_114-212,none,multimer,order:Primates,72-95
A0A0P6J6I0_IPR045860_4_321-397,Ly6,mixture,order:Rodentia,72-95
A0A151M3T1_IPR016054_1_56-129,Ly6,multimer,genus:Alligator,72-95
A0A151N0T5_IPR045860_2_26-129,Ly6,multimer,genus:Alligator,95-117
A0A210PIL5_IPR016054_1_31-126,Ly6,multimer,genus:Mizuhopecten,95-117
A0A2B4REU3_IPR045860_1_18-109,Ly6,monomer,family:Pocilloporidae,72-95
A0A2D4GKE8_IPR045860_2_114-197,mixture,mixture,genus:Micrurus,72-95
A0A2R2MNG7_IPR016054_1_21-114,Ly6,monomer,genus:Lingula,72-95
A0A6J2YBV3_IPR045860_1_21-109,none,monomer,genus:Sitophilus,72-95
A0A6P8I7T5_IPR045860_1_25-116,none,monomer,genus:Actinia,72-95
A0A6S7G4S7_IPR045860_1_1-75,none,monomer,genus:Paramuricea,72-95
A0A7D9JGX1_IPR045860_1_4-80,none,monomer,genus:Paramuricea,72-95
A0A7I4YQB4_IPR045860_1_29-104,none,monomer,genus:Haemonchus,72-95
A0A7J6CX30_IPR045860_1_22-99,none,monomer,class:Actinopteri,72-95
A0A7L3WE48_IPR045860_1_1-61,none,monomer,genus:Atlantisia,50-72
A0A7M6DNR1_IPR045860_1_160-214,none,monomer,genus:Clytia,50-72
A0A7M7L0T9_IPR045860_1_31-135,none,monomer,genus:Varroa,95-117
A0A7N8XIT9_IPR045860_1_1-64,Ly6,monomer,genus:Mastacembelus,50-72
A0A7R8ZYL1_IPR045860_1_63-161,none,monomer,genus:Darwinula,95-117
A0A7R9XLB5_IPR045860_1_37-120,none,monomer,genus:Argulus,72-95
A0A813N0E7_IPR045860_1_23-98,none,monomer,class:Eurotatoria,72-95
A0A814MBK1_IPR045860_1_21-110,Ly6,multimer,genus:Brachionus,72-95
A0A818HFT3_IPR045860_1_23-92,none,monomer,genus:Adineta,50-72
A0A8B7Y306_IPR045860_1_21-101,none,monomer,genus:Acanthaster,72-95
A0A8B9GJT9_IPR045860_1_10-103,none,monomer,genus:Amazona,72-95
A0A8C5QT23_IPR045860_1_67-151,Ly6,multimer,genus:Leptobrachium,72-95
A0A8C6M5H3_IPR045860_1_6-91,none,monomer,family:Nothobranchiidae,72-95
A0A8C8SK97_IPR045860_1_16-97,none,monomer,genus:Pelusios,72-95
A0A8C9RZ09_IPR045860_1_38-115,none,monomer,genus:Scleropages,72-95
A0A8C9T1M5_IPR045860_3_246-331,none,mixture,genus:Scleropages,72-95
A0A8C9UP47_IPR045860_1_61-138,mixture,mixture,genus:Spermophilus,72-95
A0A8D2JCE4_IPR045860_1_18-95,none,monomer,genus:Varanus,72-95
A0A8J1L0P1_IPR045860_1_27-104,none,monomer,genus:Xenopus,72-95
A0A8J1U7F8_IPR045860_1_24-113,none,monomer,genus:Owenia,72-95
A0A8J6E8Q3_IPR045860_2_62-127,Ly6,multimer,genus:Eleutherodactylus,50-72
A0A8S1HML4_IPR045860_1_31-115,Ly6,monomer,genus:Caenorhabditis,72-95
A0A8S3PVH8_IPR045860_1_33-132,none,monomer,genus:Mytilus,95-117
A0A8S9Z9M5_IPR045860_1_25-91,mixture,monomer,genus:Paragonimus,50-72
A0A8T2IPN4_IPR045860_1_113-191,Ly6,multimer,genus:Hymenochirus,72-95
A0A8W8JBG6_IPR045860_1_59-150,none,mixture,family:Ostreidae,72-95
A0A903VNF1_IPR045860_1_30-125,none,monomer,family:Culicidae,72-95
A0A913XJF9_IPR045860_1_126-220,none,multimer,genus:Exaiptasia,72-95
A0A913ZNC1_IPR045860_1_59-145,none,monomer,genus:Patiria,72-95
A0A914GSD6_IPR045860_1_1491-1597,none,monomer,genus:Globodera,95-117
A0A914JJY2_IPR045860_1_72-183,none,monomer,genus:Panagrolaimus,95-117
A0A914WLX3_IPR045860_1_20-108,none,monomer,genus:Plectus,72-95
A0A974CI56_IPR045860_1_18-102,none,multimer,genus:Xenopus,72-95
A0A9D3Y1L0_IPR045860_1_17-100,none,monomer,genus:Dreissena,72-95
A0A9D4E735_IPR045860_1_24-99,none,monomer,genus:Dreissena,72-95
A0A9J2PK16_IPR045860_1_71-163,mixture,monomer,order:Rhabditida,72-95
A0A9N7U592_IPR045860_2_17-105,Ly6,multimer,genus:Pleuronectes,72-95
A0A9P0CC75_IPR045860_1_31-99,none,monomer,genus:Diatraea,50-72
A0A9P0GLR3_IPR045860_1_50-156,none,monomer,genus:Ceutorhynchus,95-117
A0A9P1ACE4_IPR045860_1_66-144,none,monomer,genus:Caenorhabditis,72-95
A0A9P1IRW0_IPR045860_1_43-131,none,monomer,genus:Caenorhabditis,72-95
A0A9Q0X9E8_IPR045860_1_18-99,none,monomer,genus:Phrynocephalus,72-95
A0A9Q1FZ52_IPR045860_1_511-590,none,multimer,genus:Synaphobranchus,72-95
A0A9W9ZGI0_IPR045860_1_1-53,none,monomer,genus:Desmophyllum,50-72
A0A9X0A9R1_IPR045860_1_111-201,none,multimer,genus:Desmophyllum,72-95
A0AA36F8P6_IPR045860_1_22-102,none,monomer,genus:Octopus,72-95
A0AA36GTS8_IPR045860_1_17-95,none,monomer,genus:Cylicocyclus,72-95
A0AA36M5Y1_IPR045860_1_18-101,none,monomer,genus:Cylicocyclus,72-95
A0AA85JTC0_IPR045860_1_42-109,none,monomer,genus:Trichobilharzia,50-72
A0AAD6BQA0_IPR045860_1_55-129,none,monomer,genus:Pogonophryne,72-95
A0AAD9MV61_IPR045860_1_19-83,none,monomer,genus:Paralvinella,50-72
A0AAD9QVN7_IPR045860_1_40-125,none,monomer,genus:Acropora,72-95
A0AAE1DI05_IPR045860_1_122-193,none,monomer,genus:Elysia,50-72
A0AAF3ESL0_IPR045860_1_220-304,none,monomer,genus:Mesorhabditis,72-95
A0AAJ6YU34_IPR045860_1_29-112,none,monomer,order:Hymenoptera,72-95
A0AAJ7UHF9_IPR045860_1_25-109,Ly6,multimer,genus:Petromyzon,72-95
A0AAJ8BDX1_IPR045860_1_20-82,Ly6,monomer,genus:Lates,50-72
A0AAN5CQ88_IPR045860_1_20-99,Ly6,monomer,genus:Pristionchus,72-95
A0AAN8Q723_IPR045860_1_29-127,none,monomer,genus:Polyplax,95-117
A0AAN9BSS9_IPR045860_1_29-108,none,monomer,genus:Littorina,72-95
A0AAN9GQ95_IPR045860_1_27-98,none,monomer,class:Gastropoda,50-72
A0AAN9Z5S3_IPR045860_1_206-262,none,monomer,genus:Gryllus,50-72
A0AAR5QIK1_IPR045860_1_17-104,mixture,monomer,genus:Dendroctonus,72-95
A0AAU9WK20_IPR045860_1_30-130,mixture,monomer,genus:Pocillopora,95-117
A0AAU9XFA1_IPR045860_1_24-119,Ly6,monomer,genus:Pocillopora,95-117
A0AAV1M1P1_IPR045860_1_46-142,Quiver,monomer,genus:Parnassius,95-117
A0AAV2J4E6_IPR045860_1_24-96,none,monomer,genus:Knipowitschia,72-95
A0AAV2MT41_IPR045860_1_116-175,SPF,multimer,genus:Knipowitschia,50-72
A0AAV2TC35_IPR045860_1_16-114,none,monomer,genus:Calicophoron,95-117
A0AAV3Z6A2_IPR045860_1_23-99,mixture,monomer,family:Plakobranchidae,72-95
A0AAV5SI67_IPR045860_1_31-120,none,monomer,genus:Pristionchus,72-95
A0AAV5UDD3_IPR045860_1_58-154,none,monomer,genus:Pristionchus,95-117
A0AAV5X3M2_IPR045860_1_35-111,none,monomer,genus:Pristionchus,72-95
A0AAV7ME30_IPR045860_3_161-274,none,multimer,genus:Pleurodeles,95-117
A0AAV8VLR4_IPR045860_1_20-100,none,monomer,genus:Exocentrus,72-95
A0AAW0MXH8_IPR045860_1_14-80,none,monomer,genus:Mugilogobius,50-72
A0AAW1KMF1_IPR045860_1_29-131,none,monomer,family:Scarabaeidae,95-117
A0AAW1URF7_IPR045860_2_18-99,none,multimer,genus:Henosepilachna,72-95
A0ABD0LN10_IPR045860_1_23-111,none,monomer,genus:Batillaria,72-95
A0ABD0VYF5_IPR045860_1_31-141,none,monomer,genus:Umbra,95-117
A0ABD2CA48_IPR045860_1_39-136,none,monomer,genus:Vespula,95-117
A0ABD2N3I1_IPR045860_1_15-117,none,monomer,family:Coccinellidae,95-117
A0ABD6EHK3_IPR045860_1_20-115,none,monomer,genus:Gnathostoma,95-117
A6HEU6_IPR045860_1_121-198,mixture,monomer,genus:Rattus,72-95
A7SFL7_IPR045860_1_20-113,none,monomer,genus:Nematostella,72-95
C3Z070_IPR045860_1_154-208,none,multimer,genus:Branchiostoma,50-72
F6S9E3_IPR045860_1_19-99,none,monomer,genus:Ornithorhynchus,72-95
H2YCZ6_IPR045860_1_18-104,none,monomer,genus:Ciona,72-95
K7GJF5_IPR045860_1_27-110,none,monomer,genus:Pelodiscus,72-95
M7B060_IPR045860_1_30-112,none,monomer,genus:Chelonia,72-95
Q5MPP8_IPR045860_1_18-110,none,monomer,class:Mammalia,72-95
Q95QW3_IPR045860_1_26-100,Ly6,monomer,genus:Caenorhabditis,72-95
R7TTF3_IPR045860_1_22-90,Ly6,monomer,genus:Capitella,50-72
S7N3I8_IPR045860_1_40-121,none,monomer,genus:Myotis,72-95
T1IEW3_IPR045860_1_62-161,none,monomer,genus:Rhodnius,95-117
V4BW46_IPR045860_1_18-103,none,monomer,genus:Lottia,72-95
V8PGA9_IPR045860_1_1-69,none,monomer,genus:Ophiophagus,50-72
W2TJ37_IPR045860_1_17-101,none,monomer,genus:Necator,72-95
W5M2V4_IPR045860_1_30-143,none,monomer,family:Lepisosteidae,95-117
Centipede3FTx_0025_61981,manually_annotated,monomer,class:Chilopoda,95-117
Centipede3FTx_0057_1255758,manually_annotated,monomer,class:Chilopoda,95-117
Centipede3FTx_0089_984703,manually_annotated,monomer,class:Chilopoda,117-140
Centipede3FTx_0121_60158,manually_annotated,monomer,class:Chilopoda,72-95
A0A6J2NAA9_IPR042339_1_1-128,Ly6,monomer,genus:Phyllostomus,117-140
A0A193CHM5_IPR045860_1_35-111,3FTx,monomer,genus:Trimorphodon,72-95
A0A346CM08_IPR045860_1_12-84,3FTx,monomer,genus:Ahaetulla,72-95
A0AA50S1U2_IPR045860_1_35-111,mixture,monomer,genus:Rhinobothryum,72-95
A5X2W6_IPR045860_1_13-86,mixture,monomer,family:Viperidae,72-95
E2IU15_IPR045860_1_24-88,3FTx,monomer,genus:Bungarus,50-72
P0C1Z0_IPR045860_1_1-61,none,monomer,genus:Dendroaspis,50-72
P86097_IPR045860_1_1-60,3FTx,monomer,genus:Micrurus,50-72
Q4VRI0_IPR045860_1_12-79,mixture,monomer,genus:Oxyuranus,50-72
A0A8C2RUH3_IPR026110_1_1-140,none,monomer,order:Artiodactyla,117-140
A0A2B4SN06_IPR045860_1_115-199,mixture,multimer,family:Pocilloporidae,72-95
A0A3B3RHT0_IPR016054_1_74-158,Ly6,multimer,genus:Paramormyrops,72-95
A0A3B4EG41_IPR016054_2_19-104,Ly6,multimer,genus:Pygocentrus,72-95
A0A3M7T3T7_IPR016054_4_350-428,Ly6,multimer,genus:Brachionus,72-95
A0A3P9C561_IPR016054_1_19-100,mixture,multimer,family:Cichlidae,72-95
A0A3Q2CFW6_IPR045860_1_105-176,none,multimer,genus:Cyprinodon,50-72
A0A3Q3AMF9_IPR045860_2_68-143,Ly6,multimer,genus:Kryptolebias,72-95
A0A452H3Z6_IPR016054_1_17-101,mixture,monomer,order:Testudines,72-95
A0A484CHY2_IPR045860_1_23-108,Ly6,multimer,genus:Perca,72-95
A0A498MKX1_IPR016054_6_649-763,Ly6,multimer,genus:Labeo,95-117
A0A5F4VQR2_IPR016054_1_20-96,Ly6,monomer,family:Cebidae,72-95
A0A671FEA5_IPR016054_1_23-109,Ly6,monomer,genus:Rhinolophus,72-95
A0A672HWQ3_IPR016054_2_117-203,Ly6,multimer,genus:Salarias,72-95
A0A673JU68_IPR045860_1_3-52,Ly6,multimer,genus:Sinocyclocheilus,50-72
A0A6I8PR13_IPR016054_1_21-105,Ly6,monomer,genus:Ornithorhynchus,72-95
A0A6P3F503_IPR016054_1_21-111,Ly6,monomer,genus:Octodon,72-95
A0A6P5KZ11_IPR045860_1_14-101,none,monomer,class:Mammalia,72-95
A0A6P7JX57_IPR016054_2_18-109,Ly6,multimer,genus:Parambassis,72-95
A0A6P8NUQ7_IPR045860_1_19-95,none,monomer,genus:Geotrypetes,72-95
A0A7J6BX29_IPR016054_1_106-181,mixture,mixture,family:Cyprinidae,72-95
A0A7N5P423_IPR045860_1_189-316,none,monomer,genus:Ailuropoda,117-140
A0A813PP28_IPR045860_1_23-107,none,monomer,genus:Brachionus,72-95
A0A814H315_IPR045860_1_21-97,none,monomer,genus:Brachionus,72-95
A0A817HP88_IPR045860_1_166-222,none,monomer,genus:Rotaria,50-72
A0A819FTE7_IPR045860_1_24-94,none,monomer,genus:Adineta,50-72
A0A8C4DPT5_IPR045860_2_108-185,mixture,multimer,genus:Dicentrarchus,72-95
A0A8C4TYQ7_IPR045860_1_16-78,none,monomer,genus:Falco,50-72
A0A8D2DVE5_IPR045860_1_12-79,none,monomer,genus:Sciurus,50-72
A0A8J6EJS8_IPR016054_1_109-203,Ly6,multimer,genus:Eleutherodactylus,72-95
A0A8S3SNZ3_IPR016054_1_598-678,none,multimer,genus:Mytilus,72-95
A0A8T0AYF3_IPR045860_2_2-54,Ly6,multimer,genus:Silurus,50-72
A0A974CPE8_IPR016054_1_24-109,Ly6,monomer,genus:Xenopus,72-95
A0A9Q0X7A5_IPR045860_1_65-145,none,monomer,genus:Phrynocephalus,72-95
A0A9Q9W1X0_IPR016054_2_5-70,none,multimer,genus:Cyprinus,50-72
A0A9W7TDD7_IPR045860_2_20-103,Ly6,multimer,genus:Triplophysa,72-95
A0AA35PBS0_IPR045860_1_15-100,none,monomer,genus:Podarcis,72-95
A0AA40LGW4_IPR045860_1_103-152,none,monomer,class:Mammalia,50-72
A0AAA9TGG3_IPR045860_1_42-99,none,monomer,genus:Bos,50-72
A0AAD8GEX4_IPR016054_1_21-109,Ly6,monomer,genus:Acipenser,72-95
A0AAJ7UFE9_IPR016054_1_24-115,Ly6,monomer,genus:Petromyzon,72-95
A0AAQ4DXC9_IPR045860_1_64-156,none,monomer,family:Ixodidae,72-95
A0AAV5U8G4_IPR045860_1_132-206,Ly6,multimer,genus:Pristionchus,72-95
A0AAV9RT28_IPR016054_1_103-184,Ly6,multimer,order:Cyprinodontiformes,72-95
A0AAW1Z2G8_IPR016054_2_18-109,Ly6,multimer,genus:Culter,72-95
P25682_IPR045860_1_1-63,none,monomer,genus:Dendroaspis,50-72
R4G9L9_IPR016054_1_21-110,Ly6,monomer,genus:Anolis,72-95
V3ZWN9_IPR045860_1_55-140,none,monomer,genus:Lottia,72-95
A0A8C6QX30_IPR038773_1_1-195,mixture,monomer,class:Mammalia,185-207
N0E642_IPR038773_1_1-194,mixture,monomer,family:Muridae,185-207
A0A125S9L5_IPR045860_2_115-191,Ly6,multimer,genus:Ambystoma,72-95
A0A151NAP9_IPR016054_1_128-219,Ly6,multimer,genus:Alligator,72-95
A0A1S3GH17_IPR016054_1_48-112,Ly6,multimer,genus:Dipodomys,50-72
A0A210QFC0_IPR016054_1_144-218,none,multimer,genus:Mizuhopecten,72-95
A0A2I3TME5_IPR016054_3_212-274,none,multimer,genus:Pan,50-72
A0A2K6GFA1_IPR016054_2_106-245,mixture,multimer,class:Mammalia,117-140
A0A2K6M4V8_IPR016054_2_24-82,Ly6,multimer,order:Primates,50-72
A0A3B4EFL5_IPR016054_2_137-219,Ly6,multimer,genus:Pygocentrus,72-95
A0A3B5LBM7_IPR045860_1_86-173,Ly6,multimer,genus:Xiphophorus,72-95
A0A3P8TD56_IPR016054_1_112-196,Ly6,mixture,genus:Amphiprion,72-95
A0A3P9C8K5_IPR045860_2_2-54,Ly6,multimer,genus:Maylandia,50-72
A0A3P9PRS7_IPR045860_1_44-128,Ly6,mixture,family:Poeciliidae,72-95
A0A3Q0FUL4_IPR045860_1_16-93,Ly6,multimer,genus:Alligator,72-95
A0A3Q2ZLG9_IPR045860_1_61-148,Ly6,multimer,genus:Kryptolebias,72-95
A0A3Q3MKE8_IPR016054_1_22-104,none,monomer,class:Actinopteri,72-95
A0A401RHN4_IPR016054_1_53-149,Ly6,monomer,genus:Chiloscyllium,95-117
A0A4W5MJT1_IPR016054_1_22-104,none,monomer,family:Salmonidae,72-95
A0A4X1UWZ1_IPR051445_1_3-136,mixture,monomer,order:Artiodactyla,117-140
A0A4Z2I9Y1_IPR045860_2_15-94,Ly6,multimer,genus:Liparis,72-95
A0A665VLV8_IPR016054_1_3-80,none,monomer,genus:Echeneis,72-95
A0A672IPM1_IPR016054_1_566-653,Ly6,multimer,genus:Salarias,72-95
A0A673UIT2_IPR016054_1_21-98,Ly6,monomer,class:Mammalia,72-95
A0A6F8ZSJ5_IPR045860_1_18-107,Ly6,multimer,genus:Coregonus,72-95
A0A6J3GLE3_IPR045860_1_32-117,mixture,mixture,order:Primates,72-95
A0A6P3QIN1_IPR016054_1_8-87,Ly6,monomer,family:Pteropodidae,72-95
A0A6P3VER3_IPR016054_1_22-105,none,monomer,genus:Clupea,72-95
A0A6P5PE01_IPR016054_1_24-107,none,monomer,genus:Mus,72-95
A0A6P6DK22_IPR016054_2_47-112,Ly6,multimer,genus:Octodon,50-72
A0A6P7Z0B1_IPR016054_1_204-301,Ly6,multimer,order:Gymnophiona,95-117
A0A6P8I7U6_IPR045860_3_198-284,mixture,multimer,genus:Actinia,72-95
A0A7J7SHW2_IPR016054_2_22-81,Ly6,multimer,class:Mammalia,50-72
A0A7M5URS5_IPR045860_1_59-147,Ly6,monomer,genus:Clytia,72-95
A0A7N5KIN8_IPR016054_1_96-192,Ly6,monomer,order:Carnivora,95-117
A0A803J821_IPR045860_2_111-188,Ly6,multimer,genus:Xenopus,72-95
A0A803TIT2_IPR045860_1_23-101,Ly6,multimer,genus:Anolis,72-95
A0A833YC97_IPR016054_1_318-398,Ly6,multimer,genus:Phyllostomus,72-95
A0A8C0GM08_IPR045860_1_44-130,Ly6,monomer,family:Testudinidae,72-95
A0A8C2MER2_IPR016054_1_18-97,Ly6,monomer,family:Cricetidae,72-95
A0A8C5YMZ1_IPR016054_1_22-99,Ly6,monomer,family:Sciuridae,72-95
A0A8C9PNA6_IPR016054_2_496-580,Ly6,multimer,genus:Spermophilus,72-95
A0A8D0GYU4_IPR045860_1_20-108,Ly6,monomer,class:Lepidosauria,72-95
A0A8J1LAS0_IPR045860_2_124-216,Ly6,multimer,genus:Xenopus,72-95
A0A8J6EIN5_IPR045860_2_106-188,Ly6,multimer,genus:Eleutherodactylus,72-95
A0A8J6GYU6_IPR051445_1_31-168,Ly6,monomer,family:Cricetidae,117-140
A0A8T0AT55_IPR016054_1_19-102,Ly6,multimer,genus:Silurus,72-95
A0A8T2ITM3_IPR045860_1_17-104,Ly6,mixture,genus:Hymenochirus,72-95
A0A914SM23_IPR016054_1_17-99,Ly6,monomer,genus:Panagrolaimus,72-95
A0A974CHU8_IPR045860_1_18-105,Ly6,multimer,genus:Xenopus,72-95
A0A9B0TW17_IPR045860_3_20-97,mixture,multimer,genus:Chrysochloris,72-95
A0A9D3NIU9_IPR045860_2_19-109,Ly6,multimer,family:Bagridae,72-95
A0A9D4J146_IPR045860_2_57-140,mixture,multimer,genus:Dreissena,72-95
A0A9F7TM69_IPR016054_1_80-168,Ly6,multimer,genus:Ictalurus,72-95
A0A9J7JY71_IPR016054_1_137-204,Ly6,monomer,genus:Cricetulus,50-72
A0A9Q1AQ87_IPR045860_2_136-214,Ly6,multimer,genus:Phrynocephalus,72-95
A0A9W3FUM6_IPR016054_2_221-281,mixture,mixture,unknown,50-72
A0AA35NY37_IPR016054_1_22-104,Ly6,monomer,genus:Podarcis,72-95
A0AA40LHE8_IPR016054_1_28-113,Ly6,monomer,family:Vespertilionidae,72-95
A0AA47MK00_IPR045860_1_54-142,Ly6,monomer,genus:Merluccius,72-95
A0AA88MV61_IPR045860_1_20-105,Ly6,monomer,genus:Channa,72-95
A0AA97LGX4_IPR045860_2_112-196,Ly6,multimer,genus:Eublepharis,72-95
A0AAD1T3X3_IPR045860_1_24-109,Ly6,multimer,genus:Pelobates,72-95
A0AAD1T903_IPR045860_1_2-89,Ly6,monomer,genus:Pelobates,72-95
A0AAD1WQ95_IPR045860_1_18-103,Ly6,multimer,genus:Pelobates,72-95
A0AAD1WYL0_IPR045860_1_18-102,Ly6,multimer,genus:Pelobates,72-95
A0AAU9WFY6_IPR045860_1_24-124,Ly6,monomer,order:Scleractinia,95-117
A0AAV2TXF5_IPR045860_1_24-97,mixture,monomer,genus:Calicophoron,72-95
A0AAV3A0Y8_IPR045860_2_114-197,Ly6,multimer,genus:Pyxicephalus,72-95
A0AAV6SBU4_IPR016054_2_115-208,Ly6,multimer,genus:Solea,72-95
A0AAV6ZC72_IPR045860_2_99-184,Ly6,multimer,genus:Engystomops,72-95
A0AAV6ZLD6_IPR045860_2_110-194,Ly6,multimer,genus:Engystomops,72-95
A0AAV7PXH8_IPR045860_1_114-199,Ly6,multimer,genus:Pleurodeles,72-95
A0AAV7Q3J4_IPR045860_2_155-242,Ly6,multimer,genus:Pleurodeles,72-95
A0AAW0N088_IPR016054_2_207-297,Ly6,multimer,genus:Mugilogobius,72-95
A0AAW0P4M8_IPR045860_2_69-157,mixture,mixture,genus:Mugilogobius,72-95
A0AAW2AYP9_IPR016054_1_19-102,Ly6,monomer,genus:Culter,72-95
A0ABD1JAW6_IPR045860_2_91-180,none,multimer,genus:Coilia,72-95
A8I4N5_IPR016054_2_129-179,none,multimer,genus:Bothrops,50-72
G1TK70_IPR016054_1_23-101,Ly6,monomer,genus:Oryctolagus,72-95
H0X2J3_IPR045860_2_231-299,Ly6,multimer,genus:Otolemur,50-72
H2ZQL2_IPR045860_1_18-110,Ly6,monomer,genus:Ciona,72-95
L5MB77_IPR045860_1_22-103,Ly6,monomer,genus:Myotis,72-95
L8YH07_IPR016054_1_72-151,none,monomer,genus:Tupaia,72-95
Q4SZK6_IPR045860_1_11-97,Ly6,monomer,genus:Tetraodon,72-95
Q7LZI1_IPR016054_1_1-96,none,multimer,genus:Naja,95-117
V8NLB5_IPR045860_2_21-106,Ly6,multimer,order:Squamata,72-95
A0A8C9PBD2_IPR026524_1_19-97,none,monomer,family:Sciuridae,72-95
A0AA97JA18_IPR026524_1_24-312,none,monomer,genus:Eublepharis,275-297
A0A2K5LJB7_IPR039457_1_38-137,Ly6,monomer,phylum:Chordata,95-117
A0A663E4F4_IPR039457_1_4-168,mixture,monomer,class:Aves,140-162
A0A9D4CS43_IPR039457_1_26-137,none,monomer,genus:Dreissena,95-117
A0A9Q1BE78_IPR039457_1_23-180,Ly6,monomer,genus:Holothuria,140-162
A0ABD0M813_IPR039457_1_54-133,none,monomer,genus:Batillaria,72-95
E4YLF4_IPR039457_1_13-152,Ly6,monomer,genus:Oikopleura,117-140
A0A0D8Y5C3_IPR031424_1_2-113,none,monomer,order:Rhabditida,95-117
A0A0M4EAF4_IPR031424_1_3-73,none,monomer,genus:Drosophila,50-72
A0A0N4UL09_IPR031424_1_24-133,Quiver,monomer,genus:Dracunculus,95-117
A0A0P5EXE0_IPR045860_1_24-121,none,monomer,genus:Daphnia,95-117
A0A0X3PF88_IPR031424_1_98-188,Quiver,monomer,genus:Schistocephalus,72-95
A0A139WDI4_IPR031424_1_113-205,none,monomer,genus:Tribolium,72-95
A0A1D1UKG1_IPR031424_1_31-124,Quiver,monomer,genus:Ramazzottius,72-95
A0A1D2MFU5_IPR031424_1_7-140,Quiver,monomer,genus:Orchesella,117-140
A0A1I7SM84_IPR031424_1_28-119,none,monomer,genus:Bursaphelenchus,72-95
A0A1J1I499_IPR031424_1_23-136,none,monomer,genus:Clunio,95-117
A0A1L8DRB4_IPR045860_1_21-101,none,monomer,genus:Nyssomyia,72-95
A0A1S3GZW2_IPR031424_1_23-125,Quiver,monomer,genus:Lingula,95-117
A0A1S3JP86_IPR031424_1_43-130,none,monomer,genus:Lingula,72-95
A0A1W0WM11_IPR031424_1_23-102,none,monomer,genus:Hypsibius,72-95
A0A210QDU1_IPR031424_1_22-125,mixture,monomer,class:Bivalvia,95-117
A0A226DSS2_IPR031424_1_23-131,none,monomer,genus:Folsomia,95-117
A0A2A6B8J1_IPR045860_1_16-106,none,monomer,genus:Pristionchus,72-95
A0A3Q0II04_IPR031424_1_38-118,none,monomer,genus:Diaphorina,72-95
A0A482WBH8_IPR031424_1_9-104,none,monomer,order:Coleoptera,95-117
A0A5E4R4B6_IPR031424_1_59-159,none,monomer,genus:Leptidea,95-117
A0A5N4A9K8_IPR031424_1_25-111,none,monomer,genus:Photinus,72-95
A0A653CKF9_IPR031424_1_23-111,none,monomer,genus:Callosobruchus,72-95
A0A6J0BCA0_IPR031424_1_23-134,none,monomer,genus:Neodiprion,95-117
A0A6M2DYB7_IPR031424_1_27-129,none,monomer,genus:Xenopsylla,95-117
A0A6P8W8W8_IPR031424_1_24-123,none,monomer,genus:Drosophila,95-117
A0A7J7J3L3_IPR031424_1_24-133,none,monomer,genus:Bugula,95-117
A0A7R9GCV5_IPR031424_1_70-168,none,monomer,genus:Notodromas,95-117
A0A817DFQ3_IPR031424_1_38-131,Quiver,monomer,class:Eurotatoria,72-95
A0A834MEW4_IPR031424_1_24-123,none,monomer,genus:Rhynchophorus,95-117
A0A834RHU4_IPR031424_1_38-136,none,monomer,order:Sarcoptiformes,95-117
A0A8J1XFI6_IPR031424_1_28-140,none,monomer,genus:Owenia,95-117
A0A8J2PMA0_IPR031424_1_24-141,none,monomer,genus:Allacma,117-140
A0A8J4WRK7_IPR031424_1_24-118,none,monomer,genus:Paragonimus,72-95
A0A8K0FVX6_IPR031424_1_24-131,Quiver,monomer,genus:Ignelater,95-117
A0A8S4E7J0_IPR031424_1_84-199,none,monomer,genus:Plutella,95-117
A0A913Z1G1_IPR031424_1_20-123,Quiver,monomer,genus:Patiria,95-117
A0A9D4ED36_IPR045860_1_18-105,none,monomer,genus:Dreissena,72-95
A0A9J6CF04_IPR031424_1_21-120,none,monomer,genus:Polypedilum,95-117
A0A9P0D8C9_IPR031424_1_21-123,none,monomer,genus:Phaedon,95-117
A0A9P0HEC7_IPR031424_1_26-117,none,monomer,genus:Nezara,72-95
A0A9Q0RKE5_IPR031424_1_32-127,none,monomer,genus:Blomia,95-117
A0A9R1THU4_IPR031424_1_17-136,none,monomer,genus:Fopius,117-140
A0AA85J7K0_IPR045860_1_25-123,none,monomer,genus:Trichobilharzia,95-117
A0AAD8BWY1_IPR031424_1_25-110,Quiver,monomer,genus:Biomphalaria,72-95
A0AAE0SAA0_IPR031424_1_25-125,none,monomer,family:Unionidae,95-117
A0AAE1UCY0_IPR031424_1_3-102,none,monomer,genus:Petrolisthes,95-117
A0AAV1M3X5_IPR031424_1_26-130,Quiver,monomer,genus:Parnassius,95-117
A0AAV2T376_IPR031424_1_35-144,Quiver,monomer,genus:Calicophoron,95-117
A0AAW1NJQ5_IPR031424_1_14-130,none,monomer,family:Scarabaeidae,95-117
A0AB39ZZ00_IPR031424_1_22-119,none,monomer,order:Diptera,95-117
A0ABD1EQD3_IPR031424_1_22-121,none,monomer,genus:Hypothenemus,95-117
A0ABD6EPE0_IPR031424_1_20-132,none,monomer,genus:Gnathostoma,95-117
B4MV68_IPR031424_1_23-129,none,monomer,genus:Drosophila,95-117
E0VVZ0_IPR031424_1_24-155,mixture,monomer,order:Phthiraptera,117-140
E4XG26_IPR031424_1_138-231,none,monomer,genus:Oikopleura,72-95
R7T8M5_IPR031424_1_25-117,none,monomer,genus:Capitella,72-95
T1IWU1_IPR031424_1_25-127,mixture,monomer,class:Chilopoda,95-117
A0A016SWF9_IPR045860_1_59-132,none,monomer,genus:Ancylostoma,72-95
A0A0B1SVL0_IPR045860_1_18-100,none,monomer,genus:Oesophagostomum,72-95
A0A0F6QGK1_IPR045860_1_11-89,none,monomer,genus:Aneides,72-95
A0A0K2UFS7_IPR045860_1_31-109,none,monomer,genus:Lepeophtheirus,72-95
A0A0L0CE12_IPR045860_1_6-67,none,monomer,genus:Lucilia,50-72
A0A0N4ZKX4_IPR045860_1_21-82,none,monomer,genus:Parastrongyloides,50-72
A0A1B0G5G2_IPR045860_1_20-115,none,monomer,genus:Glossina,95-117
A0A1D1VT78_IPR045860_1_98-207,none,monomer,genus:Ramazzottius,95-117
A0A1I7RVE4_IPR045860_1_17-110,Quiver,monomer,genus:Bursaphelenchus,72-95
A0A1I8HBH6_IPR045860_1_513-614,none,monomer,genus:Macrostomum,95-117
A0A1I8PXC9_IPR045860_1_128-218,none,monomer,order:Diptera,72-95
A0A1S4GXQ6_IPR045860_1_191-268,none,monomer,genus:Anopheles,72-95
A0A1W4WW48_IPR045860_1_49-148,none,monomer,genus:Agrilus,95-117
A0A1Y1NA88_IPR045860_1_24-88,Ly6,monomer,genus:Photinus,50-72
A0A210Q9K8_IPR045860_1_22-100,none,monomer,genus:Mizuhopecten,72-95
A0A238C4Q2_IPR045860_1_20-104,mixture,monomer,family:Onchocercidae,72-95
A0A2A2K175_IPR045860_1_55-128,none,monomer,genus:Diploscapter,72-95
A0A2A6B956_IPR045860_1_70-147,none,monomer,genus:Pristionchus,72-95
A0A2C9K422_IPR045860_1_14-69,none,monomer,genus:Biomphalaria,50-72
A0A2D4HV48_IPR045860_1_43-123,Ly6,multimer,genus:Micrurus,72-95
A0A2G5TXC0_IPR045860_1_9-83,Ly6,monomer,genus:Caenorhabditis,72-95
A0A2G9RVQ3_IPR045860_1_33-123,none,monomer,genus:Aquarana,72-95
A0A2K5DJL6_IPR045860_1_9-85,none,monomer,order:Primates,72-95
A0A2W1BZJ9_IPR045860_1_23-86,none,monomer,family:Noctuidae,50-72
A0A3B3SFP9_IPR045860_1_18-91,Ly6,monomer,genus:Paramormyrops,72-95
A0A3B4XQN1_IPR045860_2_108-166,Ly6,multimer,genus:Seriola,50-72
A0A3M7R5Z2_IPR045860_1_15-98,Ly6,monomer,genus:Brachionus,72-95
A0A3Q0SQA3_IPR045860_1_27-96,Ly6,monomer,genus:Amphilophus,50-72
A0A3Q3JNQ6_IPR045860_1_20-100,none,monomer,genus:Monopterus,72-95
A0A3R7MKN0_IPR045860_1_4-77,none,monomer,order:Decapoda,72-95
A0A433U7Z4_IPR045860_1_26-123,none,monomer,family:Plakobranchidae,95-117
A0A4S2LC03_IPR045860_1_26-97,mixture,monomer,family:Opisthorchiidae,50-72
A0A4U5ME25_IPR045860_1_30-128,Ly6,monomer,genus:Steinernema,95-117
A0A4W5RYX3_IPR045860_1_30-110,none,monomer,family:Salmonidae,72-95
A0A5N5THT9_IPR045860_1_63-162,Ly6,monomer,genus:Armadillidium,95-117
A0A668AYA1_IPR045860_1_25-124,none,monomer,class:Actinopteri,95-117
A0A671NST9_IPR045860_1_9-104,none,monomer,genus:Sinocyclocheilus,72-95
A0A672I7U3_IPR045860_1_43-121,none,monomer,genus:Salarias,72-95
A0A674CDZ9_IPR045860_1_5-86,none,monomer,class:Actinopteri,72-95
A0A674H6K9_IPR045860_1_33-108,none,monomer,genus:Taeniopygia,72-95
A0A6B0VCD7_IPR045860_1_60-143,none,monomer,genus:Ixodes,72-95
A0A6I9YD73_IPR045860_1_21-103,mixture,monomer,phylum:Chordata,72-95
A0A6J0BTJ1_IPR045860_1_29-113,none,monomer,genus:Neodiprion,72-95
A0A6J0V6A8_IPR045860_1_18-103,none,multimer,genus:Pogona,72-95
A0A6J7ZRF9_IPR045860_1_32-112,none,monomer,genus:Mytilus,72-95
A0A6P7YA21_IPR045860_2_38-146,none,multimer,genus:Microcaecilia,95-117
A0A6P8IBR9_IPR045860_1_59-150,none,monomer,genus:Actinia,72-95
A0A7I4YUC0_IPR045860_1_57-138,Quiver,monomer,genus:Haemonchus,72-95
A0A7J6CYL2_IPR045860_1_26-122,none,monomer,order:Cypriniformes,95-117
A0A7J7XU74_IPR045860_1_20-120,none,monomer,genus:Pipistrellus,95-117
A0A7M7FZW4_IPR045860_1_17-104,none,monomer,genus:Strongylocentrotus,72-95
A0A7M7RES5_IPR045860_1_23-135,none,monomer,genus:Strongylocentrotus,95-117
A0A7N6BMH1_IPR045860_1_19-87,Ly6,monomer,genus:Anabas,50-72
A0A7R9A2Q8_IPR045860_1_479-581,none,monomer,genus:Darwinula,95-117
A0A7S0R1K6_IPR045860_1_55-125,Ly6,monomer,genus:Cryptomonas,50-72
A0A813NA71_IPR045860_1_31-105,mixture,monomer,genus:Adineta,72-95
A0A814BE07_IPR045860_1_946-1016,none,monomer,genus:Didymodactylos,50-72
A0A814MBK1_IPR045860_2_113-197,Ly6,multimer,genus:Brachionus,72-95
A0A814UDZ6_IPR045860_1_56-126,mixture,monomer,family:Philodinidae,72-95
A0A815K5T8_IPR045860_1_1-85,none,monomer,genus:Rotaria,72-95
A0A816FRG4_IPR045860_1_1-75,none,monomer,genus:Adineta,72-95
A0A816VK77_IPR045860_1_28-95,none,monomer,genus:Rotaria,50-72
A0A834FKK9_IPR045860_1_64-141,none,monomer,genus:Oryzias,72-95
A0A898IL54_IPR045860_1_12-77,3FTx,monomer,genus:Calliophis,50-72
A0A8B6G7Y5_IPR045860_1_14-90,none,monomer,genus:Mytilus,72-95
A0A8B7Y5N4_IPR045860_1_25-135,none,monomer,order:Valvatida,95-117
A0A8C1F215_IPR045860_1_20-97,none,monomer,genus:Cyprinus,72-95
A0A8C3M1V2_IPR045860_1_34-112,none,monomer,genus:Chrysolophus,72-95
A0A8C4S0Q4_IPR045860_1_142-240,none,multimer,family:Polypteridae,95-117
A0A8C5AA32_IPR045860_1_21-88,Ly6,monomer,genus:Gadus,50-72
A0A8C5FT99_IPR045860_1_30-146,none,monomer,genus:Gadus,117-140
A0A8C5NGH2_IPR045860_1_3-85,none,monomer,order:Blenniiformes,72-95
A0A8C5QT23_IPR045860_2_161-241,Ly6,multimer,genus:Leptobrachium,72-95
A0A8C6SA17_IPR045860_1_27-105,Ly6,monomer,genus:Neogobius,72-95
A0A8C6UE64_IPR045860_1_5-107,none,monomer,genus:Neogobius,95-117
A0A8C6WFA2_IPR045860_1_23-77,Ly6,monomer,genus:Neogobius,50-72
A0A8C8SMR5_IPR045860_1_19-98,none,monomer,genus:Pelusios,72-95
A0A8C8YR78_IPR045860_1_32-106,none,monomer,genus:Prolemur,72-95
A0A8D0A0J1_IPR045860_1_80-173,none,monomer,family:Percidae,72-95
A0A8D3CYU1_IPR045860_1_7-121,none,monomer,genus:Scophthalmus,95-117
A0A8J1UDI6_IPR045860_1_21-90,none,monomer,genus:Owenia,50-72
A0A8J4T4B4_IPR045860_1_56-138,none,monomer,genus:Clarias,72-95
A0A8J6ECL8_IPR045860_1_19-102,Ly6,multimer,genus:Eleutherodactylus,72-95
A0A8K0EHY6_IPR045860_1_25-116,none,monomer,genus:Branchiostoma,72-95
A0A8S1HQE4_IPR045860_1_14-95,Ly6,monomer,genus:Caenorhabditis,72-95
A0A8S3VRU0_IPR045860_1_132-232,none,monomer,genus:Mytilus,95-117
A0A8S4BX48_IPR045860_1_22-100,none,monomer,genus:Menidia,72-95
A0A8T2IPN4_IPR045860_2_17-99,Ly6,multimer,genus:Hymenochirus,72-95
A0A8W8KWF8_IPR045860_2_23-106,none,mixture,family:Ostreidae,72-95
A0A913XJF9_IPR045860_2_34-112,none,multimer,genus:Exaiptasia,72-95
A0A913ZNT4_IPR045860_1_22-105,none,monomer,genus:Patiria,72-95
A0A914CFD9_IPR045860_1_238-309,none,monomer,genus:Acrobeloides,50-72
A0A914JL77_IPR045860_1_250-317,none,monomer,genus:Panagrolaimus,50-72
A0A914P0I3_IPR045860_1_7-62,Ly6,monomer,genus:Panagrolaimus,50-72
A0A914TXX9_IPR045860_1_10-104,Ly6,monomer,genus:Panagrolaimus,72-95
A0A914WNB6_IPR045860_1_59-178,none,monomer,genus:Plectus,117-140
A0A915BVS1_IPR045860_1_27-134,mixture,monomer,family:Ascarididae,95-117
A0A915PZ67_IPR045860_1_7-64,none,monomer,genus:Setaria,50-72
A0A974CI56_IPR045860_2_110-196,none,multimer,genus:Xenopus,72-95
A0A9D3SJJ3_IPR045860_1_17-75,none,monomer,genus:Hemibagrus,50-72
A0A9D3Y5L5_IPR045860_1_75-168,none,monomer,genus:Dreissena,72-95
A0A9D4E8Y0_IPR045860_1_19-97,mixture,monomer,genus:Dreissena,72-95
A0A9D4L0N9_IPR045860_1_2-57,none,monomer,genus:Dreissena,50-72
A0A9J7KSK3_IPR045860_1_28-119,mixture,monomer,genus:Branchiostoma,72-95
A0A9N9WNQ0_IPR045860_1_51-141,none,monomer,genus:Chironomus,72-95
A0A9P1ACQ7_IPR045860_1_35-103,Ly6,monomer,genus:Caenorhabditis,50-72
A0A9P1IVJ9_IPR045860_1_16-107,Quiver,monomer,genus:Caenorhabditis,72-95
A0A9X0A9R1_IPR045860_2_19-106,none,multimer,genus:Desmophyllum,72-95
A0AA35NVL9_IPR045860_1_38-115,none,monomer,genus:Podarcis,72-95
A0AA36GTU1_IPR045860_1_18-99,none,monomer,genus:Cylicocyclus,72-95
A0AA39F6L5_IPR045860_1_16-106,none,monomer,genus:Microctonus,72-95
A0AA85BER1_IPR045860_1_28-94,mixture,monomer,genus:Schistosoma,50-72
A0AA85JTP8_IPR045860_1_55-120,none,monomer,genus:Trichobilharzia,50-72
A0AA88KY42_IPR045860_1_5-107,none,monomer,genus:Artemia,95-117
A0AA88XII1_IPR045860_1_64-158,none,monomer,genus:Pinctada,72-95
A0AA97KRF7_IPR045860_1_26-112,none,monomer,phylum:Chordata,72-95
A0AAD1T6Q2_IPR045860_1_18-100,SPF,monomer,genus:Pelobates,72-95
A0AAD5PRC0_IPR045860_1_20-109,none,monomer,genus:Daphnia,72-95
A0AAD8FR67_IPR045860_1_98-177,none,monomer,genus:Acipenser,72-95
A0AAD9MYI5_IPR045860_1_27-115,Quiver,monomer,genus:Paralvinella,72-95
A0AAD9R4L4_IPR045860_1_1-79,none,monomer,genus:Acropora,72-95
A0AAE0QIX2_IPR045860_1_3-54,none,monomer,genus:Hemibagrus,50-72
A0AAE1DIE5_IPR045860_1_27-116,Ly6,monomer,genus:Elysia,72-95
A0AAE1ZH11_IPR045860_1_24-97,none,monomer,genus:Schistosoma,72-95
A0AAE9ECR3_IPR045860_1_22-102,mixture,monomer,genus:Caenorhabditis,72-95
A0AAF3EYQ8_IPR045860_1_32-113,none,monomer,genus:Mesorhabditis,72-95
A0AAJ7J3M0_IPR045860_1_37-139,none,monomer,genus:Ceratina,95-117
A0AAJ8BEZ0_IPR045860_1_131-190,Ly6,monomer,genus:Lates,50-72
A0AAN5CRL8_IPR045860_1_18-96,none,monomer,genus:Pristionchus,72-95
A0AAN8H814_IPR045860_1_59-126,none,monomer,genus:Champsocephalus,50-72
A0AAN9BX42_IPR045860_1_3-98,none,monomer,genus:Littorina,95-117
A0AAN9ZAV2_IPR045860_1_85-184,none,monomer,class:Insecta,95-117
A0AAQ6IV21_IPR045860_1_16-88,Ly6,monomer,genus:Anabas,72-95
A0AAR2LGK1_IPR045860_1_114-170,Ly6,multimer,genus:Pygocentrus,50-72
A0AAU9WK33_IPR045860_1_40-136,mixture,monomer,genus:Pocillopora,95-117
A0AAV2J7C7_IPR045860_1_32-109,none,monomer,genus:Knipowitschia,72-95
A0AAV2MT41_IPR045860_2_21-106,SPF,multimer,genus:Knipowitschia,72-95
A0AAV2TDN9_IPR045860_1_12-108,none,monomer,genus:Calicophoron,95-117
A0AAV5SIL2_IPR045860_1_8-85,none,monomer,genus:Pristionchus,72-95
A0AAV5UKY8_IPR045860_1_33-83,none,monomer,genus:Pristionchus,50-72
A0AAV6FE80_IPR045860_1_19-87,none,monomer,genus:Alosa,50-72
A0AAV6Z2D5_IPR045860_1_1-71,mixture,monomer,genus:Engystomops,72-95
A0AAV7PFK4_IPR045860_1_81-166,none,monomer,genus:Pleurodeles,72-95
A0AAV8VLU5_IPR045860_1_22-102,none,monomer,genus:Exocentrus,72-95
A0AAW0Q3I2_IPR045860_1_17-66,none,monomer,genus:Mugilogobius,50-72
A0AAW1LUE5_IPR045860_1_25-119,none,monomer,genus:Popillia,72-95
A0AAW1URF9_IPR045860_1_35-118,none,monomer,genus:Henosepilachna,72-95
A0ABD0LTQ7_IPR045860_1_2-85,none,multimer,genus:Batillaria,72-95
A0ABD0Z9U9_IPR045860_1_12-108,none,monomer,genus:Ranatra,95-117
A0ABD2N5X3_IPR045860_1_21-121,none,monomer,genus:Cryptolaemus,95-117
A0ABD3TFX9_IPR045860_1_187-301,none,multimer,genus:Sinanodonta,95-117
A7SH51_IPR045860_1_2-90,none,monomer,genus:Nematostella,72-95
A8WDH6_IPR045860_1_17-94,none,monomer,genus:Paralichthys,72-95
C3Z070_IPR045860_2_49-117,none,multimer,genus:Branchiostoma,50-72
F6XDW5_IPR045860_1_18-102,none,monomer,genus:Ciona,72-95
H2N1W1_IPR045860_1_27-104,Ly6,monomer,genus:Oryzias,72-95
H2YFE8_IPR045860_1_17-107,Ly6,monomer,genus:Ciona,72-95
H3AI87_IPR045860_1_1-55,none,monomer,phylum:Chordata,50-72
H5ZVL1_IPR045860_1_1-59,none,monomer,genus:Kryptolebias,50-72
L5MHY0_IPR045860_1_14-114,none,monomer,genus:Myotis,95-117
Q0GAG3_IPR045860_1_20-85,none,monomer,genus:Plethodon,50-72
Q5MPP9_IPR045860_1_1-54,none,monomer,order:Artiodactyla,50-72
R7U1I8_IPR045860_1_22-111,none,monomer,genus:Capitella,72-95
S7NCF8_IPR045860_1_1-80,none,monomer,phylum:Chordata,72-95
V4BXY5_IPR045860_1_22-110,Ly6,monomer,genus:Lottia,72-95
V8PII7_IPR045860_1_4-86,none,monomer,genus:Ophiophagus,72-95
Centipede3FTx_0058_1255758,manually_annotated,monomer,class:Chilopoda,72-95
Centipede3FTx_0090_984703,manually_annotated,monomer,class:Chilopoda,95-117
Centipede3FTx_0122_60158,manually_annotated,monomer,class:Chilopoda,95-117
A0A1S3AI51_IPR042339_1_1-125,Ly6,monomer,genus:Erinaceus,117-140
A0A9B0ST93_IPR042339_1_1-124,Ly6,monomer,class:Mammalia,117-140
A0A8C6XF04_IPR045860_1_30-99,none,monomer,genus:Naja,50-72
A5X2W7_IPR045860_1_13-85,3FTx,monomer,family:Viperidae,72-95
P10808_IPR045860_1_1-64,none,monomer,genus:Bungarus,50-72
P25670_IPR045860_1_1-66,none,monomer,family:Elapidae,50-72
U3FVH6_IPR045860_1_13-84,mixture,monomer,family:Elapidae,50-72
A0A6J0XUD7_IPR026110_1_102-157,none,monomer,class:Mammalia,50-72
A0A087WNV7_IPR045860_1_60-117,none,monomer,genus:Mus,50-72
A0A0D9RA72_IPR016054_1_21-115,Ly6,monomer,genus:Chlorocebus,72-95
A0A151P865_IPR016054_1_21-109,Ly6,monomer,order:Crocodylia,72-95
A0A3B3RHT0_IPR045860_2_8-62,Ly6,multimer,genus:Paramormyrops,50-72
A0A3B5PR86_IPR045860_2_17-93,Ly6,multimer,genus:Xiphophorus,72-95
A0A3Q2CFW6_IPR045860_2_16-95,mixture,multimer,genus:Cyprinodon,72-95
A0A3Q3AMK7_IPR045860_1_37-114,none,monomer,genus:Kryptolebias,72-95
A0A484CHY2_IPR045860_2_113-186,Ly6,multimer,genus:Perca,72-95
A0A498MKX1_IPR016054_7_441-529,Ly6,multimer,genus:Labeo,72-95
A0A4U5M485_IPR045860_1_19-100,none,monomer,genus:Steinernema,72-95
A0A553PRQ5_IPR045860_1_2-77,none,monomer,genus:Tigriopus,72-95
A0A672HXW0_IPR016054_1_86-168,Ly6,multimer,genus:Salarias,72-95
A0A6I9Z7H6_IPR016054_1_22-114,Ly6,multimer,genus:Thamnophis,72-95
A0A7E6E6Z7_IPR016054_1_130-219,Ly6,monomer,genus:Phyllostomus,72-95
A0A814HKF3_IPR045860_1_18-93,none,monomer,genus:Brachionus,72-95
A0A817P5C6_IPR045860_1_29-103,none,monomer,genus:Rotaria,72-95
A0A8B9DSD2_IPR045860_1_62-125,none,monomer,genus:Anser,50-72
A0A8C0BNT6_IPR045860_1_41-104,none,monomer,class:Aves,50-72
A0A8C5L0N5_IPR016054_1_21-96,Ly6,monomer,genus:Jaculus,72-95
A0A8C6CBQ9_IPR045860_1_66-121,none,monomer,order:Artiodactyla,50-72
A0A8D0ETE2_IPR045860_1_15-64,none,monomer,family:Strigidae,50-72
A0A8J6EJS8_IPR016054_2_20-108,Ly6,multimer,genus:Eleutherodactylus,72-95
A0A8S3SNZ3_IPR016054_2_142-231,none,multimer,genus:Mytilus,72-95
A0A8T2LGY4_IPR016054_2_19-102,Ly6,multimer,genus:Astyanax,72-95
A0A9D3PQ12_IPR016054_1_20-110,Ly6,multimer,genus:Megalops,72-95
A0A9Q0X962_IPR045860_1_197-275,none,mixture,family:Agamidae,72-95
A0A9W7TFR4_IPR016054_1_114-190,Ly6,multimer,genus:Triplophysa,72-95
A0AA88NKS8_IPR045860_1_19-95,none,monomer,genus:Tachysurus,72-95
A0AAD1S242_IPR016054_1_21-112,Ly6,monomer,genus:Pelobates,72-95
A0AAD8GF65_IPR016054_1_21-112,mixture,monomer,genus:Acipenser,72-95
A0AAN8R9K0_IPR016054_1_21-108,Ly6,monomer,genus:Coregonus,72-95
A0AAV2MDG4_IPR016054_1_358-437,Ly6,multimer,genus:Knipowitschia,72-95
A0AAV5U8G4_IPR045860_2_44-120,Ly6,multimer,genus:Pristionchus,72-95
A0AAV6Z9T4_IPR016054_1_21-110,Ly6,monomer,order:Anura,72-95
A0AAV9RT28_IPR016054_2_7-101,Ly6,multimer,order:Cyprinodontiformes,95-117
A0AAW1Z2S1_IPR016054_1_21-104,Ly6,monomer,genus:Culter,72-95
R4GCU5_IPR016054_1_22-109,Ly6,monomer,genus:Anolis,72-95
A0A5F9C9U2_IPR038773_1_3-191,Ly6,monomer,genus:Oryctolagus,185-207
N0E6I5_IPR038773_1_19-151,Ly6,monomer,genus:Rattus,117-140
A0A091N0Y7_IPR016054_1_25-107,none,monomer,genus:Acanthisitta,72-95
A0A0B8RU42_IPR045860_1_109-197,none,mixture,order:Squamata,72-95
A0A0F7JJU5_IPR045860_2_17-107,Ly6,mixture,family:Salamandridae,72-95
A0A0P7YF06_IPR045860_1_19-102,Ly6,monomer,genus:Scleropages,72-95
A0A151M3Y2_IPR016054_1_435-494,Ly6,multimer,genus:Alligator,50-72
A0A151NAP9_IPR045860_2_18-113,Ly6,mixture,genus:Alligator,95-117
A0A1L8FNV8_IPR045860_1_216-296,Ly6,multimer,genus:Xenopus,72-95
A0A1S3ACS9_IPR016054_1_52-116,Ly6,multimer,class:Mammalia,50-72
A0A1S3GH17_IPR016054_2_323-399,Ly6,multimer,genus:Dipodomys,72-95
A0A1U7S4E7_IPR045860_2_18-106,Ly6,multimer,genus:Alligator,72-95
A0A210QFC0_IPR045860_2_34-114,none,multimer,genus:Mizuhopecten,72-95
A0A2B4RXL4_IPR045860_1_623-708,none,monomer,genus:Stylophora,72-95
A0A2K5EMK6_IPR016054_1_123-199,Ly6,multimer,order:Primates,72-95
A0A3B1IGX7_IPR045860_1_18-102,Ly6,monomer,genus:Astyanax,72-95
A0A3B4EG88_IPR016054_1_31-110,Ly6,monomer,genus:Pygocentrus,72-95
A0A3B4XLD5_IPR045860_2_3-55,Ly6,multimer,genus:Seriola,50-72
A0A3N0YV71_IPR045860_1_17-101,Ly6,monomer,genus:Anabarilius,72-95
A0A3P8TD56_IPR016054_2_19-106,Ly6,multimer,genus:Amphiprion,72-95
A0A3P9DA77_IPR016054_1_19-96,Ly6,multimer,genus:Maylandia,72-95
A0A3Q2ZLG9_IPR045860_2_1-52,Ly6,multimer,genus:Kryptolebias,50-72
A0A3Q3MMS8_IPR045860_1_17-103,Ly6,multimer,genus:Mastacembelus,72-95
A0A401RHQ3_IPR016054_1_114-208,Ly6,multimer,genus:Chiloscyllium,72-95
A0A4X2KII3_IPR016054_2_108-184,Ly6,multimer,order:Diprotodontia,72-95
A0A670IP00_IPR045860_2_210-294,Ly6,multimer,genus:Podarcis,72-95
A0A671G266_IPR016054_3_291-354,Ly6,multimer,order:Chiroptera,50-72
A0A673HNB4_IPR016054_1_30-118,Ly6,monomer,family:Cyprinidae,72-95
A0A6I9YZM2_IPR045860_2_19-105,mixture,multimer,family:Colubridae,72-95
A0A6P5LR23_IPR016054_1_224-314,none,multimer,order:Diprotodontia,72-95
A0A6P6NUZ7_IPR016054_1_18-107,Ly6,monomer,genus:Carassius,72-95
A0A6P7YR16_IPR045860_1_113-198,Ly6,multimer,order:Gymnophiona,72-95
A0A6P7Z0B1_IPR016054_2_19-110,Ly6,multimer,genus:Microcaecilia,72-95
A0A6P8P7B1_IPR016054_2_30-123,Ly6,multimer,genus:Geotrypetes,72-95
A0A7K7J0S4_IPR045860_1_90-175,Ly6,mixture,order:Passeriformes,72-95
A0A7L3LMK1_IPR045860_2_95-181,none,multimer,genus:Turnix,72-95
A0A7M5UV59_IPR045860_1_21-106,Ly6,monomer,genus:Clytia,72-95
A0A803TIT2_IPR045860_2_140-227,mixture,multimer,genus:Anolis,72-95
A0A836A292_IPR016054_2_390-485,mostly_Ly6,multimer,order:Artiodactyla,72-95
A0A8C0Z0B6_IPR016054_1_27-110,Ly6,monomer,genus:Canis,72-95
A0A8C2MKE5_IPR016054_1_24-106,none,monomer,family:Cricetidae,72-95
A0A8C5K591_IPR016054_1_20-73,Ly6,monomer,genus:Jaculus,50-72
A0A8C5YN21_IPR016054_1_22-104,Ly6,monomer,family:Sciuridae,72-95
A0A8C6V538_IPR045860_1_18-114,Ly6,monomer,genus:Neogobius,95-117
A0A8C9ETZ8_IPR045860_1_112-164,SPF,multimer,genus:Pavo,50-72
A0A8D0H001_IPR016054_1_27-109,none,monomer,genus:Sphenodon,72-95
A0A8J1JV81_IPR045860_2_19-104,Ly6,multimer,genus:Xenopus,72-95
A0A8J1LDG8_IPR016054_1_134-230,Ly6,multimer,genus:Xenopus,95-117
A0A8J6ABI7_IPR045860_1_4-94,Ly6,multimer,class:Mammalia,72-95
A0A8J6EJ08_IPR016054_1_208-295,Ly6,multimer,order:Anura,72-95
A0A8J6JR03_IPR016054_1_212-293,Ly6,multimer,order:Anura,72-95
A0A8T2IU83_IPR045860_1_114-197,Ly6,multimer,genus:Hymenochirus,72-95
A0A8U0MPY7_IPR016054_1_21-95,Ly6,monomer,class:Mammalia,72-95
A0A8W8MTN2_IPR045860_1_61-149,none,multimer,family:Ostreidae,72-95
A0A9B0TW36_IPR016054_1_141-213,Ly6,monomer,genus:Chrysochloris,72-95
A0A9D3XFH6_IPR045860_2_18-91,Ly6,multimer,genus:Mauremys,72-95
A0A9D4RIC4_IPR045860_1_20-98,none,multimer,genus:Dreissena,72-95
A0A9F7TM69_IPR016054_2_336-416,Ly6,multimer,family:Ictaluridae,72-95
A0A9N7UTV2_IPR045860_1_113-191,Ly6,multimer,genus:Pleuronectes,72-95
A0A9Q0X6I0_IPR016054_1_117-179,Ly6,multimer,genus:Phrynocephalus,50-72
A0A9Q1AQB9_IPR016054_1_24-101,Ly6,multimer,genus:Phrynocephalus,72-95
A0A9W3FUM6_IPR016054_3_25-125,Ly6,multimer,genus:Camelus,95-117
A0A9W9Z841_IPR045860_1_19-121,Ly6,monomer,genus:Desmophyllum,95-117
A0AA35KPA6_IPR045860_1_5-95,mixture,multimer,genus:Podarcis,72-95
A0AA35P0J0_IPR045860_1_18-97,Ly6,monomer,genus:Podarcis,72-95
A0AA40LLB9_IPR016054_1_26-109,none,monomer,family:Vespertilionidae,72-95
A0AA97KF86_IPR045860_1_20-98,SPF,multimer,genus:Eublepharis,72-95
A0AA97LH08_IPR045860_1_17-104,none,multimer,genus:Eublepharis,72-95
A0AAA9T1I4_IPR045860_1_2-62,Ly6,multimer,order:Artiodactyla,50-72
A0AAD1T3X3_IPR045860_2_118-202,Ly6,multimer,genus:Pelobates,72-95
A0AAD1WQ95_IPR045860_2_113-199,Ly6,multimer,genus:Pelobates,72-95
A0AAD1WYL0_IPR045860_2_114-198,Ly6,multimer,genus:Pelobates,72-95
A0AAE0UZT4_IPR045860_1_18-105,mixture,monomer,class:Actinopteri,72-95
A0AAN7X9S9_IPR045860_1_14-108,Ly6,multimer,genus:Eleginops,72-95
A0AAN9GFJ0_IPR016054_1_32-114,Ly6,monomer,genus:Littorina,72-95
A0AAV1P2K2_IPR045860_1_18-94,Ly6,multimer,genus:Scomber,72-95
A0AAV2JF18_IPR045860_4_380-454,Ly6,multimer,genus:Knipowitschia,72-95
A0AAV2ZG95_IPR045860_1_47-132,Ly6,monomer,genus:Pyxicephalus,72-95
A0AAV3A123_IPR045860_1_63-148,Ly6,multimer,genus:Pyxicephalus,72-95
A0AAV6SBU4_IPR016054_3_20-111,Ly6,multimer,genus:Solea,72-95
A0AAV6ZLS1_IPR045860_1_19-104,Ly6,multimer,genus:Engystomops,72-95
A0AAV6ZVQ3_IPR045860_2_18-104,Ly6,multimer,genus:Engystomops,72-95
A0AAV7PXH8_IPR045860_2_18-104,Ly6,multimer,genus:Pleurodeles,72-95
A0AAV7Q3X5_IPR045860_1_424-512,Ly6,multimer,genus:Pleurodeles,72-95
A0AAW0N088_IPR016054_3_35-129,Ly6,multimer,genus:Mugilogobius,72-95
A0AAW1UM85_IPR045860_1_16-100,Ly6,multimer,genus:Henosepilachna,72-95
A0AAW2B123_IPR016054_1_20-111,Ly6,monomer,genus:Culter,72-95
A0AAZ1XB78_IPR045860_1_12-98,Ly6,monomer,family:Cichlidae,72-95
A0ABD1JNT1_IPR016054_1_22-105,none,monomer,genus:Coilia,72-95
D9N4B9_IPR045860_1_17-100,none,multimer,family:Viperidae,72-95
G5BKJ5_IPR016054_1_15-94,none,monomer,genus:Heterocephalus,72-95
H0X2J3_IPR045860_3_318-392,Ly6,multimer,genus:Otolemur,72-95
M4AI92_IPR045860_1_6-90,Ly6,monomer,genus:Xiphophorus,72-95
Q4TBG8_IPR016054_1_20-103,none,monomer,genus:Tetraodon,72-95
V8NNG2_IPR045860_1_89-173,Ly6,mixture,order:Squamata,72-95
A0A164XA57_IPR039457_1_18-127,Ly6,monomer,genus:Daphnia,95-117
A0A7J7KSY4_IPR039457_1_41-163,none,monomer,genus:Bugula,117-140
A0A8J1TS30_IPR039457_1_30-165,none,monomer,genus:Owenia,117-140
A0A9D4CTV4_IPR039457_1_15-93,none,monomer,genus:Dreissena,72-95
A0ABD0WES7_IPR039457_1_21-170,mixture,monomer,class:Actinopteri,140-162
E9H2B5_IPR039457_1_3-78,Ly6,monomer,genus:Daphnia,72-95
A0A0G3I6K7_IPR031424_1_32-126,Ly6,monomer,genus:Locusta,72-95
A0A0L7R412_IPR031424_1_14-136,none,monomer,genus:Habropoda,117-140
A0A0N4UWL8_IPR031424_1_25-118,none,monomer,genus:Enterobius,72-95
A0A0R3TSZ9_IPR045860_1_20-124,mixture,monomer,genus:Rodentolepis,95-117
A0A139WDZ2_IPR031424_1_25-124,none,monomer,genus:Tribolium,95-117
A0A1A9WKS5_IPR045860_1_6-88,none,monomer,order:Diptera,95-117
A0A1B0FYA4_IPR031424_1_23-101,Quiver,monomer,genus:Phlebotomus,72-95
A0A1I7SWE4_IPR031424_1_20-130,none,monomer,genus:Bursaphelenchus,95-117
A0A1J1IDY5_IPR031424_1_23-125,none,monomer,genus:Clunio,95-117
A0A1S3H4X1_IPR031424_1_24-111,none,monomer,genus:Lingula,72-95
A0A1S3JPC8_IPR031424_1_24-139,none,monomer,genus:Lingula,95-117
A0A1W0WM16_IPR031424_1_29-113,none,monomer,genus:Hypsibius,72-95
A0A1Y1MMU4_IPR045860_1_21-97,none,monomer,genus:Photinus,72-95
A0A210QIR2_IPR031424_1_38-125,Quiver,monomer,genus:Mizuhopecten,72-95
A0A226DZ36_IPR031424_1_17-157,none,monomer,genus:Folsomia,140-162
A0A293N2A1_IPR031424_1_23-115,none,monomer,genus:Ornithodoros,72-95
A0A2S2R8G4_IPR031424_1_29-147,Quiver,monomer,genus:Sipha,117-140
A0A3L8E5Z5_IPR031424_1_23-148,none,monomer,genus:Ooceraea,117-140
A0A5J4ND65_IPR031424_1_57-177,Quiver,monomer,genus:Paragonimus,95-117
A0A653CQ70_IPR045860_1_19-103,none,monomer,genus:Callosobruchus,72-95
A0A6A4V9R2_IPR031424_1_112-192,none,monomer,genus:Amphibalanus,72-95
A0A6M2DZT4_IPR031424_1_20-137,none,monomer,genus:Xenopsylla,117-140
A0A7J7JCN0_IPR045860_1_18-101,none,monomer,genus:Bugula,72-95
A0A7R8VPA7_IPR031424_1_85-134,none,monomer,genus:Timema,50-72
A0A7R9GD10_IPR031424_1_22-126,Quiver,monomer,genus:Notodromas,95-117
A0A7R9PAQ3_IPR031424_1_28-84,mixture,monomer,class:Insecta,50-72
A0A815CM43_IPR031424_1_20-108,mixture,monomer,genus:Rotaria,72-95
A0A833RU88_IPR031424_1_24-156,Quiver,monomer,genus:Frieseomelitta,117-140
A0A8F4TDK0_IPR031424_1_29-119,none,monomer,genus:Tritia,72-95
A0A8J1XJ26_IPR031424_1_30-163,none,monomer,genus:Owenia,117-140
A0A8J9UHD8_IPR031424_1_11-122,none,monomer,genus:Brenthis,95-117
A0A8K0FXC1_IPR031424_1_22-131,none,monomer,genus:Ignelater,95-117
A0A8S1BBQ6_IPR031424_1_24-120,none,monomer,genus:Arctia,95-117
A0A8S1GVF1_IPR031424_1_32-105,none,monomer,genus:Caenorhabditis,72-95
A0A8S4E7W1_IPR031424_1_23-125,none,monomer,genus:Plutella,95-117
A0A8W8NB98_IPR031424_1_30-88,none,monomer,genus:Magallana,50-72
A0A913ZMR6_IPR045860_1_25-109,Quiver,monomer,genus:Patiria,72-95
A0A9C6DV37_IPR031424_1_26-103,none,monomer,genus:Glossina,72-95
A0A9D4EVI0_IPR031424_1_23-100,none,monomer,genus:Dreissena,72-95
A0A9J6CLC1_IPR031424_1_10-99,Quiver,monomer,genus:Polypedilum,72-95
A0A9P0D8L1_IPR045860_1_18-107,Quiver,monomer,genus:Phaedon,72-95
A0AA36H937_IPR031424_1_27-161,Ly6,monomer,genus:Cylicocyclus,117-140
A0AAD8BYI5_IPR031424_1_4-92,none,monomer,genus:Biomphalaria,72-95
A0AAE0SHY0_IPR031424_1_24-101,Quiver,monomer,genus:Potamilus,72-95
A0AAE1UDI7_IPR031424_1_30-121,none,monomer,genus:Petrolisthes,72-95
A0AAJ7N4H2_IPR031424_1_24-123,none,monomer,family:Apidae,95-117
A0AAN7SCD3_IPR031424_1_26-102,none,monomer,genus:Aquatica,72-95
A0AAV2IPI5_IPR031424_1_22-125,none,monomer,class:Gastropoda,95-117
A0AAV8VLJ7_IPR031424_1_24-122,none,monomer,genus:Exocentrus,95-117
A0AAV8Z6S9_IPR031424_1_25-128,none,monomer,order:Coleoptera,95-117
A0ABD2CYF4_IPR031424_1_14-129,none,monomer,genus:Vespula,95-117
A0ABD2WFA1_IPR031424_1_25-117,none,monomer,genus:Trichogramma,72-95
A0ABD6ESK5_IPR031424_1_32-120,none,monomer,genus:Gnathostoma,72-95
B3MFC2_IPR031424_1_39-128,mostly_Quiver,monomer,class:Insecta,72-95
E0VVZ1_IPR045860_1_22-119,none,monomer,genus:Pediculus,95-117
E9FSZ4_IPR045860_1_18-114,mixture,mixture,genus:Daphnia,95-117
L7LX43_IPR031424_1_24-112,none,monomer,family:Ixodidae,72-95
R7T8W4_IPR031424_1_130-232,Quiver,monomer,genus:Capitella,95-117
T1FAZ3_IPR031424_1_37-117,Quiver,monomer,genus:Helobdella,72-95
T1IWU3_IPR031424_1_117-214,mixture,monomer,class:Chilopoda,95-117
U4UNT0_IPR031424_1_25-130,none,monomer,genus:Dendroctonus,95-117
A0A016SWM5_IPR045860_1_20-99,mixture,monomer,genus:Ancylostoma,72-95
A0A060YPT9_IPR045860_1_15-96,none,monomer,genus:Oncorhynchus,72-95
A0A0B1SWC8_IPR045860_1_24-116,none,monomer,genus:Oesophagostomum,72-95
A0A0D8XVZ7_IPR045860_1_16-129,none,monomer,genus:Dictyocaulus,95-117
A0A0K0E9Y5_IPR045860_1_6-97,Ly6,monomer,genus:Strongyloides,72-95
A0A0K2V1X8_IPR045860_1_19-96,none,monomer,genus:Lepeophtheirus,72-95
A0A0R3RWQ8_IPR045860_1_27-98,none,monomer,genus:Elaeophora,50-72
A0A147A6C2_IPR045860_1_20-95,none,monomer,genus:Fundulus,72-95
A0A151NC87_IPR045860_2_32-107,mixture,multimer,genus:Alligator,72-95
A0A158P346_IPR045860_1_12-117,none,monomer,family:Formicidae,95-117
A0A183ADL3_IPR045860_1_8-101,none,monomer,genus:Echinostoma,72-95
A0A1A9ZRZ2_IPR045860_1_57-159,none,monomer,genus:Glossina,72-95
A0A1D1W0Q2_IPR045860_1_51-152,none,monomer,genus:Ramazzottius,95-117
A0A1I7RXX2_IPR045860_1_102-174,none,monomer,genus:Bursaphelenchus,72-95
A0A1L8F3S7_IPR045860_1_22-103,Ly6,monomer,genus:Xenopus,72-95
A0A1S3G8M5_IPR045860_1_1-71,none,monomer,phylum:Chordata,72-95
A0A1W4XFK3_IPR045860_1_18-116,none,monomer,genus:Agrilus,95-117
A0A1Y3B672_IPR045860_1_1-131,none,monomer,family:Pyroglyphidae,117-140
A0A210Q9T2_IPR045860_1_120-201,none,monomer,genus:Mizuhopecten,72-95
A0A212EMN2_IPR045860_1_5-68,none,monomer,genus:Danaus,50-72
A0A226DES8_IPR045860_1_6-109,none,monomer,genus:Folsomia,95-117
A0A267ECX5_IPR045860_1_1-99,Ly6,monomer,genus:Macrostomum,72-95
A0A2A2K9L8_IPR045860_1_32-133,none,monomer,genus:Diploscapter,95-117
A0A2A6B9Z5_IPR045860_1_53-176,none,monomer,genus:Pristionchus,117-140
A0A2B4RVH1_IPR045860_1_17-115,none,monomer,family:Pocilloporidae,95-117
A0A2D4HV48_IPR045860_2_140-196,Ly6,multimer,genus:Micrurus,50-72
A0A2G9SLQ9_IPR045860_1_15-94,none,monomer,genus:Aquarana,72-95
A0A2I4C311_IPR045860_1_22-100,none,monomer,genus:Austrofundulus,72-95
A0A2P4T6B0_IPR045860_1_1-58,none,multimer,genus:Bambusicola,50-72
A0A2T7P472_IPR045860_1_230-316,none,monomer,genus:Pomacea,72-95
A0A368F7Y9_IPR045860_1_6-60,none,monomer,genus:Ancylostoma,50-72
A0A3B3RFS0_IPR045860_1_53-129,none,monomer,genus:Paramormyrops,72-95
A0A3B4VFA1_IPR045860_1_18-95,Ly6,monomer,genus:Seriola,72-95
A0A3M6TLB5_IPR045860_1_812-908,none,monomer,genus:Pocillopora,95-117
A0A3M7RCI7_IPR045860_1_169-241,Ly6,monomer,genus:Brachionus,72-95
A0A3P6TVJ0_IPR045860_1_26-89,none,monomer,family:Onchocercidae,50-72
A0A3P8V5F4_IPR045860_1_18-106,none,monomer,class:Actinopteri,72-95
A0A3P9P9E6_IPR045860_1_12-72,mixture,monomer,genus:Poecilia,50-72
A0A3Q1JA05_IPR045860_1_19-90,Ly6,monomer,genus:Anabas,50-72
A0A3Q2Q1B1_IPR045860_1_50-142,Ly6,monomer,genus:Fundulus,72-95
A0A3S2UB74_IPR045860_1_18-107,Ly6,monomer,genus:Oryzias,72-95
A0A433UAU9_IPR045860_1_1681-1752,none,monomer,genus:Elysia,50-72
A0A498SJD1_IPR045860_1_37-113,mixture,monomer,order:Rhabditida,72-95
A0A4S2LC08_IPR045860_1_24-95,Ly6,monomer,genus:Opisthorchis,50-72
A0A4U5MEH2_IPR045860_1_4-64,none,monomer,genus:Steinernema,50-72
A0A5N5TNC7_IPR045860_1_131-227,none,monomer,genus:Armadillidium,95-117
A0A671QGA0_IPR045860_1_47-114,Ly6,monomer,genus:Sinocyclocheilus,50-72
A0A6B0VCT2_IPR045860_1_39-136,none,monomer,genus:Ixodes,95-117
A0A6J0C1J9_IPR045860_1_57-167,none,monomer,genus:Neodiprion,95-117
A0A6J2YDQ0_IPR045860_1_5-107,none,monomer,family:Curculionidae,95-117
A0A6P3I8Z9_IPR045860_1_124-207,Ly6,mixture,family:Bovidae,72-95
A0A6P3VH77_IPR045860_1_24-100,none,monomer,class:Actinopteri,72-95
A0A6P4YR94_IPR045860_1_29-111,none,monomer,genus:Branchiostoma,72-95
A0A6P8ICE1_IPR045860_1_20-97,none,monomer,genus:Actinia,72-95
A0A7E4UNJ0_IPR045860_1_19-90,none,monomer,genus:Panagrellus,50-72
A0A7M4FV34_IPR045860_1_27-78,none,monomer,genus:Crocodylus,50-72
A0A7M7RHB3_IPR045860_1_1-103,none,monomer,order:Camarodonta,95-117
A0A7R9A2Z6_IPR045860_1_10-112,none,monomer,genus:Darwinula,95-117
A0A7S0VUB8_IPR045860_1_14-105,Ly6,monomer,genus:Hemiselmis,72-95
A0A813NKV6_IPR045860_1_19-90,none,monomer,genus:Brachionus,50-72
A0A813UC31_IPR045860_1_23-86,none,monomer,genus:Brachionus,50-72
A0A814BGS4_IPR045860_1_13-92,none,monomer,genus:Didymodactylos,72-95
A0A815KNJ8_IPR045860_1_22-101,none,monomer,genus:Adineta,72-95
A0A818HQT1_IPR045860_1_20-95,none,monomer,genus:Rotaria,72-95
A0A898IL83_IPR045860_1_12-80,3FTx,monomer,genus:Calliophis,50-72
A0A8B6GF67_IPR045860_1_20-109,none,monomer,genus:Mytilus,72-95
A0A8B8AYJ1_IPR045860_1_21-107,none,monomer,family:Ostreidae,72-95
A0A8C5QVA1_IPR045860_1_6-80,none,monomer,phylum:Chordata,72-95
A0A8C5XDV8_IPR045860_1_29-91,none,monomer,genus:Microcebus,50-72
A0A8C6UGX9_IPR045860_1_28-105,none,monomer,genus:Neogobius,72-95
A0A8C6WK13_IPR045860_1_21-100,none,monomer,family:Gobiidae,72-95
A0A8C7N1I9_IPR045860_1_1-84,none,monomer,phylum:Chordata,72-95
A0A8D3BE06_IPR045860_1_17-87,Ly6,monomer,genus:Scophthalmus,50-72
A0A8D8UFU5_IPR045860_1_75-173,none,monomer,genus:Cacopsylla,95-117
A0A8J1L833_IPR045860_2_117-203,Ly6,multimer,genus:Xenopus,72-95
A0A8J1UFA9_IPR045860_1_24-105,none,monomer,genus:Owenia,72-95
A0A8J2R602_IPR045860_1_55-154,none,monomer,genus:Danaus,95-117
A0A8J4T8B0_IPR045860_1_5-54,none,monomer,genus:Paragonimus,50-72
A0A8J6ECL8_IPR045860_2_112-190,Ly6,multimer,genus:Eleutherodactylus,72-95
A0A8J9ZKP0_IPR045860_1_35-127,mixture,monomer,genus:Branchiostoma,72-95
A0A8K0EHZ8_IPR045860_1_19-122,none,monomer,genus:Branchiostoma,95-117
A0A8R1DEI2_IPR045860_1_17-100,Ly6,monomer,genus:Caenorhabditis,72-95
A0A8S1DMV1_IPR045860_1_72-148,none,monomer,genus:Cloeon,72-95
A0A8S1HS57_IPR045860_1_19-88,Ly6,monomer,genus:Caenorhabditis,50-72
A0A8S3YFF2_IPR045860_1_1-52,none,monomer,genus:Candidula,50-72
A0A8S4SKC7_IPR045860_1_1-54,none,monomer,order:Lepidoptera,50-72
A0A8S9ZVH1_IPR045860_1_45-126,none,monomer,genus:Meloidogyne,72-95
A0A8T1MDE9_IPR045860_1_21-92,mixture,monomer,family:Opisthorchiidae,50-72
A0A903VUU9_IPR045860_1_133-205,none,monomer,genus:Aedes,72-95
A0A913XL13_IPR045860_1_490-566,none,monomer,genus:Exaiptasia,72-95
A0A913ZPL1_IPR045860_1_25-104,none,monomer,genus:Patiria,72-95
A0A914GV92_IPR045860_1_59-139,none,monomer,genus:Globodera,72-95
A0A914JRX7_IPR045860_1_176-242,none,monomer,genus:Panagrolaimus,50-72
A0A915PZE8_IPR045860_1_55-162,none,monomer,order:Rhabditida,95-117
A0A974HCW2_IPR045860_2_5-77,Ly6,multimer,genus:Xenopus,72-95
A0A9D3Y6D9_IPR045860_1_81-180,none,monomer,genus:Dreissena,95-117
A0A9J7KT76_IPR045860_1_14-101,Ly6,monomer,genus:Branchiostoma,72-95
A0A9N9MM11_IPR045860_1_26-110,none,monomer,genus:Ceutorhynchus,72-95
A0A9P0CNE4_IPR045860_1_25-107,none,monomer,genus:Psylliodes,72-95
A0A9P1APM9_IPR045860_1_23-107,none,monomer,genus:Caenorhabditis,72-95
A0A9P1IXK8_IPR045860_1_54-147,none,monomer,genus:Caenorhabditis,72-95
A0A9Q0DZY9_IPR045860_1_306-389,none,monomer,genus:Muraenolepis,72-95
A0A9Q0XMY8_IPR045860_1_52-127,none,monomer,genus:Phrynocephalus,72-95
A0A9W9ZHT4_IPR045860_1_21-117,SPF,monomer,genus:Desmophyllum,95-117
A0A9X0CE68_IPR045860_1_174-265,none,monomer,genus:Desmophyllum,72-95
A0AA36CEM3_IPR045860_1_7-62,none,monomer,genus:Mesorhabditis,50-72
A0AA36GTV8_IPR045860_1_13-90,none,monomer,genus:Cylicocyclus,72-95
A0AA39LF98_IPR045860_1_120-203,none,monomer,genus:Steinernema,72-95
A0AA47NXF2_IPR045860_1_27-102,none,monomer,order:Gadiformes,72-95
A0AA88XKL0_IPR045860_1_143-231,none,monomer,genus:Pinctada,72-95
A0AA97KVM2_IPR045860_1_1-59,none,monomer,genus:Eublepharis,50-72
A0AAD1T6Z0_IPR045860_1_36-106,SPF,monomer,genus:Pelobates,50-72
A0AAD5PRR8_IPR045860_1_26-128,none,monomer,genus:Daphnia,95-117
A0AAD8FZC7_IPR045860_1_20-96,none,monomer,genus:Acipenser,72-95
A0AAD9MYV1_IPR045860_1_133-213,none,monomer,genus:Paralvinella,72-95
A0AAD9R4L8_IPR045860_1_38-118,none,monomer,genus:Acropora,72-95
A0AAE1E190_IPR045860_1_21-118,none,monomer,genus:Elysia,95-117
A0AAE2D5S9_IPR045860_1_40-103,mixture,monomer,family:Schistosomatidae,50-72
A0AAF3F2F2_IPR045860_1_34-110,Ly6,monomer,genus:Mesorhabditis,72-95
A0AAJ7UHJ8_IPR045860_1_19-102,none,monomer,genus:Petromyzon,72-95
A0AAJ8BFC8_IPR045860_1_19-82,Ly6,monomer,genus:Lates,50-72
A0AAN5CSV7_IPR045860_1_8-82,none,monomer,genus:Pristionchus,72-95
A0AAN9BXW2_IPR045860_1_38-119,none,monomer,genus:Littorina,72-95
A0AAN9GVF8_IPR045860_1_28-105,none,monomer,genus:Phoxinus,72-95
A0AAR2LGK1_IPR045860_2_26-108,Ly6,multimer,genus:Pygocentrus,72-95
A0AAU7YD16_IPR045860_1_17-93,none,monomer,genus:Nidirana,72-95
A0AAU9WL13_IPR045860_1_16-111,Ly6,monomer,genus:Pocillopora,95-117
A0AAV2JAK8_IPR045860_1_66-133,Ly6,monomer,genus:Knipowitschia,50-72
A0AAV2TLD3_IPR045860_1_48-111,Ly6,monomer,genus:Calicophoron,50-72
A0AAV3ZYG6_IPR045860_1_19-115,none,monomer,genus:Plakobranchus,95-117
A0AAV4QE25_IPR045860_1_20-119,none,monomer,order:Araneae,95-117
A0AAV5SIU7_IPR045860_1_21-110,Ly6,monomer,genus:Pristionchus,72-95
A0AAV5ULZ1_IPR045860_1_51-148,none,monomer,genus:Pristionchus,95-117
A0AAV6Z2I9_IPR045860_1_17-104,SPF,multimer,genus:Engystomops,72-95
A0AAV6ZLS9_IPR045860_1_1-68,none,monomer,genus:Engystomops,50-72
A0AAV8VMR3_IPR045860_1_22-100,none,monomer,genus:Exocentrus,72-95
A0AAW0MZ69_IPR045860_1_27-90,Ly6,monomer,genus:Mugilogobius,50-72
A0AAW0Y0S8_IPR045860_1_21-84,Quiver,monomer,genus:Cherax,50-72
A0AAX6SDF3_IPR045860_1_25-115,mixture,mixture,order:Rodentia,72-95
A0AAY4BAD5_IPR045860_1_6-112,none,mixture,class:Actinopteri,95-117
A0AAY4EL95_IPR045860_1_30-106,none,monomer,genus:Denticeps,72-95
A0AAY5EX70_IPR045860_1_18-89,Ly6,monomer,genus:Electrophorus,50-72
A0ABD2GY27_IPR045860_1_21-121,none,monomer,order:Perciformes,95-117
A0ABD2N788_IPR045860_1_22-120,none,monomer,genus:Cryptolaemus,95-117
A0ABD3TFX9_IPR045860_2_36-155,none,multimer,family:Unionidae,117-140
A0ABD6EIS5_IPR045860_1_76-167,none,monomer,genus:Gnathostoma,72-95
A7SMG4_IPR045860_1_19-104,none,monomer,genus:Nematostella,72-95
C0HJT4_IPR045860_1_1-63,none,monomer,genus:Dendroaspis,50-72
E6ZHE0_IPR045860_1_18-83,none,monomer,genus:Dicentrarchus,50-72
G1TJU8_IPR045860_1_145-207,Ly6,monomer,genus:Oryctolagus,50-72
G3EQ61_IPR045860_1_20-84,none,monomer,genus:Plethodon,50-72
O55006_IPR045860_1_121-199,none,monomer,genus:Rattus,72-95
P50488_IPR045860_1_89-191,none,monomer,genus:Caenorhabditis,95-117
Q0GAS1_IPR045860_1_20-73,none,monomer,genus:Plethodon,50-72
Q5NC48_IPR045860_1_120-194,none,mixture,genus:Mus,72-95
R7U2M3_IPR045860_1_23-103,Ly6,monomer,genus:Capitella,72-95
V4BZ46_IPR045860_1_11-100,none,monomer,genus:Lottia,72-95
W2TPC1_IPR045860_1_62-139,none,monomer,order:Rhabditida,72-95
Centipede3FTx_0027_61981,manually_annotated,monomer,class:Chilopoda,117-140
Centipede3FTx_0091_984703,manually_annotated,monomer,class:Chilopoda,95-117
Centipede3FTx_0123_60158,manually_annotated,monomer,class:Chilopoda,72-95
A0A8C2VUG9_IPR042339_1_1-129,Ly6,monomer,order:Rodentia,117-140
A0A2Z4N9U3_IPR045860_1_27-102,3FTx,monomer,family:Colubridae,72-95
A0A346CM25_IPR045860_1_13-88,3FTx,monomer,genus:Ahaetulla,72-95
A0A813XKR2_IPR045860_1_26-85,none,monomer,genus:Brachionus,50-72
A0A898IN20_IPR045860_1_15-87,3FTx,monomer,genus:Calliophis,72-95
A0A914GLY3_IPR045860_1_8-71,none,monomer,genus:Panagrolaimus,50-72
A0AA50S1V1_IPR045860_1_13-87,none,monomer,genus:Oxybelis,72-95
F5CPD2_IPR003571_1_22-82,mixture,monomer,genus:Micrurus,50-72
P0C553_IPR045860_1_14-79,3FTx,monomer,genus:Bungarus,50-72
P25671_IPR045860_1_1-71,none,monomer,family:Elapidae,50-72
P86099_IPR045860_1_1-64,none,monomer,genus:Micrurus,50-72
R4G2W4_IPR045860_1_13-91,3FTx,monomer,genus:Furina,72-95
A0A3Q2HYF9_IPR039237_1_66-164,Ly6,monomer,class:Mammalia,95-117
A0A0K2VB75_IPR035076_1_21-72,mixture,mixture,genus:Lepeophtheirus,50-72
A0A2D0SKH5_IPR045860_1_144-229,none,multimer,genus:Ictalurus,72-95
A0A2I3GF26_IPR045860_1_18-101,none,monomer,order:Primates,72-95
A0A3B3RIH9_IPR016054_1_149-232,Ly6,multimer,genus:Paramormyrops,72-95
A0A3M7T9B0_IPR045860_1_19-93,none,monomer,genus:Brachionus,72-95
A0A3Q3B0M9_IPR045860_1_18-104,Ly6,multimer,genus:Kryptolebias,72-95
A0A484CIQ1_IPR045860_1_17-103,mixture,multimer,genus:Perca,72-95
A0A553QTP1_IPR045860_1_19-106,mixture,monomer,family:Danionidae,72-95
A0A671FKB5_IPR016054_1_65-153,Ly6,monomer,order:Chiroptera,72-95
A0A672HXW0_IPR045860_2_8-80,Ly6,multimer,genus:Salarias,72-95
A0A673K846_IPR045860_1_9-92,mixture,mixture,family:Cyprinidae,72-95
A0A674IVP4_IPR016054_1_33-126,Ly6,monomer,genus:Terrapene,72-95
A0A6J0VB89_IPR045860_3_109-200,Ly6,multimer,order:Squamata,72-95
A0A6P5KZB8_IPR045860_1_21-92,none,monomer,class:Mammalia,50-72
A0A6P7JZZ0_IPR016054_1_115-191,Ly6,multimer,genus:Parambassis,72-95
A0A6P8PJ75_IPR045860_1_14-102,none,monomer,order:Gymnophiona,72-95
A0A7F8KB68_IPR045860_1_22-126,none,monomer,family:Monodontidae,95-117
A0A7J6BZ24_IPR016054_1_20-110,Ly6,mixture,family:Cyprinidae,72-95
A0A7L1GS51_IPR045860_1_1-81,mixture,monomer,order:Piciformes,72-95
A0A803SPG0_IPR016054_1_19-108,Ly6,monomer,phylum:Chordata,72-95
A0A813QTI5_IPR045860_1_19-92,none,monomer,genus:Brachionus,72-95
A0A814J0L7_IPR045860_1_22-97,none,monomer,genus:Brachionus,72-95
A0A817TT10_IPR045860_1_22-99,none,monomer,genus:Rotaria,72-95
A0A819N783_IPR045860_1_25-96,none,monomer,genus:Adineta,50-72
A0A8B6ZSS3_IPR016054_1_53-147,Ly6,monomer,genus:Orycteropus,72-95
A0A8C0CF61_IPR045860_1_20-86,none,monomer,genus:Balaenoptera,50-72
A0A8C0ZY53_IPR016054_1_206-298,Ly6,monomer,genus:Castor,72-95
A0A8C1IM35_IPR016054_1_19-94,mixture,multimer,genus:Cyprinus,72-95
A0A8C6QMG7_IPR045860_1_62-111,none,monomer,genus:Nannospalax,50-72
A0A8D0GG70_IPR016054_1_22-111,Ly6,monomer,genus:Sphenodon,72-95
A0A8J0QSL2_IPR045860_1_114-194,Ly6,multimer,genus:Xenopus,72-95
A0A8J6EJS8_IPR016054_3_209-296,Ly6,multimer,genus:Eleutherodactylus,72-95
A0A8S3SNZ3_IPR045860_3_71-125,none,multimer,genus:Mytilus,50-72
A0A8U0TYS2_IPR045860_2_16-105,Ly6,multimer,family:Salmonidae,72-95
A0A974CQA0_IPR016054_1_21-106,Ly6,monomer,genus:Xenopus,72-95
A0A9D3PQ12_IPR016054_2_116-198,Ly6,multimer,genus:Megalops,72-95
A0A9Q0X962_IPR045860_2_62-138,none,multimer,genus:Phrynocephalus,72-95
A0A9W7TFR4_IPR016054_2_18-112,Ly6,multimer,genus:Triplophysa,72-95
A0AA35PDT8_IPR016054_2_206-296,Ly6,multimer,genus:Podarcis,72-95
A0AA88TDA1_IPR016054_1_107-181,none,multimer,genus:Cirrhinus,72-95
A0AAV2MDG4_IPR016054_2_131-205,Ly6,multimer,genus:Knipowitschia,72-95
A0AAV6ZCM0_IPR016054_1_21-110,Ly6,monomer,genus:Engystomops,72-95
A0ABD1JE20_IPR016054_2_114-195,mixture,multimer,order:Clupeiformes,72-95
F7AHA8_IPR045860_1_21-101,none,monomer,class:Mammalia,72-95
A0A0A0QTD3_IPR045860_1_62-140,mixture,mixture,family:Salamandridae,72-95
A0A0F7JH31_IPR045860_1_18-105,Ly6,multimer,genus:Ichthyosaura,72-95
A0A151M3Y2_IPR016054_2_337-423,mixture,multimer,genus:Alligator,72-95
A0A151NBF6_IPR016054_1_118-213,Ly6,multimer,genus:Alligator,95-117
A0A1A6HP20_IPR016054_1_156-207,Ly6,monomer,genus:Neotoma,50-72
A0A1S3ACS9_IPR016054_2_135-212,Ly6,mixture,class:Mammalia,72-95
A0A1S3GH17_IPR016054_3_130-206,Ly6,multimer,order:Rodentia,72-95
A0A1U7S4F7_IPR045860_1_18-103,none,multimer,genus:Alligator,72-95
A0A1U7UTF9_IPR051445_1_1-149,Ly6,monomer,genus:Carlito,140-162
A0A210QTG2_IPR016054_1_62-151,none,multimer,genus:Mizuhopecten,72-95
A0A226MPA4_IPR045860_1_38-106,Ly6,monomer,genus:Callipepla,50-72
A0A2B4RXZ5_IPR045860_1_17-105,Ly6,monomer,genus:Stylophora,72-95
A0A3Q1M1B6_IPR016054_2_129-212,mostly_Ly6,multimer,order:Artiodactyla,72-95
A0A3Q2P5N9_IPR045860_1_25-110,Ly6,monomer,genus:Fundulus,72-95
A0A3Q2ZYG6_IPR016054_1_19-92,Ly6,monomer,genus:Kryptolebias,72-95
A0A401RHQ3_IPR045860_2_25-104,Ly6,multimer,genus:Chiloscyllium,72-95
A0A484CJH9_IPR045860_1_18-103,Ly6,monomer,class:Actinopteri,72-95
A0A4U1EPS4_IPR016054_1_124-198,Ly6,multimer,order:Artiodactyla,72-95
A0A553NSH3_IPR016054_1_20-116,Ly6,monomer,genus:Tigriopus,95-117
A0A5N4DS84_IPR016054_1_155-212,Ly6,monomer,genus:Camelus,50-72
A0A670IP51_IPR045860_1_67-152,Ly6,mixture,genus:Podarcis,72-95
A0A670ZAR9_IPR045860_2_114-165,Ly6,multimer,genus:Pseudonaja,50-72
A0A6F9ABH8_IPR045860_1_21-103,Ly6,monomer,family:Salmonidae,72-95
A0A6J3GLF3_IPR016054_2_130-204,mostly_Ly6,multimer,order:Primates,72-95
A0A6P3W1J8_IPR045860_1_18-105,Ly6,monomer,genus:Clupea,72-95
A0A6P6PQV0_IPR016054_1_22-104,none,monomer,order:Cypriniformes,72-95
A0A6P7YR16_IPR045860_2_17-105,Ly6,multimer,order:Gymnophiona,72-95
A0A6P7Z0B1_IPR045860_3_111-201,Ly6,multimer,genus:Microcaecilia,72-95
A0A6P8I9P2_IPR045860_1_118-205,none,multimer,genus:Actinia,72-95
A0A6P8PCT4_IPR045860_1_20-104,Ly6,monomer,genus:Geotrypetes,72-95
A0A7E6CU06_IPR045860_1_18-97,Ly6,monomer,genus:Phyllostomus,72-95
A0A7J6BV74_IPR045860_1_27-103,Ly6,monomer,genus:Onychostoma,72-95
A0A7M6DMY1_IPR045860_1_51-138,Ly6,monomer,genus:Clytia,72-95
A0A803J8T9_IPR045860_2_114-198,Ly6,multimer,genus:Xenopus,72-95
A0A803K920_IPR045860_3_259-314,Ly6,multimer,genus:Xenopus,50-72
A0A803TK79_IPR016054_1_148-212,Ly6,multimer,genus:Anolis,50-72
A0A833YC97_IPR016054_3_54-112,Ly6,multimer,genus:Phyllostomus,50-72
A0A8B8BFP6_IPR045860_1_121-197,mixture,multimer,family:Ostreidae,72-95
A0A8C0X4G4_IPR016054_1_129-199,Ly6,mixture,genus:Castor,50-72
A0A8C0ZR68_IPR016054_1_19-99,Ly6,monomer,genus:Castor,72-95
A0A8C2SBU2_IPR016054_1_26-143,none,monomer,genus:Capra,117-140
A0A8C4IH79_IPR016054_1_19-86,Ly6,monomer,genus:Dicentrarchus,50-72
A0A8C5QVB5_IPR045860_1_25-108,Ly6,multimer,genus:Leptobrachium,72-95
A0A8C5SCC3_IPR045860_3_1-57,Ly6,multimer,genus:Laticauda,50-72
A0A8C6DT51_IPR045860_1_26-112,Ly6,multimer,order:Artiodactyla,72-95
A0A8C8UCX7_IPR045860_1_60-137,Ly6,monomer,genus:Peromyscus,72-95
A0A8C9A6P7_IPR026524_1_4-173,mixture,monomer,class:Mammalia,140-162
A0A8D0YKL2_IPR016054_2_49-117,Ly6,multimer,genus:Sus,50-72
A0A8I5TWD1_IPR016054_1_26-105,none,monomer,order:Primates,72-95
A0A8J6JR03_IPR016054_2_20-108,Ly6,multimer,genus:Eleutherodactylus,72-95
A0A8T1S7E7_IPR045860_1_56-137,Ly6,mixture,genus:Chelydra,72-95
A0A8T2IU83_IPR045860_2_18-104,Ly6,multimer,genus:Hymenochirus,72-95
A0A9B0TWF7_IPR016054_1_64-132,Ly6,multimer,genus:Chrysochloris,50-72
A0A9D4RIC4_IPR045860_2_108-186,none,multimer,genus:Dreissena,72-95
A0A9F2WK46_IPR045860_2_135-225,Ly6,multimer,genus:Python,72-95
A0A9F7TM69_IPR045860_3_169-230,Ly6,multimer,genus:Ictalurus,50-72
A0A9Q0X6I0_IPR045860_2_17-99,Ly6,multimer,genus:Phrynocephalus,72-95
A0A9Y3S5H1_IPR045860_1_18-107,Ly6,monomer,genus:Pundamilia,72-95
A0AA35KMS6_IPR045860_1_113-194,Ly6,multimer,genus:Podarcis,72-95
A0AA35KPA6_IPR045860_2_102-173,Ly6,multimer,genus:Podarcis,50-72
A0AA35P0K0_IPR016054_1_39-119,Ly6,monomer,genus:Podarcis,72-95
A0AA35PDV3_IPR016054_1_22-112,Ly6,monomer,genus:Podarcis,72-95
A0AA47MK52_IPR045860_2_210-264,Ly6,multimer,genus:Merluccius,50-72
A0AA97KF86_IPR045860_2_114-195,SPF,multimer,genus:Eublepharis,72-95
A0AA97LH08_IPR045860_2_114-200,none,multimer,genus:Eublepharis,72-95
A0AAD1T3X4_IPR045860_1_18-103,Ly6,multimer,genus:Pelobates,72-95
A0AAD1T941_IPR016054_2_101-198,Ly6,multimer,genus:Pelobates,95-117
A0AAD1WQB8_IPR045860_1_121-199,Ly6,multimer,genus:Pelobates,72-95
A0AAE0V0A0_IPR016054_1_20-113,Ly6,monomer,genus:Hemibagrus,72-95
A0AAN7X9S9_IPR045860_2_114-187,Ly6,multimer,genus:Eleginops,72-95
A0AAU9X5D3_IPR016054_1_33-124,Ly6,monomer,genus:Pocillopora,72-95
A0AAU9ZSI2_IPR045860_1_17-100,Ly6,monomer,family:Cricetidae,72-95
A0AAV1P2K2_IPR045860_2_105-191,Ly6,multimer,genus:Scomber,72-95
A0AAV2ZIV7_IPR016054_1_20-110,Ly6,multimer,genus:Pyxicephalus,72-95
A0AAV3A123_IPR045860_2_157-245,Ly6,multimer,genus:Pyxicephalus,72-95
A0AAV6ZLS1_IPR045860_2_111-195,Ly6,multimer,genus:Engystomops,72-95
A0AAV7PXP2_IPR016054_1_144-237,Ly6,multimer,genus:Pleurodeles,72-95
A0AAV7Q3X5_IPR045860_2_330-415,Ly6,multimer,genus:Pleurodeles,72-95
A0AAW1UM85_IPR045860_2_107-190,Ly6,multimer,genus:Henosepilachna,72-95
A0AAX7VS12_IPR045860_1_21-104,Ly6,monomer,family:Cichlidae,72-95
G7NM85_IPR016054_3_21-111,Ly6,multimer,genus:Macaca,72-95
R4GAM2_IPR016054_2_136-220,Ly6,multimer,genus:Anolis,72-95
A0A4X2K1H5_IPR026524_1_1-296,none,monomer,class:Mammalia,275-297
A0A8D0BPR5_IPR026524_1_27-111,none,monomer,genus:Salvator,72-95
A0AAV7Q211_IPR026524_1_4-257,none,monomer,genus:Pleurodeles,252-275
Q3KUR9_IPR026524_1_16-105,none,monomer,genus:Bos,72-95
A0A672TAY2_IPR039457_1_59-138,none,monomer,genus:Sinocyclocheilus,72-95
A0A852LU70_IPR039457_1_1-107,mixture,monomer,phylum:Chordata,95-117
A0A6I8V5I7_IPR045860_1_63-151,mixture,monomer,genus:Drosophila,72-95
A0A6J2WKY8_IPR045860_1_83-196,none,multimer,genus:Chanos,95-117
A0A6J3C3B3_IPR045860_1_85-175,none,monomer,order:Lepidoptera,72-95
A0A6J3RZ90_IPR045860_1_26-116,none,monomer,genus:Tursiops,72-95
A0A6P7XFG3_IPR045860_1_18-96,none,monomer,genus:Microcaecilia,72-95
A0A6P8F3Q9_IPR045860_1_19-116,none,monomer,order:Clupeiformes,95-117
A0A6P8J0N4_IPR045860_1_20-93,none,monomer,genus:Actinia,72-95
A0A6P8NU36_IPR045860_1_18-107,none,monomer,genus:Geotrypetes,72-95
A0A6P9DD93_IPR045860_1_20-110,Ly6,monomer,genus:Pantherophis,72-95
A0A7J6CH75_IPR045860_1_20-94,mixture,monomer,order:Cypriniformes,72-95
A0A7J7J989_IPR045860_1_4-78,none,monomer,genus:Bugula,72-95
A0A7M5X647_IPR045860_1_22-114,none,monomer,genus:Clytia,72-95
A0A7M7IWC8_IPR045860_1_35-137,none,monomer,order:Hymenoptera,95-117
A0A7R9D079_IPR045860_1_470-559,none,monomer,genus:Timema,72-95
A0A803J9B0_IPR045860_1_114-193,mixture,mixture,genus:Xenopus,72-95
A0A811ZUF5_IPR045860_2_304-397,none,multimer,order:Carnivora,72-95
A0A813ZMK1_IPR045860_1_22-89,none,monomer,genus:Adineta,50-72
A0A814FFG8_IPR045860_1_11-82,none,monomer,genus:Didymodactylos,50-72
A0A814S1T8_IPR045860_1_33-105,none,monomer,class:Eurotatoria,50-72
A0A834C6N6_IPR045860_1_17-101,none,mixture,genus:Oryzias,72-95
A0A835CSM4_IPR045860_1_31-133,none,monomer,genus:Aphidius,95-117
A0A8B6F8I9_IPR045860_2_37-92,none,multimer,genus:Mytilus,50-72
A0A8B6YJB0_IPR045860_1_20-120,none,monomer,phylum:Chordata,95-117
A0A8B7P747_IPR045860_1_312-377,none,monomer,genus:Hyalella,50-72
A0A8B8A537_IPR045860_1_18-102,none,monomer,genus:Acanthaster,72-95
A0A8B8C4K1_IPR045860_1_2-67,none,monomer,genus:Crassostrea,50-72
A0A8B8ETW8_IPR045860_1_432-531,none,monomer,family:Ostreidae,95-117
A0A8B8FX65_IPR045860_1_24-107,none,monomer,family:Aphididae,72-95
A0A8C2YLU4_IPR045860_1_41-122,mixture,monomer,order:Rodentia,72-95
A0A8C2ZMB6_IPR045860_1_29-120,none,monomer,genus:Cyclopterus,72-95
A0A8C3GTR2_IPR045860_1_48-144,none,monomer,genus:Corvus,95-117
A0A8C4R0T0_IPR045860_1_23-97,none,monomer,genus:Eptatretus,72-95
A0A8C4SMX3_IPR045860_1_30-104,none,monomer,genus:Erpetoichthys,72-95
A0A8C5AZI1_IPR045860_3_16-108,none,multimer,genus:Gadus,72-95
A0A8C5SIP2_IPR045860_1_1-67,none,monomer,genus:Laticauda,50-72
A0A8C7DGW6_IPR045860_1_24-93,Ly6,monomer,genus:Oncorhynchus,50-72
A0A8D2L5T3_IPR045860_1_24-97,Ly6,monomer,genus:Varanus,72-95
A0A8I6S1V1_IPR045860_1_18-116,none,monomer,genus:Cimex,95-117
A0A8J1J8K4_IPR045860_1_27-110,none,monomer,genus:Xenopus,72-95
A0A8J6G2B9_IPR045860_1_56-136,Ly6,monomer,genus:Microtus,72-95
A0A8K0CUI0_IPR045860_1_18-91,none,monomer,genus:Ignelater,72-95
A0A8K0KJU9_IPR045860_1_171-225,none,monomer,genus:Ladona,50-72
A0A8S1C0G0_IPR045860_1_36-138,none,monomer,genus:Cloeon,95-117
A0A8S4P442_IPR045860_1_15-107,none,monomer,genus:Owenia,72-95
A0A8T2K9N8_IPR045860_1_9-90,none,monomer,genus:Hymenochirus,72-95
A0A8V0ZRX3_IPR045860_1_10-97,none,monomer,class:Aves,72-95
A0A913X4X6_IPR045860_1_118-207,none,multimer,genus:Exaiptasia,72-95
A0A913YLP0_IPR045860_1_26-113,none,monomer,genus:Exaiptasia,72-95
A0A914EP76_IPR045860_1_11-89,none,monomer,genus:Acrobeloides,72-95
A0A914IUT3_IPR045860_1_5-73,none,monomer,genus:Panagrolaimus,50-72
A0A914M4P1_IPR045860_1_37-131,none,monomer,genus:Meloidogyne,72-95
A0A914VXE6_IPR045860_1_26-103,none,monomer,genus:Plectus,72-95
A0A9D3NYL4_IPR045860_1_46-113,none,monomer,genus:Hemibagrus,50-72
A0A9D4CBG2_IPR045860_1_64-149,none,monomer,genus:Dreissena,72-95
A0A9N9SKM6_IPR045860_1_39-135,none,monomer,genus:Phaedon,95-117
A0A9P0AWZ3_IPR045860_1_24-124,none,monomer,genus:Brassicogethes,95-117
A0A9P0F5H5_IPR045860_1_26-125,none,monomer,genus:Bemisia,95-117
A0A9P1HKC1_IPR045860_1_53-144,none,monomer,genus:Auanema,72-95
A0A9P1N5J7_IPR045860_1_14-98,none,monomer,genus:Caenorhabditis,72-95
A0A9Q1IQ10_IPR045860_1_95-178,none,multimer,genus:Synaphobranchus,72-95
A0A9W9YVV7_IPR045860_1_17-120,SPF,monomer,genus:Desmophyllum,95-117
A0A9X0A601_IPR045860_1_23-122,none,monomer,genus:Desmophyllum,95-117
A0AA35PD96_IPR045860_2_156-236,none,multimer,genus:Podarcis,72-95
A0AA36D804_IPR045860_1_14-100,mixture,monomer,genus:Mesorhabditis,72-95
A0AA36GN51_IPR045860_1_69-160,none,monomer,genus:Cylicocyclus,72-95
A0AA38M7B3_IPR045860_1_24-106,none,monomer,genus:Zophobas,72-95
A0AA47M5V7_IPR045860_1_195-297,none,monomer,genus:Merluccius,95-117
A0AAD1WPT6_IPR045860_1_693-783,mixture,mixture,genus:Pelobates,72-95
A0AAD4Y4W0_IPR045860_1_126-196,mixture,monomer,genus:Ovis,50-72
A0AAD5FTV1_IPR045860_1_2-116,none,monomer,genus:Silurus,95-117
A0AAD8YYI1_IPR045860_1_1-63,none,multimer,genus:Electrophorus,50-72
A0AAD9VFA0_IPR045860_1_152-238,none,monomer,genus:Acropora,72-95
A0AAF3ECQ1_IPR045860_1_15-96,none,monomer,genus:Mesorhabditis,72-95
A0AAJ7T9X9_IPR045860_1_17-81,Ly6,monomer,genus:Petromyzon,50-72
A0AAJ7X7B6_IPR045860_1_43-121,none,monomer,genus:Petromyzon,72-95
A0AAN5C818_IPR045860_1_20-96,Ly6,monomer,genus:Pristionchus,72-95
A0AAN5I4M8_IPR045860_1_14-85,none,monomer,genus:Pristionchus,50-72
A0AAN7VBZ0_IPR045860_1_22-110,mixture,mixture,family:Lampyridae,72-95
A0AAN8FIF5_IPR045860_1_19-90,none,monomer,genus:Trichostrongylus,50-72
A0AAN9V6L4_IPR045860_1_24-107,none,monomer,genus:Gryllus,72-95
A0AAQ4PE44_IPR045860_1_57-111,Ly6,monomer,genus:Gasterosteus,50-72
A0AAQ4R4Y2_IPR045860_1_105-170,Ly6,monomer,genus:Gasterosteus,50-72
A0AAV2H9Z4_IPR045860_1_24-111,none,monomer,genus:Lymnaea,72-95
A0AAV2QX10_IPR045860_1_1-93,Ly6,monomer,genus:Meganyctiphanes,72-95
A0AAV3A1S2_IPR045860_1_26-103,none,monomer,genus:Pyxicephalus,72-95
A0AAV4WJW2_IPR045860_1_31-128,none,monomer,genus:Caerostris,95-117
A0AAV5WAT2_IPR045860_1_21-96,none,monomer,genus:Pristionchus,72-95
A0AAV6ZGI7_IPR045860_1_111-192,Ly6,multimer,order:Anura,72-95
A0AAV6ZZ38_IPR045860_1_19-88,none,monomer,genus:Engystomops,50-72
A0AAV7I7H4_IPR045860_1_22-128,none,monomer,genus:Cotesia,95-117
A0AAV7X0F4_IPR045860_1_29-126,none,monomer,genus:Pleurodeles,95-117
A0AAW0MJV9_IPR045860_1_72-150,none,monomer,genus:Mugilogobius,72-95
A0AAW0PD67_IPR045860_2_20-108,none,multimer,genus:Mugilogobius,72-95
A0AAW1UA38_IPR045860_1_20-107,Quiver,monomer,genus:Henosepilachna,72-95
A0AAW1ZBB9_IPR045860_2_144-260,none,mixture,order:Cypriniformes,95-117
A0AAY4ARZ7_IPR045860_1_22-115,none,monomer,genus:Denticeps,72-95
A0AAY4CA10_IPR045860_1_22-108,mostly_Ly6,monomer,class:Actinopteri,72-95
A0AAY5EIA7_IPR045860_1_2-53,Ly6,multimer,genus:Electrophorus,50-72
A0AAY5K8N1_IPR045860_1_15-78,Ly6,monomer,genus:Esox,50-72
A0ABD0JAW3_IPR045860_1_48-143,none,monomer,genus:Batillaria,95-117
A0ABD0SGT6_IPR045860_1_31-106,none,monomer,genus:Loxostege,72-95
A0ABD0XDB6_IPR045860_1_26-116,mixture,monomer,phylum:Chordata,72-95
A0ABD1F9I2_IPR045860_1_64-166,none,monomer,genus:Hypothenemus,95-117
A0ABD1KY59_IPR045860_1_29-104,none,monomer,genus:Coilia,72-95
A0ABD2FPW9_IPR045860_1_22-99,mixture,monomer,class:Actinopteri,72-95
A0ABD2K7U0_IPR045860_1_59-155,none,monomer,genus:Heterodera,95-117
A0ABD3XFJ9_IPR045860_1_40-115,none,monomer,genus:Sinanodonta,72-95
A7RG69_IPR045860_1_1-66,none,monomer,genus:Nematostella,50-72
D1ZZN3_IPR045860_1_25-95,none,monomer,genus:Tribolium,50-72
G1EH64_IPR045860_1_27-127,none,monomer,genus:Helobdella,95-117
G3EQ01_IPR045860_1_20-84,none,monomer,genus:Plethodon,50-72
H2ZPS8_IPR045860_1_16-109,none,monomer,genus:Ciona,72-95
K1R0Z7_IPR045860_2_12-104,none,multimer,family:Ostreidae,72-95
Q0GAF0_IPR045860_1_20-84,none,monomer,genus:Plethodon,50-72
Q0GAI8_IPR045860_1_20-83,none,monomer,genus:Plethodon,50-72
Q91595_IPR045860_1_26-105,none,monomer,genus:Xenopus,72-95
S4RP23_IPR045860_1_1-76,none,monomer,genus:Petromyzon,72-95
T1FUH1_IPR045860_1_33-114,none,monomer,genus:Helobdella,72-95
T1KC41_IPR045860_1_28-129,none,monomer,genus:Tetranychus,95-117
U5EVV7_IPR045860_1_2-106,none,monomer,order:Diptera,95-117
W8B4V7_IPR045860_1_35-84,none,monomer,genus:Ceratitis,50-72
Centipede3FTx_0046_60158,manually_annotated,monomer,class:Chilopoda,117-140
Centipede3FTx_0110_984703,manually_annotated,monomer,class:Chilopoda,117-140
Centipede3FTx_0142_1255758,manually_annotated,monomer,class:Chilopoda,95-117
A0A098LYI1_IPR003571_1_23-84,3FTx,monomer,genus:Pantherophis,50-72
A0A898IPK7_IPR045860_1_12-78,3FTx,monomer,genus:Calliophis,50-72
A0A8J9ZFT3_IPR045860_1_295-379,none,monomer,genus:Branchiostoma,72-95
A0AAW1BM52_IPR045860_1_17-85,none,monomer,genus:Crotalus,50-72
D5J9Q3_IPR045860_1_13-101,none,monomer,genus:Bungarus,72-95
H8PG67_IPR045860_1_14-94,none,monomer,genus:Suta,72-95
P01424_IPR045860_1_1-61,mixture,monomer,family:Elapidae,50-72
P24778_IPR003571_1_1-62,none,monomer,genus:Hemachatus,50-72
R4G7E7_IPR045860_1_13-89,mixture,monomer,family:Elapidae,72-95
A0A1L8G093_IPR045860_1_12-100,mixture,monomer,genus:Xenopus,72-95
A0A286XY40_IPR016054_1_20-106,Ly6,monomer,genus:Cavia,72-95
A0A3B4ACZ3_IPR016054_1_110-190,Ly6,multimer,genus:Periophthalmus,72-95
A0A3M7Q6P4_IPR045860_1_18-95,none,monomer,genus:Brachionus,72-95
A0A3Q1F0P7_IPR045860_2_109-185,Ly6,multimer,genus:Acanthochromis,72-95
A0A3Q3MMR7_IPR045860_1_11-87,none,monomer,genus:Mastacembelus,72-95
A0A4X2LGS7_IPR016054_1_22-113,Ly6,monomer,genus:Vombatus,72-95
A0A6A5F0Q3_IPR045860_2_6-77,Ly6,multimer,genus:Perca,50-72
A0A6J8DL90_IPR045860_2_355-433,none,multimer,genus:Mytilus,72-95
A0A7R9QP74_IPR045860_1_4-71,none,monomer,genus:Oppiella,50-72
A0A813ZH07_IPR035076_1_21-90,none,monomer,genus:Brachionus,50-72
A0A8B7SIW8_IPR045860_1_18-94,none,monomer,genus:Hipposideros,72-95
A0A8B8ANM6_IPR045860_1_22-100,none,monomer,genus:Crassostrea,72-95
A0A8B8VQA1_IPR045860_1_43-128,none,monomer,genus:Balaenoptera,72-95
A0A8C2TFR3_IPR016054_1_21-85,Ly6,multimer,genus:Coturnix,50-72
A0A8C4TDL5_IPR016054_2_196-287,Ly6,multimer,genus:Erpetoichthys,72-95
A0A8C5I705_IPR045860_1_17-93,none,monomer,genus:Gouania,72-95
A0A8C5YDR3_IPR045860_1_18-67,none,monomer,order:Primates,50-72
A0A8D0BMH6_IPR016054_1_29-118,Ly6,monomer,genus:Salvator,72-95
A0A8D2LS62_IPR045860_1_25-97,none,monomer,genus:Varanus,72-95
A0A8J1JT28_IPR016054_1_40-119,Ly6,monomer,genus:Xenopus,72-95
A0A8R1Y956_IPR045860_1_11-86,none,monomer,family:Onchocercidae,50-72
A0A8T2ICY2_IPR045860_1_11-89,none,monomer,genus:Hymenochirus,72-95
A0A9D3Y581_IPR045860_1_42-133,none,monomer,genus:Dreissena,72-95
A0A9J7Y9D4_IPR016054_1_113-185,Ly6,multimer,genus:Cyprinus,72-95
A0AA88PF95_IPR045860_1_144-217,none,mixture,family:Cyprinidae,72-95
A0AAD7RMK5_IPR016054_1_21-112,Ly6,monomer,genus:Aldrovandia,72-95
A0AAE0UVD3_IPR016054_1_41-119,Ly6,mixture,order:Siluriformes,72-95
A0AAN9D7I7_IPR045860_1_24-99,none,monomer,order:Cypriniformes,72-95
A0AAV3AIW7_IPR016054_1_21-107,Ly6,monomer,genus:Pyxicephalus,72-95
A0AAV7V3C6_IPR045860_1_12-88,none,monomer,genus:Pleurodeles,72-95
A0AAX7VH71_IPR016054_2_117-200,Ly6,multimer,family:Cichlidae,72-95
A0ABD0X2L1_IPR045860_1_13-81,none,monomer,genus:Umbra,50-72
H9G4V9_IPR016054_1_20-107,Ly6,monomer,genus:Anolis,72-95
W5MM03_IPR016054_1_21-111,Ly6,monomer,genus:Lepisosteus,72-95
A0A9J7HAX0_IPR038773_1_34-166,none,monomer,genus:Cricetulus,117-140
A0A096N992_IPR045860_1_27-108,Ly6,multimer,family:Cercopithecidae,72-95
A0A0A0QTG4_IPR045860_2_81-156,Ly6,multimer,family:Salamandridae,72-95
A0A0B2W4U8_IPR016054_1_131-222,Ly6,monomer,genus:Toxocara,72-95
A0A0H4A7G2_IPR016054_1_96-150,Ly6,multimer,genus:Desmognathus,50-72
A0A151M3S7_IPR016054_1_52-140,Ly6,multimer,genus:Alligator,72-95
A0A151MW29_IPR045860_3_115-198,Ly6,multimer,genus:Alligator,72-95
A0A1S3FXP6_IPR051445_1_3-127,Ly6,monomer,genus:Dipodomys,117-140
A0A2D0SM67_IPR045860_1_112-208,Ly6,multimer,genus:Ictalurus,95-117
A0A2U3Z099_IPR016054_1_24-107,none,monomer,order:Carnivora,72-95
A0A384BH19_IPR016054_1_11-105,Ly6,monomer,order:Carnivora,72-95
A0A3N0Y080_IPR016054_1_20-107,none,multimer,genus:Anabarilius,72-95
A0A3Q0HP24_IPR045860_2_116-199,mixture,multimer,genus:Alligator,72-95
A0A3Q1II71_IPR016054_1_18-109,Ly6,multimer,genus:Anabas,72-95
A0A3Q4BL76_IPR016054_1_95-180,Ly6,multimer,genus:Mola,72-95
A0A401P296_IPR016054_1_106-198,Ly6,monomer,genus:Scyliorhinus,72-95
A0A452QF26_IPR045860_2_128-213,Ly6,mixture,class:Mammalia,72-95
A0A4W3H6I8_IPR016054_1_20-110,Ly6,monomer,genus:Callorhinchus,72-95
A0A665T9D6_IPR016054_2_18-106,Ly6,multimer,genus:Echeneis,72-95
A0A670J7U8_IPR016054_2_105-202,Ly6,multimer,genus:Podarcis,95-117
A0A673AYQ7_IPR016054_2_100-175,mixture,multimer,genus:Sphaeramia,72-95
A0A6G0IBR6_IPR016054_1_732-816,none,multimer,genus:Larimichthys,72-95
A0A6G1PJJ6_IPR016054_2_20-112,Ly6,multimer,genus:Channa,72-95
A0A6I8SRP0_IPR045860_1_19-102,Ly6,multimer,genus:Xenopus,72-95
A0A6I9NSJ4_IPR045860_1_16-101,mixture,mixture,order:Perciformes,72-95
A0A6J0SJX2_IPR045860_1_27-115,Ly6,multimer,genus:Pogona,72-95
A0A6J2BHG1_IPR051445_1_1-137,Ly6,monomer,order:Carnivora,117-140
A0A6J2LXA7_IPR016054_1_25-108,none,monomer,family:Phyllostomidae,72-95
A0A6P6DCF1_IPR016054_1_21-99,Ly6,monomer,genus:Octodon,72-95
A0A6P7XUF0_IPR016054_1_27-108,none,monomer,genus:Microcaecilia,72-95
A0A6P7YWK0_IPR016054_1_160-254,Ly6,multimer,order:Gymnophiona,95-117
A0A6P8HK20_IPR045860_5_818-904,none,mixture,genus:Actinia,72-95
A0A6P8SVU2_IPR016054_2_31-128,Ly6,multimer,order:Gymnophiona,95-117
A0A6P9C1U9_IPR045860_1_18-104,mixture,monomer,order:Squamata,72-95
A0A7J6DEY9_IPR045860_2_17-79,none,multimer,genus:Onychostoma,50-72
A0A7J7IZG7_IPR045860_1_19-106,Ly6,monomer,genus:Bugula,72-95
A0A7J8BBB4_IPR016054_1_29-124,Ly6,monomer,genus:Molossus,95-117
A0A7K4YD48_IPR045860_1_1-85,none,multimer,genus:Bucorvus,72-95
A0A814MU32_IPR045860_1_19-99,Ly6,monomer,genus:Brachionus,72-95
A0A8B6F514_IPR045860_1_60-144,Ly6,monomer,genus:Mytilus,72-95
A0A8B7ARK2_IPR016054_1_23-104,Ly6,monomer,genus:Orycteropus,72-95
A0A8B8AEH5_IPR045860_2_221-311,Ly6,mixture,family:Ostreidae,72-95
A0A8C0AAB9_IPR016054_2_228-307,none,multimer,genus:Bos,72-95
A0A8C0JGY3_IPR016054_1_20-108,Ly6,multimer,family:Canidae,72-95
A0A8C0VVZ0_IPR051445_1_1-134,Ly6,monomer,genus:Castor,117-140
A0A8C5FQ50_IPR045860_1_31-116,Ly6,monomer,genus:Gadus,72-95
A0A8C5QTW8_IPR045860_1_19-104,SPF,multimer,genus:Leptobrachium,72-95
A0A8C5RLR7_IPR045860_2_21-115,mixture,multimer,order:Squamata,72-95
A0A8C5WEH6_IPR045860_1_354-449,none,multimer,genus:Leptobrachium,95-117
A0A8C6CAQ1_IPR016054_1_21-96,mostly_Ly6,monomer,class:Mammalia,72-95
A0A8C6MT72_IPR016054_1_19-93,Ly6,monomer,genus:Mus,72-95
A0A8C9K178_IPR045860_3_114-166,mixture,multimer,class:Mammalia,50-72
A0A8C9PH59_IPR016054_1_118-198,Ly6,multimer,family:Sciuridae,72-95
A0A8C9WIV1_IPR045860_2_1-61,Ly6,multimer,genus:Scleropages,50-72
A0A8J1ITZ9_IPR045860_1_20-103,Ly6,monomer,genus:Xenopus,72-95
A0A8J1L8T1_IPR045860_1_204-293,Ly6,multimer,genus:Xenopus,72-95
A0A8J2HR07_IPR045860_1_17-101,Ly6,monomer,genus:Cotesia,72-95
A0A8J5ZMD6_IPR045860_1_25-100,Ly6,multimer,genus:Galemys,72-95
A0A8S4AL46_IPR045860_1_17-105,Ly6,monomer,class:Actinopteri,72-95
A0A8T2NYT0_IPR045860_1_10-95,mixture,monomer,class:Actinopteri,72-95
A0A974CH93_IPR045860_1_114-204,Ly6,multimer,genus:Xenopus,72-95
A0A9D2XSK4_IPR016054_1_19-112,Ly6,multimer,genus:Nothobranchius,72-95
A0A9D3S5R8_IPR045860_1_18-107,Ly6,monomer,genus:Anguilla,72-95
A0A9F2RDZ6_IPR045860_1_56-142,Ly6,monomer,genus:Python,72-95
A0A9L0J949_IPR016054_1_20-98,Ly6,monomer,genus:Equus,72-95
A0A9Q1E5R8_IPR045860_2_20-79,Ly6,multimer,genus:Synaphobranchus,50-72
A0A9W8C4S7_IPR016054_2_21-120,Ly6,multimer,genus:Triplophysa,95-117
A0AA35JXN4_IPR045860_1_19-107,Ly6,monomer,genus:Podarcis,72-95
A0AA35PCS3_IPR016054_2_396-445,Ly6,multimer,genus:Podarcis,50-72
A0AA35VPH8_IPR016054_2_39-131,mixture,multimer,genus:Podarcis,72-95
A0AA97KDH6_IPR045860_1_6-96,SPF,multimer,genus:Eublepharis,72-95
A0AA97KHP2_IPR045860_2_116-205,Ly6,multimer,genus:Eublepharis,72-95
A0AAD1WMT8_IPR045860_1_113-192,Ly6,multimer,genus:Pelobates,72-95
A0AAD9QPS8_IPR045860_1_26-116,Ly6,monomer,genus:Acropora,72-95
A0AAN5I424_IPR016054_2_18-91,Ly6,multimer,genus:Pristionchus,72-95
A0AAU9W482_IPR016054_1_32-120,Ly6,monomer,family:Pocilloporidae,72-95
A0AAU9Z267_IPR016054_1_23-111,Ly6,multimer,genus:Phodopus,72-95
A0AAV1HM69_IPR045860_1_20-96,Ly6,monomer,genus:Xyrichtys,72-95
A0AAV2JCC9_IPR016054_1_22-121,Ly6,multimer,genus:Knipowitschia,95-117
A0AAV2KY76_IPR045860_2_37-122,Ly6,multimer,genus:Knipowitschia,72-95
A0AAV2ZT55_IPR045860_2_114-200,Ly6,multimer,genus:Pyxicephalus,72-95
A0AAV6Z1V1_IPR045860_2_2-90,Ly6,multimer,genus:Engystomops,72-95
A0AAV6ZHP8_IPR045860_2_136-217,Ly6,multimer,genus:Engystomops,72-95
A0AAV6ZR47_IPR045860_2_142-227,Ly6,multimer,genus:Engystomops,72-95
A0AAV7Q0J5_IPR045860_1_113-192,Ly6,multimer,genus:Pleurodeles,72-95
A0AAW0NT72_IPR045860_1_18-106,Ly6,monomer,genus:Mugilogobius,72-95
A0AAW1AWW4_IPR045860_1_9-61,Ly6,multimer,genus:Crotalus,50-72
A0AAW1ZIK2_IPR016054_2_109-195,mixture,mixture,order:Cypriniformes,72-95
A0ABD0XDU6_IPR016054_1_22-100,none,multimer,genus:Umbra,72-95
A0ABD3UZN5_IPR045860_1_23-115,none,monomer,genus:Sinanodonta,72-95
C0STK8_IPR016054_1_20-116,mixture,mixture,order:Squamata,95-117
H9G8Z7_IPR045860_1_19-106,none,monomer,genus:Anolis,72-95
K7GBS4_IPR045860_1_114-199,none,multimer,genus:Pelodiscus,72-95
M7CD91_IPR045860_1_34-116,Ly6,monomer,genus:Chelonia,72-95
W5LVP5_IPR045860_1_3-53,Ly6,multimer,genus:Lepisosteus,50-72
A0A6J1Z9J8_IPR026524_1_1-220,none,monomer,class:Mammalia,207-230
A0A9D3XQ10_IPR026524_1_7-108,none,monomer,order:Testudines,95-117
A0A2U9AV81_IPR039457_1_3-54,Ly6,monomer,genus:Scophthalmus,50-72
A0A7K9N120_IPR039457_1_5-131,mixture,monomer,order:Passeriformes,117-140
A0A8C2UES6_IPR039457_1_21-149,mixture,monomer,phylum:Chordata,117-140
A0A8C4VEW4_IPR039457_1_4-168,Ly6,monomer,genus:Falco,162-185
A0A8J6EH38_IPR039457_1_6-166,Ly6,monomer,order:Anura,140-162
A0AAD8DBB9_IPR039457_1_31-190,Ly6,monomer,genus:Acipenser,140-162
A0A0L0CI87_IPR031424_1_24-129,none,monomer,order:Diptera,95-117
A0A0N0PDA3_IPR031424_1_107-186,none,monomer,genus:Papilio,72-95
A0A0N5CCS6_IPR031424_1_67-161,Quiver,monomer,genus:Strongyloides,72-95
A0A0T6B7Q7_IPR031424_1_20-130,none,monomer,genus:Oryctes,95-117
A0A1B6DS46_IPR031424_1_38-133,none,monomer,genus:Clastoptera,95-117
A0A1B6HLW2_IPR045860_1_40-135,none,monomer,family:Cicadellidae,95-117
A0A1D1W025_IPR031424_1_68-151,none,monomer,genus:Ramazzottius,72-95
A0A1I8GAM6_IPR031424_1_34-121,Quiver,monomer,genus:Macrostomum,72-95
A0A1L8D9K6_IPR031424_1_22-136,none,monomer,genus:Nyssomyia,95-117
A0A1S4E9G1_IPR031424_1_29-120,none,monomer,genus:Diaphorina,72-95
A0A1W0WA90_IPR031424_1_24-134,none,monomer,genus:Hypsibius,95-117
A0A1Y1LKZ3_IPR031424_1_38-138,none,monomer,genus:Photinus,95-117
A0A2J7QW78_IPR031424_1_7-121,none,monomer,genus:Cryptotermes,95-117
A0A336LKM9_IPR031424_1_20-133,mixture,monomer,order:Diptera,95-117
A0A419PX75_IPR031424_1_29-117,Quiver,monomer,family:Opisthorchiidae,72-95
A0A482V9S1_IPR045860_1_6-93,none,monomer,genus:Asbolus,72-95
A0A5N4A3H5_IPR031424_1_20-111,none,monomer,genus:Photinus,72-95
A0A6A4WZS7_IPR031424_1_18-105,Quiver,monomer,genus:Amphibalanus,72-95
A0A6P7FNP9_IPR031424_1_20-106,none,monomer,genus:Diabrotica,72-95
A0A6P7U2E1_IPR045860_1_27-119,none,monomer,genus:Octopus,72-95
A0A7I8VQ37_IPR031424_1_163-256,none,monomer,genus:Dimorphilus,72-95
A0A7J7K703_IPR031424_1_20-92,none,monomer,genus:Bugula,72-95
A0A814F737_IPR031424_1_21-110,mixture,monomer,genus:Adineta,72-95
A0A8B7YKX8_IPR031424_1_21-134,Quiver,monomer,genus:Acanthaster,95-117
A0A8J2KZS4_IPR031424_1_216-319,none,monomer,genus:Allacma,95-117
A0A8J6HAG2_IPR031424_1_268-342,mixture,multimer,genus:Tenebrio,72-95
A0A8K0CWF8_IPR031424_1_25-104,none,monomer,genus:Ignelater,72-95
A0A8S1DD50_IPR031424_1_20-111,none,monomer,genus:Cloeon,72-95
A0A8S3Z6E9_IPR031424_1_23-106,Quiver,monomer,genus:Candidula,72-95
A0A8S4PUX0_IPR031424_1_186-266,none,multimer,genus:Owenia,72-95
A0A8T0D7S6_IPR045860_1_28-126,mixture,monomer,class:Trematoda,95-117
A0A914HEV0_IPR031424_1_30-135,none,monomer,order:Rhabditida,95-117
A0A9D3Z285_IPR031424_1_25-99,none,monomer,genus:Dreissena,72-95
A0A9D4KMH9_IPR031424_1_28-112,Quiver,monomer,genus:Dreissena,72-95
A0A9J2Q478_IPR031424_1_17-127,Quiver,monomer,order:Rhabditida,95-117
A0A9J6CTH8_IPR031424_1_3-72,none,monomer,genus:Rhipicephalus,50-72
A0A9P0NYC0_IPR031424_1_19-114,none,monomer,family:Chrysomelidae,95-117
A0A9P1IYJ0_IPR031424_1_8-129,mixture,monomer,order:Rhabditida,117-140
A0A9Q0MQ15_IPR031424_1_26-124,none,monomer,genus:Pseudolycoriella,95-117
A0A9X6NF42_IPR031424_2_139-238,Ly6,multimer,genus:Hypsibius,95-117
A0AAD8AAW8_IPR031424_1_3-89,none,monomer,genus:Diploptera,72-95
A0AAD9JAZ3_IPR031424_1_30-107,Quiver,monomer,genus:Paralvinella,72-95
A0AAE1LKA7_IPR031424_1_37-129,none,monomer,genus:Frankliniella,72-95
A0AAJ6VZY4_IPR031424_1_28-113,none,monomer,order:Mesostigmata,72-95
A0AAN8GDG9_IPR045860_1_31-112,none,monomer,genus:Patella,72-95
A0AAN9Z1D4_IPR031424_1_29-150,Quiver,monomer,genus:Gryllus,117-140
A0AAV2QXI5_IPR031424_1_52-162,none,monomer,genus:Meganyctiphanes,95-117
A0AAV4EI06_IPR045860_1_177-267,none,monomer,genus:Elysia,72-95
A0AAV8Y2N2_IPR031424_1_161-278,Quiver,monomer,genus:Aromia,117-140
A0AAW1KEE7_IPR031424_2_26-125,none,mixture,family:Scarabaeidae,95-117
A0AAW1UZR3_IPR031424_1_21-125,none,monomer,genus:Henosepilachna,95-117
A0ABD2NGH2_IPR031424_1_26-124,none,monomer,family:Coccinellidae,95-117
A9XG03_IPR045860_1_24-105,none,monomer,genus:Protaetia,72-95
T1KTI3_IPR031424_1_24-124,none,monomer,genus:Tetranychus,95-117
V4ASK0_IPR045860_1_18-115,none,monomer,genus:Lottia,95-117
W6UG94_IPR031424_1_24-92,none,monomer,order:Cyclophyllidea,50-72
A0A016W9E7_IPR045860_1_118-182,none,monomer,genus:Ancylostoma,50-72
A0A060XUZ0_IPR045860_1_22-78,Ly6,monomer,genus:Oncorhynchus,50-72
A0A068X2C6_IPR045860_1_1-74,none,monomer,genus:Echinococcus,72-95
A0A0A0QVS3_IPR045860_2_1-64,mixture,multimer,genus:Cynops,50-72
A0A0B2V788_IPR045860_1_40-119,none,monomer,genus:Toxocara,72-95
A0A0N4XIZ6_IPR045860_1_20-93,none,monomer,genus:Nippostrongylus,72-95
A0A0N5CAG2_IPR045860_1_22-100,mixture,monomer,genus:Strongyloides,72-95
A0A0R3Q974_IPR045860_1_4-82,mixture,monomer,order:Rhabditida,72-95
A0A139WKZ1_IPR045860_1_19-105,Quiver,monomer,genus:Tribolium,72-95
A0A177AWV0_IPR045860_1_4-102,none,monomer,genus:Intoshia,95-117
A0A1D5R7R0_IPR045860_1_46-97,none,monomer,family:Cercopithecidae,50-72
A0A1I7Z4P0_IPR045860_1_20-117,none,monomer,genus:Steinernema,95-117
A0A1I8N452_IPR045860_1_34-106,none,monomer,genus:Musca,72-95
A0A1J1IMZ0_IPR045860_1_172-248,none,monomer,genus:Clunio,72-95
A0A1W4W8K5_IPR045860_1_11-118,none,monomer,genus:Agrilus,95-117
A0A261A643_IPR045860_1_109-183,none,monomer,genus:Caenorhabditis,72-95
A0A2A6D2V4_IPR045860_1_63-153,none,monomer,genus:Pristionchus,72-95
A0A2G8KDJ3_IPR045860_1_1-83,none,monomer,genus:Apostichopus,72-95
A0A2I4B5E0_IPR045860_1_32-109,none,monomer,genus:Austrofundulus,72-95
A0A2I7YUI7_IPR045860_1_1-99,none,monomer,genus:Capitella,95-117
A0A2P2I380_IPR045860_1_20-123,none,monomer,genus:Hirondellea,95-117
A0A369SCZ2_IPR045860_1_29-138,none,monomer,genus:Trichoplax,95-117
A0A3B3QVR3_IPR045860_1_19-88,none,monomer,genus:Paramormyrops,50-72
A0A3B3S1M7_IPR045860_1_27-102,mixture,monomer,class:Actinopteri,72-95
A0A3M6UXM4_IPR045860_1_21-102,mixture,monomer,order:Scleractinia,72-95
A0A3P8W2L9_IPR045860_1_20-92,Ly6,monomer,class:Actinopteri,72-95
A0A3Q0IVC8_IPR045860_2_22-104,none,multimer,genus:Diaphorina,72-95
A0A3Q3BJV2_IPR045860_1_24-90,none,monomer,genus:Kryptolebias,50-72
A0A482WBR7_IPR045860_1_20-94,none,monomer,genus:Asbolus,72-95
A0A4D9DQ93_IPR045860_1_5-88,none,monomer,genus:Platysternon,72-95
A0A4U5PGY4_IPR045860_1_17-87,none,monomer,genus:Steinernema,50-72
A0A4U5VJE8_IPR045860_1_21-98,none,monomer,genus:Collichthys,72-95
A0A4W6C3G5_IPR045860_1_20-81,Ly6,monomer,genus:Lates,50-72
A0A4Z2CQ78_IPR045860_1_11-89,none,monomer,genus:Schistosoma,72-95
A0A553NM18_IPR045860_1_42-118,none,monomer,family:Danionidae,72-95
A0A5F9DD18_IPR045860_2_120-204,none,multimer,genus:Oryctolagus,72-95
A0A5J5DJZ8_IPR045860_1_24-98,none,monomer,genus:Etheostoma,72-95
A0A665T9F4_IPR045860_1_17-88,Ly6,monomer,genus:Echeneis,50-72
A0A6A4VVR2_IPR045860_1_89-160,none,monomer,genus:Amphibalanus,50-72
A0A6F9DKY6_IPR045860_1_17-109,none,monomer,genus:Phallusia,72-95
A0A6G0TZQ2_IPR045860_2_13-68,none,multimer,genus:Aphis,50-72
A0A6I8Q673_IPR045860_1_22-78,none,monomer,genus:Xenopus,50-72
A0A6J2WKY8_IPR045860_2_1-78,none,multimer,genus:Chanos,72-95
A0A6P4XSJ3_IPR045860_1_20-121,none,monomer,genus:Branchiostoma,95-117
A0A6P6Q4L3_IPR045860_1_28-114,none,mixture,order:Cypriniformes,72-95
A0A6P8HS08_IPR045860_1_30-136,none,monomer,genus:Actinia,95-117
A0A6P8J5F2_IPR045860_1_29-134,Ly6,monomer,genus:Actinia,95-117
A0A6P8NVL9_IPR045860_1_19-99,none,monomer,genus:Geotrypetes,72-95
A0A7J7K4I5_IPR045860_1_100-196,none,monomer,genus:Bugula,95-117
A0A7M5X657_IPR045860_1_43-96,none,monomer,genus:Clytia,50-72
A0A7M7P252_IPR045860_1_20-90,none,monomer,genus:Strongylocentrotus,50-72
A0A7R9DXP8_IPR045860_1_1-86,none,monomer,genus:Timema,72-95
A0A7R9M050_IPR045860_1_30-132,none,monomer,genus:Oppiella,95-117
A0A811K7L3_IPR045860_1_16-104,none,monomer,genus:Bursaphelenchus,72-95
A0A814KGD9_IPR045860_1_40-138,none,monomer,genus:Adineta,95-117
A0A815RKE6_IPR045860_1_585-644,none,monomer,class:Eurotatoria,50-72
A0A817TEU8_IPR045860_1_40-101,mixture,monomer,genus:Rotaria,50-72
A0A821LEG1_IPR045860_1_34-111,none,multimer,genus:Pieris,72-95
A0A834M6A4_IPR045860_1_42-118,none,monomer,genus:Rhynchophorus,72-95
A0A835CZ08_IPR045860_1_32-118,none,monomer,genus:Aphidius,72-95
A0A8B6C5F8_IPR045860_1_149-225,none,monomer,genus:Mytilus,72-95
A0A8B7PBL7_IPR045860_1_71-178,none,monomer,genus:Hyalella,95-117
A0A8C1IBP1_IPR045860_1_30-109,none,monomer,family:Cyprinidae,72-95
A0A8C3DGF5_IPR045860_1_25-161,none,monomer,phylum:Chordata,117-140
A0A8C4J9N0_IPR045860_1_5-85,none,mixture,phylum:Chordata,72-95
A0A8C4R556_IPR045860_1_44-139,none,monomer,phylum:Chordata,72-95
A0A8C4SSB6_IPR045860_1_19-84,Ly6,monomer,genus:Erpetoichthys,50-72
A0A8C6HUJ7_IPR045860_2_22-118,none,multimer,genus:Mus,95-117
A0A8C7PAH3_IPR045860_1_3-91,none,monomer,genus:Oncorhynchus,72-95
A0A8C9ZBW1_IPR045860_1_10-79,Ly6,monomer,family:Percidae,50-72
A0A8I6S2T3_IPR045860_1_55-150,none,monomer,genus:Cimex,95-117
A0A8K0D4M0_IPR045860_1_18-113,none,monomer,genus:Ignelater,95-117
A0A8K0KU45_IPR045860_1_34-95,none,monomer,genus:Ladona,50-72
A0A8R1TR87_IPR045860_1_11-90,none,monomer,genus:Onchocerca,72-95
A0A8R2GA63_IPR045860_1_34-110,none,monomer,genus:Bombyx,72-95
A0A8S1GQN7_IPR045860_1_21-103,Ly6,monomer,genus:Caenorhabditis,72-95
A0A8S4P5A6_IPR045860_1_19-117,none,monomer,genus:Owenia,95-117
A0A8S9YRI8_IPR045860_1_21-87,none,monomer,genus:Paragonimus,50-72
A0A8W8J7K0_IPR045860_1_58-144,none,monomer,family:Ostreidae,72-95
A0A913X4X6_IPR045860_2_26-114,none,multimer,genus:Exaiptasia,72-95
A0A914BUF8_IPR045860_1_6-76,none,monomer,genus:Acrobeloides,50-72
A0A914EPC2_IPR045860_1_13-105,Ly6,monomer,genus:Panagrolaimus,72-95
A0A914SDX3_IPR045860_1_23-104,none,monomer,family:Panagrolaimidae,72-95
A0A914VXV8_IPR045860_1_21-89,none,monomer,genus:Plectus,50-72
A0A979FND6_IPR045860_1_80-164,none,monomer,genus:Hyalella,72-95
A0A9C5ZIQ2_IPR045860_1_110-184,none,monomer,order:Diptera,72-95
A0A9D4CTV6_IPR045860_1_18-104,none,monomer,genus:Dreissena,72-95
A0A9D4ILH3_IPR045860_1_1-57,none,monomer,genus:Dreissena,50-72
A0A9D4RGM0_IPR045860_1_91-164,none,monomer,genus:Dreissena,72-95
A0A9J7DEP6_IPR045860_1_20-96,Quiver,monomer,genus:Musca,72-95
A0A9J8C1F9_IPR045860_2_85-159,none,multimer,genus:Cyprinus,72-95
A0A9P0AYY9_IPR045860_1_67-166,none,monomer,genus:Brassicogethes,95-117
A0A9P1HP75_IPR045860_1_19-105,mixture,monomer,order:Rhabditida,72-95
A0A9P1N768_IPR045860_1_16-98,Ly6,monomer,genus:Caenorhabditis,72-95
A0A9Q0N357_IPR045860_1_68-178,none,monomer,genus:Pseudolycoriella,95-117
A0A9W9YWP2_IPR045860_1_22-108,SPF,monomer,genus:Desmophyllum,72-95
A0A9X0A633_IPR045860_1_75-165,none,monomer,genus:Desmophyllum,72-95
A0A9X6NBZ7_IPR045860_1_61-151,mixture,monomer,order:Parachela,72-95
A0AA35PDA1_IPR045860_1_18-106,none,monomer,genus:Podarcis,72-95
A0AA36DA07_IPR045860_1_21-121,none,monomer,genus:Mesorhabditis,95-117
A0AA36HDI2_IPR045860_1_71-139,mixture,monomer,genus:Cylicocyclus,50-72
A0AA38M7S8_IPR045860_1_22-110,Quiver,monomer,genus:Zophobas,72-95
A0AA47M862_IPR045860_1_193-270,Ly6,monomer,genus:Merluccius,72-95
A0AAD7ZBP6_IPR045860_1_10-107,none,monomer,genus:Diploptera,95-117
A0AAD8YYI1_IPR045860_2_227-338,none,mixture,genus:Electrophorus,95-117
A0AAE0SMZ9_IPR045860_1_94-168,SPF,monomer,genus:Potamilus,72-95
A0AAE1PJZ6_IPR045860_1_10-90,none,monomer,genus:Petrolisthes,72-95
A0AAF3ECU4_IPR045860_1_31-92,none,monomer,genus:Mesorhabditis,50-72
A0AAF3JBN4_IPR045860_1_9-84,none,monomer,genus:Mesorhabditis,72-95
A0AAJ7E6Z9_IPR045860_1_13-94,mixture,monomer,order:Lepidoptera,72-95
A0AAN5C8D7_IPR045860_1_15-87,Ly6,monomer,genus:Pristionchus,72-95
A0AAN7VEZ5_IPR045860_1_69-171,none,monomer,family:Lampyridae,95-117
A0AAN8FPJ4_IPR045860_1_14-103,none,monomer,genus:Trichostrongylus,72-95
A0AAN8S1K3_IPR045860_1_33-130,none,monomer,genus:Polyplax,95-117
A0AAN9V7N8_IPR045860_1_39-142,none,monomer,genus:Gryllus,95-117
A0AAR5PDN1_IPR045860_1_16-120,none,monomer,genus:Dendroctonus,95-117
A0AAU9W8R8_IPR045860_1_9-97,none,monomer,genus:Pocillopora,72-95
A0AAU9X8I7_IPR045860_1_19-100,mixture,mixture,genus:Pocillopora,72-95
A0AAV1NR05_IPR045860_1_30-111,Ly6,monomer,genus:Scomber,72-95
A0AAV2R2D6_IPR045860_1_33-134,none,monomer,genus:Meganyctiphanes,95-117
A0AAV3ALA2_IPR045860_1_11-91,none,monomer,genus:Pyxicephalus,72-95
A0AAV4H6H8_IPR045860_1_166-250,none,monomer,genus:Elysia,72-95
A0AAV5TXE5_IPR045860_1_26-105,none,monomer,genus:Pristionchus,72-95
A0AAV6GIL3_IPR045860_1_31-81,Ly6,monomer,genus:Alosa,50-72
A0AAV6VIM4_IPR045860_1_31-129,none,monomer,genus:Oedothorax,95-117
A0AAV6ZGI7_IPR045860_2_18-102,Ly6,multimer,genus:Engystomops,72-95
A0AAV7A2K5_IPR045860_1_19-99,none,monomer,genus:Engystomops,72-95
A0AAV7J4A8_IPR045860_1_41-138,none,monomer,genus:Cotesia,95-117
A0AAV7X1C6_IPR045860_1_119-217,none,monomer,genus:Megalurothrips,95-117
A0AAW1UBR3_IPR045860_1_1-71,none,monomer,genus:Henosepilachna,50-72
A0AAY5EIA7_IPR045860_2_63-125,Ly6,multimer,genus:Electrophorus,50-72
A0ABD0K102_IPR045860_1_169-266,none,monomer,genus:Batillaria,95-117
A0ABD0XHH9_IPR045860_1_16-95,none,monomer,genus:Umbra,72-95
A0ABD1FC17_IPR045860_1_27-127,none,monomer,genus:Hypothenemus,95-117
A0ABD1ZW33_IPR045860_1_27-141,none,monomer,order:Hymenoptera,95-117
A0ABD2FQ37_IPR045860_1_18-107,mixture,monomer,class:Actinopteri,72-95
A0ABD3XJM0_IPR045860_1_22-105,none,multimer,family:Unionidae,72-95
A7RI35_IPR045860_1_33-130,none,monomer,genus:Nematostella,95-117
D2CFX9_IPR045860_1_21-99,none,monomer,genus:Tribolium,72-95
D6WED1_IPR045860_1_33-115,none,monomer,genus:Tribolium,72-95
E2B602_IPR045860_1_38-100,none,monomer,genus:Harpegnathos,50-72
E4WZ08_IPR045860_1_44-134,none,monomer,genus:Oikopleura,72-95
F6VLE7_IPR045860_1_21-110,none,monomer,genus:Ciona,72-95
G1EH66_IPR045860_1_73-163,none,monomer,genus:Helobdella,72-95
H2XTN9_IPR045860_1_18-111,none,monomer,genus:Ciona,72-95
H2ZQ27_IPR045860_1_224-310,none,monomer,genus:Ciona,72-95
L8Y2J0_IPR045860_1_6-91,none,monomer,genus:Tupaia,72-95
Q0GAB5_IPR045860_1_20-85,none,monomer,genus:Aneides,50-72
Q0GB76_IPR045860_1_20-83,none,monomer,genus:Plethodon,50-72
Q4RQK5_IPR045860_3_21-106,none,multimer,genus:Tetraodon,72-95
T1FZ26_IPR045860_1_2-103,Ly6,monomer,genus:Helobdella,95-117
T1KFV2_IPR045860_1_27-119,none,monomer,genus:Tetranychus,72-95
U5EYZ8_IPR045860_1_95-170,none,monomer,genus:Corethrella,72-95
Centipede3FTx_0015_1255758,manually_annotated,monomer,class:Chilopoda,140-162
Centipede3FTx_0047_60158,manually_annotated,monomer,class:Chilopoda,72-95
Centipede3FTx_0079_61981,manually_annotated,monomer,class:Chilopoda,72-95
Centipede3FTx_0111_984703,manually_annotated,monomer,class:Chilopoda,117-140
A0A8B6ZSL1_IPR042339_1_1-120,Ly6,monomer,genus:Orycteropus,117-140
A0A098LYI5_IPR045860_1_13-77,3FTx,monomer,genus:Pantherophis,50-72
P0DSM9_IPR003571_1_1-53,none,monomer,genus:Naja,50-72
Q9YGH0_IPR045860_1_12-97,none,monomer,genus:Bungarus,72-95
R4G2P2_IPR045860_1_22-83,3FTx,monomer,genus:Acanthophis,50-72
A0A0A0ABZ2_IPR016054_1_4-91,mixture,monomer,class:Aves,72-95
A0A287ALH7_IPR016054_1_30-120,Ly6,monomer,genus:Sus,72-95
A0A2I0TLL8_IPR045860_1_6-59,none,multimer,genus:Limosa,50-72
A0A3B3CHM9_IPR045860_5_201-284,Ly6,multimer,genus:Oryzias,72-95
A0A3B4ACZ3_IPR016054_2_18-109,Ly6,multimer,genus:Periophthalmus,72-95
A0A3M7Q7B1_IPR035076_1_23-89,none,monomer,genus:Brachionus,50-72
A0A3P9MIP7_IPR045860_2_3-66,Ly6,multimer,genus:Oryzias,50-72
A0A3Q3QFN8_IPR045860_1_18-105,mixture,monomer,class:Actinopteri,72-95
A0A452VLR5_IPR045860_1_21-89,none,monomer,genus:Ursus,50-72
A0A4W4GL56_IPR016054_1_109-185,Ly6,multimer,genus:Electrophorus,72-95
A0A5A9PF26_IPR045860_1_17-98,none,monomer,genus:Triplophysa,72-95
A0A5N3WGD7_IPR016054_1_21-111,mostly_Ly6,monomer,class:Mammalia,72-95
A0A6P5CUE3_IPR045860_1_8-58,none,monomer,genus:Bos,50-72
A0A6P7ZH77_IPR016054_1_21-100,Ly6,monomer,genus:Microcaecilia,72-95
A0A6P9BW18_IPR016054_1_21-110,Ly6,monomer,genus:Pantherophis,72-95
A0A7S1U4Z0_IPR045860_1_8-90,none,monomer,genus:Phaeomonas,72-95
A0A818WR27_IPR045860_1_9-78,none,monomer,genus:Adineta,50-72
A0A833ZWI5_IPR045860_1_1-58,none,monomer,genus:Phyllostomus,50-72
A0A8B6CVN5_IPR045860_2_120-199,none,multimer,genus:Mytilus,72-95
A0A8B6HGI1_IPR045860_1_59-140,none,multimer,genus:Mytilus,72-95
A0A8B7SJ08_IPR045860_1_94-160,none,monomer,genus:Hipposideros,72-95
A0A8B8BWB6_IPR045860_1_120-197,none,multimer,genus:Crassostrea,72-95
A0A8C4TDL5_IPR016054_3_535-629,Ly6,multimer,genus:Erpetoichthys,72-95
A0A8C8YEF2_IPR016054_1_18-109,Ly6,monomer,genus:Prolemur,72-95
A0A8J6BL27_IPR016054_1_21-108,Ly6,monomer,genus:Eleutherodactylus,72-95
A0A8T2IKU5_IPR016054_1_3-92,Ly6,monomer,genus:Hymenochirus,72-95
A0A9J7Y9D4_IPR016054_2_20-111,Ly6,multimer,genus:Cyprinus,72-95
A0AA88PFB2_IPR045860_1_58-130,none,monomer,genus:Cirrhinus,72-95
A0AAN8FGD8_IPR045860_1_6-82,none,monomer,order:Rhabditida,72-95
A0AAN9D9V5_IPR016054_1_37-124,Ly6,multimer,genus:Phoxinus,72-95
A0AAV3AM96_IPR045860_1_2-67,none,monomer,genus:Pyxicephalus,50-72
A0AAV6SB25_IPR016054_2_116-204,Ly6,multimer,genus:Solea,72-95
A0AAV7V3D2_IPR045860_1_18-71,none,monomer,genus:Pleurodeles,50-72
A0ABD0XCN8_IPR016054_1_113-195,none,multimer,genus:Umbra,72-95
F6KMI0_IPR016054_1_19-108,Ly6,multimer,order:Perciformes,72-95
H9G4X2_IPR045860_1_14-65,none,monomer,genus:Anolis,50-72
M7B3E5_IPR045860_1_1-65,none,monomer,genus:Chelonia,50-72
W5NT65_IPR045860_1_89-168,none,mixture,order:Artiodactyla,72-95
A0A9L0JBW9_IPR038773_1_1-196,mixture,monomer,class:Mammalia,185-207
L5LBY0_IPR038773_1_1-205,mixture,monomer,class:Mammalia,185-207
A0A0B5GR32_IPR045860_1_18-106,mixture,mixture,family:Salamandridae,72-95
A0A0H4A7G2_IPR016054_2_1-95,Ly6,mixture,genus:Desmognathus,72-95
A0A0P6G0R2_IPR016054_1_159-246,Ly6,monomer,genus:Daphnia,72-95
A0A125S9K9_IPR045860_2_118-201,Ly6,multimer,genus:Ambystoma,72-95
A0A1B8XXX5_IPR045860_2_113-201,Ly6,multimer,genus:Xenopus,72-95
A0A1S3FXR1_IPR051445_1_12-106,Ly6,monomer,genus:Dipodomys,72-95
A0A2D0SM67_IPR045860_2_22-103,Ly6,multimer,genus:Ictalurus,72-95
A0A2K5Y297_IPR016054_1_324-395,mostly_Ly6,mixture,order:Primates,72-95
A0A2K6S4R5_IPR016054_1_28-123,Ly6,monomer,order:Primates,95-117
A0A384BW70_IPR016054_1_4-82,Ly6,monomer,order:Carnivora,72-95
A0A3B4D1S8_IPR045860_1_17-101,Ly6,multimer,genus:Pygocentrus,72-95
A0A3N0Y080_IPR016054_2_111-188,none,multimer,genus:Anabarilius,72-95
A0A3Q2G7W4_IPR045860_1_10-83,Ly6,monomer,genus:Cyprinodon,72-95
A0A3Q4BL76_IPR045860_2_19-87,Ly6,multimer,genus:Mola,50-72
A0A401PDV3_IPR016054_1_21-113,none,monomer,genus:Scyliorhinus,72-95
A0A4D9DY37_IPR045860_1_78-152,mixture,mixture,order:Testudines,72-95
A0A4W3HN09_IPR045860_1_42-123,mixture,monomer,genus:Callorhinchus,72-95
A0A513ZV79_IPR045860_1_19-106,Ly6,multimer,genus:Hyloscirtus,72-95
A0A5A9P9K2_IPR045860_1_17-91,Ly6,monomer,genus:Triplophysa,72-95
A0A5N5LWV6_IPR045860_2_48-136,Ly6,multimer,order:Siluriformes,72-95
A0A672HX47_IPR016054_2_18-107,Ly6,multimer,genus:Salarias,72-95
A0A674J133_IPR045860_2_202-284,Ly6,multimer,genus:Terrapene,72-95
A0A6G0IBR6_IPR016054_2_491-583,none,multimer,genus:Larimichthys,72-95
A0A6I9LWR2_IPR051445_1_1-139,Ly6,monomer,genus:Peromyscus,117-140
A0A6J0SJX2_IPR045860_2_122-204,Ly6,mixture,genus:Pogona,72-95
A0A6J0VH44_IPR016054_1_50-128,Ly6,monomer,genus:Pogona,72-95
A0A6J3FZJ0_IPR051445_1_1-139,Ly6,monomer,genus:Sapajus,117-140
A0A6P3F9L4_IPR016054_1_49-125,Ly6,monomer,genus:Octodon,72-95
A0A6P5QGE6_IPR045860_1_22-98,Ly6,monomer,genus:Mus,72-95
A0A6P8SW34_IPR045860_1_115-196,Ly6,multimer,genus:Geotrypetes,72-95
A0A7J7JX39_IPR045860_1_15-109,Ly6,monomer,genus:Bugula,72-95
A0A818NX77_IPR016054_1_14-93,mixture,mixture,genus:Rotaria,72-95
A0A8B6F8Z1_IPR016054_1_205-284,mixture,multimer,genus:Mytilus,72-95
A0A8B7B2D0_IPR051445_1_5-122,Ly6,monomer,genus:Orycteropus,117-140
A0A8C5QTW8_IPR045860_2_114-197,SPF,multimer,genus:Leptobrachium,72-95
A0A8C6W3H2_IPR051445_1_11-137,Ly6,monomer,genus:Nannospalax,117-140
A0A8C8TDW9_IPR045860_1_22-98,Ly6,monomer,genus:Peromyscus,72-95
A0A8C9DE73_IPR045860_1_37-114,Ly6,mixture,order:Primates,72-95
A0A8C9PH59_IPR016054_2_20-113,mixture,multimer,family:Sciuridae,72-95
A0A8D2E0S6_IPR045860_2_79-156,Ly6,mixture,order:Rodentia,72-95
A0A8J1JZ58_IPR045860_2_89-178,Ly6,multimer,genus:Xenopus,72-95
A0A8J1L8T1_IPR045860_2_110-195,Ly6,multimer,genus:Xenopus,72-95
A0A8J5ZMD6_IPR045860_2_111-189,Ly6,multimer,genus:Galemys,72-95
A0A8J6E8P1_IPR016054_1_2-97,Ly6,multimer,genus:Eleutherodactylus,95-117
A0A8T1RZ21_IPR045860_1_70-138,Ly6,monomer,genus:Chelydra,50-72
A0A8W8J297_IPR045860_2_54-139,mixture,mixture,genus:Magallana,72-95
A0A974CH93_IPR045860_2_20-105,Ly6,multimer,genus:Xenopus,72-95
A0A974H012_IPR045860_1_3-97,mixture,mixture,genus:Xenopus,72-95
A0A9B0SUG4_IPR016054_1_78-170,Ly6,monomer,genus:Chrysochloris,72-95
A0A9D4B4C9_IPR045860_1_28-84,Ly6,multimer,genus:Mauremys,50-72
A0A9F7RBF4_IPR045860_4_145-219,Ly6,multimer,genus:Ictalurus,72-95
A0A9Q0ITH3_IPR045860_1_18-97,Ly6,multimer,genus:Muraenolepis,72-95
A0A9Q0YG57_IPR016054_1_228-322,none,multimer,genus:Holothuria,72-95
A0A9W3EEA4_IPR016054_3_380-454,Ly6,multimer,genus:Camelus,72-95
A0A9X9LR61_IPR051445_1_18-78,Ly6,monomer,genus:Gulo,50-72
A0AA35JZF1_IPR045860_1_27-112,Ly6,monomer,genus:Podarcis,72-95
A0AA35KNY3_IPR045860_3_234-311,Ly6,multimer,genus:Podarcis,72-95
A0AA35KXC5_IPR045860_2_381-467,none,multimer,genus:Podarcis,72-95
A0AA88MCE0_IPR016054_2_17-110,Ly6,multimer,genus:Channa,72-95
A0AA97KDH6_IPR045860_2_103-185,SPF,multimer,genus:Eublepharis,72-95
A0AA97KID8_IPR045860_1_17-103,none,multimer,genus:Eublepharis,72-95
A0AAD1SYY8_IPR045860_1_20-102,Ly6,monomer,genus:Pelobates,72-95
A0AAD1WMT8_IPR045860_2_19-105,Ly6,multimer,genus:Pelobates,72-95
A0AAD7R157_IPR016054_1_3-58,Ly6,monomer,genus:Aldrovandia,50-72
A0AAD9R4B9_IPR016054_1_30-129,Ly6,monomer,genus:Acropora,95-117
A0AAU9W4D0_IPR045860_1_379-455,none,mixture,family:Pocilloporidae,72-95
A0AAV2L0I9_IPR045860_1_129-213,mixture,multimer,genus:Knipowitschia,72-95
A0AAV6ZHU2_IPR045860_1_75-158,Ly6,multimer,genus:Engystomops,72-95
A0AAV6ZR91_IPR045860_1_34-119,Ly6,multimer,genus:Engystomops,72-95
A0AAV7PWP4_IPR045860_2_114-166,Ly6,multimer,genus:Pleurodeles,50-72
A0AAV7Q0J5_IPR045860_2_19-104,Ly6,multimer,genus:Pleurodeles,72-95
A0AAV9S211_IPR045860_1_18-104,mixture,monomer,class:Actinopteri,72-95
A0AAW0NUY5_IPR045860_1_10-97,Ly6,monomer,genus:Mugilogobius,72-95
A0AAW1AWW4_IPR045860_2_70-162,Ly6,multimer,order:Squamata,72-95
A0ABD0XDU6_IPR016054_2_124-208,none,multimer,genus:Umbra,72-95
M7CM05_IPR045860_1_113-196,Ly6,multimer,order:Testudines,72-95
Q8R0H4_IPR016054_2_118-201,Ly6,multimer,family:Muridae,72-95
W5LVP5_IPR045860_2_61-141,Ly6,multimer,genus:Lepisosteus,72-95
A0A1L6ZA22_IPR026524_1_1-54,none,monomer,genus:Sus,50-72
A0A8C6VKX5_IPR026524_1_26-317,none,monomer,order:Squamata,275-297
A0A068WWP5_IPR045860_1_20-106,mixture,monomer,order:Cyclophyllidea,72-95
A0A085NLC9_IPR031424_1_31-125,mixture,monomer,genus:Trichuris,95-117
A0A0L7KP16_IPR031424_1_3-98,none,monomer,genus:Operophtera,95-117
A0A0M3IGK4_IPR031424_1_34-178,Quiver,monomer,order:Rhabditida,140-162
A0A182M2P2_IPR031424_1_16-143,mixture,monomer,order:Diptera,95-117
A0A1D1W0Z2_IPR045860_1_21-110,Ly6,monomer,genus:Ramazzottius,72-95
A0A1I8MLT8_IPR031424_1_23-127,none,monomer,genus:Musca,95-117
A0A1I8Q2C7_IPR031424_1_23-120,none,monomer,genus:Stomoxys,95-117
A0A1W0WCG3_IPR031424_1_26-151,none,monomer,genus:Hypsibius,117-140
A0A238BHY5_IPR031424_1_9-133,Ly6,monomer,family:Onchocercidae,117-140
A0A267GQ95_IPR031424_1_24-117,mixture,monomer,genus:Macrostomum,72-95
A0A2J7RCP2_IPR031424_1_20-94,mixture,monomer,class:Insecta,72-95
A0A419QDL7_IPR031424_1_49-135,Quiver,monomer,genus:Clonorchis,72-95
A0A553PQ88_IPR031424_1_65-138,none,monomer,genus:Tigriopus,72-95
A0A6A4XAD5_IPR031424_1_30-129,none,monomer,genus:Amphibalanus,95-117
A0A6G0UMD7_IPR031424_1_250-389,Quiver,monomer,genus:Halicephalobus,117-140
A0A6I9WKQ8_IPR045860_1_22-103,none,monomer,genus:Pogonomyrmex,72-95
A0A6J2YVY0_IPR031424_1_43-144,none,monomer,genus:Sitophilus,95-117
A0A6P7FR34_IPR031424_1_26-121,none,monomer,family:Chrysomelidae,95-117
A0A6P8Z4W4_IPR031424_1_24-152,none,monomer,family:Thripidae,117-140
A0A7I8VR99_IPR045860_1_29-124,mixture,monomer,class:Polychaeta,72-95
A0A7J7K771_IPR045860_1_66-146,none,monomer,genus:Bugula,72-95
A0A7R8YRT0_IPR031424_1_50-146,none,monomer,genus:Hermetia,95-117
A0A7R9LBT7_IPR031424_1_38-132,none,monomer,order:Sarcoptiformes,95-117
A0A817T2D8_IPR031424_1_20-105,Quiver,monomer,genus:Rotaria,72-95
A0A8B7YSZ8_IPR045860_1_18-109,Quiver,monomer,genus:Acanthaster,72-95
A0A8B8GP61_IPR031424_1_24-122,mixture,monomer,family:Aphididae,95-117
A0A8D9EEC0_IPR045860_1_36-100,Quiver,monomer,genus:Cacopsylla,50-72
A0A8K0CXN2_IPR045860_1_21-117,SPF,monomer,genus:Ignelater,95-117
A0A8S3ZD21_IPR045860_1_1-90,none,monomer,genus:Candidula,72-95
A0A8S4PUX0_IPR031424_2_21-130,none,multimer,genus:Owenia,95-117
A0A8T0DF13_IPR031424_1_20-106,none,monomer,genus:Paragonimus,72-95
A0A8W8MHI3_IPR031424_1_37-121,mixture,monomer,family:Ostreidae,72-95
A0A915BBD3_IPR031424_1_20-142,none,monomer,order:Rhabditida,117-140
A0A9D3Z2J5_IPR031424_1_23-101,none,monomer,genus:Dreissena,72-95
A0A9N9XX57_IPR045860_1_22-108,none,monomer,genus:Phyllotreta,72-95
A0A9Q0MUQ9_IPR031424_1_22-152,Quiver,monomer,genus:Pseudolycoriella,117-140
A0AA89C8S7_IPR045860_1_11-95,none,monomer,genus:Pinctada,72-95
A0AAD9JJI0_IPR045860_1_24-106,none,monomer,genus:Paralvinella,72-95
A0AAE1CJN7_IPR031424_1_38-133,mixture,monomer,family:Plakobranchidae,95-117
A0AAE1LKN2_IPR031424_1_36-131,none,monomer,family:Thripidae,95-117
A0AAJ6YBD5_IPR031424_1_15-109,mixture,monomer,order:Hymenoptera,95-117
A0AAN7P4D1_IPR045860_2_101-182,none,multimer,genus:Aquatica,72-95
A0AAV2R648_IPR031424_1_21-103,none,monomer,genus:Meganyctiphanes,72-95
A0AAV4EJM8_IPR045860_1_45-132,none,monomer,genus:Elysia,72-95
A0AAV7X5U5_IPR031424_1_28-138,mixture,monomer,phylum:Arthropoda,95-117
A0AAW1KEF1_IPR031424_1_22-122,none,monomer,genus:Popillia,95-117
E2C3U4_IPR031424_1_2-121,Quiver,monomer,genus:Harpegnathos,117-140
P91371_IPR031424_1_17-109,none,monomer,genus:Caenorhabditis,72-95
R4G540_IPR031424_1_22-133,Quiver,monomer,genus:Rhodnius,95-117
T1KYL9_IPR031424_1_23-126,none,monomer,genus:Tetranychus,95-117
V4B2C6_IPR031424_1_23-104,mixture,monomer,genus:Lottia,72-95
A0A016SK76_IPR045860_1_285-359,mixture,monomer,genus:Ancylostoma,72-95
A0A091GTX4_IPR045860_1_20-98,none,monomer,genus:Buceros,72-95
A0A096M9B2_IPR045860_1_28-142,none,monomer,order:Cyprinodontiformes,95-117
A0A0A0QVT0_IPR045860_1_1-59,SPF,monomer,genus:Ichthyosaura,50-72
A0A0B1S3M7_IPR045860_1_18-91,none,monomer,genus:Oesophagostomum,72-95
A0A0B2V8N7_IPR045860_1_16-106,Ly6,monomer,genus:Toxocara,72-95
A0A0L8I6B8_IPR045860_1_1-99,none,monomer,genus:Octopus,95-117
A0A0N5CAG3_IPR045860_1_24-100,mixture,monomer,genus:Strongyloides,72-95
A0A0Q3LUN2_IPR045860_1_22-89,none,multimer,genus:Amazona,50-72
A0A0T6AVB4_IPR045860_1_69-169,none,monomer,family:Scarabaeidae,95-117
A0A139WM83_IPR045860_1_34-94,none,monomer,genus:Tribolium,50-72
A0A177B372_IPR045860_1_1-56,none,monomer,genus:Intoshia,50-72
A0A1B0CZG9_IPR045860_1_2-59,none,monomer,genus:Phlebotomus,50-72
A0A1E1VXH7_IPR045860_1_59-159,none,monomer,genus:Pectinophora,95-117
A0A1S3IY20_IPR045860_1_24-99,none,monomer,genus:Lingula,72-95
A0A1W4WCQ4_IPR045860_1_25-129,none,monomer,genus:Agrilus,95-117
A0A1Y1KUC1_IPR045860_1_24-101,none,monomer,genus:Photinus,72-95
A0A210PYT0_IPR045860_1_24-106,none,monomer,genus:Mizuhopecten,72-95
A0A232ESH9_IPR045860_1_42-137,none,monomer,genus:Trichomalopsis,95-117
A0A261AEK4_IPR045860_1_22-87,mixture,monomer,genus:Caenorhabditis,50-72
A0A261CSE2_IPR045860_1_15-99,Ly6,monomer,genus:Caenorhabditis,72-95
A0A267GJI2_IPR045860_1_8-73,Ly6,monomer,genus:Macrostomum,50-72
A0A2B4R828_IPR045860_1_21-111,Ly6,monomer,genus:Stylophora,72-95
A0A2G8KSN0_IPR045860_1_1-52,none,monomer,genus:Apostichopus,50-72
A0A2J7PWN8_IPR045860_1_21-124,none,monomer,class:Insecta,95-117
A0A369SFB3_IPR045860_1_30-118,none,monomer,genus:Trichoplax,72-95
A0A3M6V1V9_IPR045860_1_24-100,none,monomer,genus:Pocillopora,72-95
A0A3Q2P7V6_IPR045860_1_41-114,Ly6,monomer,genus:Fundulus,72-95
A0A3Q2WJ39_IPR045860_1_59-134,none,monomer,genus:Haplochromis,72-95
A0A3Q3WNA8_IPR045860_1_2-101,Ly6,monomer,genus:Mola,95-117
A0A401PWV4_IPR045860_1_1-66,Ly6,monomer,genus:Scyliorhinus,50-72
A0A430QN22_IPR045860_1_67-139,mixture,monomer,genus:Schistosoma,72-95
A0A482WBZ3_IPR045860_1_23-97,none,monomer,genus:Asbolus,72-95
A0A4D9DS38_IPR045860_1_17-97,mixture,monomer,order:Testudines,72-95
A0A4E9FTF8_IPR045860_1_5-81,Ly6,monomer,family:Onchocercidae,72-95
A0A4U5M1E1_IPR045860_1_33-149,none,monomer,genus:Steinernema,95-117
A0A4U5PH24_IPR045860_1_18-100,Ly6,monomer,genus:Steinernema,72-95
A0A4Z2CS65_IPR045860_1_109-170,none,monomer,genus:Schistosoma,50-72
A0A5B7DFQ7_IPR045860_1_1-95,none,monomer,family:Portunidae,95-117
A0A667X8J1_IPR045860_1_20-86,Ly6,monomer,genus:Myripristis,50-72
A0A672J2F4_IPR045860_1_20-76,none,monomer,genus:Salarias,50-72
A0A6A4W2T7_IPR045860_1_51-155,none,monomer,genus:Amphibalanus,95-117
A0A6A5F866_IPR045860_1_55-139,none,monomer,genus:Perca,72-95
A0A6F9AWL3_IPR045860_3_79-133,Ly6,multimer,genus:Coregonus,50-72
A0A6F9DTG3_IPR045860_1_92-184,none,monomer,genus:Phallusia,72-95
A0A6G0UEE3_IPR045860_1_20-86,Ly6,monomer,genus:Halicephalobus,50-72
A0A6H5HKP5_IPR045860_1_15-105,none,monomer,genus:Nesidiocoris,72-95
A0A6I8VDV0_IPR045860_1_69-175,none,monomer,family:Drosophilidae,95-117
A0A6P5JWC9_IPR045860_1_29-126,none,monomer,genus:Phascolarctos,95-117
A0A6P8FC76_IPR045860_1_26-104,none,monomer,genus:Clupea,72-95
A0A6P8HUV4_IPR045860_1_19-115,none,monomer,genus:Actinia,95-117
A0A6P8J5R5_IPR045860_1_21-116,none,monomer,genus:Actinia,95-117
A0A6P8NVS5_IPR045860_1_19-95,none,monomer,genus:Geotrypetes,72-95
A0A6P9AC68_IPR045860_1_23-104,none,monomer,family:Thripidae,72-95
A0A6P9DDY0_IPR045860_1_208-300,none,multimer,genus:Pantherophis,72-95
A0A7D9D6E9_IPR045860_1_52-152,none,monomer,genus:Paramuricea,95-117
A0A7E5VX94_IPR045860_1_36-140,mixture,monomer,family:Noctuidae,95-117
A0A7J7KBS3_IPR045860_1_28-117,mixture,monomer,genus:Bugula,72-95
A0A7M5X6C4_IPR045860_1_26-115,none,monomer,genus:Clytia,72-95
A0A7M7P4H1_IPR045860_1_20-108,none,monomer,genus:Strongylocentrotus,72-95
A0A7R8W3R3_IPR045860_1_82-181,none,monomer,genus:Cyprideis,95-117
A0A7R9MU88_IPR045860_1_1-80,none,monomer,genus:Oppiella,72-95
A0A803J9Z6_IPR045860_1_18-104,Ly6,multimer,genus:Xenopus,72-95
A0A811KAY1_IPR045860_1_14-122,Quiver,monomer,genus:Bursaphelenchus,95-117
A0A812A057_IPR045860_1_23-84,none,monomer,genus:Nyctereutes,50-72
A0A814T253_IPR045860_1_6-72,Ly6,monomer,genus:Adineta,50-72
A0A815SF61_IPR045860_1_19-85,none,monomer,genus:Adineta,50-72
A0A816RLQ1_IPR045860_1_5-78,none,monomer,genus:Rotaria,72-95
A0A820KKY9_IPR045860_1_159-285,none,monomer,genus:Rotaria,95-117
A0A821LEG1_IPR045860_2_139-203,none,multimer,genus:Pieris,50-72
A0A821WSJ3_IPR045860_1_379-457,none,monomer,family:Pieridae,72-95
A0A8B6FAT8_IPR045860_1_122-200,none,multimer,genus:Mytilus,72-95
A0A8B8A6C4_IPR045860_1_172-262,mixture,monomer,family:Ostreidae,72-95
A0A8B8C525_IPR045860_1_17-101,none,monomer,genus:Crassostrea,72-95
A0A8B8G6W3_IPR045860_1_24-129,none,monomer,genus:Sipha,95-117
A0A8C1Q4Y5_IPR045860_1_1-77,none,monomer,genus:Cyprinus,72-95
A0A8C1YJ43_IPR045860_1_12-112,none,monomer,phylum:Chordata,95-117
A0A8C4R6L2_IPR045860_1_33-118,none,monomer,genus:Eptatretus,72-95
A0A8C5MR88_IPR045860_1_23-95,Ly6,monomer,genus:Leptobrachium,72-95
A0A8C5Q0G1_IPR045860_1_19-105,none,monomer,genus:Leptobrachium,72-95
A0A8C8MNI2_IPR045860_1_1-64,none,monomer,phylum:Chordata,50-72
A0A8C9RI05_IPR045860_1_30-122,none,monomer,genus:Scleropages,72-95
A0A8D3AQA7_IPR045860_1_18-96,none,monomer,genus:Scophthalmus,72-95
A0A8K0P404_IPR045860_1_58-157,none,monomer,genus:Ladona,95-117
A0A8S1CF91_IPR045860_1_8-110,none,monomer,genus:Cloeon,95-117
A0A8S1GR66_IPR045860_1_43-133,Ly6,monomer,genus:Caenorhabditis,72-95
A0A8S3C3E1_IPR045860_1_20-95,none,monomer,genus:Rotaria,72-95
A0A8S4P896_IPR045860_1_17-115,none,monomer,genus:Owenia,95-117
A0A8S9YSJ8_IPR045860_1_23-91,none,monomer,genus:Paragonimus,50-72
A0A8W8KAA6_IPR045860_1_18-103,none,monomer,family:Ostreidae,72-95
A0A8X6N969_IPR045860_1_29-122,none,monomer,order:Araneae,72-95
A0A913X5E7_IPR045860_1_21-115,none,monomer,genus:Exaiptasia,72-95
A0A913YSX5_IPR045860_1_1-83,none,monomer,genus:Exaiptasia,72-95
A0A914BUG2_IPR045860_1_83-191,none,monomer,genus:Acrobeloides,95-117
A0A914IY65_IPR045860_1_181-248,none,monomer,genus:Panagrolaimus,50-72
A0A914W3Q5_IPR045860_1_16-94,none,monomer,genus:Plectus,72-95
A0A915BD84_IPR045860_1_16-100,none,monomer,genus:Parascaris,72-95
A0A9D4IMI3_IPR045860_1_301-390,none,multimer,genus:Dreissena,72-95
A0A9D4RHC0_IPR045860_1_1-50,none,monomer,genus:Dreissena,50-72
A0A9F5IUT3_IPR045860_1_36-125,mixture,mixture,genus:Python,72-95
A0A9J7DIQ4_IPR045860_1_75-183,none,monomer,family:Muscidae,95-117
A0A9N7YQM1_IPR045860_1_18-81,none,monomer,genus:Pleuronectes,50-72
A0A9N9T6H2_IPR045860_1_5-56,none,monomer,genus:Diabrotica,50-72
A0A9P0FB84_IPR045860_1_21-104,none,monomer,genus:Brassicogethes,72-95
A0A9Q0NA73_IPR045860_1_13-120,none,monomer,genus:Pseudolycoriella,95-117
A0A9W7WT82_IPR045860_1_8-63,Ly6,monomer,genus:Triplophysa,50-72
A0A9W9YWU5_IPR045860_1_179-262,none,multimer,genus:Desmophyllum,72-95
A0A9X0A688_IPR045860_1_22-121,none,monomer,genus:Desmophyllum,95-117
A0A9X6NG16_IPR045860_1_18-124,none,monomer,genus:Hypsibius,95-117
A0AA35JUI0_IPR045860_1_20-100,none,monomer,genus:Podarcis,72-95
A0AA35PDW3_IPR045860_1_17-98,none,monomer,genus:Podarcis,72-95
A0AA36HDQ3_IPR045860_1_18-94,none,monomer,genus:Cylicocyclus,72-95
A0AA47MBJ0_IPR045860_1_9-66,Ly6,mixture,genus:Merluccius,50-72
A0AA88HQG4_IPR045860_1_1-104,none,monomer,genus:Artemia,95-117
A0AA88MLU6_IPR045860_1_20-132,none,monomer,class:Actinopteri,95-117
A0AA88PUJ2_IPR045860_1_26-137,none,multimer,genus:Cirrhinus,95-117
A0AA97KCV8_IPR045860_1_33-91,none,monomer,genus:Eublepharis,50-72
A0AAD1SYF9_IPR045860_1_18-100,Ly6,monomer,genus:Pelobates,72-95
A0AAD3R8P7_IPR045860_1_17-106,Ly6,monomer,genus:Lates,72-95
A0AAD9Q6B2_IPR045860_1_25-107,Quiver,monomer,genus:Acropora,72-95
A0AAD9VJ33_IPR045860_1_39-136,mixture,monomer,class:Insecta,95-117
A0AAE0SQQ6_IPR045860_1_17-115,none,monomer,family:Unionidae,95-117
A0AAE1Q6Z9_IPR045860_1_4-71,Ly6,monomer,genus:Petrolisthes,50-72
A0AAF3EF27_IPR045860_1_17-104,none,monomer,genus:Mesorhabditis,72-95
A0AAF3JBZ4_IPR045860_1_8-108,none,monomer,genus:Mesorhabditis,95-117
A0AAJ7EGJ5_IPR045860_1_196-286,none,monomer,order:Lepidoptera,95-117
A0AAN5C8L9_IPR045860_1_42-128,none,monomer,genus:Pristionchus,72-95
A0AAN5I4R2_IPR045860_1_17-80,none,multimer,genus:Pristionchus,50-72
A0AAN7VHR4_IPR045860_1_15-112,none,monomer,genus:Pyrocoelia,95-117
A0AAN8KIA5_IPR045860_1_7-85,none,monomer,genus:Patella,72-95
A0AAN8SCR1_IPR045860_1_11-108,none,monomer,genus:Polyplax,95-117
A0AAQ6AH05_IPR045860_1_24-77,none,monomer,genus:Amphiprion,50-72
A0AAU9W8W4_IPR045860_1_24-119,mixture,monomer,family:Pocilloporidae,95-117
A0AAU9X8X5_IPR045860_1_19-103,mixture,monomer,genus:Pocillopora,72-95
A0AAV1NY63_IPR045860_1_374-449,Ly6,multimer,genus:Scomber,72-95
A0AAV4H9J9_IPR045860_1_29-127,none,monomer,genus:Elysia,95-117
A0AAV5TYN8_IPR045860_1_34-113,Ly6,monomer,genus:Pristionchus,72-95
A0AAV6GJZ1_IPR045860_1_49-112,none,monomer,genus:Alosa,50-72
A0AAV6ZH15_IPR045860_1_47-143,SPF,monomer,genus:Engystomops,95-117
A0AAV7J6Q7_IPR045860_1_25-127,none,monomer,genus:Cotesia,95-117
A0AAV7X7P9_IPR045860_1_39-137,none,monomer,family:Thripidae,95-117
A0AAW0MKU7_IPR045860_2_141-217,Ly6,multimer,genus:Mugilogobius,72-95
A0AAW0PGG7_IPR045860_1_81-165,none,multimer,genus:Mugilogobius,72-95
A0AAW1FTZ7_IPR045860_1_27-134,none,monomer,class:Actinopteri,95-117
A0ABD0K6V8_IPR045860_1_1-86,none,monomer,genus:Batillaria,72-95
A0ABD0XMV9_IPR045860_1_18-88,none,monomer,genus:Umbra,50-72
A0ABD1J074_IPR045860_1_73-183,none,monomer,genus:Coilia,95-117
A0ABD2KJF4_IPR045860_1_132-214,none,monomer,genus:Heterodera,72-95
A0ABD2X8D3_IPR045860_1_44-141,none,monomer,genus:Trichogramma,95-117
A0ABD3XJM0_IPR045860_2_116-190,none,multimer,family:Unionidae,72-95
A2BI28_IPR045860_1_15-83,none,monomer,genus:Mus,50-72
A7RKX1_IPR045860_1_22-107,none,monomer,genus:Nematostella,72-95
C3Y790_IPR045860_1_19-100,Ly6,monomer,genus:Branchiostoma,72-95
D2CKV0_IPR045860_1_21-113,none,monomer,unknown,72-95
D6WNI4_IPR045860_1_5-84,Ly6,monomer,genus:Tribolium,72-95
F6QHV8_IPR045860_1_279-377,none,monomer,genus:Ciona,95-117
G3EQ50_IPR045860_1_20-84,none,monomer,genus:Plethodon,50-72
G9D4F2_IPR045860_1_91-177,none,monomer,family:Nymphalidae,72-95
H2XU87_IPR045860_1_34-113,Ly6,monomer,genus:Ciona,72-95
H3DC81_IPR045860_1_28-107,none,monomer,genus:Tetraodon,72-95
K1RFU9_IPR045860_1_313-398,none,mixture,family:Ostreidae,72-95
Q0GAB6_IPR045860_1_19-85,none,monomer,genus:Aneides,50-72
Q0GAJ1_IPR045860_1_20-84,none,monomer,genus:Plethodon,50-72
R4QVA2_IPR045860_1_12-71,none,monomer,phylum:Chordata,50-72
T1GBA5_IPR045860_1_46-120,Ly6,monomer,genus:Megaselia,72-95
T1KL82_IPR045860_1_1-97,none,monomer,genus:Tetranychus,95-117
V8NM84_IPR045860_1_96-174,mixture,multimer,order:Squamata,72-95
Centipede3FTx_0016_60158,manually_annotated,monomer,class:Chilopoda,140-162
Centipede3FTx_0048_60158,manually_annotated,monomer,class:Chilopoda,72-95
Centipede3FTx_0080_61981,manually_annotated,monomer,class:Chilopoda,50-72
Centipede3FTx_0112_984703,manually_annotated,monomer,class:Chilopoda,117-140
Centipede3FTx_0144_984703,manually_annotated,monomer,class:Chilopoda,72-95
A0A6B0RWQ9_IPR016054_2_14-90,Ly6,multimer,genus:Bos,72-95
A0A098M253_IPR045860_1_15-81,3FTx,monomer,genus:Hypsiglena,50-72
A0A8S1E6S4_IPR003571_1_22-90,none,monomer,genus:Caenorhabditis,50-72
A7X3U7_IPR045860_1_15-87,mixture,monomer,genus:Thrasops,72-95
B2BRQ7_IPR045860_1_12-89,none,monomer,genus:Austrelaps,72-95
P0DSN0_IPR045860_1_1-58,none,monomer,genus:Naja,50-72
Q9YGH9_IPR045860_1_13-89,none,monomer,genus:Bungarus,72-95
A0AA35P0Q8_IPR039237_1_1-99,Ly6,monomer,genus:Podarcis,95-117
A0A091VWN3_IPR016054_1_4-89,mostly_Ly6,monomer,class:Aves,72-95
A0A0R4IAR1_IPR016054_1_20-106,Ly6,multimer,genus:Danio,72-95
A0A2I0TLL8_IPR045860_2_61-125,none,multimer,genus:Limosa,50-72
A0A3B4B0B5_IPR045860_1_16-91,none,monomer,genus:Periophthalmus,72-95
A0A3B5R2K0_IPR016054_1_14-106,Ly6,multimer,genus:Xiphophorus,72-95
A0A3M7QI70_IPR045860_1_21-91,none,monomer,genus:Brachionus,50-72
A0A3P8R956_IPR016054_1_109-186,mixture,multimer,family:Cichlidae,72-95
A0A3Q2WUD2_IPR016054_2_9-98,Ly6,multimer,family:Cichlidae,72-95
A0A444V7R9_IPR035076_1_94-162,none,multimer,genus:Acipenser,50-72
A0A454XXZ8_IPR045860_1_9-90,none,monomer,genus:Pristionchus,72-95
A0A5A9PFK4_IPR045860_1_17-95,none,monomer,genus:Triplophysa,72-95
A0A671XIT4_IPR016054_1_17-113,Ly6,multimer,genus:Sparus,95-117
A0A672PPE0_IPR045860_1_106-159,none,monomer,genus:Sinocyclocheilus,50-72
A0A6G1PD89_IPR045860_1_12-92,none,monomer,genus:Channa,72-95
A0A6J0V3N9_IPR045860_1_14-91,none,monomer,genus:Pogona,72-95
A0A6P5CUU0_IPR045860_1_83-146,none,monomer,genus:Bos,50-72
A0A6P7ZHU5_IPR016054_1_21-102,Ly6,monomer,genus:Microcaecilia,72-95
A0A7K7M0I9_IPR016054_1_4-94,mostly_Ly6,monomer,class:Aves,72-95
A0A7M5V2I7_IPR045860_1_20-104,none,monomer,genus:Clytia,72-95
A0A7S3LVF5_IPR045860_1_18-93,none,monomer,genus:Palpitomonas,72-95
A0A814ASR0_IPR045860_1_26-113,none,monomer,genus:Brachionus,72-95
A0A8B8BWB6_IPR045860_2_20-107,none,multimer,genus:Crassostrea,72-95
A0A8C4TDL5_IPR016054_4_364-453,Ly6,multimer,genus:Erpetoichthys,72-95
A0A8C8YFH7_IPR045860_1_15-89,none,monomer,genus:Prolemur,72-95
A0A8D0BMS3_IPR045860_1_15-96,mixture,monomer,phylum:Chordata,72-95
A0A8J6BPJ5_IPR045860_1_17-85,none,monomer,genus:Eleutherodactylus,50-72
A0A8T2IM49_IPR016054_1_21-102,Ly6,monomer,genus:Hymenochirus,72-95
A0A9R0BAF8_IPR016054_2_1-52,none,multimer,genus:Cyprinus,50-72
A0AA35KKA7_IPR045860_1_1-65,none,monomer,order:Squamata,50-72
A0AA88LV75_IPR016054_1_22-100,Ly6,monomer,genus:Tachysurus,72-95
A0AAD7T6V1_IPR045860_1_12-78,none,monomer,genus:Aldrovandia,50-72
A0AAV4HWC4_IPR045860_1_893-971,none,monomer,genus:Elysia,72-95
A0AAV6SCE9_IPR035076_1_111-189,Ly6,multimer,genus:Solea,72-95
A0AAV7V3M7_IPR045860_1_10-108,none,monomer,genus:Pleurodeles,95-117
A0AAW0NK07_IPR045860_1_19-91,none,monomer,genus:Mugilogobius,72-95
A0AAY4BXC8_IPR016054_1_64-140,Ly6,multimer,genus:Denticeps,72-95
A0ABD0XCN8_IPR045860_2_19-107,none,multimer,genus:Umbra,72-95
L5KLM7_IPR016054_1_20-103,Ly6,monomer,genus:Pteropus,72-95
A0A6P5JFZ1_IPR038773_1_2-154,Ly6,monomer,genus:Phascolarctos,140-162
A0A151M3T0_IPR045860_1_261-348,none,mixture,genus:Alligator,72-95
A0A172B232_IPR045860_2_129-196,Ly6,multimer,genus:Ichthyosaura,50-72
A0A287CZF3_IPR045860_1_41-125,Ly6,monomer,family:Sciuridae,72-95
A0A3B4D1S8_IPR045860_2_107-184,Ly6,multimer,genus:Pygocentrus,72-95
A0A3N0Y3B5_IPR016054_1_18-95,Ly6,multimer,genus:Anabarilius,72-95
A0A3Q4BL80_IPR045860_1_73-153,Ly6,mixture,genus:Mola,72-95
A0A401PSV2_IPR016054_1_2-80,Ly6,multimer,genus:Scyliorhinus,72-95
A0A4D9EG03_IPR016054_1_149-224,Ly6,monomer,order:Testudines,72-95
A0A4W3I2X1_IPR016054_1_17-100,mixture,monomer,phylum:Chordata,72-95
A0A513ZV79_IPR045860_2_114-198,Ly6,multimer,genus:Hyloscirtus,72-95
A0A5F9D6H5_IPR016054_1_19-98,Ly6,monomer,genus:Oryctolagus,72-95
A0A5N5LWW8_IPR016054_1_19-107,Ly6,multimer,genus:Pangasianodon,72-95
A0A673FMS7_IPR016054_1_103-174,mixture,mixture,family:Cyprinidae,72-95
A0A6G0IBR6_IPR016054_3_637-731,none,multimer,genus:Larimichthys,72-95
A0A6G1PKF6_IPR016054_2_20-111,Ly6,mixture,genus:Channa,72-95
A0A6I8SSY1_IPR045860_1_15-98,Ly6,monomer,genus:Xenopus,72-95
A0A6J0SKT9_IPR016054_1_250-331,Ly6,multimer,genus:Pogona,72-95
A0A6J2UT36_IPR016054_1_21-104,none,monomer,genus:Chanos,72-95
A0A6P7KK66_IPR045860_1_24-107,none,monomer,class:Actinopteri,72-95
A0A6P8HMV9_IPR016054_1_21-100,none,monomer,genus:Actinia,72-95
A0A6P8SW34_IPR045860_2_19-108,Ly6,multimer,genus:Geotrypetes,72-95
A0A6P9C3F2_IPR045860_2_17-105,Ly6,multimer,order:Squamata,72-95
A0A7J6A9G5_IPR016054_2_123-199,Ly6,mixture,order:Siluriformes,72-95
A0A7J7SCZ8_IPR045860_3_211-261,none,multimer,genus:Myotis,50-72
A0A803JLE0_IPR045860_1_18-108,Ly6,multimer,genus:Xenopus,72-95
A0A803T2Z8_IPR016054_1_180-235,Ly6,mixture,genus:Anolis,50-72
A0A818NX77_IPR016054_2_130-207,mixture,mixture,class:Eurotatoria,72-95
A0A8B6F8Z1_IPR045860_2_63-142,mixture,multimer,genus:Mytilus,72-95
A0A8B8APK7_IPR016054_2_226-320,none,multimer,family:Ostreidae,72-95
A0A8C0VXR0_IPR051445_1_2-111,Ly6,monomer,genus:Castor,95-117
A0A8C5RLT4_IPR045860_2_114-195,Ly6,mixture,family:Elapidae,72-95
A0A8C5WHC6_IPR045860_1_108-186,Ly6,multimer,genus:Leptobrachium,72-95
A0A8D1YK32_IPR016054_1_28-107,mixture,monomer,class:Mammalia,72-95
A0A8D2J9G6_IPR045860_1_113-202,none,multimer,genus:Varanus,72-95
A0A8J0QQM8_IPR045860_2_110-196,Ly6,multimer,genus:Xenopus,72-95
A0A8J1JZC7_IPR045860_1_104-177,Ly6,multimer,genus:Xenopus,72-95
A0A8J1LAE3_IPR016054_1_18-111,Ly6,mixture,genus:Xenopus,72-95
A0A8J2WER3_IPR016054_1_260-352,Ly6,monomer,genus:Daphnia,72-95
A0A8J5ZSM5_IPR016054_1_7-57,Ly6,multimer,genus:Galemys,50-72
A0A8J6E8P1_IPR016054_2_99-173,Ly6,multimer,genus:Eleutherodactylus,72-95
A0A8T1S1I7_IPR045860_1_114-183,SPF,monomer,genus:Chelydra,50-72
A0A8T2IRT7_IPR045860_2_115-195,Ly6,multimer,genus:Hymenochirus,72-95
A0A8T2PWY8_IPR045860_1_97-170,Ly6,monomer,genus:Albula,72-95
A0A913YCL5_IPR016054_1_20-105,none,monomer,genus:Exaiptasia,72-95
A0A9J7GUS1_IPR016054_1_51-147,Ly6,monomer,genus:Cricetulus,95-117
A0A9Q0ITH3_IPR045860_2_98-185,Ly6,multimer,genus:Muraenolepis,72-95
A0A9Q1E5S6_IPR045860_2_1-51,Ly6,multimer,genus:Synaphobranchus,50-72
A0A9W9YB31_IPR045860_1_19-108,Ly6,monomer,genus:Desmophyllum,72-95
A0AA35KNZ2_IPR045860_1_77-153,Ly6,mixture,genus:Podarcis,72-95
A0AA35LFX7_IPR016054_1_19-96,Ly6,monomer,genus:Podarcis,72-95
A0AA40HIG7_IPR045860_1_38-190,Ly6,monomer,genus:Cnephaeus,140-162
A0AA47M5W5_IPR016054_1_34-125,Ly6,multimer,genus:Merluccius,72-95
A0AA88MCH3_IPR016054_1_113-203,Ly6,multimer,genus:Channa,72-95
A0AA88S7C1_IPR016054_1_106-186,Ly6,multimer,genus:Tachysurus,72-95
A0AA97KEJ2_IPR045860_1_78-164,Ly6,multimer,genus:Eublepharis,72-95
A0AA97KID8_IPR045860_2_112-197,none,multimer,genus:Eublepharis,72-95
A0AAD1T1U2_IPR045860_1_18-106,Ly6,monomer,genus:Pelobates,72-95
A0AAD1WMT8_IPR045860_3_289-369,Ly6,multimer,genus:Pelobates,72-95
A0AAD8GF39_IPR016054_1_21-111,none,monomer,genus:Acipenser,72-95
A0AAD9UY46_IPR045860_1_20-109,Ly6,monomer,genus:Acropora,72-95
A0AAN9CMX2_IPR016054_1_19-108,Ly6,monomer,genus:Phoxinus,72-95
A0AAU9Z2K4_IPR016054_1_119-180,Ly6,multimer,family:Cricetidae,50-72
A0AAV2L0I9_IPR045860_2_222-300,mixture,multimer,genus:Knipowitschia,72-95
A0AAV6ZHU2_IPR045860_2_1-71,Ly6,multimer,genus:Engystomops,50-72
A0AAV6ZR91_IPR045860_2_129-207,Ly6,multimer,genus:Engystomops,72-95
A0AAV7PWW9_IPR045860_1_113-198,none,multimer,genus:Pleurodeles,72-95
A0AAV7Q1H9_IPR045860_1_25-96,Ly6,monomer,genus:Pleurodeles,50-72
A0AAV9S250_IPR045860_1_106-192,Ly6,multimer,genus:Crenichthys,72-95
A0AAW1EM78_IPR016054_1_19-92,mixture,monomer,class:Actinopteri,50-72
A0ABD0XPB9_IPR045860_1_19-109,none,monomer,genus:Umbra,72-95
C0STK9_IPR045860_1_17-100,none,multimer,family:Colubridae,72-95
F6RLA3_IPR045860_1_49-146,Ly6,multimer,genus:Monodelphis,95-117
G3U7S0_IPR016054_1_20-98,Ly6,monomer,genus:Loxodonta,72-95
H0WN08_IPR045860_1_20-101,Ly6,monomer,genus:Otolemur,72-95
H9G8Z9_IPR045860_2_39-126,none,multimer,genus:Anolis,72-95
K7GBT3_IPR045860_1_114-176,Ly6,multimer,genus:Pelodiscus,50-72
M7CM05_IPR045860_2_17-104,Ly6,multimer,order:Testudines,72-95
W5M6I8_IPR016054_1_69-155,Ly6,monomer,genus:Lepisosteus,72-95
A0A1L6ZA32_IPR026524_1_1-57,none,monomer,genus:Rattus,50-72
A0A2G8LPQ2_IPR039457_1_28-79,Ly6,monomer,genus:Apostichopus,50-72
A0A444UFM0_IPR045860_2_45-116,mixture,mixture,phylum:Chordata,72-95
A0A6I9NFH7_IPR039457_1_5-116,Ly6,monomer,class:Actinopteri,95-117
A0A814JAT2_IPR039457_1_21-152,none,monomer,genus:Brachionus,117-140
A0A8C6KJL6_IPR039457_1_5-160,Ly6,monomer,genus:Nothobranchius,140-162
A0A0A1WPV7_IPR031424_1_25-128,none,monomer,family:Tephritidae,95-117
A0A0C9R4W4_IPR045860_1_44-107,none,monomer,genus:Fopius,50-72
A0A0K2SWG2_IPR031424_1_22-107,none,monomer,genus:Lepeophtheirus,72-95
A0A0K8U8Q4_IPR031424_1_11-90,none,monomer,genus:Bactrocera,72-95
A0A0T6BG90_IPR031424_1_46-162,mixture,monomer,family:Scarabaeidae,95-117
A0A132A4U3_IPR031424_1_42-117,none,monomer,genus:Sarcoptes,72-95
A0A182UDP1_IPR031424_1_44-102,none,monomer,family:Culicidae,50-72
A0A183PCP5_IPR031424_1_21-102,mixture,monomer,family:Schistosomatidae,72-95
A0A1B6DUG0_IPR031424_1_23-159,none,monomer,genus:Clastoptera,117-140
A0A1B6HRF6_IPR031424_1_38-130,none,monomer,family:Cicadellidae,72-95
A0A1S0U8N5_IPR031424_1_22-131,mixture,monomer,family:Onchocercidae,95-117
A0A1W0WDQ5_IPR031424_1_33-112,mixture,monomer,order:Parachela,72-95
A0A267GQ99_IPR031424_1_28-128,mixture,monomer,genus:Macrostomum,95-117
A0A336LVF7_IPR031424_1_22-138,none,monomer,genus:Culicoides,95-117
A0A553PQL1_IPR045860_1_17-98,none,monomer,genus:Tigriopus,72-95
A0A5N4A3L3_IPR031424_1_54-144,none,monomer,genus:Photinus,72-95
A0A653BUJ7_IPR031424_1_36-120,none,monomer,genus:Callosobruchus,72-95
A0A6A4J930_IPR031424_1_23-121,mixture,monomer,order:Hemiptera,95-117
A0A6A4XCK3_IPR031424_1_23-134,none,monomer,genus:Amphibalanus,95-117
A0A6J1QBH3_IPR045860_1_76-169,mixture,monomer,order:Hymenoptera,72-95
A0A7G3AA29_IPR031424_1_25-147,none,monomer,genus:Lutzomyia,117-140
A0A7I8VUV2_IPR031424_1_20-103,none,monomer,genus:Dimorphilus,72-95
A0A7R8YRX9_IPR031424_1_23-123,none,monomer,genus:Hermetia,95-117
A0A811UL23_IPR031424_1_20-123,none,monomer,family:Tephritidae,95-117
A0A8B6GGX0_IPR031424_1_17-100,Quiver,monomer,genus:Mytilus,72-95
A0A8B7YT39_IPR045860_1_20-107,none,monomer,genus:Acanthaster,72-95
A0A8J6HCN9_IPR031424_1_21-137,Quiver,monomer,genus:Tenebrio,95-117
A0A8K0D2K7_IPR031424_1_20-99,none,monomer,genus:Ignelater,72-95
A0A8S1DG25_IPR031424_1_27-145,mixture,monomer,genus:Cloeon,117-140
A0A8S4PVE8_IPR031424_1_67-162,Quiver,monomer,genus:Owenia,95-117
A0A8T0DH38_IPR031424_1_37-160,Quiver,monomer,genus:Paragonimus,117-140
A0A914JFL8_IPR031424_1_49-151,none,monomer,family:Panagrolaimidae,95-117
A0A915BLD6_IPR031424_1_24-112,none,monomer,genus:Parascaris,72-95
A0A9D4C9K4_IPR045860_1_22-119,Quiver,monomer,genus:Dreissena,95-117
A0A9J6BBX8_IPR031424_1_21-133,none,monomer,genus:Polypedilum,95-117
A0A9N9TSD8_IPR031424_1_24-141,none,monomer,genus:Phyllotreta,117-140
Centipede3FTx_0139_1255758,manually_annotated,monomer,class:Chilopoda,117-140
A0A182C5Y1_IPR045860_1_13-85,3FTx,monomer,genus:Phalotris,72-95
A0AA50NXX1_IPR045860_1_35-98,3FTx,monomer,genus:Chironius,50-72
Q69CK0_IPR045860_1_14-84,none,monomer,genus:Ophiophagus,50-72
A0A6P7XCL8_IPR039237_1_1-112,Ly6,monomer,genus:Microcaecilia,95-117
A0A093DFT6_IPR016054_1_4-88,Ly6,monomer,genus:Chaetura,72-95
A0A0Q3PIF1_IPR045860_2_18-81,Ly6,multimer,genus:Amazona,50-72
A0A1A6GEJ4_IPR016054_1_70-162,Ly6,monomer,genus:Neotoma,72-95
A0A2K5YUV5_IPR045860_1_5-60,none,monomer,order:Primates,50-72
A0A315W4P7_IPR045860_1_1-60,none,monomer,genus:Gambusia,50-72
A0A3B5LYA3_IPR045860_1_1-71,Ly6,multimer,genus:Xiphophorus,72-95
A0A3M7PIG9_IPR045860_1_23-97,none,monomer,genus:Brachionus,72-95
A0A3N0YWG8_IPR016054_2_108-182,Ly6,multimer,order:Cypriniformes,72-95
A0A3P9L9J8_IPR045860_1_35-118,none,multimer,genus:Oryzias,72-95
A0A4X2JQV1_IPR045860_1_59-138,none,monomer,genus:Vombatus,72-95
A0A6G1A5Z9_IPR016054_1_6-97,Ly6,monomer,order:Carnivora,72-95
A0A6P6PAP8_IPR045860_2_116-188,mixture,multimer,family:Cyprinidae,72-95
A0A6P7X7A8_IPR016054_1_21-106,Ly6,monomer,genus:Microcaecilia,72-95
A0A6P8UXJ4_IPR045860_1_18-76,none,monomer,order:Perciformes,50-72
A0A7J7TIW0_IPR016054_1_71-161,mostly_Ly6,mixture,phylum:Chordata,72-95
A0A7K7AQ13_IPR045860_1_1-75,none,monomer,genus:Nothoprocta,72-95
A0A813YVA6_IPR045860_1_25-97,none,monomer,genus:Brachionus,72-95
A0A821V032_IPR045860_1_23-90,mixture,monomer,genus:Rotaria,50-72
A0A8C1RHP8_IPR016054_1_17-99,Ly6,mixture,family:Cyprinidae,72-95
A0A8C2JXD6_IPR016054_2_18-104,mixture,multimer,genus:Cyprinus,72-95
A0A8C2TDY8_IPR016054_1_21-106,Ly6,monomer,class:Aves,72-95
A0A8C6XFZ2_IPR016054_1_61-136,Ly6,monomer,genus:Naja,72-95
A0A8D0BLF1_IPR016054_1_6-86,Ly6,monomer,order:Squamata,72-95
A0A8D2LQE2_IPR045860_1_11-93,none,monomer,genus:Varanus,72-95
A0A8J1JR53_IPR016054_1_21-104,Ly6,monomer,genus:Xenopus,72-95
A0A8S4BWS2_IPR035076_1_21-78,none,monomer,class:Actinopteri,50-72
A0A9B0SXN5_IPR016054_1_21-111,Ly6,monomer,genus:Chrysochloris,72-95
A0A9D3XDC9_IPR045860_1_4-72,none,monomer,order:Testudines,72-95
A0AA88P9I9_IPR016054_1_99-188,Ly6,multimer,genus:Cirrhinus,72-95
A0AA97L4A6_IPR016054_1_60-143,Ly6,monomer,genus:Eublepharis,72-95
A0AAN9CSV4_IPR016054_1_136-206,Ly6,multimer,genus:Phoxinus,50-72
A0AAV0A0Q0_IPR016054_1_54-148,Ly6,monomer,genus:Phodopus,72-95
A0AAV3AEV6_IPR016054_1_4-89,Ly6,monomer,genus:Pyxicephalus,72-95
A0AAV7V319_IPR045860_1_12-92,mixture,monomer,genus:Pleurodeles,72-95
A0AAW0MP18_IPR045860_4_112-183,mixture,multimer,genus:Mugilogobius,72-95
K7FJ01_IPR045860_1_19-99,Ly6,monomer,genus:Pelodiscus,72-95
M7AN30_IPR016054_1_21-107,Ly6,monomer,order:Testudines,72-95
W5MCJ5_IPR016054_2_111-192,Ly6,multimer,genus:Lepisosteus,72-95
A0A2J8NXV6_IPR038773_1_1-139,mostly_Ly6,monomer,class:Mammalia,140-162
A0A091GPN7_IPR045860_2_95-146,none,multimer,genus:Buceros,50-72
A0A0A0QU97_IPR045860_1_116-196,Ly6,multimer,genus:Pleurodeles,72-95
A0A0B5H3N5_IPR045860_1_17-106,mostly_Ly6,mixture,family:Salamandridae,72-95
A0A162DBU2_IPR016054_1_228-320,Ly6,monomer,genus:Daphnia,72-95
A0A1A7WWB8_IPR016054_1_19-92,Ly6,monomer,genus:Iconisemion,72-95
A0A1A8IFT4_IPR016054_3_12-101,Ly6,multimer,genus:Nothobranchius,72-95
A0A1B8XXC0_IPR016054_1_96-170,Ly6,multimer,genus:Xenopus,72-95
A0A1S3F5D5_IPR045860_1_25-108,Ly6,multimer,genus:Dipodomys,72-95
A0A1S3MNQ7_IPR045860_2_18-107,Ly6,multimer,genus:Salmo,72-95
A0A1U7T1I5_IPR016054_2_133-213,Ly6,multimer,genus:Carlito,72-95
A0A212DCV9_IPR045860_1_15-72,Ly6,multimer,genus:Cervus,50-72
A0A2D0SKA0_IPR045860_2_18-101,Ly6,multimer,family:Ictaluridae,72-95
A0A3B3SLZ2_IPR045860_1_19-104,Ly6,monomer,genus:Paramormyrops,72-95
A0A3B4D037_IPR045860_2_49-133,Ly6,multimer,genus:Pygocentrus,72-95
A0A3Q1I765_IPR016054_1_114-199,Ly6,multimer,genus:Anabas,72-95
A0A3Q2DVN5_IPR045860_2_60-132,Ly6,multimer,genus:Cyprinodon,72-95
A0A4D9DNE6_IPR045860_1_166-252,mixture,multimer,order:Testudines,72-95
A0A513ZV73_IPR045860_1_18-105,Ly6,multimer,genus:Hyloscirtus,72-95
A0A5N5LVC8_IPR016054_1_20-101,Ly6,monomer,order:Siluriformes,72-95
A0A667ZW21_IPR016054_1_74-155,mixture,monomer,genus:Myripristis,72-95
A0A670HWE0_IPR016054_1_21-101,none,monomer,genus:Podarcis,72-95
A0A672HNY5_IPR045860_1_22-115,Ly6,monomer,genus:Salarias,72-95
A0A673AVW4_IPR045860_1_57-138,Ly6,mixture,genus:Sphaeramia,72-95
A0A674IZJ3_IPR045860_2_98-193,mixture,multimer,order:Testudines,72-95
A0A6J0SGQ5_IPR045860_2_17-104,mixture,multimer,family:Agamidae,72-95
A0A6P3RNA6_IPR045860_1_119-195,Ly6,multimer,genus:Pteropus,72-95
A0A6P5KXK3_IPR051445_1_3-135,Ly6,monomer,genus:Phascolarctos,117-140
A0A6P7X1N6_IPR045860_3_12-104,Ly6,multimer,order:Gymnophiona,72-95
A0A6P7YVS3_IPR045860_2_131-221,Ly6,multimer,genus:Microcaecilia,95-117
A0A6P9DNF2_IPR045860_1_106-192,Ly6,multimer,order:Squamata,72-95
A0A7J7F9L7_IPR051445_1_97-235,Ly6,monomer,genus:Diceros,117-140
A0A7J8BAV1_IPR051445_1_1-141,Ly6,monomer,genus:Molossus,140-162
A0A7N8XM89_IPR016054_1_115-209,Ly6,multimer,genus:Mastacembelus,72-95
A0A8B8E9V9_IPR045860_1_58-142,mixture,monomer,family:Ostreidae,72-95
A0A8C2ZCP8_IPR045860_1_19-109,Ly6,monomer,genus:Cyclopterus,72-95
A0A8C5E4B1_IPR045860_2_17-98,Ly6,multimer,genus:Gouania,72-95
A0A8C5QT69_IPR016054_3_254-329,Ly6,multimer,genus:Leptobrachium,72-95
A0A8C5QWR6_IPR045860_2_7-92,Ly6,multimer,genus:Leptobrachium,72-95
A0A8C7AWI9_IPR051445_1_31-157,Ly6,monomer,family:Mustelidae,117-140
A0A8C9SXQ8_IPR045860_1_18-103,Ly6,monomer,genus:Scleropages,72-95
A0A8D2J1Y2_IPR045860_2_16-103,SPF,multimer,genus:Varanus,72-95
A0A8J4XFA7_IPR016054_1_2-91,Ly6,monomer,genus:Clarias,72-95
A0A8J6DP14_IPR045860_5_321-396,Ly6,multimer,genus:Galemys,72-95
A0A8T2IQ79_IPR045860_1_104-185,Ly6,multimer,genus:Hymenochirus,72-95
A0A8T2MVN2_IPR045860_1_675-763,none,monomer,genus:Albula,72-95
A0A913XYA9_IPR045860_1_60-154,none,monomer,genus:Exaiptasia,72-95
A0A9D3RZ61_IPR016054_1_53-135,none,monomer,genus:Anguilla,72-95
A0A9D4AU92_IPR045860_2_17-105,mixture,multimer,order:Testudines,72-95
A0A9P1ACF6_IPR016054_1_1-101,Ly6,monomer,genus:Caenorhabditis,95-117
A0A9Q0XKA3_IPR016054_1_20-110,Ly6,monomer,class:Lepidosauria,72-95
A0A9X0D1H0_IPR045860_1_19-115,Ly6,monomer,genus:Desmophyllum,95-117
A0A9Y4N787_IPR045860_1_18-104,Ly6,monomer,class:Actinopteri,72-95
A0AA35KNX6_IPR045860_1_29-122,Ly6,multimer,genus:Podarcis,72-95
A0AA88M7V9_IPR016054_1_19-112,Ly6,monomer,genus:Channa,72-95
A0AA88PTD0_IPR045860_1_37-122,mixture,monomer,family:Cyprinidae,72-95
A0AA97KD22_IPR045860_1_112-195,Ly6,multimer,genus:Eublepharis,72-95
A0AA97LL31_IPR016054_1_204-296,Ly6,multimer,genus:Eublepharis,72-95
A0AAD9QNJ3_IPR045860_1_16-106,Ly6,monomer,genus:Acropora,72-95
A0AAU9W216_IPR045860_1_21-120,Ly6,monomer,genus:Pocillopora,95-117
A0AAV0A953_IPR016054_1_114-179,none,multimer,genus:Phodopus,50-72
A0AAV2I7F7_IPR045860_1_21-110,Ly6,monomer,genus:Lymnaea,72-95
A0AAV2KTW0_IPR045860_2_18-107,Ly6,multimer,genus:Knipowitschia,72-95
A0AAV2ZPP4_IPR045860_1_1-83,Ly6,multimer,genus:Pyxicephalus,72-95
A0AAV6GDJ0_IPR016054_1_118-201,Ly6,multimer,genus:Alosa,72-95
A0AAV7DEH9_IPR045860_2_18-106,Ly6,multimer,genus:Engystomops,72-95
A0AAV7Q087_IPR045860_2_18-104,Ly6,multimer,genus:Pleurodeles,72-95
A0AAW0NQK7_IPR045860_1_19-106,Ly6,monomer,genus:Mugilogobius,72-95
A0AAW1AWV1_IPR016054_4_320-409,Ly6,multimer,genus:Crotalus,72-95
A0AAW1BWU6_IPR045860_1_16-100,Ly6,monomer,order:Squamata,72-95
A0AAY5F288_IPR045860_1_31-114,Ly6,monomer,genus:Electrophorus,72-95
A0ABD0VY25_IPR045860_1_18-103,mixture,monomer,order:Esociformes,72-95
A8I4K2_IPR016054_1_125-179,none,multimer,genus:Bothrops,50-72
G1PDD4_IPR045860_1_21-103,mixture,monomer,order:Chiroptera,72-95
G3HYZ1_IPR016054_2_227-312,Ly6,multimer,genus:Cricetulus,72-95
G3TYI9_IPR016054_2_164-219,Ly6,multimer,genus:Loxodonta,50-72
G5AWG3_IPR051445_1_2-137,Ly6,monomer,order:Rodentia,117-140
K7FL54_IPR045860_2_17-105,Ly6,multimer,genus:Pelodiscus,72-95
M0R8W9_IPR016054_4_434-498,Ly6,multimer,genus:Rattus,50-72
M7C222_IPR045860_3_8-70,Ly6,multimer,genus:Chelonia,50-72
P91987_IPR016054_1_237-324,Ly6,monomer,genus:Caenorhabditis,72-95
Q3U8E9_IPR051445_1_1-110,Ly6,monomer,genus:Mus,95-117
A0A2K6DR10_IPR026524_1_1-81,none,monomer,class:Mammalia,72-95
A0A6J0VCF9_IPR026524_1_16-305,none,monomer,family:Agamidae,275-297
A0A803TBY5_IPR026524_1_39-331,none,monomer,genus:Anolis,275-297
A0A8T1S5D0_IPR026524_1_5-155,none,monomer,genus:Chelydra,140-162
A0A3B3RI19_IPR039457_1_17-175,Ly6,monomer,genus:Paramormyrops,140-162
A0A6I8NHM6_IPR039457_1_32-193,Ly6,monomer,genus:Ornithorhynchus,140-162
A0A7K4LA40_IPR039457_1_4-136,none,monomer,genus:Crypturellus,117-140
A0A852C744_IPR039457_1_3-134,none,monomer,genus:Ramphastos,117-140
A0A8C4QAI6_IPR039457_1_36-145,Ly6,monomer,genus:Eptatretus,95-117
A0A8C9T2J6_IPR039457_1_9-168,Ly6,monomer,genus:Scleropages,140-162
A0A8S4BH57_IPR039457_1_41-149,Ly6,monomer,genus:Menidia,95-117
T1JAC4_IPR039457_1_38-158,Ly6,monomer,genus:Strigamia,117-140
A0A084W8B1_IPR045860_1_23-122,none,monomer,family:Culicidae,95-117
A0A0A1WEA1_IPR031424_1_34-180,none,monomer,family:Tephritidae,140-162
A0A0K8ST25_IPR031424_1_29-125,none,monomer,family:Miridae,95-117
A0A1B6GZR1_IPR031424_1_11-81,none,monomer,genus:Cuerna,50-72
A0A1D1VU07_IPR031424_1_29-119,mixture,monomer,order:Parachela,72-95
A0A1I8CPW1_IPR031424_1_23-136,Quiver,monomer,genus:Rhabditophanes,95-117
A0A1I8MJY4_IPR031424_1_23-124,none,monomer,genus:Musca,95-117
A0A1I8PJM0_IPR031424_1_23-123,none,monomer,genus:Stomoxys,95-117
A0A1S3IKI9_IPR045860_1_26-121,none,monomer,genus:Lingula,95-117
A0A1W0W9L5_IPR045860_1_19-104,none,monomer,genus:Hypsibius,72-95
A0A1W4WVT6_IPR031424_1_21-126,none,monomer,genus:Agrilus,95-117
A0A1Y1LAB3_IPR031424_1_22-121,none,monomer,genus:Photinus,95-117
A0A267FR28_IPR031424_1_43-129,Quiver,monomer,genus:Macrostomum,72-95
A0A2S2NT63_IPR031424_1_27-119,mixture,monomer,family:Aphididae,72-95
A0A3S5BZ36_IPR031424_1_33-132,none,monomer,genus:Protopolystoma,95-117
A0A553PGI9_IPR031424_1_24-115,none,monomer,genus:Tigriopus,72-95
A0A653BKG3_IPR045860_1_19-108,none,monomer,genus:Callosobruchus,72-95
A0A6A4II55_IPR031424_1_22-134,none,monomer,family:Miridae,95-117
A0A6A4WSM4_IPR031424_1_21-124,none,monomer,genus:Amphibalanus,95-117
A0A6I9VTY7_IPR031424_1_24-124,none,monomer,family:Tephritidae,95-117
A0A6J1LHX0_IPR031424_1_24-123,none,monomer,genus:Drosophila,95-117
A0A6J2YMA0_IPR031424_1_24-125,none,monomer,genus:Sitophilus,95-117
A0A6L2PLK9_IPR031424_1_31-84,none,monomer,genus:Coptotermes,50-72
A0A6P3WPW8_IPR031424_1_23-152,none,monomer,genus:Dinoponera,117-140
A0A6V7WM51_IPR031424_1_20-107,none,monomer,genus:Meloidogyne,72-95
A0A7J7K5L9_IPR045860_1_18-121,none,monomer,genus:Bugula,95-117
A0A7M7IYM8_IPR031424_1_22-75,none,monomer,genus:Varroa,50-72
A0A814UW63_IPR031424_1_35-94,mixture,monomer,class:Eurotatoria,50-72
A0A815M794_IPR031424_1_21-108,none,monomer,genus:Adineta,72-95
A0A817QSQ9_IPR031424_1_24-117,none,monomer,genus:Rotaria,72-95
A0A818KYL2_IPR045860_1_23-106,none,monomer,genus:Rotaria,72-95
A0A835CTH6_IPR045860_1_78-173,none,monomer,genus:Aphidius,95-117
A0A8B6EIY3_IPR031424_1_24-121,none,monomer,genus:Mytilus,95-117
A0A8B7Y3Y2_IPR045860_1_18-113,none,monomer,genus:Acanthaster,95-117
A0A8J2K7E5_IPR031424_1_21-131,Quiver,monomer,genus:Allacma,95-117
A0A8J5UUP8_IPR031424_1_24-113,none,monomer,genus:Cotesia,72-95
A0A8K0CEF5_IPR045860_1_24-107,none,monomer,genus:Ignelater,72-95
A0A8K0K9Q6_IPR031424_1_28-122,none,monomer,genus:Ladona,72-95
A0A8S1D3Y1_IPR031424_1_26-147,none,monomer,genus:Cloeon,117-140
A0A8W8KWF7_IPR031424_1_23-122,Quiver,monomer,family:Ostreidae,95-117
A0A914Z9S7_IPR031424_1_72-167,none,monomer,genus:Panagrolaimus,95-117
A0A9D3YR44_IPR031424_1_33-123,Quiver,monomer,genus:Dreissena,72-95
A0A9D4IUD4_IPR031424_1_26-107,Quiver,monomer,genus:Dreissena,72-95
A0A9J6CNM2_IPR045860_1_20-108,Quiver,monomer,genus:Polypedilum,72-95
A0A9N9R3N3_IPR031424_1_115-228,none,monomer,genus:Diatraea,95-117
A0A9P0NQD7_IPR031424_1_25-115,none,monomer,family:Aphididae,72-95
A0A9P1HMJ8_IPR031424_1_22-124,Quiver,monomer,genus:Auanema,95-117
A0A9X6NDI2_IPR031424_1_23-110,mixture,monomer,order:Parachela,72-95
A0AA36F2G8_IPR031424_1_27-112,mixture,monomer,genus:Octopus,72-95
A0AA38M6X6_IPR031424_1_21-133,none,monomer,genus:Zophobas,95-117
A0AA39LP26_IPR031424_1_105-206,none,monomer,genus:Steinernema,95-117
A0AA88YUB5_IPR031424_1_8-94,Quiver,monomer,genus:Pinctada,72-95
A0AAD7ZWD3_IPR031424_1_29-121,none,monomer,genus:Diploptera,72-95
A0AAE1ATY2_IPR031424_1_20-117,mixture,monomer,family:Plakobranchidae,95-117
A0AAE1KC76_IPR031424_1_29-121,mixture,monomer,class:Malacostraca,72-95
A0AAJ6VYA5_IPR031424_1_23-116,Quiver,monomer,genus:Galendromus,72-95
A0AAN9W368_IPR045860_1_16-103,none,monomer,genus:Gryllus,72-95
A0AAV2Q359_IPR031424_1_4-107,mixture,monomer,class:Malacostraca,95-117
A0AAV7J339_IPR031424_2_66-153,Quiver,multimer,genus:Cotesia,72-95
A0AAW1IYR2_IPR031424_1_32-128,none,monomer,genus:Popillia,95-117
A0ABD2N6M2_IPR031424_1_21-122,none,monomer,genus:Cryptolaemus,95-117
N6U7S0_IPR031424_1_20-121,none,monomer,genus:Dendroctonus,95-117
S4P8V1_IPR031424_1_7-110,none,monomer,family:Nymphalidae,95-117
T1I2D3_IPR031424_1_20-131,none,monomer,genus:Rhodnius,95-117
T1KK68_IPR031424_1_27-122,none,monomer,genus:Tetranychus,95-117
A0A8M1FML9_IPR051445_1_18-83,none,monomer,genus:Ursus,50-72
A0A016VWX9_IPR045860_1_23-139,none,monomer,genus:Ancylostoma,95-117
A0A067RK03_IPR045860_1_23-104,Quiver,monomer,genus:Zootermopsis,72-95
A0A085M2S8_IPR045860_1_61-161,none,monomer,genus:Trichuris,95-117
A0A0A9Z5G8_IPR045860_1_26-110,none,monomer,genus:Lygus,72-95
A0A0B6YSF6_IPR045860_1_35-132,none,monomer,genus:Arion,95-117
A0A0E3KK09_IPR045860_1_18-72,SPF,monomer,genus:Notophthalmus,50-72
A0A0N4X504_IPR045860_1_33-137,none,monomer,order:Rhabditida,95-117
A0A0P8XMK2_IPR045860_1_134-212,none,monomer,genus:Drosophila,72-95
A0A139WGQ9_IPR045860_1_27-102,none,monomer,genus:Tribolium,72-95
A0A1A8GGC4_IPR045860_1_1-76,none,monomer,genus:Nothobranchius,72-95
A0A1B6DQ10_IPR045860_1_22-126,none,monomer,genus:Clastoptera,95-117
A0A1B6MMR6_IPR045860_1_23-127,none,monomer,family:Cicadellidae,95-117
A0A1J1IEE3_IPR045860_1_69-142,none,monomer,genus:Clunio,72-95
A0A1L8G0F6_IPR045860_2_168-244,Ly6,mixture,genus:Xenopus,72-95
A0A1S3I521_IPR045860_1_32-130,none,monomer,genus:Lingula,95-117
A0A1W0WZ36_IPR045860_1_32-149,none,monomer,genus:Hypsibius,117-140
A0A210R3G7_IPR045860_1_34-136,none,monomer,genus:Mizuhopecten,95-117
A0A2A6D034_IPR045860_1_57-149,none,monomer,genus:Pristionchus,72-95
A0A2B4SU58_IPR045860_1_24-120,none,monomer,genus:Stylophora,95-117
A0A2G5SGV5_IPR045860_1_19-106,none,monomer,genus:Caenorhabditis,72-95
A0A2H4T0S8_IPR045860_1_4-111,none,monomer,genus:Clogmia,95-117
A0A2I4DC05_IPR045860_1_26-132,none,monomer,genus:Austrofundulus,95-117
A0A2J8PPX3_IPR045860_1_21-71,none,monomer,genus:Pan,50-72
A0A2K5H6W3_IPR045860_1_25-85,none,monomer,family:Cercopithecidae,50-72
A0A2P1DVA3_IPR045860_1_36-134,none,monomer,genus:Isodiametra,95-117
A0A315UZ28_IPR045860_1_18-74,none,monomer,genus:Gambusia,50-72
A0A336MK22_IPR045860_1_27-125,none,monomer,genus:Culicoides,95-117
A0A368H0J9_IPR045860_1_5-89,Ly6,monomer,genus:Ancylostoma,72-95
A0A3B1JX09_IPR045860_1_21-98,none,monomer,genus:Astyanax,72-95
A0A3B3T748_IPR045860_1_23-137,none,monomer,class:Actinopteri,95-117
A0A3L8DC05_IPR045860_1_37-121,none,monomer,order:Hymenoptera,72-95
A0A3Q2DLB0_IPR045860_1_24-137,none,monomer,order:Cyprinodontiformes,95-117
A0A3Q2UN97_IPR045860_1_39-133,none,monomer,genus:Fundulus,95-117
A0A3Q3B435_IPR045860_1_9-123,none,monomer,family:Rivulidae,95-117
A0A3Q3F932_IPR045860_1_2-70,mixture,monomer,class:Actinopteri,50-72
A0A3Q3J0M7_IPR045860_1_23-112,mostly_Ly6,monomer,phylum:Chordata,72-95
A0A430QF17_IPR045860_1_123-192,Ly6,multimer,genus:Schistosoma,50-72
A0A443SR12_IPR045860_1_12-119,none,monomer,genus:Leptotrombidium,95-117
A0A454Y0K1_IPR045860_1_20-97,none,monomer,genus:Pristionchus,72-95
A0A482VRV1_IPR045860_1_1-87,none,monomer,genus:Asbolus,72-95
A0A4U5LY59_IPR045860_1_16-80,mixture,monomer,genus:Steinernema,50-72
A0A4W6C2Q7_IPR045860_1_8-72,Ly6,monomer,genus:Lates,50-72
A0A672HY15_IPR045860_1_43-105,Ly6,monomer,genus:Salarias,50-72
A0A672M751_IPR045860_1_23-79,Ly6,monomer,family:Cyprinidae,50-72
A0A6A4VJI6_IPR045860_1_66-154,none,monomer,genus:Amphibalanus,72-95
A0A6A5F1M5_IPR045860_1_17-102,none,monomer,genus:Perca,72-95
A0A6F9DFZ6_IPR045860_1_411-496,none,monomer,genus:Phallusia,72-95
A0A6J3BVE5_IPR045860_1_8-114,none,monomer,order:Lepidoptera,95-117
A0A6J8DB30_IPR045860_1_133-201,none,monomer,genus:Mytilus,50-72
A0A6P5A1G0_IPR045860_1_69-125,Ly6,monomer,genus:Branchiostoma,50-72
A0A6P6M8E0_IPR045860_1_29-110,none,monomer,class:Actinopteri,72-95
A0A6P7F629_IPR045860_1_22-98,none,monomer,genus:Diabrotica,72-95
A0A6P7NI28_IPR045860_1_19-83,mixture,monomer,genus:Betta,50-72
A0A6P8HQ82_IPR045860_1_165-269,none,monomer,genus:Actinia,95-117
A0A6P8IVN0_IPR045860_1_138-240,none,monomer,genus:Actinia,95-117
A0A6P8QYV7_IPR045860_1_21-137,none,monomer,order:Gymnophiona,95-117
A0A6P8V5T4_IPR045860_1_21-125,none,monomer,order:Perciformes,95-117
A0A7M5X584_IPR045860_1_21-86,none,monomer,genus:Clytia,50-72
A0A7R8V8S1_IPR045860_1_126-207,none,monomer,genus:Timema,72-95
A0A7R9LSG4_IPR045860_1_32-117,none,monomer,genus:Oppiella,72-95
A0A803J3Q0_IPR045860_1_114-193,Ly6,multimer,genus:Xenopus,72-95
A0A814F4Q4_IPR045860_1_24-93,none,monomer,genus:Adineta,50-72
A0A814R442_IPR045860_1_21-89,none,monomer,genus:Brachionus,50-72
A0A818MY81_IPR045860_1_21-92,none,monomer,genus:Adineta,50-72
A0A821J8J6_IPR045860_1_7-80,mixture,monomer,genus:Rotaria,72-95
A0A834AZI7_IPR045860_1_47-100,none,monomer,genus:Phyllostomus,50-72
A0A834Y7F0_IPR045860_1_31-132,none,monomer,genus:Aphidius,95-117
A0A852NJR0_IPR045860_1_1-64,none,monomer,order:Passeriformes,50-72
A0A8B6C2U4_IPR045860_1_34-126,none,monomer,genus:Mytilus,72-95
A0A8B6F7Y0_IPR045860_1_7-88,none,monomer,genus:Mytilus,72-95
A0A8B6XJH4_IPR045860_1_19-119,none,monomer,genus:Hydra,95-117
A0A8B7NT01_IPR045860_1_115-200,none,monomer,genus:Hyalella,72-95
A0A8B8DUM4_IPR045860_1_130-215,none,monomer,genus:Crassostrea,72-95
A0A8C4GS28_IPR045860_1_20-119,none,monomer,class:Actinopteri,95-117
A0A8C4QZ13_IPR045860_1_1-64,none,monomer,genus:Eptatretus,50-72
A0A8C4X7J9_IPR045860_1_197-301,none,multimer,family:Polypteridae,95-117
A0A8C5CKH8_IPR045860_1_22-101,none,monomer,order:Gadiformes,72-95
A0A8C5GZ32_IPR045860_1_9-72,none,monomer,genus:Gouania,50-72
A0A8C9TUZ5_IPR045860_1_20-97,none,monomer,genus:Scleropages,72-95
A0A8C9WN57_IPR045860_2_69-153,none,mixture,genus:Scleropages,72-95
A0A8D2KUF5_IPR045860_1_20-120,none,monomer,genus:Varanus,95-117
A0A8E4DGL8_IPR045860_1_23-111,none,monomer,genus:Plecoglossus,72-95
A0A8I6RFY7_IPR045860_1_33-129,none,monomer,genus:Cimex,95-117
A0A8J1IVF6_IPR045860_1_42-117,none,monomer,genus:Xenopus,72-95
A0A8J6AP99_IPR045860_1_159-208,none,monomer,genus:Galemys,50-72
A0A8K0CRG8_IPR045860_1_24-116,SPF,monomer,genus:Ignelater,72-95
A0A8K0GL64_IPR045860_1_19-121,none,monomer,genus:Ignelater,95-117
A0A8M1FMM8_IPR045860_1_11-65,Ly6,monomer,genus:Ursus,50-72
A0A8S1GMU7_IPR045860_1_18-96,none,monomer,genus:Caenorhabditis,72-95
A0A8S3T3W9_IPR045860_1_33-92,none,monomer,genus:Mytilus,50-72
A0A8S9YF20_IPR045860_1_15-115,mixture,monomer,class:Trematoda,95-117
A0A8T0BAJ0_IPR045860_1_25-122,none,monomer,genus:Silurus,95-117
A0A8T2JLE8_IPR045860_1_25-121,none,monomer,family:Pipidae,95-117
A0A8X7X6R6_IPR045860_2_306-383,none,multimer,genus:Polypterus,72-95
A0A913X4T3_IPR045860_1_17-104,none,monomer,genus:Exaiptasia,72-95
A0A913YHX6_IPR045860_1_20-114,none,monomer,genus:Exaiptasia,72-95
A0A914ITD3_IPR045860_1_469-533,none,monomer,genus:Panagrolaimus,50-72
A0A914M3C5_IPR045860_1_30-141,none,monomer,genus:Meloidogyne,95-117
A0A914S367_IPR045860_1_2-75,none,monomer,genus:Parascaris,72-95
A0A915AQ63_IPR045860_1_14-95,none,monomer,genus:Parascaris,72-95
A0A915K0A9_IPR045860_1_53-123,none,monomer,genus:Romanomermis,50-72
A0A922HWM7_IPR045860_1_189-258,none,monomer,genus:Dermatophagoides,50-72
A0A9D4C798_IPR045860_1_1-90,none,monomer,genus:Dreissena,72-95
A0A9D4QXG1_IPR045860_1_926-996,none,monomer,genus:Dreissena,50-72
A0A9J6FJA2_IPR045860_2_260-335,none,multimer,genus:Haemaphysalis,72-95
A0A9J7MJR8_IPR045860_1_19-104,none,monomer,genus:Branchiostoma,72-95
A0A9P0AP96_IPR045860_1_19-123,none,monomer,genus:Bemisia,95-117
A0A9P0F309_IPR045860_1_25-126,none,monomer,genus:Bemisia,95-117
A0A9P0QAN6_IPR045860_1_26-116,none,monomer,family:Chrysomelidae,72-95
A0A9P1HH40_IPR045860_1_23-110,none,monomer,genus:Auanema,72-95
A0A9P1N291_IPR045860_1_12-83,none,monomer,genus:Caenorhabditis,50-72
A0A9Q0MF98_IPR045860_1_24-149,none,monomer,genus:Blomia,117-140
A0A9W7WQW1_IPR045860_1_30-143,none,monomer,genus:Triplophysa,95-117
A0A9W9YS46_IPR045860_1_18-104,none,monomer,genus:Desmophyllum,72-95
A0A9X0A5U4_IPR045860_1_1-85,none,monomer,genus:Desmophyllum,72-95
A0A9X0DC36_IPR045860_1_20-123,none,monomer,genus:Desmophyllum,95-117
A0AA35KPM3_IPR045860_1_104-193,Ly6,multimer,genus:Podarcis,72-95
A0AA35PCR8_IPR045860_1_50-132,mixture,monomer,genus:Podarcis,72-95
A0AA36D7V9_IPR045860_1_16-99,none,monomer,genus:Mesorhabditis,72-95
A0AA36HBF4_IPR045860_1_43-111,Quiver,monomer,genus:Cylicocyclus,50-72
A0AA38M6W5_IPR045860_1_22-112,Quiver,monomer,genus:Zophobas,72-95
A0AA39I7H4_IPR045860_1_20-82,none,monomer,genus:Steinernema,50-72
A0AA88H7N5_IPR045860_1_22-116,none,monomer,genus:Artemia,72-95
A0AA97J6Z3_IPR045860_1_14-94,none,monomer,genus:Eublepharis,72-95
A0AAD1WM86_IPR045860_1_17-70,none,monomer,genus:Pelobates,50-72
A0AAD9JLA3_IPR045860_2_143-244,none,multimer,genus:Paralvinella,95-117
A0AAD9Q2F0_IPR045860_1_30-125,none,monomer,genus:Acropora,72-95
A0AAD9V7F1_IPR045860_1_129-220,none,monomer,genus:Acropora,72-95
A0AAE0SHA9_IPR045860_1_21-121,none,monomer,family:Unionidae,95-117
A0AAE0YVN5_IPR045860_1_25-110,mixture,monomer,genus:Elysia,72-95
A0AAE9JN96_IPR045860_1_16-73,none,monomer,genus:Caenorhabditis,50-72
A0AAF3J4E1_IPR045860_1_19-103,mixture,monomer,genus:Mesorhabditis,72-95
A0AAJ7C2I3_IPR045860_1_39-136,none,monomer,genus:Cephus,95-117
A0AAJ7X525_IPR045860_1_21-102,none,monomer,genus:Petromyzon,72-95
A0AAN4ZR09_IPR045860_1_86-162,none,monomer,genus:Pristionchus,72-95
A0AAN7ZJZ4_IPR045860_1_32-108,none,monomer,genus:Pyrocoelia,72-95
A0AAN8J7E3_IPR045860_1_8-109,none,monomer,genus:Patella,95-117
A0AAN9U055_IPR045860_1_1-104,none,monomer,genus:Parthenolecanium,95-117
A0AAU7YGF0_IPR045860_1_14-88,none,monomer,genus:Nidirana,72-95
A0AAU9W6W5_IPR045860_1_22-108,none,monomer,genus:Pocillopora,72-95
A0AAU9X820_IPR045860_1_19-108,none,monomer,genus:Pocillopora,72-95
A0AAV1KCG8_IPR045860_1_43-146,none,monomer,order:Lepidoptera,95-117
A0AAV1QE31_IPR045860_1_22-101,mixture,multimer,genus:Scomber,72-95
A0AAV2H7C3_IPR045860_1_26-137,none,monomer,genus:Lymnaea,95-117
A0AAV2QU21_IPR045860_1_60-139,none,monomer,genus:Meganyctiphanes,72-95
A0AAV4F7L4_IPR045860_1_55-155,mixture,monomer,genus:Elysia,95-117
A0AAV5W3Z3_IPR045860_1_16-90,none,monomer,genus:Pristionchus,72-95
A0AAV6ZC91_IPR045860_1_43-127,Ly6,monomer,genus:Engystomops,72-95
A0AAV6ZUX7_IPR045860_1_20-105,Ly6,monomer,genus:Engystomops,72-95
A0AAV7HWB9_IPR045860_3_118-180,none,multimer,order:Hymenoptera,50-72
A0AAV8ZFA3_IPR045860_1_37-138,none,monomer,genus:Aromia,95-117
A0AAW0MFM6_IPR045860_1_5-54,Ly6,monomer,genus:Mugilogobius,50-72
A0AAW1Z9Z2_IPR045860_1_36-117,none,monomer,genus:Culter,72-95
A0AAY4AL43_IPR045860_1_19-97,none,monomer,genus:Denticeps,72-95
A0AAY5EFX8_IPR045860_1_29-137,none,monomer,genus:Electrophorus,95-117
A0ABD0WYD9_IPR045860_1_42-127,none,monomer,genus:Umbra,72-95
A0ABD1ERG0_IPR045860_1_29-121,none,monomer,genus:Hypothenemus,72-95
A0ABD2JQE4_IPR045860_1_20-108,none,monomer,genus:Heterodera,72-95
A0ABD2WJN5_IPR045860_1_33-131,none,monomer,genus:Trichogramma,95-117
A0ABD3XDJ3_IPR045860_1_32-132,none,monomer,genus:Sinanodonta,95-117
E2AU71_IPR045860_1_231-289,none,monomer,genus:Camponotus,50-72
E4WSQ4_IPR045860_1_2-118,none,monomer,genus:Oikopleura,95-117
H2XTD3_IPR045860_1_20-107,none,monomer,genus:Ciona,72-95
H2ZGC6_IPR045860_1_13-124,none,monomer,genus:Ciona,95-117
R4G7F3_IPR045860_1_12-79,3FTx,monomer,genus:Brachyurophis,50-72
T1F6S7_IPR045860_1_39-123,Ly6,monomer,genus:Helobdella,72-95
T1K870_IPR045860_1_36-127,Quiver,monomer,genus:Tetranychus,72-95
V8NAL5_IPR045860_1_74-134,none,monomer,genus:Ophiophagus,50-72
W5N5N2_IPR045860_1_58-153,none,monomer,family:Lepisosteidae,95-117
Centipede3FTx_0012_984703,manually_annotated,monomer,class:Chilopoda,95-117
Centipede3FTx_0044_60158,manually_annotated,monomer,class:Chilopoda,72-95
Centipede3FTx_0108_984703,manually_annotated,monomer,class:Chilopoda,72-95
Centipede3FTx_0140_1255758,manually_annotated,monomer,class:Chilopoda,140-162
A0A8C9Q8Y6_IPR042339_1_8-99,Ly6,monomer,class:Mammalia,72-95
A0A346CIB0_IPR045860_1_13-86,mixture,monomer,genus:Spilotes,72-95
A0A646QBR0_IPR045860_1_13-86,3FTx,monomer,family:Colubridae,72-95
A0A898IPI9_IPR045860_1_12-81,3FTx,monomer,genus:Calliophis,50-72
A0AAW1BLR8_IPR045860_1_13-85,none,monomer,genus:Crotalus,72-95
P24776_IPR003571_1_1-61,none,monomer,genus:Hemachatus,50-72
R4FIK4_IPR045860_1_13-87,3FTx,monomer,genus:Hemiaspis,72-95
R4G2L7_IPR045860_1_13-89,3FTx,monomer,genus:Vermicella,72-95
A0A6P8N9H7_IPR039237_1_1-116,Ly6,monomer,genus:Geotrypetes,95-117
A0A091D8L4_IPR016054_1_100-189,Ly6,monomer,genus:Fukomys,72-95
A0A096LQF1_IPR016054_1_113-198,mixture,multimer,genus:Poecilia,72-95
A0A1S3Q513_IPR045860_2_17-107,Ly6,multimer,family:Salmonidae,72-95
A0A315W5G7_IPR045860_1_2-88,Ly6,multimer,genus:Gambusia,72-95
A0A3P9L9J8_IPR045860_2_123-199,none,multimer,genus:Oryzias,72-95
A0A3Q2VYT3_IPR016054_1_113-193,Ly6,multimer,family:Cichlidae,72-95
A0A3Q3L785_IPR045860_1_17-92,none,monomer,genus:Mastacembelus,72-95
A0A437CIK1_IPR016054_1_110-191,Ly6,multimer,genus:Oryzias,72-95
A0A4W3GY92_IPR045860_1_11-86,none,monomer,genus:Callorhinchus,72-95
A0A670I9Q4_IPR045860_1_13-100,mixture,monomer,phylum:Chordata,72-95
A0A672KYA0_IPR016054_1_6-84,mixture,multimer,family:Cyprinidae,72-95
A0A673FRJ2_IPR016054_1_136-210,Ly6,multimer,genus:Sinocyclocheilus,72-95
A0A6J0V3H5_IPR016054_1_35-120,Ly6,monomer,genus:Pogona,72-95
A0A6P4ZYZ8_IPR045860_1_24-109,none,monomer,genus:Branchiostoma,72-95
A0A6P6LZI7_IPR016054_2_20-102,mixture,multimer,family:Cyprinidae,72-95
A0A6P7Z8D7_IPR045860_1_18-103,none,monomer,genus:Microcaecilia,72-95
A0A7J6BVA9_IPR045860_1_19-134,none,multimer,genus:Onychostoma,95-117
A0A7K6RS80_IPR016054_1_20-118,mostly_Ly6,monomer,class:Aves,72-95
A0A7L2CSC1_IPR045860_1_1-81,none,monomer,order:Passeriformes,72-95
A0A8B6CLC7_IPR045860_1_21-105,none,monomer,genus:Mytilus,72-95
A0A8B9WHW9_IPR016054_1_21-139,Ly6,monomer,genus:Bos,117-140
A0A8C6Y153_IPR045860_1_20-92,none,monomer,family:Elapidae,72-95
A0A8C8WAL4_IPR016054_1_25-118,Ly6,monomer,order:Carnivora,95-117
A0A8C9JP44_IPR045860_1_32-84,none,monomer,family:Felidae,50-72
A0A8T2IAB5_IPR045860_1_1-64,none,monomer,genus:Hymenochirus,50-72
A0A9Q1E7G0_IPR016054_1_21-112,Ly6,monomer,genus:Synaphobranchus,72-95
A0AA39MC99_IPR045860_1_12-92,none,monomer,genus:Steinernema,72-95
A0AA88P9I9_IPR016054_2_21-98,Ly6,multimer,genus:Cirrhinus,72-95
A0AAE0UVC5_IPR045860_3_134-200,Ly6,multimer,genus:Hemibagrus,50-72
A0AAN8BWB3_IPR045860_1_17-72,none,monomer,genus:Champsocephalus,50-72
A0AAV7V322_IPR016054_1_21-104,Ly6,monomer,genus:Pleurodeles,72-95
A0AAW0MP18_IPR045860_5_282-359,Ly6,multimer,genus:Mugilogobius,72-95
A0AAW1EFE9_IPR035076_1_22-79,none,monomer,genus:Zoarces,50-72
A0ABD0VWG2_IPR016054_1_23-113,none,monomer,genus:Umbra,72-95
H2YSM5_IPR045860_1_128-210,none,monomer,genus:Ciona,72-95
M7APV6_IPR016054_1_101-186,Ly6,monomer,order:Testudines,72-95
W5MCW4_IPR016054_1_111-195,Ly6,multimer,genus:Lepisosteus,72-95
A0A8C0G0D2_IPR038773_1_32-127,none,monomer,genus:Chelonoidis,95-117
A0A093I8U2_IPR016054_1_3-90,mixture,multimer,class:Aves,72-95
A0A0A0QTG2_IPR045860_2_116-195,Ly6,multimer,genus:Pleurodeles,72-95
A0A0A0QUZ1_IPR045860_1_100-181,mixture,mixture,genus:Pleurodeles,72-95
A0A0D9S194_IPR016054_1_47-116,Ly6,multimer,order:Primates,50-72
A0A0F7JIY5_IPR045860_2_115-193,mixture,mixture,family:Salamandridae,72-95
A0A1B8XXC0_IPR045860_2_3-90,Ly6,multimer,genus:Xenopus,72-95
A0A1L8FPT3_IPR045860_2_18-104,Ly6,mixture,family:Pipidae,72-95
A0A1S3F5D5_IPR045860_2_116-195,Ly6,multimer,genus:Dipodomys,72-95
A0A1U7T1I5_IPR016054_3_47-112,mostly_Ly6,mixture,class:Mammalia,50-72
A0A2H6NAG6_IPR045860_2_117-186,Ly6,multimer,genus:Micrurus,50-72
A0A2K6FUC7_IPR016054_1_130-181,Ly6,monomer,genus:Propithecus,50-72
A0A340XAN3_IPR016054_3_20-111,mixture,mixture,class:Mammalia,72-95
A0A3B3SS21_IPR016054_1_21-107,none,monomer,genus:Paramormyrops,72-95
A0A3N0XQM4_IPR016054_1_19-103,Ly6,monomer,genus:Anabarilius,72-95
A0A3Q0DPB8_IPR016054_1_131-202,Ly6,multimer,genus:Carlito,50-72
A0A3Q2WJ65_IPR016054_1_19-90,Ly6,monomer,genus:Haplochromis,50-72
A0A485MYW5_IPR051445_1_2-136,Ly6,monomer,family:Felidae,117-140
A0A4D9DNE6_IPR045860_2_71-159,none,multimer,genus:Platysternon,72-95
A0A513ZV73_IPR045860_2_114-200,Ly6,multimer,genus:Hyloscirtus,72-95
A0A5N5LVF2_IPR016054_1_110-190,Ly6,multimer,order:Siluriformes,72-95
A0A668A6Z7_IPR045860_1_32-99,mixture,monomer,class:Actinopteri,50-72
A0A672HWU7_IPR045860_1_105-163,Ly6,multimer,genus:Salarias,50-72
A0A673AVW4_IPR045860_2_3-56,Ly6,multimer,genus:Sphaeramia,50-72
A0A673YZ83_IPR016054_1_135-219,Ly6,mixture,family:Salmonidae,72-95
A0A6J0SH02_IPR016054_1_20-108,Ly6,mixture,genus:Pogona,72-95
A0A6J3FY28_IPR051445_1_7-146,Ly6,monomer,genus:Sapajus,117-140
A0A6P3RNA6_IPR045860_2_26-111,Ly6,multimer,genus:Pteropus,72-95
A0A6P5L1I1_IPR051445_1_1-126,Ly6,monomer,genus:Phascolarctos,117-140
A0A6P7K862_IPR045860_1_17-105,Ly6,monomer,genus:Parambassis,72-95
A0A6P7X2V6_IPR045860_1_20-106,Ly6,monomer,genus:Microcaecilia,72-95
A0A7J6A8X9_IPR016054_1_112-196,Ly6,multimer,genus:Ameiurus,72-95
A0A7J7F9P4_IPR051445_1_1-154,none,monomer,genus:Diceros,140-162
A0A7J7TIH1_IPR016054_1_23-116,Ly6,monomer,family:Vespertilionidae,72-95
A0A803T097_IPR045860_2_113-189,Ly6,multimer,genus:Anolis,72-95
A0A813YTJ6_IPR016054_1_24-106,none,monomer,genus:Brachionus,72-95
A0A8B8ADZ3_IPR045860_2_140-224,none,multimer,genus:Crassostrea,72-95
A0A8C2ZCT5_IPR045860_1_17-84,Ly6,monomer,genus:Cyclopterus,50-72
A0A8C5RIL6_IPR045860_2_79-184,Ly6,multimer,family:Elapidae,95-117
A0A8C5WDH1_IPR045860_1_19-105,Ly6,multimer,genus:Leptobrachium,72-95
A0A8C6G4T4_IPR016054_2_12-92,none,multimer,genus:Mus,72-95
A0A8C8ZD79_IPR045860_3_211-280,none,multimer,class:Mammalia,50-72
A0A8D2J4N1_IPR045860_1_82-136,Ly6,monomer,genus:Varanus,50-72
A0A8D2ZX06_IPR016054_1_19-91,Ly6,monomer,genus:Scophthalmus,72-95
A0A8J0TDW2_IPR045860_1_112-198,Ly6,multimer,genus:Xenopus,72-95
A0A8J1L821_IPR045860_1_110-191,Ly6,multimer,genus:Xenopus,72-95
A0A8J5MTZ7_IPR016054_1_18-104,Ly6,monomer,genus:Homarus,72-95
A0A8S3UAM2_IPR016054_2_141-232,none,multimer,genus:Mytilus,72-95
A0A8T1RYG7_IPR016054_1_21-109,Ly6,multimer,genus:Chelydra,72-95
A0A8T2IQ79_IPR045860_2_8-94,Ly6,multimer,genus:Hymenochirus,72-95
A0A8T2N9Z3_IPR016054_1_87-172,Ly6,mixture,genus:Albula,72-95
A0A9F2RBY1_IPR016054_1_21-118,Ly6,multimer,genus:Python,95-117
A0A9P1MXI2_IPR016054_1_24-134,mixture,monomer,genus:Caenorhabditis,95-117
A0A9Q0XM58_IPR045860_1_21-106,Ly6,monomer,genus:Phrynocephalus,72-95
A0A9Q1E1Q9_IPR045860_1_18-106,Ly6,monomer,genus:Conger,72-95
A0A9X0D823_IPR045860_1_64-151,Ly6,monomer,genus:Desmophyllum,72-95
A0AA35KNX6_IPR045860_2_139-226,Ly6,multimer,genus:Podarcis,72-95
A0AA35KQ56_IPR045860_1_111-196,Ly6,multimer,genus:Podarcis,72-95
A0AA35PCR3_IPR045860_2_97-156,Ly6,multimer,genus:Podarcis,50-72
A0AA41T421_IPR051445_1_38-162,Ly6,monomer,family:Sciuridae,117-140
A0AA88MBN9_IPR045860_1_21-109,Ly6,monomer,family:Bagridae,72-95
A0AA97KD22_IPR045860_2_17-102,Ly6,multimer,genus:Eublepharis,72-95
A0AA97LL31_IPR016054_2_18-103,Ly6,multimer,genus:Eublepharis,72-95
A0AAD1WR43_IPR045860_4_452-544,Ly6,multimer,genus:Pelobates,72-95
A0AAD9QPL6_IPR045860_1_44-133,Ly6,monomer,genus:Acropora,72-95
A0AAQ4RVD6_IPR045860_1_19-104,Ly6,monomer,genus:Gasterosteus,72-95
A0AAU9XF57_IPR045860_4_497-579,Ly6,multimer,family:Pocilloporidae,72-95
A0AAV2ZPP4_IPR045860_2_93-182,Ly6,multimer,genus:Pyxicephalus,72-95
A0AAV6GDJ0_IPR045860_2_24-108,Ly6,multimer,genus:Alosa,72-95
A0AAV6ZHA0_IPR045860_1_17-103,Ly6,monomer,genus:Engystomops,72-95
A0AAV6ZPX5_IPR045860_2_41-125,mixture,multimer,genus:Engystomops,72-95
A0AAV7MS16_IPR016054_1_19-100,Ly6,multimer,genus:Pleurodeles,72-95
A0AAV7Q0A2_IPR045860_1_18-102,Ly6,multimer,genus:Pleurodeles,72-95
A0AAW0NR19_IPR016054_1_19-114,Ly6,monomer,class:Actinopteri,95-117
A0AAY5JZN7_IPR045860_1_18-105,Ly6,monomer,genus:Esox,72-95
A0ABD0WFJ7_IPR045860_1_18-104,none,monomer,genus:Umbra,72-95
A0ABD2PD75_IPR045860_1_18-103,none,monomer,genus:Cryptolaemus,72-95
D4A8W4_IPR016054_1_20-99,Ly6,monomer,family:Muridae,72-95
E9PX31_IPR016054_1_47-141,Ly6,monomer,genus:Mus,72-95
F7A6Y8_IPR045860_1_19-103,Ly6,monomer,phylum:Chordata,72-95
G1R7A5_IPR016054_1_28-98,Ly6,monomer,genus:Nomascus,50-72
G3U3I9_IPR016054_1_20-98,Ly6,monomer,genus:Loxodonta,72-95
G5AWG4_IPR051445_1_1-132,Ly6,monomer,genus:Heterocephalus,117-140
G7PXS0_IPR045860_3_120-211,Ly6,multimer,family:Cercopithecidae,72-95
H2MZD7_IPR016054_1_111-196,Ly6,multimer,genus:Oryzias,72-95
H9G8Z5_IPR045860_1_18-105,Ly6,multimer,genus:Anolis,72-95
J3S0I2_IPR045860_1_113-193,Ly6,mixture,genus:Crotalus,72-95
L5LYC3_IPR016054_4_901-970,Ly6,multimer,genus:Myotis,50-72
Q4FAG4_IPR045860_1_113-195,Ly6,multimer,genus:Plethodon,72-95
Q9D1X6_IPR051445_1_20-120,Ly6,monomer,class:Mammalia,95-117
A0A9B0HBA7_IPR026524_1_1-291,none,mixture,class:Mammalia,275-297
G1U647_IPR026524_1_4-124,none,monomer,genus:Oryctolagus,117-140
A0A401NLM6_IPR039457_1_4-169,Ly6,monomer,genus:Scyliorhinus,162-185
A0A6I8NPC1_IPR039457_1_5-169,Ly6,monomer,genus:Ornithorhynchus,162-185
A0A8C4SDL5_IPR039457_1_13-170,Ly6,monomer,phylum:Chordata,140-162
A0A034VF06_IPR031424_1_21-122,none,monomer,family:Tephritidae,95-117
A0A068WMH4_IPR045860_1_37-139,mixture,monomer,order:Cyclophyllidea,95-117
A0A0K0F403_IPR031424_1_22-111,none,monomer,order:Rhabditida,72-95
A0A0M3HND8_IPR031424_1_7-107,mixture,monomer,order:Rhabditida,95-117
A0A0N5BKE2_IPR031424_1_23-119,Quiver,monomer,genus:Strongyloides,95-117
A0A183MZ51_IPR031424_1_26-124,mixture,monomer,genus:Schistosoma,95-117
A0A1A9UN50_IPR031424_1_17-137,none,monomer,genus:Glossina,117-140
A0A1B6CXX9_IPR031424_1_23-157,none,monomer,genus:Clastoptera,117-140
A0A1B6H348_IPR031424_1_38-151,none,monomer,genus:Cuerna,95-117
A0A1D1VWX7_IPR031424_1_26-110,Quiver,monomer,genus:Ramazzottius,72-95
A0A1S3KI38_IPR031424_1_22-105,Quiver,monomer,genus:Lingula,72-95
A0A1W0W9W8_IPR031424_1_154-235,none,multimer,genus:Hypsibius,72-95
A0A2J7QW68_IPR031424_1_4-126,none,monomer,genus:Cryptotermes,117-140
A0A336KJT5_IPR031424_1_26-125,none,monomer,genus:Culicoides,95-117
A0A409V6U4_IPR045860_1_23-119,none,monomer,genus:Mytilus,95-117
A0A4Z2D469_IPR045860_1_24-120,mixture,monomer,genus:Schistosoma,95-117
A0A553PH02_IPR031424_1_31-154,Quiver,monomer,genus:Tigriopus,117-140
A0A6A4WTC2_IPR031424_1_15-103,none,monomer,genus:Amphibalanus,72-95
A0A6J2JIP2_IPR031424_1_24-123,none,monomer,genus:Bombyx,95-117
A0A6J2YPJ8_IPR031424_1_75-162,Scoloptoxin,monomer,genus:Sitophilus,72-95
A0A6P3WTN8_IPR031424_1_31-146,none,monomer,genus:Dinoponera,95-117
A0A6P7U135_IPR031424_1_49-136,mixture,monomer,genus:Octopus,72-95
A0A7F5RM31_IPR045860_1_17-109,none,monomer,genus:Agrilus,72-95
A0A7I8V658_IPR031424_1_22-100,none,monomer,class:Polychaeta,72-95
A0A7J7K6D5_IPR031424_1_121-210,none,monomer,genus:Bugula,72-95
A0A7R8CZ69_IPR031424_1_175-249,mixture,monomer,class:Hexanauplia,72-95
A0A7R9KLT8_IPR031424_1_45-148,Quiver,monomer,family:Oppiidae,95-117
A0A811KHI8_IPR031424_1_29-101,none,monomer,genus:Bursaphelenchus,72-95
A0A814CT27_IPR045860_1_23-105,Quiver,monomer,genus:Adineta,72-95
A0A815MPN8_IPR031424_1_21-108,Quiver,monomer,genus:Adineta,72-95
A0A834K806_IPR045860_1_24-111,mixture,monomer,order:Hymenoptera,72-95
A0A8B7Y4A2_IPR045860_1_17-109,Ly6,monomer,genus:Acanthaster,72-95
A0A8D8ZZ18_IPR031424_1_24-140,none,monomer,genus:Cacopsylla,95-117
A0A8K0CLV1_IPR045860_1_20-114,Quiver,monomer,genus:Ignelater,72-95
A0A8K0KP59_IPR031424_1_21-146,none,monomer,genus:Ladona,117-140
A0A8S0ZMY3_IPR031424_1_26-122,mixture,mixture,order:Lepidoptera,95-117
A0A8S3Z1K3_IPR045860_1_17-113,Quiver,monomer,genus:Candidula,95-117
A0A8W8KXG7_IPR045860_1_22-115,mixture,monomer,family:Ostreidae,72-95
A0A9D3YUZ3_IPR031424_1_43-128,Quiver,monomer,genus:Dreissena,72-95
A0A9D4J5Z8_IPR045860_1_23-120,Quiver,monomer,genus:Dreissena,95-117
A0A9N9TL37_IPR031424_1_20-93,none,monomer,genus:Phyllotreta,72-95
A0A9P0CKC3_IPR031424_1_24-121,Ly6,monomer,genus:Psylliodes,95-117
A0A9P1HP15_IPR045860_1_20-113,Quiver,monomer,genus:Auanema,72-95
A0A9Q0MMY5_IPR031424_1_79-168,none,monomer,order:Diptera,72-95
A0A9X6NEA2_IPR031424_1_21-110,none,monomer,genus:Hypsibius,72-95
A0AA89BQM1_IPR031424_1_4-104,Quiver,monomer,genus:Pinctada,95-117
A0AAD7ZWE4_IPR031424_1_3-120,none,monomer,genus:Diploptera,117-140
A0AAE9ECB9_IPR031424_1_30-169,mixture,monomer,genus:Caenorhabditis,117-140
A0AAN9W9F5_IPR031424_1_10-111,none,monomer,genus:Gryllus,95-117
A0AAV4DQF9_IPR045860_1_15-105,none,monomer,genus:Plakobranchus,72-95
A0AAV7J5C1_IPR031424_1_26-158,none,monomer,genus:Cotesia,117-140
A0AAV8XPC6_IPR031424_1_13-106,none,monomer,genus:Aromia,72-95
A0AAW0VUI4_IPR031424_1_3-92,none,monomer,order:Decapoda,72-95
A0AAW1UZC9_IPR031424_1_19-128,none,monomer,genus:Henosepilachna,95-117
A0ABD0SPB8_IPR031424_1_24-135,none,monomer,genus:Loxostege,95-117
A0ABD1DCX9_IPR031424_1_561-618,none,monomer,genus:Culex,50-72
A0ABD2N700_IPR031424_1_20-115,none,monomer,genus:Cryptolaemus,95-117
A0ABD3WPF0_IPR045860_1_27-113,none,monomer,genus:Sinanodonta,72-95
D6WXR8_IPR031424_1_21-133,none,monomer,genus:Tribolium,95-117
T1KRZ1_IPR031424_1_23-125,none,monomer,genus:Tetranychus,95-117
V4AFQ7_IPR031424_1_44-125,none,monomer,genus:Lottia,72-95
A0A9W2X6I2_IPR051445_1_47-112,none,monomer,genus:Physeter,50-72
A0A0A9Z6U3_IPR045860_1_30-136,none,monomer,family:Miridae,95-117
A0A0B2V4S8_IPR045860_1_1-70,none,monomer,order:Rhabditida,72-95
A0A0B6Z503_IPR045860_1_35-119,none,monomer,genus:Arion,72-95
A0A0D2MR91_IPR045860_1_17-73,none,monomer,genus:Monoraphidium,50-72
A0A0K8UMB3_IPR045860_1_167-244,none,monomer,order:Diptera,72-95
A0A0N4X9U5_IPR045860_1_14-96,none,monomer,family:Trichostrongylidae,72-95
A0A0N5BVY0_IPR045860_1_32-99,none,monomer,genus:Strongyloides,50-72
A0A139WHA9_IPR045860_1_17-97,none,monomer,genus:Tribolium,72-95
A0A154P9I0_IPR045860_1_58-170,none,monomer,order:Hymenoptera,95-117
A0A1B6E1Y6_IPR045860_1_32-136,none,monomer,genus:Clastoptera,95-117
A0A1I7UNG9_IPR045860_1_23-105,none,monomer,genus:Caenorhabditis,72-95
A0A1I7YZB3_IPR045860_1_24-103,Ly6,monomer,genus:Steinernema,72-95
A0A1S3IMF4_IPR045860_1_21-96,Quiver,monomer,genus:Lingula,72-95
A0A1W0X3H8_IPR045860_1_33-110,none,monomer,genus:Hypsibius,72-95
A0A1Y1KNY7_IPR045860_1_24-111,none,monomer,family:Lampyridae,72-95
A0A210PQZ8_IPR045860_1_137-211,none,monomer,genus:Mizuhopecten,72-95
A0A267G212_IPR045860_1_35-111,none,monomer,genus:Macrostomum,72-95
A0A2A6D058_IPR045860_1_37-127,none,monomer,genus:Pristionchus,72-95
A0A2G8K029_IPR045860_1_6-85,none,monomer,genus:Apostichopus,72-95
A0A2I3FXJ3_IPR045860_1_55-153,none,monomer,phylum:Chordata,95-117
A0A2I4B5D5_IPR045860_1_17-94,none,monomer,genus:Austrofundulus,72-95
A0A2I5KCC1_IPR045860_1_22-131,none,monomer,genus:Oopsacas,95-117
A0A2K5MZP9_IPR045860_1_30-106,none,monomer,order:Primates,72-95
A0A2P1DVD9_IPR045860_1_24-125,none,monomer,genus:Meara,95-117
A0A315VA20_IPR045860_1_21-78,mixture,monomer,class:Actinopteri,50-72
A0A336MK85_IPR045860_1_62-170,none,monomer,genus:Culicoides,95-117
A0A3B3IP69_IPR045860_1_33-95,Ly6,monomer,genus:Oryzias,50-72
A0A3B4WVM8_IPR045860_1_19-74,Ly6,monomer,genus:Seriola,50-72
A0A3B4Z9P1_IPR045860_1_23-140,none,mixture,class:Actinopteri,95-117
A0A3N0YL70_IPR045860_1_20-97,none,monomer,family:Xenocyprididae,72-95
A0A3Q0H916_IPR045860_1_67-161,none,monomer,order:Crocodylia,72-95
A0A3Q2YHM3_IPR045860_1_27-146,none,monomer,genus:Hippocampus,117-140
A0A3Q3WL69_IPR045860_1_18-87,Ly6,monomer,genus:Mola,50-72
A0A401PND9_IPR045860_1_24-95,none,monomer,genus:Scyliorhinus,50-72
A0A443SV93_IPR045860_1_42-99,none,monomer,genus:Leptotrombidium,50-72
A0A454Y0K6_IPR045860_1_19-96,none,monomer,genus:Pristionchus,72-95
A0A482VU55_IPR045860_1_10-111,none,monomer,order:Coleoptera,95-117
A0A4U5LZ18_IPR045860_1_27-101,Ly6,monomer,genus:Steinernema,72-95
A0A4U5PGP9_IPR045860_1_12-88,Ly6,monomer,genus:Steinernema,72-95
A0A4W6C2V2_IPR045860_1_13-76,mixture,mixture,genus:Lates,50-72
A0A553NEH9_IPR045860_1_44-126,none,monomer,genus:Tigriopus,72-95
A0A5F4WEP0_IPR045860_1_159-273,none,monomer,class:Mammalia,95-117
A0A668AM26_IPR045860_1_16-81,Ly6,monomer,genus:Myripristis,50-72
A0A672HY26_IPR045860_1_43-117,mixture,mixture,genus:Salarias,72-95
A0A672L629_IPR045860_1_11-92,none,monomer,genus:Sinocyclocheilus,72-95
A0A6A4VSV5_IPR045860_1_5-57,none,monomer,genus:Amphibalanus,50-72
A0A6F9DH63_IPR045860_1_22-113,none,monomer,genus:Phallusia,72-95
A0A6G0TVT3_IPR045860_1_22-120,mixture,monomer,family:Aphididae,95-117
A0A6H5FTK5_IPR045860_1_21-79,none,monomer,genus:Nesidiocoris,50-72
A0A6I9X199_IPR045860_1_16-99,none,monomer,genus:Thamnophis,72-95
A0A6J1MHM2_IPR045860_1_40-146,none,monomer,genus:Bicyclus,95-117
A0A6J1WF31_IPR045860_1_41-133,none,monomer,genus:Galleria,72-95
A0A6J2UVP1_IPR045860_1_30-110,none,monomer,genus:Chanos,72-95
A0A6J3BYJ0_IPR045860_1_361-443,none,monomer,genus:Galleria,72-95
A0A6J8DGY3_IPR045860_1_75-168,none,monomer,genus:Mytilus,72-95
A0A6P3WZ07_IPR045860_1_31-109,none,monomer,family:Formicidae,72-95
A0A6P5A2F8_IPR045860_1_21-104,none,monomer,genus:Branchiostoma,72-95
A0A6P8EZ06_IPR045860_1_18-92,none,monomer,genus:Clupea,72-95
A0A6P8HQV6_IPR045860_1_58-152,none,monomer,genus:Actinia,72-95
A0A6P8IXG5_IPR045860_1_26-122,none,monomer,genus:Actinia,95-117
A0A6P8QZX9_IPR045860_1_18-96,none,monomer,order:Gymnophiona,72-95
A0A6P8ZWP2_IPR045860_1_31-133,none,monomer,genus:Thrips,95-117
A0A6P9DBK2_IPR045860_1_17-104,none,monomer,genus:Pantherophis,72-95
A0A6Q2XKB3_IPR045860_1_26-102,none,monomer,genus:Esox,72-95
A0A7J6AC34_IPR045860_1_119-201,mixture,monomer,family:Ictaluridae,72-95
A0A7L1N2S4_IPR045860_1_7-99,none,monomer,genus:Rhinopomastus,72-95
A0A7L3V3L4_IPR045860_1_100-208,none,monomer,genus:Molothrus,95-117
A0A7R9LVN4_IPR045860_1_1-105,none,monomer,family:Oppiidae,95-117
A0A813ZHD3_IPR045860_1_27-100,none,monomer,genus:Adineta,72-95
A0A814R7U8_IPR045860_1_26-86,none,monomer,genus:Brachionus,50-72
A0A819JFM7_IPR045860_1_25-96,none,monomer,genus:Adineta,50-72
A0A8B6F8I9_IPR045860_1_155-234,mixture,multimer,genus:Mytilus,72-95
A0A8B6XZH0_IPR045860_1_31-114,mixture,monomer,genus:Hydra,72-95
A0A8B7P3U4_IPR045860_1_521-611,none,monomer,genus:Hyalella,72-95
A0A8C3D2K9_IPR045860_1_182-260,none,monomer,class:Aves,72-95
A0A8C3PA84_IPR045860_1_16-99,none,monomer,order:Testudines,72-95
A0A8C4R0S1_IPR045860_1_2-66,none,monomer,genus:Eptatretus,50-72
A0A8C4SMF9_IPR045860_1_30-144,none,monomer,family:Polypteridae,95-117
A0A8C4X7J9_IPR045860_2_30-125,none,multimer,family:Polypteridae,95-117
A0A8C5MIM0_IPR045860_1_20-120,none,monomer,phylum:Chordata,95-117
A0A8C5PT57_IPR045860_1_33-104,Ly6,monomer,genus:Leptobrachium,50-72
A0A8C5S8K0_IPR045860_1_13-95,none,monomer,genus:Laticauda,72-95
A0A8C6P3P8_IPR045860_1_26-102,Ly6,monomer,genus:Nothobranchius,72-95
A0A8C6TXP5_IPR045860_1_27-103,none,monomer,genus:Neogobius,72-95
A0A8C7R5W5_IPR045860_1_2-56,none,monomer,genus:Oncorhynchus,50-72
A0A8F8ASX3_IPR045860_1_58-126,none,monomer,genus:Halisarca,50-72
A0A8I6RXT9_IPR045860_1_24-124,none,monomer,genus:Cimex,95-117
A0A8K0CU48_IPR045860_1_24-107,none,monomer,genus:Ignelater,72-95
A0A8R2G991_IPR045860_1_13-96,none,monomer,genus:Bombyx,72-95
A0A8S3T706_IPR045860_1_58-137,none,monomer,genus:Mytilus,72-95
A0A8S4NWR2_IPR045860_1_1124-1209,none,monomer,genus:Owenia,72-95
A0A8S9YHN6_IPR045860_1_25-85,none,monomer,genus:Paragonimus,50-72
A0A8T0BCI2_IPR045860_1_1-59,none,monomer,genus:Silurus,50-72
A0A913YKM6_IPR045860_1_18-110,none,monomer,genus:Exaiptasia,72-95
A0A914ENM8_IPR045860_1_24-98,none,monomer,genus:Acrobeloides,72-95
A0A914ITR9_IPR045860_1_19-101,none,monomer,family:Panagrolaimidae,72-95
A0A914S8F0_IPR045860_1_96-173,none,monomer,genus:Panagrolaimus,72-95
A0A914VU19_IPR045860_1_63-172,none,monomer,genus:Plectus,95-117
A0A915KCD7_IPR045860_1_23-123,none,monomer,genus:Romanomermis,95-117
A0A9D4CBF8_IPR045860_1_2-70,none,monomer,genus:Dreissena,50-72
A0A9D4II52_IPR045860_1_22-94,none,monomer,genus:Dreissena,72-95
A0A9D4R2Q3_IPR045860_1_13-106,none,monomer,genus:Dreissena,72-95
A0A9J7MPP4_IPR045860_1_422-504,none,monomer,genus:Branchiostoma,72-95
A0A9N7YGV1_IPR045860_1_1-73,none,monomer,genus:Pleuronectes,72-95
A0A9N9SJ32_IPR045860_1_36-129,none,monomer,genus:Phaedon,72-95
A0A9P0ARL2_IPR045860_1_21-102,none,monomer,genus:Brassicogethes,72-95
A0A9P0F3X0_IPR045860_1_77-185,none,monomer,genus:Bemisia,95-117
A0A9P0JKT6_IPR045860_1_17-110,none,monomer,family:Chrysomelidae,72-95
A0A9P1HIY3_IPR045860_1_42-136,none,monomer,genus:Auanema,72-95
A0A9Q1AX85_IPR045860_1_8-68,Ly6,monomer,genus:Phrynocephalus,50-72
A0A9U8DUS1_IPR045860_1_25-113,none,monomer,genus:Biomphalaria,72-95
A0A9W9YUU3_IPR045860_1_6-80,none,monomer,genus:Desmophyllum,72-95
A0A9X0A5Y2_IPR045860_1_18-78,Ly6,monomer,genus:Desmophyllum,50-72
A0AA35JTE3_IPR045860_1_505-592,mixture,multimer,genus:Podarcis,72-95
A0AA35KPM3_IPR045860_2_11-96,Ly6,multimer,genus:Podarcis,72-95
A0AA35PD96_IPR045860_1_58-148,none,multimer,genus:Podarcis,72-95
A0AA36B5G1_IPR045860_1_46-140,none,monomer,genus:Octopus,72-95
A0AA36HC41_IPR045860_1_21-91,none,monomer,genus:Cylicocyclus,50-72
A0AA38M768_IPR045860_1_23-109,Quiver,monomer,genus:Zophobas,72-95
A0AA39IBJ6_IPR045860_1_14-84,none,monomer,genus:Steinernema,50-72
A0AA88H8Q8_IPR045860_1_23-125,none,monomer,genus:Artemia,95-117
A0AAD6AS67_IPR045860_1_20-81,Ly6,monomer,class:Actinopteri,50-72
A0AAD8YY28_IPR045860_3_221-305,none,multimer,genus:Electrophorus,72-95
A0AAD9JQK8_IPR045860_1_21-101,none,monomer,genus:Paralvinella,72-95
A0AAD9V966_IPR045860_1_18-108,none,monomer,genus:Acropora,72-95
A0AAF3EBJ1_IPR045860_1_80-200,none,monomer,genus:Mesorhabditis,117-140
A0AAF3J618_IPR045860_1_16-105,none,monomer,genus:Mesorhabditis,72-95
A0AAJ7T7K9_IPR045860_1_76-161,Ly6,monomer,phylum:Chordata,72-95
A0AAN4ZRF4_IPR045860_1_23-98,none,monomer,genus:Pristionchus,72-95
A0AAN5HZ83_IPR045860_1_32-121,none,monomer,genus:Pristionchus,72-95
A0AAN8FBW2_IPR045860_1_24-137,none,monomer,genus:Trichostrongylus,95-117
A0AAN8J9C8_IPR045860_1_18-101,Ly6,monomer,genus:Patella,72-95
A0AAU9X850_IPR045860_1_19-124,SPF,monomer,genus:Pocillopora,95-117
A0AAV1QE31_IPR045860_2_110-193,mixture,mixture,genus:Scomber,72-95
A0AAV2H922_IPR045860_1_2476-2547,none,monomer,genus:Lymnaea,50-72
A0AAV4FPX7_IPR045860_1_55-123,Ly6,monomer,genus:Elysia,50-72
A0AAV5TWQ3_IPR045860_1_1-65,none,monomer,genus:Pristionchus,50-72
A0AAV5W968_IPR045860_1_108-192,none,monomer,genus:Pristionchus,72-95
A0AAV6ZDP8_IPR045860_1_28-120,none,monomer,genus:Engystomops,72-95
A0AAV6ZV20_IPR045860_1_18-103,SPF,monomer,genus:Engystomops,72-95
A0AAV7HWG6_IPR045860_1_60-157,none,monomer,genus:Cotesia,95-117
A0AAV9R3Q0_IPR045860_1_28-132,none,monomer,class:Actinopteri,95-117
A0AAW0MIX8_IPR045860_1_149-207,none,monomer,genus:Mugilogobius,50-72
A0AAW1U823_IPR045860_1_26-102,none,monomer,genus:Henosepilachna,72-95
A0AAZ1XV24_IPR045860_1_22-97,none,monomer,genus:Oreochromis,72-95
A0ABD0SC94_IPR045860_1_57-158,none,monomer,genus:Loxostege,95-117
A0ABD1F0X0_IPR045860_1_28-130,none,monomer,genus:Hypothenemus,95-117
A0ABD1KY43_IPR045860_1_1-51,none,monomer,genus:Coilia,50-72
A0ABD3XFJ6_IPR045860_1_41-117,none,monomer,genus:Sinanodonta,72-95
A8Y3S9_IPR045860_1_524-599,mixture,monomer,genus:Caenorhabditis,72-95
E4WTW1_IPR045860_1_29-110,none,monomer,genus:Oikopleura,72-95
F1L2N0_IPR045860_1_56-157,none,monomer,order:Rhabditida,95-117
F7A7S2_IPR045860_1_16-98,Ly6,monomer,genus:Ciona,72-95
G3VDB6_IPR045860_1_40-124,none,monomer,class:Mammalia,95-117
H2XTF9_IPR045860_1_20-103,Ly6,monomer,genus:Ciona,72-95
H2ZPL3_IPR045860_1_18-110,none,monomer,genus:Ciona,72-95
J9ABH8_IPR045860_1_2-67,none,monomer,genus:Wuchereria,50-72
L8IZU0_IPR045860_1_26-80,none,monomer,genus:Bos,50-72
Q6A597_IPR045860_1_41-140,mixture,monomer,genus:Caenorhabditis,72-95
T1FB38_IPR045860_1_12-101,none,monomer,genus:Helobdella,72-95
T1KBG2_IPR045860_1_20-118,mixture,monomer,order:Trombidiformes,95-117
U5EVS8_IPR045860_1_53-150,none,monomer,genus:Corethrella,95-117
V8NFQ6_IPR045860_1_18-109,none,monomer,order:Squamata,72-95
W8AZ14_IPR045860_1_27-99,none,monomer,genus:Ceratitis,72-95
Centipede3FTx_0045_60158,manually_annotated,monomer,class:Chilopoda,117-140
Centipede3FTx_0077_61981,manually_annotated,monomer,class:Chilopoda,117-140
Centipede3FTx_0109_984703,manually_annotated,monomer,class:Chilopoda,117-140
A0A8C9QBY8_IPR042339_1_1-126,none,monomer,genus:Spermophilus,117-140
A0A098LYH6_IPR045860_1_13-92,3FTx,monomer,genus:Pantherophis,72-95
A0A193CHL1_IPR045860_1_35-109,mostly_3FTx,monomer,family:Colubridae,72-95
A0A898IKR2_IPR045860_1_14-78,3FTx,monomer,genus:Calliophis,50-72
A0A898IPK1_IPR045860_1_12-78,3FTx,monomer,genus:Calliophis,50-72
A0A8J9Z9R8_IPR045860_1_22-104,mixture,mixture,genus:Branchiostoma,72-95
A0AAW1BLY0_IPR045860_1_13-86,none,monomer,genus:Crotalus,72-95
F8J2E1_IPR045860_1_13-88,none,monomer,genus:Drysdalia,72-95
P34073_IPR045860_1_1-73,none,monomer,genus:Acanthophis,72-95
Q70WS8_IPR003571_1_22-83,none,monomer,genus:Bungarus,50-72
R4G2M0_IPR045860_1_12-79,3FTx,monomer,genus:Vermicella,50-72
A0A315W5G7_IPR045860_2_94-180,Ly6,multimer,genus:Gambusia,72-95
A0A3B1ISK3_IPR016054_1_43-132,mixture,multimer,genus:Astyanax,72-95
A0A3M7Q1X2_IPR045860_1_22-121,none,monomer,genus:Brachionus,95-117
A0A3Q3MIX5_IPR045860_1_13-80,none,monomer,genus:Mastacembelus,50-72
A0A4W4DY79_IPR045860_1_51-127,Ly6,mixture,genus:Electrophorus,72-95
A0A4X2K2K4_IPR045860_1_15-101,none,monomer,genus:Vombatus,72-95
A0A5A9PDS7_IPR045860_1_27-113,Ly6,multimer,genus:Triplophysa,72-95
A0A6A5F0Q3_IPR016054_1_87-169,Ly6,multimer,genus:Perca,72-95
A0A6J8DL90_IPR045860_1_57-142,none,mixture,genus:Mytilus,72-95
A0A6P7ZEH9_IPR045860_1_19-106,mixture,monomer,order:Gymnophiona,72-95
A0A7K6HU51_IPR045860_1_1-81,mixture,monomer,class:Aves,72-95
A0A7M4F7J9_IPR045860_1_20-93,none,monomer,genus:Crocodylus,72-95
A0A7R9IQQ9_IPR045860_1_36-113,none,monomer,genus:Timema,72-95
A0A811ZYL6_IPR016054_1_21-100,Ly6,monomer,class:Mammalia,72-95
A0A8B6CMS2_IPR035076_1_23-72,none,monomer,genus:Mytilus,50-72
A0A8C2B7N1_IPR045860_1_96-173,mixture,mixture,family:Cyprinidae,50-72
A0A8C2TE59_IPR045860_1_103-183,none,monomer,genus:Coturnix,72-95
A0A8C4TDL5_IPR016054_1_20-114,Ly6,multimer,genus:Erpetoichthys,72-95
A0A8C7X225_IPR045860_2_13-88,Ly6,multimer,genus:Oryzias,72-95
A0A8D0BLR1_IPR045860_1_18-75,none,monomer,genus:Salvator,50-72
A0A8J6APF9_IPR016054_1_103-194,Ly6,monomer,genus:Galemys,72-95
A0A8T2IAU2_IPR016054_1_3-79,Ly6,monomer,genus:Hymenochirus,72-95
A0A8W8ITE4_IPR016054_2_4375-4459,Ly6,multimer,family:Ostreidae,72-95
A0A9B0T3R8_IPR051445_1_3-118,none,monomer,genus:Chrysochloris,95-117
A0A9D3Y578_IPR045860_1_59-141,none,monomer,genus:Dreissena,72-95
A0A9J7Y2Z4_IPR045860_2_11-94,mixture,mixture,genus:Cyprinus,72-95
A0AA88PF39_IPR045860_1_17-106,none,monomer,genus:Cirrhinus,72-95
A0AAE0UVC5_IPR045860_4_48-125,Ly6,multimer,genus:Hemibagrus,72-95
A0AAN9D294_IPR016054_1_1-83,Ly6,mixture,order:Cypriniformes,72-95
A0AAV3AHM7_IPR016054_1_21-110,Ly6,monomer,genus:Pyxicephalus,72-95
A0AAV7V326_IPR045860_1_16-126,none,monomer,genus:Pleurodeles,95-117
A0AAW0MP74_IPR045860_1_19-92,none,multimer,genus:Mugilogobius,72-95
A0ABD0VWT6_IPR016054_1_21-115,none,monomer,genus:Umbra,72-95
G7PD21_IPR045860_1_47-101,none,monomer,genus:Macaca,50-72
W5MCW4_IPR045860_2_10-101,Ly6,multimer,genus:Lepisosteus,72-95
A0A074Z3A9_IPR016054_1_21-128,mixture,monomer,family:Opisthorchiidae,95-117
A0A0A0QUZ1_IPR045860_2_2-91,Ly6,multimer,genus:Pleurodeles,72-95
A0A0F7JG87_IPR045860_1_18-107,Ly6,multimer,genus:Ichthyosaura,72-95
A0A151MW29_IPR045860_2_18-106,Ly6,multimer,genus:Alligator,72-95
A0A1A8IW33_IPR045860_1_19-111,Ly6,monomer,genus:Nothobranchius,72-95
A0A2K5DQS5_IPR016054_2_140-207,Ly6,multimer,genus:Aotus,50-72
A0A2K5V4T9_IPR016054_1_62-133,none,monomer,genus:Macaca,50-72
A0A2K6NTS3_IPR016054_1_20-107,Ly6,multimer,order:Primates,72-95
A0A3B4D1D3_IPR045860_1_18-92,Ly6,multimer,genus:Pygocentrus,72-95
A0A3B4V985_IPR045860_1_18-106,Ly6,monomer,class:Actinopteri,72-95
A0A3P9BBZ8_IPR045860_1_17-103,Ly6,monomer,family:Cichlidae,72-95
A0A3Q0HP24_IPR045860_1_21-77,none,multimer,genus:Alligator,50-72
A0A3Q3ICI7_IPR045860_1_3-56,Ly6,monomer,genus:Monopterus,50-72
A0A4W3H5Z3_IPR016054_1_21-107,none,monomer,genus:Callorhinchus,72-95
A0A4X1W4P9_IPR045860_1_47-100,Ly6,multimer,genus:Sus,50-72
A0A5N5LVF2_IPR016054_2_22-103,Ly6,multimer,genus:Pangasianodon,72-95
A0A665T9D6_IPR016054_1_109-196,Ly6,multimer,genus:Echeneis,72-95
A0A669D0L3_IPR045860_2_113-193,Ly6,multimer,genus:Oreochromis,72-95
A0A670IHA9_IPR016054_1_20-112,Ly6,multimer,genus:Podarcis,72-95
A0A672HWU7_IPR045860_2_11-99,Ly6,multimer,genus:Salarias,72-95
A0A673AYQ7_IPR016054_1_2-98,Ly6,multimer,genus:Sphaeramia,95-117
A0A674J103_IPR045860_2_119-171,Ly6,multimer,genus:Terrapene,50-72
A0A6G1PJJ6_IPR016054_1_115-202,Ly6,multimer,genus:Channa,72-95
A0A6J0SH02_IPR045860_2_113-200,mixture,mixture,genus:Pogona,72-95
A0A6J2BGI8_IPR016054_1_17-110,Ly6,monomer,genus:Zalophus,72-95
A0A6P3RSG9_IPR016054_1_122-174,Ly6,mixture,genus:Pteropus,50-72
A0A6P5LK94_IPR016054_1_33-113,Ly6,monomer,genus:Phascolarctos,72-95
A0A6P6DBL9_IPR016054_1_45-123,Ly6,monomer,genus:Octodon,72-95
A0A6P7XJE6_IPR016054_1_23-115,Ly6,monomer,genus:Microcaecilia,72-95
A0A6P9DNF2_IPR045860_3_193-242,Ly6,multimer,genus:Pantherophis,50-72
A0A7N8XQ58_IPR016054_1_115-209,Ly6,multimer,genus:Mastacembelus,72-95
A0A803JYZ2_IPR045860_2_52-139,mostly_Ly6,mixture,genus:Xenopus,72-95
A0A814AUT8_IPR045860_1_22-106,Ly6,mixture,genus:Brachionus,72-95
A0A8B6F2V0_IPR045860_1_2-87,Ly6,mixture,genus:Mytilus,72-95
A0A8B7V9S7_IPR016054_1_39-113,Ly6,multimer,genus:Castor,72-95
A0A8B8AEH5_IPR045860_1_60-152,mixture,mixture,family:Ostreidae,72-95
A0A8C0VU56_IPR045860_1_60-140,Ly6,monomer,genus:Castor,72-95
A0A8C1YGG5_IPR045860_1_104-180,Ly6,multimer,genus:Cyprinus,72-95
A0A8C2ZCU2_IPR045860_1_14-102,Ly6,monomer,class:Actinopteri,72-95
A0A8C5WDH1_IPR045860_2_114-194,Ly6,multimer,genus:Leptobrachium,72-95
A0A8C5XYT2_IPR016054_1_23-123,mixture,multimer,order:Primates,72-95
A0A8C6MT10_IPR045860_2_137-229,Ly6,multimer,order:Rodentia,72-95
A0A8C6R330_IPR045860_1_19-101,mostly_Ly6,monomer,class:Mammalia,72-95
A0A8C8DET7_IPR016054_1_46-132,mostly_Ly6,mixture,genus:Oryzias,72-95
A0A8C8TAG9_IPR016054_1_41-135,Ly6,monomer,genus:Peromyscus,72-95
A0A8J1XU42_IPR016054_1_701-792,none,monomer,genus:Owenia,72-95
A0A8S4AKU6_IPR045860_1_18-106,Ly6,monomer,genus:Menidia,72-95
A0A8T1RYG7_IPR045860_2_119-196,Ly6,mixture,genus:Chelydra,72-95
A0A8T2IRJ5_IPR016054_1_27-110,none,monomer,genus:Hymenochirus,72-95
A0A9D4B4B2_IPR045860_1_124-210,Ly6,multimer,order:Testudines,72-95
A0A9F2RBY1_IPR045860_2_119-205,Ly6,multimer,genus:Python,72-95
A0A9F7RBF4_IPR045860_2_227-317,Ly6,multimer,genus:Ictalurus,72-95
A0A9W3EEA4_IPR016054_1_190-264,Ly6,multimer,family:Camelidae,72-95
A0A9W8C4S7_IPR016054_1_121-204,Ly6,multimer,genus:Triplophysa,72-95
A0A9X0DAV8_IPR016054_1_252-327,none,mixture,genus:Desmophyllum,72-95
A0AA35KNY3_IPR016054_1_146-229,Ly6,multimer,genus:Podarcis,72-95
A0AA35KQ56_IPR045860_2_17-104,Ly6,multimer,genus:Podarcis,72-95
A0AA35PCS3_IPR016054_1_299-390,Ly6,multimer,genus:Podarcis,72-95
A0AA97KDG8_IPR045860_1_76-156,Ly6,monomer,genus:Eublepharis,72-95
A0AA97KHP2_IPR016054_1_20-110,Ly6,multimer,genus:Eublepharis,72-95
A0AAD1SXJ9_IPR045860_1_2-75,Ly6,monomer,genus:Pelobates,72-95
A0AAD1WR43_IPR045860_5_244-336,Ly6,multimer,genus:Pelobates,95-117
A0AAD6FDZ8_IPR045860_1_11-82,Ly6,multimer,genus:Pogonophryne,50-72
A0AAD8G8C5_IPR045860_1_22-107,Ly6,monomer,genus:Acipenser,72-95
A0AAD9QPQ3_IPR016054_1_17-116,Ly6,monomer,genus:Acropora,95-117
A0AAN5I424_IPR016054_1_92-167,Ly6,multimer,genus:Pristionchus,72-95
A0AAU9XSI9_IPR016054_1_19-108,Ly6,monomer,genus:Pocillopora,72-95
A0AAV2KY76_IPR045860_1_165-244,Ly6,mixture,family:Gobiidae,72-95
A0AAV2ZT55_IPR045860_1_18-100,Ly6,multimer,genus:Pyxicephalus,72-95
A0AAV6ZHP8_IPR045860_1_41-127,Ly6,multimer,genus:Engystomops,72-95
A0AAV6ZR47_IPR045860_1_48-132,Ly6,multimer,genus:Engystomops,72-95
A0AAV7MS16_IPR045860_2_112-187,Ly6,multimer,genus:Pleurodeles,72-95
A0AAV7Q0A2_IPR045860_2_111-215,Ly6,multimer,genus:Pleurodeles,95-117
A0AAV9RWS3_IPR045860_1_17-103,Ly6,monomer,genus:Crenichthys,72-95
A0AAW0NRP3_IPR045860_1_56-143,Ly6,monomer,genus:Mugilogobius,72-95
A0AAW1AWV1_IPR045860_6_1-70,Ly6,multimer,genus:Crotalus,50-72
A0AAW1ZIK2_IPR016054_1_19-105,Ly6,multimer,genus:Culter,72-95
A0ABD0WIS5_IPR045860_1_18-105,mixture,monomer,order:Esociformes,72-95
A0ABD3TIL7_IPR016054_1_44-122,none,monomer,family:Unionidae,72-95
A8I4K5_IPR016054_1_125-179,none,multimer,genus:Bothrops,50-72
E9Q4V7_IPR016054_1_20-100,Ly6,monomer,family:Muridae,72-95
G3U4W2_IPR045860_1_41-125,Ly6,monomer,genus:Loxodonta,72-95
H0WCK0_IPR045860_1_123-210,Ly6,monomer,genus:Cavia,72-95
H2MZD7_IPR045860_2_18-104,Ly6,multimer,genus:Oryzias,72-95
H9G8Z5_IPR045860_2_113-198,Ly6,multimer,genus:Anolis,72-95
J3S0I2_IPR045860_2_13-112,Ly6,multimer,genus:Crotalus,95-117
K7FYC6_IPR045860_2_114-197,Ly6,multimer,genus:Pelodiscus,72-95
M7C9Y7_IPR045860_2_62-111,Ly6,multimer,genus:Chelonia,50-72
W5PGP6_IPR045860_1_148-223,Ly6,monomer,genus:Ovis,72-95
A0A6J1VML2_IPR026524_1_26-233,none,monomer,genus:Notechis,207-230
G3HZG0_IPR026524_1_7-131,none,monomer,genus:Cricetulus,117-140
A0A8C4SDM5_IPR039457_1_5-169,mostly_Ly6,monomer,phylum:Chordata,140-162
A0A8C7YTZ3_IPR039457_1_26-166,Ly6,monomer,genus:Oryzias,140-162
A0A9N9MVL9_IPR039457_1_6-146,mixture,monomer,order:Coleoptera,140-162
A0AAN8G8R9_IPR039457_1_5-162,none,monomer,genus:Patella,140-162
A0A068WRH1_IPR045860_1_23-124,mixture,monomer,family:Taeniidae,95-117
A0A0C9QIU4_IPR031424_1_26-156,none,monomer,genus:Fopius,117-140
A0A0K8TK47_IPR031424_1_2-87,none,monomer,genus:Tabanus,72-95
A0A0L0CG73_IPR031424_2_147-248,none,multimer,genus:Lucilia,95-117
A0A0M3HYK7_IPR031424_1_21-119,none,monomer,order:Rhabditida,72-95
A0A1I8G1W3_IPR031424_1_34-119,Quiver,monomer,genus:Macrostomum,72-95
A0A1L8D9I5_IPR045860_1_12-112,none,monomer,genus:Nyssomyia,95-117
A0A1W0W9W8_IPR031424_2_27-107,none,multimer,genus:Hypsibius,72-95
A0A1Y1LKZ2_IPR031424_1_25-120,none,monomer,genus:Photinus,95-117
A0A232FG58_IPR031424_1_25-147,none,monomer,genus:Trichomalopsis,117-140
A0A267GLL7_IPR031424_1_25-120,mixture,monomer,genus:Macrostomum,95-117
A0A454XLB5_IPR031424_1_27-119,none,monomer,genus:Pristionchus,72-95
A0A553PNN4_IPR045860_1_21-105,none,monomer,genus:Tigriopus,72-95
A0A5E4NK71_IPR031424_1_25-117,none,monomer,genus:Cinara,72-95
A0A5N4A2X1_IPR031424_1_20-104,none,monomer,genus:Photinus,72-95
A0A653BPG9_IPR031424_1_28-111,none,monomer,genus:Callosobruchus,72-95
A0A6H5HDD0_IPR045860_1_14-115,none,monomer,genus:Nesidiocoris,95-117
A0A6J2YVM2_IPR031424_1_29-132,none,monomer,genus:Sitophilus,95-117
A0A6L2Q5P2_IPR031424_1_66-160,none,monomer,genus:Coptotermes,72-95
A0A6P7FNC1_IPR045860_1_24-111,none,monomer,genus:Diabrotica,72-95
A0A7F5RM58_IPR031424_1_22-115,none,monomer,genus:Agrilus,95-117
A0A7R8H1V8_IPR031424_1_23-98,none,monomer,genus:Lepeophtheirus,72-95
A0A7R8YPZ0_IPR031424_1_24-120,none,monomer,genus:Hermetia,95-117
A0A815NJH9_IPR031424_1_10-123,Quiver,monomer,genus:Rotaria,95-117
A0A818LAL5_IPR031424_1_21-109,none,monomer,genus:Adineta,72-95
A0A821WNA4_IPR031424_1_9-115,none,monomer,family:Pieridae,95-117
A0A8B7YKK9_IPR031424_1_21-142,Quiver,monomer,genus:Acanthaster,117-140
A0A8J6H8Z6_IPR031424_1_441-544,none,monomer,genus:Tenebrio,95-117
A0A8K0CRG7_IPR031424_1_31-116,Quiver,monomer,genus:Ignelater,72-95
A0A8S1DAN9_IPR031424_1_20-111,none,monomer,genus:Cloeon,72-95
A0A8S4PUQ9_IPR031424_1_21-127,Quiver,monomer,genus:Owenia,95-117
A0A9D3YXJ6_IPR031424_1_25-97,none,monomer,genus:Dreissena,72-95
A0A9D4J7A5_IPR031424_1_20-97,Quiver,monomer,genus:Dreissena,72-95
A0A9J6CQN4_IPR031424_1_25-137,Quiver,monomer,genus:Polypedilum,95-117
A0A9N9TLN6_IPR031424_1_29-142,mixture,monomer,family:Chrysomelidae,95-117
A0A9P0NU81_IPR031424_1_23-142,none,monomer,genus:Acanthoscelides,117-140
A0A9P1I1B3_IPR031424_1_21-110,none,monomer,genus:Auanema,72-95
A0A9Q0MPI8_IPR031424_1_23-136,none,monomer,genus:Pseudolycoriella,95-117
A0A9X6NF42_IPR031424_1_21-112,Ly6,multimer,genus:Hypsibius,72-95
A0AAD9J719_IPR031424_1_40-144,none,monomer,genus:Paralvinella,95-117
A0AAD9VUW6_IPR031424_1_23-121,none,monomer,genus:Odynerus,95-117
A0AAE1LG45_IPR031424_1_60-175,none,monomer,family:Thripidae,95-117
A0AAJ6VZL1_IPR031424_1_17-128,mixture,monomer,class:Arachnida,95-117
A0AAN7P3S3_IPR031424_1_24-125,none,monomer,genus:Aquatica,95-117
A0AAN9BBJ2_IPR031424_1_27-126,Quiver,monomer,genus:Littorina,95-117
A0AAN9Y0Q1_IPR031424_1_24-122,none,monomer,order:Hemiptera,95-117
A0AAV2QRU4_IPR031424_1_4-91,Quiver,monomer,class:Malacostraca,72-95
A0AAV8Y1B1_IPR031424_1_12-107,none,monomer,genus:Aromia,95-117
A0AAW1UZE5_IPR031424_1_24-162,none,monomer,family:Coccinellidae,140-162
A0ABD2NGE3_IPR031424_1_135-210,none,monomer,genus:Cryptolaemus,72-95
A0ABD3WSR6_IPR045860_1_23-124,mixture,mixture,phylum:Mollusca,95-117
A9NQN4_IPR031424_1_27-126,none,monomer,genus:Picea,95-117
B4GCE7_IPR031424_1_27-131,mixture,monomer,genus:Drosophila,95-117
N6UM37_IPR031424_1_21-123,none,monomer,genus:Dendroctonus,95-117
R4FPM5_IPR031424_1_21-143,none,monomer,genus:Rhodnius,117-140
T1KTB6_IPR031424_1_19-133,none,monomer,genus:Tetranychus,95-117
V4AIS5_IPR031424_1_29-118,none,monomer,phylum:Mollusca,72-95
A0ABA7IXF8_IPR051445_1_1-67,none,monomer,genus:Mus,50-72
A0A016W915_IPR045860_1_23-101,none,monomer,order:Rhabditida,72-95
A0A068CNG1_IPR045860_1_45-127,none,monomer,genus:Hofstenia,72-95
A0A0A9Z9V2_IPR045860_1_25-107,none,monomer,family:Miridae,72-95
A0A0B2V4Y2_IPR045860_1_13-87,Ly6,monomer,genus:Toxocara,72-95
A0A0B7B418_IPR045860_1_139-230,none,monomer,genus:Arion,72-95
A0A0K0CWW9_IPR045860_1_1-51,none,monomer,genus:Angiostrongylus,50-72
A0A0L8GYR2_IPR045860_1_136-215,none,monomer,genus:Octopus,72-95
A0A0N0PB92_IPR045860_1_58-161,none,monomer,family:Papilionidae,95-117
A0A0N4XE99_IPR045860_1_18-91,none,monomer,genus:Nippostrongylus,72-95
A0A0N5C0X9_IPR045860_1_45-123,Ly6,monomer,genus:Strongyloides,72-95
A0A0P9ACU6_IPR045860_1_134-208,none,monomer,genus:Drosophila,72-95
A0A0R3PZF4_IPR045860_1_3-88,none,monomer,genus:Angiostrongylus,72-95
A0A139WHP8_IPR045860_1_1-75,none,monomer,genus:Tribolium,72-95
A0A177AVM7_IPR045860_1_21-117,Ly6,monomer,genus:Intoshia,95-117
A0A1B6EC83_IPR045860_1_23-101,none,monomer,genus:Clastoptera,72-95
A0A1B8XVH6_IPR045860_2_114-198,Ly6,multimer,genus:Xenopus,72-95
A0A1I7Z3W4_IPR045860_1_16-103,none,monomer,order:Rhabditida,72-95
A0A1L8EAL0_IPR045860_1_28-104,none,monomer,genus:Haematobia,72-95
A0A1S3IN75_IPR045860_1_351-432,none,monomer,genus:Lingula,72-95
A0A1S3W596_IPR045860_1_21-105,none,monomer,genus:Erinaceus,72-95
A0A1Y1KRV1_IPR045860_1_19-95,none,monomer,family:Lampyridae,72-95
A0A210PSF3_IPR045860_1_21-98,none,monomer,genus:Mizuhopecten,72-95
A0A212CDR5_IPR045860_1_10-59,none,monomer,genus:Cervus,50-72
A0A218V2B4_IPR045860_1_103-194,none,monomer,genus:Lonchura,72-95
A0A232EH22_IPR045860_1_34-90,none,monomer,genus:Trichomalopsis,50-72
A0A261CIU9_IPR045860_1_35-107,Ly6,monomer,genus:Caenorhabditis,50-72
A0A267GC28_IPR045860_1_31-88,Ly6,monomer,genus:Macrostomum,50-72
A0A288ZBB5_IPR045860_1_3-86,none,monomer,order:Siluriformes,72-95
A0A2A6D2N4_IPR045860_1_41-126,none,monomer,genus:Pristionchus,72-95
A0A2D0TAH3_IPR045860_1_17-90,none,monomer,family:Ictaluridae,72-95
A0A2G8KCU6_IPR045860_1_18-123,none,monomer,genus:Apostichopus,95-117
A0A2P1DVE1_IPR045860_1_5-99,none,monomer,genus:Meara,72-95
A0A369RZI8_IPR045860_1_33-142,none,monomer,genus:Trichoplax,95-117
A0A3B3Q5S4_IPR045860_1_39-136,none,monomer,order:Osteoglossiformes,95-117
A0A3B3RZP7_IPR045860_1_22-100,none,monomer,genus:Paramormyrops,72-95
A0A3B3VG49_IPR045860_1_9-64,Ly6,monomer,genus:Poecilia,50-72
A0A3B4FCD8_IPR045860_1_59-134,none,monomer,genus:Pundamilia,72-95
A0A3M6UU69_IPR045860_1_18-113,none,monomer,genus:Pocillopora,95-117
A0A3N0YP21_IPR045860_1_3-56,Ly6,monomer,genus:Anabarilius,50-72
A0A3Q0IVC8_IPR045860_1_107-162,none,multimer,genus:Diaphorina,50-72
A0A3Q2NZ27_IPR045860_1_22-99,none,monomer,class:Actinopteri,72-95
A0A3Q3WLZ8_IPR045860_1_36-116,Ly6,monomer,class:Actinopteri,72-95
A0A443SW23_IPR045860_1_1-94,none,monomer,genus:Leptotrombidium,72-95
A0A454Y4K5_IPR045860_1_17-82,none,monomer,genus:Pristionchus,50-72
A0A482VYA9_IPR045860_1_2-84,none,monomer,genus:Asbolus,72-95
A0A498MVS5_IPR045860_1_121-200,none,monomer,genus:Labeo,72-95
A0A4D9DIZ9_IPR045860_1_52-132,none,monomer,genus:Platysternon,72-95
A0A4U5M194_IPR045860_1_3-75,none,monomer,genus:Steinernema,72-95
A0A4U5PGR9_IPR045860_1_10-93,Ly6,monomer,genus:Steinernema,72-95
A0A4W5NN72_IPR045860_1_26-128,Ly6,monomer,genus:Hucho,95-117
A0A5B7CKM9_IPR045860_1_32-123,none,monomer,order:Decapoda,72-95
A0A653DE92_IPR045860_1_43-123,Ly6,monomer,genus:Callosobruchus,72-95
A0A672L668_IPR045860_1_26-94,none,monomer,genus:Sinocyclocheilus,50-72
A0A6F9DJJ4_IPR045860_1_16-98,none,monomer,genus:Phallusia,72-95
A0A6G0TZQ2_IPR045860_1_80-158,none,multimer,genus:Aphis,72-95
A0AAD7RK30_IPR045860_1_26-139,none,monomer,genus:Aldrovandia,95-117
A0AAD7YCG4_IPR045860_1_56-157,none,monomer,order:Lepidoptera,95-117
A0AAD8D962_IPR045860_1_24-141,none,monomer,genus:Acipenser,117-140
A0AAD8LSD9_IPR045860_1_24-102,none,monomer,genus:Acipenser,72-95
A0AAD9J8M3_IPR045860_1_52-138,none,monomer,genus:Paralvinella,72-95
A0AAD9PER3_IPR045860_1_3-76,none,monomer,genus:Ridgeia,72-95
A0AAD9UJU4_IPR045860_1_27-109,Quiver,monomer,genus:Ridgeia,72-95
A0AAE0WA21_IPR045860_1_564-645,none,monomer,genus:Potamilus,72-95
A0AAE1HIN4_IPR045860_1_31-139,none,monomer,genus:Frankliniella,95-117
A0AAF3FJU5_IPR045860_1_12-76,none,monomer,genus:Mesorhabditis,50-72
A0AAN4ZF73_IPR045860_1_20-91,none,monomer,genus:Pristionchus,50-72
A0AAN7XY46_IPR045860_1_70-152,Ly6,monomer,genus:Eleginops,72-95
A0AAN8IG46_IPR045860_1_18-94,none,monomer,genus:Trichostrongylus,72-95
A0AAU9W464_IPR045860_1_17-106,none,monomer,genus:Pocillopora,72-95
A0AAV1PZ55_IPR045860_1_112-197,Ly6,multimer,genus:Scomber,72-95
A0AAV2PUD4_IPR045860_1_5-100,Ly6,monomer,genus:Meganyctiphanes,95-117
A0AAV2ZKM6_IPR045860_1_6-86,SPF,monomer,genus:Pyxicephalus,72-95
A0AAV4D142_IPR045860_1_32-83,none,monomer,genus:Plakobranchus,50-72
A0AAV5TCP7_IPR045860_1_13-73,none,monomer,genus:Pristionchus,50-72
A0AAV6Z700_IPR045860_1_57-144,Ly6,monomer,genus:Engystomops,72-95
A0AAV6ZRR5_IPR045860_1_86-169,mixture,multimer,order:Anura,72-95
A0AAV7TJ28_IPR045860_1_14-133,none,monomer,genus:Pleurodeles,117-140
A0AAW0TBC4_IPR045860_1_33-122,Quiver,monomer,genus:Scylla,72-95
A0AAW0ZY53_IPR045860_1_16-100,mixture,monomer,order:Hymenoptera,72-95
A0AAW1C869_IPR045860_1_16-82,none,monomer,genus:Crotalus,50-72
A0AAY4CVV3_IPR045860_2_19-104,none,multimer,genus:Denticeps,72-95
A0ABD0PZK3_IPR045860_1_34-90,none,monomer,phylum:Chordata,50-72
A0ABD2IWI9_IPR045860_1_20-95,none,monomer,genus:Heterodera,72-95
A0ABD2P5H3_IPR045860_1_22-100,none,monomer,genus:Cryptolaemus,72-95
A0ABD3WF92_IPR045860_1_23-117,none,monomer,genus:Sinanodonta,72-95
A0SJQ8_IPR045860_1_17-115,none,monomer,genus:Oryzias,95-117
D3YUY5_IPR045860_1_21-76,none,monomer,genus:Mus,50-72
G5CTL9_IPR045860_1_25-122,none,monomer,genus:Mnemiopsis,95-117
H2Z344_IPR045860_1_17-111,none,monomer,genus:Ciona,95-117
P14534_IPR045860_1_1-57,mixture,monomer,genus:Bungarus,50-72
Q9N124_IPR045860_1_1-52,none,monomer,genus:Equus,50-72
T1DN33_IPR045860_1_29-137,none,monomer,genus:Anopheles,95-117
T1JE45_IPR045860_1_31-134,none,monomer,genus:Strigamia,95-117
V9KPV0_IPR045860_1_28-106,none,monomer,genus:Callorhinchus,72-95
Centipede3FTx_0038_60158,manually_annotated,monomer,class:Chilopoda,117-140
Centipede3FTx_0102_984703,manually_annotated,monomer,class:Chilopoda,117-140
Centipede3FTx_0134_984703,manually_annotated,monomer,class:Chilopoda,95-117
A0A2K6E5X9_IPR042339_1_1-125,mostly_Ly6,monomer,order:Primates,117-140
A0A098LWU5_IPR045860_1_13-86,3FTx,monomer,order:Squamata,72-95
A0A194ARF2_IPR045860_1_12-82,mixture,monomer,genus:Micrurus,50-72
A0A898INK0_IPR045860_1_12-88,3FTx,monomer,genus:Calliophis,72-95
A0AAW0PV41_IPR045860_2_19-111,none,multimer,genus:Mugilogobius,72-95
A7X3Q9_IPR045860_1_14-85,3FTx,monomer,genus:Trimorphodon,50-72
F5CPE7_IPR003571_1_22-80,3FTx,monomer,genus:Micrurus,50-72
P19003_IPR045860_1_1-63,none,monomer,genus:Aspidelaps,50-72
Q06ZW0_IPR045860_1_35-111,mixture,monomer,genus:Boiga,72-95
Q91126_IPR003571_1_22-83,none,monomer,genus:Naja,50-72
R4FIG8_IPR045860_1_12-79,3FTx,monomer,genus:Furina,50-72
R4G7L9_IPR045860_1_12-81,3FTx,monomer,genus:Vermicella,50-72
V8N389_IPR045860_1_3-72,none,monomer,genus:Ophiophagus,72-95
A0A8T1S0G9_IPR039237_1_3-104,Ly6,monomer,order:Testudines,95-117
G3TS53_IPR026110_1_1-148,none,monomer,genus:Loxodonta,140-162
A0A093IBJ3_IPR045860_1_1-68,none,monomer,genus:Eurypyga,50-72
A0A260Z2M6_IPR045860_1_185-259,none,monomer,genus:Caenorhabditis,50-72
A0A2G9S6A5_IPR045860_1_18-89,none,monomer,genus:Aquarana,50-72
A0A3B3CGU6_IPR016054_2_201-297,Ly6,multimer,genus:Oryzias,95-117
A0A3B3XT67_IPR016054_1_23-116,Ly6,multimer,family:Poeciliidae,72-95
A0A3B5QR19_IPR045860_1_18-104,Ly6,multimer,genus:Xiphophorus,72-95
A0A3Q0RPV6_IPR016054_1_115-195,Ly6,multimer,family:Cichlidae,72-95
A0A3Q3FZ14_IPR016054_1_17-113,Ly6,multimer,genus:Kryptolebias,95-117
A0A401Q2C1_IPR016054_3_109-198,Ly6,multimer,genus:Scyliorhinus,72-95
A0A498NNQ4_IPR045860_1_51-126,none,monomer,genus:Labeo,72-95
A0A662YPA2_IPR016054_2_137-220,Ly6,mixture,genus:Acipenser,72-95
A0A670I9F2_IPR016054_1_21-110,Ly6,monomer,order:Squamata,72-95
A0A673VQ39_IPR016054_1_21-101,Ly6,monomer,class:Mammalia,72-95
A0A6I8SXG5_IPR016054_1_27-105,Ly6,monomer,genus:Xenopus,72-95
A0A6J1W1E9_IPR016054_1_4-93,Ly6,monomer,family:Elapidae,72-95
A0A6J8C386_IPR045860_1_95-167,none,monomer,genus:Mytilus,72-95
A0A6P7WXL4_IPR016054_1_16-105,Ly6,monomer,genus:Microcaecilia,72-95
A0A6P8QQ71_IPR016054_1_21-113,Ly6,monomer,genus:Geotrypetes,72-95
A0A7K6ZLM6_IPR016054_1_4-89,Ly6,monomer,class:Aves,72-95
A0A813XA05_IPR045860_1_14-89,none,monomer,genus:Brachionus,72-95
A0A8B6H551_IPR045860_1_24-96,none,monomer,genus:Mytilus,72-95
A0A8C2AHV0_IPR045860_2_11-96,none,mixture,genus:Cyprinus,72-95
A0A8C6VTY1_IPR016054_1_56-150,Ly6,multimer,genus:Nothobranchius,95-117
A0A8C9XVP9_IPR045860_1_17-98,Ly6,multimer,genus:Sander,72-95
A0A8E0S4D6_IPR045860_1_10-84,none,monomer,family:Fasciolidae,72-95
A0A8M9PNE1_IPR045860_1_16-99,none,multimer,genus:Danio,72-95
A0A8T1S3H9_IPR045860_1_19-68,none,monomer,genus:Chelydra,50-72
A0A8T3CV20_IPR016054_1_111-194,Ly6,monomer,genus:Albula,72-95
A0A8V0Y3K6_IPR045860_1_18-91,none,monomer,genus:Gallus,72-95
A0A9D3SGE3_IPR045860_1_26-104,mixture,monomer,class:Actinopteri,72-95
A0A9Q1DW78_IPR016054_1_115-194,Ly6,multimer,genus:Conger,72-95
A0A9W2XCQ3_IPR016054_1_115-197,Ly6,multimer,genus:Betta,72-95
A0AA88P7J8_IPR016054_1_20-105,Ly6,monomer,genus:Cirrhinus,72-95
A0AAD9QQZ4_IPR045860_1_18-112,none,monomer,genus:Acropora,72-95
A0AAN9CPP5_IPR016054_2_18-108,mixture,multimer,genus:Phoxinus,72-95
A0AAV2ZWG2_IPR016054_3_113-211,Ly6,multimer,order:Anura,95-117
A0AAV6GBZ5_IPR016054_1_19-110,Ly6,multimer,genus:Alosa,72-95
A0AAV7V1N0_IPR045860_1_19-96,none,monomer,genus:Pleurodeles,72-95
A0AAW0MNB0_IPR045860_1_13-78,none,multimer,genus:Mugilogobius,50-72
A0AAW2AZM0_IPR045860_1_43-115,mixture,mixture,family:Xenocyprididae,72-95
A0AB32TH96_IPR045860_2_11-62,Ly6,multimer,genus:Danio,50-72
Q53G57_IPR016054_1_21-112,mostly_Ly6,monomer,class:Mammalia,72-95
W5MCF2_IPR016054_1_121-207,Ly6,multimer,genus:Lepisosteus,72-95
A0A6I9MEH3_IPR038773_1_19-122,none,monomer,genus:Peromyscus,95-117
A0A061I206_IPR016054_2_949-1022,mixture,multimer,order:Rodentia,72-95
A0A091CRE2_IPR016054_1_26-109,none,monomer,genus:Fukomys,72-95
A0A0A0QT07_IPR045860_2_116-196,Ly6,multimer,genus:Notophthalmus,72-95
A0A0E3H597_IPR045860_2_114-195,Ly6,multimer,genus:Notophthalmus,72-95
A0A125S9K5_IPR045860_1_18-108,Ly6,multimer,genus:Ambystoma,72-95
A0A151M3Z5_IPR045860_6_222-294,Ly6,multimer,genus:Alligator,50-72
A0A151P5P8_IPR045860_1_39-127,Ly6,monomer,genus:Alligator,72-95
A0A1L6ZA25_IPR026524_1_19-113,Ly6,monomer,genus:Rattus,72-95
A0A1S3ELT5_IPR016054_1_21-96,Ly6,monomer,genus:Dipodomys,72-95
A0A1U8DPJ7_IPR016054_1_37-119,Ly6,monomer,genus:Alligator,72-95
A0A2G9NT52_IPR045860_1_55-139,Ly6,monomer,genus:Aquarana,72-95
A0A2I4CZA7_IPR045860_2_18-106,Ly6,multimer,genus:Austrofundulus,72-95
A0A2Y9RVA8_IPR045860_4_322-398,Ly6,multimer,genus:Trichechus,72-95
A0A3B4BKF6_IPR016054_1_19-110,Ly6,multimer,genus:Pygocentrus,72-95
A0A3Q0HJY0_IPR045860_1_138-200,Ly6,multimer,genus:Alligator,50-72
A0A3Q1HG57_IPR045860_2_18-105,Ly6,multimer,family:Pomacentridae,72-95
A0A452C7I7_IPR016054_1_49-112,Ly6,multimer,order:Artiodactyla,50-72
A0A452IF29_IPR045860_1_113-195,Ly6,multimer,genus:Gopherus,72-95
A0A513ZV70_IPR045860_2_18-106,Ly6,multimer,genus:Boana,72-95
A0A556U043_IPR016054_1_20-106,Ly6,multimer,genus:Bagarius,72-95
A0A5E4ACG7_IPR045860_3_81-177,mixture,mixture,class:Mammalia,72-95
A0A5F9C6J0_IPR016054_1_27-105,Ly6,monomer,genus:Oryctolagus,72-95
A0A670IQM8_IPR016054_1_23-101,Ly6,multimer,genus:Podarcis,72-95
A0A672K6Q2_IPR045860_2_72-128,Ly6,multimer,genus:Sinocyclocheilus,50-72
A0A6J0SFY5_IPR045860_1_114-194,Ly6,multimer,genus:Pogona,72-95
A0A6J1V388_IPR016054_1_112-205,Ly6,multimer,order:Squamata,72-95
A0A6P6D9J9_IPR045860_2_116-197,Ly6,multimer,genus:Octodon,72-95
A0A6P6EZA3_IPR026524_1_1-387,none,monomer,order:Rodentia,365-387
A0A6P6IYS8_IPR016054_1_18-108,Ly6,monomer,family:Cyprinidae,72-95
A0A6P7I1H2_IPR045860_2_109-192,Ly6,multimer,genus:Parambassis,72-95
A0A6P8N5W7_IPR016054_2_141-235,Ly6,multimer,genus:Geotrypetes,72-95
A0A6P8SJ83_IPR045860_1_18-106,Ly6,multimer,genus:Geotrypetes,72-95
A0A7J7F0G0_IPR016054_3_368-437,Ly6,mixture,order:Perissodactyla,72-95
A0A7N8X9R9_IPR045860_1_30-115,Ly6,multimer,genus:Mastacembelus,72-95
A0A8B7A045_IPR016054_1_329-380,Ly6,multimer,genus:Orycteropus,50-72
A0A8C3ISP7_IPR045860_2_96-181,Ly6,mixture,phylum:Chordata,72-95
A0A8C5RAW5_IPR016054_1_21-113,Ly6,mixture,genus:Leptobrachium,72-95
A0A8C5WN98_IPR045860_2_115-166,Ly6,multimer,genus:Laticauda,50-72
A0A8C6QTR2_IPR016054_3_505-579,Ly6,multimer,genus:Nannospalax,72-95
A0A8C8Z763_IPR016054_1_23-101,Ly6,monomer,genus:Prolemur,72-95
A0A8C9PG69_IPR045860_4_319-397,Ly6,multimer,family:Sciuridae,72-95
A0A8C9V815_IPR016054_1_21-101,none,monomer,genus:Scleropages,72-95
A0A8D0BQD6_IPR016054_1_5-80,Ly6,monomer,genus:Salvator,72-95
A0A8D2IN90_IPR016054_1_19-97,Ly6,monomer,family:Sciuridae,72-95
A0A8I6ASR0_IPR051445_1_50-228,Ly6,monomer,genus:Rattus,162-185
A0A8J6BKP1_IPR045860_1_11-96,Ly6,mixture,genus:Eleutherodactylus,72-95
A0A8T0BWX1_IPR045860_2_119-200,Ly6,multimer,genus:Silurus,72-95
A0A8T2IP10_IPR016054_2_20-113,Ly6,multimer,genus:Hymenochirus,72-95
A0A8U0QAD0_IPR045860_1_17-108,Ly6,multimer,family:Salmonidae,72-95
A0A913X4Y2_IPR045860_1_20-113,Ly6,monomer,genus:Exaiptasia,72-95
A0A974CH38_IPR016054_1_212-298,Ly6,multimer,genus:Xenopus,72-95
A0A974CJ28_IPR045860_3_52-133,mixture,multimer,genus:Xenopus,72-95
A0A9B0WY52_IPR045860_1_22-122,Ly6,multimer,genus:Chrysochloris,95-117
A0A9D3PCQ6_IPR045860_1_39-113,Ly6,monomer,genus:Megalops,72-95
A0A9F2R4S9_IPR045860_1_18-105,Ly6,multimer,genus:Python,72-95
A0A9Q0X862_IPR045860_1_17-100,Ly6,multimer,genus:Phrynocephalus,72-95
A0A9X0A8Z3_IPR045860_1_3-85,Ly6,monomer,genus:Desmophyllum,72-95
A0AA35KMX2_IPR045860_2_17-104,Ly6,multimer,genus:Podarcis,72-95
A0AA40HC10_IPR016054_1_33-112,Ly6,monomer,family:Vespertilionidae,72-95
A0AA41SX92_IPR016054_2_28-93,mostly_Ly6,multimer,class:Mammalia,50-72
A0AA88LW48_IPR045860_2_17-100,Ly6,multimer,genus:Tachysurus,72-95
A0AA97LHY3_IPR045860_1_17-104,Ly6,multimer,genus:Eublepharis,72-95
A0AAD1T4T6_IPR016054_2_20-110,Ly6,multimer,genus:Pelobates,72-95
A0AAD1WL22_IPR045860_5_367-452,Ly6,multimer,genus:Pelobates,72-95
A0AAD1WR05_IPR045860_2_112-200,Ly6,multimer,genus:Pelobates,72-95
A0AAF3EF36_IPR016054_1_25-131,Ly6,monomer,genus:Mesorhabditis,95-117
A0AAN8MBS6_IPR045860_1_19-105,Ly6,monomer,genus:Coregonus,72-95
A0AAQ4PQX0_IPR045860_1_17-105,mixture,monomer,class:Actinopteri,72-95
A0AAV1Q810_IPR045860_1_110-195,Ly6,multimer,genus:Scomber,72-95
A0AAV2K9H5_IPR016054_1_40-133,Ly6,multimer,genus:Knipowitschia,72-95
A0AAV2ZN95_IPR045860_2_1-82,Ly6,multimer,genus:Pyxicephalus,72-95
A0AAV6FTH8_IPR045860_1_18-105,Ly6,monomer,genus:Alosa,72-95
A0AAV6YYU5_IPR045860_1_18-103,Ly6,multimer,genus:Engystomops,72-95
A0AAV6ZFP2_IPR016054_1_21-112,Ly6,multimer,genus:Engystomops,72-95
A0AAV6ZN42_IPR045860_2_16-100,Ly6,multimer,genus:Engystomops,72-95
A0AAV7C5W5_IPR045860_1_1-87,Ly6,mixture,genus:Engystomops,72-95
A0AAV7PZR4_IPR045860_1_18-105,Ly6,multimer,genus:Pleurodeles,72-95
A0AAW0PQM6_IPR045860_1_594-663,none,multimer,genus:Mugilogobius,50-72
A0AAW1AY60_IPR045860_2_17-107,Ly6,multimer,order:Squamata,72-95
A0AAW1Z105_IPR016054_1_19-109,Ly6,monomer,family:Xenocyprididae,72-95
A0AAY4EFU2_IPR045860_1_19-103,Ly6,monomer,genus:Denticeps,72-95
A0ABC9XRS3_IPR045860_2_195-271,Ly6,multimer,genus:Grus,72-95
G3VSL7_IPR016054_3_132-211,Ly6,multimer,genus:Sarcophilus,72-95
H0XTB1_IPR051445_1_5-143,Ly6,monomer,genus:Otolemur,117-140
K7FG20_IPR045860_1_17-106,Ly6,multimer,genus:Pelodiscus,72-95
M3Y587_IPR016054_1_5-60,Ly6,monomer,class:Mammalia,50-72
M7BT12_IPR045860_1_17-99,Ly6,monomer,genus:Chelonia,72-95
P0DQP7_IPR016054_2_129-179,none,multimer,genus:Cerrophidion,50-72
Q63316_IPR051445_1_1-111,Ly6,monomer,genus:Rattus,95-117
Q9CQB8_IPR016054_1_20-98,Ly6,monomer,genus:Mus,72-95
Q9PRF7_IPR045860_2_114-194,none,mixture,family:Elapidae,72-95
S7N4K4_IPR016054_5_923-989,Ly6,multimer,class:Mammalia,50-72
V9LDP6_IPR045860_2_18-99,Ly6,multimer,genus:Callorhinchus,72-95
A0A3B1KEA0_IPR039457_1_44-142,Ly6,monomer,genus:Astyanax,95-117
A0A6P8LKZ0_IPR039457_1_49-120,mixture,monomer,order:Hymenoptera,50-72
A0A7R9P1G2_IPR039457_1_2-109,none,monomer,class:Insecta,95-117
A0A8B7ZW66_IPR039457_1_52-192,mixture,monomer,order:Valvatida,117-140
A0AAD5LEF5_IPR039457_1_22-159,mixture,monomer,genus:Daphnia,117-140
A0AAJ7X4X4_IPR039457_1_17-178,Ly6,monomer,genus:Petromyzon,140-162
R7VBD3_IPR039457_1_37-124,none,monomer,genus:Capitella,72-95
A0A0C5B4Z5_IPR031424_1_20-121,none,monomer,genus:Megaselia,95-117
A0A0K2VBI4_IPR031424_1_14-89,none,monomer,genus:Lepeophtheirus,72-95
A0A0L0C6K8_IPR031424_1_20-139,none,monomer,genus:Lucilia,117-140
A0A182WJ47_IPR045860_1_72-166,none,monomer,family:Culicidae,72-95
A0A1B0CML5_IPR031424_1_22-129,none,monomer,order:Diptera,95-117
A0A1B0GLK0_IPR045860_1_19-105,none,monomer,genus:Lutzomyia,72-95
A0A1B6L2V6_IPR031424_1_25-98,none,monomer,genus:Graphocephala,72-95
A0A1D1VPI4_IPR031424_1_44-130,Quiver,monomer,genus:Ramazzottius,72-95
A0A1L8D728_IPR031424_1_23-98,none,monomer,family:Psychodidae,72-95
A0A1L8DNS5_IPR045860_1_18-100,none,monomer,genus:Nyssomyia,72-95
A0A1S3ID30_IPR045860_1_13-102,none,monomer,genus:Lingula,72-95
A0A1S3K9N0_IPR031424_1_33-122,Quiver,monomer,genus:Lingula,72-95
A0A1W0XER3_IPR031424_1_32-164,none,monomer,order:Parachela,117-140
A0A1Y1KCY9_IPR031424_1_24-115,none,monomer,genus:Photinus,72-95
A0A1Y3AVL1_IPR031424_1_59-156,mixture,monomer,order:Sarcoptiformes,72-95
A0A224XNC3_IPR045860_1_27-122,none,monomer,family:Reduviidae,72-95
A0A3M7T0Z9_IPR031424_1_23-122,Quiver,monomer,genus:Brachionus,95-117
A0A482XDE9_IPR045860_1_25-117,none,monomer,genus:Laodelphax,72-95
A0A6A4WDU8_IPR031424_1_125-216,none,monomer,genus:Amphibalanus,72-95
A0A6J0CFQ8_IPR031424_1_29-123,none,monomer,genus:Neodiprion,72-95
A0A6J2Y7C8_IPR031424_1_24-144,none,monomer,genus:Sitophilus,117-140
A0A6P4FP83_IPR045860_1_22-120,none,monomer,genus:Drosophila,95-117
A0A6P8LML4_IPR045860_1_24-112,mixture,monomer,family:Apidae,72-95
A0A6V7UCS8_IPR031424_1_37-138,mixture,monomer,genus:Meloidogyne,95-117
A0A7E6FPW6_IPR031424_1_22-116,Quiver,monomer,genus:Octopus,95-117
A0A7J7K0Q0_IPR031424_1_36-106,none,monomer,genus:Bugula,50-72
A0A7R8CLD5_IPR031424_1_304-403,mixture,mixture,phylum:Arthropoda,95-117
A0A7R9J8I0_IPR031424_1_89-184,none,monomer,genus:Timema,95-117
A0A7R9S7W4_IPR031424_1_26-123,none,monomer,genus:Argulus,95-117
A0A814RM61_IPR045860_1_17-100,mixture,monomer,genus:Rotaria,72-95
A0A816N3I8_IPR031424_1_30-116,mixture,monomer,genus:Rotaria,72-95
A0A818KK65_IPR031424_1_135-235,Quiver,multimer,genus:Adineta,95-117
A0A820KXX8_IPR031424_1_21-92,mixture,monomer,class:Eurotatoria,72-95
A0A834J2M1_IPR031424_1_53-131,Quiver,monomer,genus:Rhynchophorus,72-95
A0A834XUN1_IPR031424_1_27-150,none,monomer,genus:Aphidius,117-140
A0A8B7Y098_IPR045860_1_18-96,none,monomer,genus:Acanthaster,72-95
A0A8I6RR40_IPR045860_1_17-110,none,monomer,genus:Cimex,72-95
A0A8J2HMT5_IPR031424_1_24-128,none,monomer,family:Braconidae,95-117
A0A8J9Y7L0_IPR031424_1_23-136,none,monomer,genus:Brenthis,95-117
A0A8K0GML0_IPR045860_1_20-122,none,monomer,genus:Ignelater,95-117
A0A8S0ZKU1_IPR031424_1_23-126,none,monomer,order:Lepidoptera,95-117
A0A8S4N0L1_IPR031424_1_72-160,Quiver,monomer,genus:Owenia,72-95
A0A8S9YKJ5_IPR031424_1_33-120,Quiver,monomer,genus:Paragonimus,72-95
A0A8X6HAH0_IPR045860_1_22-120,mixture,monomer,order:Araneae,95-117
A0A914WY03_IPR031424_1_48-162,Quiver,monomer,genus:Plectus,95-117
A0A9D4HFX0_IPR031424_1_26-98,none,monomer,genus:Dreissena,72-95
A0A9J6CNA4_IPR031424_1_20-107,mixture,monomer,family:Chironomidae,72-95
A0A9N9QAX1_IPR045860_1_25-116,Quiver,monomer,genus:Ceutorhynchus,72-95
A0A9N9X1T9_IPR031424_1_23-142,none,monomer,genus:Phaedon,117-140
A0A9P0CBC9_IPR031424_1_34-130,none,monomer,genus:Bemisia,95-117
A0A9P0FN86_IPR045860_1_18-116,none,monomer,genus:Brassicogethes,95-117
A0A9Q0M0P1_IPR031424_1_55-148,none,monomer,genus:Blomia,72-95
A0A9X6NAD9_IPR031424_1_29-119,none,monomer,genus:Hypsibius,72-95
A0AA38I537_IPR031424_1_43-135,none,monomer,family:Tenebrionidae,72-95
A0AA39IM01_IPR045860_1_16-109,none,monomer,genus:Steinernema,72-95
A0AA88LIV0_IPR031424_1_24-118,none,monomer,genus:Artemia,95-117
A0AAD8EMX0_IPR031424_1_22-137,none,monomer,genus:Diploptera,95-117
A0AAJ7BQA7_IPR031424_1_27-129,none,monomer,genus:Cephus,95-117
A0AAN5I9I8_IPR031424_1_45-117,Ly6,monomer,genus:Pristionchus,72-95
A0AAR5QIQ2_IPR031424_1_22-121,none,monomer,genus:Dendroctonus,95-117
A0AAV1K581_IPR031424_1_21-96,none,monomer,order:Lepidoptera,72-95
A0AAV2AUC6_IPR031424_1_29-123,none,monomer,order:Araneae,95-117
A0AAV5V8D1_IPR031424_1_18-128,Quiver,monomer,genus:Pristionchus,95-117
A0AAV8W3Q6_IPR031424_1_26-152,none,monomer,genus:Exocentrus,117-140
A0AAW1UQA4_IPR031424_1_19-127,none,monomer,genus:Henosepilachna,95-117
A0AAW2I038_IPR031424_1_25-140,none,monomer,genus:Menopon,95-117
T1JY73_IPR045860_1_23-115,none,monomer,genus:Tetranychus,72-95
V3ZXE8_IPR045860_1_21-112,none,monomer,genus:Lottia,72-95
A0A8B7SLN9_IPR051445_1_5-68,Ly6,monomer,genus:Hipposideros,50-72
A0A060XC14_IPR045860_1_63-135,none,monomer,phylum:Chordata,72-95
A0A067R5J7_IPR045860_1_66-168,none,monomer,order:Blattodea,95-117
A0A090KQS6_IPR045860_1_70-179,none,monomer,genus:Strongyloides,95-117
A0A0A9XM35_IPR045860_1_87-170,none,monomer,family:Miridae,72-95
A0A0B2UV57_IPR045860_1_22-95,none,monomer,genus:Toxocara,72-95
A0A0N4WBZ6_IPR045860_1_21-109,none,monomer,family:Trichostrongylidae,72-95
A0A139WCU3_IPR045860_1_17-102,none,monomer,genus:Tribolium,72-95
A0A151J326_IPR045860_1_1-90,none,monomer,family:Formicidae,95-117
A0A158Q9P8_IPR045860_1_62-174,none,monomer,genus:Enterobius,95-117
A0A183DTS5_IPR045860_1_10-84,none,monomer,genus:Gongylonema,72-95
A0A1B6BYG4_IPR045860_1_85-185,none,monomer,genus:Clastoptera,95-117
A0A1D2MYQ4_IPR045860_1_27-117,none,monomer,genus:Orchesella,72-95
A0A1I7YDL2_IPR045860_1_2-75,none,monomer,genus:Steinernema,72-95
A0A1I8C718_IPR045860_1_1088-1169,none,monomer,order:Rhabditida,72-95
A0A1I8JJ30_IPR045860_1_32-122,none,monomer,genus:Macrostomum,72-95
A0A1J1HIH9_IPR045860_1_41-140,none,monomer,genus:Clunio,95-117
A0A1W0W9F2_IPR045860_1_295-354,none,monomer,genus:Hypsibius,50-72
A0A1X7VRX7_IPR045860_1_130-204,none,multimer,genus:Amphimedon,72-95
A0A210QMG5_IPR045860_1_21-111,Ly6,monomer,genus:Mizuhopecten,72-95
A0A267FLT7_IPR045860_1_40-116,none,mixture,genus:Macrostomum,72-95
A0A2A6CJP3_IPR045860_1_18-92,none,monomer,genus:Pristionchus,72-95
A0A2R8QJM0_IPR045860_1_17-90,none,monomer,genus:Danio,72-95
A0A310TAP0_IPR045860_1_56-144,mixture,mixture,family:Pipidae,72-95
A0A336M2V6_IPR045860_1_54-150,none,monomer,genus:Culicoides,95-117
A0A368GGE4_IPR045860_1_11-77,Ly6,monomer,genus:Ancylostoma,50-72
A0A3B3CDR3_IPR045860_1_25-97,none,monomer,class:Actinopteri,72-95
A0A3B5M3Y7_IPR045860_1_54-113,Ly6,monomer,genus:Xiphophorus,50-72
A0A3M0KDK7_IPR045860_1_1076-1149,none,monomer,genus:Hirundo,72-95
A0A3M6U7H7_IPR045860_1_18-108,mixture,monomer,family:Pocilloporidae,72-95
A0A3Q4IC75_IPR045860_1_35-120,none,monomer,genus:Neolamprologus,72-95
A0A443QTV1_IPR045860_1_9-60,none,monomer,genus:Dinothrombium,50-72
A0A482V9V6_IPR045860_1_22-108,none,monomer,genus:Asbolus,72-95
A0A4D5RAY4_IPR045860_1_23-107,none,monomer,genus:Scolopendra,72-95
A0A4U5P062_IPR045860_1_13-93,Ly6,monomer,genus:Steinernema,72-95
A0A5E4PXN3_IPR045860_1_128-222,none,monomer,genus:Leptidea,72-95
A0A5N3UJ72_IPR045860_1_13-98,mostly_Ly6,mixture,order:Artiodactyla,72-95
A0A668SJ17_IPR045860_1_27-130,none,monomer,family:Cichlidae,95-117
A0A672L2P2_IPR045860_1_18-106,none,monomer,genus:Sinocyclocheilus,72-95
A0A6A0HDR1_IPR045860_1_35-129,none,monomer,genus:Hyalella,95-117
A0A6A4UZH6_IPR045860_1_69-125,Quiver,monomer,genus:Amphibalanus,50-72
A0A6A7GBD5_IPR045860_1_81-177,none,monomer,genus:Hirondellea,95-117
A0A6F9CXD4_IPR045860_1_2-77,none,monomer,genus:Coregonus,72-95
A0A6P4IS37_IPR045860_1_31-117,Quiver,monomer,genus:Drosophila,72-95
A0A6P6YJZ1_IPR045860_1_60-166,none,monomer,genus:Dermatophagoides,95-117
A0A6P7Z0M7_IPR045860_2_127-211,Ly6,multimer,genus:Microcaecilia,72-95
A0A6P8HK09_IPR045860_1_31-119,none,monomer,genus:Actinia,72-95
A0A6P8IRF3_IPR045860_1_16-114,none,monomer,genus:Actinia,95-117
A0A6Q2YTX1_IPR045860_1_27-109,none,multimer,genus:Esox,72-95
A0A6S7IS82_IPR045860_1_19-108,none,monomer,genus:Paramuricea,72-95
A0A7E6EJX5_IPR045860_1_7-87,mixture,monomer,genus:Octopus,72-95
A0A7G3B1P6_IPR045860_1_8-111,none,monomer,family:Psychodidae,95-117
A0A7J6A6K8_IPR045860_1_17-81,none,monomer,genus:Ameiurus,50-72
A0A7K7K9L8_IPR045860_1_24-89,none,monomer,order:Passeriformes,72-95
A0A7M5WSH0_IPR045860_1_31-104,none,monomer,genus:Clytia,72-95
A0A7M7HJH9_IPR045860_1_30-120,none,monomer,genus:Strongylocentrotus,72-95
A0A7R9BFW5_IPR045860_1_20-98,none,monomer,genus:Notodromas,72-95
A0A7R9KKJ0_IPR045860_2_25-113,none,multimer,genus:Medioppia,72-95
A0A813QEC4_IPR045860_1_19-91,none,monomer,genus:Brachionus,72-95
A0A813YAZ7_IPR045860_1_582-673,none,monomer,class:Eurotatoria,72-95
A0A814JLR6_IPR045860_1_21-92,none,mixture,genus:Adineta,50-72
A0A815FU11_IPR045860_1_24-112,mixture,monomer,genus:Adineta,72-95
A0A817R2R6_IPR045860_1_38-132,none,monomer,genus:Rotaria,72-95
A0A821GB37_IPR045860_1_261-336,mixture,monomer,genus:Rotaria,72-95
A0A834XI78_IPR045860_1_8-105,none,monomer,family:Braconidae,95-117
A0A8B6BJV3_IPR045860_1_81-166,none,monomer,genus:Mytilus,72-95
A0A8B6EN26_IPR045860_1_63-144,none,monomer,genus:Mytilus,72-95
A0A8B6H6L4_IPR045860_1_17-98,mixture,monomer,genus:Mytilus,72-95
A0A8B7N653_IPR045860_1_21-105,mixture,monomer,genus:Hyalella,72-95
A0A8B7ZX06_IPR045860_1_39-148,none,monomer,order:Valvatida,95-117
A0A8B8EXX7_IPR045860_1_22-108,none,monomer,genus:Crassostrea,72-95
A0A8B9L9G8_IPR045860_1_44-139,none,monomer,class:Actinopteri,95-117
A0A8C4LK44_IPR045860_1_182-247,Ly6,monomer,genus:Equus,50-72
A0A8C4QP68_IPR045860_1_49-147,none,monomer,genus:Eptatretus,95-117
A0A8C6GS09_IPR045860_1_35-121,none,monomer,genus:Mus,72-95
A0A8C7X6P7_IPR045860_1_2-66,Ly6,monomer,genus:Oryzias,50-72
A0A8C7YM21_IPR045860_1_29-95,Ly6,multimer,genus:Oryzias,50-72
A0A8C8W311_IPR045860_1_63-141,Ly6,monomer,genus:Peromyscus,72-95
A0A8C8ZWC0_IPR045860_1_60-135,Ly6,monomer,genus:Prolemur,72-95
A0A8C9Y7S0_IPR045860_1_25-112,none,monomer,genus:Sander,72-95
A0A8D0BUW4_IPR045860_1_33-147,none,monomer,genus:Salvator,95-117
A0A8D1N8E5_IPR045860_1_44-107,none,monomer,genus:Sus,50-72
A0A8D2P009_IPR045860_1_1-65,none,monomer,order:Passeriformes,50-72
A0A8D9A4H4_IPR045860_1_29-134,none,monomer,genus:Cacopsylla,95-117
A0A8I6AKG7_IPR045860_1_103-179,none,monomer,genus:Rattus,72-95
A0A8J1LF51_IPR045860_3_204-281,none,multimer,genus:Xenopus,72-95
A0A8J5QRZ9_IPR045860_1_41-138,none,monomer,genus:Cotesia,95-117
A0A8J9Y7A4_IPR045860_1_26-110,none,monomer,order:Lepidoptera,72-95
A0A8K0C4F2_IPR045860_1_28-133,SPF,monomer,genus:Ignelater,95-117
A0A8K0G6S3_IPR045860_1_20-106,none,monomer,genus:Ignelater,72-95
A0A8R1I3M6_IPR045860_1_23-72,none,monomer,genus:Caenorhabditis,50-72
A0A8S2MUM0_IPR045860_1_63-134,none,monomer,genus:Rotaria,50-72
A0A8S3SKR7_IPR045860_2_264-342,none,multimer,genus:Mytilus,72-95
A0A8S3ZZA9_IPR045860_1_26-129,none,monomer,genus:Candidula,95-117
A0A8S4N1A4_IPR045860_1_161-239,none,monomer,genus:Owenia,72-95
A0A8S9WSA3_IPR045860_1_52-139,none,monomer,family:Miridae,72-95
A0A8T0ALA3_IPR045860_1_17-89,none,monomer,genus:Silurus,72-95
A0A8T0E0Z9_IPR045860_1_37-141,none,monomer,order:Araneae,95-117
A0A8T2J095_IPR045860_1_17-88,none,monomer,genus:Hymenochirus,50-72
A0A8W8N453_IPR045860_1_170-282,none,multimer,family:Ostreidae,95-117
A0A913WX36_IPR045860_1_152-251,none,monomer,genus:Exaiptasia,95-117
A0A913Y8G6_IPR045860_1_19-95,none,monomer,genus:Exaiptasia,72-95
A0A914IF27_IPR045860_1_57-131,none,monomer,genus:Globodera,72-95
A0A914V1G6_IPR045860_1_38-92,none,monomer,genus:Plectus,50-72
A0A915HYU6_IPR045860_1_22-121,none,monomer,genus:Romanomermis,95-117
A0A922HPZ9_IPR045860_1_489-572,none,monomer,genus:Dermatophagoides,72-95
A0A9D3T8B1_IPR045860_1_14-77,none,monomer,genus:Megalops,50-72
A0A9D4H5M8_IPR045860_1_39-125,none,monomer,genus:Dreissena,72-95
A0A9N9RR36_IPR045860_1_54-151,none,monomer,genus:Chironomus,95-117
A0A9P0A051_IPR045860_1_26-115,none,monomer,genus:Bemisia,72-95
A0A9P0E446_IPR045860_1_36-120,none,monomer,genus:Diabrotica,72-95
A0A9P0P9T6_IPR045860_1_35-131,none,monomer,order:Coleoptera,95-117
A0A9P1MSC1_IPR045860_1_18-103,Ly6,monomer,genus:Auanema,72-95
A0A9Q1HUE2_IPR045860_1_54-131,none,monomer,genus:Conger,72-95
A0A9R1SXE9_IPR045860_1_16-100,none,monomer,genus:Fopius,72-95
A0A9W7TGY6_IPR045860_1_17-99,Ly6,monomer,genus:Triplophysa,72-95
A0A9W9YPS8_IPR045860_1_53-132,none,monomer,genus:Desmophyllum,72-95
A0A9X0A5D6_IPR045860_1_22-107,Ly6,monomer,genus:Desmophyllum,72-95
A0A9X0D8A0_IPR045860_1_17-104,none,monomer,genus:Desmophyllum,72-95
A0AA35KP98_IPR045860_2_110-196,none,multimer,genus:Podarcis,72-95
A0AA36CT69_IPR045860_1_9-84,none,monomer,genus:Mesorhabditis,72-95
A0AA36GE86_IPR045860_1_101-172,none,monomer,genus:Mesorhabditis,50-72
A0AA39H458_IPR045860_1_34-114,none,monomer,genus:Steinernema,72-95
A0AA39M736_IPR045860_1_39-111,Ly6,monomer,genus:Steinernema,72-95
A0AA88P3K3_IPR045860_1_615-697,none,monomer,genus:Cirrhinus,72-95
A0AA89CB85_IPR045860_1_10-99,none,monomer,genus:Pinctada,72-95
A0AAD1WI24_IPR045860_1_44-125,Ly6,monomer,genus:Pelobates,72-95
A0AAD7YDD2_IPR045860_1_89-193,none,monomer,order:Lepidoptera,95-117
A0AAD9J8U3_IPR045860_1_30-106,none,multimer,genus:Paralvinella,72-95
A0AAD9PEX5_IPR045860_1_20-102,none,monomer,genus:Ridgeia,72-95
A0AAD9USH5_IPR045860_1_5-103,none,monomer,genus:Acropora,95-117
A0AAE0WGE3_IPR045860_1_2-88,none,monomer,genus:Potamilus,72-95
A0AAE9IUV5_IPR045860_1_22-100,mixture,monomer,genus:Caenorhabditis,72-95
A0AAF3FK35_IPR045860_1_8-93,Ly6,monomer,genus:Mesorhabditis,72-95
A0AAJ7BV09_IPR045860_1_28-115,none,monomer,genus:Cephus,72-95
A0AAN4ZG18_IPR045860_1_93-172,none,monomer,genus:Pristionchus,72-95
A0AAN5DE91_IPR045860_1_32-120,none,monomer,genus:Pristionchus,72-95
A0AAN7S6Z8_IPR045860_1_22-104,none,monomer,genus:Aquatica,72-95
A0AAN7Y299_IPR045860_1_66-131,Ly6,monomer,genus:Eleginops,50-72
A0AAN8QZB5_IPR045860_1_64-161,none,monomer,class:Actinopteri,95-117
A0AAU7YED8_IPR045860_1_32-107,none,monomer,genus:Nidirana,72-95
A0AAU9W4M6_IPR045860_1_52-153,none,monomer,genus:Pocillopora,95-117
A0AAV1PZ55_IPR045860_2_20-102,Ly6,multimer,genus:Scomber,72-95
A0AAV2Q5Q0_IPR045860_1_24-122,Ly6,monomer,genus:Meganyctiphanes,95-117
A0AAV5TE34_IPR045860_1_37-129,none,monomer,genus:Pristionchus,72-95
A0AAV5VV05_IPR045860_1_67-171,none,monomer,genus:Pristionchus,95-117
A0AAV6G4K1_IPR045860_2_83-145,none,multimer,genus:Alosa,50-72
A0AAV6UKQ1_IPR045860_1_1-96,none,monomer,genus:Oedothorax,95-117
A0AAV6Z7L1_IPR045860_1_1-63,none,monomer,genus:Engystomops,50-72
A0AAV7CMG0_IPR045860_1_17-98,none,monomer,genus:Engystomops,72-95
A0AAV8Z4P7_IPR045860_1_1-85,none,monomer,genus:Aromia,72-95
A0AAW0U0Y4_IPR045860_1_59-142,none,monomer,order:Decapoda,72-95
A0AAW1U2D4_IPR045860_1_27-126,none,monomer,genus:Henosepilachna,95-117
A0AAX7SLR3_IPR045860_1_6-88,none,monomer,family:Cichlidae,72-95
A0AAY4EY74_IPR045860_1_17-95,none,monomer,genus:Denticeps,72-95
A0ABD0QD01_IPR045860_1_4-59,none,monomer,genus:Cirrhinus,50-72
A0ABD0WKJ1_IPR045860_1_17-79,none,monomer,genus:Umbra,50-72
A0ABD2IWJ0_IPR045860_1_17-97,none,monomer,genus:Heterodera,72-95
B3EWF8_IPR045860_1_12-81,mixture,monomer,genus:Micrurus,50-72
B4MYH3_IPR045860_1_62-170,none,monomer,genus:Drosophila,95-117
C1L5D2_IPR045860_1_32-89,none,monomer,genus:Schistosoma,50-72
E3N743_IPR045860_1_9-83,none,monomer,genus:Caenorhabditis,72-95
F6ZQF4_IPR045860_1_15-103,Ly6,monomer,genus:Ciona,72-95
G5CTM1_IPR045860_1_35-128,none,monomer,genus:Mnemiopsis,72-95
G8G8Z9_IPR045860_1_10-78,Ly6,monomer,genus:Epinephelus,50-72
H2Z6J6_IPR045860_1_20-110,none,monomer,genus:Ciona,72-95
K1QMD5_IPR045860_1_5-58,none,monomer,genus:Magallana,50-72
N6TJ42_IPR045860_1_1-78,none,monomer,genus:Dendroctonus,72-95
P25677_IPR045860_1_1-56,none,monomer,family:Elapidae,50-72
Q0GAE3_IPR045860_1_12-81,none,monomer,genus:Plethodon,50-72
Q4R0Y3_IPR045860_1_29-130,none,monomer,genus:Platynereis,95-117
Q9N5W6_IPR045860_1_5-61,none,monomer,genus:Caenorhabditis,50-72
T1EEB2_IPR045860_1_26-122,none,monomer,genus:Helobdella,95-117
T1JH11_IPR045860_1_20-103,none,monomer,genus:Strigamia,72-95
U4U7J5_IPR045860_1_1002-1086,none,monomer,genus:Dendroctonus,72-95
V9KSU0_IPR045860_1_19-93,none,monomer,class:Chondrichthyes,72-95
W6NCI4_IPR045860_1_42-138,none,monomer,genus:Haemonchus,95-117
Centipede3FTx_0007_61981,manually_annotated,monomer,class:Chilopoda,117-140
Centipede3FTx_0039_60158,manually_annotated,monomer,class:Chilopoda,117-140
Centipede3FTx_0071_60158,manually_annotated,monomer,class:Chilopoda,72-95
Centipede3FTx_0103_984703,manually_annotated,monomer,class:Chilopoda,117-140
Centipede3FTx_0135_984703,manually_annotated,monomer,class:Chilopoda,72-95
D3ZF96_IPR042339_1_1-125,mixture,monomer,genus:Rattus,117-140
A0AA39H3S7_IPR003571_1_412-475,none,monomer,genus:Steinernema,50-72
A0AAW1BKT6_IPR045860_1_14-80,none,monomer,genus:Crotalus,50-72
A7X3R6_IPR045860_1_12-85,3FTx,monomer,genus:Leioheterodon,72-95
C0HJD3_IPR045860_1_1-74,mixture,monomer,family:Colubridae,72-95
P0DKS3_IPR045860_1_1-57,none,monomer,genus:Dendroaspis,50-72
P19004_IPR045860_1_1-64,none,monomer,genus:Aspidelaps,50-72
P81946_IPR045860_1_1-59,none,monomer,genus:Dendroaspis,50-72
Q2VBN0_IPR045860_1_12-86,none,monomer,genus:Ophiophagus,72-95
R4FIH0_IPR045860_1_12-81,3FTx,monomer,genus:Furina,50-72
R4G7M0_IPR045860_1_12-81,3FTx,monomer,genus:Vermicella,50-72
G3V630_IPR026110_1_1-148,none,monomer,family:Muridae,140-162
A0A0Q3MDD0_IPR045860_1_1-68,none,monomer,genus:Amazona,50-72
A0A1I7XX33_IPR035076_1_66-124,none,monomer,genus:Steinernema,50-72
A0A3B3XT67_IPR016054_2_118-195,Ly6,multimer,family:Poeciliidae,72-95
A0A3B5QR19_IPR045860_2_111-184,Ly6,multimer,family:Poeciliidae,72-95
A0A3M6UV60_IPR035076_1_123-202,Ly6,multimer,family:Pocilloporidae,72-95
A0A3Q3FZ14_IPR016054_2_117-200,Ly6,multimer,genus:Kryptolebias,72-95
A0A401Q2C1_IPR045860_4_15-97,Ly6,multimer,genus:Scyliorhinus,72-95
A0A670I9L5_IPR016054_1_29-111,Ly6,monomer,genus:Podarcis,72-95
A0A673AYS7_IPR045860_2_13-91,none,multimer,genus:Sphaeramia,72-95
A0A6A5EES0_IPR016054_2_115-195,Ly6,multimer,class:Actinopteri,72-95
A0A6G0IBB6_IPR016054_2_18-112,Ly6,multimer,genus:Larimichthys,72-95
A0A6J8CXM1_IPR045860_1_45-149,mixture,mixture,genus:Mytilus,72-95
A0A6P7WY53_IPR045860_1_164-214,none,multimer,genus:Microcaecilia,50-72
A0A6P8QQP9_IPR016054_1_21-102,Ly6,monomer,genus:Geotrypetes,72-95
A0A7J6BV54_IPR045860_2_221-283,Ly6,multimer,genus:Onychostoma,50-72
A0A811L5L6_IPR045860_1_10-99,none,monomer,genus:Bursaphelenchus,72-95
A0A813XHA2_IPR045860_1_19-92,none,monomer,genus:Brachionus,72-95
A0A8B6HFD7_IPR016054_1_63-154,mixture,mixture,genus:Mytilus,72-95
A0A8B9VV10_IPR016054_1_21-106,Ly6,monomer,class:Aves,72-95
A0A8C0GQD8_IPR016054_1_42-128,Ly6,monomer,order:Testudines,72-95
A0A8C5DLT6_IPR045860_1_65-146,Ly6,multimer,genus:Gouania,72-95
A0A8C6VTY1_IPR016054_2_152-231,Ly6,multimer,genus:Nothobranchius,72-95
A0A8C7VL86_IPR045860_1_14-102,mixture,monomer,genus:Oncorhynchus,72-95
A0A8J1JPU6_IPR016054_1_21-99,Ly6,multimer,genus:Xenopus,72-95
A0A8J4WHW3_IPR045860_1_19-95,none,monomer,genus:Paragonimus,72-95
A0A8M9PNE1_IPR045860_2_102-170,none,multimer,genus:Danio,50-72
A0A914I0N0_IPR035076_1_86-145,none,monomer,genus:Globodera,50-72
A0A9L0J0W8_IPR045860_1_28-147,Ly6,monomer,genus:Equus,117-140
A0A9Q1DW78_IPR016054_2_20-113,Ly6,multimer,genus:Conger,72-95
A0A9W2XCQ3_IPR016054_2_19-114,Ly6,multimer,genus:Betta,95-117
A0AA36GVX4_IPR045860_1_24-119,none,monomer,genus:Cylicocyclus,95-117
A0AA88P7M2_IPR016054_1_109-192,Ly6,multimer,genus:Cirrhinus,72-95
A0AA97JRF4_IPR016054_1_25-108,Ly6,monomer,genus:Eublepharis,72-95
A0AAE0QD06_IPR016054_1_48-128,Ly6,monomer,genus:Hemibagrus,72-95
A0AAN9CQ39_IPR016054_1_19-107,Ly6,multimer,genus:Phoxinus,72-95
A0AAV3A156_IPR016054_1_194-268,Ly6,multimer,genus:Pyxicephalus,72-95
A0AAV7V238_IPR016054_1_121-202,Ly6,monomer,genus:Pleurodeles,72-95
H2PRC4_IPR045860_1_62-139,mixture,monomer,class:Mammalia,72-95
W5MCF2_IPR016054_2_19-116,Ly6,multimer,genus:Lepisosteus,95-117
A0A286XQR4_IPR038773_1_3-194,Ly6,monomer,order:Rodentia,185-207
G5C3F3_IPR038773_1_63-175,none,monomer,genus:Heterocephalus,95-117
A0A0A0QT09_IPR016054_1_4-60,mixture,multimer,genus:Notophthalmus,50-72
A0A0A0QTE9_IPR045860_1_75-146,mixture,mixture,family:Salamandridae,72-95
A0A0F7JG73_IPR045860_1_18-107,Ly6,multimer,genus:Ichthyosaura,72-95
A0A0N8ESW9_IPR016054_1_26-109,none,monomer,family:Bathyergidae,72-95
A0A151PIJ3_IPR016054_1_181-271,Ly6,multimer,genus:Alligator,72-95
A0A1A6HWV9_IPR045860_2_1-77,mixture,multimer,order:Rodentia,72-95
A0A1L6ZA26_IPR026524_1_1-146,none,monomer,genus:Rattus,140-162
A0A1S3KT03_IPR045860_1_25-110,mostly_Ly6,monomer,class:Actinopteri,72-95
A0A286Y199_IPR016054_1_28-108,Ly6,multimer,genus:Cavia,72-95
A0A2D0SJ48_IPR045860_2_21-100,Ly6,multimer,family:Ictaluridae,72-95
A0A2G9Q834_IPR045860_1_11-61,Ly6,monomer,genus:Aquarana,50-72
A0A2K5DIW0_IPR016054_1_268-339,mostly_Ly6,multimer,order:Primates,50-72
A0A3B3CF22_IPR045860_3_120-197,Ly6,multimer,genus:Oryzias,72-95
A0A3B4BKF6_IPR016054_2_112-192,Ly6,multimer,genus:Pygocentrus,72-95
A0A3P8X2T7_IPR045860_1_18-94,none,monomer,genus:Cynoglossus,72-95
A0A3Q2DHF6_IPR016054_1_18-108,Ly6,multimer,genus:Cyprinodon,72-95
A0A3Q2V0P0_IPR016054_1_19-112,Ly6,monomer,family:Cichlidae,72-95
A0A452IF29_IPR045860_2_17-104,Ly6,multimer,genus:Gopherus,72-95
A0A452SDS7_IPR045860_3_330-408,Ly6,mixture,order:Carnivora,72-95
A0A484GSD8_IPR016054_1_27-77,Ly6,monomer,order:Artiodactyla,50-72
A0A4D9DJS9_IPR045860_2_148-232,Ly6,multimer,order:Testudines,72-95
A0A513ZV71_IPR045860_1_113-203,Ly6,multimer,genus:Boana,72-95
A0A556U043_IPR016054_2_109-196,Ly6,multimer,genus:Bagarius,72-95
A0A5N5LUV9_IPR045860_2_19-99,Ly6,multimer,genus:Pangasianodon,72-95
A0A667HSE1_IPR051445_1_111-255,Ly6,monomer,family:Felidae,117-140
A0A671FAW1_IPR016054_1_21-104,Ly6,mixture,genus:Rhinolophus,72-95
A0A672FHW3_IPR045860_1_17-92,Ly6,monomer,genus:Salarias,72-95
A0A673AUY9_IPR016054_2_2-94,Ly6,multimer,genus:Sphaeramia,72-95
A0A673MPP2_IPR016054_1_34-118,none,monomer,class:Actinopteri,72-95
A0A6J0SFY5_IPR045860_2_19-109,Ly6,multimer,genus:Pogona,72-95
A0A6J0VCR5_IPR045860_1_62-145,Ly6,monomer,genus:Pogona,72-95
A0A6J1V388_IPR016054_2_206-307,Ly6,multimer,order:Squamata,95-117
A0A6J8CQ86_IPR016054_1_208-291,Ly6,multimer,genus:Mytilus,72-95
A0A6P7QJG9_IPR051445_1_2-134,mixture,monomer,genus:Mus,117-140
A0A6P8NI02_IPR016054_1_109-199,Ly6,multimer,genus:Geotrypetes,72-95
A0A6P8SJ83_IPR045860_2_114-195,Ly6,multimer,genus:Geotrypetes,72-95
A0A6P9B2J9_IPR045860_1_15-106,mixture,multimer,order:Squamata,72-95
A0A7L1RYV9_IPR016054_1_25-106,none,monomer,genus:Helopsaltes,72-95
A0A7L4JW22_IPR045860_1_95-178,mixture,multimer,class:Aves,72-95
A0A8B6DBJ3_IPR016054_2_207-304,none,multimer,genus:Mytilus,95-117
A0A8B7WI12_IPR051445_1_1-137,Ly6,monomer,genus:Castor,117-140
A0A8B8E0A1_IPR045860_1_127-207,none,multimer,family:Ostreidae,72-95
A0A8C3XV50_IPR045860_1_17-104,Ly6,multimer,genus:Chelydra,72-95
A0A8C5DIF8_IPR045860_1_15-106,Ly6,monomer,genus:Gouania,72-95
A0A8C5QVV8_IPR045860_5_353-440,Ly6,multimer,genus:Leptobrachium,72-95
A0A8C5RAW5_IPR045860_2_114-192,Ly6,multimer,genus:Leptobrachium,72-95
A0A8C6DV88_IPR045860_2_199-248,none,multimer,genus:Moschus,50-72
A0A8C7YZM5_IPR016054_2_98-177,Ly6,multimer,genus:Oryzias,72-95
A0A8C9GZH3_IPR045860_2_116-195,Ly6,mixture,order:Primates,72-95
A0A8C9VHB0_IPR016054_1_20-110,Ly6,multimer,genus:Scleropages,72-95
A0A8D0BUU9_IPR016054_1_19-94,Ly6,monomer,genus:Salvator,72-95
A0A8D0JXR1_IPR016054_2_20-107,Ly6,multimer,genus:Sus,72-95
A0A8I6AVK8_IPR016054_1_118-200,none,multimer,genus:Rattus,72-95
A0A8J4TUS0_IPR045860_1_18-101,Ly6,monomer,genus:Clarias,72-95
A0A8J6DP14_IPR016054_1_515-587,Ly6,multimer,genus:Galemys,72-95
A0A8J6L717_IPR016054_1_150-235,Ly6,monomer,genus:Microtus,72-95
A0A8S3QK43_IPR016054_2_1-89,Ly6,multimer,genus:Mytilus,72-95
A0A8U0QAD0_IPR045860_2_114-193,Ly6,multimer,genus:Salvelinus,72-95
A0A913X5C8_IPR016054_1_23-121,Ly6,monomer,genus:Exaiptasia,95-117
A0A974HDB2_IPR045860_2_48-130,Ly6,multimer,genus:Xenopus,72-95
A0A9B0WY52_IPR045860_2_128-216,Ly6,multimer,genus:Chrysochloris,72-95
A0A9D3PEK6_IPR016054_1_27-122,Ly6,monomer,class:Actinopteri,72-95
A0A9F2R4S9_IPR045860_2_115-201,Ly6,multimer,genus:Python,72-95
A0A9F5JCG2_IPR016054_1_20-92,Ly6,multimer,genus:Python,72-95
A0A9J7KB25_IPR016054_3_610-678,mixture,multimer,family:Cricetidae,50-72
A0A9N9SCS8_IPR045860_1_19-109,Ly6,monomer,genus:Phaedon,72-95
A0A9Q0X862_IPR045860_2_122-186,Ly6,multimer,genus:Phrynocephalus,50-72
A0A9Q1D2N3_IPR016054_1_64-146,none,monomer,genus:Conger,72-95
A0A9W7WHC0_IPR016054_1_19-115,Ly6,monomer,genus:Triplophysa,95-117
A0A9X0CD38_IPR045860_1_11-104,Ly6,monomer,genus:Desmophyllum,72-95
A0AA35KMX9_IPR045860_1_115-196,Ly6,multimer,genus:Podarcis,72-95
A0AA97KAT5_IPR045860_2_116-205,Ly6,multimer,genus:Eublepharis,72-95
A0AA97KGW2_IPR045860_1_18-103,Ly6,multimer,genus:Eublepharis,72-95
A0AA97LHY3_IPR045860_2_115-203,Ly6,multimer,genus:Eublepharis,72-95
A0AAD1T4T8_IPR016054_1_21-115,Ly6,multimer,genus:Pelobates,72-95
A0AAD1WL22_IPR045860_6_288-366,Ly6,multimer,genus:Pelobates,72-95
A0AAD1WR25_IPR045860_1_113-200,Ly6,multimer,genus:Pelobates,72-95
A0AAD6AN08_IPR016054_1_19-118,mostly_Ly6,mixture,class:Actinopteri,95-117
A0AAD9Q3Q6_IPR045860_1_19-116,Ly6,monomer,genus:Acropora,95-117
A0AAQ4PVU2_IPR016054_1_19-87,Ly6,monomer,genus:Gasterosteus,50-72
A0AAV1Q810_IPR045860_2_22-101,Ly6,multimer,genus:Scomber,72-95
A0AAV2K9H5_IPR016054_2_135-210,Ly6,multimer,genus:Knipowitschia,72-95
A0AAV2ZNB6_IPR045860_1_108-187,Ly6,multimer,genus:Pyxicephalus,72-95
A0AAV6FTL5_IPR045860_1_18-105,Ly6,monomer,family:Clupeidae,72-95
A0AAV6YYU5_IPR045860_2_112-201,Ly6,multimer,genus:Engystomops,72-95
A0AAV6ZFP2_IPR045860_2_113-198,Ly6,multimer,genus:Engystomops,72-95
A0AAV6ZNU6_IPR045860_1_115-197,Ly6,multimer,genus:Engystomops,72-95
A0AAV7D0G9_IPR045860_1_107-172,Ly6,multimer,genus:Engystomops,50-72
A0AAV7PZR4_IPR045860_2_114-222,Ly6,multimer,genus:Pleurodeles,95-117
A0AAW0N4Y7_IPR045860_1_21-114,Ly6,multimer,genus:Mugilogobius,72-95
A0AAW0PQM6_IPR045860_2_501-587,none,multimer,genus:Mugilogobius,72-95
A0AAW1AY60_IPR045860_3_110-202,Ly6,multimer,genus:Crotalus,72-95
A0AAW1Z242_IPR016054_1_19-109,Ly6,monomer,genus:Culter,72-95
A0ABC9XRS3_IPR045860_3_316-400,Ly6,multimer,genus:Grus,72-95
A7RGX5_IPR016054_1_156-253,Ly6,monomer,genus:Nematostella,95-117
F6Q0C7_IPR016054_3_33-111,Ly6,multimer,genus:Macaca,72-95
G3HYY0_IPR045860_1_24-108,Ly6,monomer,genus:Cricetulus,72-95
H9G8X6_IPR016054_1_19-107,mixture,multimer,order:Squamata,72-95
I3N0X9_IPR016054_1_21-96,Ly6,monomer,family:Sciuridae,72-95
K7FG20_IPR045860_2_114-195,Ly6,multimer,genus:Pelodiscus,72-95
L9L7X5_IPR016054_4_130-208,Ly6,multimer,genus:Tupaia,72-95
M7BWK4_IPR016054_1_1-95,Ly6,mixture,order:Testudines,72-95
P82144_IPR016054_1_20-115,mixture,mixture,family:Viperidae,72-95
A0A674JYI0_IPR026524_1_6-291,none,monomer,order:Testudines,252-275
F7AM00_IPR026524_1_1-290,none,monomer,genus:Ornithorhynchus,275-297
A0A6P4ZXP9_IPR039457_1_32-185,Ly6,monomer,genus:Branchiostoma,140-162
A0A8C9N0B9_IPR039457_1_6-166,mixture,monomer,phylum:Chordata,140-162
A0A8S1CFF1_IPR039457_1_53-150,Ly6,monomer,genus:Cloeon,95-117
A0A974H179_IPR039457_1_5-167,mixture,monomer,order:Anura,140-162
A0AAN7NSH9_IPR039457_1_19-115,Ly6,monomer,class:Aves,72-95
A0AAY5EFL2_IPR039457_1_32-161,Ly6,monomer,genus:Electrophorus,117-140
S4RBD6_IPR039457_1_7-150,Ly6,monomer,genus:Petromyzon,140-162
A0A068W7A7_IPR031424_1_50-138,Quiver,monomer,order:Cyclophyllidea,72-95
A0A094ZV75_IPR031424_1_24-165,none,monomer,genus:Schistosoma,140-162
A0A0C5BFE9_IPR031424_1_1-108,none,monomer,genus:Megaselia,95-117
A0A0L0C712_IPR031424_1_38-158,none,monomer,order:Diptera,117-140
A0A0L8GXK5_IPR045860_1_17-112,mixture,monomer,genus:Octopus,72-95
A0A0N5AH66_IPR031424_1_26-115,Quiver,monomer,genus:Syphacia,72-95
A0A147BHP1_IPR031424_1_26-125,mixture,monomer,class:Arachnida,95-117
A0A194QQN6_IPR031424_1_49-145,none,monomer,genus:Papilio,95-117
A0A1B0CY38_IPR045860_1_86-173,mixture,monomer,family:Psychodidae,72-95
A0A1B0GLK1_IPR045860_1_19-107,none,monomer,genus:Lutzomyia,72-95
A0A1B6GAG9_IPR031424_1_38-130,none,monomer,family:Cicadellidae,72-95
A0A1D1VPI7_IPR031424_1_33-113,none,monomer,genus:Ramazzottius,72-95
A0A1I8ARY4_IPR031424_1_90-185,none,monomer,genus:Steinernema,95-117
A0A1S3IG91_IPR031424_1_24-99,none,monomer,genus:Lingula,72-95
A0A1S3K9X6_IPR031424_1_26-102,Quiver,monomer,genus:Lingula,72-95
A0A1V9XR32_IPR031424_1_12-61,none,monomer,genus:Tropilaelaps,50-72
A0A1Y1KGF1_IPR045860_1_20-105,none,monomer,genus:Photinus,72-95
A0A2J7PYC1_IPR031424_1_3-99,mixture,monomer,class:Insecta,95-117
A0A3S1BYE4_IPR031424_1_28-138,mixture,monomer,phylum:Mollusca,95-117
A0A443SRQ3_IPR031424_1_24-136,none,monomer,genus:Leptotrombidium,95-117
A0A4E0RP77_IPR031424_1_40-150,none,monomer,genus:Fasciola,95-117
A0A4Y2H296_IPR031424_1_31-81,none,monomer,genus:Araneus,50-72
A0A553P7J2_IPR045860_1_508-607,none,monomer,genus:Tigriopus,95-117
A0A5K3FB28_IPR031424_1_38-146,mixture,monomer,order:Cyclophyllidea,95-117
A0A646QE61_IPR045860_1_21-112,Scoloptoxin,monomer,genus:Hemiscolopendra,72-95
A0A6A4WF08_IPR031424_1_23-133,none,monomer,genus:Amphibalanus,95-117
A0A6G0TBQ7_IPR031424_1_25-186,mixture,monomer,genus:Aphis,162-185
A0A6J2Y7K7_IPR031424_1_23-125,none,monomer,genus:Sitophilus,95-117
A0A7F5R0I9_IPR031424_1_80-167,none,monomer,genus:Agrilus,72-95
A0A7I4YMW4_IPR031424_1_19-108,mixture,monomer,order:Rhabditida,72-95
A0A7J7K0V0_IPR031424_1_37-129,Quiver,monomer,genus:Bugula,72-95
A0A7R8CNQ6_IPR031424_1_485-582,none,monomer,genus:Lepeophtheirus,95-117
A0A7R8XDP0_IPR031424_1_27-123,Quiver,monomer,genus:Darwinula,95-117
A0A7R9SBM9_IPR045860_1_31-123,none,monomer,genus:Argulus,72-95
A0A816N8P4_IPR031424_1_22-108,none,monomer,genus:Rotaria,72-95
A0A817MDA7_IPR031424_1_21-106,mixture,monomer,genus:Rotaria,72-95
A0A818KK65_IPR031424_2_21-109,mixture,mixture,genus:Adineta,72-95
A0A834XXW6_IPR045860_1_25-117,none,monomer,genus:Aphidius,72-95
A0A8B7Y0D4_IPR045860_1_18-104,Ly6,monomer,genus:Acanthaster,72-95
A0A8B8EWM2_IPR031424_1_60-143,none,monomer,genus:Crassostrea,72-95
A0A8D8BP07_IPR031424_1_50-179,none,monomer,genus:Culex,117-140
A0A8D8WKL7_IPR031424_1_26-124,Quiver,monomer,genus:Cacopsylla,95-117
A0A8I6RRD0_IPR031424_1_24-112,Quiver,monomer,genus:Cimex,72-95
A0A8J2HNT4_IPR031424_1_6-91,none,monomer,genus:Cotesia,72-95
A0A8K0GPW3_IPR045860_1_20-142,Quiver,monomer,genus:Ignelater,117-140
A0A8R2ALJ0_IPR031424_1_26-123,none,monomer,genus:Bombyx,95-117
A0A8S1CU21_IPR031424_1_21-148,none,monomer,genus:Cloeon,117-140
A0A8S4N1C8_IPR031424_1_48-138,Quiver,monomer,genus:Owenia,72-95
A0A8S9YNF2_IPR031424_1_24-123,mixture,monomer,class:Trematoda,95-117
A0A8W8K4J3_IPR031424_1_23-111,Quiver,monomer,genus:Magallana,72-95
A0A914DLT9_IPR031424_1_126-215,none,monomer,genus:Acrobeloides,72-95
A0A914WZU6_IPR031424_1_27-149,none,monomer,genus:Plectus,117-140
A0A922CZP3_IPR031424_1_34-138,Quiver,monomer,genus:Manduca,95-117
A0A9C6XCY0_IPR031424_1_32-81,Quiver,monomer,genus:Frankliniella,50-72
A0A9D4RY16_IPR031424_1_22-94,none,monomer,genus:Dreissena,72-95
A0A9N9QLB3_IPR031424_1_24-137,none,monomer,family:Curculionidae,95-117
A0A9P0CCG7_IPR031424_1_30-146,none,monomer,genus:Bemisia,95-117
A0A9P0FNJ1_IPR031424_1_20-121,none,monomer,genus:Brassicogethes,95-117
A0A9Q0M342_IPR031424_1_62-142,none,monomer,order:Sarcoptiformes,72-95
A0AA38IBV1_IPR045860_1_23-106,Quiver,monomer,genus:Zophobas,72-95
A0AA88XPE4_IPR031424_1_8-71,Quiver,monomer,genus:Pinctada,50-72
A0AAD4QYY2_IPR031424_1_57-196,Quiver,monomer,genus:Ditylenchus,117-140
A0AAD8EN74_IPR031424_1_25-127,none,monomer,genus:Diploptera,95-117
A0AAE0VX39_IPR045860_1_30-117,SPF,monomer,genus:Potamilus,72-95
A0AAJ6QTB4_IPR031424_1_25-117,none,monomer,genus:Galendromus,72-95
A0AAN7ZEE7_IPR045860_1_22-110,none,monomer,genus:Pyrocoelia,72-95
A0AAN9A8J7_IPR031424_1_8-104,none,monomer,genus:Halocaridina,95-117
A0AAN9VW72_IPR031424_1_34-129,none,monomer,genus:Gryllus,95-117
A0AAV2PNB8_IPR031424_1_26-121,none,monomer,genus:Meganyctiphanes,95-117
A0AAV5VLM2_IPR045860_1_32-113,none,monomer,genus:Pristionchus,72-95
A0AAV8W4N7_IPR031424_1_10-104,none,monomer,genus:Exocentrus,72-95
A0AAW1UR67_IPR045860_1_27-124,none,monomer,genus:Henosepilachna,95-117
A0ABD0M7W9_IPR031424_1_2-94,none,monomer,genus:Batillaria,72-95
B6IGN8_IPR031424_1_22-135,Quiver,monomer,genus:Caenorhabditis,95-117
N6TMV4_IPR031424_1_26-131,none,monomer,order:Coleoptera,95-117
A0A8C6C795_IPR051445_1_14-138,Ly6,monomer,genus:Monodon,117-140
A0A0C9PLL2_IPR045860_1_40-136,none,monomer,genus:Fopius,95-117
A0A0K0FMR2_IPR045860_1_31-115,Ly6,monomer,genus:Strongyloides,72-95
A0A0N4WDH9_IPR045860_1_52-114,none,monomer,genus:Haemonchus,50-72
A0A0N5BF53_IPR045860_1_5-59,Ly6,monomer,genus:Strongyloides,50-72
A0A0V0UBI1_IPR045860_1_1-58,none,monomer,genus:Trichinella,50-72
A0A139WD05_IPR045860_1_272-362,none,monomer,genus:Tribolium,72-95
A0A151JNP4_IPR045860_1_32-149,none,monomer,family:Formicidae,95-117
A0A183FGC3_IPR045860_1_5-67,none,monomer,genus:Heligmosomoides,50-72
A0A194APH0_IPR045860_1_12-79,mostly_3FTx,monomer,genus:Micrurus,50-72
A0A1B6CVR8_IPR045860_1_23-104,none,monomer,genus:Clastoptera,72-95
A0A1D2N443_IPR045860_1_88-200,none,monomer,genus:Orchesella,95-117
A0A1I7TRJ6_IPR045860_1_37-95,Quiver,monomer,genus:Caenorhabditis,50-72
A0A1I7YII5_IPR045860_1_29-124,none,monomer,genus:Steinernema,95-117
A0A1I8CMM5_IPR045860_1_90-193,none,monomer,genus:Rhabditophanes,95-117
A0A1W0WBX7_IPR045860_1_35-129,none,monomer,genus:Hypsibius,72-95
A0A210QMK4_IPR045860_1_24-110,none,monomer,genus:Mizuhopecten,72-95
A0A260ZKC3_IPR045860_1_38-98,none,monomer,genus:Caenorhabditis,50-72
A0A315UUB0_IPR045860_1_23-133,none,monomer,family:Poeciliidae,95-117
A0A336M3U3_IPR045860_1_85-172,none,monomer,genus:Culicoides,72-95
A0A385XRL7_IPR045860_1_29-104,none,monomer,genus:Palaemon,72-95
A0A3B3SYA6_IPR045860_1_33-146,none,monomer,genus:Paramormyrops,95-117
A0A3P7KNC1_IPR045860_1_1-66,none,monomer,order:Rhabditida,50-72
A0A3P8PM98_IPR045860_1_30-81,Ly6,monomer,genus:Astatotilapia,50-72
A0A3P8R7R8_IPR045860_1_10-89,none,monomer,family:Cichlidae,72-95
A0A3P8VSI6_IPR045860_3_20-103,none,multimer,genus:Cynoglossus,72-95
A0A3P9D113_IPR045860_1_16-89,Ly6,monomer,genus:Maylandia,72-95
A0A3Q3F1G7_IPR045860_1_17-91,Ly6,monomer,genus:Labrus,72-95
A0A423SRT4_IPR045860_1_20-112,none,monomer,genus:Penaeus,72-95
A0A482VCD4_IPR045860_1_24-112,none,monomer,genus:Asbolus,72-95
A0A498M399_IPR045860_1_59-136,none,monomer,genus:Labeo,72-95
A0A4U5P0C7_IPR045860_1_17-113,Ly6,monomer,genus:Steinernema,95-117
A0A553N6I3_IPR045860_1_56-132,none,monomer,genus:Tigriopus,72-95
A0A564XVX8_IPR045860_1_5-93,none,monomer,genus:Hymenolepis,72-95
A0A646QGB9_IPR045860_1_23-106,Scoloptoxin,monomer,genus:Hemiscolopendra,72-95
A0A674NC48_IPR045860_1_26-86,Ly6,monomer,genus:Takifugu,50-72
A0A6B0QQA6_IPR045860_1_446-535,none,monomer,genus:Bos,72-95
A0A6F9ACW7_IPR045860_1_3-82,none,monomer,genus:Coregonus,72-95
A0A6G1S6S7_IPR045860_1_3-110,none,monomer,genus:Aceria,95-117
A0A6I8U9X6_IPR045860_1_149-215,none,monomer,genus:Aedes,50-72
A0A6J0DST4_IPR045860_1_34-106,none,monomer,genus:Peromyscus,72-95
A0A6J2KPI1_IPR045860_1_286-366,mixture,monomer,genus:Bombyx,72-95
A0A6P4ZXL6_IPR045860_1_19-100,none,monomer,genus:Branchiostoma,72-95
A0A6P5IL34_IPR045860_1_52-129,none,monomer,class:Mammalia,72-95
A0A6P7J166_IPR045860_1_16-81,mixture,monomer,genus:Parambassis,50-72
A0A6P7TJI0_IPR045860_1_19-118,mixture,monomer,genus:Octopus,95-117
A0A6P8HK26_IPR045860_1_21-108,none,monomer,genus:Actinia,72-95
A0A6P8ZD90_IPR045860_1_32-139,none,monomer,genus:Thrips,95-117
A0A7E4ZYH8_IPR045860_1_23-120,none,monomer,genus:Panagrellus,95-117
A0A7E6EKS8_IPR045860_1_199-279,none,monomer,genus:Octopus,72-95
A0A7M4DZ02_IPR045860_1_32-95,none,monomer,phylum:Chordata,50-72
A0A7M5WTF1_IPR045860_1_25-124,none,monomer,genus:Clytia,95-117
A0A7M7HM99_IPR045860_1_19-94,none,monomer,genus:Strongylocentrotus,72-95
A0A7R8UFU7_IPR045860_1_22-92,none,monomer,genus:Hermetia,50-72
A0A7R9BJM8_IPR045860_1_1155-1249,none,monomer,genus:Notodromas,72-95
A0A7R9KQA6_IPR045860_1_1-104,none,monomer,genus:Medioppia,95-117
A0A7S3LW28_IPR045860_1_23-79,none,monomer,genus:Palpitomonas,50-72
A0A814EJY6_IPR045860_1_192-247,none,monomer,genus:Brachionus,50-72
A0A814JRF2_IPR045860_1_23-113,none,monomer,genus:Rotaria,72-95
A0A814PF60_IPR045860_1_15-104,Ly6,monomer,genus:Brachionus,72-95
A0A815NTN4_IPR045860_1_24-100,Quiver,monomer,genus:Rotaria,72-95
A0A816A664_IPR045860_1_24-93,none,monomer,genus:Adineta,50-72
A0A816MGA9_IPR045860_1_22-91,mixture,monomer,genus:Rotaria,50-72
A0A819HV60_IPR045860_1_5-73,none,monomer,genus:Adineta,50-72
A0A819SAG5_IPR045860_1_18-112,none,monomer,genus:Rotaria,95-117
A0A820GX80_IPR045860_1_34-110,none,monomer,genus:Rotaria,72-95
A0A821T8D9_IPR045860_1_14-116,none,monomer,genus:Rotaria,95-117
A0A834K4N4_IPR045860_1_39-136,none,monomer,genus:Vespula,95-117
A0A8B6BQL6_IPR045860_1_579-661,none,monomer,genus:Mytilus,72-95
A0A8B6ERY4_IPR045860_1_19-100,none,monomer,genus:Mytilus,72-95
A0A8B7DRJ4_IPR045860_1_22-104,none,monomer,genus:Hydra,72-95
A0A8B7NG92_IPR045860_1_20-100,Ly6,monomer,genus:Hyalella,72-95
A0A8B8C0W7_IPR045860_1_122-197,none,monomer,genus:Crassostrea,72-95
A0A8B8DKZ9_IPR045860_2_384-473,none,multimer,genus:Crassostrea,72-95
A0A8B8EZV4_IPR045860_1_33-141,mixture,monomer,genus:Crassostrea,95-117
A0A8C3RUZ7_IPR045860_1_26-110,none,monomer,phylum:Chordata,72-95
A0A8C4QSU0_IPR045860_1_20-92,none,monomer,genus:Eptatretus,72-95
A0A8C4WMJ5_IPR045860_1_21-113,none,monomer,genus:Gopherus,72-95
A0A8C5CHJ5_IPR045860_1_38-115,none,monomer,genus:Gadus,72-95
A0A8C5PN96_IPR045860_1_78-160,mixture,mixture,genus:Leptobrachium,72-95
A0A8C6TSB1_IPR045860_1_17-99,none,monomer,family:Gobiidae,72-95
A0A8C6V2B5_IPR045860_1_15-84,Ly6,monomer,genus:Neogobius,50-72
A0A8C7SA17_IPR045860_1_17-114,none,monomer,family:Salmonidae,95-117
A0A8C7YM21_IPR045860_2_100-205,Ly6,multimer,genus:Oryzias,95-117
A0A8C9L9A1_IPR045860_1_29-90,none,monomer,phylum:Chordata,50-72
A0A8C9SGA7_IPR045860_1_29-142,none,monomer,genus:Scleropages,95-117
A0A8D0C181_IPR045860_1_23-103,none,monomer,genus:Salvator,72-95
A0A8D9BNI4_IPR045860_1_20-113,Quiver,monomer,genus:Cacopsylla,72-95
A0A8J2WEI1_IPR045860_1_25-109,Ly6,monomer,genus:Daphnia,72-95
A0A8J4U5Y7_IPR045860_1_28-123,none,monomer,genus:Clarias,95-117
A0A8J5T7C4_IPR045860_1_152-247,none,monomer,genus:Homarus,95-117
A0A8K0CK45_IPR045860_1_9-63,none,monomer,genus:Ignelater,50-72
A0A8K0G9I2_IPR045860_1_24-99,none,monomer,genus:Ignelater,72-95
A0A8R1I6X8_IPR045860_1_5-110,none,monomer,genus:Caenorhabditis,95-117
A0A8R2D7F4_IPR045860_1_17-111,mixture,monomer,genus:Acyrthosiphon,95-117
A0A8S3ZZE4_IPR045860_1_1-93,none,monomer,genus:Candidula,72-95
A0A8S4N1R2_IPR045860_1_24-123,none,monomer,genus:Owenia,95-117
A0A8T2JBM2_IPR045860_1_30-108,none,monomer,genus:Hymenochirus,72-95
A0A8T2MS52_IPR045860_1_2-54,Ly6,monomer,genus:Albula,50-72
A0A8X7X054_IPR045860_1_1507-1586,mixture,monomer,phylum:Chordata,72-95
A0A913WXY5_IPR045860_1_32-107,none,monomer,genus:Exaiptasia,72-95
A0A913Y9B0_IPR045860_1_14-111,none,monomer,genus:Exaiptasia,95-117
A0A914B6Z4_IPR045860_1_34-122,none,monomer,order:Valvatida,72-95
A0A914E378_IPR045860_1_22-100,none,monomer,genus:Acrobeloides,72-95
A0A914RXB2_IPR045860_1_111-184,none,monomer,order:Rhabditida,72-95
A0A914ZED1_IPR045860_1_967-1042,none,monomer,genus:Parascaris,72-95
A0A915I0E1_IPR045860_1_237-341,none,monomer,genus:Romanomermis,95-117
A0A9B2JST6_IPR045860_1_20-123,mixture,monomer,class:Insecta,95-117
A0A9D4BKG7_IPR045860_1_64-152,none,monomer,genus:Dreissena,72-95
A0A9D4Q0P0_IPR045860_1_36-130,none,monomer,family:Ixodidae,95-117
A0A9F3QSR7_IPR045860_1_19-92,none,monomer,genus:Python,72-95
A0A9P0A2I0_IPR045860_1_17-117,none,monomer,genus:Bemisia,95-117
A0A9P0E4F8_IPR045860_1_52-150,none,monomer,genus:Nezara,95-117
A0A9Q1E0X4_IPR045860_1_24-93,Ly6,monomer,genus:Conger,72-95
A0A9W9YR80_IPR045860_1_48-145,SPF,monomer,genus:Desmophyllum,95-117
A0A9X0D910_IPR045860_1_18-113,none,monomer,genus:Desmophyllum,95-117
A0A9Y3S0M1_IPR045860_1_307-377,none,monomer,class:Actinopteri,50-72
A0AA35XIR1_IPR045860_1_631-718,none,multimer,genus:Geodia,72-95
A0AA36CU77_IPR045860_1_81-156,none,monomer,genus:Mesorhabditis,72-95
A0AA38IB06_IPR045860_1_10-100,Quiver,monomer,genus:Zophobas,72-95
A0AA39HM97_IPR045860_1_20-105,mixture,monomer,genus:Steinernema,72-95
A0AA39M7A2_IPR045860_1_134-204,none,monomer,genus:Steinernema,50-72
A0AA84ZRG6_IPR045860_1_108-168,mixture,mixture,genus:Schistosoma,50-72
A0AAD3NMK5_IPR045860_1_13-73,Ly6,monomer,genus:Lates,50-72
A0AAD5F8S8_IPR045860_1_16-135,none,monomer,order:Siluriformes,95-117
A0AAD9J8U3_IPR045860_2_125-210,none,multimer,genus:Paralvinella,72-95
A0AAD9PF64_IPR045860_1_21-114,none,monomer,genus:Ridgeia,72-95
A0AAD9UXV1_IPR045860_1_157-248,none,monomer,genus:Acropora,72-95
A0AAE1I2U9_IPR045860_1_31-132,none,monomer,genus:Frankliniella,95-117
A0AAF3FME2_IPR045860_1_614-677,none,monomer,genus:Mesorhabditis,50-72
A0AAJ7BVH6_IPR045860_1_28-107,none,monomer,genus:Cephus,72-95
A0AAN4ZHP0_IPR045860_1_23-95,Ly6,monomer,genus:Pristionchus,72-95
A0AAN5DG32_IPR045860_1_14-94,none,monomer,genus:Pristionchus,72-95
A0AAN7Y2H3_IPR045860_1_18-93,none,monomer,class:Actinopteri,72-95
A0AAN9T4J0_IPR045860_1_24-107,none,monomer,genus:Parthenolecanium,72-95
A0AAQ5Y6U8_IPR045860_1_24-106,none,monomer,genus:Amphiprion,72-95
A0AAR5NYP9_IPR045860_1_30-129,none,monomer,genus:Dendroctonus,95-117
A0AAU9W4P5_IPR045860_1_20-106,none,monomer,genus:Pocillopora,72-95
A0AAU9X055_IPR045860_1_33-129,mixture,monomer,genus:Pocillopora,95-117
A0AAV2QD99_IPR045860_1_46-100,none,monomer,genus:Meganyctiphanes,50-72
A0AAV4DMW8_IPR045860_1_26-88,none,monomer,genus:Plakobranchus,50-72
A0AAV5TF97_IPR045860_1_2-72,none,monomer,genus:Pristionchus,72-95
A0AAV5VYN5_IPR045860_1_10-86,none,monomer,genus:Pristionchus,72-95
A0AAV7TZS0_IPR045860_1_91-147,Ly6,monomer,genus:Pleurodeles,50-72
A0AAW0J544_IPR045860_1_58-138,Ly6,monomer,genus:Myodes,72-95
A0AAW0NWR8_IPR045860_1_102-194,Ly6,monomer,genus:Mugilogobius,72-95
A0AAW1U394_IPR045860_1_21-89,none,monomer,genus:Henosepilachna,50-72
A0AAW2B3M5_IPR045860_1_25-123,none,monomer,class:Actinopteri,95-117
A0ABD1EN94_IPR045860_1_22-111,none,monomer,genus:Hypothenemus,72-95
A0ABD2IY94_IPR045860_1_18-97,none,monomer,genus:Heterodera,72-95
A0ABD3WS81_IPR045860_1_27-79,none,monomer,genus:Sinanodonta,50-72
C7EAK4_IPR045860_1_667-752,none,monomer,family:Pectinidae,72-95
F5CPE2_IPR045860_1_12-80,3FTx,monomer,genus:Micrurus,50-72
F6U8C1_IPR045860_2_169-280,none,multimer,genus:Xenopus,95-117
G5CTM2_IPR045860_1_23-116,none,monomer,genus:Mnemiopsis,72-95
K1QRV2_IPR045860_1_174-270,none,monomer,genus:Magallana,95-117
M4A9F1_IPR045860_1_22-113,none,monomer,family:Poeciliidae,72-95
N6TK07_IPR045860_1_30-134,none,monomer,genus:Dendroctonus,95-117
Q09022_IPR045860_1_10-84,none,monomer,genus:Xenopus,50-72
Q0GAL7_IPR045860_1_20-84,none,monomer,genus:Plethodon,50-72
Q0GB13_IPR045860_1_20-82,none,monomer,genus:Plethodon,50-72
Q1PD41_IPR045860_1_18-87,Ly6,monomer,genus:Larimichthys,50-72
Q4R0Y4_IPR045860_1_30-121,none,monomer,genus:Platynereis,72-95
V5T6U5_IPR045860_1_20-118,none,monomer,genus:Haliotis,95-117
Centipede3FTx_0008_61981,manually_annotated,monomer,class:Chilopoda,140-162
Centipede3FTx_0040_60158,manually_annotated,monomer,class:Chilopoda,95-117
Centipede3FTx_0072_61981,manually_annotated,monomer,class:Chilopoda,95-117
Centipede3FTx_0104_984703,manually_annotated,monomer,class:Chilopoda,95-117
Centipede3FTx_0136_984703,manually_annotated,monomer,class:Chilopoda,95-117
A0A5N3XGA0_IPR042339_1_1-128,mixture,mixture,order:Artiodactyla,117-140
A0A8C8WAS1_IPR042339_1_1-130,mostly_Ly6,monomer,class:Mammalia,117-140
A0A194ARJ0_IPR045860_1_15-78,3FTx,monomer,genus:Micrurus,50-72
A0A898IJN7_IPR045860_1_14-87,3FTx,monomer,genus:Calliophis,72-95
A0AA39IAI0_IPR003571_1_25-81,none,monomer,genus:Steinernema,50-72
A0AAW1BL01_IPR045860_1_13-85,none,monomer,genus:Crotalus,72-95
P01383_IPR045860_1_1-71,none,monomer,family:Elapidae,50-72
Q2VBN1_IPR045860_1_14-85,none,monomer,genus:Ophiophagus,50-72
R4FK75_IPR045860_1_13-88,3FTx,monomer,genus:Pseudonaja,72-95
V8N440_IPR003571_1_1-84,none,monomer,genus:Ophiophagus,72-95
A0A6P5J9D6_IPR039237_1_1-122,Ly6,monomer,class:Mammalia,117-140
A0A1A6GDE0_IPR045860_1_1-93,none,monomer,genus:Neotoma,72-95
A0A1I8CZ98_IPR045860_1_3-95,none,monomer,genus:Rhabditophanes,72-95
A0A3B5KJS2_IPR016054_2_115-195,Ly6,multimer,genus:Takifugu,72-95
A0A3N0YV69_IPR016054_1_62-137,Ly6,monomer,genus:Anabarilius,72-95
A0A3Q0S1S9_IPR016054_1_11-104,Ly6,monomer,genus:Amphilophus,72-95
A0A401RYL5_IPR016054_1_20-108,Ly6,monomer,genus:Chiloscyllium,72-95
A0A5A9PD80_IPR016054_2_18-111,Ly6,multimer,genus:Triplophysa,72-95
A0A5K3FHG7_IPR045860_1_20-92,none,monomer,genus:Mesocestoides,72-95
A0A673FHX4_IPR045860_1_26-95,none,monomer,genus:Sinocyclocheilus,50-72
A0A6A5EMD6_IPR016054_1_843-924,none,multimer,genus:Perca,72-95
A0A6J3BJ55_IPR016054_1_29-120,mixture,monomer,family:Camelidae,72-95
A0A6P7WY53_IPR045860_2_20-94,none,multimer,genus:Microcaecilia,72-95
A0A6P8QTZ7_IPR016054_1_21-106,Ly6,monomer,genus:Geotrypetes,72-95
A0A7L1EBB3_IPR016054_1_21-107,mostly_Ly6,mixture,phylum:Chordata,72-95
A0A811L5Z4_IPR045860_1_11-87,none,monomer,genus:Bursaphelenchus,72-95
A0A813XQD6_IPR016054_1_25-107,Ly6,monomer,genus:Brachionus,72-95
A0A8C3TZZ5_IPR045860_1_29-94,none,monomer,genus:Catharus,50-72
A0A8C5DLT6_IPR045860_2_3-59,Ly6,multimer,genus:Gouania,50-72
A0A8C8VXQ8_IPR045860_1_20-114,none,monomer,genus:Peromyscus,95-117
A0A8C9ZP46_IPR045860_1_76-149,Ly6,multimer,family:Percidae,72-95
A0A8D2KPV3_IPR045860_1_59-136,mixture,monomer,family:Sciuridae,72-95
A0A8J1JPU6_IPR016054_2_101-184,Ly6,multimer,genus:Xenopus,72-95
A0A8J6A4P1_IPR045860_1_1-78,none,monomer,genus:Galemys,72-95
A0A8J9ZZ79_IPR045860_1_49-125,none,monomer,genus:Branchiostoma,72-95
A0A8T3DL47_IPR045860_1_18-91,none,monomer,genus:Albula,72-95
A0A914SCK2_IPR045860_1_15-108,none,monomer,genus:Panagrolaimus,72-95
A0A9D3TB13_IPR045860_1_14-76,none,monomer,genus:Megalops,50-72
A0A9W2XRL2_IPR016054_1_20-104,Ly6,mixture,genus:Betta,72-95
A0AA88P7M2_IPR016054_2_18-107,Ly6,multimer,genus:Cirrhinus,72-95
A0AA97JRN3_IPR016054_1_53-142,Ly6,monomer,genus:Eublepharis,72-95
A0AAV6H2H7_IPR045860_1_109-191,none,monomer,order:Clupeiformes,72-95
A0AAV7V275_IPR045860_1_12-100,none,monomer,genus:Pleurodeles,72-95
A0AAW0MP18_IPR016054_1_361-458,Ly6,multimer,genus:Mugilogobius,95-117
A0AAW1DTI8_IPR016054_2_115-198,Ly6,multimer,genus:Zoarces,72-95
A0AAX6NVJ9_IPR045860_1_11-88,mixture,monomer,class:Mammalia,72-95
T1JCL1_IPR035076_1_27-104,none,multimer,genus:Strigamia,72-95
W5MCG9_IPR016054_1_21-118,Ly6,multimer,genus:Lepisosteus,95-117
A0A0E3N3K5_IPR045860_1_18-105,Ly6,multimer,family:Salamandridae,72-95
A0A0F7JG73_IPR045860_2_115-193,Ly6,mixture,genus:Ichthyosaura,72-95
A0A140TAE8_IPR026524_1_1-217,none,multimer,genus:Rattus,207-230
A0A151MW19_IPR045860_1_234-321,Ly6,multimer,genus:Alligator,72-95
A0A151PIJ3_IPR016054_2_63-152,Ly6,mixture,phylum:Chordata,72-95
A0A1A6HWV9_IPR045860_3_85-160,none,multimer,genus:Neotoma,72-95
A0A1S3EN58_IPR016054_1_28-108,Ly6,monomer,genus:Dipodomys,72-95
A0A286Y199_IPR045860_2_119-202,Ly6,multimer,genus:Cavia,72-95
A0A2G9RKS8_IPR016054_1_22-107,Ly6,monomer,genus:Aquarana,72-95
A0A2Y9DSG5_IPR016054_1_27-109,Ly6,monomer,genus:Trichechus,72-95
A0A2Y9RYC5_IPR016054_2_146-217,none,multimer,genus:Trichechus,50-72
A0A368FUD6_IPR016054_1_199-298,Ly6,monomer,genus:Ancylostoma,95-117
A0A3B3I2G3_IPR045860_2_9-93,Ly6,multimer,genus:Oryzias,72-95
A0A3B4ZYB0_IPR045860_1_16-101,Ly6,monomer,genus:Stegastes,72-95
A0A3Q0D1P2_IPR016054_1_213-276,none,multimer,genus:Mesocricetus,50-72
A0A3Q0HKP8_IPR045860_1_125-212,Ly6,multimer,genus:Alligator,72-95
A0A3Q2DHF6_IPR016054_2_112-203,Ly6,multimer,genus:Cyprinodon,72-95
A0A3Q7MEN7_IPR045860_3_128-205,mostly_Ly6,multimer,order:Carnivora,72-95
A0A4D9DK14_IPR045860_1_10-93,Ly6,monomer,genus:Platysternon,72-95
A0A4X2LTR6_IPR016054_1_20-99,Ly6,monomer,class:Mammalia,72-95
A0A513ZV71_IPR045860_2_18-103,Ly6,multimer,genus:Boana,72-95
A0A5F9CS30_IPR016054_1_193-274,none,monomer,genus:Oryctolagus,72-95
A0A5N5LV63_IPR016054_1_111-202,Ly6,multimer,order:Siluriformes,72-95
A0A669CKY3_IPR045860_1_147-251,Ly6,multimer,genus:Oreochromis,95-117
A0A670IR36_IPR016054_1_19-105,Ly6,multimer,order:Squamata,72-95
A0A671FAW1_IPR016054_2_118-180,Ly6,multimer,genus:Rhinolophus,50-72
A0A671P7Q7_IPR016054_1_19-108,mixture,monomer,order:Cypriniformes,72-95
A0A673V6L7_IPR016054_1_29-113,none,monomer,genus:Suricata,72-95
A0A6J0VCU1_IPR045860_1_115-199,Ly6,multimer,genus:Pogona,72-95
A0A6P5IAQ5_IPR045860_1_20-102,Ly6,monomer,genus:Phascolarctos,72-95
A0A6P5P2X5_IPR016054_1_107-177,Ly6,monomer,genus:Mus,50-72
A0A6P6JXX1_IPR045860_1_18-100,Ly6,monomer,genus:Carassius,72-95
A0A6P7I8H8_IPR016054_1_56-133,none,monomer,genus:Parambassis,72-95
A0A6P7YVR9_IPR016054_1_30-128,Ly6,multimer,genus:Microcaecilia,95-117
A0A6P8GAX9_IPR016054_2_19-108,Ly6,multimer,genus:Clupea,72-95
A0A6P8NI02_IPR016054_2_19-107,Ly6,multimer,genus:Geotrypetes,72-95
A0A6P9B2J9_IPR045860_2_114-198,Ly6,multimer,order:Squamata,72-95
A0A7L0NCY2_IPR039457_1_4-131,Ly6,monomer,genus:Formicarius,117-140
A0A7L2KYL3_IPR045860_1_1-63,mixture,monomer,order:Passeriformes,50-72
A0A7N9IFL8_IPR016054_1_28-108,mostly_Ly6,monomer,order:Primates,95-117
A0A803JI26_IPR016054_1_21-105,Ly6,multimer,genus:Xenopus,72-95
A0A803JXH3_IPR045860_1_115-202,Ly6,multimer,genus:Xenopus,72-95
A0A803KEJ2_IPR045860_3_18-99,Ly6,multimer,genus:Xenopus,72-95
A0A811ZMA8_IPR016054_1_25-106,Ly6,monomer,class:Mammalia,72-95
A0A813NQX3_IPR045860_1_28-112,Ly6,monomer,genus:Brachionus,72-95
A0A8B6DC21_IPR016054_1_62-152,mixture,mixture,genus:Mytilus,72-95
A0A8B8E0A1_IPR045860_2_27-114,none,multimer,family:Ostreidae,72-95
A0A8B9REN4_IPR016054_1_38-122,mixture,monomer,order:Characiformes,72-95
A0A8C6QTR2_IPR016054_5_233-297,Ly6,multimer,order:Rodentia,50-72
A0A8C7AE63_IPR045860_2_121-207,mostly_Ly6,mixture,class:Mammalia,72-95
A0A8C8SMK2_IPR016054_2_86-175,Ly6,multimer,genus:Pelusios,72-95
A0A8C9VHB0_IPR016054_2_114-195,Ly6,multimer,genus:Scleropages,72-95
A0A8J7NLI2_IPR045860_1_20-105,Ly6,monomer,genus:Atractosteus,72-95
A0A8M1FEE9_IPR051445_1_4-115,Ly6,monomer,genus:Ursus,95-117
A0A8S3QTC0_IPR045860_1_8-92,none,monomer,genus:Mytilus,72-95
A0A8T1RWM6_IPR045860_1_157-241,Ly6,multimer,genus:Chelydra,72-95
A0A8T2IPD6_IPR045860_1_23-100,Ly6,monomer,genus:Hymenochirus,72-95
A0A8V5GGW4_IPR045860_1_33-119,Ly6,monomer,genus:Melopsittacus,72-95
A0A974CH38_IPR016054_3_19-109,Ly6,multimer,genus:Xenopus,72-95
A0A9D3PHI6_IPR045860_1_19-108,Ly6,monomer,class:Actinopteri,72-95
A0A9F5JCG2_IPR045860_2_104-179,Ly6,multimer,genus:Python,72-95
A0A9Q0X862_IPR045860_3_250-332,Ly6,multimer,genus:Phrynocephalus,72-95
A0A9W7WNN5_IPR016054_1_23-113,mixture,monomer,class:Actinopteri,72-95
A0A9X0CH78_IPR045860_1_24-117,Ly6,monomer,genus:Desmophyllum,72-95
A0A9Y4K662_IPR016054_1_112-198,Ly6,multimer,genus:Stegastes,72-95
A0AA35KMX9_IPR045860_2_18-107,Ly6,multimer,genus:Podarcis,72-95
A0AA35KQ37_IPR045860_1_205-284,Ly6,multimer,genus:Podarcis,72-95
A0AA35PAI4_IPR045860_1_60-147,Ly6,monomer,genus:Podarcis,72-95
A0AA88LWV0_IPR016054_2_19-98,Ly6,multimer,genus:Tachysurus,72-95
A0AA88PIR1_IPR016054_2_135-221,mixture,mixture,order:Cypriniformes,72-95
A0AA97KCC6_IPR016054_1_215-314,none,multimer,genus:Eublepharis,95-117
A0AA97KGW2_IPR045860_2_113-194,Ly6,multimer,genus:Eublepharis,72-95
A0AAD1RNR2_IPR045860_1_26-99,Ly6,monomer,genus:Pelobates,72-95
A0AAD1T4T8_IPR016054_2_116-191,Ly6,multimer,genus:Pelobates,72-95
A0AAD1WR25_IPR045860_2_18-105,Ly6,multimer,genus:Pelobates,72-95
A0AAD8FTI5_IPR045860_1_18-105,Ly6,monomer,genus:Acipenser,72-95
A0AAD9QMX5_IPR045860_1_1-69,Ly6,multimer,genus:Acropora,50-72
A0AAR2K452_IPR016054_1_37-116,none,monomer,genus:Pygocentrus,72-95
A0AAV2ZNB6_IPR045860_2_17-105,Ly6,multimer,order:Anura,72-95
A0AAV6ZGE3_IPR045860_1_18-102,Ly6,multimer,genus:Engystomops,72-95
A0AAV6ZNU6_IPR045860_2_20-105,Ly6,multimer,genus:Engystomops,72-95
A0AAV7D0G9_IPR045860_2_14-97,Ly6,multimer,genus:Engystomops,72-95
A0AAV8VLR0_IPR045860_1_109-206,Ly6,multimer,genus:Exocentrus,95-117
A0AAW0N4Y7_IPR045860_2_121-209,mixture,multimer,genus:Mugilogobius,72-95
A0AAW1Z4H5_IPR016054_1_19-111,Ly6,monomer,genus:Culter,72-95
A0ABC9XRS3_IPR045860_4_108-194,Ly6,multimer,genus:Grus,72-95
A7RMG6_IPR016054_1_26-121,Ly6,monomer,genus:Nematostella,95-117
H9G8X6_IPR045860_2_210-286,Ly6,multimer,genus:Anolis,72-95
K7FHG9_IPR016054_1_27-104,none,monomer,genus:Pelodiscus,72-95
Q4FAE1_IPR045860_1_18-105,Ly6,multimer,genus:Plethodon,72-95
Q63318_IPR051445_1_2-134,mixture,monomer,genus:Rattus,117-140
V9LKE3_IPR045860_1_17-92,Ly6,monomer,genus:Callorhinchus,72-95
W5PG65_IPR045860_1_144-226,Ly6,mixture,order:Artiodactyla,72-95
A0A6I8N691_IPR026524_1_1-380,none,monomer,genus:Ornithorhynchus,365-387
A0A8J6KP75_IPR026524_1_124-262,none,monomer,genus:Microtus,117-140
A0A7R9PS58_IPR039457_1_53-128,none,monomer,genus:Timema,72-95
A0A974H188_IPR039457_1_4-168,Ly6,monomer,order:Anura,140-162
S4S049_IPR039457_1_4-132,Ly6,monomer,genus:Petromyzon,117-140
A0A016UEU9_IPR045860_1_16-105,mixture,monomer,order:Rhabditida,72-95
A0A0A9Z8P9_IPR031424_1_21-112,none,monomer,order:Hemiptera,72-95
A0A0C5BFF6_IPR031424_1_1-109,none,monomer,genus:Megaselia,95-117
A0A0K0E8P7_IPR031424_1_39-119,Quiver,monomer,genus:Strongyloides,72-95
A0A0M8ZZ60_IPR031424_1_22-115,none,monomer,class:Insecta,95-117
A0A0N5AKK8_IPR031424_1_80-187,Quiver,monomer,family:Oxyuridae,95-117
A0A0T6B2U3_IPR031424_1_21-134,none,monomer,genus:Oryctes,95-117
A0A1A9ZFI4_IPR031424_1_23-112,none,monomer,genus:Glossina,72-95
A0A1B0CZE1_IPR031424_1_25-93,none,monomer,genus:Phlebotomus,50-72
A0A1B6LAZ7_IPR031424_1_34-154,none,monomer,genus:Graphocephala,117-140
A0A1D1VPK7_IPR031424_1_554-634,none,monomer,genus:Ramazzottius,72-95
A0A1I8ATX0_IPR031424_1_27-121,none,monomer,genus:Steinernema,72-95
A0A1Q3FPR3_IPR031424_1_21-114,mixture,monomer,order:Diptera,72-95
A0A1S3KB27_IPR045860_1_17-108,none,monomer,genus:Lingula,72-95
A0A1W4WLC3_IPR031424_1_24-120,none,monomer,genus:Agrilus,95-117
A0A1Y1KWV0_IPR031424_1_30-122,none,monomer,genus:Photinus,72-95
A0A232F5X1_IPR031424_1_26-142,none,monomer,family:Pteromalidae,95-117
A0A267FHP3_IPR031424_1_23-122,Quiver,monomer,genus:Macrostomum,95-117
A0A310SFU9_IPR031424_1_4-64,none,monomer,phylum:Arthropoda,50-72
A0A3S3NIS9_IPR031424_1_5-73,Quiver,monomer,genus:Dinothrombium,50-72
A0A443SRY9_IPR031424_1_7-99,Quiver,monomer,genus:Leptotrombidium,72-95
A0A4Y2HAJ4_IPR045860_1_56-152,none,monomer,order:Araneae,72-95
A0A553PCD9_IPR045860_1_105-194,none,monomer,genus:Tigriopus,72-95
A0A646QFD7_IPR045860_1_23-102,Scoloptoxin,monomer,genus:Hemiscolopendra,72-95
A0A6A0GXP2_IPR031424_1_7-107,none,monomer,genus:Hyalella,95-117
A0A6I9V027_IPR031424_1_32-149,none,monomer,genus:Bactrocera,117-140
A0A6J1NVX1_IPR045860_1_31-137,none,monomer,genus:Bicyclus,95-117
A0A6V7US07_IPR031424_1_37-112,none,monomer,genus:Meloidogyne,72-95
A0A7F5R2C3_IPR031424_1_32-145,none,monomer,genus:Agrilus,95-117
A0A7R9XFE8_IPR031424_1_28-120,none,monomer,genus:Argulus,72-95
A0A8B6DY38_IPR031424_1_29-107,Quiver,monomer,genus:Mytilus,72-95
A0A8B7Y0E1_IPR045860_1_17-103,Ly6,monomer,genus:Acanthaster,72-95
A0A8J9YA98_IPR031424_1_67-167,none,monomer,order:Lepidoptera,95-117
A0A8S1CZR5_IPR031424_1_28-123,none,monomer,genus:Cloeon,95-117
A0A8S4NYL5_IPR031424_1_49-154,Quiver,monomer,genus:Owenia,95-117
A0A8T1M1L4_IPR045860_1_31-122,mixture,mixture,class:Trematoda,72-95
A0A8W8K6C2_IPR031424_1_1-67,Quiver,monomer,genus:Magallana,50-72
A0A914E4N2_IPR031424_1_2-122,none,monomer,genus:Acrobeloides,117-140
A0A922HG68_IPR031424_1_36-139,mixture,monomer,order:Sarcoptiformes,95-117
A0A9D4HJB1_IPR045860_1_22-115,Quiver,monomer,genus:Dreissena,72-95
A0A9D4S3D3_IPR031424_1_2-85,none,monomer,genus:Dreissena,72-95
A0A9J6CNJ2_IPR045860_1_22-105,Quiver,monomer,genus:Polypedilum,72-95
A0A9P0FPR2_IPR031424_1_23-141,none,monomer,genus:Brassicogethes,117-140
A0A9P0IXQ0_IPR031424_1_33-149,none,monomer,family:Aphididae,95-117
A0AAD9UCL5_IPR045860_1_75-160,none,monomer,genus:Ridgeia,72-95
A0AAE0Y9Y1_IPR031424_1_47-119,none,monomer,genus:Elysia,72-95
A0AAE9AIE7_IPR031424_1_17-105,mixture,monomer,genus:Caenorhabditis,72-95
A0AAN9VWK2_IPR031424_1_24-123,none,monomer,genus:Gryllus,95-117
A0AAR5QJP1_IPR045860_1_22-126,none,monomer,genus:Dendroctonus,95-117
A0AAV2AWB7_IPR031424_1_24-136,Quiver,monomer,genus:Larinioides,95-117
A0AAV2PQ02_IPR045860_1_20-123,Quiver,monomer,genus:Meganyctiphanes,95-117
A0AAV5VZU0_IPR045860_1_15-104,none,monomer,genus:Pristionchus,72-95
A0AAW1D502_IPR045860_1_22-116,none,monomer,genus:Rhynocoris,72-95
A0ABD2N583_IPR045860_1_18-105,mixture,monomer,family:Coccinellidae,72-95
A8CW87_IPR031424_1_25-107,none,monomer,genus:Lutzomyia,72-95
B4LSI3_IPR031424_1_27-178,none,monomer,genus:Drosophila,140-162
D6WWK1_IPR045860_1_21-108,none,monomer,genus:Tribolium,72-95
F1CJ09_IPR031424_1_29-119,none,monomer,genus:Hottentotta,72-95
T1K5F8_IPR031424_1_24-117,none,monomer,genus:Tetranychus,72-95
A0A8C9J9W8_IPR051445_1_3-71,Ly6,monomer,genus:Panthera,50-72
A0A016UXJ8_IPR045860_1_15-83,none,monomer,order:Rhabditida,50-72
A0A0B2UWI9_IPR045860_1_32-107,none,monomer,genus:Toxocara,72-95
A0A0C9Q3W5_IPR045860_1_27-110,none,monomer,genus:Fopius,72-95
A0A0L8FFH8_IPR045860_1_7-87,Ly6,monomer,genus:Octopus,72-95
A0A0N4WFT6_IPR045860_1_4-90,none,monomer,order:Rhabditida,72-95
A0A0N5BJH3_IPR045860_1_55-167,none,monomer,family:Strongyloididae,95-117
A0A0P6EJ86_IPR045860_1_77-179,none,monomer,genus:Daphnia,95-117
A0A0P7Y5J3_IPR045860_1_30-109,none,monomer,genus:Scleropages,72-95
A0A0V0XGJ1_IPR045860_1_23-115,none,monomer,genus:Trichinella,72-95
A0A139WD19_IPR045860_1_19-99,none,monomer,genus:Tribolium,72-95
A0A182NM64_IPR045860_1_59-148,none,monomer,genus:Anopheles,72-95
A0A1B6M2A7_IPR045860_1_63-160,none,monomer,genus:Graphocephala,95-117
A0A1I7YRU5_IPR045860_1_19-90,none,monomer,genus:Steinernema,50-72
A0A1I8CTR6_IPR045860_1_1213-1293,none,monomer,genus:Rhabditophanes,72-95
A0A1I8MG98_IPR045860_1_28-103,none,monomer,genus:Musca,72-95
A0A1J1HSR8_IPR045860_1_24-110,none,monomer,genus:Clunio,72-95
A0A1L8DP20_IPR045860_1_17-119,none,monomer,genus:Nyssomyia,95-117
A0A1L8FWF3_IPR045860_2_27-135,none,multimer,genus:Xenopus,95-117
A0A1S3H9N2_IPR045860_1_6-103,none,monomer,genus:Lingula,95-117
A0A1W0WN91_IPR045860_1_22-116,none,monomer,genus:Hypsibius,72-95
A0A1X9IYW4_IPR045860_1_27-125,none,monomer,genus:Harmonia,95-117
A0A210PHC1_IPR045860_1_167-272,none,multimer,genus:Mizuhopecten,95-117
A0A210QN50_IPR045860_1_39-135,none,monomer,genus:Mizuhopecten,95-117
A0A261CCF0_IPR045860_1_14-93,none,multimer,genus:Caenorhabditis,72-95
A0A2A6CLF5_IPR045860_1_44-131,none,mixture,genus:Pristionchus,72-95
A0A2B4SHF9_IPR045860_1_18-110,Ly6,monomer,genus:Stylophora,72-95
A0A2H1W8S6_IPR045860_1_2-65,none,monomer,genus:Spodoptera,50-72
A0A368GUT8_IPR045860_1_17-91,none,monomer,genus:Ancylostoma,72-95
A0A3B1JTX3_IPR045860_1_1-74,none,monomer,genus:Astyanax,72-95
A0A3B4CH20_IPR045860_2_109-190,none,multimer,class:Actinopteri,72-95
A0A3B4WU37_IPR045860_1_9-85,none,monomer,class:Actinopteri,72-95
A0A3B4Z0P0_IPR045860_1_19-82,Ly6,monomer,genus:Stegastes,50-72
A0A3P7LBL9_IPR045860_1_12-75,none,monomer,family:Strongylidae,50-72
A0A3P9K5J9_IPR045860_1_19-75,mixture,monomer,class:Actinopteri,50-72
A0A3Q1I4M7_IPR045860_1_17-110,Ly6,monomer,genus:Acanthochromis,95-117
A0A3Q2DIU0_IPR045860_1_21-93,none,monomer,genus:Cyprinodon,72-95
A0A3Q3KDS5_IPR045860_1_18-88,Ly6,monomer,genus:Monopterus,50-72
A0A3Q3WH07_IPR045860_1_17-91,Ly6,monomer,genus:Mola,72-95
A0A3S1HPT2_IPR045860_1_136-218,none,monomer,genus:Elysia,72-95
A0A401NS66_IPR045860_1_21-135,none,monomer,class:Chondrichthyes,95-117
A0A423T961_IPR045860_1_13-102,none,monomer,genus:Penaeus,72-95
A0A443SF07_IPR045860_1_7-99,Ly6,monomer,genus:Leptotrombidium,72-95
A0A482VCG9_IPR045860_1_18-104,Quiver,monomer,genus:Asbolus,72-95
A0A4E0RZM8_IPR045860_1_23-97,mixture,monomer,family:Fasciolidae,72-95
A0A4U5P876_IPR045860_1_104-178,none,monomer,genus:Steinernema,72-95
A0A4W4GKN5_IPR045860_1_1-71,none,monomer,genus:Electrophorus,72-95
A0A4Y2DS26_IPR045860_1_27-118,none,monomer,genus:Araneus,72-95
A0A553N7B6_IPR045860_1_71-176,none,monomer,genus:Tigriopus,95-117
A0A5A9PIR8_IPR045860_1_115-167,none,monomer,genus:Triplophysa,50-72
A0A653BZP5_IPR045860_1_25-99,none,monomer,family:Chrysomelidae,72-95
A0A668SKC7_IPR045860_1_17-82,Ly6,monomer,genus:Oreochromis,50-72
A0A6A4VE99_IPR045860_1_5-93,none,monomer,genus:Amphibalanus,72-95
A0A6G1SCG8_IPR045860_1_38-134,none,monomer,genus:Aceria,95-117
A0A6J0SV41_IPR045860_1_4-105,none,monomer,genus:Pogona,95-117
A0A6J1SGK8_IPR045860_1_22-118,none,monomer,family:Thripidae,95-117
A0A6P4ZYV7_IPR045860_1_19-102,Ly6,monomer,genus:Branchiostoma,72-95
A0A6P5ISH2_IPR045860_1_15-100,none,monomer,class:Mammalia,72-95
A0A6P8HM16_IPR045860_1_26-129,none,monomer,genus:Actinia,95-117
A0A6P8ISV4_IPR045860_1_20-92,none,monomer,genus:Actinia,72-95
A0A6S7KPT5_IPR045860_1_25-114,none,monomer,genus:Paramuricea,72-95
A0A7M4E9D0_IPR045860_1_12-128,none,monomer,phylum:Chordata,95-117
A0A7M5WTJ7_IPR045860_1_324-406,none,monomer,genus:Clytia,72-95
A0A7M7HMA2_IPR045860_1_31-121,none,monomer,order:Camarodonta,72-95
A0A7M7MHU1_IPR045860_1_121-225,none,monomer,genus:Varroa,95-117
A0A7R8UGX3_IPR045860_1_24-99,none,monomer,genus:Hermetia,72-95
A0A7R9BN16_IPR045860_1_18-91,Ly6,monomer,genus:Notodromas,72-95
A0A7R9L319_IPR045860_1_7-68,none,monomer,genus:Medioppia,50-72
A0A814EM83_IPR045860_1_125-199,mixture,monomer,genus:Adineta,72-95
A0A814PKZ4_IPR045860_1_10-63,Quiver,monomer,genus:Adineta,50-72
A0A814XJ27_IPR045860_1_187-256,none,monomer,genus:Rotaria,50-72
A0A815GVB1_IPR045860_1_19-91,mixture,monomer,genus:Rotaria,72-95
A0A818LLP2_IPR045860_1_888-961,none,monomer,genus:Adineta,72-95
A0A821GUR2_IPR045860_1_11-87,none,monomer,genus:Rotaria,72-95
A0A834K5P4_IPR045860_1_58-170,none,monomer,family:Vespidae,95-117
A0A834XTL3_IPR045860_1_55-104,mixture,monomer,order:Hymenoptera,50-72
A0A8B6HEI4_IPR045860_1_143-222,none,monomer,genus:Mytilus,72-95
A0A8B7DVU4_IPR045860_1_25-125,none,monomer,genus:Hydra,95-117
A0A8B7NK29_IPR045860_1_19-114,Ly6,monomer,genus:Hyalella,95-117
A0A8C2H142_IPR045860_1_28-93,none,monomer,phylum:Chordata,50-72
A0A8C3S2X4_IPR045860_1_41-157,none,monomer,phylum:Chordata,95-117
A0A8C4X016_IPR045860_1_10-105,none,monomer,genus:Eptatretus,95-117
A0A8C5EKP7_IPR045860_1_24-108,Ly6,monomer,genus:Gouania,72-95
A0A8C5MCY3_IPR045860_1_9-87,none,monomer,genus:Leptobrachium,72-95
A0A8C6HGM1_IPR045860_1_31-96,none,monomer,genus:Mus,50-72
A0A8C6QML2_IPR045860_1_31-122,none,monomer,genus:Nannospalax,95-117
A0A8C6V709_IPR045860_1_6-88,Ly6,monomer,genus:Neogobius,72-95
A0A8D0L1M1_IPR045860_1_44-159,none,monomer,class:Lepidosauria,95-117
A0A8J6L5D4_IPR045860_1_883-1006,none,monomer,genus:Tenebrio,117-140
A0A8J9YQW2_IPR045860_1_161-246,none,monomer,genus:Branchiostoma,72-95
A0A8K0GBR2_IPR045860_1_23-101,Quiver,monomer,genus:Ignelater,72-95
A0A8M3AS98_IPR045860_1_24-132,none,multimer,genus:Danio,95-117
A0A8R1I7U2_IPR045860_1_78-184,none,monomer,genus:Caenorhabditis,95-117
A0A8R2DL05_IPR045860_1_39-136,none,monomer,genus:Bombyx,95-117
A0A8S1FAB1_IPR045860_1_32-129,none,monomer,genus:Caenorhabditis,95-117
A0A8S2S7A0_IPR045860_1_1-53,none,monomer,genus:Rotaria,50-72
A0A8S3SPT7_IPR045860_1_135-246,none,multimer,genus:Mytilus,95-117
A0A8S4A3C8_IPR045860_1_1-103,none,monomer,genus:Candidula,95-117
A0A8S4N9T5_IPR045860_1_233-310,none,monomer,genus:Owenia,72-95
A0A8S9XB20_IPR045860_1_70-168,none,monomer,family:Miridae,95-117
A0A8T2JCD6_IPR045860_1_1-111,none,monomer,genus:Hymenochirus,95-117
A0A8T2ND24_IPR045860_1_11-87,Ly6,monomer,genus:Albula,72-95
A0A8T3D488_IPR045860_1_77-173,none,monomer,class:Actinopteri,95-117
A0A8X7X0N9_IPR045860_1_91-207,none,monomer,family:Polypteridae,95-117
A0A913YBB5_IPR045860_1_17-110,none,monomer,genus:Exaiptasia,72-95
A0A914E463_IPR045860_1_10-89,none,monomer,genus:Acrobeloides,72-95
A0A914ZPB0_IPR045860_1_12-92,none,monomer,genus:Parascaris,72-95
A0A915IBA4_IPR045860_1_15-123,none,monomer,genus:Romanomermis,95-117
A0A922HRG8_IPR045860_1_1-104,none,monomer,genus:Dermatophagoides,95-117
A0A9D4BRP4_IPR045860_1_83-173,none,monomer,genus:Dreissena,72-95
A0A9D4HLF9_IPR045860_1_58-148,none,monomer,genus:Dreissena,72-95
A0A9D4QK37_IPR045860_1_62-154,none,monomer,genus:Dreissena,72-95
A0A9F3QTF3_IPR045860_1_118-208,SPF,monomer,genus:Python,72-95
A0A9J7M6N0_IPR045860_1_75-159,none,monomer,genus:Branchiostoma,72-95
A0A9N9RSF2_IPR045860_1_44-140,none,monomer,genus:Chironomus,95-117
A0A9P0A2R4_IPR045860_1_21-104,none,monomer,genus:Bemisia,72-95
A0A9P1F2D7_IPR045860_1_61-152,mixture,monomer,genus:Caenorhabditis,72-95
A0A9Q1AQQ8_IPR045860_1_112-167,none,multimer,genus:Phrynocephalus,50-72
A0A9R1T5K9_IPR045860_1_29-129,none,monomer,genus:Fopius,95-117
A0A9W9YRW4_IPR045860_1_446-541,none,multimer,order:Scleractinia,72-95
A0A9X0A5H7_IPR045860_1_24-116,none,monomer,genus:Desmophyllum,72-95
A0A9X0DBQ8_IPR045860_1_140-231,none,multimer,genus:Desmophyllum,72-95
A0A9Y3S0P4_IPR045860_1_45-132,none,monomer,genus:Pundamilia,72-95
A0AA35XIR1_IPR045860_2_730-824,none,multimer,genus:Geodia,72-95
A0AA36H4S5_IPR045860_1_16-90,none,monomer,genus:Cylicocyclus,72-95
A0AA39I1B7_IPR045860_1_30-119,none,monomer,genus:Steinernema,72-95
A0AA85K7K8_IPR045860_1_42-119,none,monomer,genus:Trichobilharzia,72-95
A0AAD1WJG6_IPR045860_1_41-127,none,monomer,genus:Pelobates,72-95
A0AAD7S4E2_IPR045860_1_25-141,none,monomer,class:Actinopteri,95-117
A0AAD9BP92_IPR045860_1_21-105,mixture,mixture,class:Actinopteri,72-95
A0AAD9JHH5_IPR045860_1_1-55,none,monomer,genus:Paralvinella,50-72
A0AAE0S834_IPR045860_1_222-317,SPF,monomer,genus:Potamilus,95-117
A0AAE1K3F5_IPR045860_1_59-138,none,monomer,genus:Petrolisthes,72-95
A0AAE9CT56_IPR045860_1_17-107,mixture,monomer,genus:Caenorhabditis,72-95
A0AAJ7SUB0_IPR045860_1_115-209,Ly6,monomer,genus:Petromyzon,72-95
A0AAJ7WX25_IPR045860_1_37-155,none,monomer,genus:Petromyzon,117-140
A0AAN4ZP78_IPR045860_1_42-102,none,monomer,genus:Pristionchus,50-72
A0AAN5DG52_IPR045860_1_67-155,none,monomer,genus:Pristionchus,72-95
A0AAN7SCD5_IPR045860_1_21-97,none,monomer,genus:Aquatica,72-95
A0AAN8E2W6_IPR045860_1_65-131,mixture,monomer,order:Perciformes,50-72
A0AAN8J1Y5_IPR045860_1_45-118,Ly6,monomer,genus:Trichostrongylus,72-95
A0AAN8R2E2_IPR045860_1_20-76,none,monomer,genus:Coregonus,50-72
A0AAN9TB44_IPR045860_1_6-103,none,monomer,genus:Parthenolecanium,95-117
A0AAQ4QTT6_IPR045860_1_18-80,Ly6,monomer,genus:Gasterosteus,50-72
A0AAU7YFX0_IPR045860_1_20-90,none,monomer,genus:Nidirana,50-72
A0AAU9W658_IPR045860_1_8-103,none,monomer,genus:Pocillopora,95-117
A0AAU9Z310_IPR045860_1_120-202,mixture,mixture,family:Cricetidae,72-95
A0AAV1Q7K4_IPR045860_1_19-99,Ly6,monomer,genus:Scomber,72-95
A0AAV2QFA0_IPR045860_1_113-208,none,monomer,genus:Meganyctiphanes,95-117
A0AAV2ZNZ9_IPR045860_1_44-122,SPF,monomer,genus:Pyxicephalus,72-95
A0AAV5TMB2_IPR045860_1_33-102,none,monomer,genus:Pristionchus,50-72
A0AAV6G799_IPR045860_1_118-211,none,multimer,genus:Alosa,72-95
A0AAV6UYT7_IPR045860_1_26-132,none,monomer,order:Araneae,95-117
A0AAV8Z5Y9_IPR045860_1_10-101,none,monomer,genus:Aromia,72-95
A0AAW1U3E2_IPR045860_1_19-96,none,monomer,genus:Henosepilachna,72-95
A0AAY5EB70_IPR045860_1_17-86,mixture,monomer,genus:Electrophorus,50-72
A0AAY5K2S3_IPR045860_1_18-90,Ly6,monomer,genus:Esox,72-95
A0ABD1ENC9_IPR045860_1_18-108,none,monomer,genus:Hypothenemus,72-95
A0ABD3WX44_IPR045860_1_9-65,none,monomer,genus:Sinanodonta,50-72
A1BX79_IPR045860_1_1-83,none,monomer,genus:Drosophila,72-95
B4N6A0_IPR045860_1_61-152,none,monomer,genus:Drosophila,72-95
E2A758_IPR045860_1_56-164,none,monomer,genus:Camponotus,95-117
E3NAS3_IPR045860_1_14-112,none,monomer,genus:Caenorhabditis,95-117
F5CPE3_IPR045860_1_21-74,3FTx,monomer,genus:Micrurus,50-72
H2XNG7_IPR045860_1_15-107,none,monomer,genus:Ciona,72-95
H2Z8I6_IPR045860_1_18-112,none,monomer,genus:Ciona,95-117
J3SF11_IPR045860_1_111-194,none,multimer,genus:Crotalus,72-95
Q0GAI3_IPR045860_1_12-81,none,monomer,genus:Plethodon,50-72
Q1PHR5_IPR045860_1_28-130,none,monomer,genus:Saccoglossus,95-117
Q4RE84_IPR045860_1_1-95,none,monomer,genus:Tetraodon,72-95
Q9NXZ6_IPR045860_1_26-97,none,monomer,genus:Homo,50-72
T1EUB6_IPR045860_1_52-116,Ly6,multimer,genus:Helobdella,50-72
W6U9H3_IPR045860_1_19-123,none,monomer,genus:Echinococcus,95-117
Centipede3FTx_0009_61981,manually_annotated,monomer,class:Chilopoda,50-72
Centipede3FTx_0041_60158,manually_annotated,monomer,class:Chilopoda,140-162
Centipede3FTx_0073_61981,manually_annotated,monomer,class:Chilopoda,140-162
Centipede3FTx_0105_984703,manually_annotated,monomer,class:Chilopoda,95-117
Centipede3FTx_0137_984703,manually_annotated,monomer,class:Chilopoda,95-117
A0A5N4CIL7_IPR042339_1_1-127,mostly_Ly6,monomer,class:Mammalia,117-140
A0A4P1LYC9_IPR045860_1_1-57,none,monomer,genus:Dendroaspis,50-72
A0A898INM0_IPR045860_1_12-79,3FTx,monomer,genus:Calliophis,50-72
A0AAW1BLJ7_IPR045860_1_13-90,none,monomer,genus:Crotalus,72-95
A7X3S2_IPR045860_1_35-111,3FTx,monomer,genus:Trimorphodon,72-95
D5J9P8_IPR045860_1_12-87,3FTx,monomer,genus:Bungarus,72-95
P01384_IPR045860_1_13-88,mixture,monomer,family:Elapidae,72-95
P01419_IPR045860_1_1-58,none,monomer,genus:Dendroaspis,50-72
S6CB76_IPR045860_1_13-88,mixture,monomer,family:Elapidae,72-95
V8N4I1_IPR045860_1_12-78,mixture,monomer,genus:Ophiophagus,50-72
H0VHQ1_IPR026110_1_11-141,none,monomer,order:Rodentia,117-140
A0A2J8R6W0_IPR045860_1_18-93,none,monomer,genus:Pongo,72-95
A0A3B3CH93_IPR016054_1_19-111,Ly6,multimer,genus:Oryzias,72-95
A0A3M7P5S9_IPR045860_1_24-76,none,monomer,genus:Brachionus,50-72
A0A430QN72_IPR045860_1_14-89,none,monomer,family:Schistosomatidae,72-95
A0A5K4F8R1_IPR045860_1_22-101,mixture,monomer,family:Schistosomatidae,72-95
A0A670I9N6_IPR045860_1_102-176,none,monomer,genus:Podarcis,72-95
A0A6P7X0R9_IPR016054_1_21-104,Ly6,monomer,genus:Microcaecilia,72-95
A0A6P8QU99_IPR016054_1_23-108,Ly6,monomer,genus:Geotrypetes,72-95
A0A7K8PEF2_IPR016054_1_2-93,Ly6,monomer,genus:Cochlearius,72-95
A0A7M4F4X9_IPR045860_1_22-102,mixture,monomer,order:Crocodylia,72-95
A0A811L8Q8_IPR045860_1_16-87,none,monomer,genus:Bursaphelenchus,50-72
A0A813XS53_IPR045860_1_32-107,none,monomer,genus:Rotaria,72-95
A0A821GXM4_IPR035076_1_5-65,none,monomer,genus:Rotaria,50-72
A0A8B8AJT7_IPR045860_1_228-318,none,multimer,family:Ostreidae,72-95
A0A8C1M249_IPR016054_2_19-111,Ly6,multimer,family:Cyprinidae,72-95
A0A8C1RBW2_IPR016054_1_105-180,Ly6,multimer,genus:Cyprinus,72-95
A0A8C5F059_IPR045860_1_13-62,none,monomer,genus:Gopherus,50-72
A0A8C7WT53_IPR016054_2_18-107,Ly6,mixture,genus:Oryzias,72-95
A0A8C9ZP46_IPR045860_2_1-70,Ly6,multimer,genus:Sander,50-72
A0A8D2LQ59_IPR016054_1_28-117,Ly6,monomer,genus:Varanus,72-95
A0A915EI99_IPR035076_1_63-120,none,monomer,genus:Ditylenchus,50-72
A0A9B0SVP5_IPR016054_1_74-162,Ly6,monomer,genus:Chrysochloris,72-95
A0A9D3X4T7_IPR045860_1_19-96,none,monomer,order:Testudines,72-95
A0A9L0JE85_IPR045860_1_61-139,none,monomer,genus:Equus,72-95
A0A9Y4JP79_IPR045860_1_11-75,none,monomer,genus:Stegastes,50-72
A0AA36M542_IPR045860_1_30-107,none,monomer,genus:Cylicocyclus,72-95
A0AA97JS18_IPR016054_1_21-108,Ly6,monomer,genus:Eublepharis,72-95
A0AAU9ZI86_IPR045860_1_60-109,none,monomer,genus:Phodopus,50-72
A0AAV3A156_IPR016054_3_2-90,Ly6,multimer,genus:Pyxicephalus,72-95
A0AAV6PPC1_IPR016054_1_17-110,Ly6,multimer,genus:Solea,72-95
A0AAV7V303_IPR016054_1_21-104,Ly6,monomer,genus:Pleurodeles,72-95
A0AAW1DTZ4_IPR016054_1_18-111,Ly6,multimer,order:Perciformes,72-95
G1NJZ2_IPR045860_1_18-69,none,monomer,genus:Meleagris,50-72
T1JCL1_IPR045860_2_105-186,none,multimer,genus:Strigamia,72-95
A0A8B8YQH3_IPR038773_1_23-134,mixture,monomer,class:Mammalia,95-117
A0A0F7JG78_IPR045860_1_18-108,Ly6,mixture,family:Salamandridae,72-95
A0A125S9K6_IPR045860_2_116-200,Ly6,multimer,genus:Ambystoma,72-95
A0A1S3F469_IPR016054_1_126-190,Ly6,multimer,genus:Dipodomys,50-72
A0A1U7SW28_IPR045860_1_39-120,Ly6,monomer,genus:Alligator,72-95
A0A287A8B9_IPR016054_1_29-109,mostly_Ly6,monomer,class:Mammalia,72-95
A0A2G9RNV6_IPR045860_1_10-90,Ly6,monomer,genus:Aquarana,72-95
A0A2Y9JZ31_IPR016054_1_23-105,none,monomer,family:Mustelidae,72-95
A0A3B3CFL9_IPR045860_1_17-104,Ly6,multimer,genus:Oryzias,72-95
A0A3B3QCP1_IPR045860_1_1-75,Ly6,monomer,genus:Paramormyrops,72-95
A0A3B4CN81_IPR045860_1_34-118,Ly6,monomer,genus:Pygocentrus,72-95
A0A3M6V5C3_IPR016054_1_187-286,none,monomer,genus:Pocillopora,95-117
A0A3Q2DPX6_IPR016054_1_19-89,Ly6,monomer,genus:Cyprinodon,50-72
A0A3S2PQD7_IPR045860_1_18-109,Ly6,monomer,genus:Oryzias,72-95
A0A4D9DMC4_IPR045860_1_17-106,Ly6,multimer,genus:Platysternon,72-95
A0A4X2LXT6_IPR016054_1_20-100,Ly6,monomer,genus:Vombatus,72-95
A0A513ZV72_IPR045860_1_113-201,Ly6,multimer,genus:Boana,72-95
A0A5N5LV63_IPR016054_2_19-106,Ly6,multimer,genus:Pangasianodon,72-95
A0A669CKY3_IPR045860_2_55-143,Ly6,multimer,family:Cichlidae,72-95
A0A671FB30_IPR051445_1_1-138,Ly6,monomer,genus:Rhinolophus,117-140
A0A673AV23_IPR016054_1_110-190,Ly6,multimer,genus:Sphaeramia,72-95
A0A674IX72_IPR045860_2_113-170,Ly6,multimer,genus:Terrapene,50-72
A0A6A1QIG8_IPR045860_2_9-60,Ly6,multimer,order:Artiodactyla,50-72
A0A6F9CLJ2_IPR016054_2_203-309,mixture,mixture,family:Salmonidae,95-117
A0A6I9LIH7_IPR016054_1_19-98,Ly6,monomer,family:Cricetidae,72-95
A0A6J0VCU1_IPR045860_2_22-108,Ly6,multimer,genus:Pogona,72-95
A0A6J2QJV7_IPR045860_1_18-106,Ly6,monomer,genus:Cottoperca,72-95
A0A6J3IBB1_IPR016054_1_26-108,none,monomer,genus:Sapajus,72-95
A0A6P5IL29_IPR016054_1_103-186,none,monomer,order:Diprotodontia,72-95
A0A6P5P5W3_IPR051445_1_2-112,Ly6,monomer,genus:Mus,95-117
A0A6P6DB67_IPR016054_1_25-103,Ly6,monomer,genus:Octodon,72-95
A0A6P7X1N6_IPR016054_1_215-306,Ly6,multimer,order:Gymnophiona,72-95
A0A6P8H0Z5_IPR045860_1_17-107,Ly6,monomer,genus:Actinia,72-95
A0A6P9B6L0_IPR016054_1_21-110,Ly6,monomer,genus:Pantherophis,72-95
A0A7J6A6V0_IPR016054_1_21-105,Ly6,monomer,genus:Ameiurus,72-95
A0A7L0NMA1_IPR045860_1_1-86,mixture,mixture,class:Aves,72-95
A0A803KEV0_IPR045860_1_18-105,Ly6,multimer,genus:Xenopus,72-95
A0A813PH27_IPR016054_1_24-105,Ly6,monomer,genus:Brachionus,72-95
A0A8C0LSP2_IPR016054_2_116-200,none,multimer,genus:Canis,72-95
A0A8C1EVN2_IPR045860_1_1-76,Ly6,multimer,genus:Cyprinus,72-95
A0A8C4LLH1_IPR051445_1_1-139,Ly6,monomer,genus:Equus,117-140
A0A8C4XMD5_IPR045860_1_1-69,none,multimer,genus:Falco,50-72
A0A8C5PIA8_IPR045860_2_118-180,Ly6,multimer,genus:Leptobrachium,50-72
A0A8C5QT69_IPR016054_1_156-253,Ly6,multimer,genus:Leptobrachium,72-95
A0A8C5RBI7_IPR045860_2_117-210,Ly6,multimer,genus:Leptobrachium,72-95
A0A8C6QTR2_IPR016054_6_128-200,Ly6,multimer,genus:Nannospalax,72-95
A0A8C8SMS9_IPR016054_1_130-210,Ly6,multimer,genus:Pelusios,72-95
A0A8D0CFM4_IPR016054_1_59-142,Ly6,mixture,genus:Scleropages,72-95
A0A8J0TDA2_IPR016054_1_111-203,Ly6,multimer,genus:Xenopus,72-95
A0A8J1L803_IPR045860_4_41-123,mixture,multimer,genus:Xenopus,72-95
A0A8J4WS99_IPR045860_1_2-85,Ly6,monomer,genus:Clarias,72-95
A0A8J6DP14_IPR016054_3_608-686,Ly6,multimer,genus:Galemys,72-95
A0A8T1RWM6_IPR045860_2_38-138,Ly6,multimer,genus:Chelydra,95-117
A0A8T2MJG3_IPR051445_1_31-121,Ly6,monomer,genus:Albula,72-95
A0A8V5GXQ5_IPR045860_1_17-104,mixture,monomer,class:Aves,72-95
A0A913XA68_IPR016054_1_137-235,Ly6,monomer,genus:Exaiptasia,95-117
A0A9B0X0Y7_IPR016054_1_20-109,Ly6,multimer,genus:Chrysochloris,72-95
A0A9F5MV96_IPR045860_1_113-198,Ly6,multimer,genus:Python,72-95
A0A9P0DBS2_IPR045860_1_87-179,Ly6,monomer,genus:Phaedon,72-95
A0A9Q1DDH5_IPR045860_1_18-105,Ly6,monomer,genus:Conger,72-95
A0A9W7WQ99_IPR016054_1_20-113,none,monomer,genus:Triplophysa,72-95
A0AA35KQ37_IPR045860_2_118-193,Ly6,multimer,genus:Podarcis,72-95
A0AA35PCQ8_IPR045860_1_143-228,Ly6,multimer,genus:Podarcis,72-95
A0AA35QQ05_IPR045860_2_11-97,Ly6,multimer,genus:Podarcis,72-95
A0AA40HF78_IPR045860_3_112-210,mixture,mixture,class:Mammalia,95-117
A0AA41SX92_IPR016054_5_304-383,Ly6,multimer,genus:Sciurus,72-95
A0AA88M4J5_IPR045860_1_21-109,Ly6,monomer,genus:Channa,72-95
A0AA97KCC6_IPR016054_2_21-109,none,multimer,genus:Eublepharis,72-95
A0AA97KH13_IPR045860_1_115-191,Ly6,multimer,genus:Eublepharis,72-95
A0AA97LHZ0_IPR045860_2_112-201,Ly6,multimer,genus:Eublepharis,72-95
A0AAD1WL62_IPR045860_2_214-295,Ly6,multimer,genus:Pelobates,72-95
A0AAD1WR43_IPR016054_1_356-450,Ly6,multimer,genus:Pelobates,72-95
A0AAD9QMX5_IPR045860_2_71-161,Ly6,multimer,genus:Acropora,72-95
A0AAR2LB82_IPR045860_1_18-106,Ly6,monomer,genus:Pygocentrus,72-95
A0AAU9XF57_IPR016054_1_408-487,Ly6,multimer,family:Pocilloporidae,72-95
A0AAV2ZP78_IPR045860_1_19-104,Ly6,multimer,genus:Pyxicephalus,72-95
A0AAV6G9R9_IPR016054_1_32-125,mixture,monomer,order:Clupeiformes,72-95
A0AAV6ZGE3_IPR045860_2_112-199,Ly6,multimer,genus:Engystomops,72-95
A0AAV6ZP44_IPR045860_1_112-197,Ly6,multimer,genus:Engystomops,72-95
A0AAV7Q009_IPR045860_2_30-120,Ly6,multimer,genus:Pleurodeles,72-95
A0AAV8VLR0_IPR045860_2_19-108,Ly6,multimer,genus:Exocentrus,72-95
A0AAW1AWV1_IPR016054_2_125-217,Ly6,multimer,genus:Crotalus,95-117
A0AAW1Z9Y9_IPR016054_1_27-116,Ly6,monomer,genus:Culter,72-95
A0AAY5EDM1_IPR045860_1_9-95,Ly6,monomer,genus:Electrophorus,72-95
A0ABD2NDY2_IPR045860_1_21-110,none,monomer,genus:Cryptolaemus,72-95
A7S630_IPR045860_1_18-115,Ly6,monomer,genus:Nematostella,95-117
B1H2M6_IPR045860_2_114-197,Ly6,multimer,genus:Xenopus,72-95
M0R8W9_IPR016054_2_903-976,mixture,mixture,family:Muridae,72-95
M3Y5H3_IPR016054_2_220-301,none,multimer,genus:Mustela,72-95
M7C222_IPR016054_1_183-274,Ly6,multimer,genus:Chelonia,72-95
P0DTL4_IPR051445_1_3-134,none,monomer,genus:Homo,117-140
Q4FAE1_IPR045860_2_113-189,Ly6,multimer,genus:Plethodon,72-95
A0A1L6ZA09_IPR026524_1_1-130,none,monomer,order:Artiodactyla,117-140
A0A2K5Y1E6_IPR026524_1_1-76,none,monomer,class:Mammalia,72-95
G1PDR2_IPR026524_1_1-380,none,monomer,genus:Myotis,365-387
A0A0C9R7N1_IPR039457_1_49-153,mixture,monomer,order:Hymenoptera,95-117
A0A6P5AVG0_IPR039457_1_6-170,mixture,monomer,genus:Branchiostoma,140-162
A0A7L2BNP7_IPR039457_1_2-82,none,monomer,genus:Alaudala,72-95
A0A7R9SMJ8_IPR039457_1_59-174,Ly6,monomer,genus:Argulus,95-117
A0A8J4WTE6_IPR039457_1_5-114,Ly6,monomer,genus:Clarias,95-117
A0A8S1DAU7_IPR039457_1_17-146,Ly6,monomer,genus:Cloeon,117-140
A0ABD2MWA0_IPR039457_1_42-164,none,monomer,genus:Cryptolaemus,117-140
A0A068WK15_IPR031424_1_67-160,Quiver,monomer,order:Cyclophyllidea,72-95
A0A0A9ZFY9_IPR031424_1_66-160,none,monomer,family:Miridae,95-117
A0A0L0CDM9_IPR045860_1_46-147,none,monomer,genus:Lucilia,95-117
A0A182WU35_IPR045860_1_23-122,none,monomer,family:Culicidae,95-117
A0A1A9ZP35_IPR031424_1_7-104,mixture,monomer,order:Diptera,95-117
A0A1D1VPY8_IPR031424_1_23-155,Quiver,monomer,genus:Ramazzottius,117-140
A0A1I8PH74_IPR031424_1_24-125,none,monomer,genus:Stomoxys,95-117
A0A1L8D863_IPR045860_1_4-90,none,monomer,family:Psychodidae,72-95
A0A1L8DNU8_IPR031424_1_22-117,none,monomer,family:Psychodidae,95-117
A0A1S3IH92_IPR031424_1_29-126,none,monomer,genus:Lingula,95-117
A0A1V9Y244_IPR031424_1_6-97,none,monomer,order:Mesostigmata,72-95
A0A1W4WLE4_IPR045860_1_7-97,none,monomer,genus:Agrilus,72-95
A0A1Y3B4D8_IPR031424_1_3-115,mixture,monomer,order:Sarcoptiformes,95-117
A0A2J7QH37_IPR031424_1_1-115,none,monomer,genus:Cryptotermes,95-117
A0A3P6SP30_IPR045860_1_16-117,none,monomer,genus:Litomosoides,95-117
A0A3S3PPV4_IPR031424_1_34-131,mixture,monomer,order:Trombidiformes,95-117
A0A443SVI1_IPR031424_1_2-88,Quiver,monomer,genus:Leptotrombidium,72-95
A0A4E0RVH7_IPR045860_1_27-125,Quiver,monomer,family:Fasciolidae,95-117
A0A553PDH5_IPR045860_1_22-107,none,monomer,genus:Tigriopus,72-95
A0A6A4WIV1_IPR045860_1_22-119,none,monomer,genus:Amphibalanus,95-117
A0A6G0TK47_IPR031424_2_131-183,none,multimer,genus:Aphis,50-72
A0A6J2T4X2_IPR031424_1_20-104,none,monomer,genus:Scaptodrosophila,72-95
A0A6P7SVW8_IPR045860_1_25-110,mixture,monomer,genus:Octopus,72-95
A0A7R8XK45_IPR031424_1_131-227,Quiver,monomer,genus:Darwinula,95-117
A0A7R9XLP6_IPR031424_1_46-133,Quiver,monomer,phylum:Arthropoda,72-95
A0A820NPR2_IPR031424_1_35-113,none,monomer,genus:Rotaria,72-95
A0A835CN01_IPR031424_1_27-157,none,monomer,genus:Aphidius,117-140
A0A8B6E6S8_IPR031424_1_6-92,Quiver,monomer,genus:Mytilus,72-95
A0A8B8F9V4_IPR031424_1_29-79,none,mixture,family:Aphididae,50-72
A0A8J2J8C2_IPR031424_1_34-125,Quiver,monomer,genus:Allacma,72-95
A0A8J9YAH3_IPR031424_1_74-160,none,monomer,order:Lepidoptera,72-95
A0A8K0JZT4_IPR031424_1_25-116,none,monomer,genus:Ladona,72-95
A0A8S1D150_IPR031424_1_23-119,none,monomer,genus:Cloeon,95-117
A0A8S3YII3_IPR045860_1_36-126,Quiver,monomer,genus:Candidula,72-95
A0A8S4PLX9_IPR031424_1_14-116,none,monomer,genus:Owenia,95-117
A0A8S9YWX2_IPR031424_1_29-116,mixture,monomer,order:Plagiorchiida,72-95
A0A8W8KQ87_IPR031424_1_13-94,none,monomer,family:Ostreidae,72-95
A0A914XDI6_IPR031424_1_26-136,Quiver,monomer,genus:Plectus,95-117
A0A922HG97_IPR031424_1_115-199,mixture,monomer,order:Sarcoptiformes,72-95
A0A9D3YDZ6_IPR031424_1_21-99,Quiver,monomer,genus:Dreissena,72-95
A0A9D4SDH9_IPR031424_1_58-151,none,monomer,family:Pyroglyphidae,72-95
A0A9N9QP33_IPR031424_1_25-143,mixture,monomer,family:Curculionidae,117-140
A0A9N9TIH4_IPR031424_1_21-123,none,monomer,genus:Phyllotreta,95-117
A0A9P0CEX3_IPR045860_1_22-108,Quiver,monomer,genus:Psylliodes,72-95
A0A9P0FQD8_IPR031424_1_102-177,none,monomer,genus:Brassicogethes,72-95
A0A9X6NDI1_IPR031424_2_139-238,Ly6,multimer,genus:Hypsibius,95-117
A0AA36DQI9_IPR031424_1_11-135,mixture,monomer,order:Rhabditida,117-140
A0AA88Y3Y6_IPR031424_1_43-135,Quiver,monomer,genus:Pinctada,72-95
A0AAD7ZU39_IPR031424_1_190-269,none,monomer,genus:Diploptera,72-95
A0AAD9VIZ8_IPR031424_1_26-117,none,monomer,genus:Odynerus,72-95
A0AAE0YVX5_IPR045860_1_49-146,Quiver,monomer,genus:Elysia,95-117
A0AAE9D0L0_IPR031424_1_17-142,none,monomer,genus:Caenorhabditis,117-140
A0AAN9VY26_IPR031424_1_33-115,none,monomer,genus:Gryllus,72-95
A0AAV2PQR1_IPR045860_1_18-112,none,monomer,genus:Meganyctiphanes,72-95
A0AAV4SQE3_IPR031424_1_12-98,Quiver,monomer,order:Araneae,72-95
A0AAV5WT05_IPR045860_1_13-105,none,monomer,genus:Pristionchus,72-95
A0AAV7IYX8_IPR031424_1_27-119,none,monomer,genus:Cotesia,72-95
A0AAV8WFF7_IPR031424_1_25-136,none,monomer,genus:Exocentrus,95-117
A0AAW0UH49_IPR031424_1_205-300,none,monomer,order:Decapoda,95-117
A0AAW1D7P5_IPR045860_1_24-121,none,monomer,genus:Rhynocoris,95-117
A8CWA6_IPR031424_1_23-107,none,monomer,genus:Lutzomyia,72-95
D6WWK9_IPR031424_1_21-127,none,monomer,genus:Tribolium,95-117
E2B3V5_IPR031424_1_2-87,none,monomer,family:Formicidae,95-117
N6TUI9_IPR031424_1_169-245,none,monomer,family:Curculionidae,72-95
T1H667_IPR031424_1_3-100,none,monomer,genus:Megaselia,95-117
T1K6M4_IPR031424_1_28-118,Quiver,monomer,genus:Tetranychus,72-95
V4A1W6_IPR031424_1_24-127,Quiver,monomer,genus:Lottia,95-117
A0A026WXJ4_IPR045860_1_1-62,none,monomer,genus:Ooceraea,50-72
A0A084WKN1_IPR045860_1_71-187,none,monomer,genus:Anopheles,95-117
A0A090L323_IPR045860_1_37-115,Ly6,monomer,genus:Strongyloides,72-95
A0A0A0QUY8_IPR045860_2_7-73,mixture,multimer,family:Salamandridae,50-72
A0A0A9YZW6_IPR045860_1_25-102,none,monomer,genus:Lygus,72-95
A0A0B2UXV3_IPR045860_1_22-105,Ly6,monomer,genus:Toxocara,72-95
A0A0K8UI07_IPR045860_1_1-83,none,monomer,genus:Bactrocera,72-95
A0A0N5BMC1_IPR045860_1_37-98,none,monomer,genus:Strongyloides,50-72
A0A0V1I484_IPR045860_1_19-112,none,monomer,genus:Trichinella,72-95
A0A139WD44_IPR045860_1_26-100,none,monomer,genus:Tribolium,72-95
A0A182NQV4_IPR045860_1_20-120,none,monomer,genus:Anopheles,95-117
A0A1B0C8G5_IPR045860_1_57-152,none,monomer,genus:Lutzomyia,95-117
A0A1B6D3A5_IPR045860_1_23-110,none,monomer,genus:Clastoptera,72-95
A0A1D2N6Y3_IPR045860_1_27-126,none,monomer,genus:Orchesella,95-117
A0A1I7YUX8_IPR045860_1_89-206,none,monomer,genus:Steinernema,117-140
A0A1J1ICB2_IPR045860_1_69-153,none,monomer,genus:Clunio,72-95
A0A1S3HB62_IPR045860_1_22-105,none,monomer,genus:Lingula,72-95
A0A1W0WQJ0_IPR045860_1_28-124,Ly6,monomer,genus:Hypsibius,95-117
A0A210PHC1_IPR045860_2_20-132,none,multimer,genus:Mizuhopecten,95-117
A0A210QVD9_IPR045860_1_72-158,none,monomer,genus:Mizuhopecten,72-95
A0A261CCF0_IPR045860_2_106-167,none,mixture,genus:Caenorhabditis,50-72
A0A2A4JZK3_IPR045860_1_34-108,none,monomer,order:Lepidoptera,72-95
A0A2I4AR90_IPR045860_1_16-83,none,monomer,genus:Austrofundulus,50-72
A0A2K5RJ26_IPR045860_1_31-97,mixture,monomer,order:Primates,50-72
A0A2U9CDW3_IPR045860_1_57-156,none,monomer,genus:Scophthalmus,95-117
A0A336MF41_IPR045860_1_76-181,none,monomer,genus:Culicoides,95-117
A0A368GWS4_IPR045860_1_24-109,none,monomer,order:Rhabditida,72-95
A0A3B0IZP4_IPR045860_1_189-263,none,monomer,genus:Drosophila,72-95
A0A3B3T2R9_IPR045860_1_69-150,none,monomer,genus:Paramormyrops,72-95
A0A3B4EYG0_IPR045860_2_20-104,none,multimer,class:Actinopteri,72-95
A0A3B4H489_IPR045860_1_18-87,Ly6,monomer,family:Cichlidae,50-72
A0A3B5MDT2_IPR045860_1_5-90,none,monomer,genus:Xiphophorus,72-95
A0A3G2LW20_IPR045860_1_46-119,none,monomer,class:Actinopteri,72-95
A0A3M6URE4_IPR045860_1_15-87,Ly6,monomer,genus:Pocillopora,72-95
A0A3P7M3C7_IPR045860_1_7-97,none,monomer,genus:Dibothriocephalus,72-95
A0A3P9MZS0_IPR045860_1_22-106,Ly6,mixture,family:Poeciliidae,72-95
A0A3P9Q0B7_IPR045860_1_29-127,none,monomer,family:Poeciliidae,95-117
A0A3Q0RMD2_IPR045860_1_13-84,mostly_Ly6,monomer,class:Actinopteri,72-95
A0A3Q1KCW5_IPR045860_1_25-91,mixture,monomer,genus:Anabas,50-72
A0A3Q3B3E6_IPR045860_1_19-89,Ly6,monomer,genus:Kryptolebias,50-72
A0A443SL88_IPR045860_1_4-105,none,monomer,genus:Leptotrombidium,95-117
A0A482VK73_IPR045860_1_4-86,none,monomer,genus:Asbolus,72-95
A0A4E0S2G3_IPR045860_1_137-212,none,monomer,order:Plagiorchiida,72-95
A0A4U5LUR5_IPR045860_1_72-154,none,monomer,genus:Steinernema,72-95
A0A553N905_IPR045860_1_42-133,Ly6,monomer,genus:Tigriopus,72-95
A0A564ZF13_IPR045860_1_7-99,none,monomer,genus:Hymenolepis,72-95
A0A5N5PEP5_IPR045860_1_11-89,Ly6,monomer,genus:Pangasianodon,72-95
A0A653C7R1_IPR045860_1_60-161,none,monomer,order:Coleoptera,95-117
A0A668SKM8_IPR045860_1_19-77,Ly6,monomer,genus:Oreochromis,50-72
A0A671VHM5_IPR045860_1_30-101,none,monomer,genus:Sparus,50-72
A0A673WXL7_IPR045860_1_58-176,none,monomer,class:Actinopteri,95-117
A0A674JBG4_IPR045860_1_20-120,none,monomer,phylum:Chordata,95-117
A0A6A4VEU8_IPR045860_1_23-110,none,monomer,genus:Amphibalanus,72-95
A0A6F9D756_IPR045860_1_3-103,none,monomer,genus:Phallusia,95-117
A0A6G1SJS4_IPR045860_1_185-257,none,monomer,genus:Aceria,72-95
A0A6I9WVB5_IPR045860_1_22-100,none,monomer,genus:Pogonomyrmex,72-95
A0A6J0SYU0_IPR045860_1_16-99,none,monomer,order:Squamata,72-95
A0A6J1W0A0_IPR045860_1_17-103,none,monomer,genus:Notechis,72-95
A0A6P4ZZ39_IPR045860_1_39-133,none,monomer,genus:Branchiostoma,72-95
A0A6P7N366_IPR045860_1_18-96,none,monomer,genus:Betta,72-95
A0A6P8HMU1_IPR045860_1_13-93,none,monomer,genus:Actinia,72-95
A0A6P8IUH3_IPR045860_1_22-109,none,monomer,genus:Actinia,72-95
A0A6P8ZER6_IPR045860_1_77-158,mixture,monomer,order:Diptera,72-95
A0A6S7LSD8_IPR045860_1_19-110,none,monomer,genus:Paramuricea,72-95
A0A7E6EQJ6_IPR045860_1_22-105,none,monomer,genus:Octopus,72-95
A0A7J5XAJ6_IPR045860_1_23-97,none,monomer,genus:Dissostichus,72-95
A0A7J6A911_IPR045860_1_146-222,SPF,multimer,genus:Ameiurus,72-95
A0A7K7AEQ4_IPR045860_1_1-63,none,monomer,genus:Nothoprocta,50-72
A0A7M5WWS9_IPR045860_1_13-112,none,monomer,genus:Clytia,95-117
A0A7M7HPE2_IPR045860_1_19-102,none,monomer,genus:Strongylocentrotus,72-95
A0A7R8UKQ5_IPR045860_1_39-135,none,monomer,genus:Hermetia,95-117
A0A7R9BZU8_IPR045860_1_6-120,none,monomer,genus:Notodromas,95-117
A0A7R9L607_IPR045860_1_40-146,none,monomer,genus:Medioppia,95-117
A0A7T8GT65_IPR045860_1_1-100,none,monomer,family:Caligidae,95-117
A0A813QV19_IPR045860_1_43-97,none,monomer,genus:Brachionus,50-72
A0A814ET11_IPR045860_1_41-100,none,monomer,genus:Rotaria,50-72
A0A816AGA0_IPR045860_1_5-119,Ly6,monomer,genus:Didymodactylos,95-117
A0A818AUG9_IPR045860_1_44-109,none,monomer,genus:Rotaria,50-72
A0A818VMV6_IPR045860_1_9-89,none,monomer,genus:Rotaria,72-95
A0A819J2P7_IPR045860_1_22-89,none,monomer,genus:Adineta,50-72
A0A834Y237_IPR045860_1_29-130,none,monomer,genus:Aphidius,95-117
A0A8B6F5S6_IPR045860_1_120-209,none,monomer,genus:Mytilus,72-95
A0A8B6HPL6_IPR045860_1_20-100,none,monomer,genus:Mytilus,72-95
A0A8B7DVU9_IPR045860_1_2-60,none,monomer,genus:Hydra,50-72
A0A8B8DLP4_IPR045860_1_57-131,Quiver,monomer,genus:Crassostrea,72-95
A0A8C1RIB8_IPR045860_1_2-110,none,monomer,genus:Cyprinus,95-117
A0A8C2DSD9_IPR045860_1_1-68,none,monomer,genus:Cyprinus,50-72
A0A8C2ZCX5_IPR045860_1_19-91,Ly6,monomer,genus:Cyclopterus,72-95
A0A8C5ARV6_IPR045860_1_14-99,Ly6,monomer,genus:Gadus,72-95
A0A8C6LK83_IPR045860_1_27-121,none,monomer,genus:Nothobranchius,72-95
A0A8C7H5W6_IPR045860_1_22-98,mostly_Ly6,monomer,family:Salmonidae,72-95
A0A8C7LX82_IPR045860_1_11-83,none,monomer,genus:Oncorhynchus,50-72
A0A8C7NVJ5_IPR045860_1_11-92,mixture,monomer,class:Actinopteri,72-95
A0A8C8HUL6_IPR045860_1_56-131,none,mixture,class:Actinopteri,72-95
A0A8D0L3L9_IPR045860_1_29-127,none,monomer,phylum:Chordata,95-117
A0A8I6R754_IPR045860_1_26-128,none,monomer,genus:Cimex,95-117
A0A8J2WI22_IPR045860_1_21-100,mixture,monomer,genus:Daphnia,72-95
A0A8J4UAC1_IPR045860_1_2-82,Ly6,monomer,genus:Clarias,72-95
A0A8J6FNC4_IPR045860_1_15-96,none,monomer,genus:Eleutherodactylus,72-95
A0A8K0CKW7_IPR045860_1_18-100,Quiver,monomer,genus:Ignelater,72-95
A0A8K0GC96_IPR045860_1_21-97,none,monomer,genus:Ignelater,72-95
A0A8K9V2T7_IPR045860_1_29-144,none,monomer,class:Actinopteri,95-117
A0A8M3AS98_IPR045860_2_140-256,none,multimer,genus:Danio,95-117
A0A8R1I8F4_IPR045860_1_23-108,none,monomer,genus:Caenorhabditis,72-95
A0A8S1FAV3_IPR045860_1_60-161,none,monomer,genus:Caenorhabditis,95-117
A0A8S3SPT7_IPR045860_2_13-112,none,multimer,genus:Mytilus,72-95
A0A8S4NHU4_IPR045860_1_13-75,none,monomer,genus:Owenia,50-72
A0A8T2JDC4_IPR045860_1_2-69,none,monomer,genus:Hymenochirus,50-72
A0A8T3D6A5_IPR045860_1_54-133,none,monomer,genus:Albula,72-95
A0A8X6KQX4_IPR045860_1_22-118,none,monomer,genus:Trichonephila,95-117
A0A913X4E7_IPR045860_1_20-110,none,monomer,genus:Exaiptasia,72-95
A0A914B9L3_IPR045860_1_24-109,none,monomer,order:Valvatida,72-95
A0A914EB87_IPR045860_1_16-93,none,multimer,genus:Acrobeloides,72-95
A0A914LEF1_IPR045860_1_1-77,none,monomer,genus:Meloidogyne,72-95
A0A914VDT4_IPR045860_1_18-93,none,monomer,genus:Plectus,72-95
A0A915IQH7_IPR045860_1_52-149,none,monomer,genus:Romanomermis,95-117
A0A974C0B9_IPR045860_1_50-152,none,monomer,order:Anura,95-117
A0A9C6U3B9_IPR045860_1_29-106,mixture,monomer,family:Thripidae,72-95
A0A9D4BW54_IPR045860_1_25-114,none,monomer,genus:Dreissena,72-95
A0A9D4HTP9_IPR045860_1_13-114,none,monomer,genus:Dreissena,95-117
A0A9J6FD86_IPR045860_1_2-55,none,monomer,genus:Haemaphysalis,50-72
A0A9J7MCF1_IPR045860_1_38-128,none,monomer,genus:Branchiostoma,72-95
A0A9N9RXC6_IPR045860_1_55-149,none,monomer,genus:Chironomus,72-95
A0A9P0A3E0_IPR045860_1_19-126,none,monomer,genus:Bemisia,95-117
A0A9P0EEN0_IPR045860_1_23-102,none,monomer,genus:Nezara,72-95
A0A9P0J1I0_IPR045860_1_18-73,none,monomer,genus:Aphis,50-72
A0A9P0Q7H5_IPR045860_1_20-121,mixture,monomer,class:Insecta,95-117
A0A9P1HD09_IPR045860_1_6-91,none,monomer,genus:Auanema,72-95
A0A9Q0M0D7_IPR045860_1_26-122,mixture,monomer,order:Sarcoptiformes,95-117
A0A9Q1AQQ8_IPR045860_2_19-104,none,multimer,genus:Phrynocephalus,72-95
A0A9W9YRW4_IPR045860_2_366-445,none,mixture,genus:Desmophyllum,72-95
A0A9X0DBQ8_IPR045860_2_68-139,none,mixture,genus:Desmophyllum,72-95
A0AA36D2R8_IPR045860_1_67-170,none,monomer,genus:Mesorhabditis,95-117
A0AA36GKS3_IPR045860_1_190-256,none,monomer,genus:Cylicocyclus,50-72
A0AA36H7T1_IPR045860_1_27-105,none,monomer,genus:Cylicocyclus,72-95
A0AA41NE89_IPR045860_1_30-111,none,monomer,class:Mammalia,72-95
A0AAD9JKE9_IPR045860_1_85-172,none,monomer,genus:Paralvinella,72-95
A0AAD9V724_IPR045860_1_19-119,none,monomer,genus:Acropora,95-117
A0AAE0YDY7_IPR045860_1_12-104,none,monomer,family:Plakobranchidae,72-95
A0AAE1KBL3_IPR045860_1_68-164,Ly6,monomer,genus:Petrolisthes,95-117
A0AAF3FRB7_IPR045860_1_3-81,none,monomer,genus:Mesorhabditis,72-95
A0AAJ7C1A8_IPR045860_1_21-104,Ly6,monomer,genus:Cephus,72-95
A0AAJ7SYE4_IPR045860_1_138-211,none,monomer,genus:Petromyzon,72-95
A0AAJ7WY81_IPR045860_1_25-124,none,monomer,genus:Petromyzon,95-117
A0AAN5DGV6_IPR045860_1_19-99,none,monomer,genus:Pristionchus,72-95
A0AAN8J3W1_IPR045860_1_18-106,none,monomer,genus:Patella,72-95
A0AAN8M6W8_IPR045860_1_1-69,Ly6,monomer,genus:Coregonus,50-72
A0AAN9TEG1_IPR045860_1_22-120,none,monomer,genus:Parthenolecanium,95-117
A0AAU9W6B9_IPR045860_1_19-104,none,monomer,genus:Pocillopora,72-95
A0AAU9X6N7_IPR045860_1_22-119,mixture,monomer,family:Pocilloporidae,95-117
A0AAV1Q7Q8_IPR045860_1_18-102,Ly6,monomer,genus:Scomber,72-95
A0AAV2QKM8_IPR045860_1_14-118,none,monomer,genus:Meganyctiphanes,95-117
A0AAV2ZUU6_IPR045860_1_75-161,Ly6,multimer,genus:Pyxicephalus,72-95
A0AAV4ELD3_IPR045860_1_53-151,Quiver,monomer,genus:Elysia,95-117
A0AAV5TMI4_IPR045860_1_11-114,none,monomer,genus:Pristionchus,95-117
A0AAV5W0D6_IPR045860_1_69-122,none,monomer,genus:Pristionchus,50-72
A0AAV6G799_IPR045860_2_20-110,none,multimer,genus:Alosa,72-95
A0AAV6Z9Y1_IPR045860_1_18-102,none,monomer,genus:Engystomops,72-95
A0AAV7HWB9_IPR045860_1_24-102,none,mixture,family:Braconidae,72-95
A0AAV7UIU6_IPR045860_1_1-75,none,mixture,class:Amphibia,72-95
A0AAV8Z7I6_IPR045860_1_21-122,Quiver,monomer,genus:Aromia,95-117
A0AAW0NZ75_IPR045860_1_9-84,Ly6,monomer,genus:Mugilogobius,72-95
A0AAW1CLP2_IPR045860_1_24-109,none,monomer,genus:Rhynocoris,72-95
A0AAW1U439_IPR045860_1_19-92,none,monomer,genus:Henosepilachna,72-95
A0ABD2JNH2_IPR045860_1_15-97,none,monomer,genus:Heterodera,72-95
A0ABD2PMJ4_IPR045860_1_26-95,none,monomer,genus:Cichlidogyrus,50-72
A0ABD3WZN9_IPR045860_1_85-157,none,monomer,genus:Sinanodonta,72-95
B6VP46_IPR045860_1_23-121,none,monomer,family:Ostreidae,95-117
F1DT96_IPR045860_1_1-92,none,monomer,genus:Schmidtea,72-95
F5CPE6_IPR045860_1_12-79,3FTx,monomer,genus:Micrurus,50-72
G0PFB6_IPR045860_1_18-98,none,monomer,genus:Caenorhabditis,72-95
G8XXY3_IPR045860_1_1-53,none,monomer,class:Actinopteri,50-72
H2ZC24_IPR045860_1_99-197,Ly6,monomer,genus:Ciona,95-117
N6U3N7_IPR045860_1_2-69,none,monomer,genus:Dendroctonus,50-72
Q09EF2_IPR045860_1_39-107,none,monomer,genus:Caenorhabditis,50-72
Q90ZP3_IPR045860_1_17-88,mixture,monomer,genus:Xenopus,50-72
T1EUB6_IPR045860_2_128-187,Ly6,multimer,genus:Helobdella,50-72
T1JV70_IPR045860_1_5-98,none,monomer,genus:Tetranychus,72-95
W6UGG8_IPR045860_1_93-166,none,monomer,genus:Echinococcus,72-95
X1YV74_IPR045860_1_4-104,none,monomer,genus:Capitella,95-117
Centipede3FTx_0010_61981,manually_annotated,monomer,class:Chilopoda,95-117
Centipede3FTx_0074_61981,mixture,monomer,class:Chilopoda,95-117
Centipede3FTx_0138_984703,manually_annotated,monomer,class:Chilopoda,72-95
A0A2K6TG80_IPR042339_1_1-122,Ly6,monomer,family:Cebidae,117-140
A0A098LYA2_IPR045860_1_12-84,3FTx,monomer,order:Squamata,50-72
A0A2P1BSU3_IPR045860_1_12-79,none,monomer,genus:Micrurus,50-72
A0A4Q8K440_IPR045860_1_18-92,mixture,monomer,unknown,72-95
A0A898IJX5_IPR045860_1_12-78,mixture,monomer,genus:Calliophis,50-72
A0AA50NXU0_IPR045860_1_35-112,3FTx,monomer,genus:Oxybelis,72-95
A7X3S5_IPR045860_1_17-92,none,monomer,genus:Telescopus,72-95
P01462_IPR003571_1_1-60,mixture,monomer,genus:Naja,50-72
P0DQH2_IPR045860_1_1-57,none,monomer,genus:Hemachatus,50-72
Q2VBN3_IPR045860_1_22-83,none,monomer,genus:Ophiophagus,50-72
Q69CJ8_IPR045860_1_22-83,none,monomer,genus:Ophiophagus,50-72
R4G350_IPR045860_1_22-83,mixture,monomer,family:Elapidae,50-72
A0A452UEK3_IPR026110_1_23-77,none,monomer,class:Mammalia,50-72
A0A068YEY1_IPR035076_1_22-90,none,monomer,genus:Echinococcus,50-72
A0A0Q3PIF1_IPR016054_1_85-187,mostly_Ly6,mixture,class:Aves,72-95
A0A1S3Q3R6_IPR016054_1_21-102,Ly6,monomer,genus:Salmo,72-95
A0A2I0MWT9_IPR045860_1_3-86,none,monomer,genus:Columba,72-95
A0A3M7P7D5_IPR045860_1_16-91,none,monomer,genus:Brachionus,72-95
A0A4W3GIJ7_IPR016054_1_16-109,Ly6,multimer,genus:Callorhinchus,72-95
A0A4X1VXM6_IPR045860_1_26-100,none,monomer,genus:Sus,72-95
A0A5N3VJX4_IPR045860_1_15-78,mixture,monomer,class:Mammalia,50-72
A0A672KS24_IPR045860_2_1-51,mixture,multimer,family:Cyprinidae,50-72
A0A6P3VHW1_IPR045860_2_19-101,mixture,multimer,order:Clupeiformes,72-95
A0A6P6BLZ5_IPR045860_1_7-84,none,monomer,family:Pteropodidae,72-95
A0A6P6PAP8_IPR016054_1_19-106,mixture,multimer,family:Cyprinidae,72-95
A0A6P7X680_IPR016054_1_21-109,Ly6,monomer,order:Gymnophiona,72-95
A0A6P8QV84_IPR016054_1_21-108,Ly6,monomer,genus:Geotrypetes,72-95
A0A7J7F9S3_IPR016054_1_10-131,Ly6,monomer,genus:Diceros,117-140
A0A7K5DXX1_IPR016054_1_2-87,Ly6,monomer,order:Passeriformes,72-95
A0A7L2M7G0_IPR045860_1_7-109,mixture,monomer,class:Aves,72-95
A0A7L2RM73_IPR016054_1_2-87,mixture,monomer,order:Passeriformes,72-95
A0A813YCB4_IPR045860_1_23-101,none,monomer,genus:Adineta,72-95
A0A818R344_IPR045860_1_32-104,none,monomer,genus:Adineta,72-95
A0A8C1RBW2_IPR045860_2_11-95,Ly6,multimer,genus:Cyprinus,72-95
A0A8C2AIL2_IPR016054_2_18-101,Ly6,multimer,family:Cyprinidae,72-95
A0A8C2JXD6_IPR016054_1_121-199,mixture,mixture,genus:Cyprinus,72-95
A0A8C4RJY1_IPR045860_1_63-137,none,monomer,genus:Erpetoichthys,72-95
A0A8D0AY28_IPR045860_1_17-91,none,monomer,genus:Salvator,72-95
A0A8J1JR48_IPR045860_1_19-93,none,monomer,genus:Xenopus,72-95
A0A8J6A9M2_IPR045860_1_18-99,Ly6,monomer,genus:Galemys,72-95
A0A8U0NGB0_IPR045860_1_58-125,none,monomer,genus:Mustela,50-72
A0A8W8I138_IPR045860_1_25-114,none,monomer,family:Ostreidae,72-95
A0A9B0SX93_IPR016054_1_137-231,Ly6,monomer,genus:Chrysochloris,72-95
A0A9Q1E5X7_IPR016054_1_18-93,none,multimer,genus:Synaphobranchus,72-95
A0A9W2ZRV3_IPR045860_1_32-114,none,monomer,genus:Biomphalaria,72-95
A0AA88P8C2_IPR016054_2_20-103,none,multimer,genus:Cirrhinus,72-95
A0AA97L3Q0_IPR045860_1_19-98,Ly6,monomer,genus:Eublepharis,72-95
A0AAD4YB02_IPR045860_2_49-104,none,multimer,genus:Ovis,50-72
A0AAE0UVC5_IPR016054_1_208-297,Ly6,multimer,genus:Hemibagrus,72-95
A0AAN8ANE2_IPR016054_1_20-115,mixture,monomer,order:Perciformes,72-95
A0AAV6PPC1_IPR016054_2_112-196,Ly6,multimer,genus:Solea,72-95
A0AAV7V309_IPR045860_1_13-94,Ly6,monomer,genus:Pleurodeles,72-95
A0AAW0MP18_IPR045860_3_184-272,Ly6,multimer,genus:Mugilogobius,72-95
A0ABC9W7W2_IPR045860_1_14-70,none,monomer,genus:Grus,50-72
W5MCJ5_IPR016054_1_20-106,Ly6,multimer,genus:Lepisosteus,72-95
A0A060W6L9_IPR016054_1_27-100,Ly6,multimer,genus:Oncorhynchus,72-95
A0A0F7JG78_IPR045860_2_116-191,Ly6,multimer,genus:Ichthyosaura,72-95
A0A1A7WFK1_IPR016054_1_7-92,Ly6,monomer,family:Nothobranchiidae,72-95
A0A1S3F469_IPR016054_2_26-113,Ly6,multimer,genus:Dipodomys,72-95
A0A1S3MNQ7_IPR045860_1_115-187,Ly6,multimer,family:Salmonidae,72-95
A0A1U8DZH5_IPR045860_2_84-172,mixture,mixture,genus:Alligator,72-95
A0A2D0SKA0_IPR016054_1_113-194,Ly6,multimer,family:Ictaluridae,72-95
A0A2G9S310_IPR045860_1_17-105,Ly6,monomer,order:Anura,72-95
A0A3B3CFL9_IPR045860_2_112-185,Ly6,multimer,genus:Oryzias,72-95
A0A3B3R2A9_IPR045860_1_4-82,Ly6,monomer,genus:Paramormyrops,72-95
A0A3B4D037_IPR045860_1_139-215,Ly6,multimer,genus:Pygocentrus,72-95
A0A3M7QQP0_IPR016054_1_26-120,Ly6,multimer,genus:Brachionus,72-95
A0A3P8ZNH0_IPR045860_1_18-105,Ly6,monomer,genus:Esox,72-95
A0A3Q2DVN5_IPR045860_1_3-53,Ly6,multimer,genus:Cyprinodon,50-72
A0A3Q3XE82_IPR045860_1_18-92,Ly6,multimer,genus:Mola,72-95
A0A4D9DMC4_IPR045860_2_113-194,Ly6,multimer,genus:Platysternon,72-95
A0A513ZV72_IPR045860_2_17-104,Ly6,multimer,genus:Boana,72-95
A0A5E4AD31_IPR045860_1_128-206,Ly6,monomer,family:Sciuridae,72-95
A0A669CQD0_IPR016054_1_18-108,Ly6,multimer,family:Cichlidae,72-95
A0A672M5R2_IPR016054_1_114-202,mostly_Ly6,multimer,family:Cyprinidae,72-95
A0A673AV23_IPR016054_2_13-106,Ly6,multimer,genus:Sphaeramia,72-95
A0A674IZJ3_IPR045860_1_198-248,Ly6,multimer,genus:Terrapene,50-72
A0A6F9CLJ2_IPR045860_3_137-200,mixture,mixture,genus:Coregonus,50-72
A0A6G1PDF2_IPR045860_1_18-94,Ly6,monomer,genus:Channa,72-95
A0A6J0SGQ5_IPR045860_1_114-194,none,multimer,genus:Pogona,72-95
A0A6P5P6P5_IPR016054_1_702-773,Ly6,multimer,genus:Mus,50-72
A0A6P8HK20_IPR016054_1_726-817,none,multimer,genus:Actinia,72-95
A0A6P9BPG7_IPR016054_1_48-130,none,monomer,order:Squamata,72-95
A0A7J7F119_IPR016054_1_1-77,Ly6,monomer,genus:Diceros,72-95
A0A7J8BAH1_IPR016054_1_28-124,Ly6,monomer,genus:Molossus,95-117
A0A7N8XBT8_IPR045860_1_21-110,Ly6,monomer,genus:Mastacembelus,72-95
A0A803JI26_IPR045860_3_277-371,Ly6,multimer,genus:Xenopus,72-95
A0A8C0XBD6_IPR016054_2_210-303,mixture,multimer,class:Mammalia,72-95
A0A8C5E4B1_IPR016054_1_106-193,Ly6,multimer,genus:Gouania,72-95
A0A8C5PIC1_IPR045860_1_198-284,Ly6,multimer,genus:Leptobrachium,72-95
A0A8C5QWR6_IPR045860_1_100-181,Ly6,multimer,genus:Leptobrachium,72-95
A0A8C5RBI7_IPR045860_3_17-104,Ly6,multimer,genus:Leptobrachium,72-95
A0A8C6MS80_IPR016054_1_20-99,mixture,monomer,genus:Mus,72-95
A0A8C6QTR2_IPR016054_7_609-676,Ly6,multimer,genus:Nannospalax,50-72
A0A8C6VN02_IPR045860_1_16-104,mixture,mixture,order:Squamata,72-95
A0A8D0CFM4_IPR045860_2_2-51,Ly6,multimer,genus:Scleropages,50-72
A0A8D2J1Y2_IPR045860_1_112-197,SPF,multimer,genus:Varanus,72-95
A0A8J0TDA2_IPR016054_2_19-107,Ly6,multimer,genus:Xenopus,72-95
A0A8J4X3G0_IPR045860_1_1-99,Ly6,monomer,genus:Clarias,95-117
A0A8J6DP14_IPR016054_4_46-114,Ly6,multimer,genus:Galemys,50-72
A0A8J7TA09_IPR045860_1_23-107,Ly6,monomer,genus:Atractosteus,72-95
A0A8T1RWN1_IPR016054_1_10-105,Ly6,mixture,order:Testudines,95-117
A0A8T2IQ57_IPR045860_2_114-198,Ly6,multimer,genus:Hymenochirus,72-95
A0A8T2MKR3_IPR045860_1_18-105,Ly6,monomer,genus:Astyanax,72-95
A0A8W4F9E2_IPR016054_1_26-120,Ly6,monomer,genus:Sus,95-117
A0A913XVF3_IPR016054_1_21-109,Ly6,monomer,genus:Exaiptasia,72-95
A0A974CH55_IPR045860_2_1-78,Ly6,multimer,genus:Xenopus,72-95
A0A9B0X0Y7_IPR016054_2_125-195,Ly6,multimer,class:Mammalia,72-95
A0A9F5MV96_IPR045860_2_17-104,Ly6,multimer,genus:Python,72-95
A0A9P0L6N0_IPR016054_1_31-129,Ly6,monomer,genus:Acanthoscelides,95-117
A0A9Q1DDZ7_IPR045860_1_17-89,Ly6,monomer,genus:Conger,72-95
A0A9W7WRH9_IPR016054_1_112-194,Ly6,multimer,genus:Triplophysa,72-95
A0A9X0CQR2_IPR045860_1_28-122,Ly6,monomer,genus:Desmophyllum,72-95
A0AA35KNW5_IPR045860_2_37-125,Ly6,mixture,order:Squamata,72-95
A0AA35KQ47_IPR045860_1_22-106,Ly6,multimer,genus:Podarcis,72-95
A0AA35PCQ8_IPR045860_2_29-129,Ly6,multimer,genus:Podarcis,95-117
A0AA88M5C5_IPR045860_1_21-111,Ly6,monomer,genus:Channa,72-95
A0AA97KCC6_IPR045860_3_116-209,none,multimer,genus:Eublepharis,72-95
A0AA97KH13_IPR045860_2_20-107,Ly6,multimer,genus:Eublepharis,72-95
A0AA97LJZ2_IPR016054_1_24-100,Ly6,monomer,genus:Eublepharis,72-95
A0AAD1SML7_IPR016054_1_60-139,none,monomer,genus:Pelobates,72-95
A0AAV2KTW0_IPR045860_1_114-182,Ly6,multimer,genus:Knipowitschia,50-72
A0AAV2ZP78_IPR045860_2_114-205,Ly6,multimer,genus:Pyxicephalus,72-95
A0AAV6YZF7_IPR045860_2_112-198,Ly6,mixture,genus:Engystomops,72-95
A0AAV6ZP44_IPR045860_2_18-103,Ly6,mixture,genus:Engystomops,72-95
A0AAV7DEH9_IPR045860_1_113-201,Ly6,mixture,genus:Engystomops,72-95
A0AAV7Q087_IPR045860_1_109-190,Ly6,multimer,genus:Pleurodeles,72-95
A0AAW1AZC8_IPR016054_1_16-97,Ly6,monomer,genus:Crotalus,72-95
A0ABD0NQD5_IPR045860_1_2-73,none,monomer,genus:Cirrhinus,50-72
A0ABD2NUY2_IPR045860_1_18-107,none,monomer,genus:Cryptolaemus,72-95
A7S6Q2_IPR016054_1_29-111,Ly6,monomer,genus:Nematostella,72-95
H0VIH5_IPR016054_2_22-104,mixture,multimer,order:Rodentia,72-95
H9G8Z2_IPR045860_1_22-105,none,multimer,genus:Anolis,72-95
K7FL54_IPR045860_1_113-193,Ly6,multimer,genus:Pelodiscus,72-95
L9LAW2_IPR016054_1_2-83,Ly6,monomer,genus:Tupaia,72-95
U3KML4_IPR045860_1_43-125,Ly6,monomer,genus:Oryctolagus,72-95
A0A8T1RZJ0_IPR026524_1_43-236,none,monomer,genus:Chelydra,185-207
A0A2T7PXG1_IPR039457_1_21-156,Ly6,monomer,genus:Pomacea,117-140
A0A8B8WIQ8_IPR039457_1_2-72,Ly6,monomer,class:Mammalia,72-95
A0A8S3QAR2_IPR039457_1_29-163,none,monomer,genus:Mytilus,117-140
A0AAD7S0Z4_IPR039457_1_2-90,none,monomer,genus:Aldrovandia,72-95
A0A0L8IDX6_IPR031424_1_6-77,none,monomer,genus:Octopus,50-72
A0A0V1HTE3_IPR031424_1_9-118,mixture,monomer,genus:Trichinella,95-117
A0A1B6CQZ9_IPR031424_1_29-118,Quiver,monomer,genus:Clastoptera,72-95
A0A1B6LMI2_IPR031424_1_21-99,none,monomer,genus:Graphocephala,72-95
A0A1D1VSS4_IPR045860_1_22-105,none,monomer,genus:Ramazzottius,72-95
A0A1S3IKB4_IPR031424_1_26-130,Quiver,monomer,genus:Lingula,95-117
A0A1W0W9J3_IPR031424_1_3-69,Quiver,monomer,genus:Hypsibius,50-72
A0A1W4WPE1_IPR031424_1_24-142,none,monomer,genus:Agrilus,117-140
A0A1Y1KZ47_IPR031424_1_28-106,none,monomer,family:Lampyridae,72-95
A0A1Y3B789_IPR031424_1_27-136,mixture,monomer,class:Arachnida,95-117
A0A336K8A4_IPR031424_1_23-131,none,multimer,genus:Culicoides,95-117
A0A448X191_IPR031424_1_28-125,Quiver,monomer,genus:Protopolystoma,95-117
A0A553PDI7_IPR045860_1_27-114,none,monomer,genus:Tigriopus,72-95
A0A6A0H7T5_IPR031424_1_9-108,none,monomer,genus:Hyalella,95-117
A0A6A4WNE0_IPR031424_1_27-124,none,monomer,genus:Amphibalanus,95-117
A0A6P7FF79_IPR031424_1_26-143,none,monomer,genus:Diabrotica,117-140
A0A6P7T0D2_IPR031424_1_23-101,none,monomer,genus:Octopus,72-95
A0A7F5RC65_IPR031424_1_31-168,none,monomer,genus:Agrilus,117-140
A0A7J7K4E3_IPR031424_1_42-120,none,monomer,genus:Bugula,72-95
A0A7R9DGJ4_IPR031424_1_5-130,mixture,monomer,genus:Timema,117-140
A0A813QWV5_IPR031424_1_56-156,mixture,monomer,genus:Brachionus,95-117
A0A816R4D9_IPR031424_1_35-136,mixture,monomer,class:Eurotatoria,95-117
A0A8B6EIQ6_IPR045860_1_21-113,none,monomer,genus:Mytilus,72-95
A0A8B7Y2U1_IPR031424_1_19-112,Ly6,monomer,genus:Acanthaster,72-95
A0A8D8DEH3_IPR031424_1_25-135,mixture,mixture,family:Culicidae,95-117
A0A8J2JN33_IPR031424_1_23-117,Quiver,monomer,genus:Allacma,72-95
A0A8J2S0I0_IPR031424_1_22-115,none,monomer,genus:Daphnia,72-95
A0A8J5TI30_IPR031424_1_25-115,none,monomer,genus:Homarus,72-95
A0A8S3YR23_IPR031424_1_32-129,none,monomer,genus:Candidula,95-117
A0A914Z4Y2_IPR031424_1_31-140,mixture,monomer,family:Panagrolaimidae,95-117
A0A9D3YPS7_IPR045860_1_11-104,none,monomer,genus:Dreissena,72-95
A0A9D4HVP9_IPR045860_1_21-114,none,monomer,genus:Dreissena,72-95
A0A9J6CNL7_IPR045860_1_21-108,Quiver,monomer,genus:Polypedilum,72-95
A0A9N9QT09_IPR031424_1_24-123,none,monomer,genus:Diatraea,95-117
A0A9N9TJM4_IPR045860_1_16-104,mixture,monomer,family:Chrysomelidae,72-95
A0A9N9XLR5_IPR031424_1_25-147,none,monomer,family:Chrysomelidae,117-140
A0A9P0FS42_IPR045860_1_17-101,Quiver,monomer,genus:Brassicogethes,72-95
A0A9P0J1S8_IPR031424_1_22-123,none,monomer,family:Aphididae,95-117
A0A9Q0MFS0_IPR031424_1_26-95,none,monomer,genus:Blomia,50-72
A0A9X6NDI1_IPR031424_3_265-362,Ly6,multimer,genus:Hypsibius,95-117
A0AA38M6B8_IPR031424_1_21-122,Quiver,monomer,genus:Zophobas,95-117
A0AA88YC74_IPR045860_1_6-111,none,monomer,genus:Pinctada,95-117
A0AAD7ZWC7_IPR031424_1_8-128,none,monomer,genus:Diploptera,117-140
A0AAN7P015_IPR031424_1_25-115,none,monomer,genus:Aquatica,72-95
A0AAN9B0W9_IPR031424_1_26-119,mixture,mixture,class:Gastropoda,95-117
A0AAR5QJX6_IPR031424_1_24-175,none,monomer,genus:Dendroctonus,140-162
A0AAV2PXT5_IPR031424_1_33-121,none,monomer,genus:Meganyctiphanes,72-95
A0AAW1IYC7_IPR031424_1_27-118,none,monomer,family:Scarabaeidae,72-95
A0AAW1UTM0_IPR031424_1_2-96,none,monomer,genus:Henosepilachna,72-95
A0ABD2N5Z7_IPR031424_1_25-145,none,monomer,family:Coccinellidae,117-140
A0ABD3UU22_IPR031424_1_24-105,mixture,monomer,family:Unionidae,72-95
D6WX55_IPR031424_1_54-171,none,monomer,genus:Tribolium,117-140
T1HRF9_IPR031424_1_20-124,none,monomer,genus:Rhodnius,95-117
T1K9J4_IPR031424_1_45-145,none,monomer,genus:Tetranychus,95-117
A0A8J6AAU5_IPR051445_1_1-69,mixture,monomer,class:Mammalia,72-95
A0A026WXM5_IPR045860_1_4-58,none,monomer,genus:Ooceraea,50-72
A0A0H4A7F2_IPR045860_1_1-80,mixture,mixture,genus:Desmognathus,72-95
A0A0N4X2H5_IPR045860_1_18-101,none,monomer,family:Trichostrongylidae,72-95
A0A0R3PFN1_IPR045860_1_3-55,none,monomer,order:Rhabditida,50-72
A0A139WD50_IPR045860_1_18-99,Quiver,monomer,genus:Tribolium,72-95
A0A182NU33_IPR045860_1_76-156,none,monomer,family:Culicidae,72-95
A0A183G848_IPR045860_1_6-96,none,monomer,genus:Heligmosomoides,72-95
A0A195D3E7_IPR045860_1_5-73,none,monomer,genus:Cyphomyrmex,50-72
A0A1A8GA06_IPR045860_1_71-165,none,monomer,class:Actinopteri,95-117
A0A1B0CI31_IPR045860_1_20-124,none,monomer,genus:Lutzomyia,95-117
A0A1B6DKA4_IPR045860_1_39-122,none,monomer,order:Hemiptera,72-95
A0A1D2NIF7_IPR045860_1_27-103,none,monomer,genus:Orchesella,72-95
A0A1I8MUQ9_IPR045860_1_17-101,Quiver,monomer,genus:Musca,72-95
A0A1L8G0F6_IPR045860_1_57-160,Ly6,multimer,genus:Xenopus,95-117
A0A1S3I0D2_IPR045860_1_29-129,none,monomer,genus:Lingula,95-117
A0A1W0WQR3_IPR045860_1_88-180,none,monomer,genus:Hypsibius,72-95
A0A1Y0JYR2_IPR045860_1_20-102,none,monomer,family:Unionidae,72-95
A0A210PLP6_IPR045860_1_34-115,none,monomer,genus:Mizuhopecten,72-95
A0A210R0Z0_IPR045860_1_146-230,none,monomer,genus:Mizuhopecten,72-95
A0A261CFD3_IPR045860_1_43-105,none,monomer,genus:Caenorhabditis,50-72
A0A2A6CS94_IPR045860_1_16-77,none,monomer,genus:Pristionchus,50-72
A0A2I4DAN2_IPR045860_3_17-102,none,multimer,class:Actinopteri,72-95
A0A2P1DV98_IPR045860_1_52-140,none,monomer,genus:Isodiametra,72-95
A0A368GYQ1_IPR045860_1_19-92,none,monomer,genus:Ancylostoma,72-95
A0A3B3IFI1_IPR045860_1_27-133,none,monomer,genus:Oryzias,95-117
A0A3B3V8U5_IPR045860_1_21-93,none,monomer,family:Poeciliidae,50-72
A0A3B4Z985_IPR045860_2_108-189,none,multimer,class:Actinopteri,72-95
A0A3B5MH29_IPR045860_1_152-222,none,monomer,genus:Xiphophorus,50-72
A0A3M6URR5_IPR045860_1_25-121,none,monomer,genus:Pocillopora,95-117
A0A3Q0RMP7_IPR045860_1_33-97,Ly6,monomer,genus:Amphilophus,50-72
A0A3Q2NPB3_IPR045860_1_72-193,none,monomer,order:Cyprinodontiformes,117-140
A0A401P202_IPR045860_1_22-78,Ly6,monomer,genus:Scyliorhinus,50-72
A0A443SPP0_IPR045860_1_6-84,none,monomer,genus:Leptotrombidium,72-95
A0A454XV36_IPR045860_1_21-94,none,monomer,genus:Pristionchus,72-95
A0A485MYW4_IPR045860_1_8-84,none,monomer,genus:Lynx,72-95
A0A4E9F7E5_IPR045860_1_40-136,none,monomer,genus:Brugia,95-117
A0A4U5LUZ3_IPR045860_1_15-114,Ly6,monomer,genus:Steinernema,95-117
A0A4U5PCQ6_IPR045860_1_12-101,none,monomer,genus:Steinernema,72-95
A0A4Z2IX54_IPR045860_1_31-111,none,monomer,class:Actinopteri,72-95
A0A5A9MUJ5_IPR045860_1_48-144,none,monomer,genus:Triplophysa,95-117
A0A671PJ62_IPR045860_1_84-150,none,monomer,genus:Sinocyclocheilus,50-72
A0A672YAF6_IPR045860_1_2-81,none,monomer,genus:Sphaeramia,72-95
A0A6A4VF13_IPR045860_1_9-96,none,mixture,genus:Amphibalanus,72-95
A0A6F9DFL1_IPR045860_1_20-111,none,monomer,genus:Phallusia,72-95
A0A6G1SL87_IPR045860_1_23-121,Ly6,monomer,genus:Aceria,95-117
A0A6I8UNR7_IPR045860_1_30-132,none,monomer,family:Drosophilidae,95-117
A0A6P5A035_IPR045860_1_28-120,none,monomer,genus:Branchiostoma,72-95
A0A6P6M8C9_IPR045860_1_20-96,none,monomer,genus:Carassius,72-95
A0A6P7JXE1_IPR045860_1_29-138,none,monomer,genus:Parambassis,95-117
A0A6P8HNV0_IPR045860_1_19-102,none,monomer,genus:Actinia,72-95
A0A6P8IV22_IPR045860_1_22-119,none,monomer,genus:Actinia,95-117
A0A6P8QWW2_IPR045860_1_1-60,none,monomer,genus:Geotrypetes,50-72
A0A7I4XTX0_IPR045860_1_24-116,none,monomer,genus:Haemonchus,72-95
A0A7J6A911_IPR045860_2_47-136,SPF,multimer,genus:Ameiurus,72-95
A0A7M5X0W0_IPR045860_1_25-124,none,monomer,genus:Clytia,95-117
A0A7R9LSG3_IPR045860_1_1-51,none,monomer,genus:Oppiella,50-72
A0A7T8QUM6_IPR045860_1_3-92,none,monomer,genus:Caligus,72-95
A0A813QZI1_IPR045860_1_58-114,none,monomer,genus:Brachionus,50-72
A0A814KAL4_IPR045860_1_54-125,none,monomer,genus:Brachionus,50-72
A0A814Q5U4_IPR045860_1_24-92,Quiver,monomer,genus:Didymodactylos,50-72
A0A815H7L1_IPR045860_1_25-102,none,monomer,genus:Rotaria,72-95
A0A819J9E8_IPR045860_1_39-133,none,monomer,genus:Rotaria,72-95
A0A820V5A5_IPR045860_1_23-78,none,monomer,genus:Rotaria,50-72
A0A821II71_IPR045860_1_6-88,none,monomer,genus:Rotaria,72-95
A0A821V206_IPR045860_1_22-89,Quiver,monomer,genus:Rotaria,50-72
A0A834Y2L3_IPR045860_1_411-505,none,monomer,genus:Aphidius,72-95
A0A8B6BXQ8_IPR045860_1_156-234,none,monomer,genus:Mytilus,72-95
A0A8B7NKI4_IPR045860_1_51-136,Quiver,monomer,genus:Hyalella,72-95
A0A8C4GP85_IPR045860_1_13-79,Ly6,monomer,genus:Dicentrarchus,50-72
A0A8C4SI18_IPR045860_1_87-155,none,monomer,genus:Erpetoichthys,50-72
A0A8C4ZJ84_IPR045860_1_27-145,none,monomer,order:Gadiformes,95-117
A0A8C5PP28_IPR045860_1_66-123,none,monomer,genus:Leptobrachium,50-72
A0A8C6VN86_IPR045860_2_20-105,none,multimer,genus:Naja,72-95
A0A8C8DXA1_IPR045860_1_37-109,none,monomer,genus:Oryzias,72-95
A0A8C9R6G7_IPR045860_1_26-116,none,monomer,genus:Scleropages,72-95
A0A8D2P7U0_IPR045860_1_5-89,none,monomer,genus:Zosterops,72-95
A0A8E0VDT2_IPR045860_1_15-111,none,monomer,order:Plagiorchiida,95-117
A0A8J2WLG5_IPR045860_1_77-168,none,monomer,genus:Daphnia,72-95
A0A8K0CPZ1_IPR045860_1_19-101,none,monomer,genus:Ignelater,72-95
A0A8K0GHL4_IPR045860_1_21-126,Ly6,monomer,genus:Ignelater,95-117
A0A8S1B5M0_IPR045860_1_359-436,Quiver,monomer,genus:Arctia,72-95
A0A8S3SWI4_IPR045860_1_364-466,none,mixture,genus:Mytilus,95-117
A0A8S4NQM7_IPR045860_1_23-109,none,monomer,genus:Owenia,72-95
A0A8S9YCI4_IPR045860_1_13-80,none,monomer,genus:Paragonimus,50-72
A0A8T0BA42_IPR045860_1_9-88,mixture,monomer,class:Actinopteri,72-95
A0A8X7X6R6_IPR045860_1_423-503,none,multimer,genus:Polypterus,72-95
A0A913X4R9_IPR045860_1_19-114,none,monomer,genus:Exaiptasia,95-117
A0A913YEI1_IPR045860_1_21-99,none,monomer,genus:Exaiptasia,72-95
A0A914EB87_IPR045860_2_100-171,none,multimer,genus:Acrobeloides,50-72
A0A914RZA8_IPR045860_1_78-139,Ly6,monomer,genus:Parascaris,50-72
A0A914VHR0_IPR045860_1_46-145,none,monomer,genus:Plectus,95-117
A0A915J3H9_IPR045860_1_226-306,none,monomer,genus:Romanomermis,72-95
A0A977PF39_IPR045860_1_22-126,none,monomer,genus:Penaeus,95-117
A0A9C5YS45_IPR045860_1_57-164,none,monomer,genus:Glossina,95-117
A0A9C6U3I7_IPR045860_1_124-218,none,monomer,genus:Frankliniella,72-95
A0A9J6FJA2_IPR045860_1_21-81,none,multimer,genus:Haemaphysalis,50-72
A0A9J7MJ54_IPR045860_1_22-110,mixture,monomer,genus:Branchiostoma,72-95
A0A9N9RXH1_IPR045860_1_75-153,none,monomer,genus:Chironomus,72-95
A0A9P0AI60_IPR045860_1_21-118,none,monomer,genus:Bemisia,95-117
A0A9P0EYJ3_IPR045860_1_50-147,none,monomer,genus:Bemisia,95-117
A0A9P1N1W3_IPR045860_1_11-103,Ly6,monomer,genus:Caenorhabditis,72-95
A0A9Q0M9X0_IPR045860_1_4-98,none,monomer,genus:Blomia,72-95
A0A9Q1I8V0_IPR045860_1_1-66,Ly6,monomer,genus:Synaphobranchus,50-72
A0A9W3BB36_IPR045860_1_17-105,none,monomer,genus:Biomphalaria,72-95
A0A9W7WJ57_IPR045860_1_20-93,Ly6,monomer,genus:Triplophysa,72-95
A0A9W9YS29_IPR045860_1_21-108,none,monomer,genus:Desmophyllum,72-95
A0A9X0A5T6_IPR045860_1_17-118,Quiver,monomer,genus:Desmophyllum,95-117
A0A9X0DBQ8_IPR045860_3_2-67,none,multimer,genus:Desmophyllum,50-72
A0AA35PCP7_IPR045860_2_114-194,none,multimer,genus:Podarcis,72-95
A0AA36D4F1_IPR045860_1_205-268,none,monomer,genus:Mesorhabditis,50-72
A0AA36H857_IPR045860_1_24-95,none,monomer,genus:Cylicocyclus,50-72
A0AA38M6C1_IPR045860_1_22-107,none,monomer,genus:Zophobas,72-95
A0AA88MJT4_IPR045860_1_19-82,none,monomer,genus:Channa,50-72
A0AA97J5B9_IPR045860_1_19-95,none,monomer,genus:Eublepharis,72-95
A0AAD9JLA3_IPR045860_1_36-135,none,multimer,genus:Paralvinella,95-117
A0AAD9PS18_IPR045860_1_44-131,none,monomer,genus:Acropora,72-95
A0AAD9V760_IPR045860_1_19-116,Ly6,monomer,genus:Acropora,95-117
A0AAE0SFZ8_IPR045860_2_195-299,none,multimer,genus:Potamilus,95-117
A0AAE0YTR7_IPR045860_1_58-141,mixture,monomer,genus:Elysia,72-95
A0AAJ7C2F1_IPR045860_1_14-111,none,monomer,genus:Cephus,95-117
A0AAN4ZQC1_IPR045860_1_21-95,Ly6,monomer,genus:Pristionchus,72-95
A0AAN5DHE2_IPR045860_1_11-82,none,monomer,genus:Pristionchus,50-72
A0AAN9TUL6_IPR045860_1_17-116,none,monomer,genus:Parthenolecanium,95-117
A0AAU7YFY3_IPR045860_1_55-122,none,monomer,genus:Nidirana,50-72
A0AAU9W6F8_IPR045860_1_78-166,none,monomer,order:Scleractinia,72-95
A0AAV2H3M1_IPR045860_1_29-129,none,monomer,genus:Lymnaea,95-117
A0AAV2KZH7_IPR045860_1_20-82,none,monomer,genus:Knipowitschia,50-72
A0AAV2QSN2_IPR045860_1_28-99,none,monomer,genus:Meganyctiphanes,50-72
A0AAV2ZUU6_IPR045860_2_1-66,Ly6,multimer,genus:Pyxicephalus,50-72
A0AAV4EZ73_IPR045860_1_111-199,none,monomer,genus:Elysia,72-95
A0AAV5TNT9_IPR045860_1_17-88,none,monomer,genus:Pristionchus,72-95
A0AAV6G810_IPR045860_1_32-142,none,monomer,order:Clupeiformes,95-117
A0AAV6ZAQ6_IPR045860_1_14-96,SPF,monomer,genus:Engystomops,72-95
A0AAV6ZUP7_IPR045860_1_20-81,none,monomer,genus:Engystomops,50-72
A0AAV7HWB9_IPR045860_2_181-246,none,multimer,genus:Cotesia,50-72
A0AAV8Z7M6_IPR045860_1_39-114,none,monomer,genus:Aromia,72-95
A0AAW0MD88_IPR045860_1_18-101,Ly6,monomer,genus:Mugilogobius,72-95
A0AAW0P1Q5_IPR045860_1_22-119,none,monomer,genus:Mugilogobius,95-117
A0AAW1CTG2_IPR045860_1_24-114,none,monomer,genus:Rhynocoris,72-95
A0AAW1U457_IPR045860_1_12-84,none,monomer,genus:Henosepilachna,72-95
A0AAW1Z9N2_IPR045860_2_25-137,none,mixture,order:Cypriniformes,95-117
A0ABD0S6D3_IPR045860_1_238-333,none,monomer,order:Lepidoptera,95-117
A0ABD1ENW8_IPR045860_1_19-107,none,monomer,genus:Hypothenemus,72-95
A0ABD1KR63_IPR045860_1_17-88,none,monomer,genus:Coilia,50-72
A6MIV6_IPR045860_1_17-70,none,monomer,genus:Homo,50-72
B4NK20_IPR045860_1_24-124,none,monomer,genus:Drosophila,95-117
B7P561_IPR045860_1_1-77,none,monomer,genus:Ixodes,72-95
C1LH22_IPR045860_1_28-97,mixture,monomer,genus:Schistosoma,50-72
E3NNI7_IPR045860_1_39-105,mixture,monomer,genus:Caenorhabditis,50-72
H2XR29_IPR045860_1_17-107,Ly6,monomer,genus:Ciona,72-95
H2ZE23_IPR045860_1_17-108,none,monomer,genus:Ciona,72-95
J3SIP4_IPR045860_1_3-64,none,monomer,genus:Megaselia,50-72
L5KPJ9_IPR045860_1_65-157,none,monomer,genus:Pteropus,72-95
M3X6B7_IPR045860_1_36-111,none,monomer,order:Carnivora,72-95
N6UL21_IPR045860_1_3-73,none,monomer,genus:Dendroctonus,50-72
Q0GAA8_IPR045860_1_20-85,none,monomer,genus:Desmognathus,50-72
Q5C099_IPR045860_1_35-109,none,monomer,genus:Schistosoma,72-95
T1F491_IPR045860_1_11-97,none,monomer,genus:Helobdella,72-95
T1JVQ4_IPR045860_1_8-110,none,monomer,genus:Tetranychus,95-117
U4UN32_IPR045860_1_66-134,Ly6,monomer,genus:Dendroctonus,50-72
X2ATT7_IPR045860_1_47-133,none,monomer,genus:Capitella,72-95
Centipede3FTx_0011_61981,manually_annotated,monomer,class:Chilopoda,117-140
Centipede3FTx_0075_61981,manually_annotated,monomer,class:Chilopoda,72-95
Centipede3FTx_0107_984703,manually_annotated,monomer,class:Chilopoda,95-117
F6SS18_IPR045860_1_397-481,none,monomer,genus:Ciona,72-95
G1QBK3_IPR045860_1_24-100,none,monomer,genus:Myotis,72-95
H2YPF5_IPR045860_1_53-142,none,monomer,genus:Ciona,72-95
Q95ZS9_IPR045860_1_18-96,Ly6,monomer,genus:Caenorhabditis,72-95
R7U8P4_IPR045860_1_2-60,none,monomer,genus:Capitella,50-72
T1J656_IPR045860_1_52-151,none,monomer,genus:Strigamia,95-117
W5MFA1_IPR045860_1_22-94,none,mixture,phylum:Chordata,72-95
Centipede3FTx_0030_61981,manually_annotated,monomer,class:Chilopoda,72-95
Centipede3FTx_0094_984703,manually_annotated,monomer,class:Chilopoda,117-140
Centipede3FTx_0126_60158,manually_annotated,monomer,class:Chilopoda,95-117
A0A6P5KXC8_IPR042339_1_49-144,Ly6,monomer,genus:Phascolarctos,95-117
A0A024AXD4_IPR045860_1_22-83,none,monomer,genus:Micropechis,50-72
A0A194APG0_IPR045860_1_13-86,3FTx,monomer,genus:Micrurus,72-95
A0A1W7RBD9_IPR045860_1_13-86,3FTx,monomer,family:Viperidae,72-95
A0A481MQJ6_IPR045860_1_28-102,3FTx,monomer,genus:Boiga,72-95
A0A898IN41_IPR045860_1_14-80,3FTx,monomer,genus:Calliophis,50-72
A0A8C6XGV8_IPR045860_1_12-86,none,monomer,family:Elapidae,50-72
A0A9D4I5S4_IPR045860_1_159-238,none,multimer,genus:Dreissena,72-95
P0C8R6_IPR045860_1_1-67,none,monomer,genus:Laticauda,50-72
D2I4A2_IPR026110_1_3-109,none,monomer,class:Mammalia,95-117
A0A151P8D3_IPR016054_1_11-100,Ly6,monomer,order:Crocodylia,72-95
A0A1U7S8L3_IPR016054_1_22-107,Ly6,monomer,order:Crocodylia,72-95
A0A2T7P9N7_IPR016054_1_941-1028,none,multimer,genus:Pomacea,72-95
A0A3N0XSM9_IPR016054_2_38-128,Ly6,multimer,genus:Anabarilius,72-95
A0A3Q0R182_IPR016054_1_114-194,Ly6,multimer,genus:Amphilophus,72-95
A0A3Q3B0R9_IPR045860_2_106-183,Ly6,multimer,genus:Kryptolebias,72-95
A0A452IAF4_IPR045860_1_10-83,none,monomer,genus:Gopherus,72-95
A0A484CJV5_IPR016054_2_117-204,Ly6,multimer,genus:Perca,72-95
A0A4U5V2C7_IPR035076_1_21-79,none,monomer,family:Sciaenidae,50-72
A0A553QYE0_IPR016054_2_18-109,Ly6,multimer,genus:Danionella,72-95
A0A667IVD7_IPR045860_1_73-136,none,monomer,genus:Lynx,50-72
A0A672HY60_IPR045860_2_9-90,Ly6,multimer,genus:Salarias,72-95
A0A672TKV9_IPR045860_1_32-98,none,monomer,genus:Strigops,50-72
A0A673MFK6_IPR016054_2_12-98,Ly6,mixture,genus:Sinocyclocheilus,72-95
A0A6I8R2P6_IPR045860_1_23-115,mixture,monomer,genus:Xenopus,72-95
A0A6P6JYR2_IPR016054_1_20-106,Ly6,multimer,genus:Carassius,72-95
A0A6P8PTC0_IPR045860_1_12-93,Ly6,monomer,genus:Geotrypetes,72-95
A0A814MDZ6_IPR045860_1_26-103,none,monomer,genus:Rotaria,72-95
A0A852HTG3_IPR016054_1_7-96,Ly6,monomer,order:Passeriformes,72-95
A0A8B8A9A4_IPR016054_1_63-144,none,monomer,genus:Crassostrea,72-95
A0A8C0N4C6_IPR045860_1_102-222,mixture,monomer,class:Mammalia,117-140
A0A8C7EHT2_IPR016054_1_6-95,mixture,monomer,class:Aves,72-95
A0A8C8RFK6_IPR016054_1_11-108,Ly6,monomer,genus:Pelusios,95-117
A0A8J0QWK2_IPR045860_1_21-112,none,monomer,genus:Xenopus,72-95
A0A8J6GYI7_IPR016054_1_21-107,mostly_Ly6,monomer,class:Mammalia,72-95
A0A8T0DU35_IPR045860_1_26-102,none,monomer,genus:Paragonimus,72-95
A0A8X8BYS0_IPR016054_1_162-239,Ly6,multimer,family:Polypteridae,72-95
A0A974CRW6_IPR045860_1_5-59,none,monomer,genus:Xenopus,50-72
A0A9D3PVK6_IPR016054_1_112-199,Ly6,monomer,genus:Megalops,72-95
A0A9Q0Y175_IPR016054_1_21-107,Ly6,monomer,genus:Phrynocephalus,72-95
A0A9W7THA9_IPR045860_2_70-143,Ly6,multimer,genus:Triplophysa,72-95
A0AA35PRL3_IPR045860_1_12-95,none,monomer,genus:Podarcis,72-95
A0AA88TF02_IPR045860_2_1-62,none,multimer,genus:Cirrhinus,50-72
A0AAD1T6I6_IPR016054_1_23-107,Ly6,monomer,genus:Pelobates,72-95
A0AAD9IV51_IPR045860_1_50-129,none,monomer,genus:Paralvinella,72-95
A0AAV2TWK9_IPR045860_1_23-96,none,monomer,genus:Calicophoron,72-95
A0AAV7B9K1_IPR045860_1_29-110,none,monomer,genus:Engystomops,72-95
A0AAW0H3Y6_IPR035076_1_50-148,none,monomer,genus:Myodes,95-117
A0AAW1BLL4_IPR045860_1_7-84,none,monomer,genus:Crotalus,72-95
A0AAW1Z3W2_IPR016054_2_18-109,Ly6,multimer,order:Cypriniformes,72-95
A0AAZ1XRM6_IPR016054_1_18-108,Ly6,multimer,genus:Oreochromis,72-95
K1RA50_IPR045860_1_72-136,none,monomer,genus:Magallana,50-72
V8NCZ4_IPR045860_1_1-64,none,monomer,genus:Ophiophagus,50-72
A0A1A6G1S1_IPR038773_1_106-159,none,monomer,genus:Neotoma,50-72
A0A087X898_IPR045860_1_21-111,mixture,mixture,order:Cyprinodontiformes,72-95
A0A091E5K2_IPR045860_2_182-262,Ly6,mixture,family:Bathyergidae,72-95
A0A0A0QTD8_IPR045860_1_113-196,Ly6,multimer,genus:Notophthalmus,72-95
A0A0A0QU74_IPR045860_2_6-71,Ly6,multimer,genus:Lissotriton,50-72
A0A0B5GV11_IPR045860_2_117-198,Ly6,multimer,family:Salamandridae,72-95
A0A0S7EJ04_IPR045860_1_17-106,Ly6,monomer,genus:Poeciliopsis,72-95
A0A151NCA5_IPR016054_1_115-203,Ly6,mixture,genus:Alligator,72-95
A0A1U7SB93_IPR016054_2_215-312,Ly6,multimer,genus:Alligator,95-117
A0A261CIN0_IPR016054_1_170-254,none,monomer,genus:Caenorhabditis,72-95
A0A3B1J405_IPR045860_1_20-109,Ly6,monomer,genus:Astyanax,72-95
A0A3B3ZLX9_IPR045860_1_6-95,Ly6,monomer,genus:Periophthalmus,72-95
A0A3P9DMF4_IPR045860_1_56-128,Ly6,monomer,family:Cichlidae,72-95
A0A3Q0FZC8_IPR016054_1_115-209,Ly6,multimer,genus:Alligator,72-95
A0A3Q1EZ60_IPR045860_1_59-140,Ly6,mixture,family:Pomacentridae,72-95
A0A401RT75_IPR016054_2_18-109,Ly6,multimer,genus:Chiloscyllium,72-95
A0A452GGD0_IPR016054_2_210-294,mixture,multimer,order:Testudines,72-95
A0A4D9DJ51_IPR045860_1_18-102,Ly6,monomer,genus:Platysternon,72-95
A0A513ZV58_IPR045860_2_36-120,Ly6,multimer,genus:Hymenochirus,72-95
A0A672IPM1_IPR016054_6_463-555,Ly6,multimer,genus:Salarias,72-95
A0A6G1AB19_IPR016054_1_323-395,Ly6,mixture,order:Carnivora,72-95
A0A6I8PRL8_IPR016054_1_26-118,none,multimer,genus:Ornithorhynchus,72-95
A0A6P4XUU5_IPR045860_1_17-106,Ly6,monomer,genus:Branchiostoma,72-95
A0A6P8ICE5_IPR016054_1_21-102,mixture,monomer,genus:Actinia,72-95
A0A6P9DEU3_IPR016054_2_123-178,mixture,multimer,order:Squamata,50-72
A0A7E6E8S8_IPR016054_1_39-133,Ly6,monomer,genus:Phyllostomus,72-95
A0A7J8C2X2_IPR051445_1_138-253,Ly6,monomer,family:Pteropodidae,117-140
A0A7J8CEI6_IPR016054_1_48-112,Ly6,multimer,genus:Rousettus,50-72
A0A803TZX4_IPR045860_1_113-199,Ly6,multimer,genus:Anolis,72-95
A0A8B6ZUC9_IPR016054_1_102-196,Ly6,monomer,genus:Orycteropus,72-95
A0A8B8BGK6_IPR045860_2_19-106,mixture,multimer,family:Ostreidae,72-95
A0A8B8W262_IPR016054_2_318-388,Ly6,mixture,order:Artiodactyla,72-95
A0A8B9JS42_IPR016054_1_182-264,Ly6,multimer,order:Characiformes,72-95
A0A8C3SG26_IPR045860_1_113-185,SPF,monomer,genus:Chelydra,72-95
A0A8C5A6H0_IPR045860_1_16-101,Ly6,monomer,order:Gadiformes,72-95
A0A8C5R8V1_IPR016054_1_128-221,Ly6,multimer,genus:Leptobrachium,72-95
A0A8C5SVM7_IPR016054_1_24-112,mixture,mixture,family:Elapidae,72-95
A0A8C6X363_IPR045860_1_20-104,mixture,mixture,family:Elapidae,72-95
A0A8C7X5E1_IPR045860_1_14-92,Ly6,monomer,class:Actinopteri,72-95
A0A8C8RH29_IPR045860_1_10-99,Ly6,multimer,genus:Pelusios,72-95
A0A8C8UI18_IPR016054_1_18-96,Ly6,monomer,genus:Peromyscus,72-95
A0A8D0BBY0_IPR016054_1_26-107,none,monomer,genus:Salvator,72-95
A0A8D0HB20_IPR045860_1_17-107,Ly6,multimer,genus:Sphenodon,72-95
A0A8J1LDN4_IPR045860_1_17-100,Ly6,multimer,genus:Xenopus,72-95
A0A8J6AMZ0_IPR016054_1_6-85,Ly6,monomer,genus:Galemys,72-95
A0A8J6EK76_IPR045860_2_18-109,Ly6,multimer,genus:Eleutherodactylus,72-95
A0A8J6JSG5_IPR045860_2_114-195,Ly6,multimer,genus:Eleutherodactylus,72-95
A0A8M9PKG4_IPR016054_1_18-93,Ly6,multimer,genus:Danio,72-95
A0A8P4KGL7_IPR016054_2_18-109,Ly6,multimer,genus:Dicentrarchus,72-95
A0A913WUU6_IPR045860_2_4-92,Ly6,multimer,genus:Exaiptasia,72-95
A0A974CI20_IPR045860_2_137-226,Ly6,multimer,genus:Xenopus,72-95
A0A9D3NJX0_IPR016054_1_21-102,Ly6,monomer,genus:Hemibagrus,72-95
A0A9D3XGJ7_IPR045860_2_118-207,Ly6,multimer,genus:Mauremys,72-95
A0A9F3QVY1_IPR016054_1_39-103,Ly6,multimer,genus:Python,50-72
A0A9F7TQT2_IPR045860_1_53-139,Ly6,monomer,order:Siluriformes,72-95
A0A9L0SGQ4_IPR016054_1_20-98,Ly6,monomer,genus:Equus,72-95
A0A9N7UYS3_IPR045860_2_29-120,Ly6,mixture,class:Actinopteri,72-95
A0A9Q1AQP0_IPR045860_1_17-105,Ly6,mixture,family:Agamidae,72-95
A0A9Q1ER52_IPR045860_2_19-101,Ly6,multimer,genus:Synaphobranchus,72-95
A0A9X0A5A5_IPR045860_2_122-195,Ly6,mixture,genus:Desmophyllum,72-95
A0AA39ISA5_IPR045860_1_116-196,Ly6,multimer,genus:Steinernema,72-95
A0AA88TVX3_IPR016054_1_6-83,Ly6,monomer,family:Cyprinidae,72-95
A0AA97KG16_IPR016054_1_20-109,Ly6,multimer,genus:Eublepharis,72-95
A0AA97LH48_IPR016054_3_206-302,Ly6,multimer,genus:Eublepharis,95-117
A0AAD1T9R7_IPR016054_2_116-192,Ly6,mixture,genus:Pelobates,72-95
A0AAD1WQC3_IPR045860_2_283-370,Ly6,multimer,genus:Pelobates,72-95
A0AAD5A284_IPR045860_1_9-96,Ly6,monomer,genus:Silurus,72-95
A0AAD7WBZ4_IPR045860_1_20-104,Ly6,monomer,class:Actinopteri,72-95
A0AAN9GZK7_IPR045860_1_21-110,mostly_Ly6,monomer,class:Actinopteri,72-95
A0AAV2JN30_IPR016054_2_24-120,Ly6,multimer,genus:Knipowitschia,95-117
A0AAV2ZKP5_IPR045860_1_173-254,Ly6,multimer,genus:Pyxicephalus,72-95
A0AAV3AF57_IPR045860_1_19-103,Ly6,monomer,genus:Pyxicephalus,72-95
A0AAV6ZED6_IPR016054_1_98-178,Ly6,multimer,genus:Engystomops,72-95
A0AAV6ZM21_IPR045860_1_50-132,Ly6,monomer,genus:Engystomops,72-95
A0AAV7AK08_IPR045860_1_153-232,mixture,multimer,genus:Engystomops,72-95
A0AAV7PXS0_IPR045860_2_19-106,Ly6,multimer,genus:Pleurodeles,72-95
A0AAV7Q409_IPR045860_2_1-67,Ly6,multimer,genus:Pleurodeles,50-72
A0AAW1V7Z3_IPR016054_1_21-103,Ly6,multimer,genus:Henosepilachna,72-95
A0AAY4BPV3_IPR045860_1_19-107,Ly6,monomer,genus:Denticeps,72-95
A0AB32TE35_IPR016054_2_115-192,Ly6,multimer,genus:Danio,72-95
G5C3K7_IPR016054_1_123-180,Ly6,multimer,genus:Heterocephalus,50-72
L9KKY8_IPR051445_1_1-125,Ly6,monomer,genus:Tupaia,117-140
P58019_IPR016054_1_24-104,none,monomer,order:Rodentia,72-95
A0A5F9DTH2_IPR026524_1_26-97,none,monomer,genus:Oryctolagus,50-72
A0A8D0XLD5_IPR026524_1_11-270,none,monomer,genus:Sus,252-275
A0A1A8AM19_IPR039457_1_5-116,Ly6,monomer,genus:Nothobranchius,117-140
A0A9J7LTL7_IPR039457_1_12-168,Ly6,monomer,genus:Branchiostoma,140-162
A0A016SY42_IPR031424_1_20-81,none,monomer,order:Rhabditida,50-72
A0A067R4V8_IPR031424_1_23-136,none,monomer,genus:Zootermopsis,95-117
A0A0C2FAC2_IPR031424_1_44-142,mixture,monomer,order:Rhabditida,95-117
A0A0M4EJV3_IPR031424_1_27-142,none,monomer,genus:Drosophila,95-117
A0A139WNK0_IPR031424_1_20-148,none,monomer,order:Coleoptera,117-140
A0A177B9E7_IPR031424_1_120-206,none,monomer,genus:Intoshia,72-95
A0A1B0GAJ1_IPR031424_1_26-143,none,monomer,order:Diptera,95-117
A0A1B6FQ22_IPR031424_1_38-151,none,monomer,genus:Cuerna,95-117
A0A1D1UTA8_IPR045860_1_61-149,Ly6,monomer,genus:Ramazzottius,72-95
A0A1D2MZS2_IPR031424_1_24-130,none,monomer,genus:Orchesella,95-117
A0A1J1ILI9_IPR045860_1_24-122,none,monomer,family:Chironomidae,95-117
A0A1S3HG95_IPR031424_1_141-225,none,monomer,genus:Lingula,72-95
A0A1S3JWW2_IPR031424_1_21-110,none,monomer,genus:Lingula,72-95
A0A1S8WRH0_IPR045860_1_25-89,Quiver,monomer,genus:Opisthorchis,50-72
A0A1W0WUM8_IPR031424_1_25-101,none,monomer,genus:Hypsibius,72-95
A0A1Y0F462_IPR045860_1_24-123,mixture,monomer,family:Acrididae,95-117
A0A1Y1MZS1_IPR031424_1_21-119,none,monomer,genus:Photinus,95-117
A0A210R6C2_IPR045860_1_39-137,none,monomer,genus:Mizuhopecten,95-117
A0A226EFD7_IPR031424_1_70-157,mixture,monomer,class:Collembola,72-95
A0A2A2KPB8_IPR031424_1_31-143,none,monomer,genus:Diploscapter,95-117
A0A2L2YKW2_IPR045860_1_2-96,none,monomer,order:Araneae,72-95
A0A2T7PQC0_IPR031424_1_12-89,Quiver,monomer,genus:Pomacea,72-95
A0A3M7QKR0_IPR045860_1_19-98,Scoloptoxin,monomer,genus:Brachionus,72-95
A0A433TIB5_IPR031424_1_33-117,Quiver,monomer,genus:Elysia,72-95
A0A482WX48_IPR031424_1_30-130,none,monomer,genus:Laodelphax,95-117
A0A4C1TWY9_IPR031424_1_16-112,none,monomer,genus:Eumeta,95-117
A0A553NQV8_IPR031424_1_27-127,none,monomer,genus:Tigriopus,95-117
A0A5B7FUR1_IPR031424_1_20-92,none,monomer,phylum:Arthropoda,72-95
A0A5N4AZI0_IPR031424_1_22-133,none,monomer,genus:Photinus,95-117
A0A653D5Q7_IPR031424_1_23-108,none,monomer,genus:Callosobruchus,72-95
A0A6A4VM60_IPR031424_1_10-107,none,monomer,genus:Amphibalanus,95-117
A0A6G1S6T5_IPR031424_1_47-146,none,monomer,genus:Aceria,95-117
A0A6J0BWA7_IPR031424_1_21-150,none,monomer,genus:Neodiprion,117-140
A0A6J2XPK6_IPR031424_1_22-140,none,monomer,genus:Sitophilus,117-140
A0A6P7GWJ9_IPR045860_1_23-113,none,monomer,genus:Diabrotica,72-95
A0A7J7JE89_IPR031424_1_23-114,none,monomer,genus:Bugula,72-95
A0A7M7GBH6_IPR031424_1_27-129,none,monomer,genus:Nasonia,95-117
A0A7R8W2W3_IPR031424_1_108-193,Quiver,monomer,genus:Cyprideis,72-95
A0A7R9BM73_IPR031424_1_602-713,none,monomer,genus:Notodromas,95-117
A0A817GDP8_IPR045860_1_21-105,mixture,monomer,genus:Rotaria,72-95
A0A818XYM2_IPR031424_1_22-105,mixture,monomer,genus:Adineta,72-95
A0A834MM57_IPR031424_1_24-136,none,monomer,family:Curculionidae,95-117
A0A834XK59_IPR031424_1_27-137,Quiver,monomer,genus:Aphidius,95-117
A0A8B7NTE6_IPR045860_1_22-114,none,monomer,genus:Hyalella,72-95
A0A8B8CNA6_IPR045860_1_21-117,none,monomer,family:Ostreidae,95-117
A0A8I6RAI2_IPR031424_1_22-120,none,monomer,genus:Cimex,95-117
A0A8J1Y7G1_IPR031424_1_35-141,none,monomer,genus:Owenia,95-117
A0A8J5D3C6_IPR031424_1_21-113,none,monomer,order:Decapoda,72-95
A0A8K0G1M9_IPR031424_1_25-139,mixture,monomer,order:Coleoptera,95-117
A0A8R1W6V1_IPR031424_1_25-128,Quiver,monomer,genus:Acyrthosiphon,95-117
A0A8S1BZ49_IPR045860_1_27-122,none,monomer,genus:Cloeon,95-117
A0A8S1HLU7_IPR031424_1_31-126,none,monomer,genus:Caenorhabditis,95-117
A0A914AYM3_IPR045860_1_18-110,none,monomer,genus:Patiria,72-95
A0A914UR52_IPR031424_1_65-198,none,monomer,genus:Plectus,117-140
A0A9D4FEQ2_IPR031424_1_21-101,Quiver,monomer,genus:Dreissena,72-95
A0A9J6CLS8_IPR031424_1_20-115,none,monomer,genus:Polypedilum,95-117
A0A9N9MI29_IPR031424_1_26-144,none,monomer,family:Curculionidae,117-140
A0A9N9S7I2_IPR031424_1_27-125,none,monomer,family:Chironomidae,95-117
A0A9P0MLH1_IPR031424_1_22-119,none,monomer,genus:Nezara,95-117
A0A9W2YPS7_IPR031424_1_23-136,Quiver,monomer,genus:Biomphalaria,95-117
A0AA36C4Y9_IPR031424_1_35-100,none,monomer,genus:Mesorhabditis,50-72
A0AAD4NKF1_IPR031424_1_35-147,none,monomer,genus:Ditylenchus,95-117
A0AAD7YF75_IPR031424_1_22-120,none,monomer,genus:Mythimna,95-117
A0AAD9NZ40_IPR031424_1_12-98,Quiver,monomer,genus:Ridgeia,72-95
A0AAN7V4N1_IPR031424_1_24-117,none,monomer,family:Lampyridae,72-95
A0AAV1Z7Z5_IPR031424_1_24-112,none,monomer,order:Araneae,72-95
A0AAV8VMD3_IPR045860_1_17-108,none,monomer,genus:Exocentrus,72-95
A0ABD2K536_IPR031424_1_45-122,none,monomer,family:Heteroderidae,72-95
D3PFK7_IPR031424_1_42-126,Quiver,monomer,genus:Lepeophtheirus,72-95
R7UQC9_IPR031424_1_25-137,Quiver,monomer,genus:Capitella,95-117
T1FTA0_IPR031424_1_23-103,none,monomer,genus:Helobdella,72-95
T1JCJ9_IPR031424_1_125-212,Quiver,monomer,genus:Strigamia,72-95
V9TJG9_IPR031424_1_336-414,none,monomer,genus:Calanus,72-95
A0A061HW29_IPR045860_1_480-532,none,monomer,genus:Cricetulus,50-72
A0A077Z526_IPR045860_1_2-75,none,monomer,genus:Trichuris,72-95
A0A0B1TH82_IPR045860_1_2-89,none,monomer,genus:Oesophagostomum,72-95
A0A0C2GZC8_IPR045860_1_18-102,none,monomer,order:Rhabditida,72-95
A0A0M3K4U5_IPR045860_1_207-283,none,monomer,genus:Anisakis,72-95
A0A0N4UIT5_IPR045860_1_15-98,none,monomer,genus:Dracunculus,72-95
A0A0N5A5B1_IPR045860_1_48-143,none,monomer,genus:Parastrongyloides,95-117
A0A0R3SDZ9_IPR045860_1_6-88,none,monomer,genus:Hymenolepis,72-95
A0A131Z089_IPR045860_1_4-88,none,monomer,family:Ixodidae,72-95
A0A147BES5_IPR045860_1_32-135,none,monomer,family:Ixodidae,95-117
A0A151P6V6_IPR045860_1_31-97,Ly6,monomer,genus:Alligator,50-72
A0A183BLP4_IPR045860_1_9-107,none,monomer,genus:Globodera,95-117
A0A183SRZ2_IPR045860_1_5-67,none,monomer,genus:Schistocephalus,50-72
A0A1A8ELH2_IPR045860_1_69-166,none,monomer,genus:Nothobranchius,95-117
A0A1B6I265_IPR045860_1_29-133,none,monomer,genus:Homalodisca,95-117
A0A1D2M2K8_IPR045860_1_27-112,none,monomer,genus:Orchesella,72-95
A0A1I7SCX0_IPR045860_1_17-89,none,monomer,genus:Bursaphelenchus,72-95
A0A1I7X890_IPR045860_1_1-50,none,monomer,genus:Heterorhabditis,50-72
A0A1I8AU51_IPR045860_1_85-163,Ly6,monomer,genus:Steinernema,72-95
A0A1I8I212_IPR045860_1_21-100,Ly6,monomer,genus:Macrostomum,72-95
A0A1I8QDS7_IPR045860_1_30-129,none,monomer,family:Muscidae,95-117
A0A1W5BE54_IPR045860_1_9-81,none,monomer,genus:Ciona,72-95
A0A210QCU3_IPR045860_1_19-110,none,monomer,genus:Mizuhopecten,72-95
A0A226EYR9_IPR045860_1_31-138,none,monomer,genus:Folsomia,95-117
A0A2A6BVH5_IPR045860_1_16-105,none,monomer,genus:Pristionchus,72-95
A0A2B4S008_IPR045860_1_147-229,none,monomer,genus:Stylophora,72-95
A0A2D4LDH6_IPR045860_1_120-204,none,monomer,genus:Micrurus,72-95
A0A2G9U335_IPR045860_1_55-176,none,monomer,order:Rhabditida,95-117
A0A2M4BC73_IPR045860_1_82-182,none,monomer,genus:Anopheles,95-117
A0A2T7PVV5_IPR045860_1_110-215,none,monomer,genus:Pomacea,95-117
A0A336K3D1_IPR045860_1_462-559,none,monomer,genus:Culicoides,95-117
A0A3B3BZY6_IPR045860_1_18-102,none,monomer,genus:Oryzias,72-95
A0A3B3H6M6_IPR045860_1_13-83,Ly6,monomer,genus:Oryzias,72-95
A0A3M7RTH7_IPR045860_1_22-101,Ly6,monomer,genus:Brachionus,72-95
A0A3P7DWI0_IPR045860_1_8-58,none,monomer,genus:Wuchereria,50-72
A0A3Q1HDQ6_IPR045860_1_29-130,Ly6,monomer,genus:Anabas,95-117
A0A3Q1JBW4_IPR045860_1_18-87,mixture,monomer,order:Anabantiformes,50-72
A0A3R7QCZ1_IPR045860_1_83-188,none,monomer,genus:Penaeus,95-117
A0A3S3QBB3_IPR045860_1_28-128,none,monomer,genus:Dinothrombium,95-117
A0A437CAQ6_IPR045860_1_36-110,Ly6,monomer,genus:Oryzias,72-95
A0A4U5MVD7_IPR045860_1_36-91,none,monomer,genus:Steinernema,50-72
A0A4W3HW18_IPR045860_1_25-124,none,monomer,class:Chondrichthyes,95-117
A0A513ZV95_IPR045860_2_114-192,SPF,multimer,genus:Boana,72-95
A0A5A9P5X1_IPR045860_2_172-244,none,multimer,genus:Triplophysa,72-95
A0A5C6NR20_IPR045860_2_17-105,Ly6,multimer,genus:Takifugu,72-95
A0A665TLL2_IPR045860_1_52-147,none,monomer,genus:Echeneis,95-117
A0A667W8S7_IPR045860_1_58-139,Ly6,multimer,genus:Myripristis,72-95
A0A671UEV1_IPR045860_1_19-80,none,monomer,genus:Sparus,50-72
A0A671XL66_IPR045860_1_14-127,none,monomer,class:Actinopteri,95-117
A0A672SM94_IPR045860_1_1-59,none,mixture,phylum:Chordata,50-72
A0A672Z7F9_IPR045860_1_6-85,none,monomer,genus:Sphaeramia,72-95
A0A6A4T8Y7_IPR045860_1_55-139,mixture,mixture,genus:Scophthalmus,72-95
A0A6G1QXP5_IPR045860_1_105-179,none,multimer,genus:Channa,72-95
A0A6J0CD67_IPR045860_1_30-109,none,monomer,genus:Neodiprion,72-95
A0A6J2QBW0_IPR045860_1_10-75,mixture,monomer,genus:Cottoperca,50-72
A0A6M3TXK3_IPR045860_1_40-145,none,monomer,genus:Eriocheir,95-117
A0A6P7SK67_IPR045860_1_28-128,none,monomer,genus:Octopus,95-117
A0A6P7YWL2_IPR045860_1_114-193,Ly6,multimer,genus:Microcaecilia,72-95
A0A6P8H0I0_IPR045860_1_239-313,none,monomer,genus:Actinia,72-95
A0A6P8IDK8_IPR045860_1_33-127,none,monomer,genus:Actinia,72-95
A0A6V7VRR2_IPR045860_1_17-103,none,monomer,genus:Meloidogyne,72-95
A0A7E4VD84_IPR045860_1_5-70,Ly6,monomer,genus:Panagrellus,50-72
A0A7M5UXQ3_IPR045860_1_16-117,none,monomer,genus:Clytia,95-117
A0A7M7L645_IPR045860_1_48-131,none,monomer,order:Hymenoptera,72-95
A0A7N4P1Y8_IPR045860_1_19-98,Ly6,monomer,genus:Sarcophilus,72-95
A0A7R8CVB8_IPR045860_1_20-104,Quiver,monomer,genus:Lepeophtheirus,72-95
A0A7R9AG40_IPR045860_1_23-109,SPF,monomer,genus:Darwinula,72-95
A0A7R9J0C7_IPR045860_1_83-149,none,multimer,genus:Timema,50-72
A0A7S1MTA1_IPR045860_2_112-176,none,multimer,genus:Alexandrium,50-72
A0A803TWS1_IPR045860_1_56-130,none,monomer,genus:Anolis,72-95
A0A813WVD2_IPR045860_1_66-122,none,monomer,genus:Brachionus,50-72
A0A814NBB1_IPR045860_1_21-91,none,monomer,class:Eurotatoria,50-72
A0A815X918_IPR045860_1_25-93,none,monomer,genus:Adineta,50-72
A0A816K7H6_IPR045860_1_28-98,none,monomer,genus:Rotaria,72-95
A0A820R3R0_IPR045860_1_21-89,none,monomer,genus:Adineta,50-72
A0A834HXI4_IPR045860_1_22-123,none,monomer,genus:Rhynchophorus,95-117
A0A8B6DC22_IPR045860_1_26-104,none,monomer,genus:Mytilus,72-95
A0A8B6GKI1_IPR045860_1_15-98,mixture,monomer,genus:Mytilus,72-95
A0A8B7Z376_IPR045860_1_89-162,none,monomer,genus:Acanthaster,72-95
A0A8B8BIT9_IPR045860_2_123-197,none,multimer,genus:Crassostrea,72-95
A0A8B8PLF7_IPR045860_1_13-138,none,monomer,genus:Rhodamnia,117-140
A0A8C0VM36_IPR045860_1_26-115,none,monomer,genus:Cyanistes,72-95
A0A8C5QWN2_IPR045860_1_113-198,Ly6,multimer,genus:Leptobrachium,72-95
A0A8C7L9L4_IPR045860_1_44-124,none,monomer,phylum:Chordata,72-95
A0A8D2ZLX0_IPR045860_1_33-92,none,monomer,genus:Scophthalmus,50-72
A0A8D3D6Z2_IPR045860_1_10-71,Ly6,monomer,genus:Scophthalmus,50-72
A0A8D8DP42_IPR045860_1_230-301,none,monomer,genus:Culex,72-95
A0A8D8XUY3_IPR045860_1_35-131,none,monomer,genus:Cacopsylla,95-117
A0A8J1LAM8_IPR045860_1_169-254,Ly6,multimer,genus:Xenopus,72-95
A0A8J1XJ68_IPR045860_1_269-352,none,monomer,genus:Owenia,72-95
A0A8J2RNL0_IPR045860_1_13-65,Quiver,monomer,genus:Daphnia,50-72
A0A8J6EKU3_IPR045860_1_14-95,Ly6,monomer,genus:Eleutherodactylus,72-95
A0A8J6JTC0_IPR045860_2_67-151,SPF,multimer,genus:Eleutherodactylus,72-95
A0A8R1E0E9_IPR045860_1_1-68,none,monomer,genus:Caenorhabditis,50-72
A0A8S1EK91_IPR045860_1_62-153,none,monomer,genus:Caenorhabditis,72-95
A0A8S2GH58_IPR045860_1_48-140,none,monomer,genus:Didymodactylos,72-95
A0A8S3RAG3_IPR045860_1_14-86,none,monomer,genus:Mytilus,72-95
A0A8S3YVE2_IPR045860_1_22-107,SPF,monomer,genus:Candidula,72-95
A0A8S4FS79_IPR045860_1_5-106,none,monomer,genus:Plutella,95-117
A0A8T0DH64_IPR045860_1_1-84,none,monomer,genus:Paragonimus,72-95
A0A8T2M011_IPR045860_2_117-186,Ly6,multimer,genus:Astyanax,50-72
A0A8T3CJ33_IPR045860_1_16-100,none,monomer,genus:Albula,72-95
A0A8W8JFX8_IPR045860_1_58-132,none,mixture,genus:Magallana,72-95
A0A8W8MZT1_IPR045860_1_5-79,none,monomer,genus:Magallana,72-95
A0A913XLB4_IPR045860_1_20-113,none,monomer,genus:Exaiptasia,72-95
A0A914D1H5_IPR045860_1_11-87,none,monomer,genus:Acrobeloides,72-95
A0A914K2Y8_IPR045860_1_227-293,none,monomer,genus:Panagrolaimus,50-72
A0A914PXY9_IPR045860_1_37-117,mixture,monomer,genus:Panagrolaimus,72-95
A0A914U9X4_IPR045860_1_46-132,none,monomer,genus:Panagrolaimus,72-95
A0A914X7E3_IPR045860_1_63-167,none,monomer,genus:Plectus,95-117
A0A915CN24_IPR045860_1_27-110,mixture,monomer,genus:Ditylenchus,72-95
A0A974CIZ1_IPR045860_1_111-196,Ly6,multimer,genus:Xenopus,72-95
A0A974HDP3_IPR045860_2_271-386,none,multimer,genus:Xenopus,95-117
A0A9D2YK99_IPR045860_1_17-98,none,monomer,genus:Nothobranchius,72-95
A0A9D3MYB2_IPR045860_1_117-202,Ly6,monomer,genus:Anguilla,72-95
A0A9D3YMS4_IPR045860_1_45-125,none,monomer,genus:Dreissena,72-95
A0A9D4EPI0_IPR045860_1_18-91,none,monomer,genus:Dreissena,72-95
A0A9D4M313_IPR045860_1_44-151,none,monomer,genus:Dreissena,95-117
A0A9J6C710_IPR045860_1_59-176,none,monomer,family:Chironomidae,95-117
A0A9J7L2N5_IPR045860_1_368-452,none,monomer,genus:Branchiostoma,72-95
A0A9J7ZI52_IPR045860_1_135-190,Ly6,monomer,genus:Cyprinus,50-72
A0A9N9X097_IPR045860_1_28-117,none,monomer,genus:Phaedon,72-95
A0A9P0D3W0_IPR045860_1_36-132,none,monomer,genus:Psylliodes,95-117
A0A9P1J4X6_IPR045860_1_16-98,none,monomer,genus:Caenorhabditis,72-95
A0A9Q1H7U9_IPR045860_1_32-133,none,monomer,genus:Holothuria,95-117
A0A9X0A3X3_IPR045860_1_15-118,none,monomer,genus:Desmophyllum,95-117
A0A9X0CLR3_IPR045860_1_114-179,none,monomer,genus:Desmophyllum,50-72
A0AA35KMU6_IPR045860_1_17-75,Ly6,monomer,genus:Podarcis,50-72
A0AA35NYU6_IPR045860_1_32-129,none,monomer,order:Squamata,95-117
A0AA35U124_IPR045860_1_181-287,none,multimer,genus:Geodia,95-117
A0AA36CJ11_IPR045860_1_61-114,none,monomer,genus:Mesorhabditis,50-72
A0AA36GU25_IPR045860_1_12-92,none,monomer,genus:Cylicocyclus,72-95
A0AA39GUT3_IPR045860_1_34-120,none,monomer,genus:Steinernema,72-95
A0AA85JW23_IPR045860_1_28-92,Ly6,monomer,genus:Trichobilharzia,50-72
A0AA88NJ62_IPR045860_1_44-117,none,monomer,genus:Channa,72-95
A0AA88Y5Q9_IPR045860_1_20-108,none,monomer,genus:Pinctada,72-95
A0AAD4N5C3_IPR045860_1_59-152,none,monomer,genus:Ditylenchus,72-95
A0AAD7WS29_IPR045860_1_23-100,none,monomer,class:Actinopteri,72-95
A0AAD8ZSQ3_IPR045860_1_17-91,Ly6,monomer,genus:Electrophorus,72-95
A0AAD9NB98_IPR045860_1_20-112,none,monomer,genus:Paralvinella,72-95
A0AAE0VHG3_IPR045860_1_115-187,none,monomer,genus:Potamilus,72-95
A0AAF3FA92_IPR045860_1_108-186,none,multimer,genus:Mesorhabditis,72-95
A0AAJ7L372_IPR045860_1_147-236,none,monomer,genus:Galendromus,72-95
A0AAJ7SE33_IPR045860_1_30-106,none,mixture,order:Hymenoptera,72-95
A0AAN0JUE2_IPR045860_1_25-123,none,monomer,genus:Amphimedon,95-117
A0AAN5CXB3_IPR045860_1_18-100,Ly6,monomer,genus:Pristionchus,72-95
A0AAN7P2D6_IPR045860_1_187-237,SPF,monomer,genus:Aquatica,50-72
A0AAN9H0V2_IPR045860_1_6-60,Ly6,monomer,genus:Phoxinus,50-72
A0AAR2KBA1_IPR045860_1_8-85,none,monomer,genus:Pygocentrus,72-95
A0AAU7YDK7_IPR045860_1_30-104,none,monomer,genus:Nidirana,72-95
A0AAU9V1I9_IPR045860_1_34-112,none,monomer,family:Nymphalidae,72-95
A0AAV1J2F6_IPR045860_1_58-160,none,monomer,family:Pieridae,95-117
A0AAV2JSK8_IPR045860_1_35-110,none,monomer,genus:Knipowitschia,72-95
A0AAV2TVQ0_IPR045860_1_23-101,none,monomer,genus:Calicophoron,72-95
A0AAV5URP2_IPR045860_1_17-105,none,monomer,genus:Pristionchus,72-95
A0AAV6Z3E3_IPR045860_2_19-102,Ly6,multimer,genus:Engystomops,72-95
A0AAV6ZQD0_IPR045860_1_23-104,SPF,monomer,genus:Engystomops,72-95
A0AAV7Q5B8_IPR045860_1_20-109,Ly6,monomer,genus:Pleurodeles,72-95
A0AAW0N9Q7_IPR045860_1_21-118,SPF,multimer,genus:Mugilogobius,95-117
A0AAW0SKK5_IPR045860_1_29-127,none,monomer,genus:Scylla,95-117
A0AAW1TNY0_IPR045860_1_27-126,none,monomer,family:Coccinellidae,95-117
A0AAW1UVU2_IPR045860_1_22-105,none,monomer,genus:Henosepilachna,72-95
A0AAW2HGU8_IPR045860_1_41-111,none,monomer,genus:Menopon,50-72
A0ABD0M6M5_IPR045860_1_157-249,none,monomer,genus:Batillaria,72-95
A0ABD0W113_IPR045860_1_19-103,none,monomer,genus:Umbra,72-95
A0ABD1JUZ2_IPR045860_1_34-121,mixture,monomer,order:Clupeiformes,72-95
A0ABD2NEE1_IPR045860_1_16-108,none,monomer,genus:Cryptolaemus,72-95
A0ABD3V2U1_IPR045860_2_175-264,none,multimer,family:Unionidae,72-95
A0ABD6EPK4_IPR045860_1_51-153,none,monomer,genus:Gnathostoma,95-117
A7SQI9_IPR045860_1_20-101,none,monomer,genus:Nematostella,72-95
A8WU41_IPR045860_1_47-104,mixture,monomer,genus:Caenorhabditis,50-72
B5B3S3_IPR045860_1_27-128,none,monomer,genus:Saccoglossus,95-117
D2V2Z0_IPR045860_1_19-99,none,monomer,genus:Naegleria,72-95
E9HPX6_IPR045860_1_225-330,none,monomer,genus:Daphnia,95-117
G0MPI1_IPR045860_1_87-198,none,monomer,genus:Caenorhabditis,95-117
G3PKW5_IPR045860_1_31-135,none,monomer,genus:Gasterosteus,95-117
H2YRT2_IPR045860_1_20-111,Ly6,monomer,genus:Ciona,72-95
H3B5H3_IPR045860_1_31-133,none,monomer,genus:Latimeria,95-117
K1PWZ5_IPR045860_1_45-143,none,monomer,class:Bivalvia,95-117
L7MDV5_IPR045860_1_79-181,none,monomer,genus:Rhipicephalus,95-117
M3ZHG6_IPR045860_1_62-159,none,monomer,class:Actinopteri,95-117
Q0GAG8_IPR045860_1_20-83,none,monomer,genus:Plethodon,50-72
Q4SYH7_IPR045860_1_10-75,Ly6,monomer,genus:Tetraodon,50-72
Q99473_IPR045860_1_12-70,none,monomer,genus:Homo,50-72
R7UD99_IPR045860_1_328-386,none,multimer,genus:Capitella,50-72
T1J664_IPR045860_1_27-122,none,monomer,genus:Strigamia,95-117
V9KBD4_IPR045860_1_69-153,none,monomer,genus:Callorhinchus,72-95
W8PWR8_IPR045860_1_20-86,mixture,monomer,genus:Plethodon,50-72
Centipede3FTx_0031_61981,manually_annotated,monomer,class:Chilopoda,162-185
Centipede3FTx_0095_984703,manually_annotated,monomer,class:Chilopoda,117-140
Centipede3FTx_0127_984703,manually_annotated,monomer,class:Chilopoda,95-117
A0A1U7U703_IPR042339_1_1-128,Ly6,monomer,genus:Carlito,117-140
A0A815C0A8_IPR045860_1_77-155,none,monomer,genus:Adineta,72-95
A0A898IN50_IPR045860_1_12-75,3FTx,monomer,genus:Calliophis,50-72
A0AAJ7T9K6_IPR045860_1_89-151,none,multimer,genus:Petromyzon,50-72
Q8UUK0_IPR045860_1_14-82,none,monomer,genus:Naja,50-72
A0A6J2LJE0_IPR039237_1_1-121,none,monomer,genus:Phyllostomus,117-140
A0AAW1BUX8_IPR039237_1_1-111,Ly6,monomer,order:Squamata,95-117
A0A1B0B9Q4_IPR045860_1_45-137,none,monomer,genus:Glossina,72-95
A0A2T7P9N7_IPR016054_2_2145-2238,none,multimer,genus:Pomacea,72-95
A0A3Q0R182_IPR016054_2_19-108,Ly6,multimer,genus:Amphilophus,72-95
A0A3Q2DGA3_IPR045860_1_119-196,Ly6,multimer,genus:Cyprinodon,72-95
A0A553R9Y3_IPR045860_1_12-79,none,monomer,genus:Danionella,50-72
A0A5N5LWL9_IPR045860_1_50-135,none,monomer,genus:Pangasianodon,72-95
A0A673AFY2_IPR045860_1_7-81,none,monomer,genus:Sphaeramia,72-95
A0A6I8R478_IPR016054_1_13-96,Ly6,monomer,genus:Xenopus,72-95
A0A6J0ABA1_IPR045860_1_24-93,none,monomer,genus:Acinonyx,50-72
A0A6P5L4X8_IPR016054_1_20-110,Ly6,monomer,genus:Phascolarctos,72-95
A0A6P6JYR2_IPR016054_2_108-182,Ly6,multimer,genus:Carassius,72-95
A0A6P7K2Z5_IPR045860_1_40-115,none,monomer,genus:Parambassis,72-95
A0A6P8PZB5_IPR045860_1_14-95,Ly6,monomer,genus:Geotrypetes,72-95
A0A7K9GM32_IPR016054_1_2-87,mostly_Ly6,monomer,order:Passeriformes,72-95
A0A813UYC3_IPR045860_1_22-93,none,monomer,genus:Brachionus,50-72
A0A814MY11_IPR045860_1_21-89,none,monomer,genus:Brachionus,50-72
A0A8B7B2C6_IPR016054_1_322-409,Ly6,monomer,genus:Orycteropus,72-95
A0A8C8RFX3_IPR045860_1_12-96,mixture,monomer,order:Testudines,72-95
A0A8J6JR11_IPR016054_1_21-108,Ly6,monomer,genus:Eleutherodactylus,72-95
A0A8M1H649_IPR016054_1_19-111,Ly6,monomer,genus:Betta,72-95
A0A8T1MYG7_IPR045860_1_28-102,none,monomer,genus:Clonorchis,72-95
A0A8T2MVE3_IPR016054_1_26-104,Ly6,mixture,class:Actinopteri,72-95
A0A8X8BYS0_IPR016054_2_66-157,Ly6,multimer,family:Polypteridae,72-95
A0A9W7TVS0_IPR045860_1_12-75,none,monomer,genus:Triplophysa,50-72
A0AA88P3M5_IPR045860_2_11-97,Ly6,multimer,genus:Cirrhinus,72-95
A0AAD9JQH5_IPR045860_1_39-111,none,multimer,genus:Paralvinella,72-95
A0AAN9CMB7_IPR016054_1_20-104,Ly6,multimer,genus:Phoxinus,72-95
A0AAQ5YNS0_IPR045860_1_18-88,none,monomer,family:Pomacentridae,50-72
A0AAV2TWP9_IPR045860_1_16-81,none,monomer,genus:Calicophoron,50-72
A0AAV6FZZ2_IPR016054_1_77-158,Ly6,multimer,genus:Alosa,72-95
A0AAV7B9T2_IPR045860_1_27-112,none,monomer,genus:Engystomops,72-95
A0AAW1Z407_IPR016054_1_18-106,Ly6,multimer,genus:Culter,72-95
K1RHA1_IPR045860_1_50-134,none,mixture,family:Ostreidae,72-95
R7VNC8_IPR016054_1_4-89,Ly6,monomer,family:Columbidae,72-95
A0A0U1RNF3_IPR045860_1_23-73,Ly6,monomer,genus:Mus,50-72
A0A151M3Y2_IPR045860_6_748-826,Ly6,multimer,genus:Alligator,72-95
A0A151NCA5_IPR045860_2_15-75,mixture,mixture,genus:Alligator,50-72
A0A1S3AI44_IPR051445_1_1-137,Ly6,monomer,genus:Erinaceus,117-140
A0A1S3GJ10_IPR045860_1_120-195,mixture,mixture,class:Mammalia,72-95
A0A1U7SB93_IPR045860_3_158-207,Ly6,multimer,genus:Alligator,50-72
A0A1U8CPQ4_IPR016054_1_20-98,Ly6,monomer,genus:Mesocricetus,72-95
A0A212CED6_IPR016054_1_52-112,Ly6,monomer,genus:Cervus,50-72
A0A2I4AVK3_IPR045860_1_1-63,Ly6,multimer,genus:Austrofundulus,50-72
A0A2K6GPS0_IPR026524_1_19-132,mostly_Ly6,monomer,class:Mammalia,95-117
A0A2Y9RUW6_IPR016054_1_142-205,Ly6,monomer,genus:Trichechus,50-72
A0A3B3ZR74_IPR045860_1_18-104,Ly6,monomer,genus:Periophthalmus,72-95
A0A3Q2CFS9_IPR045860_1_8-93,Ly6,multimer,genus:Cyprinodon,72-95
A0A3Q3B0L6_IPR016054_1_112-193,Ly6,multimer,genus:Kryptolebias,72-95
A0A3Q3QKC3_IPR045860_1_18-104,Ly6,monomer,genus:Monopterus,72-95
A0A401TEX8_IPR045860_1_6-90,Ly6,monomer,genus:Chiloscyllium,72-95
A0A4D9DJB4_IPR016054_1_690-756,Ly6,multimer,genus:Platysternon,50-72
A0A4X2KNU3_IPR045860_3_130-217,Ly6,multimer,order:Diprotodontia,72-95
A0A513ZV64_IPR045860_1_18-105,Ly6,multimer,genus:Hyloscirtus,72-95
A0A553QY78_IPR045860_1_98-176,Ly6,multimer,genus:Danionella,72-95
A0A672IPM1_IPR016054_7_25-118,Ly6,multimer,genus:Salarias,95-117
A0A673UJS8_IPR051445_1_17-142,Ly6,monomer,genus:Suricata,117-140
A0A674EK26_IPR045860_1_18-104,Ly6,monomer,family:Salmonidae,72-95
A0A6A5F351_IPR016054_1_21-109,Ly6,multimer,genus:Perca,72-95
A0A6F9ACG8_IPR045860_1_1-79,Ly6,monomer,genus:Coregonus,72-95
A0A6I8PRL8_IPR016054_2_119-208,none,multimer,genus:Ornithorhynchus,72-95
A0A6J0V6L7_IPR045860_2_17-107,mixture,mixture,order:Squamata,72-95
A0A6J1V1U4_IPR016054_1_19-105,Ly6,monomer,genus:Notechis,72-95
A0A6P3QLQ8_IPR045860_2_19-95,Ly6,multimer,family:Pteropodidae,72-95
A0A6P7YTP0_IPR045860_2_114-195,Ly6,multimer,genus:Microcaecilia,72-95
A0A6P8ILA2_IPR045860_1_38-124,Ly6,monomer,genus:Actinia,72-95
A0A6P8VR33_IPR045860_1_20-106,Ly6,multimer,genus:Gymnodraco,72-95
A0A6P9DEV7_IPR045860_1_112-192,mixture,multimer,family:Colubridae,72-95
A0A6V7Y1X0_IPR045860_1_9-84,mixture,monomer,genus:Meloidogyne,72-95
A0A7J8J9L0_IPR045860_1_19-101,mixture,monomer,genus:Molossus,72-95
A0A7N6BUM0_IPR016054_1_26-109,none,monomer,genus:Anabas,72-95
A0A803KCM7_IPR016054_2_121-217,Ly6,multimer,genus:Xenopus,95-117
A0A803TZX4_IPR045860_2_17-104,Ly6,multimer,genus:Anolis,72-95
A0A834DGE8_IPR016054_1_31-109,Ly6,monomer,class:Mammalia,72-95
A0A836A292_IPR045860_7_308-373,Ly6,multimer,genus:Ovis,50-72
A0A8B8CSJ0_IPR045860_1_201-286,Ly6,multimer,genus:Crassostrea,72-95
A0A8B8VPJ5_IPR051445_1_34-169,Ly6,monomer,order:Artiodactyla,117-140
A0A8B9JS42_IPR045860_2_89-176,Ly6,multimer,class:Actinopteri,72-95
A0A8C3HP38_IPR045860_2_107-188,mixture,mixture,order:Testudines,72-95
A0A8C3WAD2_IPR045860_1_60-140,Ly6,monomer,genus:Catagonus,72-95
A0A8C5KV76_IPR016054_1_45-123,Ly6,monomer,genus:Jaculus,72-95
A0A8C5QQW8_IPR045860_3_103-180,Ly6,multimer,genus:Leptobrachium,72-95
A0A8C5QVD3_IPR045860_1_70-130,Ly6,multimer,genus:Leptobrachium,50-72
A0A8C5R8V1_IPR016054_2_27-118,Ly6,multimer,genus:Leptobrachium,72-95
A0A8C6FP66_IPR045860_2_108-159,none,multimer,order:Artiodactyla,50-72
A0A8C6HG42_IPR016054_1_25-101,Ly6,monomer,genus:Mus,72-95
A0A8C6QG59_IPR016054_1_21-96,Ly6,mixture,class:Mammalia,72-95
A0A8C6X3H0_IPR045860_1_20-109,Ly6,multimer,family:Elapidae,72-95
A0A8C8RH29_IPR045860_2_107-167,Ly6,multimer,genus:Pelusios,50-72
A0A8D0BDA0_IPR045860_1_17-103,Ly6,multimer,genus:Salvator,72-95
A0A8D0HB20_IPR045860_2_115-203,Ly6,multimer,genus:Sphenodon,72-95
A0A8D2DD95_IPR045860_1_17-98,Ly6,monomer,genus:Sciurus,72-95
A0A8D2KNV9_IPR016054_2_38-109,Ly6,multimer,order:Rodentia,50-72
A0A8J0T5M3_IPR045860_1_104-188,Ly6,multimer,genus:Xenopus,72-95
A0A8J1LDN4_IPR045860_2_110-200,Ly6,multimer,genus:Xenopus,72-95
A0A8J6EKI3_IPR045860_1_22-104,Ly6,monomer,genus:Eleutherodactylus,72-95
A0A8M9PKG4_IPR045860_2_104-184,Ly6,multimer,genus:Danio,72-95
A0A8T0AVW3_IPR016054_2_20-103,Ly6,multimer,genus:Silurus,72-95
A0A8T1SGL4_IPR045860_2_1-71,Ly6,multimer,genus:Chelydra,50-72
A0A913WUV1_IPR016054_1_22-107,Ly6,monomer,genus:Exaiptasia,72-95
A0A9D3NM56_IPR045860_1_17-108,Ly6,monomer,genus:Hemibagrus,72-95
A0A9F3QVY1_IPR045860_2_114-184,Ly6,multimer,genus:Python,50-72
A0A9F7TR10_IPR016054_1_19-107,Ly6,multimer,order:Siluriformes,72-95
A0A9L0SQH8_IPR016054_1_156-219,Ly6,multimer,genus:Equus,50-72
A0A9Q0X6R1_IPR045860_1_19-108,Ly6,multimer,genus:Phrynocephalus,72-95
A0A9Q1AQP0_IPR045860_2_112-194,Ly6,multimer,genus:Phrynocephalus,72-95
A0A9Q1FAM7_IPR045860_1_18-105,Ly6,monomer,genus:Synaphobranchus,72-95
A0A9X0A5D2_IPR016054_1_18-111,Ly6,monomer,genus:Desmophyllum,72-95
A0AA39ISA5_IPR045860_2_23-93,Ly6,mixture,genus:Steinernema,50-72
A0AA97IX28_IPR016054_1_21-105,none,monomer,genus:Eublepharis,72-95
A0AA97KG16_IPR045860_2_116-207,Ly6,multimer,genus:Eublepharis,72-95
A0AAD1T4S0_IPR045860_3_462-545,Ly6,multimer,genus:Pelobates,72-95
A0AAD1TA03_IPR016054_1_21-103,Ly6,multimer,genus:Pelobates,72-95
A0AAD3N9F3_IPR045860_1_79-171,Ly6,monomer,genus:Lates,72-95
A0AAE9D112_IPR016054_1_856-951,Ly6,multimer,genus:Caenorhabditis,95-117
A0AAN7XVV8_IPR016054_1_36-115,Ly6,monomer,class:Actinopteri,72-95
A0AAN9H0N8_IPR045860_1_18-105,Ly6,monomer,genus:Phoxinus,72-95
A0AAQ6IPE1_IPR016054_1_19-113,Ly6,monomer,genus:Anabas,72-95
A0AAV2K0R1_IPR016054_1_19-114,Ly6,monomer,genus:Knipowitschia,95-117
A0AAV2ZKP5_IPR045860_2_1-67,Ly6,multimer,genus:Pyxicephalus,50-72
A0AAV5SY71_IPR045860_1_19-100,Ly6,monomer,genus:Pristionchus,72-95
A0AAV6YD01_IPR045860_1_2-87,Ly6,monomer,genus:Engystomops,72-95
A0AAV6ZM70_IPR045860_1_18-105,Ly6,multimer,genus:Engystomops,72-95
A0AAV7PXV0_IPR045860_1_74-159,Ly6,monomer,genus:Pleurodeles,72-95
A0AAW0N0A7_IPR045860_4_120-190,Ly6,multimer,genus:Mugilogobius,72-95
A0AAW1AXJ9_IPR045860_4_17-99,none,multimer,genus:Crotalus,72-95
A0AAW1V7Z3_IPR016054_2_110-175,Ly6,multimer,genus:Henosepilachna,50-72
A0AAX6SDS6_IPR016054_2_234-302,Ly6,multimer,class:Mammalia,50-72
A0AAY4BX49_IPR016054_1_96-184,Ly6,multimer,genus:Denticeps,72-95
A6KU94_IPR016054_1_21-73,Ly6,monomer,genus:Rattus,50-72
F5GUD6_IPR016054_1_168-255,Ly6,mixture,genus:Caenorhabditis,72-95
G1TVR0_IPR016054_1_47-139,Ly6,multimer,genus:Oryctolagus,72-95
G3VP24_IPR016054_1_50-115,Ly6,multimer,genus:Sarcophilus,50-72
G5C3K7_IPR016054_2_20-108,Ly6,multimer,genus:Heterocephalus,72-95
Q566G7_IPR045860_1_17-101,Ly6,multimer,family:Pipidae,72-95
T1DJP3_IPR016054_1_119-171,mixture,multimer,genus:Crotalus,50-72
V8P991_IPR045860_2_380-466,Ly6,multimer,order:Squamata,72-95
A0A151NCT6_IPR026524_1_31-130,none,monomer,genus:Alligator,95-117
A0AAX6T0N5_IPR026524_1_200-369,none,monomer,class:Mammalia,162-185
A0A1A8C6U9_IPR039457_1_3-156,Ly6,monomer,genus:Nothobranchius,140-162
A0A6F9AUI5_IPR039457_1_6-151,Ly6,monomer,family:Salmonidae,140-162
A0AAD3MD72_IPR039457_1_2-95,Ly6,monomer,class:Actinopteri,72-95
A0AAW1UU62_IPR039457_1_6-159,mixture,monomer,order:Coleoptera,140-162
A0ABD1J1U9_IPR039457_1_5-169,none,monomer,genus:Coilia,162-185
A0A067R6Z0_IPR031424_1_25-149,none,monomer,genus:Zootermopsis,117-140
A0A090L8B7_IPR031424_1_344-431,none,monomer,family:Strongyloididae,72-95
A0A0A9WSC6_IPR031424_1_23-124,none,monomer,family:Miridae,95-117
A0A0L0BSX1_IPR031424_1_4-100,mixture,monomer,order:Diptera,95-117
A0A0L8FV40_IPR031424_1_9-93,Quiver,monomer,genus:Octopus,72-95
A0A0R3UQT7_IPR031424_1_12-103,none,monomer,genus:Mesocestoides,72-95
A0A0X3PW25_IPR031424_1_34-122,Quiver,monomer,genus:Schistocephalus,72-95
A0A154PAR1_IPR031424_1_22-143,none,monomer,genus:Dufourea,117-140
A0A1B0GBB9_IPR031424_1_7-119,none,monomer,genus:Glossina,95-117
A0A1D1UVY4_IPR045860_1_20-118,none,monomer,genus:Ramazzottius,95-117
A0A1I8IPG4_IPR031424_1_200-249,none,monomer,genus:Macrostomum,50-72
A0A1I8P369_IPR031424_1_24-126,none,monomer,genus:Stomoxys,95-117
A0A1J1IRH0_IPR031424_1_25-139,none,monomer,genus:Clunio,95-117
A0A1S3HKQ4_IPR031424_1_23-106,none,monomer,genus:Lingula,72-95
A0A1S3JWX3_IPR031424_1_20-105,mixture,monomer,genus:Lingula,72-95
A0A1Y1N7F6_IPR045860_1_14-106,none,monomer,genus:Photinus,72-95
A0A212EI56_IPR031424_1_22-124,none,monomer,genus:Danaus,95-117
A0A226EN47_IPR045860_1_25-115,none,monomer,genus:Folsomia,72-95
A0A2A2KQR4_IPR031424_1_19-127,none,monomer,genus:Diploscapter,95-117
A0A3M7QVN7_IPR031424_1_38-135,mixture,monomer,class:Eurotatoria,95-117
A0A433U739_IPR031424_1_30-128,mixture,monomer,class:Gastropoda,95-117
A0A482WZG1_IPR031424_1_25-150,none,monomer,genus:Laodelphax,117-140
A0A4C1YD88_IPR031424_1_213-324,none,monomer,genus:Eumeta,95-117
A0A4Y7MTU3_IPR031424_1_24-96,none,monomer,genus:Daphnia,72-95
A0A553NR50_IPR031424_1_20-116,none,monomer,genus:Tigriopus,95-117
A0A653D7H6_IPR045860_1_8-97,none,monomer,genus:Callosobruchus,72-95
A0A6A4VRB7_IPR031424_1_19-123,none,monomer,genus:Amphibalanus,95-117
A0A6G1S6Z8_IPR031424_1_36-123,none,monomer,genus:Aceria,72-95
A0A6J1WJR5_IPR031424_1_23-137,none,monomer,genus:Galleria,95-117
A0A6J2XS09_IPR031424_1_23-141,none,monomer,genus:Sitophilus,117-140
A0A6P7GWK7_IPR031424_1_38-134,none,monomer,genus:Diabrotica,95-117
A0A7J7JET6_IPR031424_1_23-117,mixture,monomer,genus:Bugula,72-95
A0A7R8WBG5_IPR031424_1_21-132,none,monomer,genus:Cyprideis,95-117
A0A7R9BTR0_IPR031424_1_14-107,none,monomer,genus:Notodromas,72-95
A0A7R9PWR7_IPR031424_1_28-140,Quiver,monomer,family:Oppiidae,95-117
A0A813NWX1_IPR045860_1_25-111,none,monomer,genus:Didymodactylos,72-95
A0A816BYK0_IPR031424_1_4-60,Quiver,monomer,genus:Didymodactylos,50-72
A0A818YI34_IPR031424_1_21-103,Quiver,monomer,genus:Rotaria,72-95
A0A834XKZ4_IPR031424_1_273-364,none,monomer,order:Hymenoptera,72-95
A0A8D8SDN7_IPR031424_1_26-155,none,monomer,genus:Cacopsylla,117-140
A0A8K0G1Z5_IPR031424_1_24-115,mixture,monomer,class:Insecta,72-95
A0A8S4SLP4_IPR031424_1_82-192,none,monomer,family:Nymphalidae,95-117
A0A8T0FJ16_IPR031424_1_24-117,mixture,monomer,order:Araneae,72-95
A0A8W8I0U2_IPR031424_1_78-175,mixture,monomer,genus:Magallana,95-117
A0A914B2E7_IPR031424_1_19-110,none,monomer,genus:Patiria,72-95
A0A914VBS3_IPR031424_1_21-140,none,monomer,genus:Plectus,117-140
A0A9D4FF84_IPR031424_1_24-101,Quiver,monomer,genus:Dreissena,72-95
A0A9J6CMK6_IPR045860_1_23-105,Quiver,monomer,genus:Polypedilum,72-95
A0A9N9WH17_IPR031424_1_130-243,none,monomer,genus:Diatraea,95-117
A0A9P0BJR1_IPR031424_1_27-126,none,monomer,genus:Brassicogethes,95-117
A0A9P0TJV8_IPR031424_1_24-113,mixture,mixture,class:Insecta,95-117
A0A9Q0S9U2_IPR031424_1_23-128,none,monomer,genus:Pseudolycoriella,95-117
A0A9W2ZPJ4_IPR031424_1_25-123,none,monomer,class:Gastropoda,95-117
A0AA36CBI2_IPR031424_1_35-147,none,monomer,genus:Mesorhabditis,95-117
A0AA38HQJ2_IPR031424_1_19-111,none,monomer,genus:Zophobas,72-95
A0AAD9P2R0_IPR031424_1_8-114,Quiver,monomer,genus:Ridgeia,95-117
A0AAE0SZQ3_IPR045860_1_12-91,none,monomer,genus:Potamilus,72-95
A0AAG5D9T4_IPR045860_1_24-130,none,monomer,genus:Anopheles,95-117
A0AAU9TM31_IPR031424_1_24-123,none,monomer,genus:Euphydryas,95-117
A0ABD0JQV8_IPR031424_1_54-150,mixture,monomer,class:Gastropoda,95-117
A0ABD1FEN7_IPR031424_1_29-107,none,monomer,genus:Hypothenemus,72-95
Q18032_IPR031424_1_20-109,mixture,monomer,genus:Caenorhabditis,72-95
R7UQP6_IPR031424_1_47-123,Quiver,monomer,genus:Capitella,72-95
T1FTE7_IPR031424_1_30-114,Quiver,monomer,genus:Helobdella,72-95
V9XQQ1_IPR045860_1_20-113,none,monomer,genus:Schmidtea,72-95
X2ACF0_IPR031424_1_13-86,none,monomer,genus:Capitella,72-95
A0A023FIR5_IPR045860_1_43-141,none,monomer,order:Ixodida,95-117
A0A061HX69_IPR045860_1_480-531,none,monomer,genus:Cricetulus,50-72
A0A077Z8A9_IPR045860_1_16-98,none,monomer,genus:Trichuris,72-95
A0A094ZQS8_IPR045860_1_45-96,none,monomer,genus:Schistosoma,50-72
A0A097F1J3_IPR045860_1_25-100,none,monomer,genus:Fasciola,72-95
A0A0B1TM86_IPR045860_1_31-105,Ly6,monomer,genus:Oesophagostomum,72-95
A0A0N5A763_IPR045860_1_41-149,none,monomer,genus:Parastrongyloides,95-117
A0A0P4VGE9_IPR045860_1_1-82,none,monomer,family:Reduviidae,72-95
A0A0R3W1D3_IPR045860_1_69-135,none,monomer,genus:Taenia,50-72
A0A0V0SJT5_IPR045860_1_75-166,mostly_Quiver,monomer,genus:Trichinella,72-95
A0A131Z0C3_IPR045860_1_17-116,none,monomer,class:Arachnida,95-117
A0A182MAE8_IPR045860_1_60-157,none,monomer,genus:Anopheles,95-117
A0A182T5G5_IPR045860_1_171-245,none,monomer,genus:Anopheles,72-95
A0A183BVB6_IPR045860_1_134-209,none,monomer,genus:Globodera,72-95
A0A183U308_IPR045860_1_16-85,none,monomer,genus:Toxocara,50-72
A0A1A7WD27_IPR045860_1_6-91,Ly6,monomer,genus:Iconisemion,72-95
A0A1B6IBK3_IPR045860_1_23-109,none,monomer,genus:Homalodisca,72-95
A0A1D2M3L0_IPR045860_1_15-79,none,monomer,genus:Orchesella,50-72
A0A1I7SIH6_IPR045860_1_29-114,none,monomer,genus:Bursaphelenchus,72-95
A0A1I8AUU3_IPR045860_1_73-172,none,monomer,genus:Steinernema,95-117
A0A1L8FP00_IPR045860_1_20-112,Ly6,multimer,genus:Xenopus,72-95
A0A1S0TNF4_IPR045860_1_15-82,Quiver,monomer,family:Onchocercidae,50-72
A0A1W7R779_IPR045860_1_258-332,none,monomer,genus:Aedes,72-95
A0A210QGG7_IPR045860_1_33-107,none,monomer,genus:Mizuhopecten,72-95
A0A226F2W5_IPR045860_1_24-121,none,monomer,order:Entomobryomorpha,95-117
A0A2A6BXH1_IPR045860_1_36-91,none,monomer,genus:Pristionchus,50-72
A0A2B4S0Z0_IPR045860_1_16-118,mixture,monomer,family:Pocilloporidae,95-117
A0A2R5LNU7_IPR045860_1_50-149,none,monomer,genus:Ornithodoros,95-117
A0A2T7Q0Q1_IPR045860_1_1-66,none,monomer,genus:Pomacea,50-72
A0A2U9BZS8_IPR045860_1_355-434,none,monomer,genus:Scophthalmus,72-95
A0A336KHD3_IPR045860_1_85-166,none,monomer,genus:Culicoides,72-95
A0A368FI67_IPR045860_1_28-111,Ly6,monomer,genus:Ancylostoma,72-95
A0A3B3ZTN8_IPR045860_1_2-100,none,monomer,family:Gobiidae,95-117
A0A3M6U0A5_IPR045860_1_54-153,mixture,monomer,family:Pocilloporidae,95-117
A0A3M7S394_IPR045860_1_25-122,none,monomer,genus:Brachionus,95-117
A0A3P8P6N2_IPR045860_1_59-132,none,monomer,genus:Astatotilapia,72-95
A0A3Q0RB83_IPR045860_1_19-76,Ly6,monomer,genus:Amphilophus,50-72
A0A3Q4B2E4_IPR045860_1_22-95,none,monomer,class:Actinopteri,50-72
A0A3R7QK57_IPR045860_1_19-124,none,monomer,genus:Penaeus,95-117
A0A401SGA6_IPR045860_1_31-106,Ly6,monomer,genus:Chiloscyllium,72-95
A0A4S2LXJ0_IPR045860_1_22-89,none,monomer,family:Opisthorchiidae,50-72
A0A4V5ZXI3_IPR045860_1_5-71,none,monomer,genus:Steinernema,50-72
A0A4W4GG91_IPR045860_1_18-90,Ly6,monomer,genus:Electrophorus,72-95
A0A5N4A6F8_IPR045860_1_20-88,Ly6,monomer,genus:Photinus,50-72
A0A665X8N7_IPR045860_1_21-99,none,monomer,genus:Echeneis,72-95
A0A667W8S7_IPR045860_2_1-51,Ly6,multimer,genus:Myripristis,50-72
A0A668URI6_IPR045860_1_26-103,none,monomer,class:Actinopteri,72-95
A0A670IP30_IPR045860_1_158-237,none,multimer,genus:Podarcis,72-95
A0A672Z9K0_IPR045860_1_6-63,none,monomer,class:Actinopteri,50-72
A0A6A4TA03_IPR045860_1_22-104,none,monomer,genus:Scophthalmus,72-95
A0A6B2E6A1_IPR045860_1_72-150,none,monomer,family:Psychodidae,72-95
A0A6G1QXP5_IPR045860_2_23-103,none,multimer,genus:Channa,72-95
A0A6I9VN68_IPR045860_1_60-169,none,monomer,family:Formicidae,95-117
A0A6I9Z373_IPR045860_1_88-173,none,multimer,genus:Thamnophis,72-95
A0A6J0VA88_IPR045860_1_79-176,none,monomer,genus:Pogona,95-117
A0A6J8B243_IPR045860_2_16-69,none,multimer,genus:Mytilus,50-72
A0A6M5WP22_IPR045860_1_30-129,none,monomer,order:Littorinimorpha,95-117
A0A6P4FX15_IPR045860_1_125-204,none,monomer,order:Diptera,72-95
A0A6P6RHC5_IPR045860_1_25-132,none,multimer,genus:Carassius,95-117
A0A6P7SS24_IPR045860_1_26-112,none,monomer,genus:Octopus,72-95
A0A6P8QDN3_IPR045860_1_111-186,none,monomer,order:Gymnophiona,72-95
A0A6Q2YJV3_IPR045860_3_118-202,none,multimer,genus:Esox,72-95
A0A7E4VI03_IPR045860_1_64-173,none,monomer,genus:Panagrellus,95-117
A0A7R8CX49_IPR045860_1_15-100,none,monomer,genus:Lepeophtheirus,72-95
A0A7R9AHB1_IPR045860_1_10-85,none,monomer,genus:Darwinula,72-95
A0A7R9J0C7_IPR045860_2_184-255,none,multimer,genus:Timema,50-72
A0A7S3CYR5_IPR045860_1_75-145,none,monomer,genus:Palpitomonas,50-72
A0A814ICJ4_IPR045860_1_86-164,none,monomer,genus:Adineta,72-95
A0A814VT08_IPR045860_1_21-92,none,monomer,genus:Adineta,50-72
A0A815X9R9_IPR045860_1_366-430,Ly6,monomer,genus:Adineta,50-72
A0A820DD82_IPR045860_1_23-95,none,monomer,genus:Rotaria,72-95
A0A821RTG1_IPR045860_1_1-79,none,monomer,genus:Rotaria,72-95
A0A834I1C0_IPR045860_1_22-109,none,monomer,genus:Rhynchophorus,72-95
A0A898INB4_IPR045860_1_12-75,3FTx,monomer,genus:Calliophis,50-72
A0A8B7Z6P7_IPR045860_1_20-101,Ly6,monomer,genus:Acanthaster,72-95
A0A8C4YUQ5_IPR045860_1_17-109,none,monomer,order:Gadiformes,95-117
A0A8C5KK87_IPR045860_1_19-101,Ly6,monomer,genus:Jaculus,72-95
A0A8C6WTV3_IPR045860_1_14-90,none,monomer,genus:Neogobius,72-95
A0A8C7I900_IPR045860_1_10-72,none,monomer,genus:Oncorhynchus,50-72
A0A8C8M3F9_IPR045860_1_104-186,none,monomer,class:Actinopteri,72-95
A0A8J0T4B2_IPR045860_1_102-178,Ly6,mixture,genus:Xenopus,72-95
A0A8J1LAM8_IPR045860_2_19-108,Ly6,multimer,genus:Xenopus,72-95
A0A8J1Y370_IPR045860_1_34-122,none,monomer,genus:Owenia,72-95
A0A8J4TKJ5_IPR045860_1_1-85,none,multimer,class:Actinopteri,72-95
A0A8J6EQB4_IPR045860_1_30-104,Ly6,monomer,genus:Eleutherodactylus,72-95
A0A8S1EWK1_IPR045860_1_15-88,Ly6,monomer,genus:Caenorhabditis,72-95
A0A8S2H7F1_IPR045860_1_29-105,none,monomer,genus:Didymodactylos,72-95
A0A8S3RJ47_IPR045860_1_244-341,none,monomer,genus:Mytilus,95-117
A0A8S3Z145_IPR045860_1_28-127,none,monomer,genus:Candidula,95-117
A0A8T1MYL4_IPR045860_1_25-95,Ly6,monomer,family:Opisthorchiidae,50-72
A0A8T2IS08_IPR045860_1_48-132,mixture,mixture,genus:Hymenochirus,72-95
A0A8W8JFX8_IPR045860_2_191-275,none,multimer,genus:Magallana,72-95
A0A913WTG3_IPR045860_1_22-116,none,monomer,genus:Exaiptasia,72-95
A0A913XMF0_IPR045860_1_23-105,none,monomer,genus:Exaiptasia,72-95
A0A914A684_IPR045860_1_269-350,none,monomer,genus:Patiria,72-95
A0A914D920_IPR045860_1_18-89,none,monomer,genus:Acrobeloides,50-72
A0A914K597_IPR045860_1_21-96,none,monomer,genus:Panagrolaimus,72-95
A0A914Q653_IPR045860_1_31-108,none,monomer,genus:Panagrolaimus,72-95
A0A914UDC6_IPR045860_1_15-115,Ly6,monomer,genus:Panagrolaimus,95-117
A0A914XL20_IPR045860_1_19-107,none,monomer,genus:Plectus,72-95
A0A915CQH7_IPR045860_1_74-192,none,monomer,genus:Ditylenchus,117-140
A0A921Z041_IPR045860_1_79-129,none,monomer,genus:Manduca,50-72
A0A974CIZ1_IPR045860_2_18-101,Ly6,multimer,genus:Xenopus,72-95
A0A9B0WH12_IPR045860_1_20-120,none,monomer,genus:Chrysochloris,95-117
A0A9D3N0Y3_IPR045860_1_26-140,none,monomer,class:Actinopteri,95-117
A0A9J6C9W9_IPR045860_1_64-157,none,monomer,genus:Polypedilum,72-95
A0A9J7L2U1_IPR045860_1_18-101,mixture,monomer,genus:Branchiostoma,72-95
A0A9J7XIV8_IPR045860_1_20-119,none,monomer,genus:Cyprinus,95-117
A0A9N9X1J6_IPR045860_1_22-115,none,monomer,genus:Phaedon,72-95
A0A9P0MT67_IPR045860_1_21-120,none,monomer,genus:Nezara,95-117
A0A9Q1DEF8_IPR045860_1_25-143,none,monomer,genus:Conger,117-140
A0A9Q1HD05_IPR045860_1_17-98,none,monomer,genus:Holothuria,72-95
A0A9W2XZJ5_IPR045860_1_33-98,none,monomer,genus:Betta,50-72
A0A9X0A3Y8_IPR045860_1_20-106,none,monomer,genus:Desmophyllum,72-95
A0A9X0CRX9_IPR045860_1_19-115,Ly6,monomer,genus:Desmophyllum,95-117
A0AA35P148_IPR045860_1_32-115,Ly6,monomer,genus:Podarcis,72-95
A0AA35U124_IPR045860_2_23-142,none,multimer,genus:Geodia,117-140
A0AA36CJ38_IPR045860_1_17-91,none,monomer,genus:Mesorhabditis,72-95
A0AA36FVD4_IPR045860_1_14-91,Ly6,monomer,genus:Mesorhabditis,72-95
A0AA36GVW6_IPR045860_1_43-118,none,monomer,genus:Cylicocyclus,72-95
A0AA39GVJ2_IPR045860_1_47-134,none,monomer,genus:Steinernema,72-95
A0AA39LLN7_IPR045860_1_62-154,none,monomer,genus:Steinernema,72-95
A0AA85JWC2_IPR045860_1_20-88,Ly6,monomer,genus:Trichobilharzia,50-72
A0AA88YE44_IPR045860_1_13-95,none,monomer,genus:Pinctada,72-95
A0AAD1VQS2_IPR045860_1_26-110,none,monomer,genus:Pelobates,72-95
A0AAD4NCE5_IPR045860_1_43-148,none,monomer,genus:Ditylenchus,95-117
A0AAD8CGL1_IPR045860_1_1-56,none,monomer,genus:Acipenser,50-72
A0AAD9NDG7_IPR045860_1_16-118,none,monomer,genus:Paralvinella,95-117
A0AAE0VK50_IPR045860_1_41-134,none,monomer,family:Unionidae,72-95
A0AAE1F8K9_IPR045860_1_38-150,none,monomer,genus:Petrolisthes,95-117
A0AAE8ZRU4_IPR045860_1_19-95,Ly6,monomer,genus:Caenorhabditis,72-95
A0AAE9FCQ7_IPR045860_1_31-109,none,monomer,genus:Caenorhabditis,72-95
A0AAJ7L7I7_IPR045860_1_35-143,none,monomer,genus:Galendromus,95-117
A0AAN5CXN9_IPR045860_1_3-83,Ly6,monomer,genus:Pristionchus,72-95
A0AAN8DDV9_IPR045860_1_20-116,none,monomer,genus:Champsocephalus,95-117
A0AAN8HSB5_IPR045860_1_7-70,Ly6,monomer,genus:Champsocephalus,50-72
A0AAN9H109_IPR045860_1_1-51,none,monomer,genus:Phoxinus,50-72
A0AAQ4ESV2_IPR045860_1_50-153,none,monomer,genus:Amblyomma,95-117
A0AAQ4Q4D6_IPR045860_1_22-105,none,multimer,genus:Gasterosteus,72-95
A0AAU9XMI6_IPR045860_1_127-213,none,mixture,genus:Pocillopora,72-95
A0AAV1MWU0_IPR045860_1_58-136,none,monomer,genus:Scomber,72-95
A0AAV2AP92_IPR045860_1_9-89,none,monomer,genus:Larinioides,72-95
A0AAV2ZG89_IPR045860_1_2-85,SPF,multimer,genus:Pyxicephalus,72-95
A0AAV4BL23_IPR045860_1_29-102,none,monomer,genus:Plakobranchus,72-95
A0AAV5SRW4_IPR045860_1_19-98,none,monomer,genus:Pristionchus,72-95
A0AAV5UT89_IPR045860_1_13-105,none,monomer,genus:Pristionchus,72-95
A0AAV6FS87_IPR045860_1_17-93,none,monomer,order:Clupeiformes,72-95
A0AAV6U1C9_IPR045860_1_36-121,none,monomer,order:Araneae,72-95
A0AAV6Z451_IPR045860_1_47-132,SPF,multimer,genus:Engystomops,72-95
A0AAV6ZQN0_IPR045860_1_156-236,none,multimer,genus:Engystomops,72-95
A0AAV7QWY9_IPR045860_1_57-146,none,monomer,phylum:Chordata,95-117
A0AAW1UZC7_IPR045860_1_22-105,mixture,monomer,genus:Henosepilachna,72-95
A0AAW2AJ37_IPR045860_1_31-135,none,monomer,genus:Culter,95-117
A0AAW2HJS8_IPR045860_1_18-116,none,monomer,order:Phthiraptera,95-117
A0AAX7TJ66_IPR045860_1_10-64,none,monomer,genus:Astatotilapia,50-72
A0AAY4EW96_IPR045860_1_17-92,none,monomer,genus:Denticeps,72-95
A0AAZ1WZK1_IPR045860_1_351-406,none,monomer,genus:Oreochromis,50-72
A0ABD2NEL9_IPR045860_1_24-110,none,monomer,genus:Cryptolaemus,72-95
A0ABD3WAD8_IPR045860_1_19-102,none,monomer,genus:Sinanodonta,72-95
A0ABD6ERT1_IPR045860_1_11-86,none,monomer,genus:Gnathostoma,72-95
A7T0S6_IPR045860_1_5-96,none,monomer,genus:Nematostella,72-95
D2V868_IPR045860_1_21-98,none,monomer,genus:Naegleria,72-95
E0VDZ6_IPR045860_1_16-119,none,monomer,order:Phthiraptera,95-117
F6YIE7_IPR045860_1_70-157,none,monomer,genus:Ciona,72-95
H0VCN4_IPR045860_1_15-97,none,monomer,genus:Cavia,72-95
H3BIN3_IPR045860_1_21-96,none,monomer,genus:Latimeria,72-95
K1PX19_IPR045860_1_440-511,mixture,multimer,genus:Magallana,72-95
L7MGX7_IPR045860_1_51-134,none,monomer,family:Ixodidae,72-95
Q4T713_IPR045860_1_18-88,Ly6,monomer,family:Tetraodontidae,50-72
R7UD99_IPR045860_2_123-186,none,multimer,genus:Capitella,50-72
T1J665_IPR045860_1_21-123,none,monomer,genus:Strigamia,95-117
U3MZL0_IPR045860_1_8-95,none,monomer,genus:Rana,72-95
V9KBW6_IPR045860_1_92-191,none,monomer,class:Chondrichthyes,95-117
Centipede3FTx_0032_61981,manually_annotated,monomer,class:Chilopoda,140-162
Centipede3FTx_0064_1255758,manually_annotated,monomer,class:Chilopoda,95-117
Centipede3FTx_0096_984703,manually_annotated,monomer,class:Chilopoda,95-117
Centipede3FTx_0128_1255758,manually_annotated,monomer,class:Chilopoda,185-207
A0A2D4ET78_IPR045860_1_29-101,mixture,monomer,genus:Micrurus,72-95
A0A481MQK7_IPR045860_1_28-103,3FTx,monomer,genus:Boiga,72-95
A0A9D4I5S4_IPR045860_3_250-340,none,mixture,genus:Dreissena,72-95
D5J9N8_IPR045860_1_12-86,3FTx,monomer,genus:Bungarus,72-95
F5CPD7_IPR003571_1_22-82,3FTx,monomer,genus:Micrurus,50-72
P25676_IPR045860_1_1-61,none,monomer,family:Elapidae,50-72
R4G321_IPR045860_1_13-95,mixture,monomer,family:Elapidae,72-95
A0A091I899_IPR016054_1_4-85,mixture,monomer,class:Aves,72-95
A0A151P8P6_IPR016054_1_21-112,Ly6,monomer,genus:Alligator,72-95
A0A1B6JG77_IPR045860_1_1-96,mixture,monomer,family:Cicadellidae,95-117
A0A1U7SIJ4_IPR045860_1_14-96,none,monomer,genus:Alligator,72-95
A0A3B3UHZ6_IPR016054_1_19-107,Ly6,monomer,genus:Poecilia,72-95
A0A3N0XST6_IPR016054_1_20-101,none,multimer,genus:Anabarilius,72-95
A0A3Q2DGA3_IPR045860_2_25-113,Ly6,multimer,genus:Cyprinodon,72-95
A0A4U8UL41_IPR045860_1_17-101,none,monomer,genus:Steinernema,72-95
A0A672JYU3_IPR045860_1_51-122,mixture,mixture,genus:Sinocyclocheilus,50-72
A0A673UIZ0_IPR045860_1_106-190,none,monomer,order:Carnivora,72-95
A0A6P8Q0D8_IPR016054_1_21-108,Ly6,monomer,genus:Geotrypetes,72-95
A0A7I8V6K0_IPR045860_1_21-121,none,monomer,genus:Dimorphilus,95-117
A0A814PW49_IPR045860_1_21-92,none,monomer,genus:Brachionus,50-72
A0A850YIM7_IPR045860_1_1-81,none,monomer,genus:Aegithalos,72-95
A0A8B7DI15_IPR045860_1_24-119,none,monomer,genus:Hydra,95-117
A0A8B8AAQ4_IPR045860_2_57-132,none,mixture,family:Ostreidae,72-95
A0A8C6RBI4_IPR016054_1_27-118,Ly6,monomer,genus:Nannospalax,72-95
A0A8J0R489_IPR016054_1_21-108,Ly6,monomer,order:Anura,72-95
A0A8S3T8U5_IPR016054_1_78-165,mixture,mixture,genus:Mytilus,72-95
A0A8T1MZ84_IPR045860_1_28-103,none,monomer,genus:Clonorchis,72-95
A0A8T2NA12_IPR045860_1_14-77,none,monomer,genus:Albula,50-72
A0A913XAX9_IPR045860_1_25-101,none,monomer,genus:Exaiptasia,72-95
A0A9F5IZH9_IPR016054_2_161-254,Ly6,multimer,genus:Python,72-95
A0A9Q1AQ89_IPR016054_1_206-297,Ly6,multimer,family:Agamidae,72-95
A0A9W7WCE8_IPR016054_1_20-101,Ly6,monomer,genus:Triplophysa,72-95
A0AA35PST9_IPR045860_1_61-137,none,monomer,genus:Podarcis,72-95
A0AA41TC32_IPR016054_1_49-140,Ly6,monomer,genus:Sciurus,72-95
A0AAD1W471_IPR045860_1_20-112,none,monomer,genus:Pelobates,72-95
A0AAD9JQH5_IPR045860_2_117-197,none,multimer,genus:Paralvinella,72-95
A0AAR2IQL0_IPR016054_1_78-161,Ly6,multimer,genus:Pygocentrus,72-95
A0AAV2TX26_IPR045860_1_24-97,none,monomer,genus:Calicophoron,72-95
A0AAV6FZZ2_IPR045860_2_1-68,mixture,multimer,genus:Alosa,72-95
A0AAV7Q5A0_IPR045860_1_23-107,none,monomer,genus:Pleurodeles,72-95
A0AAW0H5H5_IPR045860_1_2-74,mixture,monomer,family:Cricetidae,72-95
A0AAW1BLP8_IPR045860_1_32-112,none,monomer,order:Squamata,72-95
A0AAW1Z407_IPR045860_2_151-227,mixture,mixture,family:Xenocyprididae,72-95
V8NGY7_IPR045860_1_9-60,none,monomer,genus:Ophiophagus,50-72
A0A0A0QUW8_IPR045860_1_30-113,mixture,mixture,family:Salamandridae,72-95
A0A151NCA9_IPR016054_1_21-110,mixture,monomer,genus:Alligator,72-95
A0A1A8F460_IPR016054_1_40-138,Ly6,monomer,class:Actinopteri,72-95
A0A1I7ZZC9_IPR045860_1_55-139,Ly6,monomer,genus:Steinernema,72-95
A0A1S3WNM9_IPR016054_1_58-125,Ly6,multimer,genus:Erinaceus,50-72
A0A1U7SF37_IPR045860_1_113-204,none,multimer,genus:Alligator,72-95
A0A286XEC6_IPR016054_1_20-96,Ly6,monomer,order:Rodentia,72-95
A0A2I4AVK3_IPR045860_2_70-156,Ly6,multimer,genus:Austrofundulus,72-95
A0A2K6ES04_IPR016054_1_26-107,none,monomer,order:Primates,72-95
A0A2K6GYZ5_IPR016054_1_30-125,mixture,monomer,order:Primates,95-117
A0A3B3ZRN4_IPR045860_1_30-115,Ly6,monomer,genus:Periophthalmus,72-95
A0A3B4Y6I0_IPR045860_2_2-57,Ly6,multimer,genus:Seriola,50-72
A0A3M6URA3_IPR016054_2_20-113,Ly6,mixture,genus:Pocillopora,72-95
A0A3P8PKU9_IPR016054_1_12-93,Ly6,monomer,genus:Astatotilapia,72-95
A0A3Q0GAW4_IPR016054_1_25-107,none,monomer,phylum:Chordata,72-95
A0A3Q2CFS9_IPR045860_2_99-161,Ly6,multimer,genus:Cyprinodon,50-72
A0A3Q2Q2Z7_IPR045860_1_7-72,Ly6,multimer,genus:Fundulus,50-72
A0A3Q3B0L6_IPR045860_2_16-105,Ly6,multimer,genus:Kryptolebias,72-95
A0A437CWQ9_IPR045860_1_18-106,Ly6,monomer,genus:Oryzias,72-95
A0A4D9DJB4_IPR045860_2_620-677,mixture,multimer,order:Testudines,50-72
A0A513ZV64_IPR045860_2_114-204,Ly6,multimer,genus:Hyloscirtus,72-95
A0A5F8GVS5_IPR016054_1_76-154,none,monomer,genus:Monodelphis,72-95
A0A670IPB4_IPR045860_1_2-77,Ly6,multimer,genus:Podarcis,72-95
A0A672IQ91_IPR016054_1_596-689,Ly6,multimer,genus:Salarias,72-95
A0A672ZNV7_IPR045860_1_49-109,Ly6,monomer,genus:Sphaeramia,50-72
A0A6A5F351_IPR045860_2_111-181,Ly6,multimer,genus:Perca,50-72
A0A6I8PRL8_IPR016054_3_214-306,none,multimer,genus:Ornithorhynchus,72-95
A0A6I9MAJ4_IPR045860_2_136-216,mixture,multimer,order:Rodentia,72-95
A0A6J0V868_IPR045860_1_66-152,Ly6,mixture,family:Agamidae,72-95
A0A6J1XM18_IPR016054_1_235-299,Ly6,multimer,family:Felidae,50-72
A0A6J2NCS1_IPR051445_1_1-150,Ly6,monomer,genus:Phyllostomus,140-162
A0A6P5LTG9_IPR016054_4_508-573,Ly6,multimer,genus:Phascolarctos,50-72
A0A6P7NTJ0_IPR045860_1_18-106,Ly6,monomer,genus:Betta,72-95
A0A6P7YTV2_IPR016054_1_137-228,Ly6,multimer,order:Gymnophiona,72-95
A0A6P8G6Z7_IPR045860_1_17-101,Ly6,mixture,genus:Clupea,72-95
A0A6P8ILM9_IPR016054_1_21-123,Ly6,monomer,genus:Actinia,95-117
A0A6P8SHW4_IPR045860_1_5-94,Ly6,multimer,genus:Geotrypetes,72-95
A0A6P9DEV7_IPR045860_2_16-111,Ly6,multimer,family:Colubridae,95-117
A0A7D9IGV0_IPR045860_1_10-107,Ly6,monomer,genus:Paramuricea,95-117
A0A7K5MUT8_IPR016054_1_25-107,none,monomer,class:Aves,72-95
A0A7N4PJH5_IPR045860_1_130-255,Ly6,multimer,genus:Sarcophilus,117-140
A0A7N6FLY1_IPR045860_1_1-72,Ly6,monomer,genus:Anabas,50-72
A0A803JTA5_IPR045860_3_14-65,Ly6,multimer,genus:Xenopus,50-72
A0A803KDW5_IPR016054_1_28-115,Ly6,multimer,genus:Xenopus,72-95
A0A8B7IIU4_IPR016054_1_114-205,mixture,multimer,class:Aves,72-95
A0A8B8CSJ0_IPR045860_2_64-145,mixture,mixture,family:Ostreidae,72-95
A0A8C0NI88_IPR016054_1_146-239,Ly6,monomer,genus:Canis,72-95
A0A8C3SHN7_IPR045860_1_129-192,Ly6,multimer,genus:Chelydra,50-72
A0A8C4KUI8_IPR016054_1_16-93,Ly6,monomer,genus:Equus,72-95
A0A8C4QKX8_IPR016054_1_71-156,Ly6,monomer,genus:Eptatretus,72-95
A0A8C5AAP8_IPR045860_1_10-99,Ly6,monomer,genus:Gadus,72-95
A0A8C5QVD3_IPR045860_2_10-61,Ly6,multimer,genus:Leptobrachium,50-72
A0A8C5R919_IPR045860_1_18-102,Ly6,multimer,genus:Leptobrachium,72-95
A0A8D0BDA0_IPR045860_2_112-197,Ly6,multimer,genus:Salvator,72-95
A0A8D0HIM1_IPR016054_1_146-237,Ly6,multimer,genus:Sphenodon,72-95
A0A8J0T5M3_IPR045860_2_18-101,Ly6,multimer,genus:Xenopus,72-95
A0A8J1LDN8_IPR045860_1_18-106,Ly6,multimer,genus:Xenopus,72-95
A0A8J6EKR3_IPR045860_1_11-93,Ly6,monomer,genus:Eleutherodactylus,72-95
A0A8P0N3T3_IPR026524_1_27-148,Ly6,monomer,class:Mammalia,117-140
A0A8R1HWU1_IPR016054_1_18-116,Ly6,monomer,genus:Caenorhabditis,95-117
A0A8T0B4U3_IPR045860_1_34-118,Ly6,monomer,genus:Silurus,72-95
A0A913WW10_IPR016054_1_135-231,Ly6,multimer,genus:Exaiptasia,95-117
A0A974BS81_IPR016054_1_101-186,Ly6,monomer,genus:Xenopus,72-95
A0A974HD63_IPR045860_1_1-86,Ly6,multimer,genus:Xenopus,72-95
A0A9D3NM91_IPR045860_1_17-106,Ly6,mixture,family:Bagridae,72-95
A0A9F5IR87_IPR045860_1_27-104,mixture,monomer,order:Squamata,72-95
A0A9Q0X6R1_IPR045860_2_114-198,Ly6,multimer,genus:Phrynocephalus,72-95
A0A9V1EW11_IPR045860_2_128-206,Ly6,multimer,family:Felidae,72-95
A0A9W2XRJ0_IPR045860_2_106-196,Ly6,multimer,genus:Betta,72-95
A0A9X0A5V7_IPR016054_1_116-205,Ly6,multimer,genus:Desmophyllum,72-95
A0AA35KPC8_IPR045860_2_114-197,Ly6,multimer,genus:Podarcis,72-95
A0AA35QPN2_IPR045860_1_116-208,Ly6,multimer,genus:Podarcis,72-95
A0AA88LF50_IPR016054_1_20-110,Ly6,multimer,genus:Channa,72-95
A0AA88P162_IPR016054_1_18-110,Ly6,monomer,genus:Cirrhinus,72-95
A0AA97J9I8_IPR045860_1_90-174,Ly6,monomer,genus:Eublepharis,72-95
A0AA97LHD6_IPR045860_2_129-214,Ly6,mixture,phylum:Chordata,72-95
A0AAD1TA03_IPR016054_2_120-177,Ly6,multimer,genus:Pelobates,50-72
A0AAD5FA98_IPR016054_1_25-106,Ly6,mixture,genus:Silurus,72-95
A0AAD9EWA8_IPR045860_1_2-79,Ly6,monomer,genus:Dissostichus,72-95
A0AAU9X8R7_IPR016054_1_278-375,Ly6,multimer,genus:Pocillopora,95-117
A0AAU9ZTU7_IPR016054_1_56-132,Ly6,monomer,genus:Phodopus,72-95
A0AAV1FEF8_IPR045860_2_34-126,Ly6,multimer,genus:Xyrichtys,72-95
A0AAV2K2Y6_IPR045860_1_12-70,Ly6,monomer,genus:Knipowitschia,50-72
A0AAV2ZKP5_IPR045860_3_76-169,Ly6,multimer,genus:Pyxicephalus,72-95
A0AAV5TBW2_IPR045860_1_17-101,Ly6,monomer,genus:Pristionchus,72-95
A0AAV6YHW4_IPR045860_1_7-90,Ly6,monomer,genus:Engystomops,72-95
A0AAV6ZF17_IPR045860_1_1-67,Ly6,multimer,genus:Engystomops,50-72
A0AAV6ZM70_IPR045860_2_114-196,mixture,mixture,genus:Engystomops,72-95
A0AAV7BC14_IPR045860_1_113-192,Ly6,multimer,genus:Engystomops,72-95
A0AAV7Q425_IPR045860_2_146-228,Ly6,multimer,genus:Pleurodeles,72-95
A0AAW0N2N6_IPR045860_1_190-252,Ly6,multimer,genus:Mugilogobius,50-72
A0AAY4BX49_IPR045860_2_9-91,Ly6,multimer,genus:Denticeps,72-95
F7F5G6_IPR016054_1_45-114,Ly6,multimer,genus:Ornithorhynchus,50-72
G1QL02_IPR016054_1_30-133,Ly6,multimer,class:Mammalia,95-117
G1TVR0_IPR016054_2_155-215,Ly6,multimer,genus:Oryctolagus,50-72
G3VP24_IPR016054_2_136-214,Ly6,mixture,class:Mammalia,72-95
P60591_IPR045860_2_113-175,none,multimer,genus:Lachesis,50-72
Q4FAH5_IPR016054_1_20-112,Ly6,multimer,genus:Plethodon,72-95
Q810N3_IPR016054_1_138-210,Ly6,monomer,genus:Mus,72-95
Q9I8P7_IPR045860_1_113-194,none,multimer,genus:Malayopython,72-95
A0A8C2VIN3_IPR026524_1_1-294,none,monomer,class:Mammalia,275-297
A0AB34HME4_IPR026524_1_1-169,none,monomer,genus:Eschrichtius,162-185
A0A1A8FYK4_IPR039457_1_5-160,Ly6,monomer,genus:Nothobranchius,140-162
A0A341CDM5_IPR039457_1_39-135,Ly6,monomer,class:Mammalia,95-117
A0A498NB35_IPR039457_1_627-757,none,monomer,genus:Labeo,117-140
A0AAW2A6H0_IPR039457_1_5-168,Ly6,mixture,class:Actinopteri,140-162
A0A090L915_IPR031424_1_4-77,Quiver,monomer,genus:Strongyloides,72-95
A0A0A9WYG5_IPR045860_1_29-125,none,monomer,family:Miridae,72-95
A0A0C2G9W1_IPR031424_1_15-136,mixture,monomer,order:Rhabditida,95-117
A0A183HX69_IPR031424_1_13-95,Quiver,monomer,genus:Onchocerca,72-95
A0A1B6JX70_IPR031424_1_25-91,none,monomer,class:Insecta,50-72
A0A1D1V7I0_IPR031424_1_94-184,none,monomer,genus:Ramazzottius,72-95
A0A1D2NCL6_IPR031424_1_121-224,none,monomer,genus:Orchesella,95-117
A0A1I8J6R5_IPR031424_1_83-149,none,monomer,genus:Macrostomum,50-72
A0A1S3HVD6_IPR031424_1_27-116,none,monomer,genus:Lingula,72-95
A0A1S3JWZ5_IPR031424_1_20-106,none,monomer,genus:Lingula,72-95
A0A1W0X3H7_IPR031424_1_24-110,Quiver,monomer,order:Parachela,72-95
A0A1Y0F494_IPR031424_1_43-138,Ly6,monomer,genus:Locusta,95-117
A0A1Y1N7J6_IPR031424_1_25-117,none,monomer,genus:Photinus,72-95
A0A226EQE1_IPR031424_1_20-140,none,monomer,genus:Folsomia,117-140
A0A2H1WLM9_IPR031424_1_11-81,none,monomer,genus:Spodoptera,50-72
A0A3R7MKU8_IPR031424_1_62-146,none,monomer,genus:Penaeus,72-95
A0A4C1YGR8_IPR031424_1_83-184,none,monomer,genus:Eumeta,95-117
A0A553NR54_IPR045860_1_29-111,none,monomer,genus:Tigriopus,72-95
A0A5N4B0H7_IPR031424_1_10-97,Quiver,monomer,family:Lampyridae,72-95
A0A6A4VSA5_IPR031424_1_32-116,Quiver,monomer,genus:Amphibalanus,72-95
A0A6G1S7V2_IPR031424_1_84-224,Quiver,monomer,genus:Aceria,140-162
A0A6J0BWB9_IPR031424_1_26-128,none,monomer,genus:Neodiprion,95-117
A0A6P3DTK9_IPR031424_1_24-122,none,monomer,order:Hymenoptera,95-117
A0A6P7H1Z8_IPR045860_1_28-113,none,monomer,genus:Diabrotica,72-95
A0A6P8WPI0_IPR031424_1_24-128,none,monomer,genus:Drosophila,95-117
A0A7J7JFF1_IPR031424_1_15-108,none,monomer,genus:Bugula,72-95
A0A7M7GCA6_IPR031424_1_27-123,none,monomer,family:Pteromalidae,95-117
A0A7R8WE61_IPR031424_1_279-375,Quiver,monomer,genus:Cyprideis,95-117
A0A7R9BWB5_IPR031424_1_27-128,none,monomer,genus:Notodromas,95-117
A0A7R9QCV8_IPR031424_1_20-156,none,monomer,genus:Medioppia,117-140
A0A816C1U6_IPR045860_1_19-102,none,monomer,genus:Adineta,72-95
A0A820GSB9_IPR031424_1_21-110,none,monomer,genus:Adineta,72-95
A0A834HZS9_IPR031424_1_24-121,none,monomer,genus:Rhynchophorus,95-117
A0A8B7P3J3_IPR031424_1_31-143,none,monomer,class:Malacostraca,95-117
A0A8D8T3T7_IPR031424_1_28-118,mixture,monomer,family:Psyllidae,72-95
A0A8I6RHW2_IPR031424_1_27-130,none,monomer,genus:Cimex,95-117
A0A8J5K567_IPR031424_1_53-149,mixture,monomer,order:Decapoda,72-95
A0A8R1WP47_IPR031424_1_20-132,none,monomer,genus:Bombyx,95-117
A0A8S0YUV1_IPR031424_1_650-755,none,monomer,genus:Arctia,95-117
A0A8W8I3W4_IPR045860_1_18-114,none,monomer,genus:Magallana,95-117
A0A914B444_IPR045860_1_18-113,Ly6,monomer,genus:Patiria,95-117
A0A914W4W4_IPR031424_1_44-173,Quiver,monomer,genus:Plectus,117-140
A0A9D4FGD2_IPR045860_1_23-102,Quiver,monomer,genus:Dreissena,72-95
A0A8W8NV79_IPR045860_1_404-492,none,monomer,family:Ostreidae,72-95
A0A913XAM7_IPR045860_1_18-104,none,monomer,genus:Exaiptasia,72-95
A0A914C5J5_IPR045860_1_66-172,none,monomer,genus:Acrobeloides,95-117
A0A914GGL5_IPR045860_1_32-106,Ly6,monomer,genus:Panagrolaimus,72-95
A0A914NB16_IPR045860_1_63-146,none,monomer,genus:Meloidogyne,72-95
A0A914TAE8_IPR045860_1_21-103,none,monomer,genus:Panagrolaimus,72-95
A0A914WI21_IPR045860_1_21-93,none,monomer,genus:Plectus,72-95
A0A915PPZ6_IPR045860_1_17-66,none,monomer,genus:Setaria,50-72
A0A974CHK1_IPR045860_2_18-104,Ly6,multimer,genus:Xenopus,72-95
A0A9D3S8R7_IPR045860_1_110-187,mixture,mixture,order:Anguilliformes,72-95
A0A9D4DVW4_IPR045860_1_17-92,none,monomer,genus:Dreissena,72-95
A0A9N7Z7W2_IPR045860_1_17-95,mixture,monomer,class:Actinopteri,72-95
A0A9P0LQ09_IPR045860_1_22-104,none,monomer,genus:Acanthoscelides,72-95
A0A9P0XC17_IPR045860_1_90-191,none,monomer,genus:Pieris,95-117
A0A9Q0DFH7_IPR045860_1_19-94,none,monomer,genus:Muraenolepis,72-95
A0A9Q0S813_IPR045860_1_22-90,none,monomer,genus:Pseudolycoriella,50-72
A0A9Q1C1X9_IPR045860_1_25-134,none,monomer,genus:Holothuria,95-117
A0A9W9Z870_IPR045860_1_1-69,none,monomer,genus:Desmophyllum,50-72
A0A9X9M5N4_IPR045860_1_80-129,none,monomer,class:Mammalia,50-72
A0AA35JZ40_IPR045860_1_32-111,Ly6,monomer,genus:Podarcis,72-95
A0AA35QPX2_IPR045860_1_107-190,none,monomer,genus:Podarcis,72-95
A0AA36C6C4_IPR045860_1_347-414,none,monomer,genus:Mesorhabditis,50-72
A0AA36DUY6_IPR045860_1_14-102,none,monomer,genus:Cylicocyclus,72-95
A0AA36GTN5_IPR045860_1_18-93,none,monomer,genus:Cylicocyclus,72-95
A0AA36M524_IPR045860_1_18-88,none,monomer,genus:Cylicocyclus,50-72
A0AA39CAU0_IPR045860_1_71-169,none,monomer,family:Braconidae,95-117
A0AA88I9L2_IPR045860_1_24-124,none,monomer,genus:Artemia,95-117
A0AAD1T3W6_IPR045860_2_17-102,SPF,multimer,genus:Pelobates,72-95
A0AAD4JXL9_IPR045860_1_36-124,none,monomer,family:Drosophilidae,72-95
A0AAD5MHX1_IPR045860_1_18-91,none,monomer,genus:Parelaphostrongylus,72-95
A0AAD8APX3_IPR045860_1_24-117,none,monomer,genus:Biomphalaria,72-95
A0AAD9K8J5_IPR045860_1_21-122,none,monomer,genus:Ridgeia,95-117
A0AAD9QQ95_IPR045860_1_215-307,none,monomer,genus:Acropora,72-95
A0AAF3EMZ2_IPR045860_1_27-97,none,monomer,genus:Mesorhabditis,50-72
A0AAF5DJJ3_IPR045860_1_338-451,none,monomer,genus:Strongyloides,95-117
A0AAJ7FNZ0_IPR045860_1_54-159,none,monomer,genus:Cephus,95-117
A0AAJ7RD29_IPR045860_1_25-99,none,monomer,genus:Cephus,72-95
A0AAJ8B085_IPR045860_1_17-103,Ly6,mixture,genus:Lates,72-95
A0AAN5IB82_IPR045860_1_68-152,none,monomer,genus:Pristionchus,72-95
A0AAN8AH90_IPR045860_1_17-104,mixture,monomer,genus:Eleginops,72-95
A0AAN8PPI5_IPR045860_1_31-126,none,monomer,genus:Patella,95-117
A0AAN9AC55_IPR045860_1_103-198,none,monomer,genus:Halocaridina,95-117
A0AAN9GKR2_IPR045860_1_16-107,none,monomer,genus:Littorina,72-95
A0AAN9YZE6_IPR045860_2_24-107,none,multimer,genus:Gryllus,72-95
A0AAU9WCX9_IPR045860_1_18-112,mixture,monomer,genus:Pocillopora,72-95
A0AAV2IPL4_IPR045860_1_25-116,none,monomer,class:Gastropoda,72-95
A0AAV2SW04_IPR045860_1_21-119,mixture,monomer,phylum:Platyhelminthes,95-117
A0AAV3YNC1_IPR045860_1_1168-1240,none,monomer,genus:Plakobranchus,72-95
A0AAV5SF94_IPR045860_1_60-141,none,monomer,genus:Pristionchus,72-95
A0AAV5UBY1_IPR045860_1_44-136,none,monomer,genus:Pristionchus,72-95
A0AAV5WQS3_IPR045860_1_62-144,none,monomer,genus:Pristionchus,72-95
A0AAV6H849_IPR045860_1_193-280,none,mixture,class:Actinopteri,72-95
A0AAV6ZK31_IPR045860_1_103-186,SPF,monomer,genus:Engystomops,72-95
A0AAV7BBZ7_IPR045860_2_19-102,SPF,multimer,genus:Engystomops,72-95
A0AAV8VDB5_IPR045860_1_1-62,none,monomer,genus:Exocentrus,50-72
A0AAW1AY83_IPR045860_1_17-76,Ly6,monomer,genus:Crotalus,50-72
A0AAW1UMW0_IPR045860_1_19-105,none,monomer,genus:Henosepilachna,72-95
A0ABD0LAW8_IPR045860_1_65-122,none,monomer,genus:Batillaria,50-72
A0ABD1J577_IPR045860_2_22-109,none,multimer,order:Clupeiformes,72-95
A0ABD6EA87_IPR045860_1_20-102,none,monomer,genus:Gnathostoma,72-95
C3YT74_IPR045860_1_36-130,Ly6,monomer,genus:Branchiostoma,95-117
D6X465_IPR045860_1_30-131,none,monomer,family:Tenebrionidae,95-117
E4YHX6_IPR045860_1_49-128,Ly6,monomer,genus:Oikopleura,72-95
F6WDR9_IPR045860_1_12-121,none,monomer,genus:Ciona,95-117
G3WW65_IPR045860_1_84-164,none,monomer,class:Mammalia,72-95
H2YAF0_IPR045860_1_25-108,Ly6,monomer,genus:Ciona,72-95
H3A6B9_IPR045860_1_1-78,none,monomer,genus:Latimeria,72-95
J9F9R7_IPR045860_1_59-132,none,monomer,genus:Wuchereria,72-95
K7GIE8_IPR045860_1_1-70,none,monomer,genus:Pelodiscus,50-72
M7AU87_IPR045860_1_62-126,none,monomer,phylum:Chordata,50-72
Q9UAG2_IPR045860_1_225-308,none,multimer,genus:Ephydatia,72-95
R7TDM4_IPR045860_1_19-118,Ly6,monomer,genus:Capitella,95-117
T1HWZ0_IPR045860_1_21-125,none,monomer,family:Reduviidae,95-117
V4AA36_IPR045860_1_14-110,none,monomer,genus:Lottia,95-117
Centipede3FTx_0022_1255758,manually_annotated,monomer,class:Chilopoda,95-117
Centipede3FTx_0054_1255758,manually_annotated,monomer,class:Chilopoda,95-117
A0A8J4TEI8_IPR042339_1_11-119,none,monomer,genus:Paragonimus,95-117
L5KJD9_IPR042339_1_17-95,none,monomer,genus:Pteropus,72-95
A0A898ILQ5_IPR045860_1_12-76,3FTx,monomer,genus:Calliophis,50-72
A0A8C6XDS2_IPR045860_1_12-62,none,monomer,genus:Naja,50-72
C6JUP2_IPR045860_1_25-88,3FTx,monomer,genus:Micrurus,50-72
E2IU02_IPR045860_1_1-67,mixture,monomer,genus:Naja,50-72
P86094_IPR045860_1_1-58,none,monomer,genus:Micrurus,50-72
R4G2E4_IPR045860_1_13-92,3FTx,monomer,genus:Brachyurophis,72-95
R4G2T5_IPR045860_1_13-93,3FTx,monomer,family:Elapidae,72-95
A0A1U7SL27_IPR039237_1_1-119,Ly6,monomer,genus:Alligator,117-140
L9KL44_IPR039237_1_1-125,mostly_Ly6,mixture,class:Mammalia,117-140
A0A093PEP6_IPR045860_1_1-52,none,monomer,class:Aves,50-72
A0A0X3NTR1_IPR045860_1_34-106,none,monomer,genus:Schistocephalus,72-95
A0A210QNC8_IPR045860_2_57-145,none,multimer,genus:Mizuhopecten,72-95
A0A3B3Q4D2_IPR045860_1_18-108,none,monomer,genus:Paramormyrops,72-95
A0A3B4D5H9_IPR045860_1_17-111,Ly6,multimer,genus:Pygocentrus,72-95
A0A3M7T3T7_IPR016054_1_105-184,Ly6,multimer,genus:Brachionus,72-95
A0A3P8Z5A0_IPR016054_1_18-114,Ly6,monomer,genus:Esox,95-117
A0A3Q2Z4Y9_IPR045860_1_17-88,none,monomer,genus:Hippocampus,50-72
A0A4Z2IQQ6_IPR016054_1_17-111,Ly6,monomer,genus:Liparis,72-95
A0A5C6NVI9_IPR045860_1_11-78,none,monomer,genus:Takifugu,50-72
A0A672HWP7_IPR016054_1_25-111,Ly6,multimer,genus:Salarias,72-95
A0A6J0V7L5_IPR045860_1_13-90,none,monomer,genus:Pogona,72-95
A0A6P7JVL8_IPR016054_1_392-487,none,multimer,genus:Parambassis,95-117
A0A813NM26_IPR045860_1_20-92,none,monomer,genus:Brachionus,72-95
A0A814EPP6_IPR045860_1_21-86,none,monomer,genus:Brachionus,50-72
A0A8B6HNX8_IPR045860_1_58-148,none,multimer,genus:Mytilus,72-95
A0A8J6EJ15_IPR016054_1_21-110,Ly6,monomer,genus:Eleutherodactylus,72-95
A0A8S9ZPI1_IPR035076_1_67-124,none,monomer,genus:Meloidogyne,50-72
A0A9D3NM10_IPR016054_1_191-269,Ly6,multimer,genus:Hemibagrus,72-95
A0A9Q9VLQ7_IPR016054_1_56-124,mixture,mixture,family:Cyprinidae,72-95
A0AA88SD47_IPR045860_2_17-105,none,multimer,genus:Channa,72-95
A0AAD8FUY6_IPR045860_3_230-300,none,multimer,genus:Acipenser,50-72
A0AAV6YTL0_IPR045860_2_97-189,none,multimer,genus:Engystomops,72-95
A0AAV7V6A4_IPR016054_1_21-104,Ly6,monomer,genus:Pleurodeles,72-95
A0AAW0XW39_IPR045860_1_25-100,mixture,monomer,class:Malacostraca,72-95
F6XD96_IPR016054_1_21-112,Ly6,monomer,genus:Ornithorhynchus,72-95
I3KEG5_IPR016054_1_114-196,mostly_Ly6,multimer,family:Cichlidae,72-95
A0A061HV01_IPR016054_1_88-181,Ly6,multimer,genus:Cricetulus,72-95
A0A0A0QU55_IPR045860_2_101-162,Ly6,multimer,genus:Ichthyosaura,50-72
A0A0B5GR50_IPR045860_2_18-105,mixture,mixture,genus:Lissotriton,72-95
A0A0P7U618_IPR045860_1_32-123,Ly6,monomer,genus:Scleropages,72-95
A0A151NAH8_IPR045860_1_24-110,Ly6,monomer,genus:Alligator,72-95
A0A1A8CT52_IPR045860_1_6-85,Ly6,monomer,genus:Nothobranchius,72-95
A0A1L8FNU0_IPR016054_2_112-206,Ly6,multimer,genus:Xenopus,95-117
A0A1S3GGR9_IPR016054_1_46-112,Ly6,multimer,genus:Dipodomys,50-72
A0A210Q449_IPR016054_2_462-548,none,multimer,genus:Mizuhopecten,72-95
A0A2B4RV30_IPR016054_1_33-124,Ly6,monomer,genus:Stylophora,72-95
A0A2R8RYF0_IPR045860_1_18-105,Ly6,monomer,order:Cypriniformes,72-95
A0A3B3DKC8_IPR016054_1_16-109,Ly6,multimer,genus:Oryzias,72-95
A0A3B4D467_IPR016054_2_37-126,none,multimer,genus:Pygocentrus,72-95
A0A3N0YNQ2_IPR016054_1_113-200,Ly6,multimer,order:Cypriniformes,72-95
A0A3Q0SMA8_IPR016054_1_17-111,Ly6,monomer,genus:Amphilophus,72-95
A0A3Q2Y6U6_IPR016054_1_41-102,Ly6,monomer,genus:Hippocampus,50-72
A0A3Q3LZY2_IPR016054_2_18-111,Ly6,multimer,genus:Labrus,72-95
A0A401Q301_IPR016054_2_218-313,Ly6,multimer,genus:Scyliorhinus,95-117
A0A452FY47_IPR045860_1_120-182,Ly6,multimer,genus:Capra,50-72
A0A4V6WPE1_IPR016054_1_162-231,Ly6,monomer,genus:Monodon,50-72
A0A4Z2HTV0_IPR016054_1_112-197,Ly6,multimer,genus:Liparis,72-95
A0A513ZV87_IPR045860_2_114-201,Ly6,multimer,genus:Hyloscirtus,72-95
A0A5F4VUD7_IPR045860_1_116-193,Ly6,multimer,order:Primates,72-95
A0A668TLB4_IPR045860_1_109-188,Ly6,multimer,genus:Oreochromis,72-95
A0A674JRI8_IPR045860_1_10-99,mixture,mixture,order:Testudines,72-95
A0A6B0S5R3_IPR045860_1_19-117,mixture,mixture,class:Mammalia,95-117
A0A6G1QYI6_IPR045860_1_21-111,Ly6,monomer,genus:Channa,72-95
A0A6J0CG90_IPR045860_3_210-275,none,multimer,genus:Peromyscus,50-72
A0A6P3VD07_IPR016054_1_49-124,Ly6,monomer,genus:Octodon,72-95
A0A6P6HBA4_IPR026524_1_1-392,none,monomer,class:Mammalia,365-387
A0A6P7MES0_IPR045860_1_113-221,mixture,mixture,genus:Betta,95-117
A0A6P7YQ12_IPR045860_1_4-96,Ly6,multimer,genus:Microcaecilia,72-95
A0A7J7EZR5_IPR016054_2_131-199,Ly6,multimer,genus:Diceros,50-72
A0A7L1CIN0_IPR045860_1_94-176,mixture,mixture,class:Aves,72-95
A0A803J7Y5_IPR045860_1_18-103,Ly6,multimer,genus:Xenopus,72-95
A0A803TFB1_IPR016054_1_206-304,Ly6,multimer,order:Squamata,95-117
A0A8B6XZF1_IPR045860_1_16-111,Ly6,monomer,genus:Hydra,95-117
A0A8C2ME16_IPR045860_2_46-100,none,multimer,genus:Cricetulus,50-72
A0A8C5Q575_IPR045860_2_260-345,none,multimer,genus:Leptobrachium,72-95
A0A8C5QUT2_IPR045860_2_114-197,Ly6,multimer,genus:Leptobrachium,72-95
A0A8C5QY56_IPR045860_2_101-182,mostly_Ly6,mixture,genus:Leptobrachium,72-95
A0A8C5RZI0_IPR045860_2_18-106,Ly6,multimer,order:Squamata,72-95
A0A8C5WIY3_IPR045860_1_119-204,Ly6,multimer,genus:Leptobrachium,72-95
A0A8D2E104_IPR045860_3_191-240,none,multimer,genus:Sciurus,50-72
A0A8T1S6N7_IPR045860_1_34-119,Ly6,mixture,order:Testudines,72-95
A0A8T2ITF9_IPR045860_2_87-173,Ly6,multimer,genus:Hymenochirus,72-95
A0A8W8KDT8_IPR016054_1_125-182,none,multimer,genus:Magallana,50-72
A0A974CHM8_IPR045860_2_18-104,Ly6,multimer,genus:Xenopus,72-95
A0A9B0TVH8_IPR016054_3_326-395,Ly6,multimer,genus:Chrysochloris,50-72
A0A9D3N6I5_IPR045860_1_470-549,none,monomer,order:Siluriformes,72-95
A0A9F2WG88_IPR045860_2_22-118,Ly6,multimer,genus:Python,95-117
A0A9Q0X670_IPR045860_4_477-560,Ly6,multimer,genus:Phrynocephalus,72-95
A0A9Q1AQ83_IPR045860_1_110-192,Ly6,multimer,genus:Phrynocephalus,72-95
A0A9Q1E5W2_IPR016054_1_110-194,Ly6,mixture,order:Anguilliformes,72-95
A0A9W3F2S8_IPR016054_1_29-113,none,monomer,family:Camelidae,72-95
A0A9W9YV36_IPR045860_1_18-85,Ly6,monomer,genus:Desmophyllum,50-72
A0AA35KP80_IPR045860_2_111-170,Ly6,multimer,genus:Podarcis,50-72
A0AA35W1U1_IPR045860_2_20-104,Ly6,multimer,genus:Podarcis,72-95
A0AA88MG49_IPR016054_1_70-153,Ly6,multimer,genus:Channa,72-95
A0AA97KF11_IPR045860_1_17-98,SPF,multimer,genus:Eublepharis,72-95
A0AA97LGA8_IPR016054_1_20-108,Ly6,multimer,genus:Eublepharis,72-95
A0AAD1T8U5_IPR045860_2_114-198,Ly6,multimer,genus:Pelobates,72-95
A0AAD1WMY7_IPR016054_1_211-296,Ly6,multimer,genus:Pelobates,72-95
A0AAD7RF96_IPR016054_1_125-208,Ly6,multimer,genus:Aldrovandia,72-95
A0AAE0RL94_IPR045860_1_74-155,Ly6,monomer,genus:Hemibagrus,72-95
A0AAJ8BBN9_IPR045860_1_19-105,Ly6,multimer,genus:Lates,72-95
A0AAU9ZG58_IPR051445_1_1-140,Ly6,monomer,family:Cricetidae,117-140
A0AAV1NYR3_IPR045860_2_112-199,Ly6,multimer,genus:Scomber,72-95
A0AAV2ZWC8_IPR045860_2_98-182,Ly6,multimer,genus:Pyxicephalus,72-95
A0AAV6R7P5_IPR016054_1_19-103,Ly6,monomer,order:Pleuronectiformes,72-95
A0AAV6ZAR4_IPR045860_1_21-108,Ly6,multimer,genus:Engystomops,72-95
A0AAV6ZK92_IPR045860_2_18-99,Ly6,multimer,genus:Engystomops,72-95
A0AAV7PX70_IPR045860_1_109-202,Ly6,multimer,genus:Pleurodeles,72-95
A0AAV7Q2J0_IPR045860_1_54-136,Ly6,monomer,genus:Pleurodeles,72-95
A0AAW0H2X7_IPR051445_1_2-148,Ly6,monomer,genus:Myodes,140-162
A0AAW0P4L4_IPR045860_5_118-189,Ly6,multimer,genus:Mugilogobius,50-72
A0AAW1EXL6_IPR045860_1_3-71,Ly6,monomer,genus:Zoarces,50-72
G1Q9A8_IPR016054_1_1-77,Ly6,monomer,genus:Myotis,72-95
G1T8J1_IPR016054_1_21-115,Ly6,monomer,genus:Oryctolagus,72-95
G3UDG7_IPR016054_1_20-98,Ly6,monomer,genus:Loxodonta,72-95
K4G495_IPR045860_2_16-98,Ly6,mixture,genus:Callorhinchus,72-95
Q076U5_IPR016054_2_138-192,Ly6,multimer,genus:Mus,50-72
Q4FAD1_IPR045860_1_21-105,Ly6,multimer,genus:Aneides,72-95
A0AA35JXL7_IPR026524_1_36-305,none,monomer,genus:Podarcis,252-275
A0A2I0MGF9_IPR039457_1_3-167,Ly6,monomer,genus:Columba,162-185
A0A3B4D2N9_IPR039457_1_7-161,Ly6,monomer,genus:Pygocentrus,140-162
A0A672FYF0_IPR039457_1_10-151,Ly6,monomer,genus:Salarias,140-162
A0A6A4W2P7_IPR039457_1_9-108,Ly6,monomer,genus:Amphibalanus,95-117
A0A834UG43_IPR039457_1_93-163,mixture,monomer,order:Hymenoptera,50-72
A0A8B9KZ25_IPR039457_1_90-142,none,monomer,genus:Astyanax,50-72
A0A8C5I7K5_IPR039457_1_5-150,Ly6,monomer,genus:Gouania,140-162
A0A8J9VF79_IPR039457_1_30-89,none,monomer,genus:Branchiostoma,50-72
A0AAD9J963_IPR039457_1_3-147,Ly6,monomer,genus:Paralvinella,140-162
A0AAN9GNJ2_IPR039457_1_57-181,none,monomer,genus:Littorina,117-140
A0AAW0JWB7_IPR045860_1_67-171,Ly6,monomer,genus:Myodes,95-117
A0A0N4TVA1_IPR031424_1_48-182,Quiver,monomer,order:Rhabditida,117-140
A0A0R3SPE6_IPR045860_1_21-117,none,monomer,genus:Hymenolepis,95-117
A0A0X3NTW2_IPR045860_1_69-155,Quiver,monomer,genus:Schistocephalus,72-95
A0A162SBX4_IPR031424_1_24-140,none,monomer,genus:Daphnia,95-117
A0A1D2M232_IPR045860_1_23-106,none,monomer,genus:Orchesella,72-95
A0A1I7SHS9_IPR031424_1_20-102,none,monomer,genus:Bursaphelenchus,72-95
A0A1L8DR15_IPR031424_1_165-248,none,multimer,genus:Nyssomyia,72-95
A0A1S3JCB9_IPR045860_1_29-126,Quiver,monomer,genus:Lingula,95-117
A0A1W0WHK4_IPR031424_1_21-107,Quiver,monomer,genus:Hypsibius,72-95
A0A1Y1M9X8_IPR031424_1_22-111,none,monomer,genus:Photinus,72-95
A0A226DFU2_IPR031424_1_25-146,none,monomer,genus:Folsomia,117-140
A0A336M5C4_IPR031424_1_24-119,none,monomer,genus:Culicoides,95-117
A0A430Q2G9_IPR031424_1_19-82,Quiver,monomer,genus:Schistosoma,50-72
A0A5N4A6G2_IPR031424_1_25-98,none,monomer,genus:Photinus,72-95
A0A6J2KCY7_IPR031424_1_24-127,none,monomer,genus:Bombyx,95-117
A0A6M2D7K0_IPR031424_1_81-153,mixture,monomer,class:Arachnida,72-95
A0A7R9A380_IPR031424_1_20-120,mixture,monomer,genus:Darwinula,95-117
A0A812C8I2_IPR031424_1_24-112,none,multimer,genus:Acanthosepion,72-95
A0A813V4U3_IPR031424_1_413-526,mixture,monomer,class:Eurotatoria,95-117
A0A8J1UEQ7_IPR031424_1_22-115,none,monomer,genus:Owenia,72-95
A0A8K0DG52_IPR031424_1_27-163,Quiver,monomer,genus:Ignelater,117-140
A0A8S1B4C4_IPR031424_1_24-110,none,monomer,genus:Arctia,72-95
A0A8X7CMT7_IPR031424_1_24-75,none,monomer,genus:Trichonephila,50-72
A0A9D4DVM6_IPR031424_1_9-88,none,monomer,genus:Dreissena,72-95
A0A9N9RRF8_IPR031424_1_20-105,none,monomer,genus:Chironomus,72-95
A0A9N9TXD8_IPR031424_1_22-138,none,monomer,genus:Phyllotreta,95-117
A0A9P0KX92_IPR031424_1_51-141,none,monomer,genus:Acanthoscelides,72-95
A0AAD8BBI5_IPR031424_1_23-104,mixture,monomer,class:Gastropoda,72-95
A0AAE0S332_IPR031424_1_31-117,Quiver,monomer,genus:Potamilus,72-95
A0AAF3F2R7_IPR031424_1_23-145,Quiver,monomer,genus:Mesorhabditis,117-140
A0AAJ7ITS2_IPR031424_1_24-150,none,monomer,genus:Ceratina,117-140
A0AAN8K6B6_IPR045860_1_21-115,Quiver,monomer,genus:Patella,72-95
A0AAV0WRX2_IPR031424_1_13-104,mixture,monomer,family:Aphididae,72-95
A0AAV2SF60_IPR031424_1_30-123,Quiver,monomer,genus:Meganyctiphanes,72-95
A0AAV8Z5N0_IPR031424_1_11-127,none,monomer,genus:Aromia,95-117
A0AAW1NBZ3_IPR031424_1_20-132,none,monomer,genus:Popillia,95-117
A0ABD0SZU3_IPR031424_1_21-125,none,monomer,genus:Loxostege,95-117
A0ABD2QAB0_IPR031424_1_71-210,none,monomer,genus:Cichlidogyrus,117-140
A0ABD3XXM4_IPR045860_1_20-102,none,monomer,genus:Sinanodonta,72-95
T1EFF7_IPR031424_1_33-125,none,monomer,genus:Helobdella,72-95
T1IWT8_IPR031424_1_133-218,none,multimer,genus:Strigamia,72-95
V5GYU3_IPR031424_1_27-92,none,monomer,genus:Ixodes,50-72
A0A016SN68_IPR045860_1_17-90,none,monomer,genus:Ancylostoma,72-95
A0A016WST8_IPR045860_1_76-178,none,monomer,genus:Ancylostoma,95-117
A0A091DT05_IPR045860_1_73-155,none,monomer,genus:Fukomys,72-95
A0A0A0QU69_IPR045860_1_31-112,mixture,mixture,genus:Lissotriton,72-95
A0A0B1SEK9_IPR045860_1_6-99,none,monomer,genus:Oesophagostomum,72-95
A0A0D8XCA3_IPR045860_1_21-94,none,monomer,genus:Dictyocaulus,72-95
A0A0K0E3A8_IPR045860_1_25-112,Ly6,monomer,genus:Strongyloides,72-95
A0A0K8WBI6_IPR045860_1_1-57,none,monomer,genus:Bactrocera,50-72
A0A0M3IEM9_IPR045860_1_11-115,Ly6,monomer,genus:Ascaris,95-117
A0A0N4Z9K5_IPR045860_1_137-241,none,monomer,family:Strongyloididae,95-117
A0A0P7UQQ7_IPR045860_1_5-86,none,multimer,genus:Scleropages,72-95
A0A182DZD6_IPR045860_1_27-76,none,monomer,genus:Onchocerca,50-72
A0A182JN48_IPR045860_1_54-164,none,monomer,family:Culicidae,95-117
A0A183IVV4_IPR045860_1_4-78,none,monomer,genus:Soboliphyme,72-95
A0A1A6H9M5_IPR045860_1_19-100,mixture,monomer,order:Rodentia,72-95
A0A1B6FT16_IPR045860_1_1-80,none,monomer,genus:Cuerna,72-95
A0A1D1V5I6_IPR045860_1_20-128,none,monomer,genus:Ramazzottius,95-117
A0A1I7RK48_IPR045860_1_8-67,none,monomer,genus:Bursaphelenchus,50-72
A0A1I8GNL6_IPR045860_1_34-89,Ly6,monomer,genus:Macrostomum,50-72
A0A1S3JUE0_IPR045860_1_17-101,none,monomer,genus:Lingula,72-95
A0A1W4WUM4_IPR045860_1_82-184,none,monomer,order:Coleoptera,95-117
A0A1Y1ME07_IPR045860_1_36-139,none,monomer,family:Lampyridae,95-117
A0A210Q2J1_IPR045860_2_124-206,none,multimer,genus:Mizuhopecten,72-95
A0A212EH17_IPR045860_1_16-108,none,monomer,genus:Danaus,72-95
A0A2A6B8C4_IPR045860_1_55-114,none,monomer,genus:Pristionchus,50-72
A0A2B4RQA1_IPR045860_1_18-110,none,monomer,genus:Stylophora,72-95
A0A2G9R7K9_IPR045860_1_1-84,Ly6,monomer,genus:Aquarana,72-95
A0A2I4BTD9_IPR045860_1_13-111,none,monomer,genus:Austrofundulus,95-117
A0A2U9B667_IPR045860_1_27-85,none,monomer,genus:Scophthalmus,50-72
A0A2W1BPB7_IPR045860_1_31-105,Ly6,monomer,family:Noctuidae,72-95
A0A340WSA6_IPR045860_1_21-105,none,monomer,class:Mammalia,72-95
A0A3B3REH5_IPR045860_1_72-152,none,multimer,genus:Paramormyrops,72-95
A0A3B3U9X5_IPR045860_1_57-110,Ly6,monomer,genus:Poecilia,50-72
A0A3B4B5Q2_IPR045860_1_9-87,none,monomer,genus:Periophthalmus,72-95
A0A3B4DMF1_IPR045860_1_2-85,none,monomer,genus:Pygocentrus,72-95
A0A3B5PZA7_IPR045860_1_35-113,Ly6,mixture,family:Poeciliidae,72-95
A0A3M7QKJ5_IPR045860_1_16-81,none,monomer,genus:Brachionus,50-72
A0A3Q2G9W8_IPR045860_1_13-89,Ly6,monomer,genus:Cyprinodon,72-95
A0A3Q2UYB1_IPR045860_1_33-87,Ly6,monomer,genus:Haplochromis,50-72
A0A3Q2Z2Q7_IPR045860_1_17-89,Ly6,monomer,genus:Hippocampus,72-95
A0A3Q3X4W0_IPR045860_1_16-79,Ly6,monomer,genus:Mola,50-72
A0A482XPQ3_IPR045860_1_23-107,none,monomer,genus:Laodelphax,72-95
A0A4U5M6H0_IPR045860_1_39-110,Ly6,monomer,genus:Steinernema,50-72
A0A4V0Y8K4_IPR045860_1_25-127,none,monomer,family:Reduviidae,95-117
A0A4W3J9B0_IPR045860_1_29-103,none,monomer,genus:Callorhinchus,72-95
A0A553PTF8_IPR045860_1_15-125,none,monomer,genus:Tigriopus,95-117
A0A5A9NX30_IPR045860_1_33-140,none,monomer,genus:Triplophysa,95-117
A0A5N5SV01_IPR045860_1_26-123,none,monomer,genus:Armadillidium,95-117
A0A670HUF0_IPR045860_1_21-88,Ly6,monomer,genus:Podarcis,50-72
A0A671UBK0_IPR045860_1_23-104,none,monomer,genus:Sparus,72-95
A0A671X1Z9_IPR045860_1_1-58,none,monomer,class:Actinopteri,50-72
A0A6I9XXF5_IPR045860_1_175-258,Ly6,monomer,genus:Thamnophis,72-95
A0A6J1X7P0_IPR045860_1_8-84,none,monomer,order:Lepidoptera,72-95
A0A6J2VG78_IPR045860_1_289-363,none,monomer,genus:Chanos,72-95
A0A6J2Y8A3_IPR045860_1_19-112,mixture,monomer,genus:Sitophilus,72-95
A0A6L2QCB8_IPR045860_1_5-93,none,monomer,class:Insecta,72-95
A0A6P8PA34_IPR045860_2_4-103,none,multimer,genus:Geotrypetes,95-117
A0A6P9DRR7_IPR045860_1_17-89,none,monomer,genus:Pantherophis,72-95
A0A6S7FYC7_IPR045860_1_19-115,none,monomer,genus:Paramuricea,95-117
A0A6V7TRM7_IPR045860_1_1-58,none,monomer,genus:Meloidogyne,50-72
A0A7I4YMT0_IPR045860_1_34-95,none,monomer,genus:Haemonchus,50-72
A0A7J5YYR1_IPR045860_1_88-139,none,monomer,genus:Dissostichus,50-72
A0A7J6ATT3_IPR045860_1_19-107,mixture,monomer,family:Ictaluridae,72-95
A0A7L0C1F1_IPR045860_1_8-85,none,monomer,class:Aves,72-95
A0A7M5XJP8_IPR045860_1_31-129,none,monomer,genus:Clytia,95-117
A0A7M7K8D6_IPR045860_1_301-372,none,monomer,genus:Varroa,50-72
A0A7R8ZMA6_IPR045860_1_383-485,none,monomer,genus:Cyprideis,95-117
A0A7R9GFT3_IPR045860_1_18-112,none,monomer,genus:Notodromas,72-95
A0A7R9RIX8_IPR045860_1_62-149,SPF,monomer,genus:Argulus,72-95
A0A813T8Y0_IPR045860_1_32-127,none,monomer,class:Eurotatoria,72-95
A0A814GJ74_IPR045860_1_13-83,Ly6,monomer,genus:Brachionus,50-72
A0A814M5W0_IPR045860_1_17-119,none,monomer,genus:Adineta,95-117
A0A817KBX2_IPR045860_1_15-82,none,monomer,genus:Rotaria,50-72
A0A8B8D7C7_IPR045860_1_21-108,none,monomer,family:Ostreidae,72-95
A0A8C1TUM4_IPR045860_1_3-64,mixture,mixture,family:Cyprinidae,50-72
A0A8C4NEM9_IPR045860_1_70-152,none,monomer,genus:Eptatretus,72-95
A0A8C5DIG9_IPR045860_1_44-129,Ly6,monomer,genus:Gouania,72-95
A0A8C6ZSB7_IPR045860_1_4-85,none,monomer,genus:Nothoprocta,72-95
A0A8D0ARH9_IPR045860_1_5-85,none,monomer,class:Actinopteri,72-95
A0A8D2J7Q4_IPR045860_1_105-193,none,multimer,genus:Varanus,72-95
A0A8D8BT44_IPR045860_1_169-246,none,monomer,genus:Culex,72-95
A0A8J0QY25_IPR045860_1_25-101,none,monomer,genus:Xenopus,72-95
A0A8J1K1D1_IPR045860_1_58-145,Ly6,monomer,genus:Xenopus,72-95
A0A8J1TVW4_IPR045860_1_23-111,none,monomer,genus:Owenia,72-95
A0A8J6E5M1_IPR045860_2_21-99,SPF,multimer,genus:Eleutherodactylus,72-95
A0A8J6HLL9_IPR045860_1_24-101,none,monomer,genus:Tenebrio,72-95
A0A8J7TJ52_IPR045860_1_32-115,none,monomer,family:Lepisosteidae,72-95
A0A8J9ZAB5_IPR045860_1_23-104,none,mixture,genus:Branchiostoma,72-95
A0A8S1DD38_IPR045860_1_71-168,none,monomer,genus:Cloeon,95-117
A0A8S1H9A6_IPR045860_1_1774-1874,none,monomer,genus:Caenorhabditis,95-117
A0A8W8KSJ0_IPR045860_1_29-114,Ly6,monomer,genus:Magallana,72-95
A0A8W8NV83_IPR045860_1_280-358,none,mixture,family:Ostreidae,72-95
A0A913ZMR1_IPR045860_1_23-111,none,monomer,genus:Patiria,72-95
A0A914C6D3_IPR045860_1_29-96,none,monomer,genus:Acrobeloides,72-95
A0A914JB13_IPR045860_1_13-75,none,monomer,genus:Panagrolaimus,50-72
A0A914TB48_IPR045860_1_17-118,Ly6,monomer,genus:Panagrolaimus,95-117
A0A914WKK8_IPR045860_1_44-134,none,monomer,genus:Plectus,72-95
A0A915BQP4_IPR045860_1_20-113,none,monomer,genus:Parascaris,72-95
A0A9D4E1M1_IPR045860_1_584-660,none,monomer,genus:Dreissena,72-95
A0A9D4JPX3_IPR045860_1_26-116,none,monomer,genus:Dreissena,72-95
A0A9J2PAH0_IPR045860_1_15-108,none,monomer,family:Ascarididae,72-95
A0A9J7K6D8_IPR045860_1_43-143,none,monomer,genus:Branchiostoma,95-117
A0A9N7Z979_IPR045860_1_42-100,none,monomer,genus:Pleuronectes,50-72
A0A9P0GIB7_IPR045860_1_111-191,SPF,multimer,genus:Psylliodes,72-95
A0A9Q0S9S9_IPR045860_1_8-102,none,monomer,genus:Pseudolycoriella,72-95
A0A9W9ZBW4_IPR045860_1_23-116,none,monomer,genus:Desmophyllum,72-95
A0A9Y4NG79_IPR045860_1_18-85,mixture,monomer,genus:Stegastes,50-72
A0AA35K031_IPR045860_1_34-110,Ly6,monomer,genus:Podarcis,72-95
A0AA36C6F4_IPR045860_1_61-137,none,monomer,genus:Mesorhabditis,72-95
A0AA36DVV5_IPR045860_1_448-531,none,monomer,genus:Cylicocyclus,72-95
A0AA36GTN8_IPR045860_1_13-88,none,monomer,genus:Cylicocyclus,72-95
A0AA36M549_IPR045860_1_23-83,none,monomer,genus:Cylicocyclus,50-72
A0AA39EYS4_IPR045860_1_23-105,mixture,monomer,genus:Microctonus,72-95
A0AA47NAW7_IPR045860_1_29-104,none,monomer,genus:Merluccius,72-95
A0AAD1T3W7_IPR045860_1_68-152,none,monomer,genus:Pelobates,72-95
A0AAD4JZ13_IPR045860_1_1-97,none,monomer,genus:Drosophila,95-117
A0AAD5MS44_IPR045860_1_19-94,none,monomer,genus:Parelaphostrongylus,72-95
A0AAD9KPJ5_IPR045860_1_8-99,none,monomer,genus:Ridgeia,72-95
A0AAD9QQA3_IPR045860_1_22-102,SPF,monomer,genus:Acropora,72-95
A0AAE1DCK7_IPR045860_1_25-101,none,monomer,family:Plakobranchidae,72-95
A0AAF3ENJ8_IPR045860_1_19-106,Ly6,monomer,genus:Mesorhabditis,72-95
A0AAJ7RDB7_IPR045860_1_25-130,none,monomer,genus:Cephus,95-117
A0AAJ7UF21_IPR045860_2_114-202,Ly6,multimer,genus:Petromyzon,72-95
A0AAN8CT92_IPR045860_1_1-70,none,monomer,genus:Champsocephalus,50-72
A0AAN8Q3M1_IPR045860_1_11-94,Ly6,monomer,genus:Coregonus,72-95
A0AAN9GMI8_IPR045860_1_16-104,none,monomer,genus:Littorina,72-95
A0AAN9Z0K7_IPR045860_1_23-109,none,monomer,genus:Gryllus,72-95
A0AAV1LKW3_IPR045860_1_21-106,mixture,monomer,order:Lepidoptera,72-95
A0AAV2MQG7_IPR045860_1_29-125,none,monomer,family:Gobiidae,72-95
A0AAV5SFX2_IPR045860_1_25-119,mixture,monomer,genus:Pristionchus,72-95
A0AAV5UBZ2_IPR045860_1_58-154,none,monomer,genus:Pristionchus,95-117
A0AAV5WT19_IPR045860_1_2-105,none,monomer,genus:Pristionchus,95-117
A0AAV6YY00_IPR045860_1_17-103,Ly6,multimer,genus:Engystomops,72-95
A0AAV6ZKZ0_IPR045860_1_27-109,SPF,monomer,genus:Engystomops,72-95
A0AAV7BHU2_IPR045860_1_30-104,none,monomer,order:Anura,72-95
A0AAV7ME30_IPR045860_1_339-453,none,multimer,genus:Pleurodeles,95-117
A0AAV8VLG1_IPR045860_1_21-99,none,monomer,genus:Exocentrus,72-95
A0AAV9S210_IPR045860_1_17-106,none,monomer,genus:Crenichthys,72-95
A0AAW0MVP7_IPR045860_1_186-239,Ly6,multimer,genus:Mugilogobius,50-72
A0AAW0XGR7_IPR045860_1_35-140,none,monomer,genus:Cherax,95-117
A0AAW1AZ73_IPR045860_1_30-118,none,monomer,genus:Crotalus,72-95
A0AAW1EKQ6_IPR045860_1_18-80,mixture,monomer,genus:Zoarces,50-72
A0AAW1K1Y1_IPR045860_1_9-116,none,monomer,genus:Popillia,95-117
A0AAW1UPF2_IPR045860_1_18-107,none,monomer,genus:Henosepilachna,72-95
A0AAX6SC57_IPR045860_1_44-100,Ly6,monomer,genus:Heterocephalus,50-72
C3YT75_IPR045860_1_2-92,none,monomer,genus:Branchiostoma,72-95
G1KPQ7_IPR045860_1_26-141,none,monomer,genus:Anolis,95-117
K7GIW0_IPR045860_1_28-103,none,monomer,genus:Pelodiscus,72-95
M7AYP8_IPR045860_1_199-253,none,monomer,genus:Chelonia,50-72
Q0GAZ1_IPR045860_1_20-85,none,monomer,genus:Plethodon,50-72
Q9UAG2_IPR045860_2_24-110,none,multimer,genus:Ephydatia,72-95
T2MGF9_IPR045860_1_24-129,none,monomer,genus:Hydra,95-117
V4AXA9_IPR045860_1_20-121,none,monomer,genus:Lottia,95-117
Centipede3FTx_0055_1255758,manually_annotated,monomer,class:Chilopoda,95-117
Centipede3FTx_0087_984703,manually_annotated,monomer,class:Chilopoda,117-140
Centipede3FTx_0119_1255758,manually_annotated,monomer,class:Chilopoda,72-95
A0A8J6AAH1_IPR042339_1_186-305,Ly6,monomer,genus:Galemys,117-140
A0A8S4NPY5_IPR003571_1_50-119,Ly6,monomer,genus:Owenia,50-72
A7X4T2_IPR045860_1_12-81,3FTx,monomer,genus:Oxyuranus,50-72
C6JUP3_IPR045860_1_12-82,3FTx,monomer,genus:Micrurus,50-72
P25667_IPR045860_1_1-72,none,monomer,genus:Dendroaspis,50-72
A0A6B0S6F5_IPR016054_1_24-99,none,monomer,genus:Bos,72-95
A0A0X3PP27_IPR045860_1_39-110,none,monomer,genus:Schistocephalus,50-72
A0A3B3Q5L1_IPR045860_1_31-104,none,monomer,genus:Paramormyrops,72-95
A0A3B4D5H9_IPR045860_2_115-193,Ly6,multimer,genus:Pygocentrus,72-95
A0A3Q2ZKN1_IPR045860_1_16-82,none,monomer,genus:Kryptolebias,50-72
A0A504YEI6_IPR045860_1_9-67,none,monomer,genus:Fasciola,50-72
A0A5N4CGH2_IPR045860_1_28-90,none,monomer,genus:Camelus,50-72
A0A6P5KXK8_IPR016054_1_22-107,Ly6,monomer,genus:Phascolarctos,72-95
A0A6P7JVL8_IPR016054_2_489-573,none,multimer,genus:Parambassis,72-95
A0A6S7I1P9_IPR045860_1_21-119,none,monomer,genus:Paramuricea,95-117
A0A7K4LRY5_IPR045860_1_6-87,none,monomer,genus:Crypturellus,72-95
A0A7K9PS66_IPR045860_1_1-81,mixture,monomer,order:Passeriformes,72-95
A0A8B6HNX8_IPR045860_2_205-282,none,mixture,genus:Mytilus,72-95
A0A8B9DRJ1_IPR016054_1_21-110,Ly6,monomer,class:Aves,72-95
A0A8C0XN19_IPR016054_1_21-107,Ly6,monomer,genus:Castor,72-95
A0A8C2VHD8_IPR045860_1_52-130,none,monomer,order:Rodentia,72-95
A0A8C3I1A9_IPR045860_1_58-110,none,monomer,genus:Chrysemys,50-72
A0A9D3NM10_IPR016054_2_97-189,Ly6,multimer,genus:Hemibagrus,72-95
A0A9D4MDK6_IPR045860_1_34-113,none,monomer,genus:Dreissena,72-95
A0A9W7TC53_IPR016054_2_20-111,none,multimer,genus:Triplophysa,72-95
A0AAD8FW28_IPR016054_1_2-71,Ly6,multimer,genus:Acipenser,50-72
A0AAV1QBH4_IPR045860_1_103-186,none,monomer,genus:Scomber,72-95
A0AAV6YVW1_IPR016054_1_21-110,Ly6,monomer,genus:Engystomops,72-95
A0AAV7V702_IPR016054_1_92-174,Ly6,monomer,genus:Pleurodeles,72-95
F6XIX4_IPR045860_1_13-92,Ly6,monomer,genus:Ornithorhynchus,72-95
A0AAX6P9W6_IPR038773_1_22-222,Ly6,monomer,genus:Heterocephalus,185-207
A0A0F7JJU4_IPR045860_1_18-105,Ly6,multimer,genus:Ichthyosaura,72-95
A0A0H4AE56_IPR045860_2_94-150,Ly6,multimer,genus:Desmognathus,50-72
A0A151M3U4_IPR016054_2_234-328,Ly6,multimer,genus:Alligator,72-95
A0A151NAK5_IPR016054_1_142-200,Ly6,multimer,genus:Alligator,50-72
A0A1S3ACQ1_IPR016054_1_21-110,none,multimer,genus:Erinaceus,72-95
A0A1S3GGR9_IPR016054_2_135-210,Ly6,multimer,genus:Dipodomys,72-95
A0A210Q449_IPR016054_3_24-104,none,multimer,genus:Mizuhopecten,72-95
A0A2K6SV26_IPR016054_1_26-111,mixture,monomer,unknown,72-95
A0A315V8E4_IPR016054_2_168-251,Ly6,multimer,genus:Gambusia,72-95
A0A385NIE2_IPR045860_1_18-108,Ly6,monomer,order:Siluriformes,72-95
A0A3B4D5A8_IPR016054_1_54-136,Ly6,monomer,genus:Pygocentrus,72-95
A0A3B5KH66_IPR045860_1_27-109,Ly6,monomer,genus:Takifugu,72-95
A0A3P9P951_IPR016054_1_19-89,Ly6,monomer,genus:Poecilia,50-72
A0A4X2KHV6_IPR045860_1_127-212,Ly6,multimer,class:Mammalia,72-95
A0A4Z2HTV0_IPR045860_2_19-103,Ly6,multimer,genus:Liparis,72-95
A0A5C6NFC2_IPR045860_1_17-107,Ly6,monomer,genus:Takifugu,72-95
A0A5F4VUD7_IPR045860_2_26-107,Ly6,multimer,order:Primates,72-95
A0A5F9DHJ6_IPR016054_1_38-120,Ly6,monomer,class:Mammalia,72-95
A0A665VKJ1_IPR045860_1_18-101,Ly6,monomer,genus:Echeneis,72-95
A0A672INL4_IPR045860_1_13-100,Ly6,monomer,genus:Salarias,72-95
A0A673UHM4_IPR016054_1_21-98,Ly6,monomer,order:Carnivora,72-95
A0A6I9Y6Q2_IPR045860_1_80-168,Ly6,multimer,order:Squamata,72-95
A0A6J0DFT1_IPR016054_1_20-100,Ly6,monomer,genus:Peromyscus,72-95
A0A6J0V6G9_IPR045860_1_18-105,mixture,multimer,order:Squamata,72-95
A0A6P5LQI4_IPR045860_2_23-121,Ly6,mixture,class:Mammalia,95-117
A0A6P5PCG9_IPR045860_1_17-109,mixture,monomer,genus:Mus,95-117
A0A6P7MES0_IPR045860_2_22-109,Ly6,multimer,genus:Betta,72-95
A0A6P7YQ12_IPR045860_2_106-199,Ly6,multimer,genus:Microcaecilia,72-95
A0A6P7Z004_IPR045860_1_114-194,Ly6,multimer,genus:Microcaecilia,72-95
A0A6P8I7U6_IPR016054_1_293-389,mixture,multimer,genus:Actinia,95-117
A0A6P9DT82_IPR045860_1_21-110,Ly6,multimer,genus:Pantherophis,72-95
A0A803J7Y5_IPR045860_2_113-196,Ly6,multimer,genus:Xenopus,72-95
A0A803JR13_IPR045860_3_18-101,Ly6,multimer,genus:Xenopus,72-95
A0A8B7FMK6_IPR016054_2_124-186,Ly6,multimer,genus:Microcebus,50-72
A0A8B8ASX3_IPR045860_1_20-100,none,monomer,genus:Crassostrea,72-95
A0A8C2VY68_IPR016054_1_26-108,none,monomer,genus:Chinchilla,72-95
A0A8C3P577_IPR016054_1_21-108,Ly6,multimer,genus:Chrysemys,72-95
A0A8C4EXV3_IPR045860_1_18-94,mixture,multimer,genus:Dicentrarchus,72-95
A0A8C5QQJ9_IPR045860_1_193-278,Ly6,multimer,genus:Leptobrachium,72-95
A0A8C5WIY3_IPR045860_2_25-109,Ly6,multimer,genus:Leptobrachium,72-95
A0A8C6EQ49_IPR016054_1_59-154,Ly6,monomer,family:Sciuridae,95-117
A0A8C6H9D2_IPR016054_1_45-123,Ly6,monomer,genus:Mus,72-95
A0A8C6UGH2_IPR045860_1_27-113,Ly6,monomer,genus:Neogobius,72-95
A0A8C6X013_IPR016054_1_22-99,none,monomer,genus:Neogobius,72-95
A0A8D0FMP8_IPR045860_1_60-139,Ly6,monomer,family:Strigidae,72-95
A0A8J1JUZ4_IPR045860_1_18-105,Ly6,multimer,genus:Xenopus,72-95
A0A8J6EGX5_IPR045860_2_18-101,Ly6,mixture,genus:Eleutherodactylus,72-95
A0A8T1S708_IPR045860_1_17-106,Ly6,multimer,order:Testudines,72-95
A0A8T2ITI0_IPR045860_1_111-190,Ly6,multimer,genus:Hymenochirus,72-95
A0A8T3E715_IPR045860_1_18-103,Ly6,monomer,class:Actinopteri,72-95
A0A8W8KDT8_IPR045860_2_24-109,none,multimer,genus:Magallana,72-95
A0A914Q193_IPR045860_1_32-110,Ly6,monomer,genus:Panagrolaimus,72-95
A0A974HCV5_IPR045860_1_104-189,mixture,multimer,genus:Xenopus,72-95
A0A9D3NE34_IPR045860_1_5-77,mixture,monomer,class:Actinopteri,72-95
A0A9D4I932_IPR045860_1_18-102,mixture,mixture,genus:Dreissena,72-95
A0A9Q1AQ83_IPR045860_2_17-101,Ly6,multimer,genus:Phrynocephalus,72-95
A0AA35KMR6_IPR016054_1_148-214,Ly6,multimer,genus:Podarcis,50-72
A0AA35NW11_IPR016054_1_25-108,none,monomer,genus:Podarcis,72-95
A0AA35PDU3_IPR045860_1_1-66,Ly6,multimer,genus:Podarcis,50-72
A0AA36B6C1_IPR016054_1_413-498,none,mixture,genus:Octopus,72-95
A0AA47MBQ7_IPR016054_1_88-160,Ly6,multimer,genus:Merluccius,72-95
A0AA88MG49_IPR045860_2_1-60,Ly6,multimer,genus:Channa,50-72
A0AA97KF11_IPR045860_2_112-195,SPF,multimer,genus:Eublepharis,72-95
A0AA97LGA8_IPR045860_2_113-197,Ly6,multimer,genus:Eublepharis,72-95
A0AAD1T8V5_IPR045860_1_114-189,Ly6,multimer,genus:Pelobates,72-95
A0AAD1WMY7_IPR016054_2_112-205,Ly6,multimer,genus:Pelobates,72-95
A0AAD7RF96_IPR016054_2_34-121,Ly6,multimer,genus:Aldrovandia,72-95
A0AAE0SJ38_IPR016054_1_32-119,mixture,multimer,family:Unionidae,72-95
A0AAJ8BBN9_IPR045860_2_115-190,Ly6,multimer,genus:Lates,72-95
A0AAN8GLH4_IPR016054_1_20-115,mixture,mixture,order:Perciformes,72-95
A0AAN9D3R0_IPR045860_1_11-94,Ly6,multimer,genus:Phoxinus,72-95
A0AAU9W907_IPR045860_1_16-97,Ly6,monomer,genus:Pocillopora,72-95
A0AAV1P1X4_IPR045860_1_18-106,Ly6,monomer,genus:Scomber,72-95
A0AAV2MMQ6_IPR016054_1_75-154,none,monomer,genus:Knipowitschia,72-95
A0AAV2ZYU8_IPR016054_1_23-105,none,monomer,genus:Pyxicephalus,72-95
A0AAV6ZKX7_IPR045860_1_41-126,Ly6,monomer,genus:Engystomops,72-95
A0AAV7PX70_IPR045860_2_203-292,Ly6,multimer,genus:Pleurodeles,72-95
A0AAV7Q2N7_IPR045860_1_18-101,Ly6,monomer,genus:Pleurodeles,72-95
A0AAW0MWW2_IPR045860_2_428-509,Ly6,mixture,genus:Mugilogobius,72-95
A0AAW0P4L4_IPR045860_6_24-107,Ly6,multimer,genus:Mugilogobius,72-95
A0AAW1AXH1_IPR016054_1_289-379,mixture,multimer,order:Squamata,72-95
A0AAX7UYT2_IPR045860_1_113-190,Ly6,multimer,genus:Astatotilapia,72-95
A6JYL5_IPR016054_1_20-98,Ly6,monomer,genus:Rattus,72-95
C6EVH1_IPR016054_1_20-100,Ly6,monomer,genus:Heloderma,72-95
G1QBH4_IPR016054_1_26-109,none,monomer,genus:Myotis,72-95
G3UDR6_IPR051445_1_7-126,Ly6,monomer,genus:Loxodonta,117-140
H2UP52_IPR016054_1_6-94,Ly6,multimer,genus:Takifugu,72-95
O62680_IPR016054_1_26-109,none,monomer,order:Artiodactyla,72-95
Q09098_IPR045860_1_22-98,none,monomer,genus:Mus,72-95
Q4FAD1_IPR045860_2_113-188,Ly6,multimer,genus:Aneides,72-95
R0LJ75_IPR045860_1_76-155,mixture,monomer,phylum:Chordata,72-95
S7PTS4_IPR016054_3_2-57,Ly6,multimer,genus:Myotis,50-72
W5NTR4_IPR045860_1_33-127,Ly6,monomer,genus:Ovis,72-95
A0A1S3QRH3_IPR039457_1_6-112,mixture,monomer,phylum:Chordata,95-117
A0A3B4EN61_IPR039457_1_10-165,mostly_Ly6,monomer,class:Actinopteri,140-162
A0A672HLC3_IPR039457_1_4-171,Ly6,monomer,class:Actinopteri,162-185
A0A7K9VEM8_IPR039457_1_1-141,mixture,monomer,class:Aves,140-162
A0AAD9L2I6_IPR039457_1_14-173,none,monomer,genus:Ridgeia,140-162
A0AAN9W1I2_IPR039457_1_114-222,mixture,monomer,class:Insecta,95-117
A0A087TWU8_IPR031424_1_25-118,none,monomer,genus:Stegodyphus,72-95
A0A0B6YKN5_IPR031424_1_25-90,Quiver,monomer,genus:Arion,50-72
A0A0D8XV41_IPR045860_1_17-108,mixture,monomer,order:Rhabditida,72-95
A0A0K2TBC0_IPR045860_1_2-84,none,monomer,genus:Lepeophtheirus,72-95
A0A0N4UAD7_IPR031424_1_8-96,none,monomer,genus:Dracunculus,72-95
A0A0X3NUI8_IPR031424_1_37-146,Quiver,monomer,genus:Schistocephalus,95-117
A0A132ALK2_IPR031424_1_3-94,mixture,monomer,genus:Sarcoptes,95-117
A0A182YN72_IPR031424_1_97-172,none,monomer,genus:Anopheles,72-95
A0A1D1UJ77_IPR031424_1_24-104,Quiver,monomer,genus:Ramazzottius,72-95
A0A1D2M2Q1_IPR031424_1_32-134,none,monomer,genus:Orchesella,95-117
A0A1I7SI19_IPR045860_1_20-106,none,monomer,genus:Bursaphelenchus,72-95
A0A1L8DAE9_IPR031424_1_22-105,none,monomer,genus:Nyssomyia,72-95
A0A1S3DL79_IPR031424_1_4-65,mixture,monomer,family:Psyllidae,50-72
A0A1S3JFN5_IPR031424_1_21-106,none,monomer,genus:Lingula,72-95
A0A1W0WLN0_IPR031424_1_22-102,Ly6,monomer,genus:Hypsibius,72-95
A0A1W4XP76_IPR031424_1_25-138,none,monomer,genus:Agrilus,95-117
A0A210Q5L8_IPR031424_1_24-109,Quiver,monomer,genus:Mizuhopecten,72-95
A0A226DHQ9_IPR031424_1_28-126,none,monomer,genus:Folsomia,95-117
A0A2L2XXV9_IPR031424_1_24-117,none,monomer,genus:Parasteatoda,72-95
A0A2S2QSA9_IPR031424_1_24-175,none,monomer,genus:Sipha,140-162
A0A336MDL6_IPR031424_1_27-125,none,monomer,genus:Culicoides,95-117
A0A498SGX9_IPR031424_1_1-116,Quiver,monomer,genus:Acanthocheilonema,95-117
A0A4Q8K274_IPR045860_1_21-113,none,monomer,genus:Liphistius,72-95
A0A5N4A6G7_IPR045860_1_21-103,none,monomer,genus:Photinus,72-95
A0A653CEK6_IPR031424_1_36-124,none,monomer,genus:Callosobruchus,72-95
A0A6G0Z012_IPR031424_1_32-165,none,monomer,family:Aphididae,117-140
A0A6J2KEB2_IPR031424_1_70-183,none,monomer,genus:Bombyx,95-117
A0A6J2U7S6_IPR031424_1_22-126,none,monomer,genus:Scaptodrosophila,95-117
A0A6M2DUI0_IPR031424_1_10-126,Ly6,monomer,genus:Xenopsylla,95-117
A0A6P7G9F3_IPR031424_1_22-137,none,monomer,genus:Diabrotica,95-117
A0A6P9AFF6_IPR031424_1_29-121,none,monomer,genus:Thrips,72-95
A0A7M7KLR1_IPR031424_1_61-160,Quiver,monomer,order:Mesostigmata,95-117
A0A7R9ADR3_IPR031424_1_18-115,none,monomer,genus:Darwinula,95-117
A0A7R9G9N2_IPR031424_1_1212-1296,none,monomer,genus:Notodromas,72-95
A0A814HPW8_IPR045860_1_17-102,none,monomer,genus:Adineta,72-95
A0A815BT65_IPR031424_1_24-73,none,monomer,genus:Rotaria,50-72
A0A834MC82_IPR031424_1_24-143,none,monomer,genus:Rhynchophorus,117-140
A0A8B8BC15_IPR031424_1_25-122,none,monomer,family:Ostreidae,95-117
A0A8J1UJN8_IPR031424_1_25-111,none,monomer,genus:Owenia,72-95
A0A8J2P850_IPR031424_1_19-120,none,monomer,genus:Allacma,95-117
A0A8J6LDS7_IPR031424_1_218-334,none,monomer,genus:Tenebrio,95-117
A0A8S4RWH0_IPR031424_1_13-63,none,monomer,family:Nymphalidae,50-72
A0A915JBC3_IPR031424_1_47-157,Quiver,monomer,genus:Romanomermis,95-117
A0A9D4E6S6_IPR045860_1_19-101,Quiver,monomer,genus:Dreissena,72-95
A0A9D4NE64_IPR031424_1_15-90,mixture,monomer,genus:Dreissena,72-95
A0A9N9RS76_IPR045860_1_19-108,none,monomer,family:Chironomidae,72-95
A0A9N9TXK1_IPR031424_1_25-124,none,monomer,genus:Phyllotreta,95-117
A0A9P0AMP3_IPR031424_1_41-140,none,monomer,genus:Brassicogethes,95-117
A0A9P0D0Y8_IPR031424_1_24-122,Quiver,monomer,genus:Psylliodes,95-117
A0A9P0GIP3_IPR045860_1_20-130,none,monomer,genus:Psylliodes,95-117
A0A9P0LHQ8_IPR031424_1_25-138,mixture,monomer,family:Chrysomelidae,95-117
A0A9P0PZY7_IPR031424_1_20-113,none,monomer,family:Chrysomelidae,95-117
A0AA36AV72_IPR031424_1_30-87,none,monomer,genus:Octopus,50-72
A0AAE0S8T1_IPR045860_1_22-105,none,monomer,genus:Potamilus,72-95
A0AAE1U1C0_IPR031424_1_15-74,none,monomer,genus:Petrolisthes,50-72
A0AAF3J768_IPR031424_1_24-109,Quiver,monomer,genus:Mesorhabditis,72-95
A0AAN7QD38_IPR031424_1_18-109,none,monomer,genus:Aquatica,72-95
A0AAN8K8C8_IPR031424_1_21-117,none,monomer,genus:Patella,95-117
A0AAN9GM40_IPR045860_1_21-108,none,monomer,genus:Littorina,72-95
A0AAV2SGW7_IPR045860_1_24-121,none,monomer,genus:Meganyctiphanes,95-117
A0AAV8Z602_IPR045860_1_2-95,Quiver,monomer,genus:Aromia,72-95
A0AAW0Y435_IPR045860_1_17-114,none,monomer,genus:Cherax,95-117
A0ABD2VST3_IPR031424_1_24-125,none,monomer,genus:Trichogramma,95-117
A0ABD3XXR4_IPR031424_1_24-104,mixture,monomer,family:Unionidae,72-95
B4KJN4_IPR045860_1_21-119,mixture,monomer,genus:Drosophila,95-117
E0VVY8_IPR031424_1_25-111,none,monomer,genus:Pediculus,72-95
K1QYL4_IPR031424_1_35-123,Quiver,monomer,family:Ostreidae,72-95
Q176Q6_IPR031424_1_25-82,none,monomer,genus:Aedes,50-72
T1F5G6_IPR031424_1_309-387,Quiver,monomer,genus:Helobdella,72-95
T1IWT8_IPR031424_2_22-103,none,multimer,genus:Strigamia,72-95
U4UFP7_IPR031424_1_28-105,none,monomer,genus:Dendroctonus,72-95
V5HSG3_IPR031424_1_4-103,none,monomer,genus:Ixodes,95-117
A0A0D8XIH5_IPR045860_1_10-69,none,monomer,order:Rhabditida,50-72
A0A0F6QEW0_IPR045860_1_12-87,none,monomer,genus:Batrachuperus,72-95
A0A0M3IFB8_IPR045860_1_13-95,Ly6,monomer,order:Rhabditida,72-95
A0A0N5D1A0_IPR045860_1_77-173,none,monomer,genus:Thelazia,95-117
A0A151MYF2_IPR045860_1_18-98,none,monomer,genus:Alligator,72-95
A0A183IWD9_IPR045860_1_8-104,none,monomer,genus:Soboliphyme,95-117
A0A1A6H9N0_IPR045860_1_85-151,Ly6,monomer,genus:Neotoma,50-72
A0A1B0G4Y0_IPR045860_1_7-84,mixture,monomer,genus:Glossina,72-95
A0A1B6GD31_IPR045860_1_31-109,mixture,monomer,order:Hemiptera,72-95
A0A1D1VK48_IPR045860_1_6-74,Quiver,monomer,genus:Ramazzottius,50-72
A0A1I7RL08_IPR045860_1_102-180,none,monomer,genus:Bursaphelenchus,72-95
A0A1I7ZN97_IPR045860_1_56-107,none,monomer,genus:Steinernema,50-72
A0A1L8D9Q7_IPR045860_1_17-107,none,monomer,genus:Nyssomyia,72-95
A0A1U7SQ44_IPR045860_1_105-193,none,multimer,genus:Alligator,72-95
A0A1W4WUP9_IPR045860_1_21-96,none,monomer,order:Coleoptera,72-95
A0A224XVG6_IPR045860_1_31-128,none,monomer,genus:Panstrongylus,95-117
A0A238BWE3_IPR045860_1_11-96,none,monomer,order:Rhabditida,72-95
A0A261AWE7_IPR045860_1_94-209,none,monomer,genus:Caenorhabditis,95-117
A0A267E0Q9_IPR045860_1_49-105,Ly6,monomer,genus:Macrostomum,50-72
A0A2A2JY12_IPR045860_1_21-112,none,monomer,genus:Diploscapter,72-95
A0A2A6B8E8_IPR045860_1_8-106,none,monomer,genus:Pristionchus,95-117
A0A2B4RRY7_IPR045860_1_22-121,Ly6,monomer,family:Pocilloporidae,95-117
A0A2C9JXT8_IPR045860_1_24-108,none,monomer,genus:Biomphalaria,72-95
A0A2G9RKC4_IPR045860_1_26-90,Ly6,monomer,genus:Aquarana,50-72
A0A3B1IES1_IPR045860_1_1-64,none,monomer,genus:Astyanax,50-72
A0A3B4B9F7_IPR045860_1_16-73,Ly6,monomer,genus:Periophthalmus,50-72
A0A3B4DPC7_IPR045860_1_25-137,none,monomer,class:Actinopteri,95-117
A0A3B4XQ06_IPR045860_1_17-90,Ly6,monomer,class:Actinopteri,72-95
A0A3M6TKR6_IPR045860_1_14-123,none,monomer,family:Pocilloporidae,95-117
A0A3M7QQQ6_IPR045860_1_43-114,Ly6,monomer,genus:Brachionus,50-72
A0A3P6SZG6_IPR045860_1_17-95,none,monomer,genus:Cylicostephanus,72-95
A0A3Q2GM55_IPR045860_1_17-102,none,monomer,genus:Cyprinodon,72-95
A0A3Q3M244_IPR045860_1_21-119,none,monomer,genus:Mastacembelus,95-117
A0A3Q3X9G9_IPR045860_1_50-164,Ly6,monomer,genus:Mola,95-117
A0A401RMS3_IPR045860_1_77-156,none,monomer,class:Chondrichthyes,72-95
A0A433TRP0_IPR045860_1_2587-2665,none,monomer,genus:Elysia,72-95
A0A444UDQ0_IPR045860_1_724-787,none,monomer,genus:Acipenser,50-72
A0A482XSX3_IPR045860_1_31-130,none,monomer,phylum:Arthropoda,95-117
A0A4U5M7M0_IPR045860_1_14-86,none,monomer,genus:Steinernema,72-95
A0A4W3JC71_IPR045860_1_53-133,none,monomer,genus:Callorhinchus,72-95
A0A4Z2BCX9_IPR045860_1_71-140,none,monomer,class:Actinopteri,50-72
A0A553PTR6_IPR045860_1_59-128,none,monomer,genus:Tigriopus,50-72
A0A5J4N8M7_IPR045860_1_25-92,none,monomer,genus:Paragonimus,50-72
A0A5N5T244_IPR045860_1_3-68,none,monomer,genus:Armadillidium,50-72
A0A672GTB0_IPR045860_1_34-130,none,monomer,class:Actinopteri,95-117
A0A673LLK8_IPR045860_1_10-80,none,monomer,genus:Sinocyclocheilus,50-72
A0A6A5BCJ4_IPR045860_1_29-90,mixture,monomer,genus:Naegleria,50-72
A0A6B0SAZ4_IPR045860_2_289-366,Ly6,multimer,order:Artiodactyla,72-95
A0A6F9BK46_IPR045860_1_9-62,none,monomer,genus:Coregonus,50-72
A0A6G0YKC6_IPR045860_1_110-165,none,mixture,family:Aphididae,50-72
A0A6J0BIZ2_IPR045860_1_22-126,none,monomer,genus:Neodiprion,95-117
A0A6P4YK03_IPR045860_1_1-76,none,monomer,genus:Branchiostoma,72-95
A0A6P6DJY7_IPR045860_2_295-367,Ly6,multimer,genus:Octodon,72-95
A0A6P8I7G2_IPR045860_1_21-114,none,monomer,genus:Actinia,72-95
A0A6P8SJ10_IPR045860_2_18-80,Ly6,multimer,genus:Geotrypetes,50-72
A0A6S7FZ40_IPR045860_1_27-109,none,monomer,genus:Paramuricea,72-95
A0A6V7U430_IPR045860_1_245-335,none,monomer,genus:Meloidogyne,72-95
A0A7D9JBT0_IPR045860_1_19-110,none,monomer,genus:Paramuricea,72-95
A0A7I4YQ44_IPR045860_1_17-92,none,monomer,genus:Haemonchus,72-95
A0A7M6DNM3_IPR045860_1_44-135,none,monomer,genus:Clytia,72-95
A0A7R8ZXM2_IPR045860_1_21-101,none,monomer,genus:Darwinula,72-95
A0A7R9XGP3_IPR045860_1_35-129,none,monomer,genus:Argulus,72-95
A0A811U775_IPR045860_1_1-57,none,monomer,family:Tephritidae,50-72
A0A818HBP9_IPR045860_1_24-80,none,monomer,genus:Adineta,50-72
A0A898IKZ5_IPR045860_1_12-74,3FTx,monomer,genus:Calliophis,50-72
A0A8B6G0K0_IPR045860_1_102-178,none,monomer,genus:Mytilus,72-95
A0A8B7XYC7_IPR045860_1_31-111,none,monomer,order:Valvatida,72-95
A0A8B8IPK5_IPR045860_1_39-147,none,monomer,order:Lepidoptera,95-117
A0A8C1S8A0_IPR045860_1_89-172,none,monomer,genus:Cyprinus,72-95
A0A8C2SA02_IPR045860_1_68-128,none,monomer,genus:Capra,50-72
A0A8C2ZSB8_IPR045860_1_62-161,none,monomer,genus:Cyclopterus,95-117
A0A8C4RTV8_IPR045860_1_16-97,Ly6,monomer,genus:Erpetoichthys,72-95
A0A8C5DLS7_IPR045860_1_30-115,Ly6,monomer,genus:Gouania,72-95
A0A8C5QQL8_IPR045860_1_20-100,mixture,mixture,genus:Leptobrachium,72-95
A0A8C6S8Y4_IPR045860_1_41-109,Ly6,monomer,genus:Neogobius,50-72
A0A8C9FRH0_IPR045860_1_11-97,Ly6,monomer,family:Phasianidae,72-95
A0A8D2J7Q4_IPR045860_2_202-282,none,multimer,genus:Varanus,72-95
A0A8D8R4L8_IPR045860_1_22-103,none,monomer,genus:Cacopsylla,72-95
A0A8J4SV78_IPR045860_1_25-93,none,monomer,genus:Paragonimus,50-72
A0A8J6E8Q3_IPR045860_1_1-53,Ly6,multimer,genus:Eleutherodactylus,50-72
A0A8J6HTY9_IPR045860_1_22-112,none,monomer,genus:Tenebrio,72-95
A0A8J9ZHI3_IPR045860_1_268-356,none,monomer,genus:Branchiostoma,72-95
A0A8K0EGS0_IPR045860_1_19-105,SPF,monomer,genus:Branchiostoma,72-95
A0A8R1Y214_IPR045860_1_226-296,none,monomer,genus:Onchocerca,50-72
A0A8R2NJM7_IPR045860_1_18-118,none,monomer,genus:Acyrthosiphon,95-117
A0A8S1DDS0_IPR045860_1_22-109,Ly6,monomer,genus:Cloeon,72-95
A0A8S1HEE4_IPR045860_1_41-102,none,monomer,genus:Caenorhabditis,50-72
A0A8S3JL38_IPR045860_1_7-96,Ly6,monomer,genus:Rotaria,72-95
A0A8S3V928_IPR045860_1_345-394,none,monomer,genus:Mytilus,50-72
A0A8S9Z9F2_IPR045860_1_8-84,none,monomer,genus:Paragonimus,72-95
A0A913XBV4_IPR045860_1_20-113,none,monomer,genus:Exaiptasia,72-95
A0A913ZMX8_IPR045860_1_20-98,none,monomer,genus:Patiria,72-95
A0A914GNU5_IPR045860_1_46-154,none,monomer,genus:Panagrolaimus,95-117
A0A914THE1_IPR045860_1_6-74,none,monomer,genus:Panagrolaimus,50-72
A0A914WL20_IPR045860_1_39-134,none,monomer,genus:Plectus,95-117
A0A915BST0_IPR045860_1_50-166,none,monomer,order:Rhabditida,117-140
A0A915PWU1_IPR045860_1_86-173,none,monomer,order:Rhabditida,95-117
A0A9D3M6P5_IPR045860_1_54-129,none,monomer,genus:Anguilla,72-95
A0A9D3XZL3_IPR045860_1_76-146,none,monomer,genus:Dreissena,50-72
A0A9D4JVG6_IPR045860_1_17-115,none,monomer,genus:Dreissena,95-117
A0A9J2PJX5_IPR045860_1_18-114,none,monomer,genus:Ascaris,95-117
A0A9J7KD64_IPR045860_1_41-149,none,monomer,genus:Branchiostoma,95-117
A0A9N7U592_IPR045860_1_115-191,Ly6,multimer,genus:Pleuronectes,72-95
A0A9N9WCJ5_IPR045860_1_41-146,none,monomer,family:Crambidae,95-117
A0A9P0GIB7_IPR045860_2_19-101,SPF,multimer,genus:Psylliodes,72-95
A0A9P1IQ79_IPR045860_1_15-101,none,monomer,genus:Caenorhabditis,72-95
A0A9Q0X691_IPR045860_1_134-220,Ly6,monomer,genus:Phrynocephalus,72-95
A0A9W7WWA1_IPR045860_1_36-111,none,monomer,genus:Triplophysa,72-95
A0A9X0A6W3_IPR045860_1_30-131,none,monomer,genus:Desmophyllum,95-117
A0A9X9MBQ9_IPR045860_1_41-93,none,monomer,genus:Gulo,50-72
A0AA35K691_IPR045860_1_22-101,Ly6,monomer,genus:Podarcis,72-95
A0AA35SQM2_IPR045860_1_20-119,none,monomer,genus:Geodia,95-117
A0AA36C7K6_IPR045860_1_52-143,none,monomer,genus:Mesorhabditis,72-95
A0AA36GTP0_IPR045860_1_13-92,none,monomer,genus:Cylicocyclus,72-95
A0AA39KVJ2_IPR045860_1_33-136,none,monomer,family:Braconidae,95-117
A0AAD1T4J6_IPR045860_1_1187-1270,none,monomer,genus:Pelobates,72-95
A0AAD4JZA8_IPR045860_1_1-87,none,monomer,order:Diptera,72-95
A0AAD8AY87_IPR045860_1_140-231,none,monomer,genus:Biomphalaria,72-95
A0AAD9KR46_IPR045860_1_1-67,none,monomer,genus:Ridgeia,50-72
A0AAD9QQV6_IPR045860_1_20-119,none,monomer,genus:Acropora,95-117
A0AAE0UVD2_IPR045860_1_65-138,none,monomer,family:Bagridae,72-95
A0AAE1DHZ4_IPR045860_1_17-118,mixture,monomer,class:Gastropoda,95-117
A0AAF3ERN1_IPR045860_1_16-105,Ly6,monomer,genus:Mesorhabditis,72-95
A0AAJ7UGC6_IPR045860_1_158-230,none,monomer,genus:Petromyzon,72-95
A0AAN9B562_IPR045860_1_229-312,none,monomer,genus:Littorina,72-95
A0AAR5QEL9_IPR045860_1_40-144,none,monomer,genus:Dendroctonus,95-117
A0AAU9WI96_IPR045860_1_42-127,Ly6,monomer,genus:Pocillopora,72-95
A0AAV3Z2S0_IPR045860_1_58-156,none,monomer,genus:Plakobranchus,95-117
A0AAV4JWZ6_IPR045860_1_91-191,mixture,monomer,genus:Elysia,95-117
A0AAV5SHW7_IPR045860_1_5-67,none,monomer,genus:Pristionchus,50-72
A0AAV5WTA9_IPR045860_1_11-99,none,monomer,genus:Pristionchus,72-95
A0AAV6YY00_IPR045860_2_112-193,Ly6,mixture,genus:Engystomops,72-95
A0AAV7ME30_IPR045860_2_45-153,none,multimer,genus:Pleurodeles,95-117
A0AAV8VLH7_IPR045860_1_22-109,Quiver,monomer,genus:Exocentrus,72-95
A0AAV9S3B1_IPR045860_1_126-199,none,monomer,genus:Crenichthys,72-95
A0AAW0MVP7_IPR045860_2_308-391,Ly6,multimer,genus:Mugilogobius,72-95
A0AAW0XNL5_IPR045860_1_55-150,none,monomer,order:Decapoda,95-117
A0AAW1B171_IPR045860_1_3-61,Ly6,monomer,genus:Crotalus,50-72
A0AAW1K3W9_IPR045860_1_18-105,none,monomer,genus:Popillia,72-95
A0AAW1URF7_IPR045860_1_103-189,none,multimer,genus:Henosepilachna,72-95
A0AAY5L029_IPR045860_1_12-86,Ly6,monomer,genus:Esox,72-95
A0ABD0LJF5_IPR045860_1_911-993,none,monomer,genus:Batillaria,72-95
A0ABD1JAD3_IPR045860_1_1-71,none,monomer,class:Actinopteri,72-95
A0ABD2MVB5_IPR045860_1_21-108,none,monomer,genus:Cryptolaemus,72-95
A0ABD6EHH7_IPR045860_1_17-100,none,monomer,genus:Gnathostoma,72-95
A7S6Q3_IPR045860_1_17-95,none,monomer,genus:Nematostella,72-95
B0WX03_IPR045860_1_35-130,mixture,monomer,family:Culicidae,95-117
C3YTU4_IPR045860_1_137-221,Ly6,monomer,genus:Branchiostoma,72-95
D8LTZ0_IPR045860_1_33-93,none,monomer,genus:Ectocarpus,50-72
E2IU19_IPR045860_1_1-67,mixture,monomer,genus:Bungarus,50-72
H2YAJ2_IPR045860_1_16-97,Ly6,monomer,genus:Ciona,72-95
H3AEX5_IPR045860_1_26-103,none,monomer,genus:Latimeria,72-95
Q0GAN5_IPR045860_1_12-82,none,monomer,genus:Plethodon,50-72
Q95P26_IPR045860_1_20-110,mixture,monomer,genus:Ciona,72-95
R7TGI9_IPR045860_1_19-116,Ly6,monomer,genus:Capitella,95-117
T1I5A2_IPR045860_1_2-103,none,monomer,class:Insecta,95-117
V4AXR2_IPR045860_1_189-261,none,monomer,genus:Lottia,72-95
W2TH30_IPR045860_1_16-90,none,monomer,genus:Necator,72-95
Centipede3FTx_0024_61981,manually_annotated,monomer,class:Chilopoda,95-117
Centipede3FTx_0088_984703,manually_annotated,monomer,class:Chilopoda,117-140
Centipede3FTx_0120_60158,manually_annotated,monomer,class:Chilopoda,162-185
L9KLR5_IPR042339_1_1-54,none,monomer,genus:Tupaia,50-72
A0A813QMS0_IPR045860_1_1031-1096,none,monomer,genus:Brachionus,50-72
A0A898IMX4_IPR045860_1_12-85,3FTx,monomer,genus:Calliophis,72-95
A0A913WSI7_IPR045860_1_196-276,none,mixture,genus:Exaiptasia,72-95
P60237_IPR045860_1_1-63,none,monomer,genus:Dendroaspis,50-72
Q8AY51_IPR045860_1_13-86,none,monomer,genus:Bungarus,72-95
R4G2F0_IPR045860_1_13-81,3FTx,monomer,genus:Cacophis,50-72
A0A1S3AIA8_IPR045860_1_12-101,none,monomer,genus:Erinaceus,72-95
A0A2B4RP20_IPR016054_2_20-116,Ly6,multimer,genus:Stylophora,95-117
A0A3B3Q5P8_IPR016054_1_19-109,Ly6,monomer,genus:Paramormyrops,72-95
A0A3B4EG41_IPR016054_1_111-192,Ly6,multimer,genus:Pygocentrus,72-95
A0A3M7T3T7_IPR016054_3_268-345,Ly6,multimer,genus:Brachionus,72-95
A0A3P9P7U9_IPR045860_1_16-101,Ly6,multimer,genus:Poecilia,72-95
A0A3Q3AMF9_IPR045860_1_10-64,Ly6,multimer,genus:Kryptolebias,50-72
A0A482WWC4_IPR045860_1_26-124,none,monomer,genus:Laodelphax,95-117
A0A498MKX1_IPR016054_5_815-891,Ly6,multimer,genus:Labeo,72-95
A0A504ZF73_IPR045860_1_24-99,none,monomer,family:Fasciolidae,72-95
A0A5C6PKI1_IPR016054_2_32-125,Ly6,multimer,genus:Takifugu,72-95
A0A669FA48_IPR045860_1_88-165,mixture,mixture,genus:Oreochromis,72-95
A0A6P3F4Y4_IPR045860_1_12-93,mostly_Ly6,mixture,class:Mammalia,72-95
A0A6P7JX57_IPR016054_1_111-190,Ly6,multimer,genus:Parambassis,72-95
A0A7D9L4I5_IPR045860_1_18-108,none,monomer,genus:Paramuricea,72-95
A0A7J7VMX4_IPR045860_1_53-131,mixture,monomer,family:Vespertilionidae,72-95
A0A7L1Q6M3_IPR045860_1_1-72,Ly6,monomer,genus:Oriolus,50-72
A0A7N5KI10_IPR045860_1_12-65,none,monomer,class:Mammalia,50-72
A0A813PAN9_IPR045860_1_19-101,none,monomer,genus:Brachionus,72-95
A0A814GNJ4_IPR045860_1_91-154,none,monomer,genus:Brachionus,50-72
A0A817DQ25_IPR045860_1_17-88,none,monomer,genus:Rotaria,72-95
A0A819FKE3_IPR045860_1_193-271,none,monomer,genus:Rotaria,72-95
A0A8B6ESZ5_IPR045860_1_97-190,none,monomer,genus:Mytilus,72-95
A0A8C1HYA1_IPR045860_2_601-678,mixture,multimer,genus:Cyprinus,72-95
A0A8C2LY04_IPR016054_1_21-100,Ly6,monomer,genus:Cricetulus,72-95
A0A8C2VN78_IPR016054_1_31-125,Ly6,monomer,genus:Chinchilla,72-95
A0A8C9L8R5_IPR045860_1_17-67,none,monomer,class:Aves,50-72
A0A8T0AYF3_IPR045860_1_59-138,Ly6,multimer,genus:Silurus,72-95
A0A8W8J3B4_IPR045860_1_23-101,none,monomer,genus:Magallana,72-95
A0A974CLJ7_IPR045860_1_1-73,mixture,monomer,genus:Xenopus,72-95
A0A9D3PH18_IPR016054_1_21-112,Ly6,monomer,genus:Megalops,72-95
A0A9Q0X782_IPR045860_1_25-104,none,monomer,genus:Phrynocephalus,72-95
A0A9W7TDD7_IPR016054_1_114-192,Ly6,multimer,genus:Triplophysa,72-95
A0AA35PB78_IPR016054_1_22-108,Ly6,monomer,genus:Podarcis,72-95
A0AA88MTJ4_IPR045860_2_3-54,Ly6,multimer,genus:Channa,50-72
A0AAD8FW28_IPR016054_2_78-159,Ly6,multimer,genus:Acipenser,72-95
A0AAJ7UF34_IPR045860_1_189-239,none,monomer,genus:Petromyzon,50-72
A0AAV5U5R9_IPR045860_1_2-81,none,monomer,genus:Pristionchus,72-95
A0AAW1Z2G8_IPR016054_1_111-187,Ly6,multimer,genus:Culter,72-95
A0ABD1JD83_IPR016054_1_19-112,none,multimer,genus:Coilia,72-95
L9JCP1_IPR045860_1_53-133,none,monomer,genus:Tupaia,72-95
P0DPX6_IPR045860_1_22-105,Scoloptoxin,monomer,genus:Scolopendra,72-95
V3Z678_IPR045860_1_17-115,none,monomer,genus:Lottia,95-117
A0A4X2JTX9_IPR038773_1_1-191,Ly6,monomer,genus:Vombatus,185-207
A0A0A0QTD1_IPR016054_1_4-68,Ly6,multimer,genus:Lissotriton,50-72
A0A0A0QUV5_IPR045860_1_1-74,Ly6,multimer,family:Salamandridae,72-95
A0A0F7JH26_IPR045860_2_115-193,Ly6,multimer,family:Salamandridae,72-95
A0A0F7JJU4_IPR045860_2_115-190,Ly6,multimer,genus:Ichthyosaura,72-95
A0A125S9L5_IPR045860_1_18-102,Ly6,multimer,genus:Ambystoma,72-95
A0A151M3U4_IPR045860_3_114-193,Ly6,multimer,genus:Alligator,72-95
A0A151NAK5_IPR045860_2_34-123,Ly6,multimer,genus:Alligator,72-95
A0A1A6HFC6_IPR045860_1_46-181,Ly6,monomer,genus:Neotoma,117-140
A0A1S3GGS4_IPR016054_1_79-161,Ly6,monomer,genus:Dipodomys,72-95
A0A210Q449_IPR045860_4_564-637,none,multimer,genus:Mizuhopecten,72-95
A0A2K5E9J0_IPR016054_1_20-96,Ly6,monomer,class:Mammalia,72-95
A0A3B4EFL5_IPR016054_1_47-135,Ly6,multimer,genus:Pygocentrus,72-95
A0A3M6TY10_IPR045860_1_25-117,Ly6,monomer,family:Pocilloporidae,72-95
A0A401Q604_IPR045860_1_2-78,Ly6,monomer,genus:Scyliorhinus,72-95
A0A452GFY9_IPR045860_1_200-288,Ly6,multimer,order:Testudines,72-95
A0A4X2KHV6_IPR045860_2_13-114,Ly6,multimer,class:Mammalia,95-117
A0A4Z2I9Y1_IPR045860_1_102-184,Ly6,multimer,genus:Liparis,72-95
A0A5S6KHA5_IPR016054_1_19-104,mixture,monomer,phylum:Chordata,72-95
A0A668VXI8_IPR016054_1_112-194,Ly6,mixture,family:Cichlidae,72-95
A0A670INU5_IPR045860_2_163-236,Ly6,multimer,genus:Podarcis,72-95
A0A672IP92_IPR016054_1_19-117,Ly6,monomer,genus:Salarias,95-117
A0A673GR09_IPR045860_1_48-117,Ly6,monomer,genus:Sinocyclocheilus,50-72
A0A6I9Y6Q2_IPR045860_2_1-70,Ly6,multimer,genus:Thamnophis,50-72
A0A6J0V6G9_IPR045860_2_113-197,Ly6,multimer,genus:Pogona,72-95
A0A6P3Q6R6_IPR016054_1_26-108,none,monomer,genus:Pteropus,72-95
A0A6P5LQK7_IPR045860_1_26-115,none,multimer,genus:Phascolarctos,72-95
A0A6P6DK22_IPR016054_1_513-589,Ly6,multimer,genus:Octodon,72-95
A0A6P8I7U6_IPR045860_2_109-194,mixture,multimer,genus:Actinia,72-95
A0A6P9DT82_IPR045860_2_136-224,Ly6,multimer,genus:Pantherophis,72-95
A0A7M5TWU1_IPR045860_1_20-102,Ly6,monomer,genus:Clytia,72-95
A0A803K6W9_IPR045860_2_37-122,Ly6,multimer,genus:Xenopus,72-95
A0A833WBD2_IPR045860_2_1-70,Ly6,multimer,genus:Cervus,50-72
A0A8B7R228_IPR016054_1_25-107,none,monomer,order:Chiroptera,72-95
A0A8C0GBI9_IPR045860_1_1-71,Ly6,monomer,genus:Chelonoidis,50-72
A0A8C3P577_IPR045860_2_120-198,Ly6,multimer,genus:Chrysemys,72-95
A0A8C4EXV3_IPR045860_2_104-172,Ly6,multimer,genus:Dicentrarchus,50-72
A0A8C5SCB1_IPR045860_2_25-121,Ly6,multimer,order:Squamata,95-117
A0A8C5WJA7_IPR045860_1_18-105,Ly6,multimer,genus:Leptobrachium,72-95
A0A8C6I414_IPR051445_1_2-63,Ly6,monomer,genus:Mus,50-72
A0A8C6Q820_IPR016054_1_20-112,mixture,multimer,order:Rodentia,72-95
A0A8C6UNQ7_IPR045860_1_10-99,Ly6,monomer,class:Actinopteri,72-95
A0A8D2ATC1_IPR016054_1_30-120,none,monomer,genus:Sciurus,72-95
A0A8J1L7S6_IPR045860_2_104-192,Ly6,multimer,genus:Xenopus,72-95
A0A8J1LAS0_IPR016054_1_9-64,Ly6,multimer,genus:Xenopus,50-72
A0A8T0ABH2_IPR016054_1_22-106,none,monomer,genus:Silurus,72-95
A0A8T1S708_IPR045860_2_113-196,Ly6,multimer,genus:Chelydra,72-95
A0A914QBD0_IPR045860_1_31-109,Ly6,monomer,genus:Panagrolaimus,72-95
A0A974HCV5_IPR045860_2_18-101,mixture,multimer,genus:Xenopus,72-95
A0A9D3XE34_IPR045860_2_24-110,Ly6,multimer,genus:Mauremys,72-95
A0A9D4J146_IPR045860_1_157-240,mixture,multimer,genus:Dreissena,72-95
A0A9Q1AQ87_IPR016054_1_44-124,Ly6,multimer,genus:Phrynocephalus,72-95
A0AA35KMR6_IPR045860_2_57-128,Ly6,multimer,genus:Podarcis,50-72
A0AA35KP97_IPR016054_2_105-199,Ly6,multimer,order:Squamata,72-95
A0AA35NXX5_IPR045860_1_20-104,Ly6,monomer,genus:Podarcis,72-95
A0AA88MQ58_IPR045860_1_34-104,Ly6,monomer,genus:Channa,50-72
A0AA97LGX4_IPR045860_1_19-104,Ly6,multimer,genus:Eublepharis,72-95
A0AAD1T8V5_IPR045860_2_18-106,Ly6,multimer,order:Anura,72-95
A0AAD1WMY7_IPR045860_3_16-103,Ly6,multimer,genus:Pelobates,72-95
A0AAD1WTQ6_IPR016054_1_20-105,Ly6,monomer,genus:Pelobates,72-95
A0AAE0SJ38_IPR016054_2_131-215,mixture,multimer,family:Unionidae,72-95
A0AAU9WAA7_IPR045860_1_16-105,Ly6,monomer,genus:Pocillopora,72-95
A0AAV0ABW4_IPR016054_6_46-112,mixture,multimer,order:Rodentia,50-72
A0AAV2JF18_IPR045860_2_121-194,Ly6,multimer,genus:Knipowitschia,72-95
A0AAV2PV59_IPR045860_1_24-118,Ly6,monomer,genus:Meganyctiphanes,72-95
A0AAV3A0Y8_IPR045860_1_19-104,Ly6,multimer,genus:Pyxicephalus,72-95
A0AAV6SBU4_IPR016054_1_219-310,Ly6,multimer,genus:Solea,72-95
A0AAV6ZC72_IPR045860_1_191-276,Ly6,multimer,genus:Engystomops,72-95
A0AAV6ZLD6_IPR045860_1_19-102,Ly6,multimer,genus:Engystomops,72-95
A0AAV6ZU75_IPR045860_1_20-100,Ly6,monomer,genus:Engystomops,72-95
A0AAV7PX70_IPR045860_3_18-101,Ly6,multimer,genus:Pleurodeles,72-95
A0AAV7Q3J4_IPR016054_1_58-128,Ly6,multimer,genus:Pleurodeles,50-72
A0AAW0H3F1_IPR016054_1_3-70,mostly_Ly6,monomer,order:Rodentia,72-95
A0ABD1JAW6_IPR016054_1_186-269,none,multimer,genus:Coilia,72-95
D9N4B8_IPR045860_1_115-194,none,multimer,family:Viperidae,72-95
F1RMW6_IPR016054_2_135-212,Ly6,mixture,class:Mammalia,72-95
F7CIZ4_IPR016054_1_446-529,none,monomer,genus:Ornithorhynchus,72-95
G3UFD6_IPR051445_1_3-149,Ly6,monomer,genus:Loxodonta,140-162
H0X2J3_IPR016054_1_128-205,Ly6,multimer,genus:Otolemur,72-95
H2UP52_IPR016054_2_96-182,Ly6,multimer,genus:Takifugu,72-95
M0R0H5_IPR016054_2_89-152,none,multimer,family:Hominidae,50-72
A0A834Y1N6_IPR039457_1_25-156,mixture,monomer,order:Hymenoptera,95-117
A0A8C5IIX8_IPR039457_1_94-149,Ly6,monomer,genus:Junco,50-72
A0A8C6SHH0_IPR039457_1_29-154,Ly6,monomer,genus:Neogobius,117-140
A0AAD9N812_IPR039457_1_2-95,none,monomer,genus:Paralvinella,72-95
A0AAN9WAI1_IPR039457_1_6-85,none,monomer,genus:Gryllus,72-95
A0ABC9X224_IPR039457_1_4-168,Ly6,monomer,genus:Grus,162-185
A0A069DPK0_IPR031424_1_27-124,Ly6,monomer,family:Reduviidae,95-117
A0A0D8Y3R0_IPR031424_1_21-144,Quiver,monomer,genus:Dictyocaulus,117-140
A0A0K2THV7_IPR045860_1_21-113,none,monomer,genus:Lepeophtheirus,72-95
A0A0K8VEQ0_IPR045860_1_29-127,none,monomer,family:Tephritidae,95-117
A0A0N4UD58_IPR031424_1_20-110,none,monomer,genus:Dracunculus,72-95
A0A139WDC4_IPR045860_1_22-113,none,monomer,genus:Tribolium,72-95
A0A151X9I3_IPR031424_1_10-76,none,monomer,class:Insecta,50-72
A0A1B6INM5_IPR031424_1_29-127,none,monomer,genus:Homalodisca,95-117
A0A1D1UK01_IPR031424_1_39-136,none,monomer,order:Parachela,95-117
A0A1D2MEX5_IPR031424_1_27-127,none,monomer,genus:Orchesella,95-117
A0A1I7SJD4_IPR031424_1_7-94,none,monomer,genus:Bursaphelenchus,72-95
A0A1I8HLA7_IPR031424_1_576-686,none,monomer,genus:Macrostomum,95-117
A0A1W0WM04_IPR045860_1_34-115,none,monomer,genus:Hypsibius,72-95
A0A1Y1MHY2_IPR031424_1_24-120,none,monomer,genus:Photinus,95-117
A0A210QBE7_IPR031424_1_41-128,Quiver,monomer,genus:Mizuhopecten,72-95
A0A226DN89_IPR031424_1_7-121,none,monomer,genus:Folsomia,95-117
A0A293M4N5_IPR031424_1_5-60,mixture,monomer,order:Ixodida,50-72
A0A482VYR0_IPR031424_1_12-113,none,monomer,genus:Asbolus,95-117
A0A504YUD3_IPR045860_1_27-117,none,monomer,genus:Fasciola,72-95
A0A5N4A6I1_IPR045860_1_16-101,none,monomer,genus:Photinus,72-95
A0A6A4UY48_IPR031424_1_25-120,none,monomer,genus:Amphibalanus,95-117
A0A6P7GEB0_IPR031424_1_23-142,none,monomer,family:Chrysomelidae,117-140
A0A7J7IVT7_IPR031424_1_30-138,Quiver,monomer,genus:Bugula,95-117
A0A7R9GBH0_IPR031424_1_22-125,none,monomer,genus:Notodromas,95-117
A0A812DDQ8_IPR045860_1_17-78,none,monomer,genus:Acanthosepion,50-72
A0A833RT34_IPR031424_1_14-64,mixture,monomer,family:Apidae,50-72
A0A8B7N4P8_IPR045860_1_17-110,none,monomer,genus:Hyalella,72-95
A0A8J1UWX0_IPR031424_1_33-116,none,monomer,genus:Owenia,72-95
A0A8K0DKD4_IPR031424_1_25-127,none,monomer,genus:Ignelater,95-117
A0A8S1B5I0_IPR031424_1_24-143,none,monomer,genus:Arctia,117-140
A0A8S1FEB4_IPR031424_1_22-140,none,monomer,genus:Caenorhabditis,117-140
A0A8X6NGK1_IPR031424_1_6-55,none,monomer,genus:Nephila,50-72
A0A9D4E815_IPR045860_1_19-101,Quiver,monomer,genus:Dreissena,72-95
A0A9N9RSN5_IPR031424_1_25-119,none,monomer,genus:Chironomus,72-95
A0A9P0AUN9_IPR031424_1_23-136,Quiver,monomer,genus:Brassicogethes,95-117
A0A9P0GQS0_IPR045860_1_76-177,none,monomer,order:Coleoptera,95-117
A0A9Q0RJP6_IPR031424_1_25-145,none,monomer,order:Sarcoptiformes,117-140
A0AA36G6F3_IPR031424_1_20-107,none,monomer,genus:Mesorhabditis,72-95
A0AAE0S9S1_IPR031424_1_24-101,mixture,monomer,family:Unionidae,72-95
A0AAF3JAZ3_IPR031424_1_19-114,Quiver,monomer,genus:Mesorhabditis,95-117
A0AAN7QPD1_IPR045860_1_22-109,SPF,monomer,genus:Aquatica,72-95
A0AAV2ICL4_IPR031424_1_29-115,mixture,monomer,class:Gastropoda,72-95
A0AAV2SYG9_IPR045860_1_27-127,Quiver,monomer,genus:Calicophoron,95-117
A0AAV4MU49_IPR031424_1_25-118,none,monomer,genus:Caerostris,72-95
A0AAV8VIE4_IPR031424_1_27-141,none,monomer,genus:Exocentrus,95-117
A0AAV8Z6D1_IPR031424_1_68-200,none,monomer,genus:Aromia,117-140
A0AAW1NFP4_IPR045860_1_21-113,none,monomer,genus:Popillia,72-95
A0ABD1ENN4_IPR031424_1_22-124,none,monomer,genus:Hypothenemus,95-117
A0ABD2VT12_IPR045860_1_5-98,none,monomer,genus:Trichogramma,72-95
A0ABD6E9Q7_IPR031424_1_42-184,none,monomer,genus:Gnathostoma,140-162
E0VVY9_IPR031424_1_30-124,none,monomer,genus:Pediculus,72-95
R7T8B9_IPR031424_1_22-128,mixture,monomer,class:Polychaeta,95-117
T1F5G7_IPR031424_1_48-125,none,monomer,genus:Helobdella,72-95
T1IWU0_IPR045860_1_59-154,mixture,monomer,class:Chilopoda,95-117
A0A016SW78_IPR045860_1_18-89,none,monomer,genus:Ancylostoma,50-72
A0A023EGQ7_IPR045860_1_23-117,none,monomer,class:Insecta,95-117
A0A0F6QFB4_IPR045860_1_11-88,none,monomer,family:Salamandridae,72-95
A0A0M3IZ09_IPR045860_1_41-118,none,monomer,genus:Anisakis,72-95
A0A1D1VR81_IPR045860_1_26-119,Ly6,monomer,genus:Ramazzottius,72-95
A0A1I7RP17_IPR045860_1_25-97,none,monomer,genus:Bursaphelenchus,72-95
A0A1I7ZPI2_IPR045860_1_29-86,Ly6,monomer,genus:Steinernema,50-72
A0A1L8EZ01_IPR045860_1_18-83,none,monomer,genus:Xenopus,50-72
A0A1Y1N2R5_IPR045860_1_33-100,Ly6,monomer,genus:Photinus,50-72
A0A238C3V4_IPR045860_1_33-95,Ly6,monomer,genus:Onchocerca,50-72
A0A267E0W6_IPR045860_1_23-118,none,monomer,genus:Macrostomum,95-117
A0A2A2JY19_IPR045860_1_22-103,none,monomer,genus:Diploscapter,72-95
A0A2A6B949_IPR045860_1_156-233,none,monomer,genus:Pristionchus,72-95
A0A2B4RTP6_IPR045860_1_91-179,mixture,monomer,family:Pocilloporidae,72-95
A0A2D4HPZ3_IPR045860_1_65-149,mixture,mixture,order:Squamata,72-95
A0A3B3SA47_IPR045860_1_25-119,none,monomer,genus:Paramormyrops,95-117
A0A3B4XQN1_IPR045860_1_16-106,Ly6,multimer,genus:Seriola,72-95
A0A3B5KQ18_IPR045860_1_6-92,none,monomer,genus:Xiphophorus,72-95
A0A3L8SMT6_IPR045860_1_12-94,none,monomer,class:Aves,72-95
A0A3P6T1C4_IPR045860_1_13-69,Ly6,monomer,genus:Litomosoides,50-72
A0A3P8WTE0_IPR045860_1_23-102,Ly6,monomer,genus:Cynoglossus,72-95
A0A3P9P7X2_IPR045860_1_61-126,mixture,mixture,genus:Poecilia,50-72
A0A3Q0R1F3_IPR045860_1_2-62,Ly6,monomer,genus:Amphilophus,50-72
A0A3Q2PVA1_IPR045860_1_21-116,none,monomer,genus:Fundulus,95-117
A0A3Q3G202_IPR045860_1_1-70,Ly6,monomer,genus:Labrus,50-72
A0A3R7M2T2_IPR045860_1_38-113,Quiver,monomer,order:Decapoda,72-95
A0A4U5ME23_IPR045860_1_13-83,Ly6,monomer,genus:Steinernema,50-72
A0A4V3SAC6_IPR045860_1_24-101,mixture,monomer,genus:Temnothorax,72-95
A0A504Z0I6_IPR045860_1_19-92,Ly6,monomer,genus:Fasciola,72-95
A0A556TW63_IPR045860_1_16-69,none,monomer,genus:Bagarius,50-72
A0A5A9P0L3_IPR045860_1_21-105,Ly6,monomer,genus:Triplophysa,72-95
A0A5F7ZDP3_IPR045860_1_89-207,none,monomer,genus:Macaca,117-140
A0A5N5T414_IPR045860_1_22-86,Ly6,monomer,genus:Armadillidium,50-72
A0A665TJ53_IPR045860_1_21-93,Ly6,monomer,genus:Echeneis,72-95
A0A667ZY20_IPR045860_1_53-153,none,monomer,class:Actinopteri,95-117
A0A671X3B2_IPR045860_1_20-99,none,monomer,genus:Sparus,72-95
A0A6A5G8W7_IPR045860_1_403-473,mixture,monomer,genus:Caenorhabditis,72-95
A0A6J0UZJ1_IPR045860_1_32-150,none,monomer,order:Squamata,95-117
A0A6J2TFG1_IPR045860_1_19-100,none,monomer,genus:Scaptodrosophila,72-95
A0AAE0R7P0_IPR039457_1_5-73,mixture,monomer,phylum:Chordata,50-72
A0A087UNJ1_IPR031424_1_24-113,mixture,monomer,order:Araneae,72-95
A0A0B7B609_IPR045860_1_34-119,none,monomer,genus:Arion,72-95
A0A0G3I8D5_IPR031424_1_26-119,mixture,monomer,family:Acrididae,72-95
A0A0N4VHG8_IPR045860_1_22-113,none,monomer,order:Rhabditida,72-95
A0A0X3PMB2_IPR045860_1_44-144,Ly6,monomer,genus:Schistocephalus,95-117
A0A139WFX1_IPR045860_1_17-109,none,monomer,genus:Tribolium,72-95
A0A183BIA8_IPR031424_1_23-102,Quiver,monomer,genus:Globodera,72-95
A0A1D1UPN3_IPR031424_1_15-101,none,monomer,genus:Ramazzottius,72-95
A0A1D2MQ55_IPR031424_1_27-155,none,monomer,genus:Orchesella,117-140
A0A1I8I1G8_IPR031424_1_44-132,none,monomer,genus:Macrostomum,72-95
A0A1I8NIT1_IPR045860_1_38-124,none,monomer,genus:Musca,72-95
A0A1J1IGR7_IPR031424_1_24-130,none,monomer,genus:Clunio,95-117
A0A1L8E386_IPR045860_1_45-129,none,monomer,genus:Nyssomyia,72-95
A0A1S3H5B0_IPR031424_1_44-162,Quiver,monomer,genus:Lingula,117-140
A0A1S3JVX1_IPR031424_1_26-103,Quiver,monomer,genus:Lingula,72-95
A0A1W0WM17_IPR031424_1_27-110,Quiver,monomer,genus:Hypsibius,72-95
A0A1Y0F444_IPR045860_1_31-124,Ly6,monomer,genus:Locusta,72-95
A0A1Y1MNI0_IPR031424_1_34-125,none,monomer,genus:Photinus,72-95
A0A210QM22_IPR031424_1_23-120,none,monomer,genus:Mizuhopecten,95-117
A0A226DZC9_IPR031424_1_23-156,none,monomer,genus:Folsomia,117-140
A0A2T7NSF4_IPR031424_1_8-106,Quiver,monomer,genus:Pomacea,95-117
A0A3M7P3F5_IPR045860_1_2-92,mixture,monomer,genus:Brachionus,72-95
A0A4C1T439_IPR045860_1_85-186,none,mixture,order:Lepidoptera,95-117
A0A4Q8K469_IPR031424_1_24-113,none,monomer,genus:Liphistius,72-95
A0A553NCU0_IPR031424_1_23-136,none,monomer,genus:Tigriopus,95-117
A0A6G1S3T1_IPR031424_1_27-139,none,monomer,genus:Aceria,95-117
A0A6I8UK02_IPR031424_1_22-118,none,monomer,genus:Drosophila,95-117
A0A6J2UAI7_IPR045860_1_20-119,none,monomer,genus:Scaptodrosophila,95-117
A0A6P7GGI8_IPR031424_1_47-149,none,monomer,family:Chrysomelidae,95-117
A0A7G3AFC3_IPR045860_1_18-106,none,monomer,family:Psychodidae,72-95
A0A7R8VSY6_IPR031424_1_3-93,mixture,monomer,genus:Timema,72-95
A0A813W7V2_IPR031424_1_141-216,none,monomer,genus:Adineta,72-95
A0A834MIB8_IPR031424_1_19-103,none,monomer,genus:Rhynchophorus,72-95
A0A8B7N8A7_IPR031424_1_24-121,none,monomer,genus:Hyalella,95-117
A0A8B8I7R6_IPR031424_1_27-130,Quiver,monomer,genus:Vanessa,95-117
A0A8I6R741_IPR031424_1_24-109,none,monomer,genus:Cimex,72-95
A0A8J1XWT6_IPR031424_1_24-128,none,monomer,genus:Owenia,95-117
A0A8J2PW69_IPR031424_1_27-124,Quiver,monomer,genus:Allacma,95-117
A0A913ZNE9_IPR031424_1_21-103,none,monomer,genus:Patiria,72-95
A0A9D4EVV1_IPR031424_1_45-121,none,monomer,genus:Dreissena,72-95
A0A9J6CLP0_IPR045860_1_22-105,Quiver,monomer,genus:Polypedilum,72-95
A0A9N9RZ24_IPR031424_1_21-115,none,monomer,genus:Chironomus,72-95
A0A9P0DCN7_IPR031424_1_22-116,none,monomer,genus:Phaedon,72-95
A0A9P0HPG2_IPR045860_1_29-110,none,monomer,genus:Nezara,72-95
A0A9Q0RVZ8_IPR031424_1_20-139,none,monomer,genus:Pseudolycoriella,117-140
A0A9R1TSM9_IPR045860_1_33-125,mixture,monomer,genus:Fopius,72-95
A0AA36B7Z2_IPR031424_1_35-134,mixture,monomer,genus:Octopus,95-117
A0AA85K6Z4_IPR031424_1_41-105,mixture,mixture,phylum:Platyhelminthes,50-72
A0AAD9L4Y8_IPR031424_1_171-251,none,monomer,genus:Ridgeia,72-95
A0AAE0SJR6_IPR045860_1_20-108,Quiver,monomer,genus:Potamilus,72-95
A0AAJ6ZQI6_IPR045860_1_29-136,none,monomer,genus:Papilio,95-117
A0AAV1IWL2_IPR031424_1_20-132,mixture,monomer,family:Pieridae,95-117
A0AAV2IQ26_IPR031424_1_21-116,Quiver,monomer,genus:Lymnaea,95-117
A0AAV8VLN0_IPR045860_1_4-88,Quiver,monomer,genus:Exocentrus,72-95
A0AAV8Z8F6_IPR031424_1_22-93,none,monomer,genus:Aromia,50-72
A0AAW1NM18_IPR031424_1_21-121,none,monomer,genus:Popillia,95-117
A0ABD1EX45_IPR031424_1_2-84,none,monomer,genus:Hypothenemus,72-95
A0ABD2WUY2_IPR031424_1_23-114,none,monomer,genus:Trichogramma,72-95
R7TZE4_IPR045860_1_43-120,none,monomer,genus:Capitella,72-95
T1FBT4_IPR031424_1_22-99,Quiver,monomer,genus:Helobdella,72-95
T1IWU5_IPR031424_1_25-117,none,monomer,genus:Strigamia,72-95
A0A060YRI5_IPR045860_1_10-84,mixture,monomer,family:Salmonidae,72-95
A0A0B1SZ18_IPR045860_1_12-93,none,monomer,genus:Oesophagostomum,72-95
A0A0B2W0F0_IPR045860_1_8-91,mixture,monomer,order:Rhabditida,72-95
A0A0C2DF18_IPR045860_1_17-100,none,monomer,order:Rhabditida,72-95
A0A0H5SL74_IPR045860_1_32-116,Ly6,monomer,family:Onchocercidae,72-95
A0A0K2VHS7_IPR045860_1_24-97,none,monomer,genus:Lepeophtheirus,72-95
A0A0M3JVX5_IPR045860_1_23-81,Ly6,monomer,genus:Anisakis,50-72
A0A0N4ZNP5_IPR045860_1_33-104,none,monomer,genus:Parastrongyloides,50-72
A0A0R3RWX0_IPR045860_1_11-114,none,monomer,genus:Elaeophora,95-117
A0A182EFA7_IPR045860_1_20-73,none,monomer,genus:Onchocerca,50-72
A0A182RMH9_IPR045860_1_87-185,none,monomer,genus:Anopheles,95-117
A0A183NZI0_IPR045860_1_86-155,none,monomer,family:Schistosomatidae,50-72
A0A1B6HQ44_IPR045860_1_25-114,Ly6,monomer,genus:Homalodisca,72-95
A0A1D1W3X2_IPR045860_1_14-101,Quiver,monomer,genus:Ramazzottius,72-95
A0A1I7RXX3_IPR045860_1_24-95,none,monomer,genus:Bursaphelenchus,50-72
A0A1I7WMZ3_IPR045860_1_20-104,none,monomer,genus:Heterorhabditis,72-95
A0A1I8A571_IPR045860_1_75-190,none,monomer,genus:Steinernema,95-117
A0A1L8FNT3_IPR045860_1_113-193,Ly6,mixture,genus:Xenopus,72-95
A0A1S3Q511_IPR045860_1_112-185,mixture,mixture,family:Salmonidae,72-95
A0A1Y3BNV1_IPR045860_1_4-58,Quiver,monomer,genus:Euroglyphus,50-72
A0A210Q9V6_IPR045860_1_145-208,Ly6,multimer,genus:Mizuhopecten,50-72
A0A226DGP0_IPR045860_1_13-90,none,monomer,genus:Folsomia,72-95
A0A2A2L1H8_IPR045860_1_7-69,none,monomer,family:Rhabditidae,50-72
A0A2A6BBU1_IPR045860_1_21-111,none,monomer,genus:Pristionchus,72-95
A0A2C9L6R7_IPR045860_1_134-226,Ly6,monomer,genus:Biomphalaria,72-95
A0A2G9TCF7_IPR045860_1_3-74,none,monomer,genus:Teladorsagia,50-72
A0A2M4AIR5_IPR045860_1_1-91,none,monomer,genus:Anopheles,95-117
A0A2T7PAN9_IPR045860_1_1-96,none,monomer,genus:Pomacea,95-117
A0A3B3SH29_IPR045860_1_34-130,none,monomer,genus:Paramormyrops,95-117
A0A3M7RDX2_IPR045860_1_20-88,Ly6,monomer,genus:Brachionus,50-72
A0A3Q0FQC0_IPR045860_1_96-184,none,mixture,genus:Alligator,72-95
A0A3Q0R9C6_IPR045860_1_11-87,none,monomer,genus:Amphilophus,72-95
A0A3Q1BT88_IPR045860_1_11-80,mixture,monomer,family:Pomacentridae,50-72
A0A3Q1H1Z9_IPR045860_1_15-80,Ly6,monomer,genus:Acanthochromis,50-72
A0A3Q3MEF2_IPR045860_1_5-57,Ly6,monomer,genus:Labrus,50-72
A0A3Q4HLT5_IPR045860_1_18-79,Ly6,monomer,genus:Neolamprologus,50-72
A0A3R7PQK4_IPR045860_1_135-231,none,monomer,genus:Penaeus,95-117
A0A3S3NVN3_IPR045860_1_3-103,none,monomer,genus:Dinothrombium,95-117
A0A4U5MEK9_IPR045860_1_24-125,none,monomer,genus:Steinernema,95-117
A0A4X2LKJ9_IPR045860_1_25-103,none,monomer,order:Diprotodontia,72-95
A0A504Z8T6_IPR045860_1_21-121,mixture,monomer,family:Fasciolidae,95-117
A0A5N5MKP8_IPR045860_1_18-92,mixture,monomer,order:Siluriformes,72-95
A0A668TT64_IPR045860_1_48-117,mixture,monomer,family:Cichlidae,50-72
A0A6F9BY19_IPR045860_1_2-53,none,monomer,class:Actinopteri,50-72
A0A6G0HSN7_IPR045860_1_20-109,none,monomer,genus:Larimichthys,72-95
A0A6J0C3N4_IPR045860_1_40-137,none,monomer,genus:Neodiprion,95-117
A0A6J0V6F3_IPR045860_1_1-68,none,multimer,genus:Pogona,50-72
A0A6M2DXW3_IPR045860_1_28-107,none,monomer,genus:Xenopsylla,72-95
A0A6P4YWB7_IPR045860_1_381-468,mixture,monomer,genus:Branchiostoma,72-95
A0A6P7HDG9_IPR045860_1_19-97,none,monomer,genus:Diabrotica,72-95
A0A6P7LEG3_IPR045860_1_1-68,none,monomer,class:Actinopteri,50-72
A0A6P7RFQ4_IPR045860_1_97-148,none,monomer,genus:Mus,50-72
A0A6P7YDG6_IPR045860_1_18-96,none,monomer,order:Gymnophiona,72-95
A0A6P8ID40_IPR045860_1_25-112,none,monomer,genus:Actinia,72-95
A0A6P9FLX0_IPR045860_1_12-64,none,monomer,class:Mammalia,50-72
A0A6S7GKF8_IPR045860_1_19-105,none,monomer,genus:Paramuricea,72-95
A0A6V7UR67_IPR045860_1_37-98,none,monomer,genus:Meloidogyne,50-72
A0A7E4UZ03_IPR045860_1_22-103,none,monomer,family:Panagrolaimidae,72-95
A0A7I4Z5A9_IPR045860_1_13-95,Ly6,monomer,genus:Haemonchus,72-95
A0A7M5U9W9_IPR045860_1_20-115,none,monomer,genus:Clytia,95-117
A0A7M7GD60_IPR045860_1_5-114,none,monomer,order:Hymenoptera,95-117
A0A7M7RHR6_IPR045860_1_25-107,none,monomer,class:Echinoidea,72-95
A0A7R9A4F5_IPR045860_1_21-106,none,monomer,genus:Darwinula,72-95
A0A813NUK1_IPR045860_1_21-105,none,monomer,genus:Brachionus,72-95
A0A814HFH1_IPR045860_1_20-93,none,monomer,genus:Brachionus,72-95
A0A815B2Q3_IPR045860_1_17-74,none,monomer,genus:Rotaria,50-72
A0A816H8B4_IPR045860_1_8-92,none,monomer,genus:Adineta,72-95
A0A819PCH0_IPR045860_1_24-96,none,monomer,genus:Adineta,72-95
A0A834HLN4_IPR045860_1_11-114,none,monomer,genus:Rhynchophorus,95-117
A0A834P077_IPR045860_1_40-137,none,monomer,genus:Vespula,95-117
A0A8B6D9H9_IPR045860_1_20-99,none,monomer,genus:Mytilus,72-95
A0A8B6GHJ0_IPR045860_1_104-188,none,monomer,genus:Mytilus,72-95
A0A8B7YLS9_IPR045860_1_47-119,none,monomer,genus:Acanthaster,72-95
A0A8B8DEC0_IPR045860_1_20-105,none,monomer,genus:Crassostrea,72-95
A0A8C3II04_IPR045860_1_13-89,none,monomer,phylum:Chordata,72-95
A0A8C3QRQ9_IPR045860_1_62-124,none,monomer,order:Passeriformes,50-72
A0A8C5E0F9_IPR045860_1_59-155,none,monomer,genus:Gouania,95-117
A0A8D0HFN5_IPR045860_1_20-101,Ly6,multimer,genus:Sphenodon,72-95
A0A8D3BE09_IPR045860_1_20-80,none,monomer,genus:Scophthalmus,50-72
A0A8I5YK44_IPR045860_1_41-153,none,monomer,genus:Pongo,95-117
A0A8J0R898_IPR045860_1_26-110,Ly6,multimer,genus:Xenopus,72-95
A0A8J1UG02_IPR045860_1_25-127,none,monomer,genus:Owenia,95-117
A0A8J4XXI2_IPR045860_1_64-156,none,monomer,genus:Chionoecetes,72-95
A0A8J6JS57_IPR045860_1_6-92,Ly6,monomer,genus:Eleutherodactylus,72-95
A0A8R1Z2I3_IPR045860_1_12-103,Ly6,monomer,genus:Pristionchus,72-95
A0A8S1E5R0_IPR045860_1_71-143,Quiver,monomer,genus:Cloeon,72-95
A0A8S1HVP5_IPR045860_1_655-731,none,monomer,genus:Caenorhabditis,72-95
A0A8S3QPJ0_IPR045860_1_3-61,none,monomer,genus:Mytilus,50-72
A0A8S4SKD6_IPR045860_1_25-119,mixture,monomer,class:Insecta,95-117
A0A8S9ZW77_IPR045860_1_70-150,none,monomer,genus:Meloidogyne,72-95
A0A8T1MHE1_IPR045860_1_9-106,none,monomer,class:Trematoda,95-117
A0A8T2IQC3_IPR045860_1_92-178,Ly6,multimer,genus:Hymenochirus,72-95
A0A8W8KZL2_IPR045860_1_119-196,none,multimer,genus:Magallana,72-95
A0A913WRQ7_IPR045860_1_32-121,none,monomer,genus:Exaiptasia,72-95
A0A913XL18_IPR045860_1_141-238,none,monomer,genus:Exaiptasia,95-117
A0A913ZQE8_IPR045860_1_17-97,none,monomer,genus:Patiria,72-95
A0A914CQB1_IPR045860_1_17-98,SPF,monomer,genus:Acrobeloides,72-95
A0A914TZ53_IPR045860_1_12-105,Ly6,monomer,genus:Panagrolaimus,72-95
A0A914WZJ1_IPR045860_1_846-930,none,monomer,genus:Plectus,72-95
A0A9D2Y5S9_IPR045860_1_22-109,none,monomer,genus:Nothobranchius,72-95
A0A9D4E9Z7_IPR045860_1_19-103,none,monomer,genus:Dreissena,72-95
A0A9D4LK38_IPR045860_1_194-270,none,monomer,genus:Dreissena,72-95
A0A9N9WPE6_IPR045860_2_388-472,none,multimer,genus:Chironomus,72-95
A0A9P0CSD5_IPR045860_1_25-101,none,monomer,family:Chrysomelidae,72-95
A0A9P0H6X5_IPR045860_1_2-91,none,monomer,genus:Nezara,72-95
A0A9P1ASC2_IPR045860_1_17-107,Ly6,monomer,genus:Caenorhabditis,72-95
A0A9W9ZK67_IPR045860_1_19-103,none,monomer,genus:Desmophyllum,72-95
A0AA35TY84_IPR045860_1_27-132,none,monomer,genus:Geodia,95-117
A0AA36GTW6_IPR045860_1_18-100,none,monomer,genus:Cylicocyclus,72-95
A0AA39FRU5_IPR045860_1_25-127,none,monomer,genus:Microctonus,95-117
A0AA39LJD3_IPR045860_1_58-155,none,monomer,genus:Steinernema,95-117
A0AA85JVC6_IPR045860_1_18-86,Ly6,monomer,genus:Trichobilharzia,50-72
A0AA88LDF7_IPR045860_1_44-141,none,monomer,genus:Artemia,95-117
A0AA88XMJ9_IPR045860_1_679-767,none,monomer,class:Bivalvia,72-95
A0AAD1TPA5_IPR045860_1_19-100,SPF,multimer,genus:Pelobates,72-95
A0AAD4MYS0_IPR045860_1_5-68,mixture,monomer,order:Rhabditida,50-72
A0AAD6F7J3_IPR045860_1_27-152,none,monomer,order:Perciformes,117-140
A0AAD7WFY6_IPR045860_2_17-102,none,multimer,class:Actinopteri,72-95
A0AAD8BC96_IPR045860_1_2-98,Ly6,monomer,genus:Biomphalaria,95-117
A0AAD8ZN41_IPR045860_1_1-79,none,monomer,genus:Electrophorus,72-95
A0AAD9MZU4_IPR045860_1_5-82,none,monomer,genus:Paralvinella,72-95
A0AAD9R5M5_IPR045860_1_19-116,none,monomer,genus:Acropora,95-117
A0AAE0V8P4_IPR045860_1_21-140,none,monomer,class:Actinopteri,117-140
A0AAE1E257_IPR045860_1_52-119,Ly6,monomer,genus:Elysia,50-72
A0AAE2D6R5_IPR045860_1_25-97,none,monomer,genus:Schistosoma,72-95
A0AAJ6YUG5_IPR045860_1_42-136,none,monomer,genus:Ceratosolen,72-95
A0AAJ7UI86_IPR045860_1_19-105,Ly6,monomer,genus:Petromyzon,72-95
A0AAN5CTK5_IPR045860_1_18-97,none,monomer,genus:Pristionchus,72-95
A0AAN8AXA4_IPR045860_1_15-70,none,monomer,genus:Eleginops,50-72
A0AAQ4DLC8_IPR045860_1_1-53,none,monomer,family:Ixodidae,50-72
A0AAU7YD65_IPR045860_1_24-99,none,monomer,genus:Nidirana,72-95
A0AAU9U1W9_IPR045860_1_158-236,none,monomer,genus:Euphydryas,72-95
A0AAU9WM36_IPR045860_1_4-91,none,monomer,family:Pocilloporidae,72-95
A0AAV4A2K5_IPR045860_1_51-118,none,monomer,genus:Plakobranchus,50-72
A0AAV4RB90_IPR045860_1_14-112,none,monomer,order:Araneae,95-117
A0AAV5SJA6_IPR045860_1_15-103,none,monomer,genus:Pristionchus,72-95
A0AAV5UNV8_IPR045860_1_18-102,none,monomer,genus:Pristionchus,72-95
A0AAV6Z2I9_IPR045860_2_112-188,SPF,multimer,genus:Engystomops,72-95
A0AAV6ZM71_IPR045860_1_20-104,SPF,multimer,genus:Engystomops,72-95
A0AAV7PZH3_IPR045860_1_109-196,SPF,monomer,genus:Pleurodeles,72-95
A0AAV8VMV0_IPR045860_1_21-103,none,monomer,genus:Exocentrus,72-95
A0AAV9S6Y9_IPR045860_1_70-128,Ly6,multimer,genus:Crenichthys,50-72
A0AAW0MZS0_IPR045860_1_6-59,Ly6,monomer,genus:Mugilogobius,50-72
A0AAW0Y4Z4_IPR045860_1_41-148,none,monomer,genus:Cherax,95-117
A0AAW1MHZ8_IPR045860_1_59-144,none,monomer,genus:Popillia,72-95
A0AAW1USZ5_IPR045860_1_20-108,none,monomer,genus:Henosepilachna,72-95
A0AAY3ZU95_IPR045860_1_25-113,none,monomer,order:Clupeiformes,72-95
A0ABD0LTQ7_IPR045860_3_268-362,none,multimer,genus:Batillaria,95-117
A0ABD0W0F8_IPR045860_2_35-119,none,multimer,genus:Umbra,72-95
A0ABD2NB17_IPR045860_1_20-103,none,monomer,genus:Cryptolaemus,72-95
A0ABD3TG63_IPR045860_1_31-130,none,monomer,family:Unionidae,95-117
A0ABD6EKP5_IPR045860_1_10-81,none,monomer,genus:Gnathostoma,50-72
A7SMG5_IPR045860_1_18-104,none,monomer,genus:Nematostella,72-95
C0KTQ3_IPR045860_1_22-114,mixture,monomer,genus:Pocillopora,72-95
H2YH32_IPR045860_1_18-115,none,monomer,genus:Ciona,95-117
Q0GAC8_IPR045860_1_20-85,none,monomer,genus:Plethodon,50-72
Q0GAK5_IPR045860_1_20-81,none,monomer,genus:Plethodon,50-72
Q0GAN9_IPR045860_1_20-84,none,monomer,genus:Plethodon,50-72
R7U5R8_IPR045860_1_31-113,none,monomer,genus:Capitella,72-95
T1IL06_IPR045860_1_34-128,none,monomer,genus:Strigamia,72-95
V4CHL8_IPR045860_1_48-151,none,monomer,class:Gastropoda,95-117
W5M777_IPR045860_1_18-106,Ly6,monomer,class:Actinopteri,72-95
W5U5S1_IPR045860_1_20-95,none,monomer,order:Siluriformes,72-95
W8PW57_IPR045860_1_11-85,PMF,monomer,genus:Plethodon,72-95
Centipede3FTx_0028_60158,manually_annotated,monomer,class:Chilopoda,95-117
Centipede3FTx_0060_1255758,manually_annotated,monomer,class:Chilopoda,117-140
Centipede3FTx_0092_984703,manually_annotated,monomer,class:Chilopoda,95-117
Centipede3FTx_0124_60158,mixture,monomer,class:Chilopoda,95-117
A0A1S3FXP1_IPR042339_1_23-126,Ly6,monomer,genus:Dipodomys,95-117
F5CPD3_IPR045860_1_14-84,3FTx,monomer,genus:Micrurus,50-72
F8J2G6_IPR045860_1_22-78,mixture,monomer,family:Elapidae,50-72
P01405_IPR003571_1_1-59,none,monomer,genus:Dendroaspis,50-72
A0A286XHH1_IPR039237_1_3-56,mixture,monomer,class:Mammalia,50-72
A0A087WQ65_IPR045860_1_41-113,Ly6,monomer,genus:Mus,72-95
A0A0L7KYE0_IPR045860_1_21-93,none,monomer,genus:Operophtera,72-95
A0A2D0SKH5_IPR045860_2_57-139,none,multimer,genus:Ictalurus,72-95
A0A3B3RIH9_IPR016054_2_56-141,Ly6,multimer,genus:Paramormyrops,72-95
A0A3B4T6C0_IPR045860_1_82-161,mixture,multimer,genus:Seriola,72-95
A0A3Q3B0M9_IPR045860_2_108-183,Ly6,multimer,genus:Kryptolebias,72-95
A0A498MKX1_IPR016054_9_173-244,Ly6,multimer,genus:Labeo,50-72
A0A4U5MQN2_IPR045860_1_18-115,none,monomer,genus:Steinernema,95-117
A0A4W6CT64_IPR016054_1_17-112,Ly6,multimer,class:Actinopteri,72-95
A0A553QXQ1_IPR045860_1_69-153,none,monomer,genus:Danionella,72-95
A0A671LWA6_IPR045860_1_81-158,none,monomer,genus:Sinocyclocheilus,72-95
A0A672HXX6_IPR045860_1_49-122,none,monomer,genus:Salarias,72-95
A0A674J2S9_IPR016054_1_57-145,Ly6,monomer,order:Testudines,72-95
A0A6F9AAQ0_IPR016054_1_21-109,Ly6,monomer,genus:Coregonus,72-95
A0A6I8Q7E6_IPR045860_1_1-59,none,monomer,genus:Xenopus,50-72
A0A6P6N1J6_IPR045860_2_100-180,mixture,multimer,family:Cyprinidae,72-95
A0A6P7JZZ0_IPR016054_2_18-107,Ly6,multimer,genus:Parambassis,72-95
A0A6P8PMQ1_IPR016054_1_21-105,Ly6,monomer,order:Gymnophiona,72-95
A0A7F8KIW9_IPR045860_1_13-63,mixture,mixture,class:Mammalia,50-72
A0A7J8BB12_IPR045860_1_6-80,none,monomer,genus:Molossus,72-95
A0A7L0EH24_IPR045860_1_1-82,mixture,monomer,class:Aves,72-95
A0A8B8S0G9_IPR045860_1_15-96,none,monomer,family:Camelidae,72-95
A0A8C2A2H1_IPR045860_1_44-107,none,monomer,genus:Cyprinus,50-72
A0A8C5MWT2_IPR045860_1_21-101,none,monomer,order:Anura,72-95
A0A8C8RF92_IPR035076_1_12-82,none,monomer,genus:Pelusios,50-72
A0A8C9CVH1_IPR045860_1_36-89,none,monomer,family:Felidae,50-72
A0A8D2Q7T7_IPR016054_1_13-102,Ly6,monomer,genus:Varanus,72-95
A0A8J1LWQ5_IPR045860_1_14-82,mixture,monomer,genus:Xenopus,50-72
A0A8S3SNZ3_IPR045860_4_476-558,none,multimer,genus:Mytilus,72-95
A0A8T2LIM1_IPR016054_2_111-193,mostly_Ly6,mixture,genus:Astyanax,72-95
A0A974CQT3_IPR045860_1_7-57,none,monomer,genus:Xenopus,50-72
A0A9F5IQ72_IPR016054_1_21-107,Ly6,monomer,genus:Python,72-95
A0A9Q0Y0G3_IPR045860_1_11-69,none,monomer,genus:Phrynocephalus,50-72
A0AA35PDT8_IPR045860_3_11-99,Ly6,multimer,genus:Podarcis,72-95
A0AA88P1C8_IPR016054_2_18-106,Ly6,multimer,genus:Cirrhinus,72-95
A0AA88TDA1_IPR016054_2_20-105,none,multimer,genus:Cirrhinus,72-95
A0AAD1S4B2_IPR045860_1_1-82,none,monomer,genus:Pelobates,72-95
A0AAV2MDG4_IPR016054_3_267-354,Ly6,multimer,genus:Knipowitschia,72-95
A0AAV6FGZ4_IPR045860_2_111-186,SPF,multimer,genus:Alosa,72-95
A0AAV6ZDW4_IPR045860_1_1-58,none,monomer,genus:Engystomops,50-72
A0AAW1BLE1_IPR045860_1_13-85,none,monomer,genus:Crotalus,72-95
A0AAW1Z3J1_IPR045860_2_19-132,none,multimer,genus:Culter,95-117
H0XND0_IPR016054_1_42-130,Ly6,monomer,genus:Otolemur,72-95
R7V544_IPR045860_1_19-117,none,monomer,genus:Capitella,95-117
V8NB38_IPR045860_1_64-117,none,monomer,family:Elapidae,50-72
N0E6I9_IPR038773_1_9-60,none,monomer,genus:Homo,50-72
A0A099ZT30_IPR045860_2_2-87,none,multimer,family:Tinamidae,72-95
A0A0A0QUW4_IPR016054_1_1-63,Ly6,multimer,genus:Lissotriton,50-72
A0A0B8RWU6_IPR045860_1_115-196,none,multimer,genus:Philothamnus,72-95
A0A0E3KK06_IPR045860_2_114-196,Ly6,multimer,genus:Notophthalmus,72-95
A0A140IHE9_IPR045860_1_115-197,Ly6,multimer,genus:Cynops,72-95
A0A1S3W9A5_IPR016054_1_26-107,none,monomer,genus:Erinaceus,72-95
A0A1U7S4F7_IPR045860_2_114-198,none,multimer,genus:Alligator,72-95
A0A210QTG2_IPR016054_2_222-325,none,multimer,genus:Mizuhopecten,95-117
A0A2B4S002_IPR045860_1_20-107,Ly6,mixture,family:Pocilloporidae,72-95
A0A2Y9QDQ1_IPR026524_1_19-140,Ly6,monomer,genus:Trichechus,117-140
A0A3M6UGE3_IPR045860_1_299-379,none,multimer,family:Pocilloporidae,72-95
A0A3Q0C920_IPR016054_1_19-96,Ly6,monomer,genus:Mesocricetus,72-95
A0A3Q0FVW9_IPR045860_1_113-196,none,multimer,genus:Alligator,72-95
A0A3Q1MEM7_IPR016054_1_24-123,Ly6,monomer,genus:Bos,95-117
A0A3Q2P7U6_IPR045860_1_17-100,Ly6,monomer,genus:Fundulus,72-95
A0A401RPI0_IPR016054_1_4-88,none,monomer,order:Orectolobiformes,72-95
A0A452GG90_IPR045860_2_148-217,Ly6,multimer,genus:Gopherus,50-72
A0A484CNX4_IPR045860_1_17-101,Ly6,mixture,genus:Perca,72-95
A0A504Z1D6_IPR045860_1_21-95,Ly6,monomer,genus:Fasciola,72-95
A0A5F5PF29_IPR051445_1_1-137,Ly6,monomer,genus:Equus,117-140
A0A672IPM1_IPR016054_4_124-216,Ly6,multimer,genus:Salarias,72-95
A0A673HZD0_IPR045860_1_19-103,Ly6,monomer,class:Actinopteri,72-95
A0A6I9M643_IPR016054_7_699-770,Ly6,multimer,order:Rodentia,72-95
A0A6J1UYX5_IPR016054_1_38-120,Ly6,monomer,genus:Notechis,72-95
A0A6P7MS98_IPR016054_1_22-105,none,monomer,genus:Betta,72-95
A0A6P7YSJ0_IPR016054_1_136-229,Ly6,multimer,order:Gymnophiona,72-95
A0A6P8I9P2_IPR045860_2_361-443,none,multimer,genus:Actinia,72-95
A0A7J6BV89_IPR045860_1_106-178,Ly6,multimer,genus:Onychostoma,72-95
A0A7J7VEQ8_IPR016054_1_29-124,Ly6,monomer,genus:Rhinolophus,95-117
A0A803JS12_IPR016054_2_112-204,Ly6,multimer,genus:Xenopus,72-95
A0A803TK79_IPR045860_2_51-140,Ly6,multimer,genus:Anolis,72-95
A0A8B7SLY6_IPR016054_1_6-86,Ly6,monomer,genus:Hipposideros,72-95
A0A8C2MM73_IPR016054_2_319-395,Ly6,multimer,family:Cricetidae,72-95
A0A8C2SE49_IPR016054_1_20-104,Ly6,multimer,order:Artiodactyla,72-95
A0A8C5QQR9_IPR045860_3_411-499,Ly6,multimer,genus:Leptobrachium,72-95
A0A8C5QVB5_IPR045860_2_117-202,Ly6,multimer,genus:Leptobrachium,72-95
A0A8C5R8U2_IPR016054_1_182-276,Ly6,multimer,genus:Leptobrachium,72-95
A0A8C6QDU5_IPR016054_1_20-106,Ly6,multimer,genus:Nannospalax,72-95
A0A8C6V9Q3_IPR016054_1_51-143,Ly6,monomer,genus:Neogobius,72-95
A0A8C7DFP0_IPR045860_1_14-98,Ly6,monomer,genus:Oncorhynchus,72-95
A0A8C8UEU3_IPR016054_1_55-136,Ly6,multimer,family:Cricetidae,72-95
A0A8D0B7Z7_IPR016054_1_20-111,Ly6,multimer,genus:Salvator,72-95
A0A8D0HA27_IPR016054_1_45-115,Ly6,multimer,genus:Sphenodon,50-72
A0A8D2CTA0_IPR016054_1_19-104,Ly6,multimer,genus:Sciurus,72-95
A0A8D8DGH6_IPR016054_1_21-111,Ly6,monomer,genus:Culex,72-95
A0A8J0SVG8_IPR016054_1_21-114,Ly6,multimer,genus:Xenopus,72-95
A0A8J1L7U4_IPR045860_1_145-237,Ly6,multimer,genus:Xenopus,72-95
A0A8J6AJV9_IPR016054_1_3-78,Ly6,monomer,genus:Galemys,72-95
A0A8J6EJ08_IPR016054_3_113-202,Ly6,multimer,genus:Eleutherodactylus,72-95
A0A8T1S7E9_IPR045860_1_19-100,Ly6,monomer,genus:Chelydra,72-95
A0A8X8BLA9_IPR045860_1_18-104,Ly6,monomer,family:Polypteridae,72-95
A0A9B0TWF7_IPR016054_2_153-230,Ly6,multimer,class:Mammalia,72-95
A0A9F7TM69_IPR045860_4_243-324,Ly6,multimer,family:Ictaluridae,72-95
A0A9J7K1L5_IPR016054_1_137-211,Ly6,monomer,family:Cricetidae,72-95
A0A9Q1AQC3_IPR045860_1_18-105,Ly6,multimer,genus:Phrynocephalus,72-95
A0A9W2X751_IPR016054_1_12-70,Ly6,multimer,genus:Physeter,50-72
A0AA35KMS6_IPR045860_2_17-105,Ly6,multimer,genus:Podarcis,72-95
A0AA97KFU8_IPR045860_1_121-207,Ly6,multimer,genus:Eublepharis,72-95
A0AAD1T3X4_IPR045860_2_112-187,Ly6,multimer,genus:Pelobates,72-95
A0AAD1T941_IPR016054_3_3-97,Ly6,multimer,genus:Pelobates,72-95
A0AAD1WQB8_IPR045860_2_21-109,Ly6,multimer,genus:Pelobates,72-95
A0AAD7W9G3_IPR016054_1_113-201,Ly6,multimer,genus:Aldrovandia,72-95
A0AAD9DQG8_IPR045860_1_2-88,Ly6,monomer,genus:Electrophorus,72-95
A0AAE1ESG8_IPR045860_1_23-117,Ly6,monomer,genus:Petrolisthes,72-95
A0AAU9X5I4_IPR045860_1_36-127,Ly6,monomer,genus:Pocillopora,72-95
A0AAV1P3B9_IPR045860_1_18-104,Ly6,monomer,genus:Scomber,72-95
A0AAV2ZIV7_IPR045860_2_114-193,Ly6,multimer,genus:Pyxicephalus,72-95
A0AAV3A1H7_IPR045860_1_18-101,Ly6,monomer,genus:Pyxicephalus,72-95
A0AAV6ZCK3_IPR045860_2_71-156,Ly6,multimer,genus:Engystomops,72-95
A0AAV6ZLT8_IPR045860_1_18-102,Ly6,multimer,genus:Engystomops,72-95
A0AAV6ZZZ2_IPR045860_1_118-199,Ly6,multimer,genus:Engystomops,72-95
A0AAV7PXP2_IPR045860_2_37-130,Ly6,multimer,genus:Pleurodeles,72-95
A0AAV7Q3X5_IPR045860_3_515-598,Ly6,multimer,genus:Pleurodeles,72-95
A0AAW0N0A7_IPR016054_1_22-119,Ly6,multimer,genus:Mugilogobius,95-117
A0AAW0PEC5_IPR016054_1_57-139,none,monomer,genus:Mugilogobius,72-95
A0AAW1AXJ9_IPR045860_1_111-193,none,multimer,genus:Crotalus,72-95
A0AAW1UZS0_IPR016054_1_119-203,Ly6,multimer,genus:Henosepilachna,72-95
A0AAW2B998_IPR045860_2_33-108,Ly6,multimer,genus:Culter,72-95
A0AAY4BK88_IPR045860_1_18-106,Ly6,monomer,genus:Denticeps,72-95
A0AB13A9V0_IPR016054_1_19-112,none,monomer,genus:Danio,72-95
A8I4P1_IPR016054_2_122-183,none,multimer,genus:Bothrops,50-72
B2D6N2_IPR045860_2_13-92,Ly6,multimer,genus:Caenorhabditis,72-95
D3ZCH9_IPR016054_3_319-396,Ly6,multimer,genus:Rattus,72-95
F6TZG3_IPR016054_2_125-221,Ly6,multimer,genus:Ornithorhynchus,95-117
G3VEL5_IPR045860_1_16-97,mixture,monomer,class:Mammalia,72-95
H3CIP5_IPR045860_1_39-127,Ly6,monomer,genus:Tetraodon,72-95
L9KKD7_IPR016054_1_225-321,Ly6,multimer,genus:Tupaia,95-117
Q90358_IPR045860_1_113-175,none,multimer,genus:Crotalus,50-72
R4GBL9_IPR045860_1_118-206,Ly6,multimer,genus:Anolis,72-95
S9YW22_IPR016054_1_27-118,mixture,mixture,order:Artiodactyla,72-95
A0A1A7Y9N1_IPR039457_1_7-132,Ly6,monomer,class:Actinopteri,117-140
A0A3Q2XZN3_IPR039457_1_5-146,Ly6,monomer,genus:Hippocampus,140-162
A0A7K7MGB1_IPR039457_1_1-111,none,monomer,genus:Brachypodius,95-117
A0A852NKK1_IPR039457_1_3-105,mixture,monomer,phylum:Chordata,95-117
A0A8J2WHV1_IPR039457_1_14-161,none,monomer,genus:Daphnia,140-162
A0A9F2R4Q0_IPR039457_1_5-166,mixture,monomer,phylum:Chordata,140-162
A0AAE0SFD4_IPR039457_1_35-155,mixture,monomer,family:Unionidae,117-140
A0AAW1DF26_IPR039457_1_1-73,none,monomer,genus:Rhynocoris,72-95
A0ABD0Y7G6_IPR039457_1_5-160,none,monomer,genus:Umbra,140-162
A0A074ZN05_IPR031424_1_708-795,mixture,monomer,family:Opisthorchiidae,72-95
A0A087UTH0_IPR031424_1_17-106,none,monomer,genus:Stegodyphus,72-95
A0A0A9W9P3_IPR045860_1_18-122,none,monomer,genus:Lygus,95-117
A0A0G3IC74_IPR031424_1_25-116,Ly6,monomer,genus:Locusta,72-95
A0A0K2TST1_IPR045860_1_20-97,mixture,monomer,genus:Lepeophtheirus,72-95
A0A0P5SAW0_IPR045860_1_18-116,none,monomer,genus:Daphnia,95-117
A0A0X3PMB9_IPR045860_1_24-122,none,monomer,genus:Schistocephalus,95-117
A0A139WGE1_IPR031424_1_21-134,none,monomer,genus:Tribolium,95-117
A0A1D2MQ74_IPR031424_1_25-126,none,monomer,genus:Orchesella,95-117
A0A1I8NJK4_IPR031424_1_20-123,none,monomer,family:Muscidae,95-117
A0A1S3H7F3_IPR031424_1_22-98,Quiver,monomer,genus:Lingula,72-95
A0A1S3JW66_IPR031424_1_21-107,none,monomer,genus:Lingula,72-95
A0A1W0WNW9_IPR031424_1_26-116,none,monomer,genus:Hypsibius,72-95
A0A1Y1MSD6_IPR031424_1_20-111,none,monomer,family:Lampyridae,72-95
A0A210QR19_IPR031424_1_22-99,Quiver,monomer,genus:Mizuhopecten,72-95
A0A293N5C6_IPR031424_1_25-116,none,monomer,genus:Ornithodoros,72-95
A0A2L2YJT6_IPR045860_1_7-104,none,monomer,genus:Parasteatoda,95-117
A0A2T7PKC7_IPR031424_1_22-117,Quiver,monomer,genus:Pomacea,95-117
A0A3M7PFA6_IPR031424_1_20-103,none,monomer,genus:Brachionus,72-95
A0A4C1T6Q0_IPR031424_1_9-105,none,multimer,genus:Eumeta,95-117
A0A553NPQ1_IPR045860_1_24-105,none,monomer,genus:Tigriopus,72-95
A0A5N4AFG3_IPR045860_1_17-106,none,monomer,genus:Photinus,72-95
A0A6A4VEB1_IPR031424_1_25-111,none,monomer,genus:Amphibalanus,72-95
A0A6G1S4C5_IPR031424_1_35-162,none,monomer,genus:Aceria,117-140
A0A6J1N842_IPR031424_1_21-136,none,monomer,genus:Bicyclus,95-117
A0A6J2XF24_IPR031424_1_23-136,none,monomer,genus:Sitophilus,95-117
A0A6P8WA25_IPR031424_1_24-125,none,monomer,genus:Drosophila,95-117
A0A7J7JDI6_IPR031424_1_23-117,none,monomer,genus:Bugula,72-95
A0A7R9BF94_IPR045860_1_22-111,none,monomer,genus:Notodromas,72-95
A0A813X403_IPR045860_1_18-105,none,monomer,genus:Adineta,72-95
A0A816AE66_IPR031424_1_24-111,Quiver,monomer,genus:Rotaria,72-95
A0A834MIU9_IPR031424_1_19-137,none,monomer,genus:Rhynchophorus,117-140
A0A8J1XZF0_IPR031424_1_24-120,Quiver,monomer,unknown,95-117
A0A8J2Q1V1_IPR031424_1_23-132,Quiver,monomer,genus:Allacma,95-117
A0A8K0FZ43_IPR045860_1_21-117,none,monomer,genus:Ignelater,95-117
A0A8R1TK81_IPR031424_1_49-186,Quiver,monomer,genus:Onchocerca,117-140
A0A8S4SG31_IPR031424_1_23-115,none,monomer,genus:Pararge,72-95
A0A8W8NPJ4_IPR031424_1_30-117,none,monomer,family:Ostreidae,72-95
A0A914AMV4_IPR031424_1_51-172,none,monomer,genus:Patiria,117-140
A0A914T9K7_IPR031424_1_3-71,none,monomer,genus:Panagrolaimus,50-72
A0A9C6SRV2_IPR031424_1_24-77,none,monomer,genus:Drosophila,50-72
A0A9D4EYC0_IPR031424_1_20-100,Quiver,monomer,genus:Dreissena,72-95
A0A9J6CLP8_IPR031424_1_22-107,none,monomer,genus:Polypedilum,72-95
A0A9N9S347_IPR031424_1_25-123,none,monomer,genus:Chironomus,95-117
A0A9P0BFN3_IPR031424_1_22-139,none,monomer,genus:Brassicogethes,117-140
A0A9P0LT91_IPR031424_1_23-111,none,monomer,genus:Acanthoscelides,72-95
A0A9Q0RXV2_IPR031424_1_22-136,none,monomer,genus:Pseudolycoriella,95-117
A0AA36B8V0_IPR031424_1_35-105,none,monomer,genus:Octopus,50-72
A0AA36ME13_IPR031424_1_232-343,none,monomer,genus:Cylicocyclus,95-117
A0AA85K6Z4_IPR031424_2_113-203,Quiver,multimer,genus:Trichobilharzia,72-95
A0AAD9L536_IPR031424_1_24-104,Quiver,monomer,genus:Ridgeia,72-95
A0AAE0SQF5_IPR031424_1_31-121,Quiver,monomer,genus:Potamilus,72-95
A0AAN7SNP7_IPR031424_1_20-102,none,monomer,genus:Aquatica,72-95
A0AAN9V7F9_IPR045860_1_16-113,none,monomer,genus:Gryllus,95-117
A0AAR5PBA6_IPR031424_1_24-134,mixture,monomer,class:Insecta,95-117
A0AAV1Z414_IPR031424_1_25-118,none,monomer,order:Araneae,72-95
A0AAV8VLR8_IPR031424_1_24-142,none,monomer,genus:Exocentrus,117-140
A0AAV8Z9F7_IPR031424_1_3-103,none,monomer,genus:Rhamnusium,95-117
A0AAW1NM41_IPR031424_1_55-145,none,monomer,genus:Popillia,72-95
A0ABD0Y7A6_IPR031424_1_20-163,none,monomer,genus:Ranatra,140-162
E0VZN0_IPR031424_1_27-123,none,monomer,order:Phthiraptera,95-117
G7YFZ8_IPR031424_1_45-154,Quiver,monomer,family:Opisthorchiidae,95-117
Q8IA82_IPR045860_1_17-102,mixture,monomer,genus:Caenorhabditis,72-95
R7U5V7_IPR031424_1_62-145,none,monomer,genus:Capitella,72-95
T1FHP3_IPR031424_1_37-115,Quiver,monomer,genus:Helobdella,72-95
T1J121_IPR031424_1_143-218,none,monomer,genus:Strigamia,72-95
V9IJ48_IPR031424_1_24-144,none,monomer,genus:Apis,117-140
A0A077Z0B6_IPR045860_1_53-137,Quiver,monomer,genus:Trichuris,72-95
A0A0B2W0J0_IPR045860_1_2-77,Quiver,monomer,genus:Toxocara,72-95
A0A0C2FSU3_IPR045860_1_16-89,none,monomer,genus:Ancylostoma,72-95
A0A0K3AS05_IPR045860_1_2-53,none,monomer,genus:Caenorhabditis,50-72
A0A0L7L8E4_IPR045860_1_98-190,none,monomer,genus:Operophtera,72-95
A0A0N4U694_IPR045860_1_74-163,none,monomer,genus:Dracunculus,72-95
A0A0N4ZQ95_IPR045860_1_27-125,none,monomer,genus:Parastrongyloides,95-117
A0A0Q3VBE2_IPR045860_1_9-64,mixture,monomer,class:Aves,50-72
A0A131YX26_IPR045860_1_51-178,none,monomer,genus:Rhipicephalus,117-140
A0A158PC07_IPR045860_1_12-107,none,monomer,genus:Angiostrongylus,95-117
A0A1A8NJS3_IPR045860_1_1-74,Ly6,monomer,genus:Nothobranchius,72-95
A0A1D1W9J0_IPR045860_1_43-95,none,monomer,genus:Ramazzottius,50-72
A0A1I7RZF3_IPR045860_1_68-183,none,monomer,genus:Bursaphelenchus,95-117
A0A1I8HMQ6_IPR045860_1_24-78,Ly6,monomer,genus:Macrostomum,50-72
A0A1L8FNT3_IPR045860_2_18-109,mixture,mixture,genus:Xenopus,72-95
A0A1S3Q511_IPR045860_2_20-103,none,multimer,genus:Salmo,72-95
A0A1W4XTZ2_IPR045860_1_94-205,none,monomer,genus:Agrilus,95-117
A0A210Q9V6_IPR045860_2_2-73,Ly6,multimer,genus:Mizuhopecten,50-72
A0A226DLD2_IPR045860_1_20-136,none,monomer,genus:Folsomia,95-117
A0A267EV55_IPR045860_1_25-81,Ly6,monomer,genus:Macrostomum,50-72
A0A2A2L845_IPR045860_1_18-128,none,monomer,genus:Diploscapter,95-117
A0A2G5U1J6_IPR045860_1_42-110,mixture,monomer,genus:Caenorhabditis,50-72
A0A2T7PRS3_IPR045860_1_37-134,none,monomer,genus:Pomacea,95-117
A0A3B3ZHF5_IPR045860_1_19-117,none,monomer,genus:Periophthalmus,95-117
A0A3B4BI88_IPR045860_1_42-126,Ly6,monomer,genus:Periophthalmus,72-95
A0A3B4VID6_IPR045860_1_18-88,Ly6,monomer,genus:Seriola,50-72
A0A3B4XT38_IPR045860_1_58-128,none,monomer,class:Actinopteri,50-72
A0A3M6TQ38_IPR045860_1_18-99,mixture,monomer,genus:Pocillopora,72-95
A0A3M7RLW0_IPR045860_1_18-108,none,monomer,genus:Brachionus,72-95
A0A3P8SPW0_IPR045860_1_56-183,none,monomer,genus:Amphiprion,117-140
A0A3Q2Q543_IPR045860_1_52-140,none,monomer,class:Actinopteri,72-95
A0A3Q2ZKQ2_IPR045860_1_17-87,Ly6,monomer,genus:Hippocampus,50-72
A0A3R7Q095_IPR045860_1_286-383,none,monomer,genus:Penaeus,95-117
A0A3S3PRB8_IPR045860_1_6-115,none,monomer,genus:Dinothrombium,95-117
A0A448XBJ3_IPR045860_1_14-109,none,monomer,genus:Protopolystoma,95-117
A0A4S2LDN6_IPR045860_1_28-102,Ly6,monomer,genus:Opisthorchis,72-95
A0A4U5MGE4_IPR045860_1_133-243,none,monomer,genus:Steinernema,95-117
A0A4U5U1R0_IPR045860_1_23-124,none,monomer,genus:Collichthys,95-117
A0A4W6BLD8_IPR045860_1_16-88,Ly6,monomer,genus:Lates,72-95
A0A513ZV69_IPR045860_1_116-196,SPF,monomer,genus:Boana,72-95
A0A553PVH5_IPR045860_1_17-93,none,monomer,genus:Danionella,72-95
A0A5K3FWJ7_IPR045860_1_7-98,none,monomer,genus:Mesocestoides,72-95
A0A5S6QAR3_IPR045860_1_43-147,none,monomer,genus:Trichuris,95-117
A0A668RDC1_IPR045860_1_17-90,mixture,monomer,family:Cichlidae,72-95
A0A669BMP2_IPR045860_1_6-103,none,monomer,class:Actinopteri,95-117
A0A669CZ75_IPR045860_1_18-93,none,monomer,genus:Oreochromis,72-95
A0A673BWJ2_IPR045860_1_25-101,none,monomer,class:Actinopteri,72-95
A0A674EAY8_IPR045860_1_14-91,none,monomer,family:Salmonidae,72-95
A0A6A4T2H3_IPR045860_1_159-225,Ly6,multimer,genus:Scophthalmus,50-72
A0A6A5HGI9_IPR045860_1_108-191,none,monomer,genus:Caenorhabditis,72-95
A0A6G0HW87_IPR045860_1_56-129,none,multimer,genus:Larimichthys,72-95
A0A6J0C8W2_IPR045860_1_50-103,none,monomer,genus:Neodiprion,50-72
A0A6J0V6F3_IPR045860_2_80-163,none,multimer,genus:Pogona,72-95
A0A6J2VPR7_IPR045860_1_19-117,none,monomer,genus:Chanos,95-117
A0A6J2YE51_IPR045860_1_41-118,none,monomer,genus:Sitophilus,72-95
A0A6J8AED0_IPR045860_1_458-537,none,monomer,genus:Mytilus,72-95
A0A6M2E018_IPR045860_1_36-139,none,monomer,genus:Xenopsylla,95-117
A0A6P4Z3G5_IPR045860_1_18-106,mixture,monomer,genus:Branchiostoma,72-95
A0A6P7LFA8_IPR045860_1_20-104,none,multimer,class:Actinopteri,72-95
A0A6P8IDE5_IPR045860_1_19-93,none,monomer,genus:Actinia,72-95
A0A6P9ARC1_IPR045860_1_1-109,none,monomer,order:Squamata,95-117
A0A7E4UZE6_IPR045860_1_12-84,none,monomer,genus:Panagrellus,72-95
A0A7M5UEL9_IPR045860_1_20-102,none,monomer,genus:Clytia,72-95
A0A7R9A6H2_IPR045860_1_25-110,Quiver,monomer,genus:Darwinula,72-95
A0A814BKN0_IPR045860_1_19-121,none,monomer,genus:Brachionus,95-117
A0A815B496_IPR045860_1_23-75,none,monomer,genus:Adineta,50-72
A0A834HLP2_IPR045860_1_19-110,none,monomer,genus:Rhynchophorus,72-95
A0A8B6D9J1_IPR045860_1_4-90,none,monomer,genus:Mytilus,72-95
A0A8B7YVG2_IPR045860_1_18-106,none,monomer,genus:Acanthaster,72-95
A0A8B9GWZ7_IPR045860_1_20-107,mixture,monomer,class:Actinopteri,72-95
A0A8C4YT57_IPR045860_1_20-104,none,monomer,genus:Gopherus,72-95
A0A8C5QVE6_IPR045860_2_119-168,Ly6,multimer,genus:Leptobrachium,50-72
A0A8C6UH22_IPR045860_1_17-93,Ly6,monomer,genus:Neogobius,72-95
A0A8C6WQQ3_IPR045860_1_45-138,none,monomer,genus:Neogobius,72-95
A0A8D0HFN5_IPR045860_2_114-195,Ly6,multimer,genus:Sphenodon,72-95
A0A8D2JIH4_IPR045860_1_26-76,Ly6,monomer,genus:Varanus,50-72
A0A8D8W2N9_IPR045860_1_22-102,none,monomer,genus:Cacopsylla,72-95
A0A8I5YPA3_IPR045860_1_25-84,none,monomer,family:Hominidae,50-72
A0A8J1UNQ8_IPR045860_1_27-128,none,monomer,genus:Owenia,95-117
A0A8J4THQ2_IPR045860_1_1-92,none,monomer,class:Actinopteri,95-117
A0A8J6EHL6_IPR045860_1_20-90,none,monomer,genus:Eleutherodactylus,50-72
A0A8J9ZNV6_IPR045860_1_17-100,mixture,monomer,genus:Branchiostoma,72-95
A0A8K0EJV7_IPR045860_1_30-112,none,monomer,genus:Branchiostoma,72-95
A0A8R1DKM1_IPR045860_1_69-188,none,monomer,genus:Caenorhabditis,95-117
A0A8R2A1W4_IPR045860_1_32-111,none,mixture,family:Aphididae,72-95
A0A8S1EAT5_IPR045860_1_23-94,Ly6,monomer,genus:Caenorhabditis,50-72
A0A8S1HYA7_IPR045860_1_78-155,none,monomer,genus:Caenorhabditis,72-95
A0A8S3QXF2_IPR045860_1_58-153,none,monomer,genus:Mytilus,95-117
A0A8S3YQ65_IPR045860_1_22-120,none,monomer,genus:Candidula,95-117
A0A8S4E904_IPR045860_1_282-359,none,monomer,genus:Plutella,72-95
A0A913WSK3_IPR045860_1_22-113,none,monomer,genus:Exaiptasia,72-95
A0A913ZQI1_IPR045860_1_20-116,none,monomer,genus:Patiria,95-117
A0A914CRC5_IPR045860_1_17-100,none,monomer,genus:Acrobeloides,72-95
A0A914JTL9_IPR045860_1_20-78,SPF,monomer,genus:Panagrolaimus,50-72
A0A914P6R8_IPR045860_1_18-105,none,monomer,genus:Panagrolaimus,72-95
A0A914U1P1_IPR045860_1_25-103,none,monomer,genus:Panagrolaimus,72-95
A0A914X1Q0_IPR045860_1_27-104,none,monomer,genus:Plectus,72-95
A0A974HD43_IPR045860_2_110-217,Ly6,multimer,genus:Xenopus,95-117
A0A9D3YJP0_IPR045860_1_183-274,none,monomer,genus:Dreissena,72-95
A0A9D4LPP4_IPR045860_1_28-113,none,monomer,genus:Dreissena,72-95
A0A9J7H7H1_IPR045860_1_84-169,mixture,mixture,family:Cricetidae,72-95
A0A9N9MN37_IPR045860_1_21-105,none,monomer,genus:Ceutorhynchus,72-95
A0A9N9WRS2_IPR045860_1_43-102,none,monomer,family:Chironomidae,50-72
A0A9P1ASU3_IPR045860_1_21-90,none,monomer,genus:Caenorhabditis,50-72
A0A9P1IY25_IPR045860_1_39-93,Ly6,monomer,genus:Caenorhabditis,50-72
A0A9Q1GA89_IPR045860_1_6-77,mixture,monomer,phylum:Chordata,72-95
A0A9R0D3T4_IPR045860_1_36-135,mixture,monomer,order:Lepidoptera,95-117
A0A9W9ZP78_IPR045860_1_86-175,none,monomer,genus:Desmophyllum,72-95
A0AA35KMT7_IPR045860_1_9-93,none,monomer,genus:Podarcis,72-95
A0AA35NXP4_IPR045860_1_32-109,none,monomer,genus:Podarcis,72-95
A0AA35TZC4_IPR045860_1_23-114,none,multimer,genus:Geodia,72-95
A0AA36CGB4_IPR045860_1_170-239,mixture,monomer,genus:Mesorhabditis,50-72
A0AA36FE86_IPR045860_1_1-84,none,monomer,genus:Octopus,72-95
A0AA36GTX8_IPR045860_1_13-103,none,monomer,genus:Cylicocyclus,72-95
A0AA36MAJ4_IPR045860_1_38-92,none,monomer,genus:Cylicocyclus,50-72
A0AA47P380_IPR045860_1_53-147,none,monomer,phylum:Chordata,72-95
A0AA88NH59_IPR045860_1_18-78,none,monomer,genus:Channa,50-72
A0AA88XT57_IPR045860_1_14-99,none,monomer,genus:Pinctada,72-95
A0AAD1TPA5_IPR045860_2_110-194,SPF,multimer,genus:Pelobates,72-95
A0AAD5PU13_IPR045860_1_20-103,mixture,monomer,genus:Daphnia,72-95
A0AAD8BKR3_IPR045860_1_30-135,none,monomer,genus:Biomphalaria,95-117
A0AAD9N1G1_IPR045860_1_30-127,none,monomer,genus:Paralvinella,95-117
A0AAD9R5Z8_IPR045860_1_15-88,none,monomer,genus:Acropora,72-95
A0AAE0VEQ6_IPR045860_1_404-482,none,monomer,genus:Hemibagrus,72-95
A0AAE1EUF5_IPR045860_1_59-141,none,monomer,genus:Petrolisthes,72-95
A0AAF3F6M7_IPR045860_1_18-100,none,monomer,genus:Mesorhabditis,72-95
A0AAJ8DVY9_IPR045860_1_16-102,Ly6,monomer,genus:Lates,72-95
A0AAN5CVM6_IPR045860_1_155-233,none,monomer,genus:Pristionchus,72-95
A0AAQ4DNI9_IPR045860_1_1-71,none,monomer,genus:Amblyomma,50-72
A0AAU7YD66_IPR045860_1_20-93,none,monomer,genus:Nidirana,72-95
A0AAU9WM84_IPR045860_1_19-113,none,monomer,genus:Pocillopora,72-95
A0AAU9XLM5_IPR045860_1_19-114,mixture,mixture,genus:Pocillopora,95-117
A0AAV2TU50_IPR045860_1_16-81,none,monomer,genus:Calicophoron,50-72
A0AAV4A8E9_IPR045860_1_196-291,none,monomer,genus:Plakobranchus,95-117
A0AAV5SLD8_IPR045860_1_19-85,Ly6,monomer,genus:Pristionchus,50-72
A0AAV6FQB1_IPR045860_1_22-140,none,multimer,genus:Alosa,117-140
A0AAV6HID9_IPR045860_1_23-101,none,monomer,order:Clupeiformes,72-95
A0AAV6Z364_IPR045860_1_1-75,none,monomer,genus:Engystomops,72-95
A0AAV6ZM71_IPR045860_2_114-198,SPF,multimer,genus:Engystomops,72-95
A0AAV7PZS9_IPR045860_1_18-109,SPF,monomer,genus:Pleurodeles,72-95
A0AAV9S6Y9_IPR045860_2_1-62,Ly6,multimer,genus:Crenichthys,50-72
A0AAW1BLH3_IPR045860_1_21-83,none,monomer,genus:Crotalus,50-72
A0AAW1MI48_IPR045860_1_59-141,none,monomer,genus:Popillia,72-95
A0AAW1UUU9_IPR045860_1_21-121,none,monomer,genus:Henosepilachna,95-117
A0ABD0M317_IPR045860_1_6-92,none,monomer,genus:Batillaria,72-95
A0ABD0W0F8_IPR045860_3_121-207,none,multimer,genus:Umbra,72-95
A0ABD2NDN6_IPR045860_1_18-106,none,monomer,genus:Cryptolaemus,72-95
A0ABD3UYT6_IPR045860_1_10-74,none,monomer,genus:Sinanodonta,50-72
A0ABD6EL23_IPR045860_1_17-92,none,monomer,genus:Gnathostoma,72-95
A7SMG6_IPR045860_1_18-104,none,monomer,genus:Nematostella,72-95
C3Z5A4_IPR045860_1_45-138,none,monomer,genus:Branchiostoma,72-95
F6SCX5_IPR045860_1_2-86,none,monomer,genus:Ciona,72-95
F6XPQ3_IPR045860_1_63-135,none,monomer,genus:Ciona,72-95
H3AP73_IPR045860_1_22-137,none,monomer,genus:Latimeria,95-117
Q3SCJ7_IPR045860_1_1-50,none,monomer,phylum:Chordata,50-72
Q71TU4_IPR045860_1_12-81,none,monomer,genus:Plethodon,50-72
R7U7M8_IPR045860_1_42-103,Ly6,monomer,genus:Capitella,50-72
T1ILG0_IPR045860_1_12-69,none,monomer,genus:Strigamia,50-72
U3KNN4_IPR045860_1_139-217,Ly6,monomer,genus:Oryctolagus,72-95
V4CRU8_IPR045860_1_45-107,none,monomer,genus:Lottia,50-72
W5MEH7_IPR045860_1_2-78,none,monomer,genus:Lepisosteus,72-95
Centipede3FTx_0029_61981,manually_annotated,monomer,class:Chilopoda,140-162
Centipede3FTx_0061_1255758,mixture,monomer,class:Chilopoda,72-95
Centipede3FTx_0093_984703,manually_annotated,monomer,class:Chilopoda,117-140
A0A1U7QU12_IPR042339_1_1-96,Ly6,monomer,genus:Mesocricetus,95-117
A0A484GQ91_IPR042339_1_41-118,none,monomer,genus:Sousa,72-95
A0A194APF0_IPR045860_1_14-86,mixture,monomer,genus:Micrurus,72-95
A0A814G8T3_IPR045860_1_23-92,none,monomer,genus:Rotaria,50-72
A0A914IX96_IPR003571_1_571-633,none,monomer,genus:Panagrolaimus,50-72
A5X2X0_IPR045860_1_13-85,mixture,monomer,family:Viperidae,50-72
P14612_IPR045860_1_13-89,none,monomer,genus:Pseudechis,72-95
Q53B49_IPR045860_1_12-85,none,monomer,genus:Ophiophagus,72-95
Q9YH67_IPR045860_1_9-60,none,monomer,genus:Bungarus,50-72
R4G7K5_IPR045860_1_12-79,3FTx,monomer,genus:Pseudonaja,50-72
A0AAV6ZWE6_IPR039237_1_5-95,Ly6,monomer,genus:Engystomops,72-95
A0A087WQL5_IPR045860_1_46-105,none,monomer,genus:Mus,50-72
A0A093GCP6_IPR016054_1_4-83,Ly6,monomer,class:Aves,72-95
A0A151P8B2_IPR016054_1_21-108,Ly6,monomer,order:Crocodylia,72-95
A0A1S3FW51_IPR045860_1_12-116,none,monomer,genus:Dipodomys,95-117
A0A2T7NKQ0_IPR045860_1_26-95,none,monomer,genus:Pomacea,50-72
A0A2Y9JAL2_IPR016054_1_20-106,Ly6,monomer,genus:Enhydra,72-95
A0A3B3SJV0_IPR045860_1_19-107,none,monomer,genus:Paramormyrops,72-95
A0A3B4T6C0_IPR045860_2_11-77,none,multimer,genus:Seriola,50-72
A0A3Q3B0R9_IPR045860_1_18-102,Ly6,multimer,genus:Kryptolebias,72-95
A0A484CJV5_IPR016054_1_20-112,Ly6,multimer,genus:Perca,72-95
A0A4U5PHI3_IPR045860_1_21-97,none,monomer,genus:Steinernema,72-95
A0A4W6CT64_IPR016054_2_114-198,Ly6,mixture,class:Actinopteri,72-95
A0A553QYE0_IPR016054_1_111-188,Ly6,multimer,genus:Danionella,72-95
A0A672HY60_IPR045860_1_91-165,Ly6,multimer,genus:Salarias,72-95
A0A672TJI9_IPR045860_1_31-102,none,monomer,genus:Strigops,50-72
A0A674J9W8_IPR045860_1_18-67,none,monomer,genus:Terrapene,50-72
A0A6P6NAK3_IPR016054_1_110-184,mixture,mixture,order:Cypriniformes,72-95
A0A6P7K1R3_IPR016054_1_18-112,Ly6,multimer,genus:Parambassis,72-95
A0A6P8PMV2_IPR045860_1_11-93,none,monomer,genus:Geotrypetes,72-95
A0A803SX93_IPR016054_1_21-110,Ly6,monomer,order:Squamata,72-95
A0A814M5N4_IPR045860_1_15-93,none,monomer,genus:Brachionus,72-95
A0A820CBU5_IPR045860_1_11-70,none,monomer,genus:Rotaria,50-72
A0A851TKW4_IPR016054_1_2-94,Ly6,monomer,family:Tinamidae,72-95
A0A8B6FJS8_IPR045860_1_17-96,none,monomer,genus:Mytilus,72-95
A0A8B8S0Q2_IPR045860_1_27-138,none,monomer,genus:Camelus,95-117
A0A8B9R4A5_IPR035076_1_21-80,none,monomer,genus:Anas,50-72
A0A8C1K275_IPR045860_1_16-79,none,monomer,genus:Cyprinus,50-72
A0A8C3I315_IPR016054_1_19-109,mixture,monomer,order:Testudines,72-95
A0A8C4YEQ8_IPR016054_1_21-110,Ly6,monomer,genus:Gopherus,72-95
A0A8C5MY48_IPR045860_1_3-69,none,monomer,genus:Leptobrachium,50-72
A0A8C6QS20_IPR016054_1_21-100,Ly6,monomer,genus:Nannospalax,72-95
A0A8C7DYW7_IPR016054_1_22-105,Ly6,monomer,order:Squamata,72-95
A0A8C8RFB5_IPR045860_1_10-78,none,monomer,genus:Pelusios,50-72
A0A8J2NK45_IPR035076_1_31-96,none,monomer,genus:Allacma,50-72
A0A8T2LIT3_IPR045860_1_18-91,none,monomer,genus:Astyanax,72-95
A0A9W2V0R8_IPR045860_1_13-95,Ly6,mixture,order:Carnivora,72-95
A0A9W7THA9_IPR045860_1_1-64,Ly6,multimer,genus:Triplophysa,50-72
A0AA88P1H4_IPR016054_1_20-105,Ly6,monomer,genus:Cirrhinus,72-95
A0AA88TF02_IPR045860_1_70-142,mixture,multimer,family:Cyprinidae,72-95
A0AAD1S4B8_IPR045860_1_45-122,none,monomer,genus:Pelobates,72-95
A0AAD9DT86_IPR045860_1_44-115,none,monomer,genus:Electrophorus,50-72
A0AAQ4RPZ3_IPR016054_2_114-197,Ly6,multimer,order:Perciformes,72-95
A0AAV2MDG4_IPR016054_4_34-124,Ly6,multimer,genus:Knipowitschia,72-95
A0AAV6FHA1_IPR045860_1_17-87,none,monomer,genus:Alosa,50-72
A0AAV6ZW00_IPR045860_1_1-50,none,monomer,genus:Engystomops,50-72
A0AAW1BLI6_IPR016054_1_21-110,Ly6,monomer,genus:Crotalus,72-95
A0AAW1Z3W2_IPR016054_1_111-185,Ly6,multimer,genus:Culter,72-95
H0XW29_IPR016054_1_66-153,Ly6,monomer,genus:Otolemur,72-95
K1P696_IPR045860_1_1-72,mixture,mixture,family:Ostreidae,50-72
Q14B14_IPR016054_1_21-100,mixture,monomer,order:Rodentia,72-95
R7V6D4_IPR045860_1_22-108,none,monomer,genus:Capitella,72-95
V8NB54_IPR045860_1_3-70,none,monomer,order:Squamata,50-72
A0A087X887_IPR045860_1_17-106,Ly6,monomer,genus:Poecilia,72-95
A0A091E5K2_IPR016054_1_91-171,Ly6,multimer,genus:Fukomys,72-95
A0A0A0QUW4_IPR045860_2_75-157,Ly6,multimer,genus:Lissotriton,72-95
A0A0A0QVU0_IPR045860_2_99-180,Ly6,multimer,genus:Lissotriton,72-95
A0A151M3Y2_IPR016054_4_650-743,Ly6,multimer,genus:Alligator,72-95
A0A151NBF6_IPR045860_3_22-108,Ly6,multimer,genus:Alligator,72-95
A0A1S3GIS1_IPR016054_1_43-108,Ly6,multimer,order:Rodentia,50-72
A0A2B4SCQ9_IPR045860_1_18-106,Ly6,mixture,family:Pocilloporidae,72-95
A0A2I4AV61_IPR016054_1_115-208,Ly6,multimer,genus:Austrofundulus,72-95
A0A2K6EIN2_IPR016054_1_131-208,Ly6,multimer,genus:Propithecus,72-95
A0A2K6GLE9_IPR016054_1_20-109,Ly6,multimer,order:Primates,72-95
A0A2Y9R2Q1_IPR045860_1_17-95,Ly6,monomer,genus:Trichechus,72-95
A0A3B4XUA3_IPR016054_1_99-182,Ly6,multimer,genus:Seriola,72-95
A0A3B5MP15_IPR045860_1_20-99,Ly6,monomer,family:Poeciliidae,72-95
A0A3Q2CAS4_IPR045860_1_18-104,Ly6,monomer,genus:Cyprinodon,72-95
A0A401RT75_IPR016054_1_110-197,Ly6,multimer,genus:Chiloscyllium,72-95
A0A452GGD0_IPR016054_1_20-109,none,multimer,order:Testudines,72-95
A0A4D9DIF3_IPR045860_1_54-142,Ly6,monomer,genus:Platysternon,72-95
A0A5F8GC22_IPR051445_1_2-137,Ly6,monomer,genus:Monodelphis,117-140
A0A643BLQ7_IPR016054_2_1-104,Ly6,multimer,genus:Balaenoptera,95-117
A0A670IP56_IPR045860_1_20-77,Ly6,multimer,genus:Podarcis,50-72
A0A671WYW1_IPR016054_1_19-102,Ly6,monomer,genus:Sparus,72-95
A0A672IPM1_IPR016054_5_660-750,Ly6,multimer,genus:Salarias,72-95
A0A673IDR7_IPR016054_1_27-108,mixture,mixture,class:Actinopteri,72-95
A0A6F9AC49_IPR045860_1_2-85,Ly6,monomer,genus:Coregonus,72-95
A0A6P7MSE0_IPR045860_1_23-105,Ly6,monomer,genus:Betta,72-95
A0A6P7YSJ0_IPR016054_2_30-130,Ly6,multimer,genus:Microcaecilia,95-117
A0A6P8I9P2_IPR045860_3_220-306,none,multimer,genus:Actinia,72-95
A0A6S7GZE9_IPR045860_1_22-105,Ly6,monomer,genus:Paramuricea,72-95
A0A7E6E8E8_IPR051445_1_36-151,Ly6,monomer,genus:Phyllostomus,95-117
A0A7J7F023_IPR016054_1_2-56,Ly6,monomer,genus:Diceros,50-72
A0A803KAA5_IPR045860_2_27-109,Ly6,multimer,genus:Xenopus,72-95
A0A8B6ZSP0_IPR051445_1_1-125,Ly6,monomer,genus:Orycteropus,117-140
A0A8C5KCG3_IPR045860_2_41-106,Ly6,multimer,class:Mammalia,50-72
A0A8C5R8U2_IPR016054_2_75-171,Ly6,multimer,genus:Leptobrachium,95-117
A0A8C6QDU5_IPR016054_2_114-178,Ly6,multimer,genus:Nannospalax,50-72
A0A8C8UEU3_IPR016054_2_151-223,Ly6,multimer,genus:Peromyscus,72-95
A0A8C9KJE0_IPR045860_1_99-184,Ly6,mixture,class:Mammalia,72-95
A0A8D0B7Z7_IPR045860_2_114-194,Ly6,multimer,genus:Salvator,72-95
A0A8D0HA27_IPR045860_2_136-222,Ly6,multimer,genus:Sphenodon,72-95
A0A8D2CTA0_IPR016054_2_122-179,Ly6,multimer,genus:Sciurus,50-72
A0A8D8MGJ4_IPR045860_1_22-106,Ly6,monomer,genus:Culex,72-95
A0A8I5ZQZ8_IPR051445_1_2-75,Ly6,monomer,genus:Rattus,72-95
A0A8J0SVG8_IPR016054_2_191-280,Ly6,multimer,genus:Xenopus,72-95
A0A8J6EK76_IPR045860_1_112-192,Ly6,multimer,genus:Eleutherodactylus,72-95
A0A8J6JSG5_IPR045860_1_20-105,Ly6,multimer,genus:Eleutherodactylus,72-95
A0A8M9PD04_IPR045860_1_15-100,mixture,mixture,genus:Danio,72-95
A0A8T0AVV1_IPR045860_1_24-105,none,monomer,genus:Silurus,72-95
A0A8T1SCM9_IPR016054_1_7-81,Ly6,monomer,genus:Chelydra,72-95
A0A8T2JTU2_IPR016054_1_19-115,Ly6,monomer,genus:Hymenochirus,95-117
A0A913WUU6_IPR045860_1_111-197,Ly6,multimer,genus:Exaiptasia,72-95
A0A914TZA4_IPR045860_1_4-90,Ly6,monomer,genus:Panagrolaimus,72-95
A0A9D3NJL1_IPR016054_2_130-208,none,multimer,genus:Hemibagrus,72-95
A0A9D3XGJ7_IPR016054_1_24-105,Ly6,multimer,genus:Mauremys,72-95
A0A9F3QTX8_IPR016054_2_237-324,Ly6,multimer,genus:Python,72-95
A0A9F7TM69_IPR045860_5_4-70,Ly6,multimer,genus:Ictalurus,50-72
A0A9J7K4W1_IPR016054_1_518-577,Ly6,multimer,family:Cricetidae,50-72
A0A9N7UYS3_IPR016054_1_397-493,Ly6,multimer,genus:Pleuronectes,95-117
A0A9Q1AQC3_IPR045860_2_114-199,Ly6,multimer,genus:Phrynocephalus,72-95
A0A9Q1ER52_IPR016054_1_111-194,Ly6,multimer,genus:Synaphobranchus,72-95
A0A9W2X751_IPR045860_2_81-138,Ly6,multimer,genus:Physeter,50-72
A0A9X0A5A5_IPR045860_1_18-117,Ly6,multimer,genus:Desmophyllum,95-117
A0A9Y3VW94_IPR016054_1_24-114,Ly6,multimer,family:Cichlidae,72-95
A0AA35KMS7_IPR045860_1_9-75,Ly6,multimer,genus:Podarcis,50-72
A0AA88TRT6_IPR045860_2_89-167,Ly6,multimer,genus:Cirrhinus,72-95
A0AA97KFU8_IPR045860_2_16-111,Ly6,multimer,genus:Eublepharis,95-117
A0AA97LH48_IPR016054_2_20-105,Ly6,multimer,genus:Eublepharis,72-95
A0AAD1T9R7_IPR016054_1_21-115,Ly6,multimer,genus:Pelobates,72-95
A0AAD1WQC3_IPR016054_1_22-107,Ly6,multimer,genus:Pelobates,72-95
A0AAD7W9G3_IPR045860_2_18-105,Ly6,multimer,genus:Aldrovandia,72-95
A0AAD9DQX2_IPR045860_1_2-88,Ly6,monomer,genus:Electrophorus,72-95
A0AAN8HDB8_IPR016054_1_20-114,Ly6,mixture,order:Perciformes,72-95
A0AAQ6ALS7_IPR045860_1_21-104,Ly6,monomer,genus:Amphiprion,72-95
A0AAU9X6Q9_IPR045860_1_23-115,Ly6,monomer,family:Pocilloporidae,72-95
A0AAV1P3H6_IPR045860_1_18-106,Ly6,monomer,genus:Scomber,72-95
A0AAV2JN30_IPR016054_1_124-214,Ly6,multimer,genus:Knipowitschia,72-95
A0AAV2ZKN8_IPR045860_1_55-143,Ly6,monomer,genus:Pyxicephalus,72-95
A0AAV6ZEC7_IPR045860_1_20-103,Ly6,monomer,genus:Engystomops,72-95
A0AAV6ZZZ2_IPR045860_2_25-110,Ly6,multimer,genus:Engystomops,72-95
A0AAV7PXS0_IPR045860_1_114-202,Ly6,multimer,genus:Pleurodeles,72-95
A0AAV7Q409_IPR045860_1_77-161,Ly6,multimer,genus:Pleurodeles,72-95
A0AAW0N0A7_IPR016054_2_192-276,Ly6,multimer,genus:Mugilogobius,72-95
A0AAW1UZS0_IPR045860_2_20-115,Ly6,multimer,genus:Henosepilachna,95-117
A0AAY4BK93_IPR045860_1_18-105,Ly6,monomer,class:Actinopteri,72-95
A0AB32TE35_IPR016054_1_19-111,Ly6,multimer,genus:Danio,72-95
A0ABD2FPT9_IPR045860_1_18-107,none,monomer,genus:Pagothenia,72-95
G7NM89_IPR045860_2_17-110,Ly6,multimer,order:Primates,72-95
L5KM26_IPR045860_2_12-65,Ly6,multimer,genus:Pteropus,50-72
L7N1M0_IPR016054_3_241-300,Ly6,multimer,family:Vespertilionidae,50-72
L9KKD7_IPR051445_2_15-167,Ly6,multimer,genus:Tupaia,140-162
R4GBL9_IPR045860_2_13-105,Ly6,multimer,genus:Anolis,72-95
A0A5F8GWA7_IPR026524_1_16-136,Ly6,monomer,class:Mammalia,117-140
A0A6P5NVQ0_IPR026524_1_1-298,none,monomer,order:Rodentia,275-297
A0A7L0V388_IPR039457_1_1-78,none,monomer,order:Passeriformes,72-95
A0A7M7T1C7_IPR039457_1_9-180,Ly6,monomer,genus:Strongylocentrotus,162-185
A0A8C5MW61_IPR039457_1_5-163,Ly6,monomer,order:Anura,140-162
A0A8C9F3L0_IPR039457_1_49-112,none,monomer,genus:Pavo,50-72
A0A8J2WJ03_IPR039457_1_56-169,Ly6,monomer,genus:Daphnia,95-117
A0AAR5PCG7_IPR039457_1_33-140,Ly6,monomer,genus:Dendroctonus,95-117
H0WZQ9_IPR039457_1_5-115,Ly6,monomer,genus:Otolemur,95-117
A0A067R4K6_IPR031424_1_22-114,none,monomer,genus:Zootermopsis,72-95
A0A0N4VN12_IPR031424_1_18-128,Quiver,monomer,genus:Enterobius,95-117
A0A139WGG6_IPR045860_1_19-108,Quiver,monomer,genus:Tribolium,72-95
A0A1B0C834_IPR045860_1_21-124,none,monomer,family:Psychodidae,95-117
A0A1D1URP2_IPR031424_1_24-111,Quiver,monomer,genus:Ramazzottius,72-95
A0A1D2MVE5_IPR031424_1_54-121,none,monomer,genus:Orchesella,50-72
A0A1I8I5A0_IPR031424_1_44-147,Quiver,monomer,genus:Macrostomum,95-117
A0A1J1IL94_IPR031424_1_14-123,none,monomer,family:Chironomidae,95-117
A0A1L8DCW8_IPR045860_1_34-131,none,monomer,family:Psychodidae,95-117
A0A1L8ECB0_IPR031424_1_23-119,none,monomer,genus:Haematobia,95-117
A0A1S3HG39_IPR045860_1_16-114,Quiver,monomer,genus:Lingula,95-117
A0A1S3JW76_IPR031424_1_21-108,Quiver,monomer,genus:Lingula,72-95
A0A1S6GLF2_IPR045860_1_21-118,none,monomer,genus:Pseudodiaptomus,95-117
A0A1W0WRI5_IPR031424_1_26-117,none,monomer,genus:Hypsibius,72-95
A0A1Y0F452_IPR031424_1_29-120,Ly6,monomer,genus:Locusta,72-95
A0A1Y1MY23_IPR031424_1_28-163,Quiver,monomer,genus:Photinus,117-140
A0A210QSC3_IPR031424_1_26-123,none,monomer,genus:Mizuhopecten,95-117
A0A226E8M1_IPR031424_1_26-153,none,monomer,genus:Folsomia,117-140
A0A2A2KJF5_IPR031424_1_24-110,mixture,monomer,genus:Diploscapter,72-95
A0A2T7PKX3_IPR031424_1_25-116,none,monomer,genus:Pomacea,72-95
A0A3M7QDN3_IPR031424_1_29-114,Quiver,monomer,genus:Brachionus,72-95
A0A4C1T6Q0_IPR031424_2_206-305,none,multimer,genus:Eumeta,95-117
A0A553NQ89_IPR045860_1_20-101,none,monomer,genus:Tigriopus,72-95
A0A653D595_IPR031424_1_24-111,none,monomer,genus:Callosobruchus,72-95
A0A6G1S5R5_IPR031424_1_120-211,none,monomer,genus:Aceria,72-95
A0A6J0BVN7_IPR031424_1_21-124,none,monomer,genus:Neodiprion,95-117
A0A6P7GNZ0_IPR045860_1_20-109,none,monomer,genus:Diabrotica,72-95
A0A6V7GZJ9_IPR031424_1_1-65,none,monomer,genus:Heterotrigona,50-72
A0A7J7JDR4_IPR031424_1_26-119,Quiver,monomer,genus:Bugula,72-95
A0A7M7MFF7_IPR031424_1_60-157,mixture,monomer,order:Mesostigmata,95-117
A0A8J1XZM5_IPR031424_1_11-99,none,monomer,genus:Owenia,72-95
A0A8J2QBY9_IPR031424_1_20-132,none,monomer,genus:Danaus,95-117
A0A8J9UXL5_IPR031424_1_20-133,mixture,monomer,class:Insecta,95-117
A0A8K0FZV1_IPR031424_1_22-134,none,monomer,genus:Ignelater,95-117
A0A8S1HKD6_IPR031424_1_23-143,none,monomer,genus:Caenorhabditis,117-140
A0A8S4FLZ9_IPR045860_1_18-118,none,monomer,genus:Plutella,95-117
A0A914ARZ5_IPR031424_1_22-149,none,monomer,genus:Patiria,117-140
A0A914TMC9_IPR031424_1_28-94,mixture,monomer,class:Chromadorea,72-95
A0A921YJH7_IPR031424_1_24-123,none,monomer,genus:Manduca,95-117
A0A9D4FEI2_IPR031424_1_45-118,mixture,monomer,genus:Dreissena,72-95
A0A9D4PCY7_IPR031424_1_29-119,mixture,monomer,genus:Rhipicephalus,72-95
A0A9N9S5K3_IPR031424_1_25-135,none,monomer,genus:Chironomus,95-117
A0A9P0DHH0_IPR045860_1_21-107,none,monomer,genus:Phaedon,72-95
A0A9P0LU14_IPR031424_1_23-110,Quiver,monomer,genus:Acanthoscelides,72-95
A0AA36BPL9_IPR045860_1_23-117,none,monomer,genus:Octopus,72-95
A0AAD9NC90_IPR031424_1_6-116,Quiver,monomer,genus:Ridgeia,95-117
A0AAE0SQJ1_IPR031424_1_18-108,Quiver,monomer,genus:Potamilus,72-95
A0AAN8PTS3_IPR031424_1_36-124,Quiver,monomer,class:Gastropoda,72-95
A0AAR5PQY7_IPR031424_1_22-112,none,monomer,genus:Dendroctonus,72-95
A0AAV2THT9_IPR031424_1_31-153,mixture,monomer,class:Trematoda,117-140
A0AAV8VLS3_IPR031424_1_25-157,none,monomer,genus:Exocentrus,117-140
A0ABD0YF24_IPR031424_1_7-118,none,monomer,class:Insecta,95-117
A0ABD2JXU5_IPR031424_1_31-146,mixture,monomer,family:Heteroderidae,95-117
C5IWP3_IPR031424_1_32-124,mixture,monomer,family:Delphacidae,72-95
L7M444_IPR045860_1_28-123,none,monomer,family:Ixodidae,95-117
R7U7S1_IPR031424_1_32-141,Quiver,monomer,genus:Capitella,95-117
T1FMP9_IPR031424_1_29-124,none,monomer,genus:Helobdella,95-117
U5EGF9_IPR031424_1_29-124,none,monomer,genus:Corethrella,95-117
A0A0B1TBH2_IPR045860_1_92-157,none,monomer,genus:Oesophagostomum,50-72
A0A0B2W0K1_IPR045860_1_21-122,none,monomer,genus:Toxocara,95-117
A0A0D8YBD9_IPR045860_1_38-138,none,monomer,order:Rhabditida,72-95
A0A0K3AUV6_IPR045860_1_19-92,none,monomer,genus:Caenorhabditis,72-95
A0A0M3K2H9_IPR045860_1_23-127,none,monomer,genus:Anisakis,95-117
A0A0N4UG61_IPR045860_1_57-129,none,monomer,genus:Dracunculus,72-95
A0A0N4ZXY7_IPR045860_1_20-112,Ly6,monomer,genus:Parastrongyloides,72-95
A0A0N8K361_IPR045860_1_3-69,Ly6,monomer,genus:Scleropages,50-72
A0A147BEL1_IPR045860_2_99-162,none,multimer,genus:Ixodes,50-72
A0A182SK22_IPR045860_1_1-53,none,monomer,family:Culicidae,50-72
A0A183BJ95_IPR045860_1_19-132,Ly6,monomer,genus:Globodera,95-117
A0A183PSY2_IPR045860_1_11-108,none,monomer,family:Schistosomatidae,72-95
A0A1D2M0G9_IPR045860_1_25-112,Quiver,monomer,genus:Orchesella,72-95
A0A1I7S3V2_IPR045860_1_58-149,none,monomer,genus:Bursaphelenchus,72-95
A0A1S8WFY8_IPR045860_1_2-77,mixture,monomer,family:Opisthorchiidae,72-95
A0A1W5B5D2_IPR045860_1_24-109,none,monomer,genus:Ciona,72-95
A0A210QBJ8_IPR045860_1_96-185,none,monomer,genus:Mizuhopecten,72-95
A0A212EVG9_IPR045860_1_31-107,none,monomer,genus:Danaus,72-95
A0A226EQQ1_IPR045860_1_66-208,none,monomer,genus:Folsomia,140-162
A0A267EX07_IPR045860_1_483-556,none,monomer,genus:Macrostomum,72-95
A0A2A6BET8_IPR045860_1_37-129,none,monomer,genus:Pristionchus,72-95
A0A2G5U873_IPR045860_1_20-112,none,monomer,genus:Caenorhabditis,72-95
A0A2I4C5Z4_IPR045860_1_12-78,none,monomer,genus:Austrofundulus,50-72
A0A2R2MJT2_IPR045860_1_14-108,none,monomer,genus:Lingula,72-95
A0A2T7PV85_IPR045860_1_134-225,none,monomer,class:Gastropoda,95-117
A0A368FF42_IPR045860_1_16-98,none,monomer,genus:Ancylostoma,72-95
A0A3B1IK99_IPR045860_1_80-143,none,monomer,genus:Astyanax,50-72
A0A3B3WN22_IPR045860_1_57-119,none,monomer,genus:Poecilia,50-72
A0A3B4BJW2_IPR045860_1_18-100,Ly6,monomer,genus:Periophthalmus,72-95
A0A3M6TU70_IPR045860_1_22-113,none,monomer,genus:Pocillopora,72-95
A0A3M7RMB0_IPR045860_1_25-115,Ly6,monomer,genus:Brachionus,72-95
A0A3P8VBX1_IPR045860_1_18-86,Ly6,monomer,genus:Cynoglossus,50-72
A0A3P8XRT4_IPR045860_1_24-136,none,multimer,genus:Esox,95-117
A0A3Q1JBQ8_IPR045860_1_54-150,none,monomer,class:Actinopteri,95-117
A0A3Q3MIA2_IPR045860_1_1-56,Ly6,monomer,genus:Mastacembelus,50-72
A0A3R7QCM5_IPR045860_1_22-116,Ly6,monomer,genus:Penaeus,72-95
A0A3S3PUJ7_IPR045860_1_22-120,none,monomer,genus:Dinothrombium,95-117
A0A4S2LSZ8_IPR045860_1_21-94,mixture,monomer,family:Opisthorchiidae,72-95
A0A513ZV95_IPR045860_1_19-105,SPF,multimer,genus:Boana,72-95
A0A556U032_IPR045860_1_19-74,none,monomer,genus:Bagarius,50-72
A0A5A9P5X1_IPR045860_1_78-167,none,multimer,genus:Triplophysa,72-95
A0A5C6NR20_IPR045860_1_194-269,Ly6,multimer,genus:Takifugu,72-95
A0A5J4NSW5_IPR045860_1_26-88,Ly6,monomer,genus:Paragonimus,50-72
A0A665TKW8_IPR045860_1_23-90,mixture,monomer,class:Actinopteri,72-95
A0A671UD13_IPR045860_1_29-119,none,monomer,genus:Sparus,72-95
A0A674BKG4_IPR045860_1_21-83,none,monomer,genus:Salmo,50-72
A0A674PEQ5_IPR045860_1_11-64,Ly6,monomer,genus:Takifugu,50-72
A0A6A4T2H3_IPR045860_2_338-423,Ly6,multimer,genus:Scophthalmus,72-95
A0A6F8ZMR9_IPR045860_1_28-92,none,monomer,genus:Coregonus,50-72
A0A6G0HW87_IPR045860_2_197-292,none,multimer,genus:Larimichthys,95-117
A0A6J0V8A6_IPR045860_1_111-196,Ly6,monomer,genus:Pogona,72-95
A0A6J8ARB7_IPR045860_1_149-235,none,monomer,genus:Mytilus,72-95
A0A6M2E2R1_IPR045860_1_52-157,none,monomer,genus:Xenopsylla,95-117
A0A6P6F377_IPR045860_1_21-101,none,monomer,order:Rodentia,72-95
A0A6P8GZF0_IPR045860_1_18-85,mixture,monomer,genus:Clupea,50-72
A0A6P8IDF1_IPR045860_1_100-200,Ly6,monomer,genus:Actinia,95-117
A0A7G3AEM0_IPR045860_1_37-133,none,monomer,family:Psychodidae,95-117
A0A7I5EAL5_IPR045860_1_11-84,mixture,monomer,genus:Haemonchus,72-95
A0A7M5UR41_IPR045860_1_23-119,none,monomer,genus:Clytia,95-117
A0A7R8CFK5_IPR045860_1_27-131,none,monomer,genus:Lepeophtheirus,95-117
A0A7R9A7S8_IPR045860_1_86-181,none,monomer,genus:Darwinula,95-117
A0A7R9IYK2_IPR045860_1_3-55,none,monomer,genus:Timema,50-72
A0A7S1MTA1_IPR045860_1_201-255,none,multimer,genus:Alexandrium,50-72
A0A813P492_IPR045860_1_42-98,none,monomer,genus:Brachionus,50-72
A0A814BXE5_IPR045860_1_1-89,none,monomer,genus:Brachionus,72-95
A0A814HVW8_IPR045860_1_25-82,Ly6,monomer,genus:Brachionus,50-72
A0A814N968_IPR045860_1_19-90,none,monomer,genus:Brachionus,50-72
A0A816JWE1_IPR045860_1_16-79,none,mixture,genus:Rotaria,50-72
A0A817NZ93_IPR045860_1_24-89,none,monomer,genus:Rotaria,50-72
A0A818HZJ6_IPR045860_1_83-156,none,monomer,genus:Rotaria,72-95
A0A821BIT3_IPR045860_1_21-91,none,monomer,genus:Rotaria,50-72
A0A833VYW6_IPR045860_1_87-181,none,monomer,genus:Frieseomelitta,72-95
A0A898IN63_IPR045860_1_12-77,3FTx,monomer,genus:Calliophis,50-72
A0A8B6DBG7_IPR045860_1_23-119,none,monomer,genus:Mytilus,72-95
A0A8B7Z0D7_IPR045860_1_27-124,none,monomer,order:Valvatida,95-117
A0A8B8IYC9_IPR045860_1_1-59,none,monomer,genus:Vanessa,50-72
A0A8B9GYU0_IPR045860_1_21-98,mixture,monomer,class:Actinopteri,72-95
A0A8C2WFM7_IPR045860_1_25-94,none,monomer,genus:Cyclopterus,50-72
A0A8C5QWA2_IPR045860_1_27-109,none,monomer,genus:Leptobrachium,72-95
A0A8C6MR36_IPR045860_1_25-143,none,monomer,order:Rodentia,95-117
A0A8C8AP25_IPR045860_1_24-88,none,monomer,genus:Otus,50-72
A0A8D0HGD6_IPR045860_1_15-96,none,monomer,genus:Sphenodon,72-95
A0A8D8DNS1_IPR045860_1_168-222,none,monomer,genus:Culex,50-72
A0A8J1UV03_IPR045860_1_161-241,none,monomer,genus:Owenia,72-95
A0A8J6JTC0_IPR045860_1_1-55,SPF,multimer,genus:Eleutherodactylus,50-72
A0A8K0ELR7_IPR045860_1_24-117,mixture,monomer,genus:Branchiostoma,72-95
A0A8K9XRW2_IPR045860_1_45-126,Ly6,monomer,family:Salmonidae,72-95
A0A8S1EBB0_IPR045860_1_21-102,mixture,monomer,genus:Caenorhabditis,72-95
A0A8S2FWF8_IPR045860_1_20-91,none,monomer,genus:Didymodactylos,50-72
A0A8S3R4P8_IPR045860_1_21-109,none,monomer,genus:Mytilus,72-95
A0A8S3YV94_IPR045860_1_3-95,Ly6,monomer,genus:Candidula,72-95
A0A8T0A0Q7_IPR045860_1_79-193,none,monomer,genus:Meloidogyne,95-117
A0A8T1MSQ3_IPR045860_1_126-198,none,monomer,family:Opisthorchiidae,72-95
A0A8T2IR35_IPR045860_1_12-84,none,monomer,genus:Hymenochirus,72-95
A0A8T2M011_IPR045860_1_18-116,Ly6,multimer,genus:Astyanax,95-117
A0A8W8L0Q3_IPR045860_1_19-96,none,monomer,genus:Magallana,72-95
A0A8X6GYZ1_IPR045860_1_29-127,none,monomer,family:Nephilidae,95-117
A0A913WT09_IPR045860_1_501-592,none,monomer,genus:Exaiptasia,72-95
A0A914HBG7_IPR045860_1_68-188,none,monomer,genus:Globodera,117-140
A0A914JW56_IPR045860_1_9-79,none,monomer,genus:Panagrolaimus,50-72
A0A914PIF6_IPR045860_1_32-98,none,monomer,genus:Panagrolaimus,72-95
A0A914X3N0_IPR045860_1_21-78,none,monomer,genus:Plectus,50-72
A0A915C6L5_IPR045860_1_14-103,Ly6,monomer,genus:Parascaris,72-95
A0A921YN57_IPR045860_1_36-142,none,monomer,order:Lepidoptera,95-117
A0A974CIN0_IPR045860_1_13-101,Ly6,monomer,genus:Xenopus,72-95
A0A9D3PQG0_IPR045860_1_17-91,none,monomer,genus:Megalops,72-95
A0A9D3YJW9_IPR045860_1_65-154,none,monomer,genus:Dreissena,72-95
A0A9D4M2W3_IPR045860_1_38-120,none,monomer,genus:Dreissena,72-95
A0A9J6C255_IPR045860_1_52-155,none,monomer,family:Chironomidae,95-117
A0A9J7L2E0_IPR045860_1_31-111,Ly6,monomer,genus:Branchiostoma,72-95
A0A9N7URF7_IPR045860_1_14-69,none,monomer,genus:Pleuronectes,50-72
A0A9N9MP80_IPR045860_1_24-109,none,monomer,genus:Ceutorhynchus,72-95
A0A9P0MN74_IPR045860_1_27-80,none,monomer,genus:Acanthoscelides,50-72
A0A9P1J1R9_IPR045860_1_15-106,Ly6,monomer,genus:Caenorhabditis,72-95
A0A9Q0EK96_IPR045860_1_88-177,Ly6,monomer,genus:Muraenolepis,72-95
A0A9Q0Y2V8_IPR045860_1_2-57,none,monomer,genus:Phrynocephalus,50-72
A0A9W2XH10_IPR045860_1_11-61,none,monomer,genus:Betta,50-72
A0A9W9ZZ91_IPR045860_1_18-118,none,monomer,genus:Desmophyllum,95-117
A0A9X0CKJ4_IPR045860_1_340-434,none,monomer,genus:Desmophyllum,72-95
A0AA35KMU3_IPR045860_1_17-101,none,monomer,genus:Podarcis,72-95
A0AA35NY78_IPR045860_1_38-107,none,monomer,genus:Podarcis,50-72
A0AA35TZC4_IPR045860_2_281-382,none,multimer,genus:Geodia,95-117
A0AA36CJ03_IPR045860_1_2-85,Quiver,monomer,genus:Mesorhabditis,72-95
A0AA36GTY2_IPR045860_1_18-91,none,monomer,genus:Cylicocyclus,72-95
A0AA36MB68_IPR045860_1_43-116,Ly6,monomer,genus:Cylicocyclus,72-95
A0AA39LL57_IPR045860_1_56-157,none,monomer,genus:Steinernema,95-117
A0AA88LNV1_IPR045860_1_18-69,none,monomer,genus:Channa,50-72
A0AA88XT95_IPR045860_1_464-554,none,monomer,genus:Pinctada,72-95
A0AA97L9L7_IPR045860_1_34-119,none,monomer,phylum:Chordata,72-95
A0AAA9TQ40_IPR045860_1_69-124,none,monomer,family:Bovidae,50-72
A0AAD4N4G6_IPR045860_1_19-102,none,monomer,genus:Ditylenchus,72-95
A0AAD7WK13_IPR045860_1_179-244,none,monomer,genus:Aldrovandia,50-72
A0AAD8ZPW8_IPR045860_1_1503-1584,none,monomer,genus:Electrophorus,72-95
A0AAD9N7F1_IPR045860_1_56-154,none,monomer,genus:Paralvinella,95-117
A0AAE8ZN38_IPR045860_1_17-97,none,monomer,genus:Caenorhabditis,72-95
A0AAE9F1Q1_IPR045860_1_12-94,none,monomer,genus:Caenorhabditis,72-95
A0AAF3F6X3_IPR045860_1_12-100,none,monomer,genus:Mesorhabditis,72-95
A0AAJ7SAM8_IPR045860_1_47-139,none,monomer,genus:Ceratina,72-95
A0AAJ7VHT6_IPR045860_1_12-75,mixture,monomer,genus:Lates,50-72
A0AAN0JKF1_IPR045860_1_56-145,none,mixture,genus:Amphimedon,72-95
A0AAN5CWA8_IPR045860_1_25-105,none,monomer,genus:Pristionchus,72-95
A0AAN8QKI5_IPR045860_1_17-93,none,monomer,genus:Coregonus,72-95
A0AAR2IPF0_IPR045860_1_18-92,none,monomer,genus:Pygocentrus,72-95
A0AAU9XLM5_IPR045860_2_156-230,mixture,mixture,genus:Pocillopora,72-95
A0AAV1G749_IPR045860_1_18-95,mixture,monomer,family:Labridae,72-95
A0AAV2TU96_IPR045860_1_26-106,Ly6,monomer,genus:Calicophoron,72-95
A0AAV4A9L3_IPR045860_1_18-102,Ly6,monomer,family:Plakobranchidae,72-95
A0AAV5SNQ3_IPR045860_1_16-83,none,monomer,genus:Pristionchus,50-72
A0AAV5UR89_IPR045860_1_14-102,none,monomer,genus:Pristionchus,72-95
A0AAV6TN49_IPR045860_1_10-89,none,monomer,order:Araneae,72-95
A0AAV6Z3E3_IPR045860_1_111-195,Ly6,mixture,genus:Engystomops,72-95
A0AAV6ZM82_IPR045860_1_35-115,SPF,monomer,genus:Engystomops,72-95
A0AAV7BK96_IPR045860_1_178-294,none,mixture,genus:Engystomops,95-117
A0AAV7Q3N2_IPR045860_1_34-126,Ly6,monomer,genus:Pleurodeles,72-95
A0AAV8WCP8_IPR045860_1_65-162,none,monomer,order:Coleoptera,95-117
A0AAW0SAM9_IPR045860_1_20-87,none,monomer,genus:Scylla,50-72
A0AAW0Y9Z7_IPR045860_1_326-423,none,monomer,genus:Cherax,95-117
A0AAW1EW67_IPR045860_1_4-57,Ly6,monomer,genus:Zoarces,50-72
A0AAW1MIM3_IPR045860_1_59-137,none,monomer,genus:Popillia,72-95
A0AAW2HG72_IPR045860_1_18-112,none,monomer,genus:Menopon,72-95
A0AAX6TAD1_IPR045860_1_20-115,none,monomer,phylum:Chordata,72-95
A0ABC9W934_IPR045860_1_34-134,Ly6,monomer,genus:Grus,95-117
A0ABD0M4K1_IPR045860_1_28-127,none,monomer,genus:Batillaria,95-117
A0ABD1D0L5_IPR045860_1_4-54,none,monomer,genus:Culex,50-72
A0ABD2NDW8_IPR045860_1_19-106,none,monomer,genus:Cryptolaemus,72-95
A0ABD6ENK8_IPR045860_1_74-171,none,monomer,genus:Gnathostoma,95-117
A7SQI8_IPR045860_1_22-106,none,monomer,genus:Nematostella,72-95
C3Z5U1_IPR045860_1_24-121,mixture,monomer,genus:Branchiostoma,95-117
A0A9J6CML1_IPR031424_1_235-324,none,monomer,genus:Polypedilum,72-95
A0A9N9MPK4_IPR031424_1_25-119,none,monomer,genus:Ceutorhynchus,72-95
A0A9N9S879_IPR031424_1_25-144,none,monomer,genus:Chironomus,117-140
A0A9Q0SAD2_IPR031424_1_16-123,Quiver,monomer,genus:Pseudolycoriella,95-117
A0AA36CEU0_IPR031424_1_19-114,Quiver,monomer,genus:Mesorhabditis,95-117
A0AA39H1F6_IPR031424_1_46-157,Quiver,monomer,genus:Steinernema,95-117
A0AAD4PKU5_IPR031424_1_28-135,none,monomer,genus:Drosophila,95-117
A0AAD7YS93_IPR045860_1_25-122,Quiver,monomer,genus:Mythimna,95-117
A0AAD9P7Y9_IPR045860_1_19-105,Quiver,monomer,genus:Ridgeia,72-95
A0AAE0T315_IPR031424_1_27-118,none,monomer,genus:Potamilus,72-95
A0AAN7VAH2_IPR031424_1_22-110,none,monomer,genus:Pyrocoelia,72-95
A0AAN9VFW5_IPR031424_1_25-107,none,monomer,genus:Gryllus,72-95
A0AAV2U1Z3_IPR045860_1_19-110,none,monomer,genus:Calicophoron,72-95
A0AAV8ZX70_IPR031424_1_28-148,none,monomer,genus:Rhamnusium,117-140
A0AAW1U6X5_IPR031424_1_24-137,mixture,monomer,family:Coccinellidae,95-117
A0AAW2HBX5_IPR031424_1_28-144,Quiver,monomer,genus:Menopon,95-117
A0ABD0K571_IPR031424_1_8-115,none,monomer,genus:Batillaria,95-117
A0ABD0YU12_IPR031424_1_60-147,none,monomer,genus:Ranatra,72-95
B3MPF8_IPR045860_1_22-120,none,monomer,genus:Drosophila,95-117
E9GF30_IPR045860_1_18-107,Ly6,monomer,genus:Daphnia,72-95
M4GYG8_IPR045860_1_25-120,none,monomer,family:Argasidae,95-117
T1FUE6_IPR031424_1_44-123,none,multimer,genus:Helobdella,72-95
T1JCL0_IPR045860_1_16-104,mixture,monomer,class:Chilopoda,95-117
A0A4X1UV07_IPR051445_1_3-129,Ly6,monomer,genus:Sus,117-140
A0A0B1TMJ4_IPR045860_1_26-89,none,monomer,genus:Oesophagostomum,50-72
A0A0K0ESH1_IPR045860_1_14-83,none,monomer,genus:Strongyloides,50-72
A0A0M3QX88_IPR045860_1_27-130,none,monomer,genus:Drosophila,95-117
A0A0N4UMY7_IPR045860_1_25-120,none,monomer,genus:Dracunculus,95-117
A0A0N5A8A8_IPR045860_1_34-136,none,monomer,genus:Syphacia,95-117
A0A0Q9WDW8_IPR045860_1_124-202,none,monomer,genus:Drosophila,72-95
A0A0R3WA83_IPR045860_1_5-96,none,monomer,genus:Taenia,72-95
A0A158PYF4_IPR045860_1_1-62,none,monomer,family:Onchocercidae,50-72
A0A182MBE3_IPR045860_1_59-119,none,monomer,genus:Anopheles,50-72
A0A182T9D9_IPR045860_1_16-138,none,monomer,genus:Anopheles,117-140
A0A183BWE7_IPR045860_1_24-121,none,monomer,genus:Globodera,95-117
A0A1D2M741_IPR045860_1_22-101,Quiver,monomer,genus:Orchesella,72-95
A0A1I7SMS5_IPR045860_1_15-110,none,monomer,genus:Bursaphelenchus,95-117
A0A1I7Y2U2_IPR045860_1_55-150,none,monomer,genus:Steinernema,95-117
A0A1L8FP00_IPR045860_2_120-207,Ly6,multimer,genus:Xenopus,72-95
A0A210QGL9_IPR045860_1_26-99,none,monomer,genus:Mizuhopecten,72-95
A0A226F4S0_IPR045860_1_24-107,none,monomer,genus:Folsomia,72-95
A0A2A6BY96_IPR045860_1_390-475,none,monomer,genus:Pristionchus,72-95
A0A2C9LI97_IPR045860_1_19-111,mixture,monomer,genus:Biomphalaria,72-95
A0A2G9UUW8_IPR045860_1_4-81,none,monomer,genus:Teladorsagia,72-95
A0A2M4BIL0_IPR045860_1_54-170,none,monomer,genus:Anopheles,95-117
A0A336L5B0_IPR045860_1_21-93,none,monomer,genus:Culicoides,72-95
A0A368FLL1_IPR045860_1_17-100,none,monomer,genus:Ancylostoma,72-95
A0A3B1J3X6_IPR045860_1_18-91,none,monomer,genus:Astyanax,72-95
A0A3M6U108_IPR045860_1_1-73,none,monomer,genus:Pocillopora,72-95
A0A3M7S8Y0_IPR045860_1_20-114,none,monomer,genus:Brachionus,95-117
A0A3P8VGZ2_IPR045860_1_14-83,Ly6,monomer,genus:Cynoglossus,50-72
A0A3P9M0Q4_IPR045860_1_28-96,none,monomer,genus:Oryzias,50-72
A0A3Q0RBC6_IPR045860_1_12-72,none,monomer,genus:Amphilophus,50-72
A0A3S0ZS92_IPR045860_1_22-96,none,monomer,family:Plakobranchidae,72-95
A0A3S5HJU5_IPR045860_1_59-135,none,monomer,family:Portunidae,72-95
A0A4C1VGM8_IPR045860_1_233-296,none,monomer,genus:Eumeta,50-72
A0A4E0R229_IPR045860_1_34-97,mixture,monomer,genus:Fasciola,50-72
A0A4U5UGA2_IPR045860_1_23-101,mixture,monomer,class:Actinopteri,72-95
A0A4V5ZYF6_IPR045860_1_19-99,Ly6,monomer,genus:Steinernema,72-95
A0A4W6BTP7_IPR045860_1_16-88,mixture,monomer,genus:Lates,72-95
A0A4W6E3U3_IPR045860_1_24-87,Ly6,monomer,genus:Lates,50-72
A0A4Z2GNY6_IPR045860_1_823-894,none,monomer,genus:Liparis,50-72
A0A5J5CGU8_IPR045860_1_18-88,none,monomer,genus:Etheostoma,50-72
A0A5N4A6G8_IPR045860_1_20-98,none,monomer,genus:Photinus,72-95
A0A670IP30_IPR045860_2_63-149,none,mixture,genus:Podarcis,72-95
A0A671V245_IPR045860_1_8-113,none,monomer,genus:Sparus,95-117
A0A672Z9Y7_IPR045860_1_69-135,Ly6,monomer,genus:Sphaeramia,50-72
A0A6A4TEZ0_IPR045860_1_21-116,Ly6,monomer,genus:Scophthalmus,95-117
A0A6A5E1V6_IPR045860_1_44-116,Ly6,monomer,genus:Perca,72-95
A0A6I9Z373_IPR045860_2_1-78,none,multimer,genus:Thamnophis,72-95
A0A6J0CER7_IPR045860_1_30-110,none,monomer,genus:Neodiprion,72-95
A0A6J2YMA7_IPR045860_1_24-125,none,monomer,family:Curculionidae,95-117
A0A6P7IAU3_IPR045860_1_42-122,none,monomer,genus:Parambassis,72-95
A0A6P7YXC0_IPR045860_1_18-109,Ly6,multimer,genus:Microcaecilia,72-95
A0A6P8H307_IPR045860_1_18-97,none,monomer,genus:Actinia,72-95
A0A6P8IGB3_IPR045860_1_18-114,none,monomer,genus:Actinia,95-117
A0A6S7HNG2_IPR045860_1_34-119,none,monomer,genus:Paramuricea,72-95
A0A7I8V5T3_IPR045860_1_17-132,none,monomer,genus:Dimorphilus,95-117
A0A7M5VAG0_IPR045860_1_20-105,none,monomer,genus:Clytia,72-95
A0A7N6AD08_IPR045860_1_15-120,none,mixture,class:Actinopteri,95-117
A0A7R8H1E3_IPR045860_1_314-412,none,monomer,class:Hexanauplia,95-117
A0A7R9ANT5_IPR045860_1_84-146,none,monomer,genus:Timema,50-72
A0A7S3D9X3_IPR045860_1_21-86,none,monomer,genus:Palpitomonas,50-72
A0A814CI07_IPR045860_1_22-89,none,monomer,genus:Adineta,50-72
A0A814IR48_IPR045860_1_44-133,none,monomer,genus:Adineta,72-95
A0A814NIW3_IPR045860_1_20-90,none,monomer,genus:Adineta,50-72
A0A818TSU7_IPR045860_1_35-112,none,monomer,genus:Rotaria,72-95
A0A820DYG8_IPR045860_1_1-91,none,monomer,genus:Adineta,72-95
A0A821DAP1_IPR045860_1_5-94,none,monomer,genus:Rotaria,72-95
A0A834IEH2_IPR045860_1_16-109,Quiver,monomer,genus:Rhynchophorus,72-95
A0A898INM6_IPR045860_1_12-76,3FTx,monomer,genus:Calliophis,50-72
A0A8B6E4H4_IPR045860_1_3-90,none,multimer,genus:Mytilus,72-95
A0A8B7ZBH0_IPR045860_1_25-115,none,monomer,order:Valvatida,72-95
A0A8B8DHH8_IPR045860_1_29-112,none,monomer,family:Ostreidae,72-95
A0A8C2WST2_IPR045860_1_20-79,Ly6,monomer,genus:Cyclopterus,50-72
A0A8C3F363_IPR045860_1_18-124,none,monomer,order:Testudines,95-117
A0A8C5QX63_IPR045860_1_17-91,Ly6,monomer,genus:Leptobrachium,72-95
A0A8C8U474_IPR045860_1_100-173,none,monomer,genus:Peromyscus,72-95
A0A8C9S8S5_IPR045860_1_20-117,none,monomer,genus:Scleropages,95-117
A0A8D8YQF1_IPR045860_1_27-123,none,monomer,genus:Cacopsylla,95-117
A0A8J1LAM8_IPR045860_3_263-355,Ly6,multimer,genus:Xenopus,72-95
A0A8J2S088_IPR045860_1_20-106,none,monomer,genus:Daphnia,72-95
A0A8J5CWK7_IPR045860_1_19-116,mixture,monomer,order:Decapoda,95-117
A0A8J9V6N6_IPR045860_1_9-59,Ly6,monomer,genus:Brenthis,50-72
A0A8K0EQT5_IPR045860_1_18-102,none,monomer,genus:Branchiostoma,72-95
A0A8M1MQ92_IPR045860_1_13-67,none,monomer,genus:Neomonachus,50-72
A0A8S2HMZ3_IPR045860_1_13-78,none,monomer,genus:Didymodactylos,50-72
A0A8S3Z4R5_IPR045860_1_1-86,none,monomer,genus:Candidula,72-95
A0A8T0A1R8_IPR045860_1_94-206,none,monomer,genus:Meloidogyne,95-117
A0A8T0DM96_IPR045860_1_25-92,mixture,monomer,genus:Paragonimus,50-72
A0A8T1N0C2_IPR045860_1_22-96,none,monomer,genus:Clonorchis,72-95
A0A8T2IS40_IPR045860_1_78-145,Ly6,multimer,genus:Hymenochirus,50-72
A0A8T3CMG4_IPR045860_1_24-141,none,monomer,genus:Albula,117-140
A0A8W8JFY8_IPR045860_1_67-139,none,monomer,family:Ostreidae,72-95
A0A913WU39_IPR045860_1_20-110,none,monomer,genus:Exaiptasia,72-95
A0A913XMY8_IPR045860_1_22-103,none,monomer,genus:Exaiptasia,72-95
A0A914AA23_IPR045860_1_28-114,Quiver,monomer,genus:Patiria,72-95
A0A914D9V7_IPR045860_1_19-84,Ly6,monomer,genus:Acrobeloides,50-72
A0A914K5G6_IPR045860_1_49-115,none,monomer,genus:Panagrolaimus,50-72
A0A914QC29_IPR045860_1_16-88,Ly6,monomer,genus:Panagrolaimus,72-95
A0A914UKU9_IPR045860_1_20-106,none,monomer,genus:Plectus,72-95
A0A914XLA3_IPR045860_1_23-137,none,monomer,genus:Plectus,95-117
A0A915D1U7_IPR045860_1_61-155,none,monomer,genus:Ditylenchus,72-95
A0A9D3PSP2_IPR045860_2_36-119,none,multimer,genus:Megalops,72-95
A0A9J6CAK6_IPR045860_1_50-147,none,monomer,genus:Polypedilum,95-117
A0A9J7L2Y8_IPR045860_1_96-184,none,monomer,genus:Branchiostoma,72-95
A0A9N9X1L9_IPR045860_1_18-95,none,monomer,genus:Phaedon,72-95
A0A9P0DDA2_IPR045860_1_29-134,none,monomer,genus:Ceutorhynchus,95-117
A0A9P0MWJ6_IPR045860_1_24-121,none,monomer,genus:Nezara,95-117
A0A9P1MID3_IPR045860_1_54-154,none,monomer,genus:Auanema,95-117
A0A9Q0EQH9_IPR045860_1_26-131,none,monomer,genus:Muraenolepis,95-117
A0A9Q1HJS1_IPR045860_1_25-106,none,monomer,genus:Holothuria,72-95
A0A9W2Y1F1_IPR045860_1_19-85,none,monomer,genus:Betta,50-72
A0A9W7T4T8_IPR045860_1_1-89,none,monomer,genus:Triplophysa,72-95
A0A9X0A413_IPR045860_1_20-102,none,monomer,genus:Desmophyllum,72-95
A0AA35VPJ0_IPR045860_1_25-111,Ly6,monomer,genus:Podarcis,72-95
A0AA36CLC8_IPR045860_1_19-106,none,monomer,genus:Mesorhabditis,72-95
A0AA36FZF4_IPR045860_1_1-55,none,monomer,genus:Mesorhabditis,50-72
A0AA36GWY8_IPR045860_1_18-97,none,monomer,genus:Cylicocyclus,72-95
A0AA39GVM8_IPR045860_1_156-226,none,multimer,genus:Steinernema,50-72
A0AA85EV06_IPR045860_1_28-96,none,monomer,genus:Schistosoma,50-72
A0AA88YP74_IPR045860_1_1-77,none,monomer,genus:Pinctada,72-95
A0AA97LGP6_IPR045860_1_17-103,none,monomer,genus:Eublepharis,72-95
A0AAD3N3L7_IPR045860_1_20-124,none,monomer,genus:Lates,95-117
A0AAD4NCY5_IPR045860_1_15-98,none,monomer,genus:Ditylenchus,72-95
A0AAD5QX30_IPR045860_1_41-119,none,monomer,genus:Parelaphostrongylus,72-95
A0AAD8CGV7_IPR045860_1_1-54,none,monomer,genus:Acipenser,50-72
A0AAD9B3B2_IPR045860_1_16-76,none,monomer,genus:Dissostichus,50-72
A0AAD9FIS8_IPR045860_1_1-74,none,monomer,genus:Dissostichus,72-95
A0AAD9NG65_IPR045860_1_230-283,none,monomer,genus:Paralvinella,50-72
A0AAE0VTU3_IPR045860_1_49-127,none,monomer,genus:Potamilus,72-95
A0AAE1FFR6_IPR045860_1_72-164,none,monomer,genus:Petrolisthes,72-95
A0AAF3FA92_IPR045860_3_448-524,none,multimer,genus:Mesorhabditis,72-95
A0AAN4Z5H0_IPR045860_1_51-125,none,monomer,genus:Pristionchus,72-95
A0AAU7YDP2_IPR045860_1_29-105,none,monomer,genus:Nidirana,72-95
A0AAU9XMI6_IPR045860_2_36-120,none,mixture,family:Pocilloporidae,72-95
A0AAV4BM00_IPR045860_1_142-232,none,monomer,genus:Plakobranchus,72-95
A0AAV5STT1_IPR045860_1_23-86,none,monomer,genus:Pristionchus,50-72
A0AAV5UTY9_IPR045860_1_19-101,mixture,monomer,genus:Pristionchus,72-95
A0AAV6Z451_IPR045860_2_142-226,SPF,multimer,genus:Engystomops,72-95
A0AAV6ZQN0_IPR045860_2_57-147,none,multimer,genus:Engystomops,72-95
A0AAV7R147_IPR045860_1_89-171,none,monomer,genus:Pleurodeles,72-95
A0AAW0NAA8_IPR045860_1_21-84,Ly6,monomer,genus:Mugilogobius,50-72
A0AAW0SMM9_IPR045860_1_22-116,Ly6,monomer,order:Decapoda,95-117
A0AAW1BMB9_IPR045860_1_13-85,none,monomer,genus:Crotalus,72-95
A0AAW1TUT2_IPR045860_1_22-89,none,monomer,genus:Henosepilachna,50-72
A0AAW2HZA9_IPR045860_1_29-133,none,monomer,genus:Menopon,95-117
A0ABD0N8X1_IPR045860_1_1-56,none,monomer,genus:Cirrhinus,50-72
A0ABD0W830_IPR045860_1_58-155,none,monomer,genus:Umbra,95-117
A0ABD1DR45_IPR045860_1_18-115,none,monomer,genus:Culex,95-117
A0ABD2NN70_IPR045860_1_30-132,none,monomer,family:Coccinellidae,95-117
A0ABD3WAJ8_IPR045860_1_12-94,none,monomer,genus:Sinanodonta,72-95
A0ABD6EV88_IPR045860_1_16-98,none,monomer,genus:Gnathostoma,72-95
A7T7Z3_IPR045860_1_24-114,none,monomer,genus:Nematostella,72-95
A8X2W4_IPR045860_1_242-315,none,monomer,genus:Caenorhabditis,72-95
D2VQS4_IPR045860_1_25-111,none,monomer,genus:Naegleria,72-95
E0W0F7_IPR045860_1_78-180,none,monomer,order:Phthiraptera,95-117
G3TK14_IPR045860_1_21-127,none,monomer,class:Mammalia,95-117
H0VD50_IPR045860_1_21-107,none,monomer,phylum:Chordata,72-95
H2YTD1_IPR045860_1_16-113,none,monomer,genus:Ciona,95-117
H3BIN4_IPR045860_1_24-100,none,monomer,genus:Latimeria,72-95
H9G8Z4_IPR045860_1_16-101,none,multimer,genus:Anolis,72-95
K1PX19_IPR045860_2_81-148,mixture,multimer,genus:Magallana,50-72
L7MHT0_IPR045860_1_2-74,none,monomer,genus:Rhipicephalus,72-95
P0DPX5_IPR045860_1_24-107,mixture,monomer,genus:Scolopendra,72-95
Q8T8C6_IPR045860_1_13-112,none,monomer,genus:Halocynthia,95-117
R7UXY0_IPR045860_1_94-150,Ly6,monomer,genus:Capitella,50-72
T1J6C3_IPR045860_1_11-91,Ly6,monomer,genus:Strigamia,72-95
