protein_id,protein_name,organism,sequence_length,domain_start,domain_end,domain_score,signature_name
A0A026X279,Uncharacterized protein,Ooceraea biroi (Clonal raider ant),249,52,130,,InterPro:IPR039457
A0A060VZK8,Ly6/PLAUR domain-containing protein 6,Oncorhynchus mykiss (Rainbow trout),173,5,168,,InterPro:IPR039457
A0A060W1J6,Ly6/PLAUR domain-containing protein 6B,Oncorhynchus mykiss (Rainbow trout),182,7,169,,InterPro:IPR039457
A0A060XL06,Ly6/PLAUR domain-containing protein 6B,Oncorhynchus mykiss (Rainbow trout),176,7,162,,InterPro:IPR039457
A0A087QQ62,Ly6/PLAUR domain-containing protein 6B,Aptenodytes forsteri (Emperor penguin),156,2,155,,InterPro:IPR039457
A0A087QQ63,Ly6/PLAUR domain-containing protein 6,Aptenodytes forsteri (Emperor penguin),137,1,136,,InterPro:IPR039457
A0A087VR10,Ly6/PLAUR domain-containing protein 6,Balearica regulorum gibbericeps (East African grey crowned-crane),137,1,136,,InterPro:IPR039457
A0A087XC65,LY6/PLAUR domain containing 6,Poecilia formosa (Amazon molly),169,5,152,,InterPro:IPR039457
A0A091DUC1,Ly6/PLAUR domain-containing protein 6B,Fukomys damarensis (Damaraland mole rat),169,2,168,,InterPro:IPR039457
A0A091DW53,Ly6/PLAUR domain-containing protein 6,Fukomys damarensis (Damaraland mole rat),131,1,130,,InterPro:IPR039457
A0A091EQI8,Ly6/PLAUR domain-containing protein 6,Corvus brachyrhynchos (American crow),158,1,140,,InterPro:IPR039457
A0A091EV18,Ly6/PLAUR domain-containing protein 6B,Corvus brachyrhynchos (American crow),156,2,155,,InterPro:IPR039457
A0A091FZC5,Ly6/PLAUR domain-containing protein 6B,Cuculus canorus (common cuckoo),156,2,155,,InterPro:IPR039457
A0A091G352,Ly6/PLAUR domain-containing protein 6,Cuculus canorus (common cuckoo),137,1,136,,InterPro:IPR039457
A0A091H952,Ly6/PLAUR domain-containing protein 6,Buceros rhinoceros silvestris,136,1,135,,InterPro:IPR039457
A0A091HM89,Ly6/PLAUR domain-containing protein 6B,Buceros rhinoceros silvestris,156,2,155,,InterPro:IPR039457
A0A091IKK5,Ly6/PLAUR domain-containing protein 6B,Calypte anna (Anna's hummingbird),156,3,155,,InterPro:IPR039457
A0A091IL04,Ly6/PLAUR domain-containing protein 6,Calypte anna (Anna's hummingbird),142,1,140,,InterPro:IPR039457
A0A091JGN3,Ly6/PLAUR domain-containing protein 6B,Egretta garzetta (Little egret),156,2,155,,InterPro:IPR039457
A0A091JIJ7,Ly6/PLAUR domain-containing protein 6,Egretta garzetta (Little egret),141,1,140,,InterPro:IPR039457
A0A091K709,Ly6/PLAUR domain-containing protein 6,Colius striatus (Speckled mousebird),111,3,110,,InterPro:IPR039457
A0A091K8M8,Ly6/PLAUR domain-containing protein 6B,Colius striatus (Speckled mousebird),156,2,154,,InterPro:IPR039457
A0A091KFA4,Ly6/PLAUR domain-containing protein 6B,Chlamydotis macqueenii (Macqueen's bustard),156,2,155,,InterPro:IPR039457
A0A091KQ73,Ly6/PLAUR domain-containing protein 6,Chlamydotis macqueenii (Macqueen's bustard),137,1,136,,InterPro:IPR039457
A0A091L7I6,Ly6/PLAUR domain-containing protein 6,Cathartes aura (Turkey vulture),131,3,130,,InterPro:IPR039457
A0A091LHS5,Ly6/PLAUR domain-containing protein 6B,Cathartes aura (Turkey vulture),156,3,155,,InterPro:IPR039457
A0A091LQE6,Ly6/PLAUR domain-containing protein 6,Cariama cristata (Red-legged seriema),137,1,136,,InterPro:IPR039457
A0A091N0S4,Ly6/PLAUR domain-containing protein 6B,Acanthisitta chloris (rifleman),127,1,125,,InterPro:IPR039457
A0A091N5K8,Ly6/PLAUR domain-containing protein 6B,Apaloderma vittatum (Bar-tailed trogon),156,2,155,,InterPro:IPR039457
A0A091N7Z8,Ly6/PLAUR domain-containing protein 6,Acanthisitta chloris (rifleman),126,3,125,,InterPro:IPR039457
A0A091NWV1,Ly6/PLAUR domain-containing protein 6,Apaloderma vittatum (Bar-tailed trogon),143,2,141,,InterPro:IPR039457
A0A091PF38,Ly6/PLAUR domain-containing protein 6,Leptosomus discolor (Madagascar cuckoo roller),137,1,136,,InterPro:IPR039457
A0A091PG17,Ly6/PLAUR domain-containing protein 6,Haliaeetus albicilla (White-tailed sea-eagle),119,1,118,,InterPro:IPR039457
A0A091PJB1,LPD6B protein,Haliaeetus albicilla (White-tailed sea-eagle),156,2,155,,InterPro:IPR039457
A0A091PNH8,Ly6/PLAUR domain-containing protein 6B,Leptosomus discolor (Madagascar cuckoo roller),154,3,153,,InterPro:IPR039457
A0A091QSB4,Ly6/PLAUR domain-containing protein 6B,Merops nubicus (Northern carmine bee-eater),154,2,152,,InterPro:IPR039457
A0A091S3Q3,Ly6/PLAUR domain-containing protein 6B,Nestor notabilis (Kea),154,2,153,,InterPro:IPR039457
A0A091S8V2,Ly6/PLAUR domain-containing protein 6B,Mesitornis unicolor (brown roatelo),154,2,153,,InterPro:IPR039457
A0A091SRT6,Ly6/PLAUR domain-containing protein 6,Nestor notabilis (Kea),137,1,136,,InterPro:IPR039457
A0A091SUA7,Ly6/PLAUR domain-containing protein 6B,Pelecanus crispus (Dalmatian pelican),156,2,155,,InterPro:IPR039457
A0A091UB34,Ly6/PLAUR domain-containing protein 6,Phoenicopterus ruber ruber,121,1,120,,InterPro:IPR039457
A0A091UN31,Ly6/PLAUR domain-containing protein 6B,Phaethon lepturus (White-tailed tropicbird),156,2,155,,InterPro:IPR039457
A0A091UVK6,Ly6/PLAUR domain-containing protein 6B,Nipponia nippon (Crested ibis),156,2,155,,InterPro:IPR039457
A0A091VXY6,Ly6/PLAUR domain-containing protein 6,Nipponia nippon (Crested ibis),137,1,136,,InterPro:IPR039457
A0A091WD32,Ly6/PLAUR domain-containing protein 6,Opisthocomus hoazin (Hoatzin),138,1,137,,InterPro:IPR039457
A0A091XHR0,Ly6/PLAUR domain-containing protein 6B,Opisthocomus hoazin (Hoatzin),156,2,155,,InterPro:IPR039457
A0A093BS79,Ly6/PLAUR domain-containing protein 6,Tauraco erythrolophus (Red-crested turaco),140,1,139,,InterPro:IPR039457
A0A093BWI5,Ly6/PLAUR domain-containing protein 6B,Pterocles gutturalis (yellow-throated sandgrouse),154,2,153,,InterPro:IPR039457
A0A093C5W6,Ly6/PLAUR domain-containing protein 6,Pterocles gutturalis (yellow-throated sandgrouse),137,2,136,,InterPro:IPR039457
A0A093EWE6,Ly6/PLAUR domain-containing protein 6B,Gavia stellata (Red-throated diver),93,1,92,,InterPro:IPR039457
A0A093F3W9,Ly6/PLAUR domain-containing protein 6,Gavia stellata (Red-throated diver),97,2,96,,InterPro:IPR039457
A0A093FIE1,Ly6/PLAUR domain-containing protein 6B,Tyto alba (Barn owl),154,2,153,,InterPro:IPR039457
A0A093H369,Ly6/PLAUR domain-containing protein 6B,Dryobates pubescens (Downy woodpecker),156,4,154,,InterPro:IPR039457
A0A093H4V2,Ly6/PLAUR domain-containing protein 6,Struthio camelus australis,137,1,136,,InterPro:IPR039457
A0A093HBA4,Ly6/PLAUR domain-containing protein 6B,Struthio camelus australis,154,2,153,,InterPro:IPR039457
A0A093HDE9,Ly6/PLAUR domain-containing protein 6,Dryobates pubescens (Downy woodpecker),137,1,136,,InterPro:IPR039457
A0A093I7J6,Ly6/PLAUR domain-containing protein 6,Fulmarus glacialis (Northern fulmar),125,1,124,,InterPro:IPR039457
A0A093JAJ5,Ly6/PLAUR domain-containing protein 6,Eurypyga helias (Sunbittern),137,1,136,,InterPro:IPR039457
A0A093KXN1,Ly6/PLAUR domain-containing protein 6B,Fulmarus glacialis (Northern fulmar),156,2,155,,InterPro:IPR039457
A0A093NHL1,Ly6/PLAUR domain-containing protein 6B,Pygoscelis adeliae (Adelie penguin),156,2,155,,InterPro:IPR039457
A0A093NU13,Ly6/PLAUR domain-containing protein 6,Pygoscelis adeliae (Adelie penguin),137,1,136,,InterPro:IPR039457
A0A093PMM1,Ly6/PLAUR domain-containing protein 6,Manacus vitellinus (golden-collared manakin),135,8,134,,InterPro:IPR039457
A0A093Q7J2,Ly6/PLAUR domain-containing protein 6B,Manacus vitellinus (golden-collared manakin),154,2,153,,InterPro:IPR039457
A0A093QNJ2,Ly6/PLAUR domain-containing protein 6B,Phalacrocorax carbo (Great cormorant),156,2,155,,InterPro:IPR039457
A0A093QVF6,Ly6/PLAUR domain-containing protein 6,Phalacrocorax carbo (Great cormorant),124,3,123,,InterPro:IPR039457
A0A094KDL2,Ly6/PLAUR domain-containing protein 6B,Podiceps cristatus (Great crested grebe),156,2,155,,InterPro:IPR039457
A0A096NSN2,LY6/PLAUR domain containing 6B,Papio anubis (Olive baboon),182,15,181,,InterPro:IPR039457
A0A096NSN3,LY6/PLAUR domain containing 6,Papio anubis (Olive baboon),154,5,153,,InterPro:IPR039457
A0A099Z6X8,Ly6/PLAUR domain-containing protein 6B,Tinamus guttatus (White-throated tinamou),154,2,151,,InterPro:IPR039457
A0A099ZBL4,Ly6/PLAUR domain-containing protein 6,Tinamus guttatus (White-throated tinamou),106,1,105,,InterPro:IPR039457
A0A0A0AJN6,Ly6/PLAUR domain-containing protein 6B,Charadrius vociferus (Killdeer),156,2,155,,InterPro:IPR039457
A0A0A0AKC1,Ly6/PLAUR domain-containing protein 6,Charadrius vociferus (Killdeer),108,1,107,,InterPro:IPR039457
A0A0C9R7N1,LYPD6B_1 protein,Fopius arisanus,189,49,153,,InterPro:IPR039457
A0A0D9RUD0,LY6/PLAUR domain containing 6,Chlorocebus sabaeus (Green monkey),171,5,170,,InterPro:IPR039457
A0A0D9RUD5,LY6/PLAUR domain containing 6B,Chlorocebus sabaeus (Green monkey),169,2,168,,InterPro:IPR039457
A0A0L7RC23,Ly6/PLAUR domain-containing protein 6B,Habropoda laboriosa,186,51,154,,InterPro:IPR039457
A0A0N0BJS7,Ly6/PLAUR domain-containing protein 6B,Melipona quadrifasciata,197,50,165,,InterPro:IPR039457
A0A0N8JUY1,Ly6/PLAUR domain-containing protein 6-like,Scleropages formosus (Asian bonytongue),135,1,126,,InterPro:IPR039457
A0A0N8JZE7,Ly6/PLAUR domain-containing protein 6-like,Scleropages formosus (Asian bonytongue),204,40,198,,InterPro:IPR039457
A0A0Q3MH04,Ly6/PLAUR domain-containing protein 6,Amazona aestiva (Blue-fronted Amazon parrot),180,4,168,,InterPro:IPR039457
A0A0Q3R8U4,Ly6/PLAUR domain-containing protein 6B,Amazona aestiva (Blue-fronted Amazon parrot),202,38,201,,InterPro:IPR039457
A0A0S7EMM0,LYPD6,Poeciliopsis prolifica (blackstripe livebearer),179,5,165,,InterPro:IPR039457
A0A151I2B9,Uncharacterized protein,Atta colombica,169,9,70,,InterPro:IPR039457
A0A151M0H7,Ly6/PLAUR domain-containing protein 6,Alligator mississippiensis (American alligator),183,4,141,,InterPro:IPR039457
A0A151M0N6,Ly6/PLAUR domain-containing protein 6B,Alligator mississippiensis (American alligator),169,2,168,,InterPro:IPR039457
A0A151X602,Ly6/PLAUR domain-containing protein 6B,Trachymyrmex zeteki,191,53,159,,InterPro:IPR039457
A0A154P3G6,Ly6/PLAUR domain-containing protein 6B,Dufourea novaeangliae (Sweat bee),200,51,167,,InterPro:IPR039457
A0A158NSV9,Uncharacterized protein,Atta cephalotes (Leafcutter ant),109,53,100,,InterPro:IPR039457
A0A158NUN2,Uncharacterized protein,Atta cephalotes (Leafcutter ant),97,4,65,,InterPro:IPR039457
A0A162CAF5,Putative Ly6/PLAUR domain-containing protein 6B,Daphnia magna,182,47,159,,InterPro:IPR039457
A0A164XA57,Putative Ly6/PLAUR domain-containing protein 6,Daphnia magna,135,18,127,,InterPro:IPR039457
A0A1A7X6H8,LY6/PLAUR domain containing 6,Iconisemion striatum,115,7,114,,InterPro:IPR039457
A0A1A7Y9N1,LY6/PLAUR domain containing 6,Iconisemion striatum,142,7,132,,InterPro:IPR039457
A0A1A7ZFF9,LY6/PLAUR domain containing 6,Nothobranchius furzeri (Turquoise killifish),211,5,132,,InterPro:IPR039457
A0A1A8AM19,LY6/PLAUR domain containing 6,Nothobranchius furzeri (Turquoise killifish),195,5,116,,InterPro:IPR039457
A0A1A8BKX9,LY6/PLAUR domain containing 6,Nothobranchius kadleci (African annual killifish),127,5,48,,InterPro:IPR039457
A0A1A8C6U9,LY6/PLAUR domain containing 6,Nothobranchius kadleci (African annual killifish),169,3,156,,InterPro:IPR039457
A0A1A8FYK4,LY6/PLAUR domain containing 6,Nothobranchius korthausae,173,5,160,,InterPro:IPR039457
A0A1A8MWW2,LY6/PLAUR domain containing 6,Nothobranchius pienaari,160,5,153,,InterPro:IPR039457
A0A1A8RH00,LY6/PLAUR domain containing 6,Nothobranchius rachovii (bluefin notho),88,5,88,,InterPro:IPR039457
A0A1A8RI45,LY6/PLAUR domain containing 6,Nothobranchius rachovii (bluefin notho),78,1,66,,InterPro:IPR039457
A0A1A8UJ15,LY6/PLAUR domain containing 6,Nothobranchius furzeri (Turquoise killifish),177,3,164,,InterPro:IPR039457
A0A1B6DF44,UPAR/Ly6 domain-containing protein,Clastoptera arizonana (Arizona spittle bug),170,26,142,,InterPro:IPR039457
A0A1B6GHU0,UPAR/Ly6 domain-containing protein,Cuerna arida,147,8,111,,InterPro:IPR039457
A0A1B6JB25,UPAR/Ly6 domain-containing protein,Homalodisca liturata,171,17,135,,InterPro:IPR039457
A0A1B6KVG6,UPAR/Ly6 domain-containing protein,Graphocephala atropunctata,179,33,140,,InterPro:IPR039457
A0A1L8ENX6,Ly6/PLAUR domain-containing protein 6,Xenopus laevis (African clawed frog),171,5,167,,InterPro:IPR039457
A0A1L8ENY4,Ly6/PLAUR domain-containing protein 6B,Xenopus laevis (African clawed frog),171,4,168,,InterPro:IPR039457
A0A1L8EVU3,Ly6/PLAUR domain-containing protein 6B,Xenopus laevis (African clawed frog),171,4,167,,InterPro:IPR039457
A0A1L8EVU4,Ly6/PLAUR domain-containing protein 6,Xenopus laevis (African clawed frog),171,5,167,,InterPro:IPR039457
A0A1S2ZNW9,Ly6/PLAUR domain-containing protein 6,Erinaceus europaeus (Western European hedgehog),171,5,170,,InterPro:IPR039457
A0A1S2ZNZ4,Ly6/PLAUR domain-containing protein 6B,Erinaceus europaeus (Western European hedgehog),169,3,166,,InterPro:IPR039457
A0A1S3G4T7,Ly6/PLAUR domain-containing protein 6,Dipodomys ordii (Ord's kangaroo rat),171,5,170,,InterPro:IPR039457
A0A1S3G6I0,Ly6/PLAUR domain-containing protein 6B,Dipodomys ordii (Ord's kangaroo rat),173,2,167,,InterPro:IPR039457
A0A1S3ILR1,Ly6/PLAUR domain-containing protein 6B,Lingula anatina (Brachiopod),188,48,171,,InterPro:IPR039457
A0A1S3MT01,Ly6/PLAUR domain-containing protein 6,Salmo salar (Atlantic salmon),176,6,165,,InterPro:IPR039457
A0A1S3MXS1,Ly6/PLAUR domain-containing protein 6-like,Salmo salar (Atlantic salmon),176,6,165,,InterPro:IPR039457
A0A1S3P009,Ly6/PLAUR domain-containing protein 6-like,Salmo salar (Atlantic salmon),173,5,169,,InterPro:IPR039457
A0A1S3PMQ8,Ly6/PLAUR domain-containing protein 6B-like,Salmo salar (Atlantic salmon),183,9,161,,InterPro:IPR039457
A0A1S3PMX1,Ly6/PLAUR domain-containing protein 6-like,Salmo salar (Atlantic salmon),173,5,168,,InterPro:IPR039457
A0A1S3QRH3,Ly6/PLAUR domain-containing protein 6B-like,Salmo salar (Atlantic salmon),116,6,112,,InterPro:IPR039457
A0A1U7QJP3,Ly6/PLAUR domain-containing protein 6,Mesocricetus auratus (Golden hamster),171,5,170,,InterPro:IPR039457
A0A1U7SE58,Ly6/PLAUR domain-containing protein 6B isoform X2,Alligator sinensis (Chinese alligator),169,2,168,,InterPro:IPR039457
A0A1U7T4I7,Ly6/PLAUR domain-containing protein 6B,Carlito syrichta (Philippine tarsier),207,40,206,,InterPro:IPR039457
A0A1U7TXC1,Ly6/PLAUR domain-containing protein 6,Carlito syrichta (Philippine tarsier),171,5,170,,InterPro:IPR039457
A0A1U8BKM8,Ly6/PLAUR domain-containing protein 6B isoform X1,Mesocricetus auratus (Golden hamster),189,22,188,,InterPro:IPR039457
A0A1U8BXL9,Ly6/PLAUR domain-containing protein 6B isoform X2,Mesocricetus auratus (Golden hamster),169,2,168,,InterPro:IPR039457
A0A1V4K5F4,Ly6/PLAUR domain-containing protein 6B,Patagioenas fasciata monilis,220,57,219,,InterPro:IPR039457
A0A1V4K5N9,Ly6/PLAUR domain-containing protein 6,Patagioenas fasciata monilis,172,4,167,,InterPro:IPR039457
A0A1W4W576,Ly6/PLAUR domain-containing protein 6B,Agrilus planipennis (Emerald ash borer),193,5,148,,InterPro:IPR039457
A0A1W7RG33,Ly6/PLAUR domain-containing protein 6B,Agkistrodon contortrix contortrix (Southern copperhead),169,3,166,,InterPro:IPR039457
A0A1Y1LZ51,UPAR/Ly6 domain-containing protein,Photinus pyralis (Common eastern firefly),191,4,147,,InterPro:IPR039457
A0A210Q4R4,Ly6/PLAUR domain-containing protein 6,Mizuhopecten yessoensis (Japanese scallop),164,31,152,,InterPro:IPR039457
A0A212C1E6,LYPD6,Cervus elaphus hippelaphus (European red deer),201,67,196,,InterPro:IPR039457
A0A212C241,LY6/PLAUR domain containing 6B,Cervus elaphus hippelaphus (European red deer),216,25,152,,InterPro:IPR039457
A0A218UJQ4,Ly6/PLAUR domain-containing protein 6,Lonchura striata (white-rumped munia),121,12,120,,InterPro:IPR039457
A0A218UKU1,Ly6/PLAUR domain-containing protein 6B,Lonchura striata (white-rumped munia),73,6,72,,InterPro:IPR039457
A0A226NMP0,UPAR/Ly6 domain-containing protein,Callipepla squamata (Scaled quail),136,38,132,,InterPro:IPR039457
A0A226NN09,UPAR/Ly6 domain-containing protein,Callipepla squamata (Scaled quail),152,50,151,,InterPro:IPR039457
A0A250XVL2,Ly6/PLAUR domain-containing protein 6B,Castor canadensis (American beaver),169,2,168,,InterPro:IPR039457
A0A286XAB1,LY6/PLAUR domain containing 6B,Cavia porcellus (Guinea pig),185,18,184,,InterPro:IPR039457
A0A287D1Y5,LY6/PLAUR domain containing 6,Ictidomys tridecemlineatus (Thirteen-lined ground squirrel),171,5,170,,InterPro:IPR039457
A0A2D0R3D4,Ly6/PLAUR domain-containing protein 6B,Ictalurus punctatus (Channel catfish),170,7,160,,InterPro:IPR039457
A0A2D0S1F0,Ly6/PLAUR domain-containing protein 6,Ictalurus punctatus (Channel catfish),170,6,164,,InterPro:IPR039457
A0A2D4MVI1,UPAR/Ly6 domain-containing protein,Micrurus spixii (Amazon coral snake),167,4,164,,InterPro:IPR039457
A0A2G8LPQ2,Putative ly6/PLAUR domain-containing protein 6,Stichopus japonicus (Sea cucumber),83,28,79,,InterPro:IPR039457
A0A2G9RU28,Ly6/PLAUR domain-containing protein 6B,Aquarana catesbeiana (American bullfrog),131,2,130,,InterPro:IPR039457
A0A2G9S5D3,UPAR/Ly6 domain-containing protein,Aquarana catesbeiana (American bullfrog),90,1,85,,InterPro:IPR039457
A0A2H6NA76,Ly6/PLAUR domain-containing protein 6B,Micrurus carvalhoi,115,4,114,,InterPro:IPR039457
A0A2H8TUC0,Ly6/PLAUR domain-containing protein 6B,Melanaphis sacchari,183,41,149,,InterPro:IPR039457
A0A2I0MG39,LY6/PLAUR domain containing 6B,Columba livia (Rock dove),169,4,168,,InterPro:IPR039457
A0A2I0MGF9,"LY6/PLAUR domain containing 6, transcript variant X1",Columba livia (Rock dove),172,3,167,,InterPro:IPR039457
A0A2I0TCT7,Ly6 plaur domain-containing protein 6b,Limosa lapponica baueri,104,15,94,,InterPro:IPR039457
A0A2I2U035,LY6/PLAUR domain containing 6,Felis catus (Cat),171,5,170,,InterPro:IPR039457
A0A2I2UP64,LY6/PLAUR domain containing 6B,Felis catus (Cat),182,17,179,,InterPro:IPR039457
A0A2I2YLW7,LY6/PLAUR domain containing 6B,Gorilla gorilla gorilla (Western lowland gorilla),182,15,181,,InterPro:IPR039457
A0A2I2Z185,LY6/PLAUR domain containing 6B,Gorilla gorilla gorilla (Western lowland gorilla),169,2,168,,InterPro:IPR039457
A0A2I2ZDE7,LY6/PLAUR domain containing 6B,Gorilla gorilla gorilla (Western lowland gorilla),183,16,182,,InterPro:IPR039457
A0A2I3FZC8,LY6/PLAUR domain containing 6B,Nomascus leucogenys (Northern white-cheeked gibbon),182,16,181,,InterPro:IPR039457
A0A2I3GD49,LY6/PLAUR domain containing 6B,Nomascus leucogenys (Northern white-cheeked gibbon),180,14,179,,InterPro:IPR039457
A0A2I3H4G9,LY6/PLAUR domain containing 6B,Nomascus leucogenys (Northern white-cheeked gibbon),203,37,202,,InterPro:IPR039457
A0A2I3M3E6,LY6/PLAUR domain containing 6B,Papio anubis (Olive baboon),182,15,181,,InterPro:IPR039457
A0A2I3RVS9,LY6/PLAUR domain containing 6B,Pan troglodytes (Chimpanzee),169,2,168,,InterPro:IPR039457
A0A2I3RW84,LY6/PLAUR domain containing 6B,Pan troglodytes (Chimpanzee),182,15,181,,InterPro:IPR039457
A0A2I3RXQ8,LY6/PLAUR domain containing 6B,Pan troglodytes (Chimpanzee),206,39,205,,InterPro:IPR039457
A0A2I3SC20,LY6/PLAUR domain containing 6B,Pan troglodytes (Chimpanzee),183,16,182,,InterPro:IPR039457
A0A2I3SMY5,LY6/PLAUR domain containing 6B,Pan troglodytes (Chimpanzee),241,74,240,,InterPro:IPR039457
A0A2I3T0K3,LYPD6,Pan troglodytes (Chimpanzee),187,5,158,,InterPro:IPR039457
A0A2I3TX14,LY6/PLAUR domain containing 6B,Pan troglodytes (Chimpanzee),200,33,199,,InterPro:IPR039457
A0A2I4BEH2,Ly6/PLAUR domain-containing protein 6-like,Austrofundulus limnaeus (Annual killifish),169,7,163,,InterPro:IPR039457
A0A2J8PPB4,LY6/PLAUR domain containing 6B,Pan troglodytes (Chimpanzee),183,16,182,,InterPro:IPR039457
A0A2J8PPD3,LYPD6 isoform 4,Pan troglodytes (Chimpanzee),53,5,53,,InterPro:IPR039457
A0A2J8PPE1,LYPD6 isoform 3,Pan troglodytes (Chimpanzee),76,5,74,,InterPro:IPR039457
A0A2J8V7J1,LYPD6 isoform 3,Pongo abelii (Sumatran orangutan),76,5,74,,InterPro:IPR039457
A0A2J8V7J4,LYPD6B isoform 1,Pongo abelii (Sumatran orangutan),183,16,182,,InterPro:IPR039457
A0A2J8V7J6,LYPD6 isoform 5,Pongo abelii (Sumatran orangutan),116,5,116,,InterPro:IPR039457
A0A2J8V7J7,LYPD6B isoform 2,Pongo abelii (Sumatran orangutan),207,40,206,,InterPro:IPR039457
A0A2K5E7G1,LY6/PLAUR domain containing 6,Aotus nancymaae (Ma's night monkey),171,5,170,,InterPro:IPR039457
A0A2K5ELQ3,LY6/PLAUR domain containing 6B,Aotus nancymaae (Ma's night monkey),169,2,168,,InterPro:IPR039457
A0A2K5ELQ6,LY6/PLAUR domain containing 6B,Aotus nancymaae (Ma's night monkey),203,36,202,,InterPro:IPR039457
A0A2K5ELR5,LY6/PLAUR domain containing 6B,Aotus nancymaae (Ma's night monkey),180,13,179,,InterPro:IPR039457
A0A2K5ELT0,LY6/PLAUR domain containing 6B,Aotus nancymaae (Ma's night monkey),183,16,182,,InterPro:IPR039457
A0A2K5J3R1,LY6/PLAUR domain containing 6B,Colobus angolensis palliatus (Peters' Angolan colobus),185,18,184,,InterPro:IPR039457
A0A2K5J410,LY6/PLAUR domain containing 6B,Colobus angolensis palliatus (Peters' Angolan colobus),180,13,179,,InterPro:IPR039457
A0A2K5J417,LY6/PLAUR domain containing 6B,Colobus angolensis palliatus (Peters' Angolan colobus),203,36,202,,InterPro:IPR039457
A0A2K5JH77,LY6/PLAUR domain containing 6,Colobus angolensis palliatus (Peters' Angolan colobus),171,5,170,,InterPro:IPR039457
A0A2K5LJB5,LY6/PLAUR domain containing 6,Cercocebus atys (Sooty mangabey),171,5,170,,InterPro:IPR039457
A0A2K5LJB7,Ly6/PLAUR domain-containing protein 6,Cercocebus atys (Sooty mangabey),138,38,137,,InterPro:IPR039457
A0A2K5M3B4,LY6/PLAUR domain containing 6B,Cercocebus atys (Sooty mangabey),203,36,202,,InterPro:IPR039457
A0A2K5M3C0,LY6/PLAUR domain containing 6B,Cercocebus atys (Sooty mangabey),169,2,168,,InterPro:IPR039457
A0A2K5M3C3,LY6/PLAUR domain containing 6B,Cercocebus atys (Sooty mangabey),177,10,176,,InterPro:IPR039457
A0A2K5M3C6,LY6/PLAUR domain containing 6B,Cercocebus atys (Sooty mangabey),183,16,182,,InterPro:IPR039457
A0A2K5QZ44,LY6/PLAUR domain containing 6,Cebus imitator (Panamanian white-faced capuchin),171,5,170,,InterPro:IPR039457
A0A2K5R8R5,LY6/PLAUR domain containing 6B,Cebus imitator (Panamanian white-faced capuchin),180,13,179,,InterPro:IPR039457
A0A2K5R8T4,LY6/PLAUR domain containing 6B,Cebus imitator (Panamanian white-faced capuchin),183,16,182,,InterPro:IPR039457
A0A2K5R8V4,LY6/PLAUR domain containing 6B,Cebus imitator (Panamanian white-faced capuchin),203,36,202,,InterPro:IPR039457
A0A2K5W6Y2,Ly6/PLAUR domain-containing protein 6,Macaca fascicularis (Crab-eating macaque),171,5,170,,InterPro:IPR039457
A0A2K5WSE0,LY6/PLAUR domain containing 6B,Macaca fascicularis (Crab-eating macaque),182,15,181,,InterPro:IPR039457
A0A2K5WSG5,LY6/PLAUR domain containing 6B,Macaca fascicularis (Crab-eating macaque),182,15,181,,InterPro:IPR039457
A0A2K5WSK6,LY6/PLAUR domain containing 6B,Macaca fascicularis (Crab-eating macaque),206,39,205,,InterPro:IPR039457
A0A2K5Y962,LY6/PLAUR domain containing 6,Mandrillus leucophaeus (Drill),171,5,170,,InterPro:IPR039457
A0A2K6ABG4,LY6/PLAUR domain containing 6B,Mandrillus leucophaeus (Drill),203,36,202,,InterPro:IPR039457
A0A2K6ABJ9,LY6/PLAUR domain containing 6B,Mandrillus leucophaeus (Drill),183,16,182,,InterPro:IPR039457
A0A2K6ABK4,LY6/PLAUR domain containing 6B,Mandrillus leucophaeus (Drill),177,10,176,,InterPro:IPR039457
A0A2K6AV58,LY6/PLAUR domain containing 6,Macaca nemestrina (Pig-tailed macaque),171,5,170,,InterPro:IPR039457
A0A2K6CP87,LY6/PLAUR domain containing 6B,Macaca nemestrina (Pig-tailed macaque),169,2,168,,InterPro:IPR039457
A0A2K6CPA2,LY6/PLAUR domain containing 6B,Macaca nemestrina (Pig-tailed macaque),183,16,182,,InterPro:IPR039457
A0A2K6CPD8,LY6/PLAUR domain containing 6B,Macaca nemestrina (Pig-tailed macaque),180,13,179,,InterPro:IPR039457
A0A2K6CPI9,LY6/PLAUR domain containing 6B,Macaca nemestrina (Pig-tailed macaque),203,36,202,,InterPro:IPR039457
A0A2K6GC45,LY6/PLAUR domain containing 6,Propithecus coquereli (Coquerel's sifaka),171,5,170,,InterPro:IPR039457
A0A2K6GCZ5,LY6/PLAUR domain containing 6B,Propithecus coquereli (Coquerel's sifaka),183,18,182,,InterPro:IPR039457
A0A2K6GCZ8,LY6/PLAUR domain containing 6B,Propithecus coquereli (Coquerel's sifaka),207,42,206,,InterPro:IPR039457
A0A2K6GCZ9,LY6/PLAUR domain containing 6B,Propithecus coquereli (Coquerel's sifaka),183,18,182,,InterPro:IPR039457
A0A2K6L9B1,LY6/PLAUR domain containing 6,Rhinopithecus bieti (Black snub-nosed monkey),171,5,170,,InterPro:IPR039457
A0A2K6M465,LY6/PLAUR domain containing 6B,Rhinopithecus bieti (Black snub-nosed monkey),180,13,179,,InterPro:IPR039457
A0A2K6M467,LY6/PLAUR domain containing 6B,Rhinopithecus bieti (Black snub-nosed monkey),203,36,202,,InterPro:IPR039457
A0A2K6M481,LY6/PLAUR domain containing 6B,Rhinopithecus bieti (Black snub-nosed monkey),185,18,184,,InterPro:IPR039457
A0A2K6PKA5,LY6/PLAUR domain containing 6,Rhinopithecus roxellana (Golden snub-nosed monkey),98,1,97,,InterPro:IPR039457
A0A2K6R9T2,LY6/PLAUR domain containing 6B,Rhinopithecus roxellana (Golden snub-nosed monkey),151,17,150,,InterPro:IPR039457
A0A2K6S8U9,LY6/PLAUR domain containing 6B,Saimiri boliviensis boliviensis (Bolivian squirrel monkey),169,2,168,,InterPro:IPR039457
A0A2K6S8W0,LY6/PLAUR domain containing 6B,Saimiri boliviensis boliviensis (Bolivian squirrel monkey),183,16,182,,InterPro:IPR039457
A0A2K6S8Z9,LY6/PLAUR domain containing 6B,Saimiri boliviensis boliviensis (Bolivian squirrel monkey),184,17,183,,InterPro:IPR039457
A0A2K6SBH2,LY6/PLAUR domain containing 6,Saimiri boliviensis boliviensis (Bolivian squirrel monkey),171,5,170,,InterPro:IPR039457
A0A2P4S9U8,UPAR/Ly6 domain-containing protein,Bambusicola thoracicus (Chinese bamboo-partridge),88,1,86,,InterPro:IPR039457
A0A2P4T0N4,Ly6/PLAUR domain-containing protein 6B,Bambusicola thoracicus (Chinese bamboo-partridge),161,64,160,,InterPro:IPR039457
A0A2R8MHK8,LY6/PLAUR domain containing 6B,Callithrix jacchus (White-tufted-ear marmoset),206,39,205,,InterPro:IPR039457
A0A2R8PW90,LY6/PLAUR domain-containing 6B,Danio rerio (Zebrafish),165,6,160,,InterPro:IPR039457
A0A2R9BWK6,LY6/PLAUR domain containing 6B,Pan paniscus (Pygmy chimpanzee),207,40,206,,InterPro:IPR039457
A0A2R9BWL1,LY6/PLAUR domain containing 6B,Pan paniscus (Pygmy chimpanzee),241,74,240,,InterPro:IPR039457
A0A2R9BWM4,LY6/PLAUR domain containing 6B,Pan paniscus (Pygmy chimpanzee),206,39,205,,InterPro:IPR039457
A0A2R9BX96,LY6/PLAUR domain containing 6B,Pan paniscus (Pygmy chimpanzee),200,33,199,,InterPro:IPR039457
A0A2R9BXA1,LY6/PLAUR domain containing 6B,Pan paniscus (Pygmy chimpanzee),182,15,181,,InterPro:IPR039457
A0A2R9BZZ9,LY6/PLAUR domain containing 6B,Pan paniscus (Pygmy chimpanzee),183,16,182,,InterPro:IPR039457
A0A2R9CH19,LY6/PLAUR domain containing 6,Pan paniscus (Pygmy chimpanzee),171,5,170,,InterPro:IPR039457
A0A2S2PLS0,Ly6/PLAUR domain-containing protein 6B,Schizaphis graminum (Green bug aphid),181,41,149,,InterPro:IPR039457
A0A2S2R3D0,Ly6/PLAUR domain-containing protein 6B,Sipha flava (yellow sugarcane aphid),178,41,149,,InterPro:IPR039457
A0A2T7PXG1,UPAR/Ly6 domain-containing protein,Pomacea canaliculata (Golden apple snail),178,21,156,,InterPro:IPR039457
A0A2U3V2L0,Ly6/PLAUR domain-containing protein 6,Tursiops truncatus (Atlantic bottle-nosed dolphin),171,5,170,,InterPro:IPR039457
A0A2U3W0U9,Ly6/PLAUR domain-containing protein 6,Odobenus rosmarus divergens (Pacific walrus),171,5,170,,InterPro:IPR039457
A0A2U3XUV4,Ly6/PLAUR domain-containing protein 6,Leptonychotes weddellii (Weddell seal),171,5,170,,InterPro:IPR039457
A0A2U9AV81,Putative ly6/PLAUR domain-containing protein 6-like,Scophthalmus maximus (Turbot),70,3,54,,InterPro:IPR039457
A0A2U9AVJ7,LY6/PLAUR domain containing 6,Scophthalmus maximus (Turbot),183,5,167,,InterPro:IPR039457
A0A2Y9DIN3,Ly6/PLAUR domain-containing protein 6,Trichechus manatus latirostris (Florida manatee),171,5,170,,InterPro:IPR039457
A0A2Y9DIV1,Ly6/PLAUR domain-containing protein 6B,Trichechus manatus latirostris (Florida manatee),168,2,167,,InterPro:IPR039457
A0A2Y9F5T9,Ly6/PLAUR domain-containing protein 6,Physeter macrocephalus (Sperm whale),171,5,170,,InterPro:IPR039457
A0A2Y9FE83,Ly6/PLAUR domain-containing protein 6B,Physeter macrocephalus (Sperm whale),169,2,168,,InterPro:IPR039457
A0A2Y9I3K2,Ly6/PLAUR domain-containing protein 6B,Neomonachus schauinslandi (Hawaiian monk seal),174,4,168,,InterPro:IPR039457
A0A2Y9I440,Ly6/PLAUR domain-containing protein 6,Neomonachus schauinslandi (Hawaiian monk seal),171,5,170,,InterPro:IPR039457
A0A2Y9J2Q4,Ly6/PLAUR domain-containing protein 6B,Enhydra lutris kenyoni (northern sea otter),174,4,169,,InterPro:IPR039457
A0A2Y9JAG4,Ly6/PLAUR domain-containing protein 6,Enhydra lutris kenyoni (northern sea otter),171,5,170,,InterPro:IPR039457
A0A2Y9MSP1,Ly6/PLAUR domain-containing protein 6B isoform X1,Delphinapterus leucas (Beluga whale),194,27,193,,InterPro:IPR039457
A0A2Y9MTW6,Ly6/PLAUR domain-containing protein 6B isoform X2,Delphinapterus leucas (Beluga whale),169,2,168,,InterPro:IPR039457
A0A2Y9N386,Ly6/PLAUR domain-containing protein 6,Delphinapterus leucas (Beluga whale),171,5,170,,InterPro:IPR039457
A0A315W1N3,UPAR/Ly6 domain-containing protein,Gambusia affinis (Western mosquitofish),289,82,241,,InterPro:IPR039457
A0A340W7Z7,Ly6/PLAUR domain-containing protein 6B,Lipotes vexillifer (Yangtze river dolphin),169,2,168,,InterPro:IPR039457
A0A340WEM5,Ly6/PLAUR domain-containing protein 6,Lipotes vexillifer (Yangtze river dolphin),171,5,170,,InterPro:IPR039457
A0A341CB73,Ly6/PLAUR domain-containing protein 6B isoform X1,Neophocaena asiaeorientalis asiaeorientalis (Yangtze finless porpoise),169,2,168,,InterPro:IPR039457
A0A341CB83,Ly6/PLAUR domain-containing protein 6,Neophocaena asiaeorientalis asiaeorientalis (Yangtze finless porpoise),171,5,170,,InterPro:IPR039457
A0A341CDM5,Ly6/PLAUR domain-containing protein 6B isoform X2,Neophocaena asiaeorientalis asiaeorientalis (Yangtze finless porpoise),136,39,135,,InterPro:IPR039457
A0A384A6W8,Ly6/PLAUR domain-containing protein 6 isoform X2,Balaenoptera acutorostrata scammoni (North Pacific minke whale),171,5,170,,InterPro:IPR039457
A0A384A773,Ly6/PLAUR domain-containing protein 6B,Balaenoptera acutorostrata scammoni (North Pacific minke whale),169,2,168,,InterPro:IPR039457
A0A384A778,Ly6/PLAUR domain-containing protein 6 isoform X1,Balaenoptera acutorostrata scammoni (North Pacific minke whale),172,5,161,,InterPro:IPR039457
A0A384BRI0,LY6/PLAUR domain containing 6,Ursus maritimus (Polar bear),171,5,170,,InterPro:IPR039457
A0A384BSI5,LY6/PLAUR domain containing 6B,Ursus maritimus (Polar bear),174,4,168,,InterPro:IPR039457
A0A3B1KEA0,LY6/PLAUR domain containing 6,Astyanax mexicanus (Blind cave fish),148,44,142,,InterPro:IPR039457
A0A3B1KLX0,LY6/PLAUR domain containing 6,Astyanax mexicanus (Blind cave fish),167,3,162,,InterPro:IPR039457
A0A3B3BCC8,LY6/PLAUR domain containing 6,Oryzias melastigma (Marine medaka),199,9,114,,InterPro:IPR039457
A0A3B3D237,LY6/PLAUR domain containing 6,Oryzias melastigma (Marine medaka),176,9,167,,InterPro:IPR039457
A0A3B3IEI6,LY6/PLAUR domain containing 6,Oryzias latipes (Japanese rice fish),168,9,167,,InterPro:IPR039457
A0A3B3RI19,LY6/PLAUR domain containing 6B,Paramormyrops kingsleyae,181,17,175,,InterPro:IPR039457
A0A3B3RKG5,LY6/PLAUR domain containing 6,Paramormyrops kingsleyae,176,5,170,,InterPro:IPR039457
A0A3B3RKV0,LY6/PLAUR domain containing 6,Paramormyrops kingsleyae,218,49,212,,InterPro:IPR039457
A0A3B3SKW4,LY6/PLAUR domain containing 6,Paramormyrops kingsleyae,182,5,117,,InterPro:IPR039457
A0A3B3SKY3,LY6/PLAUR domain containing 6,Paramormyrops kingsleyae,177,5,169,,InterPro:IPR039457
A0A3B3VIR1,LY6/PLAUR domain containing 6,Poecilia latipinna (sailfin molly),179,5,159,,InterPro:IPR039457
A0A3B3WVG6,LY6/PLAUR domain containing 6,Poecilia mexicana,179,5,153,,InterPro:IPR039457
A0A3B4B7F3,LY6/PLAUR domain containing 6,Periophthalmus magnuspinnatus,181,12,172,,InterPro:IPR039457
A0A3B4B920,LY6/PLAUR domain containing 6,Periophthalmus magnuspinnatus,168,6,147,,InterPro:IPR039457
A0A3B4BA70,LY6/PLAUR domain containing 6,Periophthalmus magnuspinnatus,174,6,165,,InterPro:IPR039457
A0A3B4D1A7,LY6/PLAUR domain containing 6,Pygocentrus nattereri (Red-bellied piranha),164,7,160,,InterPro:IPR039457
A0A3B4D2N9,LY6/PLAUR domain containing 6,Pygocentrus nattereri (Red-bellied piranha),169,7,161,,InterPro:IPR039457
A0A3B4EN61,Uncharacterized protein,Pygocentrus nattereri (Red-bellied piranha),170,10,165,,InterPro:IPR039457
A0A3B4FQY5,LY6/PLAUR domain containing 6,Pundamilia nyererei,163,5,161,,InterPro:IPR039457
A0A3B4T4W3,LY6/PLAUR domain containing 6,Seriola dumerili (Greater amberjack),171,5,166,,InterPro:IPR039457
A0A3B4U8E1,LY6/PLAUR domain containing 6,Seriola dumerili (Greater amberjack),173,6,168,,InterPro:IPR039457
A0A3B4WRF9,LY6/PLAUR domain containing 6,Seriola lalandi dorsalis,171,5,166,,InterPro:IPR039457
A0A3B4WRU1,LY6/PLAUR domain containing 6,Seriola lalandi dorsalis,167,5,161,,InterPro:IPR039457
A0A3B4WXD8,LY6/PLAUR domain containing 6,Seriola lalandi dorsalis,174,6,167,,InterPro:IPR039457
A0A3B4Z1K1,LY6/PLAUR domain containing 6,Stegastes partitus (bicolor damselfish),176,4,169,,InterPro:IPR039457
A0A3B5MQA1,LY6/PLAUR domain containing 6,Xiphophorus couchianus (Monterrey platyfish),178,5,163,,InterPro:IPR039457
A0A3B5MV13,LY6/PLAUR domain containing 6,Xiphophorus couchianus (Monterrey platyfish),174,26,159,,InterPro:IPR039457
A0A3B5PXG2,LY6/PLAUR domain containing 6,Xiphophorus maculatus (Southern platyfish),158,5,156,,InterPro:IPR039457
A0A3B5QT17,LY6/PLAUR domain containing 6,Xiphophorus maculatus (Southern platyfish),178,5,163,,InterPro:IPR039457
A0A3L8DT37,Ly6/PLAUR domain-containing protein,Ooceraea biroi (Clonal raider ant),190,52,155,,InterPro:IPR039457
A0A3L8SNL4,UPAR/Ly6 domain-containing protein,Chloebia gouldiae (Gouldian finch),176,9,160,,InterPro:IPR039457
A0A3M0L1C6,UPAR/Ly6 domain-containing protein,Hirundo rustica rustica,180,8,147,,InterPro:IPR039457
A0A3N0Z7S7,Ly6/PLAUR domain-containing protein 6,Anabarilius grahami (Kanglang fish),173,5,169,,InterPro:IPR039457
A0A3N0Z988,Ly6/PLAUR domain-containing protein 6B,Anabarilius grahami (Kanglang fish),195,34,190,,InterPro:IPR039457
A0A3P8RF39,LY6/PLAUR domain containing 6,Astatotilapia calliptera (Eastern happy),175,5,168,,InterPro:IPR039457
A0A3P8TFB5,LY6/PLAUR domain containing 6,Amphiprion percula (Orange clownfish),174,5,169,,InterPro:IPR039457
A0A3P8ZHU1,LY6/PLAUR domain containing 6B,Esox lucius (Northern pike),171,5,144,,InterPro:IPR039457
A0A3P9DTK0,LY6/PLAUR domain containing 6,Maylandia zebra (zebra mbuna),175,5,168,,InterPro:IPR039457
A0A3P9JK78,LY6/PLAUR domain containing 6,Oryzias latipes (Japanese rice fish),169,9,166,,InterPro:IPR039457
A0A3P9LCI9,LY6/PLAUR domain containing 6,Oryzias latipes (Japanese rice fish),169,9,166,,InterPro:IPR039457
A0A3P9NPE0,LY6/PLAUR domain containing 6,Poecilia reticulata (Guppy),179,5,161,,InterPro:IPR039457
A0A3Q0HIH2,Ly6/PLAUR domain-containing protein 6,Alligator sinensis (Chinese alligator),169,4,167,,InterPro:IPR039457
A0A3Q0HII8,Ly6/PLAUR domain-containing protein 6B isoform X3,Alligator sinensis (Chinese alligator),160,63,159,,InterPro:IPR039457
A0A3Q0HJE2,Ly6/PLAUR domain-containing protein 6B isoform X4,Alligator sinensis (Chinese alligator),156,33,139,,InterPro:IPR039457
A0A3Q0HMR8,Ly6/PLAUR domain-containing protein 6B isoform X1,Alligator sinensis (Chinese alligator),193,33,192,,InterPro:IPR039457
A0A3Q0HMS6,Ly6/PLAUR domain-containing protein 6B isoform X5,Alligator sinensis (Chinese alligator),151,33,139,,InterPro:IPR039457
A0A3Q0SMJ8,LY6/PLAUR domain containing 6,Amphilophus citrinellus (Midas cichlid),155,5,147,,InterPro:IPR039457
A0A3Q1C0Z1,LY6/PLAUR domain containing 6,Amphiprion ocellaris (Clown anemonefish),175,3,170,,InterPro:IPR039457
A0A3Q1G4B2,LY6/PLAUR domain containing 6,Acanthochromis polyacanthus (spiny chromis),172,3,167,,InterPro:IPR039457
A0A3Q1LR47,LY6/PLAUR domain containing 6B,Bos taurus (Bovine),183,16,182,,InterPro:IPR039457
A0A3Q1NLR6,Ly6/PLAUR domain-containing protein 6,Bos taurus (Bovine),171,5,170,,InterPro:IPR039457
A0A3Q2DVP2,LY6/PLAUR domain containing 6,Cyprinodon variegatus (Sheepshead minnow),177,4,159,,InterPro:IPR039457
A0A3Q2KSP5,LY6/PLAUR domain containing 6,Equus caballus (Horse),270,102,269,,InterPro:IPR039457
A0A3Q2P255,Ly6/PLAUR domain-containing protein 6,Fundulus heteroclitus (Killifish),157,4,143,,InterPro:IPR039457
A0A3Q2XZN3,LY6/PLAUR domain containing 6,Hippocampus comes (Tiger tail seahorse),155,5,146,,InterPro:IPR039457
A0A3Q3ANY8,LY6/PLAUR domain containing 6,Kryptolebias marmoratus (Mangrove killifish),170,4,160,,InterPro:IPR039457
A0A3Q3AP33,LY6/PLAUR domain containing 6,Kryptolebias marmoratus (Mangrove killifish),171,2,160,,InterPro:IPR039457
A0A3Q3CTX4,LY6/PLAUR domain containing 6,Haplochromis burtoni (Burton's mouthbrooder),175,5,168,,InterPro:IPR039457
A0A3Q3EES9,LY6/PLAUR domain containing 6,Labrus bergylta (ballan wrasse),171,5,158,,InterPro:IPR039457
A0A3Q3J2W4,LY6/PLAUR domain containing 6,Monopterus albus (Swamp eel),170,5,161,,InterPro:IPR039457
A0A3Q3KY63,LY6/PLAUR domain containing 6,Mastacembelus armatus (zig-zag eel),173,4,162,,InterPro:IPR039457
A0A3Q4FXL6,LY6/PLAUR domain containing 6,Neolamprologus brichardi (Fairy cichlid),115,19,113,,InterPro:IPR039457
A0A3Q4FXM6,LY6/PLAUR domain containing 6,Neolamprologus brichardi (Fairy cichlid),119,3,105,,InterPro:IPR039457
A0A3Q7MSH1,Ly6/PLAUR domain-containing protein 6B,Callorhinus ursinus (Northern fur seal),169,4,168,,InterPro:IPR039457
A0A3Q7MU44,Ly6/PLAUR domain-containing protein 6,Callorhinus ursinus (Northern fur seal),171,5,170,,InterPro:IPR039457
A0A3Q7T348,Ly6/PLAUR domain-containing protein 6B isoform X2,Vulpes vulpes (Red fox),150,43,146,,InterPro:IPR039457
A0A3Q7TE15,Ly6/PLAUR domain-containing protein 6,Vulpes vulpes (Red fox),171,5,170,,InterPro:IPR039457
A0A3Q7TR84,Ly6/PLAUR domain-containing protein 6B isoform X1,Vulpes vulpes (Red fox),172,4,167,,InterPro:IPR039457
A0A3S2PSX9,UPAR/Ly6 domain-containing protein,Oryzias javanicus (Javanese ricefish),176,10,167,,InterPro:IPR039457
A0A401NJ47,UPAR/Ly6 domain-containing protein,Scyliorhinus torazame (Cloudy catshark),178,12,174,,InterPro:IPR039457
A0A401NLM6,UPAR/Ly6 domain-containing protein,Scyliorhinus torazame (Cloudy catshark),171,4,169,,InterPro:IPR039457
A0A401S1J6,UPAR/Ly6 domain-containing protein,Chiloscyllium punctatum (Brownbanded bambooshark),177,15,174,,InterPro:IPR039457
A0A401S1Q0,UPAR/Ly6 domain-containing protein,Chiloscyllium punctatum (Brownbanded bambooshark),171,4,169,,InterPro:IPR039457
A0A444UFM0,Ly6/PLAUR domain-containing protein 6,Acipenser ruthenus (Sterlet sturgeon),339,202,337,,InterPro:IPR039457
A0A452EM26,LY6/PLAUR domain containing 6B,Capra hircus (Goat),186,19,185,,InterPro:IPR039457
A0A452EMV7,LY6/PLAUR domain containing 6B,Capra hircus (Goat),203,36,202,,InterPro:IPR039457
A0A452F7U9,LY6/PLAUR domain containing 6,Capra hircus (Goat),171,5,170,,InterPro:IPR039457
A0A452HRL9,Uncharacterized protein,Gopherus agassizii (Agassiz's desert tortoise),169,4,168,,InterPro:IPR039457
A0A452I7V3,Uncharacterized protein,Gopherus agassizii (Agassiz's desert tortoise),143,10,141,,InterPro:IPR039457
A0A452RMW2,LY6/PLAUR domain containing 6B,Ursus americanus (American black bear),177,7,171,,InterPro:IPR039457
A0A452RR03,LY6/PLAUR domain containing 6,Ursus americanus (American black bear),89,1,88,,InterPro:IPR039457
A0A452V5C2,Ly6/PLAUR domain-containing protein 6B,Ursus maritimus (Polar bear),194,24,188,,InterPro:IPR039457
A0A482VGX2,Uncharacterized protein,Asbolus verrucosus (Desert ironclad beetle),175,5,150,,InterPro:IPR039457
A0A482WX63,UPAR/Ly6 domain-containing protein,Laodelphax striatellus (Small brown planthopper),195,50,161,,InterPro:IPR039457
A0A484BY81,UPAR/Ly6 domain-containing protein,Perca flavescens (American yellow perch),172,5,153,,InterPro:IPR039457
A0A484GHL2,LY6/PLAUR domain containing 6,Sousa chinensis (Indo-pacific humpbacked dolphin),131,1,130,,InterPro:IPR039457
A0A484GIA5,LY6/PLAUR domain containing 6B,Sousa chinensis (Indo-pacific humpbacked dolphin),177,11,176,,InterPro:IPR039457
A0A485PA36,Ly6 plaur domain-containing protein,Lynx pardinus (Iberian lynx),171,5,170,,InterPro:IPR039457
A0A485PCI0,Ly6 plaur domain-containing protein,Lynx pardinus (Iberian lynx),174,9,171,,InterPro:IPR039457
A0A498NB35,Kinesin heavy chain-like protein,Labeo rohita (Indian major carp),761,627,757,,InterPro:IPR039457
A0A4D9EHJ4,UPAR/Ly6 domain-containing protein,Platysternon megacephalum (big-headed turtle),169,5,167,,InterPro:IPR039457
A0A4D9EHP9,Chondroitin sulfate N-acetylgalactosaminyltransferase 2,Platysternon megacephalum (big-headed turtle),169,4,168,,InterPro:IPR039457
A0A4U1EG52,UPAR/Ly6 domain-containing protein,Monodon monoceros (Narwhal),169,2,168,,InterPro:IPR039457
A0A4U1EQ14,UPAR/Ly6 domain-containing protein,Monodon monoceros (Narwhal),171,5,170,,InterPro:IPR039457
A0A4U5TXE9,Ly6/PLAUR domain-containing protein 6,Collichthys lucidus (Big head croaker),175,5,168,,InterPro:IPR039457
A0A4V6RGR7,Ly6/PLAUR domain-containing protein 6B,Temnothorax longispinosus,191,52,156,,InterPro:IPR039457
A0A4W2DJ48,LY6/PLAUR domain containing 6B,Bos indicus x Bos taurus (Hybrid cattle),183,16,182,,InterPro:IPR039457
A0A4W2EYW6,LY6/PLAUR domain containing 6,Bos indicus x Bos taurus (Hybrid cattle),171,5,170,,InterPro:IPR039457
A0A4W2EZT7,LY6/PLAUR domain containing 6,Bos indicus x Bos taurus (Hybrid cattle),182,5,157,,InterPro:IPR039457
A0A4W2G9Q7,LY6/PLAUR domain containing 6,Bos indicus x Bos taurus (Hybrid cattle),179,5,161,,InterPro:IPR039457
A0A4W4F8X7,LY6/PLAUR domain containing 6,Electrophorus electricus (Electric eel),168,5,165,,InterPro:IPR039457
A0A4W4HGS1,LY6/PLAUR domain containing 6,Electrophorus electricus (Electric eel),173,5,165,,InterPro:IPR039457
A0A4W4HHT2,LY6/PLAUR domain containing 6B,Electrophorus electricus (Electric eel),176,10,158,,InterPro:IPR039457
A0A4W5KK20,LY6/PLAUR domain containing 6,Hucho hucho (huchen),151,13,140,,InterPro:IPR039457
A0A4W5KWI6,LY6/PLAUR domain containing 6B,Hucho hucho (huchen),183,9,170,,InterPro:IPR039457
A0A4W5KWJ9,LY6/PLAUR domain containing 6,Hucho hucho (huchen),173,5,166,,InterPro:IPR039457
A0A4W5R612,LY6/PLAUR domain containing 6B,Hucho hucho (huchen),176,6,163,,InterPro:IPR039457
A0A4W5R9N8,LY6/PLAUR domain containing 6,Hucho hucho (huchen),184,49,180,,InterPro:IPR039457
A0A4W5RH73,LY6/PLAUR domain containing 6,Hucho hucho (huchen),200,32,196,,InterPro:IPR039457
A0A4W6FBF0,LY6/PLAUR domain containing 6,Lates calcarifer (Barramundi),173,6,164,,InterPro:IPR039457
A0A4W6G5W1,LY6/PLAUR domain containing 6,Lates calcarifer (Barramundi),173,5,168,,InterPro:IPR039457
A0A4X1THY4,LY6/PLAUR domain containing 6B,Sus scrofa (Pig),182,15,181,,InterPro:IPR039457
A0A4X2K3Y5,LY6/PLAUR domain containing 6,Vombatus ursinus (Common wombat),171,5,170,,InterPro:IPR039457
A0A4X2K420,LY6/PLAUR domain containing 6B,Vombatus ursinus (Common wombat),181,20,180,,InterPro:IPR039457
A0A4Z2BPQ2,UPAR/Ly6 domain-containing protein,Takifugu bimaculatus,171,5,167,,InterPro:IPR039457
A0A4Z2EV02,Ly6/PLAUR domain-containing protein 6,Liparis tanakae (Tanaka's snailfish),98,5,74,,InterPro:IPR039457
A0A553N1G7,UPAR/Ly6 domain-containing protein,Danionella translucida,173,5,153,,InterPro:IPR039457
A0A553N1H1,UPAR/Ly6 domain-containing protein,Danionella translucida,168,10,162,,InterPro:IPR039457
A0A556U4H0,Ly6/PLAUR domain-containing protein 6B,Bagarius yarrelli (Goonch),169,7,165,,InterPro:IPR039457
A0A556U4H2,Ly6/PLAUR domain-containing protein 6,Bagarius yarrelli (Goonch),171,5,166,,InterPro:IPR039457
A0A5A9P4X0,Ly6/PLAUR domain-containing protein 6B,Triplophysa tibetana,167,6,164,,InterPro:IPR039457
A0A5A9P558,Ly6/PLAUR domain-containing protein 6,Triplophysa tibetana,177,5,167,,InterPro:IPR039457
A0A5C6NAF2,Ly6/PLAUR domain-containing protein 6,Takifugu flavidus (sansaifugu),171,5,167,,InterPro:IPR039457
A0A5E4A7E5,UPAR/Ly6 domain-containing protein,Marmota monax (Woodchuck),89,1,88,,InterPro:IPR039457
A0A5E4A7T4,Ly6/PLAUR domain-containing protein 6,Marmota monax (Woodchuck),89,5,73,,InterPro:IPR039457
A0A5E4A836,LY6/PLAUR domain containing 6B,Marmota monax (Woodchuck),180,13,179,,InterPro:IPR039457
A0A5E4A8D6,LY6/PLAUR domain containing 6B,Marmota monax (Woodchuck),169,2,168,,InterPro:IPR039457
A0A5E4NAK2,Ly6/PLAUR domain-containing protein 6B,Cinara cedri,180,41,149,,InterPro:IPR039457
A0A5F8G6R2,LY6/PLAUR domain containing 6B,Monodelphis domestica (Gray short-tailed opossum),181,20,180,,InterPro:IPR039457
A0A5F9CAS3,LY6/PLAUR domain containing 6B,Oryctolagus cuniculus (Rabbit),183,16,182,,InterPro:IPR039457
A0A5F9CJY7,LY6/PLAUR domain containing 6B,Oryctolagus cuniculus (Rabbit),183,16,182,,InterPro:IPR039457
A0A5F9CX66,LY6/PLAUR domain containing 6B,Oryctolagus cuniculus (Rabbit),188,21,187,,InterPro:IPR039457
A0A5F9DBJ9,LY6/PLAUR domain containing 6B,Oryctolagus cuniculus (Rabbit),204,37,203,,InterPro:IPR039457
A0A5J5CDJ6,UPAR/Ly6 domain-containing protein,Etheostoma spectabile (orangethroat darter),287,113,263,,InterPro:IPR039457
A0A5J5MIT5,LY6/PLAUR domain containing 6B,Muntiacus reevesi (Reeves' muntjac),180,13,179,,InterPro:IPR039457
A0A5J5MLB7,Ly6/PLAUR domain-containing protein 6,Muntiacus reevesi (Reeves' muntjac),138,38,137,,InterPro:IPR039457
A0A5N3W5S8,Ly6/PLAUR domain-containing protein 6,Muntiacus muntjak (Barking deer),138,38,137,,InterPro:IPR039457
A0A5N3WJA9,LY6/PLAUR domain containing 6B,Muntiacus muntjak (Barking deer),180,13,179,,InterPro:IPR039457
A0A5N4ALB2,UPAR/Ly6 domain-containing protein,Photinus pyralis (Common eastern firefly),238,48,194,,InterPro:IPR039457
A0A5N4E5M6,Ly6/PLAUR domain-containing protein 6,Camelus dromedarius (Dromedary),235,136,234,,InterPro:IPR039457
A0A5N4E5V4,Ly6/PLAUR domain-containing protein 6B,Camelus dromedarius (Dromedary),169,3,168,,InterPro:IPR039457
A0A5N5PAY1,UPAR/Ly6 domain-containing protein,Pangasianodon hypophthalmus (Striped catfish),168,9,162,,InterPro:IPR039457
A0A5N5PD73,UPAR/Ly6 domain-containing protein,Pangasianodon hypophthalmus (Striped catfish),171,5,167,,InterPro:IPR039457
A0A5N5PZZ1,UPAR/Ly6 domain-containing protein,Pangasianodon hypophthalmus (Striped catfish),170,6,164,,InterPro:IPR039457
A0A643BN13,UPAR/Ly6 domain-containing protein,Balaenoptera physalus (Fin whale),209,2,120,,InterPro:IPR039457
A0A643BXD9,UPAR/Ly6 domain-containing protein,Balaenoptera physalus (Fin whale),203,71,202,,InterPro:IPR039457
A0A663E3X9,LY6/PLAUR domain containing 6B,Aquila chrysaetos chrysaetos,171,6,170,,InterPro:IPR039457
A0A663E4F4,LY6/PLAUR domain containing 6,Aquila chrysaetos chrysaetos,183,4,168,,InterPro:IPR039457
A0A663N8U8,LY6/PLAUR domain containing 6B,Athene cunicularia (Burrowing owl),169,5,168,,InterPro:IPR039457
A0A663NCM8,LY6/PLAUR domain containing 6,Athene cunicularia (Burrowing owl),171,5,166,,InterPro:IPR039457
A0A665U3U6,LY6/PLAUR domain containing 6,Echeneis naucrates (Live sharksucker),169,4,162,,InterPro:IPR039457
A0A667H5P9,LY6/PLAUR domain containing 6,Lynx canadensis (Canada lynx),171,5,170,,InterPro:IPR039457
A0A667HXC9,LY6/PLAUR domain containing 6B,Lynx canadensis (Canada lynx),205,40,202,,InterPro:IPR039457
A0A667HXD4,LY6/PLAUR domain containing 6B,Lynx canadensis (Canada lynx),182,17,179,,InterPro:IPR039457
A0A667X2B6,LY6/PLAUR domain containing 6,Myripristis murdjan (pinecone soldierfish),165,5,158,,InterPro:IPR039457
A0A667X6D5,LY6/PLAUR domain containing 6,Myripristis murdjan (pinecone soldierfish),176,5,167,,InterPro:IPR039457
A0A667Y6T6,LY6/PLAUR domain containing 6B,Myripristis murdjan (pinecone soldierfish),172,9,165,,InterPro:IPR039457
A0A667Y9R7,LY6/PLAUR domain containing 6B,Myripristis murdjan (pinecone soldierfish),173,9,164,,InterPro:IPR039457
A0A667YHP2,LY6/PLAUR domain containing 6,Myripristis murdjan (pinecone soldierfish),171,5,166,,InterPro:IPR039457
A0A667YQE8,LY6/PLAUR domain containing 6B,Myripristis murdjan (pinecone soldierfish),178,44,169,,InterPro:IPR039457
A0A668S745,LY6/PLAUR domain containing 6,Oreochromis aureus (Israeli tilapia),177,5,170,,InterPro:IPR039457
A0A669PG50,LY6/PLAUR domain containing 6B,Phasianus colchicus (Common pheasant),169,6,168,,InterPro:IPR039457
A0A669PZ03,LY6/PLAUR domain containing 6,Phasianus colchicus (Common pheasant),169,4,167,,InterPro:IPR039457
A0A670HSW3,LY6/PLAUR domain containing 6B,Podarcis muralis (Wall lizard),169,4,166,,InterPro:IPR039457
A0A670HSW9,LY6/PLAUR domain containing 6,Podarcis muralis (Wall lizard),169,4,167,,InterPro:IPR039457
A0A670Z499,LY6/PLAUR domain containing 6,Pseudonaja textilis (Eastern brown snake),169,5,165,,InterPro:IPR039457
A0A670Z4P2,LY6/PLAUR domain containing 6,Pseudonaja textilis (Eastern brown snake),167,5,165,,InterPro:IPR039457
A0A670Z6V8,LY6/PLAUR domain containing 6B,Pseudonaja textilis (Eastern brown snake),179,17,176,,InterPro:IPR039457
A0A670ZCR2,LY6/PLAUR domain containing 6,Pseudonaja textilis (Eastern brown snake),168,5,165,,InterPro:IPR039457
A0A671E2W5,LY6/PLAUR domain containing 6,Rhinolophus ferrumequinum (Greater horseshoe bat),171,5,170,,InterPro:IPR039457
A0A671E2X5,LY6/PLAUR domain containing 6B,Rhinolophus ferrumequinum (Greater horseshoe bat),183,17,182,,InterPro:IPR039457
A0A671K244,LY6/PLAUR domain containing 6,Sinocyclocheilus anshuiensis,170,12,166,,InterPro:IPR039457
A0A671K3S8,LY6/PLAUR domain containing 6B,Sinocyclocheilus anshuiensis,166,7,163,,InterPro:IPR039457
A0A671PNT4,LY6/PLAUR domain containing 6,Sinocyclocheilus anshuiensis,173,5,169,,InterPro:IPR039457
A0A671PNU3,LY6/PLAUR domain containing 6B,Sinocyclocheilus anshuiensis,166,7,163,,InterPro:IPR039457
A0A671YZ92,LY6/PLAUR domain containing 6,Sparus aurata (Gilthead sea bream),174,5,164,,InterPro:IPR039457
A0A672FYF0,LY6/PLAUR domain containing 6,Salarias fasciatus (Jewelled blenny),167,10,151,,InterPro:IPR039457
A0A672HLC3,LY6/PLAUR domain containing 6,Salarias fasciatus (Jewelled blenny),177,4,171,,InterPro:IPR039457
A0A672PXG5,LY6/PLAUR domain containing 6B,Sinocyclocheilus grahami (Dianchi golden-line fish),166,7,163,,InterPro:IPR039457
A0A672PYY3,LY6/PLAUR domain containing 6,Sinocyclocheilus grahami (Dianchi golden-line fish),173,5,169,,InterPro:IPR039457
A0A672T7H9,LY6/PLAUR domain containing 6B,Sinocyclocheilus grahami (Dianchi golden-line fish),164,6,154,,InterPro:IPR039457
A0A672TAY2,Uncharacterized protein,Sinocyclocheilus grahami (Dianchi golden-line fish),142,59,138,,InterPro:IPR039457
A0A672V040,LY6/PLAUR domain containing 6,Strigops habroptila (Kakapo),182,8,169,,InterPro:IPR039457
A0A672V050,LY6/PLAUR domain containing 6B,Strigops habroptila (Kakapo),169,4,168,,InterPro:IPR039457
A0A672V3I6,LY6/PLAUR domain containing 6,Strigops habroptila (Kakapo),178,4,162,,InterPro:IPR039457
A0A672Y3M0,LY6/PLAUR domain containing 6,Sphaeramia orbicularis (orbiculate cardinalfish),165,6,155,,InterPro:IPR039457
A0A672YBK7,LY6/PLAUR domain containing 6,Sphaeramia orbicularis (orbiculate cardinalfish),170,6,157,,InterPro:IPR039457
A0A673B1B5,LY6/PLAUR domain containing 6,Sphaeramia orbicularis (orbiculate cardinalfish),169,5,164,,InterPro:IPR039457
A0A673B5R9,LY6/PLAUR domain containing 6,Sphaeramia orbicularis (orbiculate cardinalfish),173,5,163,,InterPro:IPR039457
A0A673KIQ4,LY6/PLAUR domain containing 6B,Sinocyclocheilus rhinocerous,166,7,163,,InterPro:IPR039457
A0A673KQ72,LY6/PLAUR domain containing 6,Sinocyclocheilus rhinocerous,173,5,169,,InterPro:IPR039457
A0A673KYQ6,LY6/PLAUR domain containing 6,Sinocyclocheilus rhinocerous,170,12,166,,InterPro:IPR039457
A0A673KYR2,LY6/PLAUR domain containing 6B,Sinocyclocheilus rhinocerous,166,7,162,,InterPro:IPR039457
A0A673SWZ0,LY6/PLAUR domain containing 6B,Suricata suricatta (Meerkat),182,18,179,,InterPro:IPR039457
A0A673T3J9,LY6/PLAUR domain containing 6,Suricata suricatta (Meerkat),171,5,170,,InterPro:IPR039457
A0A673WVP2,LY6/PLAUR domain containing 6,Salmo trutta (Brown trout),173,5,168,,InterPro:IPR039457
A0A673X3L2,LY6/PLAUR domain containing 6B,Salmo trutta (Brown trout),294,123,280,,InterPro:IPR039457
A0A673X3Q0,LY6/PLAUR domain containing 6,Salmo trutta (Brown trout),173,5,169,,InterPro:IPR039457
A0A673X6M6,LY6/PLAUR domain containing 6B,Salmo trutta (Brown trout),183,9,161,,InterPro:IPR039457
A0A673XCL0,LY6/PLAUR domain containing 6B,Salmo trutta (Brown trout),297,126,283,,InterPro:IPR039457
A0A673XCT2,LY6/PLAUR domain containing 6,Salmo trutta (Brown trout),200,32,196,,InterPro:IPR039457
A0A674DTA7,LY6/PLAUR domain containing 6,Salmo trutta (Brown trout),175,6,164,,InterPro:IPR039457
A0A674HD19,LY6/PLAUR domain containing 6B,Taeniopygia guttata (Zebra finch),178,10,170,,InterPro:IPR039457
A0A674JAD0,LY6/PLAUR domain containing 6B,Terrapene triunguis (Three-toed box turtle),185,20,184,,InterPro:IPR039457
A0A674JG44,UPAR/Ly6 domain-containing protein,Terrapene triunguis (Three-toed box turtle),169,5,167,,InterPro:IPR039457
A0A674JHL8,LY6/PLAUR domain containing 6B,Terrapene triunguis (Three-toed box turtle),181,16,180,,InterPro:IPR039457
A0A674P682,LY6/PLAUR domain containing 6,Takifugu rubripes (Japanese pufferfish),171,5,167,,InterPro:IPR039457
A0A6A4JWM0,UPAR/Ly6 domain-containing protein,Apolygus lucorum (Small green plant bug),154,8,128,,InterPro:IPR039457
A0A6A4RMW4,Ly6/PLAUR domain-containing protein 6,Scophthalmus maximus (Turbot),102,2,86,,InterPro:IPR039457
A0A6A4W2P7,Ly6/PLAUR domain-containing protein 6,Amphibalanus amphitrite (Striped barnacle),204,9,108,,InterPro:IPR039457
A0A6A5DTM2,UPAR/Ly6 domain-containing protein,Perca fluviatilis (European perch),172,5,154,,InterPro:IPR039457
A0A6B0RZ01,Ly6/PLAUR domain-containing protein 6B,Bos mutus (wild yak),169,2,168,,InterPro:IPR039457
A0A6B0S4T1,Ly6/PLAUR domain-containing protein 6,Bos mutus (wild yak),126,5,118,,InterPro:IPR039457
A0A6D2VUI5,LYPD6B isoform 3,Pan troglodytes (Chimpanzee),183,16,182,,InterPro:IPR039457
A0A6D2XCH6,LYPD6B isoform 2,Pan troglodytes (Chimpanzee),207,40,206,,InterPro:IPR039457
A0A6D2XER9,LYPD6 isoform 1,Pan troglodytes (Chimpanzee),171,5,170,,InterPro:IPR039457
A0A6D2Y691,LY6/PLAUR domain containing 6,Pongo abelii (Sumatran orangutan),171,5,170,,InterPro:IPR039457
A0A6D2Y970,LYPD6B isoform 11,Pan troglodytes (Chimpanzee),183,16,182,,InterPro:IPR039457
A0A6F9AUI5,UPAR/Ly6 domain-containing protein,Coregonus sp. 'balchen',160,6,151,,InterPro:IPR039457
A0A6F9AXU6,UPAR/Ly6 domain-containing protein,Coregonus sp. 'balchen',187,38,149,,InterPro:IPR039457
A0A6F9AY80,UPAR/Ly6 domain-containing protein,Coregonus sp. 'balchen',183,9,171,,InterPro:IPR039457
A0A6F9CEK1,UPAR/Ly6 domain-containing protein,Coregonus sp. 'balchen',281,134,244,,InterPro:IPR039457
A0A6F9CF11,UPAR/Ly6 domain-containing protein,Coregonus sp. 'balchen',662,9,168,,InterPro:IPR039457
A0A6G0HI44,Ly6/PLAUR domain-containing protein 6,Larimichthys crocea (Large yellow croaker),175,5,167,,InterPro:IPR039457
A0A6G0TSS9,UPAR/Ly6 domain-containing protein,Aphis glycines (Soybean aphid),178,38,150,,InterPro:IPR039457
A0A6G0Z7J6,Ly6/PLAUR domain-containing protein 6B-like,Aphis craccivora (Cowpea aphid),159,11,117,,InterPro:IPR039457
A0A6G1AT44,LPD6B protein,Crocuta crocuta (Spotted hyena),225,63,220,,InterPro:IPR039457
A0A6G1ATG6,LYPD6 protein,Crocuta crocuta (Spotted hyena),171,5,170,,InterPro:IPR039457
A0A6G1QW10,Ly6/PLAUR domain-containing protein 6,Channa argus (northern snakehead),168,5,162,,InterPro:IPR039457
A0A6G1RV77,LY6/PLAUR domain containing 6B,Hypotaenidia okinawae,169,4,168,,InterPro:IPR039457
A0A6I8NHM6,LY6/PLAUR domain containing 6B,Ornithorhynchus anatinus (Duckbill platypus),198,32,193,,InterPro:IPR039457
A0A6I8NPC1,LY6/PLAUR domain containing 6,Ornithorhynchus anatinus (Duckbill platypus),171,5,169,,InterPro:IPR039457
A0A6I8PST8,LY6/PLAUR domain containing 6B,Xenopus tropicalis (Western clawed frog),171,4,167,,InterPro:IPR039457
A0A6I9HW13,Ly6/PLAUR domain-containing protein 6B,Vicugna pacos (Alpaca),169,3,168,,InterPro:IPR039457
A0A6I9L7K2,LY6/PLAUR domain containing 6,Peromyscus maniculatus bairdii (Prairie deer mouse),171,5,170,,InterPro:IPR039457
A0A6I9NFH7,Ly6/PLAUR domain-containing protein 6-like,Notothenia coriiceps (black rockcod),123,5,116,,InterPro:IPR039457
A0A6I9W251,Ly6/PLAUR domain-containing protein 6B-like,Pogonomyrmex barbatus (red harvester ant),190,52,157,,InterPro:IPR039457
A0A6I9XWS0,Ly6/PLAUR domain-containing protein 6B,Thamnophis sirtalis,161,27,158,,InterPro:IPR039457
A0A6I9YE86,Ly6/PLAUR domain-containing protein 6,Thamnophis sirtalis,169,5,165,,InterPro:IPR039457
A0A6I9ZF15,Ly6/PLAUR domain-containing protein 6B isoform X2,Geospiza fortis (Medium ground-finch),175,9,168,,InterPro:IPR039457
A0A6I9ZL49,Ly6/PLAUR domain-containing protein 6 isoform X1,Acinonyx jubatus (Cheetah),171,5,170,,InterPro:IPR039457
A0A6J0AS73,Ly6/PLAUR domain-containing protein 6 isoform X1,Vicugna pacos (Alpaca),171,5,170,,InterPro:IPR039457
A0A6J0C4F1,Ly6/PLAUR domain-containing protein 6B-like,Neodiprion lecontei (Redheaded pine sawfly),190,49,154,,InterPro:IPR039457
A0A6J0D1J4,Ly6/PLAUR domain-containing protein 6B,Peromyscus maniculatus bairdii (Prairie deer mouse),169,2,168,,InterPro:IPR039457
A0A6J0HZA0,Ly6/PLAUR domain-containing protein 6,Lepidothrix coronata (blue-crowned manakin),185,16,162,,InterPro:IPR039457
A0A6J0HZA6,Ly6/PLAUR domain-containing protein 6B isoform X2,Lepidothrix coronata (blue-crowned manakin),169,8,168,,InterPro:IPR039457
A0A6J0I057,Ly6/PLAUR domain-containing protein 6B isoform X1,Lepidothrix coronata (blue-crowned manakin),171,8,170,,InterPro:IPR039457
A0A6J0SY51,Ly6/PLAUR domain-containing protein 6B isoform X2,Pogona vitticeps (central bearded dragon),169,2,166,,InterPro:IPR039457
A0A6J0SY54,Ly6/PLAUR domain-containing protein 6B isoform X3,Pogona vitticeps (central bearded dragon),152,2,114,,InterPro:IPR039457
A0A6J0SYA9,Ly6/PLAUR domain-containing protein 6,Pogona vitticeps (central bearded dragon),169,5,167,,InterPro:IPR039457
A0A6J0T5F0,Ly6/PLAUR domain-containing protein 6B isoform X1,Pogona vitticeps (central bearded dragon),179,2,176,,InterPro:IPR039457
A0A6J0WE24,Ly6/PLAUR domain-containing protein 6,Odocoileus virginianus texanus,171,5,170,,InterPro:IPR039457
A0A6J0XI32,Ly6/PLAUR domain-containing protein 6B,Odocoileus virginianus texanus,169,2,168,,InterPro:IPR039457
A0A6J1Q7V5,Ly6/PLAUR domain-containing protein 6B-like,Temnothorax curvispinosus,191,52,156,,InterPro:IPR039457
A0A6J1SXQ2,Ly6/PLAUR domain-containing protein 6B-like,Frankliniella occidentalis (Western flower thrips),215,83,190,,InterPro:IPR039457
A0A6J1UG13,Ly6/PLAUR domain-containing protein 6B,Notechis scutatus (mainland tiger snake),167,5,164,,InterPro:IPR039457
A0A6J1UXW5,Ly6/PLAUR domain-containing protein 6-like,Notechis scutatus (mainland tiger snake),169,5,165,,InterPro:IPR039457
A0A6J1Z2C2,Ly6/PLAUR domain-containing protein 6B,Acinonyx jubatus (Cheetah),169,4,166,,InterPro:IPR039457
A0A6J1Z4D8,Ly6/PLAUR domain-containing protein 6 isoform X2,Acinonyx jubatus (Cheetah),130,5,117,,InterPro:IPR039457
A0A6J2CHQ2,Ly6/PLAUR domain-containing protein 6 isoform X1,Zalophus californianus (California sealion),171,5,170,,InterPro:IPR039457
A0A6J2CKH3,Ly6/PLAUR domain-containing protein 6 isoform X2,Zalophus californianus (California sealion),130,5,119,,InterPro:IPR039457
A0A6J2CNE1,Ly6/PLAUR domain-containing protein 6B isoform X1,Zalophus californianus (California sealion),169,4,168,,InterPro:IPR039457
A0A6J2CR43,Ly6/PLAUR domain-containing protein 6B isoform X2,Zalophus californianus (California sealion),168,4,116,,InterPro:IPR039457
A0A6J2CT72,Ly6/PLAUR domain-containing protein 6B isoform X3,Zalophus californianus (California sealion),157,4,118,,InterPro:IPR039457
A0A6J2GNC3,Ly6/PLAUR domain-containing protein 6,Pipra filicauda (Wire-tailed manakin),185,16,162,,InterPro:IPR039457
A0A6J2GNN3,Ly6/PLAUR domain-containing protein 6B,Pipra filicauda (Wire-tailed manakin),169,8,168,,InterPro:IPR039457
A0A6J2LGJ1,LY6/PLAUR domain containing 6,Phyllostomus discolor (pale spear-nosed bat),171,5,170,,InterPro:IPR039457
A0A6J2LIC1,LY6/PLAUR domain containing 6B,Phyllostomus discolor (pale spear-nosed bat),169,4,168,,InterPro:IPR039457
A0A6J2QZE0,Ly6/PLAUR domain-containing protein 6,Cottoperca gobio (Frogmouth),171,5,163,,InterPro:IPR039457
A0A6J2V6V5,Ly6/PLAUR domain-containing protein 6-like,Chanos chanos (Milkfish),173,5,168,,InterPro:IPR039457
A0A6J2WD46,Ly6/PLAUR domain-containing protein 6B,Chanos chanos (Milkfish),200,36,196,,InterPro:IPR039457
A0A6J2WFN3,Ly6/PLAUR domain-containing protein 6-like isoform X2,Chanos chanos (Milkfish),166,5,164,,InterPro:IPR039457
A0A6J2WHA4,Ly6/PLAUR domain-containing protein 6-like isoform X1,Chanos chanos (Milkfish),173,5,161,,InterPro:IPR039457
A0A6J2XTR8,Ly6/PLAUR domain-containing protein 6B-like,Sitophilus oryzae (Rice weevil),193,6,148,,InterPro:IPR039457
A0A6J3AIZ9,Ly6/PLAUR domain-containing protein 6 isoform X2,Vicugna pacos (Alpaca),160,5,158,,InterPro:IPR039457
A0A6J3D499,Ly6/PLAUR domain-containing protein 6B,Aythya fuligula (Tufted duck),169,3,168,,InterPro:IPR039457
A0A6J3D9Z4,Ly6/PLAUR domain-containing protein 6,Aythya fuligula (Tufted duck),169,4,165,,InterPro:IPR039457
A0A6J3II86,Ly6/PLAUR domain-containing protein 6,Sapajus apella (Brown-capped capuchin),171,5,170,,InterPro:IPR039457
A0A6J3IJG0,Ly6/PLAUR domain-containing protein 6B,Sapajus apella (Brown-capped capuchin),169,2,168,,InterPro:IPR039457
A0A6J3LKQ7,Ly6/PLAUR domain-containing protein 6B-like,Bombus vosnesenskii,187,49,155,,InterPro:IPR039457
A0A6J3LL29,Uncharacterized protein LOC117243051 isoform X1,Bombus vosnesenskii,189,49,120,,InterPro:IPR039457
A0A6J3RMS3,Ly6/PLAUR domain-containing protein 6B,Tursiops truncatus (Atlantic bottle-nosed dolphin),129,3,120,,InterPro:IPR039457
A0A6P3DQY3,Ly6/PLAUR domain-containing protein 6B,Bombus impatiens (Bumblebee),187,49,155,,InterPro:IPR039457
A0A6P3H463,Ly6/PLAUR domain-containing protein 6B,Bison bison bison (North American plains bison),169,2,168,,InterPro:IPR039457
A0A6P3HGI9,Ly6/PLAUR domain-containing protein 6,Bison bison bison (North American plains bison),171,5,170,,InterPro:IPR039457
A0A6P3Q209,Ly6/PLAUR domain-containing protein 6B,Pteropus vampyrus (Large flying fox),180,14,179,,InterPro:IPR039457
A0A6P3Q4E7,Ly6/PLAUR domain-containing protein 6 isoform X2,Pteropus vampyrus (Large flying fox),138,38,137,,InterPro:IPR039457
A0A6P3VL71,Ly6/PLAUR domain-containing protein 6,Clupea harengus (Atlantic herring),175,5,169,,InterPro:IPR039457
A0A6P3VL76,Ly6/PLAUR domain-containing protein 6B,Clupea harengus (Atlantic herring),169,5,153,,InterPro:IPR039457
A0A6P3XHV1,Ly6/PLAUR domain-containing protein 6B-like,Dinoponera quadriceps (South American ant),190,52,158,,InterPro:IPR039457
A0A6P4ZXP9,Ly6/PLAUR domain-containing protein 6-like,Branchiostoma belcheri (Amphioxus),193,32,185,,InterPro:IPR039457
A0A6P4ZXQ5,Ly6/PLAUR domain-containing protein 6-like,Branchiostoma belcheri (Amphioxus),174,14,167,,InterPro:IPR039457
A0A6P5AVG0,Ly6/PLAUR domain-containing protein 6B-like,Branchiostoma belcheri (Amphioxus),171,6,170,,InterPro:IPR039457
A0A6P5CR29,Ly6/PLAUR domain-containing protein 6B,Bos indicus (Zebu),169,2,168,,InterPro:IPR039457
A0A6P5DP05,Ly6/PLAUR domain-containing protein 6,Bos indicus (Zebu),145,47,144,,InterPro:IPR039457
A0A6P5K4Z0,Ly6/PLAUR domain-containing protein 6,Phascolarctos cinereus (Koala),171,5,170,,InterPro:IPR039457
A0A6P5K573,Ly6/PLAUR domain-containing protein 6B isoform X1,Phascolarctos cinereus (Koala),194,8,115,,InterPro:IPR039457
A0A6P5K578,Ly6/PLAUR domain-containing protein 6B isoform X2,Phascolarctos cinereus (Koala),169,8,168,,InterPro:IPR039457
A0A6P6CG40,Ly6/PLAUR domain-containing protein 6 isoform X1,Pteropus vampyrus (Large flying fox),171,5,170,,InterPro:IPR039457
A0A6P6EYG2,Ly6/PLAUR domain-containing protein 6B,Octodon degus (Degu),170,3,169,,InterPro:IPR039457
A0A6P6EYH6,Ly6/PLAUR domain-containing protein 6,Octodon degus (Degu),171,5,170,,InterPro:IPR039457
A0A6P6GW19,Ly6/PLAUR domain-containing protein 6B,Puma concolor (Mountain lion),169,4,166,,InterPro:IPR039457
A0A6P6GXB3,Ly6/PLAUR domain-containing protein 6,Puma concolor (Mountain lion),171,5,170,,InterPro:IPR039457
A0A6P6KNZ9,Ly6/PLAUR domain-containing protein 6B-like isoform X2,Carassius auratus (Goldfish),166,6,163,,InterPro:IPR039457
A0A6P6KP21,Ly6/PLAUR domain-containing protein 6B-like isoform X1,Carassius auratus (Goldfish),172,6,169,,InterPro:IPR039457
A0A6P6KRE1,Ly6/PLAUR domain-containing protein 6-like,Carassius auratus (Goldfish),170,12,166,,InterPro:IPR039457
A0A6P6PZV6,Ly6/PLAUR domain-containing protein 6,Carassius auratus (Goldfish),170,12,166,,InterPro:IPR039457
A0A6P6Q3D5,Ly6/PLAUR domain-containing protein 6B-like isoform X1,Carassius auratus (Goldfish),178,17,175,,InterPro:IPR039457
A0A6P6Q6D1,Ly6/PLAUR domain-containing protein 6B-like,Carassius auratus (Goldfish),166,7,163,,InterPro:IPR039457
A0A6P7DRM6,Uncharacterized protein,Ovis aries (Sheep),171,5,170,,InterPro:IPR039457
A0A6P7F7Y2,Ly6/PLAUR domain-containing protein 6B-like,Diabrotica virgifera virgifera (western corn rootworm),189,5,147,,InterPro:IPR039457
A0A6P7JJ05,Ly6/PLAUR domain-containing protein 6,Parambassis ranga (Indian glassy fish),174,5,169,,InterPro:IPR039457
A0A6P7LVZ6,Ly6/PLAUR domain-containing protein 6,Betta splendens (Siamese fighting fish),179,4,161,,InterPro:IPR039457
A0A6P7PY95,Ly6/PLAUR domain-containing protein 6,Mus caroli (Ryukyu mouse),171,5,170,,InterPro:IPR039457
A0A6P7QPE5,Ly6/PLAUR domain-containing protein 6B,Mus caroli (Ryukyu mouse),172,2,168,,InterPro:IPR039457
A0A6P7WNC8,LOW QUALITY PROTEIN: ly6/PLAUR domain-containing protein 6B-like,Microcaecilia unicolor,170,4,165,,InterPro:IPR039457
A0A6P7YNW5,Ly6/PLAUR domain-containing protein 6B,Microcaecilia unicolor,189,23,184,,InterPro:IPR039457
A0A6P7YSA7,Ly6/PLAUR domain-containing protein 6 isoform X2,Microcaecilia unicolor,138,38,136,,InterPro:IPR039457
A0A6P7YSF5,Ly6/PLAUR domain-containing protein 6 isoform X1,Microcaecilia unicolor,171,5,169,,InterPro:IPR039457
A0A6P8EQ94,Ly6/PLAUR domain-containing protein 6-like,Clupea harengus (Atlantic herring),136,5,117,,InterPro:IPR039457
A0A6P8EU79,Ly6/PLAUR domain-containing protein 6-like,Clupea harengus (Atlantic herring),268,102,265,,InterPro:IPR039457
A0A6P8LKZ0,Uncharacterized protein LOC117205040 isoform X1,Bombus bifarius,189,49,120,,InterPro:IPR039457
A0A6P8LUB4,Ly6/PLAUR domain-containing protein 6B-like,Bombus bifarius,187,49,155,,InterPro:IPR039457
A0A6P8LUU3,UPAR/Ly6 domain-containing protein,Bombus impatiens (Bumblebee),189,49,120,,InterPro:IPR039457
A0A6P8R4H9,UPAR/Ly6 domain-containing protein,Geotrypetes seraphini (Gaboon caecilian),170,5,165,,InterPro:IPR039457
A0A6P8RFB5,Ly6/PLAUR domain-containing protein 6 isoform X2,Geotrypetes seraphini (Gaboon caecilian),138,38,135,,InterPro:IPR039457
A0A6P8RI40,Ly6/PLAUR domain-containing protein 6 isoform X1,Geotrypetes seraphini (Gaboon caecilian),171,5,168,,InterPro:IPR039457
A0A6P8X8V5,Ly6/PLAUR domain-containing protein 6-like,Gymnodraco acuticeps (Antarctic dragonfish),171,5,162,,InterPro:IPR039457
A0A6P8YU07,Ly6/PLAUR domain-containing protein 6B-like,Thrips palmi (Melon thrips),183,94,172,,InterPro:IPR039457
A0A6P9CLM2,Ly6/PLAUR domain-containing protein 6B,Pantherophis guttatus (Corn snake),169,3,166,,InterPro:IPR039457
A0A6P9CLQ1,Ly6/PLAUR domain-containing protein 6,Pantherophis guttatus (Corn snake),169,5,165,,InterPro:IPR039457
A0A6P9FLT0,Ly6/PLAUR domain-containing protein 6B-like,Zalophus californianus (California sealion),169,4,168,,InterPro:IPR039457
A0A6Q2WT03,LY6/PLAUR domain containing 6,Esox lucius (Northern pike),175,5,165,,InterPro:IPR039457
A0A6V7H7U0,Snake toxin/toxin-like domain-containing protein,Heterotrigona itama,110,44,78,,InterPro:IPR039457
A0A7F8QXQ7,Ly6/PLAUR domain-containing protein 6B isoform X1,Leptonychotes weddellii (Weddell seal),177,4,171,,InterPro:IPR039457
A0A7F8QXT4,Ly6/PLAUR domain-containing protein 6B isoform X2,Leptonychotes weddellii (Weddell seal),174,4,168,,InterPro:IPR039457
A0A7J5Z7H3,Ly6/PLAUR domain-containing protein 6,Dissostichus mawsoni (Antarctic cod),144,5,96,,InterPro:IPR039457
A0A7J6ABJ2,Ly6/PLAUR domain-containing protein 6,Ameiurus melas (Black bullhead),171,5,164,,InterPro:IPR039457
A0A7J6AXA5,Ly6/PLAUR domain-containing protein 6,Ameiurus melas (Black bullhead),255,89,250,,InterPro:IPR039457
A0A7J6AYU8,Ly6/PLAUR domain-containing protein 6B,Ameiurus melas (Black bullhead),169,9,162,,InterPro:IPR039457
A0A7J6CPB8,Ly6/PLAUR domain-containing protein 6,Onychostoma macrolepis,196,38,192,,InterPro:IPR039457
A0A7J7E4X7,Ly6/PLAUR domain-containing protein 6B,Diceros bicornis minor (South-central black rhinoceros),169,3,168,,InterPro:IPR039457
A0A7J7E5D7,Ly6/PLAUR domain-containing protein 6,Diceros bicornis minor (South-central black rhinoceros),171,5,170,,InterPro:IPR039457
A0A7J7KSY4,LYPD6,Bugula neritina (Brown bryozoan),170,41,163,,InterPro:IPR039457
A0A7J7WHX0,LY6/PLAUR domain containing 6,Myotis myotis (Greater mouse-eared bat),146,5,74,,InterPro:IPR039457
A0A7J7WHY3,LY6/PLAUR domain containing 6B,Myotis myotis (Greater mouse-eared bat),185,18,184,,InterPro:IPR039457
A0A7J7WI70,LY6/PLAUR domain containing 6,Myotis myotis (Greater mouse-eared bat),171,5,170,,InterPro:IPR039457
A0A7J7XVA6,LY6/PLAUR domain containing 6,Pipistrellus kuhlii (Kuhl's pipistrelle),171,5,170,,InterPro:IPR039457
A0A7J7XW70,LY6/PLAUR domain containing 6B,Pipistrellus kuhlii (Kuhl's pipistrelle),169,2,167,,InterPro:IPR039457
A0A7J7YIU3,LY6/PLAUR domain containing 6B,Rhinolophus ferrumequinum (Greater horseshoe bat),183,17,182,,InterPro:IPR039457
A0A7J7YIX2,LY6/PLAUR domain containing 6B,Rhinolophus ferrumequinum (Greater horseshoe bat),180,14,179,,InterPro:IPR039457
A0A7J8FSA9,LY6/PLAUR domain containing 6,Molossus molossus (Pallas' mastiff bat),171,5,170,,InterPro:IPR039457
A0A7J8FSJ8,LY6/PLAUR domain containing 6B,Molossus molossus (Pallas' mastiff bat),175,9,174,,InterPro:IPR039457
A0A7J8FSZ5,LY6/PLAUR domain containing 6B,Molossus molossus (Pallas' mastiff bat),169,3,168,,InterPro:IPR039457
A0A7J8JIG2,LY6/PLAUR domain containing 6,Rousettus aegyptiacus (Egyptian fruit bat),171,5,170,,InterPro:IPR039457
A0A7J8JIW0,LY6/PLAUR domain containing 6B,Rousettus aegyptiacus (Egyptian fruit bat),180,14,179,,InterPro:IPR039457
A0A7K4IXX6,LPD6B protein,Geococcyx californianus (Greater roadrunner),156,2,155,,InterPro:IPR039457
A0A7K4JE74,LYPD6 protein,Geococcyx californianus (Greater roadrunner),129,1,127,,InterPro:IPR039457
A0A7K4JWP3,LPD6B protein,Crypturellus soui,156,2,154,,InterPro:IPR039457
A0A7K4JXQ6,LYPD6 protein,Crypturellus soui,137,4,136,,InterPro:IPR039457
A0A7K4LA40,LYPD6 protein,Crypturellus undulatus,137,4,136,,InterPro:IPR039457
A0A7K4LA42,LPD6B protein,Crypturellus undulatus,156,2,154,,InterPro:IPR039457
A0A7K4PGB0,LPD6B protein,Melospiza melodia (Song sparrow),156,2,152,,InterPro:IPR039457
A0A7K4PIV0,LYPD6 protein,Melospiza melodia (Song sparrow),145,1,139,,InterPro:IPR039457
A0A7K4QWZ6,LPD6B protein,Neopipo cinnamomea,156,5,155,,InterPro:IPR039457
A0A7K4QXI9,LYPD6 protein,Neopipo cinnamomea,153,8,151,,InterPro:IPR039457
A0A7K4RJT2,LPD6B protein,Columbina picui (Picui ground-dove),156,2,155,,InterPro:IPR039457
A0A7K4RKH7,LYPD6 protein,Columbina picui (Picui ground-dove),112,5,111,,InterPro:IPR039457
A0A7K4SSB6,LYPD6 protein,Burhinus bistriatus,137,1,136,,InterPro:IPR039457
A0A7K4SUG5,LPD6B protein,Burhinus bistriatus,156,2,155,,InterPro:IPR039457
A0A7K4TWI9,LYPD6 protein,Sinosuthora webbiana,157,2,141,,InterPro:IPR039457
A0A7K4VQB8,LPD6B protein,Emberiza fucata,156,2,151,,InterPro:IPR039457
A0A7K4VYE2,LYPD6 protein,Tachuris rubrigastra,135,8,134,,InterPro:IPR039457
A0A7K4VYE5,LPD6B protein,Tachuris rubrigastra,156,2,155,,InterPro:IPR039457
A0A7K4X8X1,LPD6B protein,Regulus satrapa (Golden-crowned kinglet),157,2,154,,InterPro:IPR039457
A0A7K4X9T4,LYPD6 protein,Regulus satrapa (Golden-crowned kinglet),152,1,139,,InterPro:IPR039457
A0A7K4Z9M4,LPD6B protein,Bucorvus abyssinicus (Northern ground-hornbill),156,2,155,,InterPro:IPR039457
A0A7K4Z9Q4,LYPD6 protein,Bucorvus abyssinicus (Northern ground-hornbill),137,1,136,,InterPro:IPR039457
A0A7K5A3W8,LYPD6 protein,Centropus unirufus,106,1,105,,InterPro:IPR039457
A0A7K5A451,LPD6B protein,Centropus unirufus,156,2,155,,InterPro:IPR039457
A0A7K5BFS9,LPD6B protein,Furnarius figulus,154,2,153,,InterPro:IPR039457
A0A7K5BHJ5,LYPD6 protein,Furnarius figulus,139,2,136,,InterPro:IPR039457
A0A7K5BL58,LYPD6 protein,Motacilla alba (White wagtail),158,1,140,,InterPro:IPR039457
A0A7K5C971,LPD6B protein,Motacilla alba (White wagtail),106,7,105,,InterPro:IPR039457
A0A7K5CVN1,LPD6B protein,Pachyramphus minor,157,5,156,,InterPro:IPR039457
A0A7K5DGK9,LYPD6 protein,Pachyramphus minor,135,8,134,,InterPro:IPR039457
A0A7K5EPM7,LPD6B protein,Polioptila caerulea (Blue-grey gnatcatcher),154,3,151,,InterPro:IPR039457
A0A7K5F4Y2,LYPD6 protein,Probosciger aterrimus (Palm cockatoo),137,1,136,,InterPro:IPR039457
A0A7K5F599,LPD6B protein,Probosciger aterrimus (Palm cockatoo),154,2,153,,InterPro:IPR039457
A0A7K5GN83,LYPD6 protein,Chunga burmeisteri (Black-legged seriema),137,1,136,,InterPro:IPR039457
A0A7K5GNS7,LPD6B protein,Chunga burmeisteri (Black-legged seriema),156,2,155,,InterPro:IPR039457
A0A7K5HSB7,LYPD6 protein,Crotophaga sulcirostris (Groove-billed ani),137,1,136,,InterPro:IPR039457
A0A7K5HSE1,LPD6B protein,Crotophaga sulcirostris (Groove-billed ani),156,2,155,,InterPro:IPR039457
A0A7K5J8V1,LPD6B protein,Toxostoma redivivum (California thrasher),154,3,152,,InterPro:IPR039457
A0A7K5KBJ3,LPD6B protein,Mionectes macconnelli (McConnell's flycatcher),156,2,155,,InterPro:IPR039457
A0A7K5KBT7,LYPD6 protein,Mionectes macconnelli (McConnell's flycatcher),135,7,134,,InterPro:IPR039457
A0A7K5L2X3,LPD6B protein,Vireo altiloquus (Black-whiskered vireo),156,2,154,,InterPro:IPR039457
A0A7K5MF84,LPD6B protein,Cardinalis cardinalis (Northern cardinal),154,2,150,,InterPro:IPR039457
A0A7K5NCY7,LPD6B protein,Chroicocephalus maculipennis (Brown-hooded gull),156,2,155,,InterPro:IPR039457
A0A7K5NDA8,LYPD6 protein,Chroicocephalus maculipennis (Brown-hooded gull),137,2,136,,InterPro:IPR039457
A0A7K5PH88,LPD6B protein,Erythrocercus mccallii,96,3,96,,InterPro:IPR039457
A0A7K5R9B1,LPD6B protein,Prunella himalayana,156,2,154,,InterPro:IPR039457
A0A7K5RI20,LPD6B protein,Lanius ludovicianus (Loggerhead shrike),156,2,155,,InterPro:IPR039457
A0A7K5TEU2,LPD6B protein,Urocynchramus pylzowi,105,2,104,,InterPro:IPR039457
A0A7K5TYZ8,LPD6B protein,Cephalopterus ornatus (Amazonian umbrellabird),154,2,153,,InterPro:IPR039457
A0A7K5TZ17,LYPD6 protein,Cephalopterus ornatus (Amazonian umbrellabird),135,8,134,,InterPro:IPR039457
A0A7K5UQ92,LPD6B protein,Platysteira castanea,156,3,154,,InterPro:IPR039457
A0A7K5VUJ7,LYPD6 protein,Platysteira castanea,158,1,140,,InterPro:IPR039457
A0A7K5X3M2,LYPD6 protein,Dromas ardeola,137,2,136,,InterPro:IPR039457
A0A7K5X6K2,LPD6B protein,Dromas ardeola,156,2,155,,InterPro:IPR039457
A0A7K5YRB7,LPD6B protein,Pterocles burchelli,156,2,155,,InterPro:IPR039457
A0A7K5YRM7,LYPD6 protein,Pterocles burchelli,137,2,136,,InterPro:IPR039457
A0A7K6A6D0,LPD6B protein,Onychorhynchus coronatus (Royal flycatcher),156,2,155,,InterPro:IPR039457
A0A7K6A6P3,LYPD6 protein,Onychorhynchus coronatus (Royal flycatcher),135,8,134,,InterPro:IPR039457
A0A7K6AK64,LPD6B protein,Upupa epops (Eurasian hoopoe),156,2,154,,InterPro:IPR039457
A0A7K6B2C2,LYPD6 protein,Upupa epops (Eurasian hoopoe),126,2,125,,InterPro:IPR039457
A0A7K6BIL8,LYPD6 protein,Ptilonorhynchus violaceus (Satin bowerbird),107,2,106,,InterPro:IPR039457
A0A7K6BJP4,LPD6B protein,Ptilonorhynchus violaceus (Satin bowerbird),130,2,130,,InterPro:IPR039457
A0A7K6D9B3,LYPD6 protein,Origma solitaria,158,1,147,,InterPro:IPR039457
A0A7K6DB95,LPD6B protein,Origma solitaria,156,2,154,,InterPro:IPR039457
A0A7K6EXR5,LPD6B protein,Grantiella picta,93,1,91,,InterPro:IPR039457
A0A7K6EY16,LYPD6 protein,Grantiella picta,158,1,153,,InterPro:IPR039457
A0A7K6G371,LPD6B protein,Daphoenositta chrysoptera (varied sittella),156,2,155,,InterPro:IPR039457
A0A7K6G3K4,LYPD6 protein,Daphoenositta chrysoptera (varied sittella),153,1,140,,InterPro:IPR039457
A0A7K6GN16,LPD6B protein,Malurus elegans (Red-winged fairywren),156,4,154,,InterPro:IPR039457
A0A7K6H842,LYPD6 protein,Malurus elegans (Red-winged fairywren),158,2,141,,InterPro:IPR039457
A0A7K6ID66,LYPD6 protein,Dasyornis broadbenti (rufous bristle-bird),143,1,136,,InterPro:IPR039457
A0A7K6IE40,LPD6B protein,Dasyornis broadbenti (rufous bristle-bird),156,2,154,,InterPro:IPR039457
A0A7K6IWT9,LPD6B protein,Machaerirhynchus nigripectus,156,2,154,,InterPro:IPR039457
A0A7K6IXT1,LYPD6 protein,Machaerirhynchus nigripectus,153,1,140,,InterPro:IPR039457
A0A7K6K4A2,LYPD6 protein,Oreocharis arfaki (tit berrypecker),108,1,107,,InterPro:IPR039457
A0A7K6K5L6,LPD6B protein,Oreocharis arfaki (tit berrypecker),156,2,154,,InterPro:IPR039457
A0A7K6KVJ6,LPD6B protein,Falcunculus frontatus (Eastern shriketit),156,2,154,,InterPro:IPR039457
A0A7K6LMU9,LYPD6 protein,Falcunculus frontatus (Eastern shriketit),108,1,107,,InterPro:IPR039457
A0A7K6MZ16,LPD6B protein,Panurus biarmicus (Bearded tit),153,2,150,,InterPro:IPR039457
A0A7K6NQ37,LYPD6 protein,Pedionomus torquatus (Plains-wanderer),137,1,136,,InterPro:IPR039457
A0A7K6NR96,LPD6B protein,Pedionomus torquatus (Plains-wanderer),156,2,155,,InterPro:IPR039457
A0A7K6Q234,LPD6B protein,Ifrita kowaldi (blue-capped ifrita),156,3,154,,InterPro:IPR039457
A0A7K6QQM4,LPD6B protein,Climacteris rufus (rufous treecreeper),156,2,150,,InterPro:IPR039457
A0A7K6QQZ1,LYPD6 protein,Climacteris rufus (rufous treecreeper),108,1,107,,InterPro:IPR039457
A0A7K6S434,LPD6B protein,Rhynochetos jubatus (kagu),156,2,155,,InterPro:IPR039457
A0A7K6S674,LYPD6 protein,Rhynochetos jubatus (kagu),137,1,136,,InterPro:IPR039457
A0A7K6SM52,LPD6B protein,Caloenas nicobarica (Nicobar pigeon),156,2,155,,InterPro:IPR039457
A0A7K6SM56,LYPD6 protein,Caloenas nicobarica (Nicobar pigeon),137,2,136,,InterPro:IPR039457
A0A7K6TQC3,LPD6B protein,Aegotheles bennettii,156,2,155,,InterPro:IPR039457
A0A7K6UL34,LYPD6 protein,Aegotheles bennettii,137,1,136,,InterPro:IPR039457
A0A7K6UQM4,LPD6B protein,Notiomystis cincta,156,3,155,,InterPro:IPR039457
A0A7K6V8K4,LYPD6 protein,Notiomystis cincta,82,1,80,,InterPro:IPR039457
A0A7K6WGL9,LYPD6 protein,Steatornis caripensis (Oilbird),137,1,136,,InterPro:IPR039457
A0A7K6WHB5,LPD6B protein,Steatornis caripensis (Oilbird),156,2,155,,InterPro:IPR039457
A0A7K6XBU0,LPD6B protein,Promerops cafer (Cape sugarbird),156,3,154,,InterPro:IPR039457
A0A7K6Z8N9,LYPD6 protein,Alca torda (Razorbill),137,1,136,,InterPro:IPR039457
A0A7K6Z8P8,LPD6B protein,Alca torda (Razorbill),156,2,155,,InterPro:IPR039457
A0A7K6ZYW5,LYPD6 protein,Nothoprocta pentlandii,136,1,136,,InterPro:IPR039457
A0A7K6ZYW6,LPD6B protein,Nothoprocta pentlandii,155,5,152,,InterPro:IPR039457
A0A7K7ARF7,LYPD6 protein,Nothoprocta ornata,136,1,136,,InterPro:IPR039457
A0A7K7AS55,LPD6B protein,Nothoprocta ornata,155,5,152,,InterPro:IPR039457
A0A7K7C2Z3,LYPD6 protein,Aphelocoma coerulescens (Florida scrub-jay),158,1,140,,InterPro:IPR039457
A0A7K7C362,LPD6B protein,Aphelocoma coerulescens (Florida scrub-jay),156,2,155,,InterPro:IPR039457
A0A7K7DI71,LPD6B protein,Pheucticus melanocephalus (Black-headed grosbeak),125,2,61,,InterPro:IPR039457
A0A7K7DRC9,LYPD6 protein,Pheucticus melanocephalus (Black-headed grosbeak),108,2,107,,InterPro:IPR039457
A0A7K7ES82,LPD6B protein,Sylvia atricapilla (blackcap),105,3,105,,InterPro:IPR039457
A0A7K7EUK7,LYPD6 protein,Sylvia atricapilla (blackcap),108,1,107,,InterPro:IPR039457
A0A7K7FJP4,LYPD6 protein,Chionis minor (Black-faced sheathbill),137,1,136,,InterPro:IPR039457
A0A7K7FK67,LPD6B protein,Chionis minor (Black-faced sheathbill),156,2,155,,InterPro:IPR039457
A0A7K7GBF3,LYPD6 protein,Erithacus rubecula (European robin),110,1,108,,InterPro:IPR039457
A0A7K7GC24,LPD6B protein,Erithacus rubecula (European robin),156,2,152,,InterPro:IPR039457
A0A7K7J2I3,LYPD6 protein,Loxia curvirostra (Red crossbill),158,1,139,,InterPro:IPR039457
A0A7K7J3E6,LPD6B protein,Loxia curvirostra (Red crossbill),156,2,149,,InterPro:IPR039457
A0A7K7K985,LYPD6 protein,Agelaius phoeniceus (Red-winged blackbird),158,2,140,,InterPro:IPR039457
A0A7K7KH88,LPD6B protein,Agelaius phoeniceus (Red-winged blackbird),156,2,155,,InterPro:IPR039457
A0A7K7L3W5,LPD6B protein,Asarcornis scutulata,156,2,155,,InterPro:IPR039457
A0A7K7L4H0,LYPD6 protein,Asarcornis scutulata,142,1,141,,InterPro:IPR039457
A0A7K7MGB1,LYPD6 protein,Brachypodius melanocephalos (black-headed bulbul),128,1,111,,InterPro:IPR039457
A0A7K7MHG7,LPD6B protein,Brachypodius melanocephalos (black-headed bulbul),156,3,154,,InterPro:IPR039457
A0A7K7N4J9,LYPD6 protein,Haliaeetus albicilla (White-tailed sea-eagle),137,1,136,,InterPro:IPR039457
A0A7K7QC16,LYPD6 protein,Poecile atricapillus (Black-capped chickadee),108,1,107,,InterPro:IPR039457
A0A7K7QCD1,LPD6B protein,Poecile atricapillus (Black-capped chickadee),156,2,154,,InterPro:IPR039457
A0A7K7S499,LYPD6 protein,Nesospiza acunhae,108,2,107,,InterPro:IPR039457
A0A7K7S7J3,LPD6B protein,Nesospiza acunhae,156,2,152,,InterPro:IPR039457
A0A7K7T7C6,LPD6B protein,Sapayoa aenigma (broad-billed sapayoa),156,2,154,,InterPro:IPR039457
A0A7K7TA01,LYPD6 protein,Sapayoa aenigma (broad-billed sapayoa),156,9,154,,InterPro:IPR039457
A0A7K7UHQ0,LPD6B protein,Ibidorhyncha struthersii,156,2,155,,InterPro:IPR039457
A0A7K7UJX3,LYPD6 protein,Ibidorhyncha struthersii,137,1,136,,InterPro:IPR039457
A0A7K7V448,LPD6B protein,Eudromia elegans (Elegant crested-tinamou),156,1,153,,InterPro:IPR039457
A0A7K7V463,LYPD6 protein,Eudromia elegans (Elegant crested-tinamou),137,2,136,,InterPro:IPR039457
A0A7K7WJ84,LPD6B protein,Nothocercus julius,156,2,154,,InterPro:IPR039457
A0A7K7WJD1,LYPD6 protein,Nothocercus julius,108,1,107,,InterPro:IPR039457
A0A7K7XAW1,LPD6B protein,Mohoua ochrocephala,156,2,154,,InterPro:IPR039457
A0A7K7ZDA4,LPD6B protein,Melanocharis versteri (Fan-tailed berrypecker),156,2,155,,InterPro:IPR039457
A0A7K7ZTX2,LYPD6 protein,Melanocharis versteri (Fan-tailed berrypecker),79,1,78,,InterPro:IPR039457
A0A7K8A9U6,LYPD6 protein,Cnemophilus loriae (Loria's bird-of-paradise),81,1,79,,InterPro:IPR039457
A0A7K8BC74,LPD6B protein,Cnemophilus loriae (Loria's bird-of-paradise),155,2,143,,InterPro:IPR039457
A0A7K8BZB8,LPD6B protein,Rhagologus leucostigma,156,2,154,,InterPro:IPR039457
A0A7K8BZR9,LYPD6 protein,Rhagologus leucostigma,153,1,140,,InterPro:IPR039457
A0A7K8CT15,LPD6B protein,Eulacestoma nigropectus (wattled ploughbill),156,2,154,,InterPro:IPR039457
A0A7K8DD88,LYPD6 protein,Eulacestoma nigropectus (wattled ploughbill),93,1,80,,InterPro:IPR039457
A0A7K8EM42,LPD6B protein,Leucopsar rothschildi (Bali myna),154,2,150,,InterPro:IPR039457
A0A7K8EM52,LYPD6 protein,Leucopsar rothschildi (Bali myna),107,2,106,,InterPro:IPR039457
A0A7K8FY94,LYPD6 protein,Struthidea cinerea,108,1,107,,InterPro:IPR039457
A0A7K8FYQ3,LPD6B protein,Struthidea cinerea,156,2,154,,InterPro:IPR039457
A0A7K8G840,LYPD6 protein,Orthonyx spaldingii (Chowchilla),158,1,139,,InterPro:IPR039457
A0A7K8G9G8,LPD6B protein,Orthonyx spaldingii (Chowchilla),156,2,147,,InterPro:IPR039457
A0A7K8HMM9,LPD6B protein,Aleadryas rufinucha (rufous-naped whistler),156,2,154,,InterPro:IPR039457
A0A7K8JC79,LPD6B protein,Chaetorhynchus papuensis (pygmy drongo),156,2,155,,InterPro:IPR039457
A0A7K8JCB7,LYPD6 protein,Chaetorhynchus papuensis (pygmy drongo),79,1,78,,InterPro:IPR039457
A0A7K8K2H9,LPD6B protein,Lophotis ruficrista,156,2,155,,InterPro:IPR039457
A0A7K8K2I9,LYPD6 protein,Lophotis ruficrista,137,1,136,,InterPro:IPR039457
A0A7K8L102,LPD6B protein,Ardeotis kori,156,2,155,,InterPro:IPR039457
A0A7K8L1T2,LYPD6 protein,Ardeotis kori,137,1,136,,InterPro:IPR039457
A0A7K8MQU9,LYPD6 protein,Ptilorrhoa leucosticta,158,1,140,,InterPro:IPR039457
A0A7K8MS04,LPD6B protein,Ptilorrhoa leucosticta,156,2,154,,InterPro:IPR039457
A0A7K8MVV0,LYPD6 protein,Casuarius casuarius (Southern cassowary),137,1,136,,InterPro:IPR039457
A0A7K8MVX2,LPD6B protein,Casuarius casuarius (Southern cassowary),156,2,155,,InterPro:IPR039457
A0A7K8PBF7,LYPD6 protein,Cochlearius cochlearius (Boat-billed heron),158,1,156,,InterPro:IPR039457
A0A7K8PBX7,LPD6B protein,Cochlearius cochlearius (Boat-billed heron),156,2,155,,InterPro:IPR039457
A0A7K8QPM4,LYPD6 protein,Smithornis capensis,135,9,134,,InterPro:IPR039457
A0A7K8QRG0,LPD6B protein,Smithornis capensis,156,2,154,,InterPro:IPR039457
A0A7K8SAI2,LPD6B protein,Rhodinocichla rosea,156,2,143,,InterPro:IPR039457
A0A7K8SCJ9,LYPD6 protein,Rhodinocichla rosea,139,2,138,,InterPro:IPR039457
A0A7K8T9M5,LPD6B protein,Nyctibius bracteatus (Rufous potoo),156,2,155,,InterPro:IPR039457
A0A7K8TTR7,LPD6B protein,Oceanites oceanicus (Wilson's storm petrel),156,2,155,,InterPro:IPR039457
A0A7K8TVE3,LYPD6 protein,Oceanites oceanicus (Wilson's storm petrel),108,1,107,,InterPro:IPR039457
A0A7K8VQF4,LPD6B protein,Ciccaba nigrolineata,156,2,155,,InterPro:IPR039457
A0A7K8VQJ9,LYPD6 protein,Ciccaba nigrolineata,137,1,136,,InterPro:IPR039457
A0A7K8WM06,LPD6B protein,Sclerurus mexicanus (tawny-throated leaftosser),156,2,155,,InterPro:IPR039457
A0A7K8WMK4,LYPD6 protein,Sclerurus mexicanus (tawny-throated leaftosser),139,2,136,,InterPro:IPR039457
A0A7K8XNB3,LPD6B protein,Eubucco bourcierii (red-headed barbet),131,4,130,,InterPro:IPR039457
A0A7K8Y5J6,LYPD6 protein,Eubucco bourcierii (red-headed barbet),137,1,136,,InterPro:IPR039457
A0A7K8Z172,LYPD6 protein,Sakesphorus luctuosus,130,1,124,,InterPro:IPR039457
A0A7K8ZJ00,LYPD6 protein,Grallaria varia (variegated antpitta),140,7,136,,InterPro:IPR039457
A0A7K8ZK37,LPD6B protein,Grallaria varia (variegated antpitta),157,2,156,,InterPro:IPR039457
A0A7K9AQG4,LPD6B protein,Dromaius novaehollandiae (Emu),156,2,155,,InterPro:IPR039457
A0A7K9AS80,LYPD6 protein,Dromaius novaehollandiae (Emu),137,1,136,,InterPro:IPR039457
A0A7K9BUW8,LPD6B protein,Psilopogon haemacephalus (coppersmith barbet),131,3,129,,InterPro:IPR039457
A0A7K9BVI2,LYPD6 protein,Psilopogon haemacephalus (coppersmith barbet),106,1,105,,InterPro:IPR039457
A0A7K9DQ57,LPD6B protein,Hemiprocne comata,156,2,155,,InterPro:IPR039457
A0A7K9DR06,LYPD6 protein,Hemiprocne comata,107,1,107,,InterPro:IPR039457
A0A7K9EJN6,LYPD6 protein,Baryphthengus martii (Rufous motmot),158,2,156,,InterPro:IPR039457
A0A7K9EVH5,LPD6B protein,Baryphthengus martii (Rufous motmot),156,2,155,,InterPro:IPR039457
A0A7K9FC83,LPD6B protein,Stercorarius parasiticus (Parasitic jaeger),156,2,155,,InterPro:IPR039457
A0A7K9FD06,LYPD6 protein,Stercorarius parasiticus (Parasitic jaeger),108,1,107,,InterPro:IPR039457
A0A7K9GCN7,LYPD6 protein,Loxia leucoptera (White-winged crossbill),140,1,137,,InterPro:IPR039457
A0A7K9GSC0,LPD6B protein,Loxia leucoptera (White-winged crossbill),110,2,110,,InterPro:IPR039457
A0A7K9H9R4,LPD6B protein,Bucco capensis (collared puffbird),154,2,153,,InterPro:IPR039457
A0A7K9HCE7,LYPD6 protein,Bucco capensis (collared puffbird),137,1,136,,InterPro:IPR039457
A0A7K9JF77,LPD6B protein,Myiagra hebetior,156,3,154,,InterPro:IPR039457
A0A7K9JFR2,LYPD6 protein,Myiagra hebetior,123,28,122,,InterPro:IPR039457
A0A7K9KLK3,LYPD6 protein,Dicaeum eximium,109,1,109,,InterPro:IPR039457
A0A7K9KLL2,LPD6B protein,Dicaeum eximium,156,2,148,,InterPro:IPR039457
A0A7K9KPY9,LPD6B protein,Rhabdornis inornatus,154,2,151,,InterPro:IPR039457
A0A7K9LRF9,LYPD6 protein,Rhabdornis inornatus,79,1,78,,InterPro:IPR039457
A0A7K9LUU5,LYPD6 protein,Oceanodroma tethys (Wedge-rumped storm-petrel),137,1,136,,InterPro:IPR039457
A0A7K9LWN4,LPD6B protein,Oceanodroma tethys (Wedge-rumped storm-petrel),156,2,155,,InterPro:IPR039457
A0A7K9N0N3,LPD6B protein,Edolisoma coerulescens,156,2,154,,InterPro:IPR039457
A0A7K9N120,LYPD6 protein,Edolisoma coerulescens,141,5,131,,InterPro:IPR039457
A0A7K9R0Y2,LYPD6 protein,Irena cyanogastra (Philippine fairy-bluebird),99,3,98,,InterPro:IPR039457
A0A7K9R1R2,LPD6B protein,Irena cyanogastra (Philippine fairy-bluebird),156,2,144,,InterPro:IPR039457
A0A7K9RT13,LPD6B protein,Sterrhoptilus dennistouni,156,3,154,,InterPro:IPR039457
A0A7K9T8I1,LPD6B protein,Galbula dea,160,2,158,,InterPro:IPR039457
A0A7K9T9Y0,LYPD6 protein,Galbula dea,137,2,136,,InterPro:IPR039457
A0A7K9TTI5,LPD6B protein,Chloroceryle aenea (American pygmy kingfisher),156,2,155,,InterPro:IPR039457
A0A7K9TU70,LYPD6 protein,Chloroceryle aenea (American pygmy kingfisher),137,1,136,,InterPro:IPR039457
A0A7K9VCY2,LPD6B protein,Anseranas semipalmata (Magpie goose),156,3,155,,InterPro:IPR039457
A0A7K9VEM8,LYPD6 protein,Anseranas semipalmata (Magpie goose),142,1,141,,InterPro:IPR039457
A0A7K9W468,LYPD6 protein,Rhipidura dahli,79,1,78,,InterPro:IPR039457
A0A7K9W4M2,LPD6B protein,Rhipidura dahli,156,2,153,,InterPro:IPR039457
A0A7K9X9N0,LYPD6 protein,Psophia crepitans (common trumpeter),137,1,136,,InterPro:IPR039457
A0A7K9XBB3,LPD6B protein,Psophia crepitans (common trumpeter),156,2,155,,InterPro:IPR039457
A0A7K9YP70,LPD6B protein,Odontophorus gujanensis (marbled wood quail),156,2,154,,InterPro:IPR039457
A0A7K9YQG3,LYPD6 protein,Odontophorus gujanensis (marbled wood quail),158,1,156,,InterPro:IPR039457
A0A7K9ZLE7,LPD6B protein,Dicrurus megarhynchus,156,2,154,,InterPro:IPR039457
A0A7L0AWI3,LPD6B protein,Ciconia maguari,156,2,155,,InterPro:IPR039457
A0A7L0BA93,LYPD6 protein,Ciconia maguari,137,1,136,,InterPro:IPR039457
A0A7L0BR57,LPD6B protein,Spizaetus tyrannus (black hawk-eagle),156,2,155,,InterPro:IPR039457
A0A7L0BV05,LYPD6 protein,Spizaetus tyrannus (black hawk-eagle),162,1,160,,InterPro:IPR039457
A0A7L0DEY6,LYPD6 protein,Rostratula benghalensis (greater painted-snipe),137,1,136,,InterPro:IPR039457
A0A7L0DJV0,LPD6B protein,Rostratula benghalensis (greater painted-snipe),156,2,154,,InterPro:IPR039457
A0A7L0EBW4,LPD6B protein,Trogon melanurus (Black-tailed trogon),156,2,155,,InterPro:IPR039457
A0A7L0ECJ5,LYPD6 protein,Trogon melanurus (Black-tailed trogon),158,1,156,,InterPro:IPR039457
A0A7L0F9A9,LPD6B protein,Corythaixoides concolor (Grey go-away-bird),156,2,155,,InterPro:IPR039457
A0A7L0FBY0,LYPD6 protein,Corythaixoides concolor (Grey go-away-bird),137,1,136,,InterPro:IPR039457
A0A7L0GSK5,LPD6B protein,Herpetotheres cachinnans (Laughing falcon),156,3,155,,InterPro:IPR039457
A0A7L0GVT0,LYPD6 protein,Herpetotheres cachinnans (Laughing falcon),137,1,136,,InterPro:IPR039457
A0A7L0HW63,LPD6B protein,Arenaria interpres (Ruddy turnstone),154,2,153,,InterPro:IPR039457
A0A7L0HYS6,LYPD6 protein,Arenaria interpres (Ruddy turnstone),137,1,136,,InterPro:IPR039457
A0A7L0J9L0,LYPD6 protein,Piprites chloris (Wing-barred manakin),135,8,134,,InterPro:IPR039457
A0A7L0JBC4,LPD6B protein,Piprites chloris (Wing-barred manakin),154,2,153,,InterPro:IPR039457
A0A7L0K2Z7,LPD6B protein,Chauna torquata (Southern screamer),156,2,155,,InterPro:IPR039457
A0A7L0K5H1,LYPD6 protein,Chauna torquata (Southern screamer),142,1,141,,InterPro:IPR039457
A0A7L0LNB4,LPD6B protein,Sylvietta virens (Green crombec),135,2,62,,InterPro:IPR039457
A0A7L0M3Y5,LPD6B protein,Amazona guildingii,154,2,153,,InterPro:IPR039457
A0A7L0M4K2,LYPD6 protein,Amazona guildingii,137,1,136,,InterPro:IPR039457
A0A7L0NBU9,LYPD6 protein,Formicarius rufipectus,109,1,108,,InterPro:IPR039457
A0A7L0NCY2,UPAR/Ly6 domain-containing protein,Formicarius rufipectus,132,4,131,,InterPro:IPR039457
A0A7L0PP17,LPD6B protein,Mesembrinibis cayennensis,156,2,155,,InterPro:IPR039457
A0A7L0PPH3,LYPD6 protein,Mesembrinibis cayennensis,108,1,107,,InterPro:IPR039457
A0A7L0RTL8,LYPD6 protein,Glaucidium brasilianum (Ferruginous pygmy-owl),148,1,141,,InterPro:IPR039457
A0A7L0RV53,LPD6B protein,Glaucidium brasilianum (Ferruginous pygmy-owl),156,2,155,,InterPro:IPR039457
A0A7L0SQR6,LPD6B protein,Podilymbus podiceps (Pied-billed grebe),156,2,155,,InterPro:IPR039457
A0A7L0SRR2,LYPD6 protein,Podilymbus podiceps (Pied-billed grebe),134,1,133,,InterPro:IPR039457
A0A7L0UBG3,LPD6B protein,Chordeiles acutipennis (Lesser nighthawk),156,3,155,,InterPro:IPR039457
A0A7L0UCP6,LYPD6 protein,Chordeiles acutipennis (Lesser nighthawk),137,1,136,,InterPro:IPR039457
A0A7L0V388,LYPD6 protein,Leptocoma aspasia,79,1,78,,InterPro:IPR039457
A0A7L0VT24,LPD6B protein,Leptocoma aspasia,156,2,155,,InterPro:IPR039457
A0A7L0VWT8,LPD6B protein,Alectura lathami (Australian brush turkey),155,2,154,,InterPro:IPR039457
A0A7L0WCQ4,LYPD6 protein,Alectura lathami (Australian brush turkey),142,1,140,,InterPro:IPR039457
A0A7L0X9N8,LYPD6 protein,Tyrannus savana (Fork-tailed flycatcher),113,1,110,,InterPro:IPR039457
A0A7L0XBI7,LPD6B protein,Tyrannus savana (Fork-tailed flycatcher),127,1,126,,InterPro:IPR039457
A0A7L0Y486,LPD6B protein,Ploceus nigricollis,156,2,155,,InterPro:IPR039457
A0A7L0Z4J5,LYPD6 protein,Ploceus nigricollis,130,1,110,,InterPro:IPR039457
A0A7L0ZAP0,LYPD6 protein,Oxyruncus cristatus (sharpbill),135,8,134,,InterPro:IPR039457
A0A7L0ZP73,LPD6B protein,Oxyruncus cristatus (sharpbill),154,2,153,,InterPro:IPR039457
A0A7L1ABY1,LPD6B protein,Gymnorhina tibicen (Australian magpie),156,2,153,,InterPro:IPR039457
A0A7L1AC04,LYPD6 protein,Gymnorhina tibicen (Australian magpie),153,1,140,,InterPro:IPR039457
A0A7L1CWC9,LYPD6 protein,Serilophus lunatus (silver-breasted broadbill),135,10,134,,InterPro:IPR039457
A0A7L1DLZ0,LPD6B protein,Serilophus lunatus (silver-breasted broadbill),156,2,154,,InterPro:IPR039457
A0A7L1ED76,LPD6B protein,Oenanthe oenanthe (Northern wheatear),104,6,92,,InterPro:IPR039457
A0A7L1FJG5,LPD6B protein,Sylvia borin (Garden warbler),156,3,151,,InterPro:IPR039457
A0A7L1GFC9,LPD6B protein,Indicator maculatus (spotted honeyguide),156,6,155,,InterPro:IPR039457
A0A7L1GGC1,LYPD6 protein,Indicator maculatus (spotted honeyguide),143,35,142,,InterPro:IPR039457
A0A7L1H3S7,LYPD6 protein,Nycticryphes semicollaris,137,1,136,,InterPro:IPR039457
A0A7L1H5G2,LPD6B protein,Nycticryphes semicollaris,156,2,155,,InterPro:IPR039457
A0A7L1IWM0,LPD6B protein,Smutsornis africanus (Double-banded courser),156,2,155,,InterPro:IPR039457
A0A7L1JER3,LPD6B protein,Rynchops niger (Black skimmer),156,2,155,,InterPro:IPR039457
A0A7L1JIV0,LYPD6 protein,Rynchops niger (Black skimmer),137,2,136,,InterPro:IPR039457
A0A7L1KII1,LYPD6 protein,Himantopus himantopus (Black-winged stilt),137,1,136,,InterPro:IPR039457
A0A7L1KKP6,LPD6B protein,Himantopus himantopus (Black-winged stilt),156,2,155,,InterPro:IPR039457
A0A7L1M811,LYPD6 protein,Bombycilla garrulus (Bohemian waxwing),79,1,78,,InterPro:IPR039457
A0A7L1NKI0,LYPD6 protein,Rhinopomastus cyanomelas (Common scimitarbill),137,1,136,,InterPro:IPR039457
A0A7L1NLW1,LPD6B protein,Rhinopomastus cyanomelas (Common scimitarbill),156,2,155,,InterPro:IPR039457
A0A7L1PU66,LPD6B protein,Oriolus oriolus (Eurasian golden oriole),156,2,154,,InterPro:IPR039457
A0A7L1SBK5,LYPD6 protein,Helopsaltes ochotensis (Middendorff's grasshopper-warbler),82,1,79,,InterPro:IPR039457
A0A7L1T4H8,LYPD6 protein,Aramus guarauna (Limpkin),137,1,136,,InterPro:IPR039457
A0A7L1T9V9,LPD6B protein,Aramus guarauna (Limpkin),156,2,155,,InterPro:IPR039457
A0A7L1U344,LYPD6 protein,Phainopepla nitens (Phainopepla),79,1,77,,InterPro:IPR039457
A0A7L1UX07,LPD6B protein,Sitta europaea (Eurasian nuthatch),154,2,152,,InterPro:IPR039457
A0A7L1UX29,LYPD6 protein,Sitta europaea (Eurasian nuthatch),99,4,98,,InterPro:IPR039457
A0A7L1WI08,LPD6B protein,Certhia brachydactyla (short-toed tree-creeper),154,3,151,,InterPro:IPR039457
A0A7L1WI20,LYPD6 protein,Certhia brachydactyla (short-toed tree-creeper),124,1,111,,InterPro:IPR039457
A0A7L1X1S3,LYPD6 protein,Thinocorus orbignyianus,137,1,136,,InterPro:IPR039457
A0A7L1XXG4,LPD6B protein,Thinocorus orbignyianus,156,2,155,,InterPro:IPR039457
A0A7L1YBU0,LPD6B protein,Scytalopus superciliaris,152,1,151,,InterPro:IPR039457
A0A7L1YGM0,LYPD6 protein,Scytalopus superciliaris,142,11,139,,InterPro:IPR039457
A0A7L2ALV8,LYPD6 protein,Heliornis fulica (sungrebe),108,1,107,,InterPro:IPR039457
A0A7L2APN4,LPD6B protein,Heliornis fulica (sungrebe),154,2,153,,InterPro:IPR039457
A0A7L2BIS0,LYPD6 protein,Alaudala cheleensis (Asian short-toed lark),95,2,78,,InterPro:IPR039457
A0A7L2BNP7,LPD6B protein,Alaudala cheleensis (Asian short-toed lark),94,2,82,,InterPro:IPR039457
A0A7L2CBF9,LYPD6 protein,Alaudala cheleensis (Asian short-toed lark),81,2,79,,InterPro:IPR039457
A0A7L2DCH9,LYPD6 protein,Catharus fuscescens (Veery),79,1,77,,InterPro:IPR039457
A0A7L2ER41,LPD6B protein,Anthoscopus minutus (Southern penduline-tit),156,2,142,,InterPro:IPR039457
A0A7L2FHA7,LYPD6 protein,Quiscalus mexicanus (Great-tailed grackle),108,2,107,,InterPro:IPR039457
A0A7L2FKN5,LPD6B protein,Quiscalus mexicanus (Great-tailed grackle),156,2,155,,InterPro:IPR039457
A0A7L2GCD1,LPD6B protein,Nyctibius grandis (Great potoo),91,1,90,,InterPro:IPR039457
A0A7L2GCV6,LYPD6 protein,Nyctibius grandis (Great potoo),137,1,136,,InterPro:IPR039457
A0A7L2H345,LPD6B protein,Sagittarius serpentarius (Secretary bird),156,2,155,,InterPro:IPR039457
A0A7L2H536,LYPD6 protein,Sagittarius serpentarius (Secretary bird),137,1,136,,InterPro:IPR039457
A0A7L2JJ19,LYPD6 protein,Cinclus mexicanus (American dipper),108,1,107,,InterPro:IPR039457
A0A7L2JK65,LPD6B protein,Cinclus mexicanus (American dipper),156,2,154,,InterPro:IPR039457
A0A7L2KCU0,LPD6B protein,Zosterops hypoxanthus,93,1,91,,InterPro:IPR039457
A0A7L2LZU4,LPD6B protein,Hippolais icterina (icterine warbler),105,2,104,,InterPro:IPR039457
A0A7L2MQV5,LPD6B protein,Rhadina sibilatrix,93,1,92,,InterPro:IPR039457
A0A7L2PCX3,LPD6B protein,Pycnonotus jocosus (Red-whiskered bulbul),105,3,104,,InterPro:IPR039457
A0A7L2PX11,LPD6B protein,Hypocryptadius cinnamomeus,156,3,155,,InterPro:IPR039457
A0A7L2RU75,LPD6B protein,Neodrepanis coruscans (wattled asity),105,2,105,,InterPro:IPR039457
A0A7L2SNP3,LPD6B protein,Mystacornis crossleyi,105,2,105,,InterPro:IPR039457
A0A7L2SZU4,LPD6B protein,Pomatostomus ruficeps (Chestnut-crowned babbler),97,1,94,,InterPro:IPR039457
A0A7L2U0J5,LYPD6 protein,Balaeniceps rex (Shoebill),158,1,156,,InterPro:IPR039457
A0A7L2U0T9,LPD6B protein,Balaeniceps rex (Shoebill),156,2,155,,InterPro:IPR039457
A0A7L2VIC8,LPD6B protein,Brachypteracias leptosomus (short-legged ground-roller),156,5,155,,InterPro:IPR039457
A0A7L2VJ49,LYPD6 protein,Brachypteracias leptosomus (short-legged ground-roller),126,2,125,,InterPro:IPR039457
A0A7L2WME4,LYPD6 protein,Pandion haliaetus (Osprey),137,1,136,,InterPro:IPR039457
A0A7L2X3R1,LPD6B protein,Pandion haliaetus (Osprey),156,2,155,,InterPro:IPR039457
A0A7L2XJJ0,LPD6B protein,Erpornis zantholeuca,156,2,154,,InterPro:IPR039457
A0A7L2XKW3,LYPD6 protein,Erpornis zantholeuca,108,2,107,,InterPro:IPR039457
A0A7L2Z6A0,LYPD6 protein,Jacana jacana (Wattled jacana),137,1,136,,InterPro:IPR039457
A0A7L2Z7X3,LPD6B protein,Jacana jacana (Wattled jacana),156,2,154,,InterPro:IPR039457
A0A7L2ZSA5,LPD6B protein,Prunella fulvescens (Brown accentor),125,2,61,,InterPro:IPR039457
A0A7L3ATA4,LPD6B protein,Syrrhaptes paradoxus (Pallas's sandgrouse),156,2,155,,InterPro:IPR039457
A0A7L3AW74,LYPD6 protein,Syrrhaptes paradoxus (Pallas's sandgrouse),158,2,156,,InterPro:IPR039457
A0A7L3BX83,LPD6B protein,Pelecanoides urinatrix (Common diving petrel),156,2,155,,InterPro:IPR039457
A0A7L3CN96,LYPD6 protein,Pelecanoides urinatrix (Common diving petrel),137,2,136,,InterPro:IPR039457
A0A7L3CVW0,LPD6B protein,Pluvianellus socialis (Magellanic plover),156,2,155,,InterPro:IPR039457
A0A7L3FCA8,LYPD6 protein,Zapornia atra (Henderson crake),108,1,107,,InterPro:IPR039457
A0A7L3GER0,LPD6B protein,Anhinga rufa (African darter),156,2,155,,InterPro:IPR039457
A0A7L3JAN8,LPD6B protein,Thalassarche chlororhynchos (Atlantic yellow-nosed albatross),156,2,155,,InterPro:IPR039457
A0A7L3JG02,LYPD6 protein,Thalassarche chlororhynchos (Atlantic yellow-nosed albatross),137,1,136,,InterPro:IPR039457
A0A7L3LJD5,LPD6B protein,Turnix velox (Little buttonquail),127,1,125,,InterPro:IPR039457
A0A7L3LLV1,LYPD6 protein,Turnix velox (Little buttonquail),138,2,137,,InterPro:IPR039457
A0A7L3N9S0,LPD6B protein,Oreotrochilus melanogaster,156,2,155,,InterPro:IPR039457
A0A7L3PS38,LPD6B protein,Xiphorhynchus elegans (elegant woodcreeper),128,2,126,,InterPro:IPR039457
A0A7L3PUU0,LYPD6 protein,Xiphorhynchus elegans (elegant woodcreeper),79,1,76,,InterPro:IPR039457
A0A7L3Q6Q1,LYPD6 protein,Cettia cetti,111,1,109,,InterPro:IPR039457
A0A7L3R298,LPD6B protein,Cettia cetti,121,3,121,,InterPro:IPR039457
A0A7L3RLA1,LPD6B protein,Cepphus grylle (Black guillemot),156,2,155,,InterPro:IPR039457
A0A7L3RLL5,LYPD6 protein,Cepphus grylle (Black guillemot),137,2,136,,InterPro:IPR039457
A0A7L3SFX9,LYPD6 protein,Rissa tridactyla (Black-legged kittiwake),137,2,136,,InterPro:IPR039457
A0A7L3SG82,LPD6B protein,Rissa tridactyla (Black-legged kittiwake),156,2,155,,InterPro:IPR039457
A0A7L3U2X4,LPD6B protein,Uria aalge (Common mure),133,2,67,,InterPro:IPR039457
A0A7L3U344,LYPD6 protein,Uria aalge (Common mure),137,1,136,,InterPro:IPR039457
A0A7L3VPZ9,LPD6B protein,Molothrus ater (Brown-headed cowbird),156,2,145,,InterPro:IPR039457
A0A7L3VRG6,LYPD6 protein,Molothrus ater (Brown-headed cowbird),158,2,141,,InterPro:IPR039457
A0A7L3XC66,LPD6B protein,Calonectris borealis (Cory's shearwater),156,2,155,,InterPro:IPR039457
A0A7L3XF20,LYPD6 protein,Calonectris borealis (Cory's shearwater),137,1,136,,InterPro:IPR039457
A0A7L3YXZ0,LPD6B protein,Fregetta grallaria (White-bellied storm-petrel),156,2,155,,InterPro:IPR039457
A0A7L3Z0J7,LYPD6 protein,Fregetta grallaria (White-bellied storm-petrel),79,1,78,,InterPro:IPR039457
A0A7L3ZRA4,LPD6B protein,Circaetus pectoralis (black-chested snake-eagle),123,29,122,,InterPro:IPR039457
A0A7L3ZRC3,LYPD6 protein,Circaetus pectoralis (black-chested snake-eagle),137,1,136,,InterPro:IPR039457
A0A7L4AMD1,LYPD6 protein,Phaetusa simplex (large-billed tern),137,2,136,,InterPro:IPR039457
A0A7L4AN63,LPD6B protein,Phaetusa simplex (large-billed tern),156,2,155,,InterPro:IPR039457
A0A7L4CIG5,LPD6B protein,Nyctiprogne leucopyga,154,3,153,,InterPro:IPR039457
A0A7L4CYJ1,LYPD6 protein,Eurystomus gularis,137,1,136,,InterPro:IPR039457
A0A7L4D0I9,LPD6B protein,Eurystomus gularis,156,2,155,,InterPro:IPR039457
A0A7L4EMY9,LPD6B protein,Hirundo rustica (Barn swallow),156,2,153,,InterPro:IPR039457
A0A7L4F9W5,LPD6B protein,Pampusana beccarii (Western bronze ground-dove),156,2,155,,InterPro:IPR039457
A0A7L4F9W6,LYPD6 protein,Pampusana beccarii (Western bronze ground-dove),142,1,140,,InterPro:IPR039457
A0A7L4GH48,LPD6B protein,Podargus strigoides (Tawny frogmouth),156,3,155,,InterPro:IPR039457
A0A7L4GID3,LYPD6 protein,Podargus strigoides (Tawny frogmouth),137,1,136,,InterPro:IPR039457
A0A7L4HQ44,LYPD6 protein,Scopus umbretta (Hammerkop),137,1,136,,InterPro:IPR039457
A0A7L4I161,LPD6B protein,Scopus umbretta (Hammerkop),156,2,155,,InterPro:IPR039457
A0A7L4JCV4,LYPD6 protein,Pomatorhinus ruficollis (streak-breasted scimitar babbler),79,1,78,,InterPro:IPR039457
A0A7L4JY52,LPD6B protein,Ceuthmochares aereus,156,2,155,,InterPro:IPR039457
A0A7L4K5S2,LYPD6 protein,Ceuthmochares aereus,115,1,114,,InterPro:IPR039457
A0A7L4L1M5,LPD6B protein,Callaeas wilsoni (North Island kokako),105,2,105,,InterPro:IPR039457
A0A7L4LXY1,LYPD6 protein,Glareola pratincola (Collared pratincole),137,2,136,,InterPro:IPR039457
A0A7L4LYQ5,LPD6B protein,Glareola pratincola (Collared pratincole),156,2,155,,InterPro:IPR039457
A0A7L4MYM1,LPD6B protein,Ceyx cyanopectus (Indigo-banded kingfisher),156,2,155,,InterPro:IPR039457
A0A7M4ELR5,LY6/PLAUR domain containing 6B,Crocodylus porosus (Saltwater crocodile),169,2,168,,InterPro:IPR039457
A0A7M4ENH2,LY6/PLAUR domain containing 6,Crocodylus porosus (Saltwater crocodile),169,4,167,,InterPro:IPR039457
A0A7M7H6E8,Uncharacterized protein,Nasonia vitripennis (Parasitic wasp),226,51,162,,InterPro:IPR039457
A0A7M7MTR1,Ly6/PLAUR domain-containing protein 6B,Apis mellifera (Honeybee),188,50,155,,InterPro:IPR039457
A0A7M7QK35,Uncharacterized protein,Nasonia vitripennis (Parasitic wasp),229,51,97,,InterPro:IPR039457
A0A7M7T1C7,Ly6/PLAUR domain-containing protein 6,Strongylocentrotus purpuratus (Purple sea urchin),187,9,180,,InterPro:IPR039457
A0A7N4P9Q9,LY6/PLAUR domain containing 6,Sarcophilus harrisii (Tasmanian devil),171,5,170,,InterPro:IPR039457
A0A7N5JHF7,LY6/PLAUR domain containing 6,Ailuropoda melanoleuca (Giant panda),171,5,170,,InterPro:IPR039457
A0A7N9DDH0,Ly6/PLAUR domain-containing protein 6B,Macaca fascicularis (Crab-eating macaque),174,2,173,,InterPro:IPR039457
A0A7R8ZAH5,Ly6/PLAUR domain-containing protein 6B,Timema douglasi (Walking stick),266,18,166,,InterPro:IPR039457
A0A7R9AFA4,Uncharacterized protein,Darwinula stevensoni,112,1,69,,InterPro:IPR039457
A0A7R9G4N8,UPAR/Ly6 domain-containing protein,Timema shepardi (Walking stick),214,19,129,,InterPro:IPR039457
A0A7R9G9G7,Uncharacterized protein,Notodromas monacha,221,61,171,,InterPro:IPR039457
A0A7R9H1F4,Uncharacterized protein,Timema poppense (Walking stick),220,34,182,,InterPro:IPR039457
A0A7R9P1G2,Uncharacterized protein,Timema tahoe,149,2,109,,InterPro:IPR039457
A0A7R9P8Q2,Ly6/PLAUR domain-containing protein 6B,Timema californicum (California timema),215,18,166,,InterPro:IPR039457
A0A7R9PS58,Uncharacterized protein,Timema genevievae (Walking stick),182,53,128,,InterPro:IPR039457
A0A7R9SMJ8,Ly6/PLAUR domain-containing protein 6,Argulus foliaceus,195,59,174,,InterPro:IPR039457
A0A803J3G6,LY6/PLAUR domain containing 6B,Xenopus tropicalis (Western clawed frog),158,24,154,,InterPro:IPR039457
A0A803VGR5,LY6/PLAUR domain containing 6,Ficedula albicollis (Collared flycatcher),179,7,153,,InterPro:IPR039457
A0A803VR73,LY6/PLAUR domain containing 6B,Ficedula albicollis (Collared flycatcher),318,168,287,,InterPro:IPR039457
A0A803W7E8,LY6/PLAUR domain containing 6,Ficedula albicollis (Collared flycatcher),210,69,184,,InterPro:IPR039457
A0A811YRN7,Ly6/PLAUR domain-containing protein 6B,Nyctereutes procyonoides (Raccoon dog),172,4,165,,InterPro:IPR039457
A0A811ZH79,Ly6/PLAUR domain-containing protein 6,Nyctereutes procyonoides (Raccoon dog),171,5,170,,InterPro:IPR039457
A0A814JAT2,Uncharacterized protein,Brachionus calyciflorus,158,21,152,,InterPro:IPR039457
A0A834EF96,Ly6/PLAUR domain-containing protein 6B,Phyllostomus discolor (pale spear-nosed bat),183,18,182,,InterPro:IPR039457
A0A834HSW2,Uncharacterized protein,Rhynchophorus ferrugineus (Red palm weevil),192,7,149,,InterPro:IPR039457
A0A834NIT7,Ly6/PLAUR domain-containing protein 6B,Vespula vulgaris (Yellow jacket),182,42,148,,InterPro:IPR039457
A0A834NU88,Uncharacterized protein,Vespula germanica (German yellow jacket),210,115,176,,InterPro:IPR039457
A0A834PP90,LY6/PLAUR domain containing 6B,Marmota monax (Woodchuck),169,2,168,,InterPro:IPR039457
A0A834UG43,Uncharacterized protein,Vespula pensylvanica (Western yellow jacket),197,93,163,,InterPro:IPR039457
A0A834UKK1,LY6/PLAUR domain containing 6B,Marmota monax (Woodchuck),180,13,179,,InterPro:IPR039457
A0A834Y1N6,Uncharacterized protein,Aphidius gifuensis (Parasitoid wasp),190,25,156,,InterPro:IPR039457
A0A835TPC5,Uncharacterized protein,Lamprotornis superbus,371,116,181,,InterPro:IPR039457
A0A836D964,Ly6/PLAUR domain-containing protein 6B,Ovis aries (Sheep),221,54,220,,InterPro:IPR039457
A0A836F3W3,Ly6/PLAUR domain-containing protein 6B,Pseudoatta argentina,200,53,164,,InterPro:IPR039457
A0A836FU72,Ly6/PLAUR domain-containing protein 6B,Acromyrmex heyeri,191,53,155,,InterPro:IPR039457
A0A836K8E2,Ly6/PLAUR domain-containing protein 6B,Acromyrmex charruanus,191,53,155,,InterPro:IPR039457
A0A836YH23,Ly6/PLAUR domain-containing protein 6B,Acromyrmex insinuator,191,53,155,,InterPro:IPR039457
A0A850TCT4,LYPD6 protein,Grus americana (Whooping crane),137,1,136,,InterPro:IPR039457
A0A850TGK2,LPD6B protein,Grus americana (Whooping crane),156,2,155,,InterPro:IPR039457
A0A850VBP0,LYPD6 protein,Chloropsis hardwickii,158,1,141,,InterPro:IPR039457
A0A850VDK6,LYPD6 protein,Fregata magnificens (Magnificent frigatebird),137,1,136,,InterPro:IPR039457
A0A850VF81,LPD6B protein,Chloropsis hardwickii,105,2,104,,InterPro:IPR039457
A0A850VGN2,LPD6B protein,Fregata magnificens (Magnificent frigatebird),156,2,155,,InterPro:IPR039457
A0A850XXV9,LPD6B protein,Aegithalos caudatus (Long-tailed tit),156,2,154,,InterPro:IPR039457
A0A850ZHT8,LPD6B protein,Tichodroma muraria,156,2,154,,InterPro:IPR039457
A0A850ZZI4,LPD6B protein,Sula dactylatra (Masked booby),156,2,155,,InterPro:IPR039457
A0A851ACV5,LYPD6 protein,Sula dactylatra (Masked booby),137,1,136,,InterPro:IPR039457
A0A851BRG2,Ly6/PLAUR domain-containing protein 6B,Picathartes gymnocephalus (White-necked rockfowl),127,1,123,,InterPro:IPR039457
A0A851C944,LYPD6 protein,Calyptomena viridis (Lesser green broadbill),135,10,134,,InterPro:IPR039457
A0A851CUG6,LPD6B protein,Calyptomena viridis (Lesser green broadbill),156,2,154,,InterPro:IPR039457
A0A851DBI1,Ly6/PLAUR domain-containing protein 6,Todus mexicanus (Puerto Rican tody),94,1,92,,InterPro:IPR039457
A0A851E3G9,LPD6B protein,Dryoscopus gambensis,156,3,154,,InterPro:IPR039457
A0A851EGU3,LYPD6 protein,Dryoscopus gambensis,111,1,108,,InterPro:IPR039457
A0A851FJF0,LYPD6 protein,Pitta sordida (Hooded pitta),135,10,134,,InterPro:IPR039457
A0A851FXT7,LPD6B protein,Pitta sordida (Hooded pitta),156,2,154,,InterPro:IPR039457
A0A851JH93,UPAR/Ly6 domain-containing protein,Donacobius atricapilla,156,2,152,,InterPro:IPR039457
A0A851K9D7,LPD6B protein,Vidua chalybeata (Village indigobird),156,2,152,,InterPro:IPR039457
A0A851KA47,LYPD6 protein,Vidua chalybeata (Village indigobird),101,1,82,,InterPro:IPR039457
A0A851LDI0,LPD6B protein,Corythaeola cristata (Great blue turaco),158,2,157,,InterPro:IPR039457
A0A851LGR1,LYPD6 protein,Corythaeola cristata (Great blue turaco),133,1,132,,InterPro:IPR039457
A0A851N1B4,LYPD6 protein,Campylorhamphus procurvoides,124,1,121,,InterPro:IPR039457
A0A851N1T8,LPD6B protein,Campylorhamphus procurvoides,154,2,153,,InterPro:IPR039457
A0A851NQA0,Ly6/PLAUR domain-containing protein 6B,Penelope pileata,156,2,155,,InterPro:IPR039457
A0A851NVC2,LYPD6 protein,Penelope pileata,142,1,139,,InterPro:IPR039457
A0A851PNC7,LPD6B protein,Anhinga anhinga (Anhinga),156,2,155,,InterPro:IPR039457
A0A851PX27,LYPD6 protein,Anhinga anhinga (Anhinga),137,2,136,,InterPro:IPR039457
A0A851RKL2,LPD6B protein,Tychaedon coryphoeus (Karoo scrub-robin),156,2,154,,InterPro:IPR039457
A0A851S9F5,LYPD6 protein,Certhia familiaris (Eurasian treecreeper),129,1,111,,InterPro:IPR039457
A0A851TAC9,LPD6B protein,Nothocercus nigrocapillus,155,5,151,,InterPro:IPR039457
A0A851TAI1,LYPD6 protein,Nothocercus nigrocapillus,137,2,136,,InterPro:IPR039457
A0A851UMV8,LYPD6 protein,Elachura formosa (spotted wren-babbler),158,2,139,,InterPro:IPR039457
A0A851URN3,LPD6B protein,Elachura formosa (spotted wren-babbler),155,2,148,,InterPro:IPR039457
A0A851VKY7,LYPD6 protein,Copsychus sechellarum,157,1,140,,InterPro:IPR039457
A0A851VQQ6,LPD6B protein,Copsychus sechellarum,156,2,154,,InterPro:IPR039457
A0A851WCH6,LPD6B protein,Corvus moneduloides (New Caledonian crow),156,2,155,,InterPro:IPR039457
A0A851WCI6,LYPD6 protein,Corvus moneduloides (New Caledonian crow),158,1,140,,InterPro:IPR039457
A0A851XGU7,LYPD6 protein,Eolophus roseicapilla (Galah cockatoo),158,1,156,,InterPro:IPR039457
A0A851XHA7,Ly6/PLAUR domain-containing protein 6B,Eolophus roseicapilla (Galah cockatoo),93,1,92,,InterPro:IPR039457
A0A851YUN6,Ly6/PLAUR domain-containing protein 6B,Halcyon senegalensis,156,2,155,,InterPro:IPR039457
A0A851YVQ3,LYPD6 protein,Halcyon senegalensis,106,1,105,,InterPro:IPR039457
A0A852A433,LPD6B protein,Calcarius ornatus (Chestnut-collared longspur),136,63,121,,InterPro:IPR039457
A0A852ARA8,LYPD6 protein,Calcarius ornatus (Chestnut-collared longspur),127,1,37,,InterPro:IPR039457
A0A852ATW2,Secreted protein,Chloropsis cyanopogon,83,42,81,,InterPro:IPR039457
A0A852BKS2,LPD6B protein,Chloropsis cyanopogon,156,2,155,,InterPro:IPR039457
A0A852C744,LYPD6 protein,Ramphastos sulfuratus,135,3,134,,InterPro:IPR039457
A0A852CWW9,LYPD6 protein,Passerina amoena (Lazuli bunting),158,2,142,,InterPro:IPR039457
A0A852ESU7,LYPD6 protein,Vidua macroura (Pin-tailed whydah),98,3,97,,InterPro:IPR039457
A0A852ETU5,LPD6B protein,Vidua macroura (Pin-tailed whydah),156,2,152,,InterPro:IPR039457
A0A852F3N7,LYPD6 protein,Peucedramus taeniatus (Olive warbler),108,1,107,,InterPro:IPR039457
A0A852G113,LPD6B protein,Peucedramus taeniatus (Olive warbler),105,2,104,,InterPro:IPR039457
A0A852G172,LPD6B protein,Larus smithsonianus (American herring gull),156,2,155,,InterPro:IPR039457
A0A852G202,LYPD6 protein,Larus smithsonianus (American herring gull),137,2,136,,InterPro:IPR039457
A0A852HS70,LPD6B protein,Nicator chloris,156,2,155,,InterPro:IPR039457
A0A852I5Q7,LYPD6 protein,Nicator chloris,158,1,140,,InterPro:IPR039457
A0A852ITV7,LYPD6 protein,Tricholaema leucomelas (pied barbet),137,1,136,,InterPro:IPR039457
A0A852IXV5,LPD6B protein,Tricholaema leucomelas (pied barbet),156,4,155,,InterPro:IPR039457
A0A852JZW3,LPD6B protein,Spizella passerina (Chipping sparrow),156,2,154,,InterPro:IPR039457
A0A852KFG1,LYPD6 protein,Urocolius indicus (Red-faced mousebird),111,3,110,,InterPro:IPR039457
A0A852KG52,Ly6/PLAUR domain-containing protein 6B,Urocolius indicus (Red-faced mousebird),156,3,154,,InterPro:IPR039457
A0A852LQD5,LPD6B protein,Centropus bengalensis (lesser coucal),156,2,155,,InterPro:IPR039457
A0A852LU70,LYPD6 protein,Centropus bengalensis (lesser coucal),108,1,107,,InterPro:IPR039457
A0A852NKK1,LPD6B protein,Atrichornis clamosus,105,3,105,,InterPro:IPR039457
A0A852PDS2,LYPD6 protein,Atrichornis clamosus,108,1,107,,InterPro:IPR039457
A0A8B6ZBU9,Ly6/PLAUR domain-containing protein 6,Orycteropus afer afer,171,5,170,,InterPro:IPR039457
A0A8B6ZGF8,Ly6/PLAUR domain-containing protein 6B,Orycteropus afer afer,169,2,168,,InterPro:IPR039457
A0A8B7FXM9,Ly6/PLAUR domain-containing protein 6,Microcebus murinus (Gray mouse lemur),171,5,170,,InterPro:IPR039457
A0A8B7JP07,Ly6/PLAUR domain-containing protein 6,Apteryx mantelli mantelli,142,4,139,,InterPro:IPR039457
A0A8B7JP58,Ly6/PLAUR domain-containing protein 6B,Apteryx mantelli mantelli,169,5,168,,InterPro:IPR039457
A0A8B7RMA5,LY6/PLAUR domain containing 6B,Hipposideros armiger (Great Himalayan leaf-nosed bat),169,3,166,,InterPro:IPR039457
A0A8B7RP40,Ly6/PLAUR domain-containing protein 6,Hipposideros armiger (Great Himalayan leaf-nosed bat),171,5,170,,InterPro:IPR039457
A0A8B7W2M0,Ly6/PLAUR domain-containing protein 6,Castor canadensis (American beaver),171,5,170,,InterPro:IPR039457
A0A8B7ZW66,Ly6/PLAUR domain-containing protein 6,Acanthaster planci (Crown-of-thorns starfish),200,52,192,,InterPro:IPR039457
A0A8B8A0G7,Ly6/PLAUR domain-containing protein 6,Acanthaster planci (Crown-of-thorns starfish),206,58,198,,InterPro:IPR039457
A0A8B8SZ52,Ly6/PLAUR domain-containing protein 6,Camelus ferus (Wild bactrian camel),171,5,170,,InterPro:IPR039457
A0A8B8SZM0,Ly6/PLAUR domain-containing protein 6B,Camelus ferus (Wild bactrian camel),169,3,168,,InterPro:IPR039457
A0A8B8WIQ8,Ly6/PLAUR domain-containing protein 6B,Balaenoptera musculus (Blue whale),126,2,72,,InterPro:IPR039457
A0A8B8XSE3,Ly6/PLAUR domain-containing protein 6,Balaenoptera musculus (Blue whale),172,5,161,,InterPro:IPR039457
A0A8B8XTI4,Ly6/PLAUR domain-containing protein 6,Balaenoptera musculus (Blue whale),171,5,170,,InterPro:IPR039457
A0A8B9BXD9,LY6/PLAUR domain containing 6B,Anser brachyrhynchus (Pink-footed goose),181,14,180,,InterPro:IPR039457
A0A8B9BXI9,LY6/PLAUR domain containing 6,Anser brachyrhynchus (Pink-footed goose),171,6,167,,InterPro:IPR039457
A0A8B9D8Z3,Ly6/PLAUR domain-containing protein 6,Anser cygnoides (Swan goose),169,4,165,,InterPro:IPR039457
A0A8B9DE28,Ly6/PLAUR domain-containing protein 6B,Anser cygnoides (Swan goose),169,2,168,,InterPro:IPR039457
A0A8B9EY87,Ly6/PLAUR domain-containing protein 6B,Amazona collaria (yellow-billed parrot),181,16,180,,InterPro:IPR039457
A0A8B9EY98,Ly6/PLAUR domain-containing protein 6,Amazona collaria (yellow-billed parrot),180,4,168,,InterPro:IPR039457
A0A8B9GX94,UPAR/Ly6 domain-containing protein,Astyanax mexicanus (Blind cave fish),150,14,99,,InterPro:IPR039457
A0A8B9KH92,LY6/PLAUR domain containing 6,Astyanax mexicanus (Blind cave fish),169,6,164,,InterPro:IPR039457
A0A8B9KZ08,LY6/PLAUR domain containing 6B,Astyanax mexicanus (Blind cave fish),170,9,161,,InterPro:IPR039457
A0A8B9KZ25,Uncharacterized protein,Astyanax mexicanus (Blind cave fish),148,90,142,,InterPro:IPR039457
A0A8B9MAP5,Ly6/PLAUR domain-containing protein 6B,Accipiter nisus (Eurasian sparrowhawk),169,4,168,,InterPro:IPR039457
A0A8B9PYY6,Ly6/PLAUR domain-containing protein 6B,Apteryx owenii (Little spotted kiwi),179,16,178,,InterPro:IPR039457
A0A8B9Q3M5,Ly6/PLAUR domain-containing protein 6,Apteryx owenii (Little spotted kiwi),169,4,167,,InterPro:IPR039457
A0A8B9TP17,Ly6/PLAUR domain-containing protein 6,Anas platyrhynchos (Mallard),162,29,158,,InterPro:IPR039457
A0A8B9TRT3,Ly6/PLAUR domain-containing protein 6B,Anas platyrhynchos (Mallard),191,3,168,,InterPro:IPR039457
A0A8B9V3K6,Ly6/PLAUR domain-containing protein 6,Anas zonorhyncha (Eastern spot-billed duck),169,4,165,,InterPro:IPR039457
A0A8B9V664,Ly6/PLAUR domain-containing protein 6B,Anas zonorhyncha (Eastern spot-billed duck),169,3,168,,InterPro:IPR039457
A0A8B9WKH8,Ly6/PLAUR domain-containing protein 6,Bos mutus grunniens (Wild yak),171,5,170,,InterPro:IPR039457
A0A8B9WQG9,LY6/PLAUR domain containing 6B,Bos mutus grunniens (Wild yak),183,16,182,,InterPro:IPR039457
A0A8B9ZUT9,Ly6/PLAUR domain-containing protein 6B,Anas zonorhyncha (Eastern spot-billed duck),153,56,152,,InterPro:IPR039457
A0A8C0BH99,LY6/PLAUR domain containing 6,Buteo japonicus,185,15,170,,InterPro:IPR039457
A0A8C0BI46,LY6/PLAUR domain containing 6,Buteo japonicus,178,15,162,,InterPro:IPR039457
A0A8C0BIM3,LY6/PLAUR domain containing 6,Buteo japonicus,180,11,165,,InterPro:IPR039457
A0A8C0BJA3,Ly6/PLAUR domain-containing protein 6B,Buteo japonicus,169,4,168,,InterPro:IPR039457
A0A8C0EZW4,LY6/PLAUR domain containing 6,Bubo bubo (Eurasian eagle-owl),179,11,172,,InterPro:IPR039457
A0A8C0F0G0,Ly6/PLAUR domain-containing protein 6B,Bubo bubo (Eurasian eagle-owl),190,93,189,,InterPro:IPR039457
A0A8C0F7I6,LY6/PLAUR domain containing 6,Bubo bubo (Eurasian eagle-owl),189,11,174,,InterPro:IPR039457
A0A8C0H7Q6,Ly6/PLAUR domain-containing protein 6B,Chelonoidis abingdonii (Abingdon island giant tortoise),185,20,184,,InterPro:IPR039457
A0A8C0HCY2,Ly6/PLAUR domain-containing protein 6B,Chelonoidis abingdonii (Abingdon island giant tortoise),184,19,183,,InterPro:IPR039457
A0A8C0HDB9,UPAR/Ly6 domain-containing protein,Chelonoidis abingdonii (Abingdon island giant tortoise),169,5,167,,InterPro:IPR039457
A0A8C0KS92,LY6/PLAUR domain containing 6B,Canis lupus dingo (dingo),432,4,149,,InterPro:IPR039457
A0A8C0KV20,LY6/PLAUR domain containing 6B,Canis lupus dingo (dingo),196,20,168,,InterPro:IPR039457
A0A8C0NAI4,LY6/PLAUR domain containing 6,Canis lupus familiaris (Dog),171,5,170,,InterPro:IPR039457
A0A8C0R2E4,Ly6/PLAUR domain-containing protein 6,Canis lupus dingo (dingo),161,5,117,,InterPro:IPR039457
A0A8C0TEF5,LY6/PLAUR domain containing 6,Canis lupus familiaris (Dog),182,5,117,,InterPro:IPR039457
A0A8C0TIF5,LY6/PLAUR domain containing 6,Canis lupus familiaris (Dog),457,324,456,,InterPro:IPR039457
A0A8C0UY33,Ly6/PLAUR domain-containing protein 6B,Cyanistes caeruleus (Eurasian blue tit),170,5,166,,InterPro:IPR039457
A0A8C0W937,Ly6/PLAUR domain-containing protein 6,Castor canadensis (American beaver),184,5,133,,InterPro:IPR039457
A0A8C0WZM1,Ly6/PLAUR domain-containing protein 6B,Castor canadensis (American beaver),189,22,188,,InterPro:IPR039457
A0A8C0X1D1,Ly6/PLAUR domain-containing protein 6B,Castor canadensis (American beaver),190,23,189,,InterPro:IPR039457
A0A8C0X4H9,Ly6/PLAUR domain-containing protein 6,Castor canadensis (American beaver),170,5,169,,InterPro:IPR039457
A0A8C0Z4A5,LY6/PLAUR domain containing 6B,Canis lupus familiaris (Dog),183,18,182,,InterPro:IPR039457
A0A8C0Z4B3,LY6/PLAUR domain containing 6,Canis lupus familiaris (Dog),457,324,456,,InterPro:IPR039457
A0A8C0ZEG2,LY6/PLAUR domain containing 6,Cyanistes caeruleus (Eurasian blue tit),156,8,139,,InterPro:IPR039457
A0A8C0ZU97,Ly6/PLAUR domain-containing protein 6B,Castor canadensis (American beaver),183,16,182,,InterPro:IPR039457
A0A8C1CJ81,LY6/PLAUR domain containing 6,Cyprinus carpio carpio,170,12,166,,InterPro:IPR039457
A0A8C1DNH8,Ly6/PLAUR domain-containing protein 6B,Cyprinus carpio carpio,166,7,163,,InterPro:IPR039457
A0A8C1DNM9,Ly6/PLAUR domain-containing protein 6B,Cyprinus carpio (Common carp),166,7,163,,InterPro:IPR039457
A0A8C1YFI2,Ly6/PLAUR domain-containing protein 6,Cyprinus carpio (Common carp),173,5,169,,InterPro:IPR039457
A0A8C2D6Q4,Ly6/PLAUR domain-containing protein 6,Cyprinus carpio (Common carp),170,12,166,,InterPro:IPR039457
A0A8C2D893,Ly6/PLAUR domain-containing protein 6B,Cyprinus carpio (Common carp),166,7,163,,InterPro:IPR039457
A0A8C2FB93,Ly6/PLAUR domain-containing protein 6,Cyprinus carpio (Common carp),173,5,169,,InterPro:IPR039457
A0A8C2HLD8,Ly6/PLAUR domain-containing protein 6B,Cyprinus carpio (Common carp),166,7,163,,InterPro:IPR039457
A0A8C2N843,LY6/PLAUR domain containing 6B,Capra hircus (Goat),275,108,274,,InterPro:IPR039457
A0A8C2N8D5,LY6/PLAUR domain containing 6,Capra hircus (Goat),187,5,166,,InterPro:IPR039457
A0A8C2N8H0,LY6/PLAUR domain containing 6B,Capra hircus (Goat),258,73,223,,InterPro:IPR039457
A0A8C2N8I2,LY6/PLAUR domain containing 6B,Capra hircus (Goat),261,94,260,,InterPro:IPR039457
A0A8C2N8J7,Ly6/PLAUR domain-containing protein 6,Capra hircus (Goat),164,5,116,,InterPro:IPR039457
A0A8C2N8K8,Ly6/PLAUR domain-containing protein 6,Capra hircus (Goat),182,5,158,,InterPro:IPR039457
A0A8C2N9T7,LY6/PLAUR domain containing 6B,Capra hircus (Goat),239,72,238,,InterPro:IPR039457
A0A8C2NGA2,LY6/PLAUR domain containing 6B,Capra hircus (Goat),267,100,266,,InterPro:IPR039457
A0A8C2NGF3,LY6/PLAUR domain containing 6B,Capra hircus (Goat),221,54,220,,InterPro:IPR039457
A0A8C2QES6,LY6/PLAUR domain containing 6B,Cricetulus griseus (Chinese hamster),190,23,189,,InterPro:IPR039457
A0A8C2QFA5,Ly6/PLAUR domain-containing protein 6,Cricetulus griseus (Chinese hamster),171,5,170,,InterPro:IPR039457
A0A8C2QQM4,LY6/PLAUR domain containing 6B,Capra hircus (Goat),238,71,237,,InterPro:IPR039457
A0A8C2UC84,Ly6/PLAUR domain-containing protein 6B,Coturnix japonica (Japanese quail),169,6,168,,InterPro:IPR039457
A0A8C2UES6,LY6/PLAUR domain containing 6,Coturnix japonica (Japanese quail),151,21,149,,InterPro:IPR039457
A0A8C2USK2,Ly6/PLAUR domain-containing protein 6,Chinchilla lanigera (Long-tailed chinchilla),171,5,170,,InterPro:IPR039457
A0A8C2UST8,LY6/PLAUR domain containing 6B,Chinchilla lanigera (Long-tailed chinchilla),181,13,179,,InterPro:IPR039457
A0A8C2WRH6,LY6/PLAUR domain containing 6,Cyclopterus lumpus (Lumpsucker),176,5,168,,InterPro:IPR039457
A0A8C3EDW5,Uncharacterized protein,Corvus moneduloides (New Caledonian crow),298,135,297,,InterPro:IPR039457
A0A8C3EG38,Uncharacterized protein,Corvus moneduloides (New Caledonian crow),193,52,162,,InterPro:IPR039457
A0A8C3EIW5,Uncharacterized protein,Corvus moneduloides (New Caledonian crow),178,8,147,,InterPro:IPR039457
A0A8C3GKQ5,Ly6/PLAUR domain-containing protein 6B,Cairina moschata (Muscovy duck),169,3,168,,InterPro:IPR039457
A0A8C3GKR1,Ly6/PLAUR domain-containing protein 6,Cairina moschata (Muscovy duck),169,4,165,,InterPro:IPR039457
A0A8C3IPM8,Ly6/PLAUR domain-containing protein 6B,Chrysemys picta bellii (Western painted turtle),203,38,202,,InterPro:IPR039457
A0A8C3IQH2,UPAR/Ly6 domain-containing protein,Chrysemys picta bellii (Western painted turtle),169,5,167,,InterPro:IPR039457
A0A8C3JNG8,Ly6/PLAUR domain-containing protein 6B,Calidris pygmaea (Spoon-billed sandpiper),169,2,168,,InterPro:IPR039457
A0A8C3JQZ8,Ly6/PLAUR domain-containing protein 6,Calidris pygmaea (Spoon-billed sandpiper),183,4,167,,InterPro:IPR039457
A0A8C3M1A9,Ly6/PLAUR domain-containing protein 6B,Chrysolophus pictus (Golden pheasant),203,40,202,,InterPro:IPR039457
A0A8C3M2K2,Ly6/PLAUR domain-containing protein 6,Chrysolophus pictus (Golden pheasant),169,4,167,,InterPro:IPR039457
A0A8C3MTJ2,Uncharacterized protein,Geospiza parvula (Small tree-finch),247,81,240,,InterPro:IPR039457
A0A8C3Q8E1,Uncharacterized protein,Geospiza parvula (Small tree-finch),158,7,148,,InterPro:IPR039457
A0A8C3TW59,Ly6/PLAUR domain-containing protein 6,Catharus ustulatus (Russet-backed thrush),185,11,155,,InterPro:IPR039457
A0A8C3TZ83,LY6/PLAUR domain containing 6,Catharus ustulatus (Russet-backed thrush),224,77,193,,InterPro:IPR039457
A0A8C3U184,Ly6/PLAUR domain-containing protein 6,Catharus ustulatus (Russet-backed thrush),183,11,153,,InterPro:IPR039457
A0A8C3U1F1,LPD6B protein,Catharus ustulatus (Russet-backed thrush),200,52,194,,InterPro:IPR039457
A0A8C3WZU7,Ly6/PLAUR domain-containing protein 6,Catagonus wagneri (Chacoan peccary),171,5,170,,InterPro:IPR039457
A0A8C3X4L8,LY6/PLAUR domain containing 6B,Catagonus wagneri (Chacoan peccary),184,17,183,,InterPro:IPR039457
A0A8C3XIB1,UPAR/Ly6 domain-containing protein,Chelydra serpentina (Snapping turtle),169,5,167,,InterPro:IPR039457
A0A8C3XIV5,LY6/PLAUR domain containing 6B,Chelydra serpentina (Snapping turtle),177,12,176,,InterPro:IPR039457
A0A8C3YMP4,LY6/PLAUR domain containing 6B,Catagonus wagneri (Chacoan peccary),177,10,176,,InterPro:IPR039457
A0A8C4KGE0,LPD6B protein,Dromaius novaehollandiae (Emu),169,2,168,,InterPro:IPR039457
A0A8C4N268,LY6/PLAUR domain containing 6B,Equus asinus asinus,186,19,185,,InterPro:IPR039457
A0A8C4N6T6,LY6/PLAUR domain containing 6B,Equus asinus asinus,171,4,170,,InterPro:IPR039457
A0A8C4N9U8,LY6/PLAUR domain containing 6,Equus asinus (Donkey),237,69,236,,InterPro:IPR039457
A0A8C4PCS3,LYPD6 protein,Dromaius novaehollandiae (Emu),169,4,167,,InterPro:IPR039457
A0A8C4QAI6,LY6/PLAUR domain containing 6,Eptatretus burgeri (Inshore hagfish),185,36,145,,InterPro:IPR039457
A0A8C4SDL5,Ly6/PLAUR domain-containing protein 6B,Erpetoichthys calabaricus (Rope fish),172,13,170,,InterPro:IPR039457
A0A8C4SDM5,Ly6/PLAUR domain-containing protein 6,Erpetoichthys calabaricus (Rope fish),171,5,169,,InterPro:IPR039457
A0A8C4VEW4,Ly6/PLAUR domain-containing protein 6,Falco tinnunculus (Common kestrel),183,4,168,,InterPro:IPR039457
A0A8C4VIP9,Ly6/PLAUR domain-containing protein 6B,Falco tinnunculus (Common kestrel),169,4,168,,InterPro:IPR039457
A0A8C4YRR5,LY6/PLAUR domain containing 6B,Gopherus evgoodei (Goodes thornscrub tortoise),185,18,184,,InterPro:IPR039457
A0A8C4YSR3,Ly6/PLAUR domain-containing protein 6,Gopherus evgoodei (Goodes thornscrub tortoise),169,5,167,,InterPro:IPR039457
A0A8C4YSY5,LY6/PLAUR domain containing 6B,Gopherus evgoodei (Goodes thornscrub tortoise),228,61,227,,InterPro:IPR039457
A0A8C5ASS0,Ly6/PLAUR domain-containing protein 6B,Gadus morhua (Atlantic cod),176,9,153,,InterPro:IPR039457
A0A8C5BLW4,Ly6/PLAUR domain-containing protein 6,Gadus morhua (Atlantic cod),174,5,160,,InterPro:IPR039457
A0A8C5G395,LY6/PLAUR domain containing 6,Gouania willdenowi (Blunt-snouted clingfish),170,6,151,,InterPro:IPR039457
A0A8C5I7K5,LY6/PLAUR domain containing 6,Gouania willdenowi (Blunt-snouted clingfish),173,5,150,,InterPro:IPR039457
A0A8C5IHL1,LY6/PLAUR domain containing 6B,Junco hyemalis (Dark-eyed junco),148,87,142,,InterPro:IPR039457
A0A8C5IIX8,LY6/PLAUR domain containing 6B,Junco hyemalis (Dark-eyed junco),155,94,149,,InterPro:IPR039457
A0A8C5IL93,LYPD6 protein,Junco hyemalis (Dark-eyed junco),175,7,149,,InterPro:IPR039457
A0A8C5KAL9,LY6/PLAUR domain containing 6B,Jaculus jaculus (Lesser Egyptian jerboa),179,12,178,,InterPro:IPR039457
A0A8C5L2R7,Ly6/PLAUR domain-containing protein 6,Jaculus jaculus (Lesser Egyptian jerboa),171,5,170,,InterPro:IPR039457
A0A8C5MPP5,Ly6/PLAUR domain-containing protein 6B,Leptobrachium leishanense (Leishan spiny toad),169,8,166,,InterPro:IPR039457
A0A8C5MW61,Ly6/PLAUR domain-containing protein 6,Leptobrachium leishanense (Leishan spiny toad),170,5,163,,InterPro:IPR039457
A0A8C5NK16,LYPD6 protein,Junco hyemalis (Dark-eyed junco),197,26,171,,InterPro:IPR039457
A0A8C5NX92,LY6/PLAUR domain containing 6B,Jaculus jaculus (Lesser Egyptian jerboa),181,14,180,,InterPro:IPR039457
A0A8C5S7C3,Ly6/PLAUR domain-containing protein 6B,Laticauda laticaudata (Blue-ringed sea krait),163,35,160,,InterPro:IPR039457
A0A8C5SV90,Ly6/PLAUR domain-containing protein 6,Laticauda laticaudata (Blue-ringed sea krait),150,17,146,,InterPro:IPR039457
A0A8C5SVV4,Ly6/PLAUR domain-containing protein 6,Laticauda laticaudata (Blue-ringed sea krait),148,17,147,,InterPro:IPR039457
A0A8C5U4A6,LY6/PLAUR domain containing 6B,Malurus cyaneus samueli,164,67,162,,InterPro:IPR039457
A0A8C5V7V1,LY6/PLAUR domain containing 6B,Microcebus murinus (Gray mouse lemur),207,41,205,,InterPro:IPR039457
A0A8C5VF62,LY6/PLAUR domain containing 6B,Microcebus murinus (Gray mouse lemur),183,17,181,,InterPro:IPR039457
A0A8C5X7J4,LY6/PLAUR domain containing 6,Malurus cyaneus samueli,200,17,159,,InterPro:IPR039457
A0A8C6A5P5,Ly6/PLAUR domain-containing protein 6,Marmota marmota marmota (Alpine marmot),171,5,170,,InterPro:IPR039457
A0A8C6A8M8,LY6/PLAUR domain containing 6B,Marmota marmota marmota (Alpine marmot),186,19,185,,InterPro:IPR039457
A0A8C6BCI3,LY6/PLAUR domain containing 6B,Monodon monoceros (Narwhal),183,16,182,,InterPro:IPR039457
A0A8C6E453,Ly6/PLAUR domain-containing protein 6,Moschus moschiferus (Siberian musk deer),171,5,170,,InterPro:IPR039457
A0A8C6E7K5,LY6/PLAUR domain containing 6B,Moschus moschiferus (Siberian musk deer),183,16,182,,InterPro:IPR039457
A0A8C6HQ76,Ly6/PLAUR domain-containing protein 6B,Mus spicilegus (Steppe mouse),191,21,187,,InterPro:IPR039457
A0A8C6HQ98,Ly6/PLAUR domain-containing protein 6B,Mus spicilegus (Steppe mouse),198,28,194,,InterPro:IPR039457
A0A8C6JU24,Uncharacterized protein,Melopsittacus undulatus (Budgerigar),175,10,174,,InterPro:IPR039457
A0A8C6JUR9,Uncharacterized protein,Melopsittacus undulatus (Budgerigar),180,3,166,,InterPro:IPR039457
A0A8C6KJL6,LY6/PLAUR domain containing 6,Nothobranchius furzeri (Turquoise killifish),173,5,160,,InterPro:IPR039457
A0A8C6MZE3,Ly6/PLAUR domain-containing protein 6,Mus spicilegus (Steppe mouse),171,5,170,,InterPro:IPR039457
A0A8C6QTB3,Ly6/PLAUR domain-containing protein 6,Nannospalax galili (Northern Israeli blind subterranean mole rat),171,5,170,,InterPro:IPR039457
A0A8C6QY05,LY6/PLAUR domain containing 6B,Nannospalax galili (Northern Israeli blind subterranean mole rat),181,15,180,,InterPro:IPR039457
A0A8C6QY14,Ly6/PLAUR domain-containing protein 6B,Nannospalax galili (Northern Israeli blind subterranean mole rat),174,14,173,,InterPro:IPR039457
A0A8C6QZ82,LY6/PLAUR domain containing 6B,Nannospalax galili (Northern Israeli blind subterranean mole rat),187,21,186,,InterPro:IPR039457
A0A8C6SA31,LY6/PLAUR domain containing 6,Neogobius melanostomus (round goby),166,18,147,,InterPro:IPR039457
A0A8C6SA39,LY6/PLAUR domain containing 6,Neogobius melanostomus (round goby),161,9,151,,InterPro:IPR039457
A0A8C6SHH0,LY6/PLAUR domain containing 6,Neogobius melanostomus (round goby),164,29,154,,InterPro:IPR039457
A0A8C6X792,Ly6/PLAUR domain-containing protein 6,Naja naja (Indian cobra),169,5,165,,InterPro:IPR039457
A0A8C6X7M0,Ly6/PLAUR domain-containing protein 6B,Naja naja (Indian cobra),170,49,167,,InterPro:IPR039457
A0A8C6X7W0,Ly6/PLAUR domain-containing protein 6B,Naja naja (Indian cobra),173,48,170,,InterPro:IPR039457
A0A8C6X7W8,Ly6/PLAUR domain-containing protein 6B,Naja naja (Indian cobra),174,43,171,,InterPro:IPR039457
A0A8C6ZY35,Ly6/PLAUR domain-containing protein 6,Nothoprocta perdicaria (Chilean tinamou),168,4,166,,InterPro:IPR039457
A0A8C7A2W5,LPD6B protein,Nothoprocta perdicaria (Chilean tinamou),182,17,180,,InterPro:IPR039457
A0A8C7A983,Ly6/PLAUR domain-containing protein 6B,Neovison vison (American mink),184,18,183,,InterPro:IPR039457
A0A8C7AJ89,Ly6/PLAUR domain-containing protein 6B,Neovison vison (American mink),184,18,183,,InterPro:IPR039457
A0A8C7DU58,Ly6/PLAUR domain-containing protein 6B,Naja naja (Indian cobra),160,39,157,,InterPro:IPR039457
A0A8C7I0Y0,Ly6/PLAUR domain-containing protein 6B,Oncorhynchus kisutch (Coho salmon),201,30,187,,InterPro:IPR039457
A0A8C7I854,Ly6/PLAUR domain-containing protein 6,Oncorhynchus kisutch (Coho salmon),173,5,169,,InterPro:IPR039457
A0A8C7KQ65,Ly6/PLAUR domain-containing protein 6,Oncorhynchus kisutch (Coho salmon),176,6,165,,InterPro:IPR039457
A0A8C7KR81,Ly6/PLAUR domain-containing protein 6B,Oncorhynchus kisutch (Coho salmon),183,9,170,,InterPro:IPR039457
A0A8C7N737,Ly6/PLAUR domain-containing protein 6,Oncorhynchus kisutch (Coho salmon),173,5,168,,InterPro:IPR039457
A0A8C7NSZ3,Ly6/PLAUR domain-containing protein 6B,Oncorhynchus mykiss (Rainbow trout),183,8,170,,InterPro:IPR039457
A0A8C7RHA8,LY6/PLAUR domain containing 6B,Oncorhynchus mykiss (Rainbow trout),188,18,174,,InterPro:IPR039457
A0A8C7SYP8,Ly6/PLAUR domain-containing protein 6,Oncorhynchus mykiss (Rainbow trout),176,6,165,,InterPro:IPR039457
A0A8C7VVB3,Ly6/PLAUR domain-containing protein 6,Oncorhynchus mykiss (Rainbow trout),173,5,169,,InterPro:IPR039457
A0A8C7YRM5,LY6/PLAUR domain containing 6,Oryzias sinensis (Chinese medaka),132,7,128,,InterPro:IPR039457
A0A8C7YTW9,LY6/PLAUR domain containing 6,Oryzias sinensis (Chinese medaka),166,32,162,,InterPro:IPR039457
A0A8C7YTZ3,LY6/PLAUR domain containing 6,Oryzias sinensis (Chinese medaka),170,26,166,,InterPro:IPR039457
A0A8C8AND3,Ly6/PLAUR domain-containing protein 6,Otus sunia (Oriental scops-owl),183,5,168,,InterPro:IPR039457
A0A8C8AQY6,Ly6/PLAUR domain-containing protein 6B,Otus sunia (Oriental scops-owl),169,5,168,,InterPro:IPR039457
A0A8C8R912,UPAR/Ly6 domain-containing protein,Pelusios castaneus (West African mud turtle),169,5,167,,InterPro:IPR039457
A0A8C8UG34,Ly6/PLAUR domain-containing protein 6B,Peromyscus maniculatus bairdii (Prairie deer mouse),189,22,188,,InterPro:IPR039457
A0A8C8VEE9,Ly6/PLAUR domain-containing protein 6B,Pelusios castaneus (West African mud turtle),169,4,168,,InterPro:IPR039457
A0A8C8YB79,LY6/PLAUR domain containing 6B,Panthera leo (Lion),205,40,202,,InterPro:IPR039457
A0A8C8YEP9,Ly6/PLAUR domain-containing protein 6,Panthera leo (Lion),171,5,170,,InterPro:IPR039457
A0A8C8YGQ5,LY6/PLAUR domain containing 6B,Panthera leo (Lion),182,17,179,,InterPro:IPR039457
A0A8C8YUI4,Ly6/PLAUR domain-containing protein 6,Prolemur simus (Greater bamboo lemur),171,4,170,,InterPro:IPR039457
A0A8C8YUP3,LY6/PLAUR domain containing 6B,Prolemur simus (Greater bamboo lemur),205,39,204,,InterPro:IPR039457
A0A8C8YYL2,LY6/PLAUR domain containing 6B,Prolemur simus (Greater bamboo lemur),182,16,181,,InterPro:IPR039457
A0A8C8YYX0,LY6/PLAUR domain containing 6B,Prolemur simus (Greater bamboo lemur),183,17,182,,InterPro:IPR039457
A0A8C8YZ09,LY6/PLAUR domain containing 6B,Prolemur simus (Greater bamboo lemur),183,17,182,,InterPro:IPR039457
A0A8C9EEI4,LY6/PLAUR domain containing 6B,Phocoena sinus (Vaquita),207,40,206,,InterPro:IPR039457
A0A8C9EF14,Ly6/PLAUR domain-containing protein 6B,Phocoena sinus (Vaquita),183,16,182,,InterPro:IPR039457
A0A8C9F052,Ly6/PLAUR domain-containing protein 6,Pavo cristatus (Indian peafowl),181,5,134,,InterPro:IPR039457
A0A8C9F3L0,Uncharacterized protein,Pavo cristatus (Indian peafowl),113,49,112,,InterPro:IPR039457
A0A8C9HMM1,Ly6/PLAUR domain-containing protein 6B,Piliocolobus tephrosceles (Ugandan red Colobus),182,15,181,,InterPro:IPR039457
A0A8C9HMM6,LY6/PLAUR domain containing 6B,Piliocolobus tephrosceles (Ugandan red Colobus),206,39,205,,InterPro:IPR039457
A0A8C9HP53,LY6/PLAUR domain containing 6B,Piliocolobus tephrosceles (Ugandan red Colobus),182,15,181,,InterPro:IPR039457
A0A8C9HP94,Ly6/PLAUR domain-containing protein 6,Piliocolobus tephrosceles (Ugandan red Colobus),171,5,170,,InterPro:IPR039457
A0A8C9JIZ8,LY6/PLAUR domain containing 6B,Panthera tigris altaica (Siberian tiger),206,41,203,,InterPro:IPR039457
A0A8C9JJB2,Ly6/PLAUR domain-containing protein 6,Panthera tigris altaica (Siberian tiger),171,5,170,,InterPro:IPR039457
A0A8C9KZ98,Ly6/PLAUR domain-containing protein 6,Phocoena sinus (Vaquita),171,5,170,,InterPro:IPR039457
A0A8C9M4R9,LY6/PLAUR domain containing 6B,Panthera tigris altaica (Siberian tiger),177,12,174,,InterPro:IPR039457
A0A8C9MZE2,LY6/PLAUR domain containing 6,Serinus canaria (Island canary),257,116,225,,InterPro:IPR039457
A0A8C9N0B9,Ly6/PLAUR domain-containing protein 6B,Serinus canaria (Island canary),175,6,166,,InterPro:IPR039457
A0A8C9N1B2,LY6/PLAUR domain containing 6,Serinus canaria (Island canary),186,13,154,,InterPro:IPR039457
A0A8C9NZ57,Ly6/PLAUR domain-containing protein 6B,Spermophilus dauricus (Daurian ground squirrel),190,22,141,,InterPro:IPR039457
A0A8C9S116,Ly6/PLAUR domain-containing protein 6-like,Scleropages formosus (Asian bonytongue),176,5,165,,InterPro:IPR039457
A0A8C9T2J6,Ly6/PLAUR domain-containing protein 6B-like,Scleropages formosus (Asian bonytongue),173,9,168,,InterPro:IPR039457
A0A8C9U7I7,Ly6/PLAUR domain-containing protein 6-like,Scleropages formosus (Asian bonytongue),225,61,173,,InterPro:IPR039457
A0A8C9UVA9,Ly6/PLAUR domain-containing protein 6,Spermophilus dauricus (Daurian ground squirrel),171,5,170,,InterPro:IPR039457
A0A8C9VB91,Ly6/PLAUR domain-containing protein 6-like,Scleropages formosus (Asian bonytongue),225,61,219,,InterPro:IPR039457
A0A8C9VDN5,Ly6/PLAUR domain-containing protein 6-like,Scleropages formosus (Asian bonytongue),169,5,163,,InterPro:IPR039457
A0A8D0DHS7,LY6/PLAUR domain containing 6,Sander lucioperca (Pike-perch),173,5,154,,InterPro:IPR039457
A0A8D0EEF0,Ly6/PLAUR domain-containing protein 6,Salvator merianae (Argentine black and white tegu),169,5,167,,InterPro:IPR039457
A0A8D0EF31,Ly6/PLAUR domain-containing protein 6B,Salvator merianae (Argentine black and white tegu),174,7,171,,InterPro:IPR039457
A0A8D0FIQ4,LY6/PLAUR domain containing 6,Strix occidentalis caurina (northern spotted owl),189,11,174,,InterPro:IPR039457
A0A8D0FJW6,LY6/PLAUR domain containing 6,Strix occidentalis caurina (northern spotted owl),179,11,172,,InterPro:IPR039457
A0A8D0FK06,Ly6/PLAUR domain-containing protein 6B,Strix occidentalis caurina (northern spotted owl),188,91,187,,InterPro:IPR039457
A0A8D0G3F8,Ly6/PLAUR domain-containing protein 6B,Sphenodon punctatus (Tuatara),184,19,183,,InterPro:IPR039457
A0A8D0G6Q9,LY6/PLAUR domain containing 6B,Sphenodon punctatus (Tuatara),184,19,183,,InterPro:IPR039457
A0A8D0G817,Ly6/PLAUR domain-containing protein 6,Sphenodon punctatus (Tuatara),169,5,167,,InterPro:IPR039457
A0A8D0JCG5,LY6/PLAUR domain containing 6B,Sus scrofa (Pig),185,18,184,,InterPro:IPR039457
A0A8D0N7A1,LY6/PLAUR domain containing 6B,Sus scrofa (Pig),189,22,188,,InterPro:IPR039457
A0A8D0NBU2,LY6/PLAUR domain containing 6B,Sus scrofa (Pig),185,18,184,,InterPro:IPR039457
A0A8D0UVY2,LY6/PLAUR domain containing 6B,Sus scrofa (Pig),189,22,188,,InterPro:IPR039457
A0A8D1C096,LY6/PLAUR domain containing 6,Sus scrofa (Pig),264,131,263,,InterPro:IPR039457
A0A8D1KEJ6,Ly6/PLAUR domain-containing protein 6,Sus scrofa (Pig),171,38,170,,InterPro:IPR039457
A0A8D1QZW4,LY6/PLAUR domain containing 6B,Sus scrofa (Pig),189,22,188,,InterPro:IPR039457
A0A8D1T4X5,LY6/PLAUR domain containing 6B,Sus scrofa (Pig),189,22,188,,InterPro:IPR039457
A0A8D1XPJ1,LY6/PLAUR domain containing 6B,Sus scrofa (Pig),174,7,173,,InterPro:IPR039457
A0A8D1Z4X9,Ly6/PLAUR domain-containing protein 6,Sus scrofa (Pig),171,5,170,,InterPro:IPR039457
A0A8D2AQ00,Ly6/PLAUR domain-containing protein 6,Sciurus vulgaris (Eurasian red squirrel),171,5,170,,InterPro:IPR039457
A0A8D2ASW1,LY6/PLAUR domain containing 6B,Sciurus vulgaris (Eurasian red squirrel),183,16,182,,InterPro:IPR039457
A0A8D2EEU5,LY6/PLAUR domain containing 6B,Theropithecus gelada (Gelada baboon),182,15,181,,InterPro:IPR039457
A0A8D2EGV7,LY6/PLAUR domain containing 6B,Theropithecus gelada (Gelada baboon),182,15,181,,InterPro:IPR039457
A0A8D2GZB0,Ly6/PLAUR domain-containing protein 6,Urocitellus parryii (Arctic ground squirrel),171,5,170,,InterPro:IPR039457
A0A8D2H1M4,LY6/PLAUR domain containing 6B,Urocitellus parryii (Arctic ground squirrel),180,13,179,,InterPro:IPR039457
A0A8D2JW23,LY6/PLAUR domain containing 6B,Theropithecus gelada (Gelada baboon),206,39,205,,InterPro:IPR039457
A0A8D2JWA0,Ly6/PLAUR domain-containing protein 6,Theropithecus gelada (Gelada baboon),171,5,170,,InterPro:IPR039457
A0A8D2LNS0,Ly6/PLAUR domain-containing protein 6B,Varanus komodoensis (Komodo dragon),186,20,184,,InterPro:IPR039457
A0A8D2LPV1,Ly6/PLAUR domain-containing protein 6B,Varanus komodoensis (Komodo dragon),180,14,178,,InterPro:IPR039457
A0A8D2LQL0,Ly6/PLAUR domain-containing protein 6,Varanus komodoensis (Komodo dragon),169,5,167,,InterPro:IPR039457
A0A8D2M2B6,Uncharacterized protein,Zonotrichia albicollis (White-throated sparrow),180,34,68,,InterPro:IPR039457
A0A8D2NVN4,Ly6/PLAUR domain-containing protein 6,Zosterops lateralis melanops,176,11,147,,InterPro:IPR039457
A0A8D2PY45,Ly6/PLAUR domain-containing protein 6B,Zosterops lateralis melanops,176,75,171,,InterPro:IPR039457
A0A8D3DFJ9,Ly6/PLAUR domain-containing protein 6,Scophthalmus maximus (Turbot),182,5,167,,InterPro:IPR039457
A0A8D8YXI9,Ly6/PLAUR domain-containing protein 6B,Cacopsylla melanoneura,174,30,148,,InterPro:IPR039457
A0A8I3N6F5,LY6/PLAUR domain containing 6B,Canis lupus familiaris (Dog),186,18,179,,InterPro:IPR039457
A0A8I3N6K6,LY6/PLAUR domain containing 6,Canis lupus familiaris (Dog),171,5,170,,InterPro:IPR039457
A0A8I3N6M0,LY6/PLAUR domain containing 6B,Canis lupus familiaris (Dog),186,18,179,,InterPro:IPR039457
A0A8I5NKZ2,LY6/PLAUR domain containing 6B,Papio anubis (Olive baboon),206,39,205,,InterPro:IPR039457
A0A8I5T0Z0,LY6/PLAUR domain containing 6B,Pongo abelii (Sumatran orangutan),242,75,241,,InterPro:IPR039457
A0A8I5U7A0,LY6/PLAUR domain containing 6B,Pongo abelii (Sumatran orangutan),260,93,259,,InterPro:IPR039457
A0A8I5YMX8,LY6/PLAUR domain containing 6B,Pongo abelii (Sumatran orangutan),225,58,224,,InterPro:IPR039457
A0A8I6SUS8,Uncharacterized protein,Cimex lectularius (Bed bug),169,25,141,,InterPro:IPR039457
A0A8J1TS30,Uncharacterized protein,Owenia fusiformis (Polychaete worm),175,30,165,,InterPro:IPR039457
A0A8J2MKD8,Similar to Lypd6b: Ly6/PLAUR domain-containing protein 6B (Mus musculus),Cotesia congregata (Parasitoid wasp),192,51,163,,InterPro:IPR039457
A0A8J2WHV1,Uncharacterized protein,Daphnia galeata,181,14,161,,InterPro:IPR039457
A0A8J2WJ03,Ly6/PLAUR domain-containing protein 6B,Daphnia galeata,204,56,169,,InterPro:IPR039457
A0A8J4IKZ4,LPD6B protein,Spheniscus mendiculus (Galapagos penguin),156,2,155,,InterPro:IPR039457
A0A8J4JE47,LPD6B protein,Eudyptes sclateri (Erect-crested penguin),156,2,155,,InterPro:IPR039457
A0A8J4JED3,LYPD6 protein,Eudyptula minor (Little blue penguin),137,1,136,,InterPro:IPR039457
A0A8J4JEH7,LPD6B protein,Eudyptula minor (Little blue penguin),156,2,155,,InterPro:IPR039457
A0A8J4JG28,LYPD6 protein,Eudyptes sclateri (Erect-crested penguin),150,1,149,,InterPro:IPR039457
A0A8J4KR37,Ly6/PLAUR domain-containing protein 6B,Eudyptes chrysocome (Western rockhopper penguin),156,2,155,,InterPro:IPR039457
A0A8J4LBI5,Ly6/PLAUR domain-containing protein 6B,Aptenodytes patagonicus (King penguin),156,2,155,,InterPro:IPR039457
A0A8J4MUW2,LYPD6 protein,Spheniscus mendiculus (Galapagos penguin),137,1,136,,InterPro:IPR039457
A0A8J4NVN3,LYPD6 protein,Eudyptes chrysocome (Western rockhopper penguin),137,1,136,,InterPro:IPR039457
A0A8J4P5W3,LYPD6 protein,Aptenodytes patagonicus (King penguin),137,1,136,,InterPro:IPR039457
A0A8J4UEP6,Ly6/PLAUR domain-containing protein 6B,Clarias magur (Asian catfish),186,26,178,,InterPro:IPR039457
A0A8J4WTE6,Ly6/PLAUR domain-containing protein 6,Clarias magur (Asian catfish),116,5,114,,InterPro:IPR039457
A0A8J5UVP5,Uncharacterized protein,Cotesia typhae,192,52,164,,InterPro:IPR039457
A0A8J5ZUQ8,Ly6/PLAUR domain-containing protein 6B,Galemys pyrenaicus (Iberian desman),169,3,166,,InterPro:IPR039457
A0A8J6A2I4,Ly6/PLAUR domain-containing protein 6,Galemys pyrenaicus (Iberian desman),137,6,136,,InterPro:IPR039457
A0A8J6EA99,Ly6/PLAUR domain-containing protein 6,Eleutherodactylus coqui (Puerto Rican coqui),172,4,170,,InterPro:IPR039457
A0A8J6EH38,Ly6/PLAUR domain-containing protein 6B,Eleutherodactylus coqui (Puerto Rican coqui),168,6,166,,InterPro:IPR039457
A0A8J6FWB5,LY6/PLAUR domain containing 6,Microtus ochrogaster (Prairie vole),201,69,200,,InterPro:IPR039457
A0A8J6FXZ1,Ly6/PLAUR domain-containing protein 6B,Microtus ochrogaster (Prairie vole),277,7,120,,InterPro:IPR039457
A0A8J6HT90,Uncharacterized protein,Tenebrio molitor (Yellow mealworm beetle),187,4,149,,InterPro:IPR039457
A0A8J7P3E4,UPAR/Ly6 domain-containing protein,Atractosteus spatula (Alligator gar),346,225,305,,InterPro:IPR039457
A0A8J7P8P5,Ly6/PLAUR domain-containing protein 6B,Atractosteus spatula (Alligator gar),173,10,168,,InterPro:IPR039457
A0A8J8XG33,Ly6/PLAUR domain-containing protein 6,Macaca mulatta (Rhesus macaque),171,5,170,,InterPro:IPR039457
A0A8J8YF51,LY6/PLAUR domain containing 6B,Macaca mulatta (Rhesus macaque),169,2,168,,InterPro:IPR039457
A0A8J9VF79,LYPD6 protein,Branchiostoma lanceolatum (Common lancelet),93,30,89,,InterPro:IPR039457
A0A8J9VJ66,LYPD6B protein,Branchiostoma lanceolatum (Common lancelet),171,6,170,,InterPro:IPR039457
A0A8J9YS84,Ly6/PLAUR domain-containing protein 6,Branchiostoma lanceolatum (Common lancelet),152,9,146,,InterPro:IPR039457
A0A8K0BCZ1,Ly6/PLAUR domain-containing protein 6,Eudyptes filholi (Southern rockhopper penguin),137,1,136,,InterPro:IPR039457
A0A8K0FIL1,Ly6/PLAUR domain-containing protein 6B,Eudyptes filholi (Southern rockhopper penguin),156,2,155,,InterPro:IPR039457
A0A8K1D6M4,Uncharacterized protein,Zosterops borbonicus,96,9,91,,InterPro:IPR039457
A0A8K1LC96,LYPD6,Zosterops borbonicus,160,1,76,,InterPro:IPR039457
A0A8K9WUY9,Ly6/PLAUR domain-containing protein 6,Oncorhynchus mykiss (Rainbow trout),175,6,164,,InterPro:IPR039457
A0A8M9Q4J3,Ly6/PLAUR domain-containing protein 6,Danio rerio (Zebrafish),174,5,167,,InterPro:IPR039457
A0A8N5EQY1,Ly6/PLAUR domain-containing protein 6B,Geospiza fortis (Medium ground-finch),225,59,218,,InterPro:IPR039457
A0A8P0PGG0,LY6/PLAUR domain containing 6B,Canis lupus familiaris (Dog),186,18,179,,InterPro:IPR039457
A0A8P0ST36,LY6/PLAUR domain containing 6,Canis lupus familiaris (Dog),171,5,170,,InterPro:IPR039457
A0A8P0TNF0,LY6/PLAUR domain containing 6B,Canis lupus familiaris (Dog),186,18,179,,InterPro:IPR039457
A0A8P4FXJ9,Ly6/PLAUR domain-containing protein 6,Dicentrarchus labrax (European seabass),167,5,158,,InterPro:IPR039457
A0A8P4G3T4,Ly6/PLAUR domain-containing protein 6,Dicentrarchus labrax (European seabass),175,5,166,,InterPro:IPR039457
A0A8P4GC77,LY6/PLAUR domain containing 6,Dicentrarchus labrax (European seabass),190,47,181,,InterPro:IPR039457
A0A8R2A0K4,Uncharacterized protein,Acyrthosiphon pisum (Pea aphid),183,39,149,,InterPro:IPR039457
A0A8S1CFF1,UPAR/Ly6 domain-containing protein,Cloeon dipterum,196,53,150,,InterPro:IPR039457
A0A8S1CUZ8,UPAR/Ly6 domain-containing protein,Cloeon dipterum,223,54,171,,InterPro:IPR039457
A0A8S1DAU7,UPAR/Ly6 domain-containing protein,Cloeon dipterum,155,17,146,,InterPro:IPR039457
A0A8S3QAR2,Uncharacterized protein,Mytilus edulis (Blue mussel),167,29,163,,InterPro:IPR039457
A0A8S4BH57,Ly6/PLAUR domain-containing protein 6B,Menidia menidia (Atlantic silverside),254,41,149,,InterPro:IPR039457
A0A8S9F2E5,LPD6B protein,Eudyptula minor novaehollandiae (Australian little penguin),156,2,155,,InterPro:IPR039457
A0A8S9F3K1,LYPD6 protein,Eudyptula minor novaehollandiae (Australian little penguin),137,1,136,,InterPro:IPR039457
A0A8T0BRE3,Ly6/PLAUR domain-containing protein 6,Silurus meridionalis (Southern catfish),172,5,165,,InterPro:IPR039457
A0A8T0BV21,Ly6/PLAUR domain-containing protein 6,Silurus meridionalis (Southern catfish),175,8,165,,InterPro:IPR039457
A0A8T0BX12,UPAR/Ly6 domain-containing protein,Silurus meridionalis (Southern catfish),169,8,163,,InterPro:IPR039457
A0A8T1SXX1,Ly6/PLAUR domain-containing protein 6B,Chelydra serpentina (Snapping turtle),169,4,168,,InterPro:IPR039457
A0A8T2ID64,Ly6/PLAUR domain-containing protein 6,Hymenochirus boettgeri (Congo dwarf clawed frog),170,5,165,,InterPro:IPR039457
A0A8T2JCT1,Ly6/PLAUR domain-containing protein 6B,Hymenochirus boettgeri (Congo dwarf clawed frog),126,1,125,,InterPro:IPR039457
A0A8T2K7H5,Ly6/PLAUR domain-containing protein 6B,Hymenochirus boettgeri (Congo dwarf clawed frog),168,8,163,,InterPro:IPR039457
A0A8T2KAH9,Ly6/PLAUR domain-containing protein 6B,Hymenochirus boettgeri (Congo dwarf clawed frog),177,16,172,,InterPro:IPR039457
A0A8T2LHL4,LY6/PLAUR domain containing 6,Astyanax mexicanus (Blind cave fish),173,5,167,,InterPro:IPR039457
A0A8T2PAZ2,Ly6/PLAUR domain-containing protein 6B,Albula glossodonta (roundjaw bonefish),260,97,257,,InterPro:IPR039457
A0A8T2PI43,Ly6/PLAUR domain-containing protein 6,Albula glossodonta (roundjaw bonefish),173,5,168,,InterPro:IPR039457
A0A8T2PIU2,Ly6/PLAUR domain-containing protein 6B,Albula glossodonta (roundjaw bonefish),228,92,226,,InterPro:IPR039457
A0A8T2PKD0,Ly6/PLAUR domain-containing protein 6,Albula glossodonta (roundjaw bonefish),175,5,168,,InterPro:IPR039457
A0A8T3CIH7,Ly6/PLAUR domain-containing protein 6B,Albula goreensis,199,36,196,,InterPro:IPR039457
A0A8T3CNV6,Ly6/PLAUR domain-containing protein 6,Albula goreensis,173,5,168,,InterPro:IPR039457
A0A8T3DQS4,Ly6/PLAUR domain-containing protein 6,Albula goreensis,175,5,168,,InterPro:IPR039457
A0A8T3DRY6,Ly6/PLAUR domain-containing protein 6B,Albula goreensis,167,4,164,,InterPro:IPR039457
A0A8U0R4G3,Ly6/PLAUR domain-containing protein 6,Salvelinus namaycush (Lake trout),175,6,164,,InterPro:IPR039457
A0A8U1BYF8,Ly6/PLAUR domain-containing protein 6,Salvelinus namaycush (Lake trout),173,5,168,,InterPro:IPR039457
A0A8U1ETU6,Ly6/PLAUR domain-containing protein 6B,Salvelinus namaycush (Lake trout),178,5,166,,InterPro:IPR039457
A0A8U1F5Z4,LY6/PLAUR domain containing 6B,Salvelinus namaycush (Lake trout),176,6,163,,InterPro:IPR039457
A0A8U1F680,Ly6/PLAUR domain-containing protein 6,Salvelinus namaycush (Lake trout),162,5,162,,InterPro:IPR039457
A0A8V0Y4C4,Ly6/PLAUR domain-containing protein 6,Gallus gallus (Chicken),169,4,167,,InterPro:IPR039457
A0A913YYL9,Uncharacterized protein,Patiria miniata (Bat star),178,30,165,,InterPro:IPR039457
A0A973Y7R9,LPD6B protein,Rhegmatorhina hoffmannsi (white-breasted antbird),152,2,64,,InterPro:IPR039457
A0A974BYT4,Ly6/PLAUR domain-containing protein 6B,Xenopus laevis (African clawed frog),171,4,167,,InterPro:IPR039457
A0A974H179,Ly6/PLAUR domain-containing protein 6,Xenopus laevis (African clawed frog),171,5,167,,InterPro:IPR039457
A0A974H188,Ly6/PLAUR domain-containing protein 6B,Xenopus laevis (African clawed frog),171,4,168,,InterPro:IPR039457
A0A974H3U4,Ly6/PLAUR domain-containing protein 6,Xenopus laevis (African clawed frog),171,5,167,,InterPro:IPR039457
A0A9B0C0U2,Ly6/PLAUR domain-containing protein 6B,Bombus terrestris (Buff-tailed bumblebee),187,49,155,,InterPro:IPR039457
A0A9B0LQ74,Ly6/PLAUR domain-containing protein 6B,Odobenus rosmarus divergens (Pacific walrus),211,46,210,,InterPro:IPR039457
A0A9B0T1T2,Ly6/PLAUR domain-containing protein 6B,Chrysochloris asiatica (Cape golden mole),169,2,168,,InterPro:IPR039457
A0A9B0T3B8,Ly6/PLAUR domain-containing protein 6,Chrysochloris asiatica (Cape golden mole),171,5,170,,InterPro:IPR039457
A0A9C6SJK3,Uncharacterized protein LOC100652173 isoform X1,Bombus terrestris (Buff-tailed bumblebee),189,49,120,,InterPro:IPR039457
A0A9C6WRV3,Uncharacterized protein LOC113212619,Frankliniella occidentalis (Western flower thrips),264,125,233,,InterPro:IPR039457
A0A9D2Y7A3,LY6/PLAUR domain containing 6,Nothobranchius furzeri (Turquoise killifish),189,5,176,,InterPro:IPR039457
A0A9D3NU08,Ly6/PLAUR domain-containing protein 6,Hemibagrus wyckioides,187,25,182,,InterPro:IPR039457
A0A9D3NZL6,UPAR/Ly6 domain-containing protein,Hemibagrus wyckioides,384,216,379,,InterPro:IPR039457
A0A9D3PPP2,Ly6/PLAUR domain-containing protein 6,Megalops atlanticus (Tarpon),182,32,171,,InterPro:IPR039457
A0A9D3PRJ1,Ly6/PLAUR domain-containing protein 6B,Megalops atlanticus (Tarpon),301,135,293,,InterPro:IPR039457
A0A9D3PSB9,Ly6/PLAUR domain-containing protein 6B,Megalops atlanticus (Tarpon),174,8,171,,InterPro:IPR039457
A0A9D3PV70,Ly6/PLAUR domain-containing protein 6,Megalops atlanticus (Tarpon),175,5,169,,InterPro:IPR039457
A0A9D3S325,LY6/PLAUR domain containing 6B,Anguilla anguilla (European freshwater eel),180,18,178,,InterPro:IPR039457
A0A9D3S7I3,Ly6/PLAUR domain-containing protein 6,Anguilla anguilla (European freshwater eel),173,6,168,,InterPro:IPR039457
A0A9D3XTD4,UPAR/Ly6 domain-containing protein,Mauremys mutica (yellowpond turtle),169,5,167,,InterPro:IPR039457
A0A9D4B937,Ly6/PLAUR domain-containing protein 6B,Mauremys mutica (yellowpond turtle),124,2,117,,InterPro:IPR039457
A0A9D4CS43,Uncharacterized protein,Dreissena polymorpha (Zebra mussel),161,26,137,,InterPro:IPR039457
A0A9D4CTV4,Uncharacterized protein,Dreissena polymorpha (Zebra mussel),123,15,93,,InterPro:IPR039457
A0A9F2R3X8,Ly6/PLAUR domain-containing protein 6B,Python bivittatus (Burmese python),174,8,172,,InterPro:IPR039457
A0A9F2R4Q0,Ly6/PLAUR domain-containing protein 6,Python bivittatus (Burmese python),169,5,166,,InterPro:IPR039457
A0A9J7H2E7,Ly6/PLAUR domain-containing protein 6B,Cricetulus griseus (Chinese hamster),169,2,168,,InterPro:IPR039457
A0A9J7LTL7,UPAR/Ly6 domain-containing protein,Branchiostoma floridae (Florida lancelet),174,12,168,,InterPro:IPR039457
A0A9J7LTU4,Ly6/PLAUR domain-containing protein 6B-like,Branchiostoma floridae (Florida lancelet),171,6,170,,InterPro:IPR039457
A0A9J7N2W6,UPAR/Ly6 domain-containing protein,Branchiostoma floridae (Florida lancelet),208,42,204,,InterPro:IPR039457
A0A9J8BRM0,Ly6/PLAUR domain-containing protein 6,Cyprinus carpio carpio,173,5,169,,InterPro:IPR039457
A0A9L0J7S8,LY6/PLAUR domain containing 6B,Equus asinus (Donkey),183,16,182,,InterPro:IPR039457
A0A9L0JGM3,LY6/PLAUR domain containing 6,Equus asinus (Donkey),154,54,153,,InterPro:IPR039457
A0A9L0JRR0,LY6/PLAUR domain containing 6B,Equus asinus (Donkey),207,40,206,,InterPro:IPR039457
A0A9L0QYQ8,LY6/PLAUR domain containing 6,Equus caballus (Horse),215,47,214,,InterPro:IPR039457
A0A9L0R3Q4,LY6/PLAUR domain containing 6,Equus caballus (Horse),222,54,221,,InterPro:IPR039457
A0A9L0R4R7,LY6/PLAUR domain containing 6,Equus caballus (Horse),191,23,190,,InterPro:IPR039457
A0A9L0S3I6,LY6/PLAUR domain containing 6,Equus caballus (Horse),193,25,192,,InterPro:IPR039457
A0A9L0SXX6,LY6/PLAUR domain containing 6,Equus caballus (Horse),217,49,216,,InterPro:IPR039457
A0A9L0SZ57,LY6/PLAUR domain containing 6,Equus caballus (Horse),224,56,223,,InterPro:IPR039457
A0A9L0TCI3,LY6/PLAUR domain containing 6,Equus caballus (Horse),195,27,194,,InterPro:IPR039457
A0A9N7YUV8,LY6/PLAUR domain containing 6,Pleuronectes platessa (European plaice),171,6,152,,InterPro:IPR039457
A0A9N9MVL9,Ly6/PLAUR domain-containing protein 6B,Ceutorhynchus assimilis (cabbage seed weevil),188,6,146,,InterPro:IPR039457
A0A9P0AW46,Uncharacterized protein,Brassicogethes aeneus (Rape pollen beetle),192,6,154,,InterPro:IPR039457
A0A9P0CQ09,Uncharacterized protein,Psylliodes chrysocephalus,296,108,254,,InterPro:IPR039457
A0A9P0DM67,Uncharacterized protein,Phaedon cochleariae (Mustard beetle),191,6,148,,InterPro:IPR039457
A0A9P0GQS3,Uncharacterized protein,Phyllotreta striolata (Striped flea beetle),192,7,150,,InterPro:IPR039457
A0A9P0HRV4,Neuropeptide,Nezara viridula (Southern green stink bug),163,10,136,,InterPro:IPR039457
A0A9P0NRZ3,Uncharacterized protein,Acanthoscelides obtectus (Bean weevil),189,5,147,,InterPro:IPR039457
A0A9P0NU80,Ly6/PLAUR domain-containing protein 6B,Aphis gossypii (Cotton aphid),178,38,154,,InterPro:IPR039457
A0A9Q0DRE4,Ly6/PLAUR domain-containing protein 6B,Muraenolepis orangiensis (Patagonian moray cod),176,9,161,,InterPro:IPR039457
A0A9Q0ID28,Ly6/PLAUR domain-containing protein 6,Muraenolepis orangiensis (Patagonian moray cod),140,38,131,,InterPro:IPR039457
A0A9Q0Y7Q5,Ly6/PLAUR domain-containing protein 6B,Phrynocephalus forsythii,195,30,192,,InterPro:IPR039457
A0A9Q1B8S2,Ly6/PLAUR domain-containing protein 6,Phrynocephalus forsythii,169,5,166,,InterPro:IPR039457
A0A9Q1BE78,Ly6/PLAUR domain-containing protein 6,Holothuria leucospilota (Black long sea cucumber),186,23,180,,InterPro:IPR039457
A0A9Q1DVQ5,Ly6/PLAUR domain-containing protein 6,Conger conger (Conger eel),173,6,166,,InterPro:IPR039457
A0A9Q1DVY5,Ly6/PLAUR domain-containing protein 6B,Conger conger (Conger eel),210,48,206,,InterPro:IPR039457
A0A9Q1IR65,Ly6/PLAUR domain-containing protein 6,Synaphobranchus kaupii (Kaup's arrowtooth eel),212,44,207,,InterPro:IPR039457
A0A9R1SJK8,Ly6/PLAUR domain-containing protein 6,Cyprinus carpio (Common carp),170,12,166,,InterPro:IPR039457
A0A9R1T2L0,Uncharacterized protein isoform X2,Fopius arisanus,164,49,96,,InterPro:IPR039457
A0A9V1FY03,Ly6/PLAUR domain-containing protein 6B,Panthera pardus (Leopard),169,4,166,,InterPro:IPR039457
A0A9V1FY59,Ly6/PLAUR domain-containing protein 6,Panthera pardus (Leopard),171,5,170,,InterPro:IPR039457
A0A9V1FY72,Ly6/PLAUR domain-containing protein 6,Panthera pardus (Leopard),130,5,117,,InterPro:IPR039457
A0A9W3EIP7,Ly6/PLAUR domain-containing protein 6,Camelus bactrianus (Bactrian camel),171,5,170,,InterPro:IPR039457
A0A9W3FYD3,Ly6/PLAUR domain-containing protein 6B,Camelus bactrianus (Bactrian camel),169,3,168,,InterPro:IPR039457
A0A9W3GPU5,Ly6/PLAUR domain-containing protein 6,Camelus bactrianus (Bactrian camel),160,5,158,,InterPro:IPR039457
A0A9W7WV90,Ly6/PLAUR domain-containing protein 6,Triplophysa rosa (Cave loach),148,11,138,,InterPro:IPR039457
A0A9W8C6M8,Ly6/PLAUR domain-containing protein 6B,Triplophysa rosa (Cave loach),179,17,175,,InterPro:IPR039457
A0A9X9M3E7,Ly6/PLAUR domain-containing protein 6B,Gulo gulo (Wolverine),174,4,169,,InterPro:IPR039457
A0A9X9Q4U8,Ly6/PLAUR domain-containing protein 6,Gulo gulo (Wolverine),171,5,170,,InterPro:IPR039457
A0A9Y3RGW8,LY6/PLAUR domain containing 6,Pundamilia nyererei,175,5,168,,InterPro:IPR039457
A0AA35NSY6,LY6/PLAUR domain containing 6,Podarcis lilfordi (Lilford's wall lizard),169,4,167,,InterPro:IPR039457
A0AA35NUZ4,LY6/PLAUR domain containing 6B,Podarcis lilfordi (Lilford's wall lizard),169,3,166,,InterPro:IPR039457
A0AA39FUJ8,Ly6/PLAUR domain-containing protein 6B,Microctonus hyperodae (Parasitoid wasp),188,49,154,,InterPro:IPR039457
A0AA39KM56,Ly6/PLAUR domain-containing protein 6B,Microctonus aethiopoides,192,53,158,,InterPro:IPR039457
A0AA40GTV1,Ly6/PLAUR domain-containing protein 6,Pygoscelis papua (Gentoo penguin),137,1,136,,InterPro:IPR039457
A0AA40L4A3,Ly6/PLAUR domain-containing protein 6B,Pygoscelis papua (Gentoo penguin),156,2,155,,InterPro:IPR039457
A0AA41SQC3,Ly6/PLAUR domain-containing protein 6,Sciurus carolinensis (Eastern gray squirrel),138,38,137,,InterPro:IPR039457
A0AA41SR28,Ly6/PLAUR domain-containing protein 6B,Sciurus carolinensis (Eastern gray squirrel),169,2,168,,InterPro:IPR039457
A0AA47MXY7,LY6/PLAUR domain containing 6B,Merluccius polli (Benguela hake),200,33,174,,InterPro:IPR039457
A0AA47P6U9,Ly6/PLAUR domain-containing protein 6,Merluccius polli (Benguela hake),173,5,160,,InterPro:IPR039457
A0AA88Q2I8,LY6/PLAUR domain containing 6,Cirrhinus molitorella (mud carp),325,157,321,,InterPro:IPR039457
A0AA88STC9,Ly6/PLAUR domain-containing protein 6B,Tachysurus vachellii (Darkbarbel catfish),168,13,160,,InterPro:IPR039457
A0AA88SVV7,Ly6/PLAUR domain-containing protein 6,Tachysurus vachellii (Darkbarbel catfish),173,5,169,,InterPro:IPR039457
A0AA88T7J7,Ly6/PLAUR domain-containing protein 6,Channa striata (Snakehead murrel),168,5,163,,InterPro:IPR039457
A0AA97IVB5,LY6/PLAUR domain containing 6B,Eublepharis macularius (Leopard gecko),209,31,181,,InterPro:IPR039457
A0AA97IY19,Ly6/PLAUR domain-containing protein 6,Eublepharis macularius (Leopard gecko),171,5,166,,InterPro:IPR039457
A0AA97KPS9,Ly6/PLAUR domain-containing protein 6B,Eublepharis macularius (Leopard gecko),190,8,162,,InterPro:IPR039457
A0AA97MGG6,LYPD6 protein,Menura novaehollandiae (superb lyrebird),108,1,107,,InterPro:IPR039457
A0AA97MGP3,LPD6B protein,Menura novaehollandiae (superb lyrebird),156,2,155,,InterPro:IPR039457
A0AAD1SQ27,LY6/PLAUR domain containing 6B,Pelobates cultripes (Western spadefoot toad),233,5,164,,InterPro:IPR039457
A0AAD1WCE1,Ly6/PLAUR domain-containing protein 6,Pelobates cultripes (Western spadefoot toad),167,6,166,,InterPro:IPR039457
A0AAD3MD72,Ly6/PLAUR domain-containing protein 6,Lates japonicus (Japanese lates),100,2,95,,InterPro:IPR039457
A0AAD3RDT6,Ly6/PLAUR domain-containing protein 6,Lates japonicus (Japanese lates),173,6,161,,InterPro:IPR039457
A0AAD4YDQ4,LY6/PLAUR domain containing 6B,Ovis ammon polii,273,142,272,,InterPro:IPR039457
A0AAD4YEC0,Ly6/PLAUR domain-containing protein 6,Ovis ammon polii,171,5,170,,InterPro:IPR039457
A0AAD5ABI5,Ly6/PLAUR domain-containing protein 6,Silurus asotus (Amur catfish),169,6,164,,InterPro:IPR039457
A0AAD5B5R6,Ly6/PLAUR domain-containing protein 6,Silurus asotus (Amur catfish),173,5,162,,InterPro:IPR039457
A0AAD5KW91,Uncharacterized protein,Daphnia sinensis,182,46,169,,InterPro:IPR039457
A0AAD5LEF5,Uncharacterized protein,Daphnia sinensis,188,22,159,,InterPro:IPR039457
A0AAD6AGJ7,Ly6/PLAUR domain-containing protein 6,Pogonophryne albipinna,171,5,166,,InterPro:IPR039457
A0AAD6B5G9,Ly6/PLAUR domain-containing protein 6,Pogonophryne albipinna,171,5,162,,InterPro:IPR039457
A0AAD7S0R7,Ly6/PLAUR domain-containing protein 6,Aldrovandia affinis,172,5,166,,InterPro:IPR039457
A0AAD7S0Z4,Uncharacterized protein,Aldrovandia affinis,96,2,90,,InterPro:IPR039457
A0AAD7T649,Ly6/PLAUR domain-containing protein 6B,Aldrovandia affinis,202,38,199,,InterPro:IPR039457
A0AAD7WZ39,Ly6/PLAUR domain-containing protein 6,Aldrovandia affinis,175,5,164,,InterPro:IPR039457
A0AAD8DAX3,Ly6/PLAUR domain-containing protein 6,Acipenser oxyrinchus oxyrinchus,171,5,169,,InterPro:IPR039457
A0AAD8DBB9,Ly6/PLAUR domain-containing protein 6B,Acipenser oxyrinchus oxyrinchus,193,31,190,,InterPro:IPR039457
A0AAD8DBM1,Ly6/PLAUR domain-containing protein 6B,Acipenser oxyrinchus oxyrinchus,193,31,190,,InterPro:IPR039457
A0AAD8DC48,Ly6/PLAUR domain-containing protein 6,Acipenser oxyrinchus oxyrinchus,171,5,169,,InterPro:IPR039457
A0AAD8ZHH9,LY6/PLAUR domain containing 6B,Electrophorus voltai,179,13,161,,InterPro:IPR039457
A0AAD8ZJU8,PSI domain-containing protein,Electrophorus voltai,133,5,80,,InterPro:IPR039457
A0AAD9DYH2,Uncharacterized protein,Electrophorus voltai,99,47,98,,InterPro:IPR039457
A0AAD9ESC1,Ly6/PLAUR domain-containing protein 6,Dissostichus eleginoides (Patagonian toothfish),171,5,162,,InterPro:IPR039457
A0AAD9IXS2,Uncharacterized protein,Paralvinella palmiformis,88,2,82,,InterPro:IPR039457
A0AAD9J963,Ly6/PLAUR domain-containing protein 6B,Paralvinella palmiformis,170,3,147,,InterPro:IPR039457
A0AAD9L2I6,Uncharacterized protein,Ridgeia piscesae (Tubeworm),187,14,173,,InterPro:IPR039457
A0AAD9MXL8,UPAR/Ly6 domain-containing protein,Ridgeia piscesae (Tubeworm),541,382,480,,InterPro:IPR039457
A0AAD9N812,Uncharacterized protein,Paralvinella palmiformis,108,2,95,,InterPro:IPR039457
A0AAD9VJS8,Ly6/PLAUR domain-containing protein 6B,Odynerus spinipes,187,47,153,,InterPro:IPR039457
A0AAE0R5Q6,LY6/PLAUR domain containing 6B,Hemibagrus guttatus,208,49,201,,InterPro:IPR039457
A0AAE0R7P0,Ly6/PLAUR domain-containing protein 6,Hemibagrus guttatus,75,5,73,,InterPro:IPR039457
A0AAE0SFD4,Ly6/PLAUR domain-containing protein 6B,Potamilus streckersoni,172,35,155,,InterPro:IPR039457
A0AAE0VFV3,Ly6/PLAUR domain-containing protein 6,Hemibagrus guttatus,174,7,164,,InterPro:IPR039457
A0AAE1L6U1,Ly6/PLAUR domain-containing protein 6B-like,Frankliniella fusca,162,29,153,,InterPro:IPR039457
A0AAJ6VMD3,Ly6/PLAUR domain-containing protein 6B,Ceratosolen solmsi marchali,204,57,164,,InterPro:IPR039457
A0AAJ7BVY9,Ly6/PLAUR domain-containing protein 6B,Cephus cinctus (Wheat stem sawfly),184,47,152,,InterPro:IPR039457
A0AAJ7HT90,LY6/PLAUR domain containing 6B,Rhinopithecus bieti (Black snub-nosed monkey),169,2,168,,InterPro:IPR039457
A0AAJ7SNF2,LY6/PLAUR domain containing 6,Petromyzon marinus (Sea lamprey),197,41,170,,InterPro:IPR039457
A0AAJ7SZB1,LY6/PLAUR domain containing 6,Petromyzon marinus (Sea lamprey),213,43,188,,InterPro:IPR039457
A0AAJ7SZU8,LY6/PLAUR domain containing 6,Petromyzon marinus (Sea lamprey),211,43,186,,InterPro:IPR039457
A0AAJ7W9H9,Ly6/PLAUR domain-containing protein 6B,Ceratina calcarata,190,51,156,,InterPro:IPR039457
A0AAJ7X4X4,LY6/PLAUR domain containing 6,Petromyzon marinus (Sea lamprey),183,17,178,,InterPro:IPR039457
A0AAN7NSH9,Ly6/PLAUR domain-containing protein 6,Mycteria americana (Wood stork),130,19,115,,InterPro:IPR039457
A0AAN7Q370,Uncharacterized protein,Aquatica leii,266,56,200,,InterPro:IPR039457
A0AAN7RU67,Ly6/PLAUR domain-containing protein 6B,Mycteria americana (Wood stork),410,217,380,,InterPro:IPR039457
A0AAN7V436,Uncharacterized protein,Pyrocoelia pectoralis,270,4,147,,InterPro:IPR039457
A0AAN7WTX7,Ly6/PLAUR domain-containing protein 6,Eleginops maclovinus (Patagonian blennie),171,5,165,,InterPro:IPR039457
A0AAN8AYW5,Ly6/PLAUR domain-containing protein 6,Champsocephalus esox (pike icefish),171,5,162,,InterPro:IPR039457
A0AAN8G8R9,Uncharacterized protein,Patella caerulea (Rayed Mediterranean limpet),170,5,162,,InterPro:IPR039457
A0AAN8GT70,Ly6/PLAUR domain-containing protein 6,Champsocephalus gunnari (Mackerel icefish),171,5,163,,InterPro:IPR039457
A0AAN8LG29,Ly6/PLAUR domain-containing protein 6B,Coregonus suidteri,183,9,171,,InterPro:IPR039457
A0AAN8QT39,Ly6/PLAUR domain-containing protein 6,Coregonus suidteri,314,146,309,,InterPro:IPR039457
A0AAN8QXD8,Ly6/PLAUR domain-containing protein 6B,Coregonus suidteri,182,9,168,,InterPro:IPR039457
A0AAN8R2J7,Ly6/PLAUR domain-containing protein 6,Coregonus suidteri,173,5,167,,InterPro:IPR039457
A0AAN8R504,Ly6/PLAUR domain-containing protein 6,Coregonus suidteri,176,6,165,,InterPro:IPR039457
A0AAN9DBU1,Ly6/PLAUR domain-containing protein 6,Phoxinus phoxinus (Eurasian minnow),173,5,169,,InterPro:IPR039457
A0AAN9DCY1,Ly6/PLAUR domain-containing protein 6B,Phoxinus phoxinus (Eurasian minnow),165,7,159,,InterPro:IPR039457
A0AAN9GNJ2,Uncharacterized protein,Littorina saxatilis,201,57,181,,InterPro:IPR039457
A0AAN9W1I2,Uncharacterized protein,Gryllus longicercus,309,114,222,,InterPro:IPR039457
A0AAN9WAI1,Accessory gland protein,Gryllus longicercus,172,6,85,,InterPro:IPR039457
A0AAQ4NY18,LY6/PLAUR domain containing 6,Gasterosteus aculeatus aculeatus (three-spined stickleback),175,4,153,,InterPro:IPR039457
A0AAQ4PZH9,LY6/PLAUR domain containing 6,Gasterosteus aculeatus aculeatus (three-spined stickleback),207,36,185,,InterPro:IPR039457
A0AAQ6II33,LY6/PLAUR domain containing 6,Anabas testudineus (Climbing perch),169,5,163,,InterPro:IPR039457
A0AAR2LQ92,LY6/PLAUR domain containing 6,Pygocentrus nattereri (Red-bellied piranha),174,5,168,,InterPro:IPR039457
A0AAR5PCG7,UPAR/Ly6 domain-containing protein,Dendroctonus ponderosae (Mountain pine beetle),178,33,140,,InterPro:IPR039457
A0AAU9Z7R8,Ly6/PLAUR domain-containing protein 6B,Phodopus roborovskii (Roborovski's desert hamster),189,22,188,,InterPro:IPR039457
A0AAU9Z9C4,Ly6/PLAUR domain-containing protein 6,Phodopus roborovskii (Roborovski's desert hamster),137,38,136,,InterPro:IPR039457
A0AAV0VZP9,Ly6/PLAUR domain-containing protein 6B,Macrosiphum euphorbiae (potato aphid),183,39,149,,InterPro:IPR039457
A0AAV1HQP5,Ly6/PLAUR domain-containing protein 6,Xyrichtys novacula (Pearly razorfish),173,5,164,,InterPro:IPR039457
A0AAV1PH97,Ly6/PLAUR domain-containing protein 6,Scomber scombrus (Atlantic mackerel),171,5,166,,InterPro:IPR039457
A0AAV1PY14,Ly6/PLAUR domain-containing protein 6,Scomber scombrus (Atlantic mackerel),173,3,164,,InterPro:IPR039457
A0AAV2NV68,Ly6/PLAUR domain-containing protein 6B,Lasius platythorax,190,52,158,,InterPro:IPR039457
A0AAV2ZYB4,Ly6/PLAUR domain-containing protein 6B,Pyxicephalus adspersus (African bullfrog),169,6,167,,InterPro:IPR039457
A0AAV3A412,Ly6/PLAUR domain-containing protein 6,Pyxicephalus adspersus (African bullfrog),172,4,161,,InterPro:IPR039457
A0AAV6FHB4,Ly6/PLAUR domain-containing protein 6,Alosa alosa (allis shad),171,5,168,,InterPro:IPR039457
A0AAV6H8R8,Ly6/PLAUR domain-containing protein 6,Alosa alosa (allis shad),174,5,167,,InterPro:IPR039457
A0AAV6H937,Ly6/PLAUR domain-containing protein 6B,Alosa alosa (allis shad),170,5,160,,InterPro:IPR039457
A0AAV6R9A3,Ly6/PLAUR domain-containing protein 6,Solea senegalensis (Senegalese sole),174,5,168,,InterPro:IPR039457
A0AAV7AEM1,Ly6/PLAUR domain-containing protein 6,Engystomops pustulosus (Tungara frog),139,38,136,,InterPro:IPR039457
A0AAV7AF09,Ly6/PLAUR domain-containing protein 6B,Engystomops pustulosus (Tungara frog),168,6,164,,InterPro:IPR039457
A0AAV7AKL9,Ly6/PLAUR domain-containing protein 6,Engystomops pustulosus (Tungara frog),172,5,169,,InterPro:IPR039457
A0AAV7APJ7,Uncharacterized protein,Engystomops pustulosus (Tungara frog),139,6,119,,InterPro:IPR039457
A0AAV7I960,Uncharacterized protein,Cotesia glomerata (Lepidopteran parasitic wasp),192,52,163,,InterPro:IPR039457
A0AAV7UHH4,Ly6/PLAUR domain-containing protein 6,Pleurodeles waltl (Iberian ribbed newt),171,4,169,,InterPro:IPR039457
A0AAV7UJD8,Uncharacterized protein,Pleurodeles waltl (Iberian ribbed newt),114,2,84,,InterPro:IPR039457
A0AAV8W4D0,Uncharacterized protein,Exocentrus adspersus,172,17,130,,InterPro:IPR039457
A0AAV8YJG7,Uncharacterized protein,Aromia moschata,113,1,71,,InterPro:IPR039457
A0AAV9QSX5,Ly6/PLAUR domain-containing protein 6,Crenichthys baileyi (White River springfish),179,4,166,,InterPro:IPR039457
A0AAW0JC32,Ly6/PLAUR domain-containing protein 6,Myodes glareolus (Bank vole),107,8,106,,InterPro:IPR039457
A0AAW0JWB7,LY6/PLAUR domain containing 6B,Myodes glareolus (Bank vole),212,115,211,,InterPro:IPR039457
A0AAW0NK60,LY6/PLAUR domain containing 6,Mugilogobius chulae (yellowstripe goby),177,5,166,,InterPro:IPR039457
A0AAW1AAT5,Ly6/PLAUR domain-containing protein 6B,Tetragonisca angustula,154,62,122,,InterPro:IPR039457
A0AAW1ACP4,Ly6/PLAUR domain-containing protein 6B,Tetragonisca angustula,187,50,155,,InterPro:IPR039457
A0AAW1C874,Ly6/PLAUR domain-containing protein 6B,Crotalus adamanteus (Eastern diamondback rattlesnake),169,3,166,,InterPro:IPR039457
A0AAW1C942,Ly6/PLAUR domain-containing protein 6,Crotalus adamanteus (Eastern diamondback rattlesnake),155,5,121,,InterPro:IPR039457
A0AAW1DF26,Uncharacterized protein,Rhynocoris fuscipes,105,1,73,,InterPro:IPR039457
A0AAW1EPU6,Ly6/PLAUR domain-containing protein 6,Zoarces viviparus (Viviparous eelpout),174,5,167,,InterPro:IPR039457
A0AAW1FTJ3,Ly6/PLAUR domain-containing protein 6,Zoarces viviparus (Viviparous eelpout),175,5,165,,InterPro:IPR039457
A0AAW1UU62,Uncharacterized protein,Henosepilachna vigintioctopunctata,201,6,159,,InterPro:IPR039457
A0AAW2A6H0,Ly6/PLAUR domain-containing protein 6,Culter alburnus (Topmouth culter),173,5,168,,InterPro:IPR039457
A0AAW2A9L0,Ly6/PLAUR domain-containing protein 6B,Culter alburnus (Topmouth culter),166,6,161,,InterPro:IPR039457
A0AAW2G812,Ly6/PLAUR domain-containing protein 6B,Cardiocondyla obscurior,190,52,158,,InterPro:IPR039457
A0AAW2I5V9,Uncharacterized protein,Menopon gallinae (poultry shaft louse),191,38,149,,InterPro:IPR039457
A0AAX6QBW1,Ly6/PLAUR domain-containing protein 6B,Heterocephalus glaber (Naked mole rat),187,20,186,,InterPro:IPR039457
A0AAX6S7Y3,Ly6/PLAUR domain-containing protein 6B,Heterocephalus glaber (Naked mole rat),193,26,192,,InterPro:IPR039457
A0AAY4CBV2,Ly6/PLAUR domain-containing protein 6,Denticeps clupeoides (denticle herring),171,5,167,,InterPro:IPR039457
A0AAY5EFL2,LY6/PLAUR domain containing 6B,Electrophorus electricus (Electric eel),179,32,161,,InterPro:IPR039457
A0AAY5K4N1,Ly6/PLAUR domain-containing protein 6,Esox lucius (Northern pike),165,3,119,,InterPro:IPR039457
A0AAY5KV44,Ly6/PLAUR domain-containing protein 6,Esox lucius (Northern pike),177,3,167,,InterPro:IPR039457
A0AAY5L7E1,LY6/PLAUR domain containing 6B,Esox lucius (Northern pike),172,5,115,,InterPro:IPR039457
A0AAZ1XTV2,LY6/PLAUR domain containing 6,Oreochromis aureus (Israeli tilapia),175,5,168,,InterPro:IPR039457
A0AAZ3NTH4,Ly6/PLAUR domain-containing protein 6,Oncorhynchus tshawytscha (Chinook salmon),200,29,189,,InterPro:IPR039457
A0AAZ3PA90,Ly6/PLAUR domain-containing protein 6,Oncorhynchus tshawytscha (Chinook salmon),173,5,168,,InterPro:IPR039457
A0AAZ3Q416,LY6/PLAUR domain containing 6B,Oncorhynchus tshawytscha (Chinook salmon),188,18,174,,InterPro:IPR039457
A0AAZ3R2K7,LY6/PLAUR domain containing 6,Oncorhynchus tshawytscha (Chinook salmon),164,25,153,,InterPro:IPR039457
A0AAZ3RNU6,Ly6/PLAUR domain-containing protein 6B,Oncorhynchus tshawytscha (Chinook salmon),183,9,170,,InterPro:IPR039457
A0AAZ3RVN4,Ly6/PLAUR domain-containing protein 6,Oncorhynchus tshawytscha (Chinook salmon),173,5,169,,InterPro:IPR039457
A0AAZ3S237,Ly6/PLAUR domain-containing protein 6,Oncorhynchus tshawytscha (Chinook salmon),176,6,165,,InterPro:IPR039457
A0AAZ3SIK2,LY6/PLAUR domain containing 6,Oncorhynchus tshawytscha (Chinook salmon),164,25,153,,InterPro:IPR039457
A0AAZ3SQJ2,Ly6/PLAUR domain-containing protein 6,Oncorhynchus tshawytscha (Chinook salmon),158,20,153,,InterPro:IPR039457
A0AB34GUR8,Ly6/PLAUR domain-containing protein 6B,Eschrichtius robustus (California gray whale),169,2,168,,InterPro:IPR039457
A0AB34H0N6,Ly6/PLAUR domain-containing protein 6,Eschrichtius robustus (California gray whale),122,5,117,,InterPro:IPR039457
A0ABC9X1M2,Ly6/PLAUR domain-containing protein 6B,Grus japonensis (Japanese crane),304,82,231,,InterPro:IPR039457
A0ABC9X224,Ly6/PLAUR domain-containing protein 6,Grus japonensis (Japanese crane),183,4,168,,InterPro:IPR039457
A0ABD0M813,Uncharacterized protein,Batillaria attramentaria,212,54,133,,InterPro:IPR039457
A0ABD0WES7,Uncharacterized protein,Umbra pygmaea (Eastern mudminnow),184,21,170,,InterPro:IPR039457
A0ABD0WI38,Uncharacterized protein,Umbra pygmaea (Eastern mudminnow),171,5,166,,InterPro:IPR039457
A0ABD0Y7G6,Uncharacterized protein,Umbra pygmaea (Eastern mudminnow),176,5,160,,InterPro:IPR039457
A0ABD0YR79,Uncharacterized protein,Ranatra chinensis,173,34,146,,InterPro:IPR039457
A0ABD1EV65,Uncharacterized protein,Hypothenemus hampei (Coffee berry borer),190,6,149,,InterPro:IPR039457
A0ABD1J1U9,Uncharacterized protein,Coilia grayii (Gray's grenadier anchovy),173,5,169,,InterPro:IPR039457
A0ABD1J3S9,Uncharacterized protein,Coilia grayii (Gray's grenadier anchovy),354,189,343,,InterPro:IPR039457
A0ABD1JNW5,Uncharacterized protein,Coilia grayii (Gray's grenadier anchovy),171,5,167,,InterPro:IPR039457
A0ABD2BLK2,Ly6/PLAUR domain-containing protein 6B-like isoform X1,Vespula maculifrons (Eastern yellow jacket),185,47,151,,InterPro:IPR039457
A0ABD2C5W2,Ly6/PLAUR domain-containing protein 6B-like isoform X1,Vespula squamosa (Southern yellow jacket),185,47,151,,InterPro:IPR039457
A0ABD2E5L7,Ly6/PLAUR domain-containing protein 6B isoform b,Daubentonia madagascariensis (Aye-aye),183,16,182,,InterPro:IPR039457
A0ABD2E600,Ly6/PLAUR domain-containing protein 6B isoform c,Daubentonia madagascariensis (Aye-aye),169,2,168,,InterPro:IPR039457
A0ABD2E631,Ly6/PLAUR domain-containing protein 6,Daubentonia madagascariensis (Aye-aye),171,5,170,,InterPro:IPR039457
A0ABD2E6A7,Ly6/PLAUR domain-containing protein 6B isoform a,Daubentonia madagascariensis (Aye-aye),207,40,206,,InterPro:IPR039457
A0ABD2FUT9,Uncharacterized protein,Pagothenia borchgrevinki (Bald rockcod),171,5,162,,InterPro:IPR039457
A0ABD2MWA0,Uncharacterized protein,Cryptolaemus montrouzieri,207,42,164,,InterPro:IPR039457
A0ABD2VUA1,Uncharacterized protein,Trichogramma kaykai,209,55,163,,InterPro:IPR039457
A0ABD3UYE6,Uncharacterized protein,Sinanodonta woodiana (Chinese pond mussel),172,30,155,,InterPro:IPR039457
A2AQT3,LY6/PLAUR domain containing 6,Mus musculus (Mouse),70,4,70,,InterPro:IPR039457
A2AQT4,LY6/PLAUR domain containing 6,Mus musculus (Mouse),123,5,123,,InterPro:IPR039457
A6JEZ8,Ly6/PLAUR domain-containing protein 6B,Rattus norvegicus (Rat),205,35,202,,InterPro:IPR039457
A8WGG8,LOC100127693 protein,Xenopus tropicalis (Western clawed frog),171,5,167,,InterPro:IPR039457
B0S8J0,LY6/PLAUR domain-containing 6B,Danio rerio (Zebrafish),190,27,185,,InterPro:IPR039457
C3YC29,Uncharacterized protein,Branchiostoma floridae (Florida lancelet),253,6,151,,InterPro:IPR039457
C3ZZL7,UPAR/Ly6 domain-containing protein,Branchiostoma floridae (Florida lancelet),241,6,150,,InterPro:IPR039457
C9IYE7,LY6/PLAUR domain containing 6,Homo sapiens (Human),53,5,53,,InterPro:IPR039457
D2A649,Uncharacterized protein,Tribolium castaneum (Red flour beetle),208,17,169,,InterPro:IPR039457
D2HN00,LY6/PLAUR domain containing 6B,Ailuropoda melanoleuca (Giant panda),177,12,176,,InterPro:IPR039457
D2I5R6,LY6/PLAUR domain containing 6,Ailuropoda melanoleuca (Giant panda),131,1,130,,InterPro:IPR039457
D3ZTT2,Ly6/PLAUR domain-containing protein 6,Rattus norvegicus (Rat),171,5,170,,InterPro:IPR039457
D3ZUF1,Ly6/Plaur domain containing 6B,Rattus norvegicus (Rat),205,35,202,,InterPro:IPR039457
E4X645,UPAR/Ly6 domain-containing protein,Oikopleura dioica (Tunicate),159,13,152,,InterPro:IPR039457
E4YLF4,UPAR/Ly6 domain-containing protein,Oikopleura dioica (Tunicate),159,13,152,,InterPro:IPR039457
E9H2B5,UPAR/Ly6 domain-containing protein,Daphnia pulex (Water flea),94,3,78,,InterPro:IPR039457
F4WSI4,Ly6/PLAUR domain-containing protein 6B,Acromyrmex echinatior (Panamanian leafcutter ant),195,48,159,,InterPro:IPR039457
F6YWC4,LY6/PLAUR domain containing 6B,Callithrix jacchus (White-tufted-ear marmoset),182,15,181,,InterPro:IPR039457
F6ZZB5,LY6/PLAUR domain containing 6B,Equus caballus (Horse),183,16,182,,InterPro:IPR039457
F7A2Q6,LY6/PLAUR domain containing 6B,Macaca mulatta (Rhesus macaque),169,2,168,,InterPro:IPR039457
F7E3Z2,LY6/PLAUR domain containing 6,Callithrix jacchus (White-tufted-ear marmoset),171,5,170,,InterPro:IPR039457
F7FWP8,LY6/PLAUR domain containing 6,Macaca mulatta (Rhesus macaque),171,5,170,,InterPro:IPR039457
F7GBF3,LY6/PLAUR domain containing 6,Monodelphis domestica (Gray short-tailed opossum),171,5,170,,InterPro:IPR039457
F7ICB9,LY6/PLAUR domain containing 6B,Callithrix jacchus (White-tufted-ear marmoset),169,2,168,,InterPro:IPR039457
G1LD51,LY6/PLAUR domain containing 6B,Ailuropoda melanoleuca (Giant panda),188,18,182,,InterPro:IPR039457
G1NJA1,LY6/PLAUR domain containing 6B,Meleagris gallopavo (Wild turkey),180,40,179,,InterPro:IPR039457
G1NJA2,LY6/PLAUR domain containing 6,Meleagris gallopavo (Wild turkey),170,7,168,,InterPro:IPR039457
G1PB74,LY6/PLAUR domain containing 6B,Myotis lucifugus (Little brown bat),169,2,168,,InterPro:IPR039457
G1PID1,LY6/PLAUR domain containing 6,Myotis lucifugus (Little brown bat),171,5,170,,InterPro:IPR039457
G1RBL6,LY6/PLAUR domain containing 6,Nomascus leucogenys (Northern white-cheeked gibbon),171,5,170,,InterPro:IPR039457
G1SUI1,LY6/PLAUR domain containing 6,Oryctolagus cuniculus (Rabbit),165,20,164,,InterPro:IPR039457
G1TJQ2,LY6/PLAUR domain containing 6B,Oryctolagus cuniculus (Rabbit),229,62,228,,InterPro:IPR039457
G3IJA7,Ly6/PLAUR domain-containing protein 6B,Cricetulus griseus (Chinese hamster),88,2,85,,InterPro:IPR039457
G3N0Q5,LY6/PLAUR domain containing 6,Bos taurus (Bovine),158,60,157,,InterPro:IPR039457
G3PPY8,LY6/PLAUR domain containing 6,Gasterosteus aculeatus aculeatus (three-spined stickleback),213,42,191,,InterPro:IPR039457
G3QET8,LY6/PLAUR domain containing 6B,Gorilla gorilla gorilla (Western lowland gorilla),206,39,205,,InterPro:IPR039457
G3QWS4,LY6/PLAUR domain containing 6,Gorilla gorilla gorilla (Western lowland gorilla),171,5,170,,InterPro:IPR039457
G3S101,LY6/PLAUR domain containing 6B,Gorilla gorilla gorilla (Western lowland gorilla),183,16,182,,InterPro:IPR039457
G3S3G9,LY6/PLAUR domain containing 6B,Gorilla gorilla gorilla (Western lowland gorilla),207,40,206,,InterPro:IPR039457
G3SZT4,LY6/PLAUR domain containing 6B,Loxodonta africana (African elephant),176,7,175,,InterPro:IPR039457
G3TDP5,LY6/PLAUR domain containing 6,Loxodonta africana (African elephant),171,5,170,,InterPro:IPR039457
G3U2U0,LY6/PLAUR domain containing 6B,Loxodonta africana (African elephant),134,1,133,,InterPro:IPR039457
G3WG58,LY6/PLAUR domain containing 6B,Sarcophilus harrisii (Tasmanian devil),180,20,179,,InterPro:IPR039457
G5B7S9,Ly6/PLAUR domain-containing protein 6,Heterocephalus glaber (Naked mole rat),171,5,170,,InterPro:IPR039457
G5B7T0,Ly6/PLAUR domain-containing protein 6B,Heterocephalus glaber (Naked mole rat),180,13,179,,InterPro:IPR039457
G7PKK0,LY6/PLAUR domain containing 6B,Macaca fascicularis (Crab-eating macaque),169,2,168,,InterPro:IPR039457
G7PKK1,LY6/PLAUR domain containing 6,Macaca fascicularis (Crab-eating macaque),154,5,153,,InterPro:IPR039457
G9K920,Ly6/PLAUR domain-containing protein 6B,Mustela putorius furo (European domestic ferret),176,6,171,,InterPro:IPR039457
H0VAN7,LY6/PLAUR domain containing 6,Cavia porcellus (Guinea pig),169,5,168,,InterPro:IPR039457
H0WZQ8,LY6/PLAUR domain containing 6B,Otolemur garnettii (Small-eared galago),182,15,180,,InterPro:IPR039457
H0WZQ9,LY6/PLAUR domain containing 6,Otolemur garnettii (Small-eared galago),115,5,115,,InterPro:IPR039457
H0ZP13,LY6/PLAUR domain containing 6,Taeniopygia guttata (Zebra finch),185,8,145,,InterPro:IPR039457
H2QIT4,LY6/PLAUR domain containing 6B,Pan troglodytes (Chimpanzee),207,40,206,,InterPro:IPR039457
H2QIT5,LY6/PLAUR domain containing 6,Pan troglodytes (Chimpanzee),171,5,170,,InterPro:IPR039457
H3AJQ0,LY6/PLAUR domain containing 6,Latimeria chalumnae (Coelacanth),171,5,169,,InterPro:IPR039457
H3CYD0,LY6/PLAUR domain containing 6,Tetraodon nigroviridis (Spotted green pufferfish),174,5,169,,InterPro:IPR039457
H7BXI7,LY6/PLAUR domain containing 6B,Homo sapiens (Human),183,16,182,,InterPro:IPR039457
H9EZU5,Ly6/PLAUR domain-containing protein 6,Macaca mulatta (Rhesus macaque),95,5,95,,InterPro:IPR039457
H9F5C2,Ly6/PLAUR domain-containing protein 6,Macaca mulatta (Rhesus macaque),66,1,65,,InterPro:IPR039457
H9G7N5,LY6/PLAUR domain containing 6B,Anolis carolinensis (Green anole),189,23,187,,InterPro:IPR039457
H9G7P9,LY6/PLAUR domain containing 6,Anolis carolinensis (Green anole),169,5,166,,InterPro:IPR039457
I3K1X6,LY6/PLAUR domain containing 6,Oreochromis niloticus (Nile tilapia),175,5,168,,InterPro:IPR039457
I3LF69,LY6/PLAUR domain containing 6,Sus scrofa (Pig),171,5,170,,InterPro:IPR039457
I3NFY6,LY6/PLAUR domain containing 6B,Ictidomys tridecemlineatus (Thirteen-lined ground squirrel),185,18,184,,InterPro:IPR039457
K4FV55,LY6/PLAUR domain containing 6,Callorhinchus milii (Ghost shark),171,4,169,,InterPro:IPR039457
K7FQA4,LY6/PLAUR domain containing 6B,Pelodiscus sinensis (Chinese softshell turtle),169,3,168,,InterPro:IPR039457
K7FQB0,LY6/PLAUR domain containing 6,Pelodiscus sinensis (Chinese softshell turtle),169,5,167,,InterPro:IPR039457
K9IWK5,Putative secreted protein,Desmodus rotundus (Vampire bat),171,5,170,,InterPro:IPR039457
L5JZT8,Ly6/PLAUR domain-containing protein 6,Pteropus alecto (Black flying fox),171,5,170,,InterPro:IPR039457
L5MHU4,Ly6/PLAUR domain-containing protein 6B,Myotis davidii (David's myotis),177,10,176,,InterPro:IPR039457
L8IK12,Ly6/PLAUR domain-containing protein 6,Bos mutus (wild yak),171,5,170,,InterPro:IPR039457
L8IKM5,Ly6/PLAUR domain-containing protein 6B,Bos mutus (wild yak),177,10,176,,InterPro:IPR039457
L9JEJ6,Ly6/PLAUR domain-containing protein 6B,Tupaia chinensis (Chinese tree shrew),226,61,225,,InterPro:IPR039457
L9JFB6,ATPase AAA-type core domain-containing protein,Tupaia chinensis (Chinese tree shrew),256,5,119,,InterPro:IPR039457
M3WII9,LY6/PLAUR domain containing 6B,Felis catus (Cat),205,40,202,,InterPro:IPR039457
M3XHD6,LY6/PLAUR domain containing 6B,Latimeria chalumnae (Coelacanth),134,1,132,,InterPro:IPR039457
M3XWR8,LY6/PLAUR domain containing 6,Mustela putorius furo (European domestic ferret),171,5,170,,InterPro:IPR039457
M3XWS4,LY6/PLAUR domain containing 6B,Mustela putorius furo (European domestic ferret),174,4,169,,InterPro:IPR039457
M7B7M2,Ly6/PLAUR domain-containing protein 6,Chelonia mydas (Green sea-turtle),139,5,117,,InterPro:IPR039457
Q4SEC6,LY6/PLAUR domain containing 6,Tetraodon nigroviridis (Spotted green pufferfish),147,5,146,,InterPro:IPR039457
Q5R9L0,LYPD6,Pongo abelii (Sumatran orangutan),171,5,170,,InterPro:IPR039457
Q66IA6,Ly6/PLAUR domain-containing protein 6,Danio rerio (Zebrafish),174,5,167,,InterPro:IPR039457
Q86Y78,Ly6/PLAUR domain-containing protein 6,Homo sapiens (Human),171,5,170,,InterPro:IPR039457
Q8BPP5,Ly6/PLAUR domain-containing protein 6,Mus musculus (Mouse),171,5,170,,InterPro:IPR039457
Q8NI32,Ly6/PLAUR domain-containing protein 6B,Homo sapiens (Human),183,16,182,,InterPro:IPR039457
Q95JN7,Ly6/PLAUR domain-containing protein 6B,Macaca fascicularis (Crab-eating macaque),169,2,168,,InterPro:IPR039457
Q9D7F2,Ly6/PLAUR domain-containing protein 6B,Mus musculus (Mouse),172,2,168,,InterPro:IPR039457
R0KCZ2,Ly6/PLAUR domain-containing protein LOC130576,Anas platyrhynchos (Mallard),170,4,169,,InterPro:IPR039457
R0KDZ1,LY6/PLAUR domain-containing protein 6,Anas platyrhynchos (Mallard),131,1,127,,InterPro:IPR039457
R4GHW2,Ly6/PLAUR domain-containing protein 6B,Gallus gallus (Chicken),194,28,193,,InterPro:IPR039457
R7UJ15,Snake toxin/toxin-like domain-containing protein,Capitella teleta (Polychaete worm),97,7,86,,InterPro:IPR039457
R7VBD3,Secreted protein,Capitella teleta (Polychaete worm),125,37,124,,InterPro:IPR039457
S4RBD6,LY6/PLAUR domain containing 6,Petromyzon marinus (Sea lamprey),174,7,150,,InterPro:IPR039457
S4S049,LY6/PLAUR domain containing 6,Petromyzon marinus (Sea lamprey),136,4,132,,InterPro:IPR039457
S7MHK6,Ly6/PLAUR domain-containing protein 6B,Myotis brandtii (Brandt's bat),169,2,168,,InterPro:IPR039457
S7P701,Ly6/PLAUR domain-containing protein 6,Myotis brandtii (Brandt's bat),153,5,123,,InterPro:IPR039457
T1JAC4,UPAR/Ly6 domain-containing protein,Strigamia maritima (European centipede),170,38,158,,InterPro:IPR039457
T2BD45,LY6/PLAUR domain containing 6,Xenopus laevis (African clawed frog),116,1,116,,InterPro:IPR039457
U3IGG9,LY6/PLAUR domain containing 6B,Anas platyrhynchos platyrhynchos (Northern mallard),169,3,168,,InterPro:IPR039457
U3IGH3,LY6/PLAUR domain containing 6,Anas platyrhynchos platyrhynchos (Northern mallard),169,4,165,,InterPro:IPR039457
U3KHG3,LY6/PLAUR domain containing 6B,Ficedula albicollis (Collared flycatcher),331,168,329,,InterPro:IPR039457
U6CPI2,LY6/PLAUR domain containing 6,Neovison vison (American mink),171,5,170,,InterPro:IPR039457
U6DLI3,Ly6/PLAUR domain-containing protein 6B,Neovison vison (American mink),184,14,179,,InterPro:IPR039457
V8NU75,Ly6/PLAUR domain-containing protein 6,Ophiophagus hannah (King cobra),156,60,152,,InterPro:IPR039457
V8NUM5,Ly6/PLAUR domain-containing protein 6B,Ophiophagus hannah (King cobra),169,4,166,,InterPro:IPR039457
V9IMQ6,Ly6/PLAUR domain-containing protein 6B,Apis cerana (Indian honeybee),188,50,155,,InterPro:IPR039457
V9LE91,LY6/PLAUR domain containing 6B,Callorhinchus milii (Ghost shark),172,11,165,,InterPro:IPR039457
W5M046,LY6/PLAUR domain containing 6B,Lepisosteus oculatus (Spotted gar),131,1,129,,InterPro:IPR039457
W5M061,LY6/PLAUR domain containing 6,Lepisosteus oculatus (Spotted gar),173,5,166,,InterPro:IPR039457
W5PHU3,Ly6/PLAUR domain-containing protein 6,Ovis aries (Sheep),171,5,170,,InterPro:IPR039457
W5PI35,LY6/PLAUR domain containing 6B,Ovis aries (Sheep),187,20,186,,InterPro:IPR039457
W5UIJ7,Ly6/PLAUR domain-containing protein 6,Ictalurus punctatus (Channel catfish),171,5,166,,InterPro:IPR039457
