IQ-TREE version 3.0.1 for MacOS ARM 64-bit built Jun 30 2025
Developed by Bui Quang Minh, Thomas Wong, Nhan Ly-Trong, Huaiyan Ren
Contributed by Lam-Tung Nguyen, Dominik Schrempf, Chris Bielow,
Olga Chernomor, Michael Woodhams, Diep Thi Hoang, Heiko Schmidt

Host:    w198-24-v4.eduroam.dynamic.rbg.tum.de (SSE4.2, 48 GB RAM)
Command: iqtree3 -s aln_famsa2.phy -m VT+R8 -T AUTO -B 1000 --nmax 10000 --undo
Seed:    391280 (Using SPRNG - Scalable Parallel Random Number Generator)
Time:    Wed Aug 27 16:30:41 2025
Kernel:  SSE2 - auto-detect threads (14 CPU cores detected)

WARNING: Number of command-line arguments differs from checkpoint
WARNING: Command-line differs from checkpoint!
Reading alignment file aln_famsa2.phy ... Phylip format detected
Alignment most likely contains protein sequences
Constructing alignment: done in 0.00863791 secs using 86.88% CPU
WARNING: 44 sites contain only gaps or ambiguous characters.
Alignment has 1747 sequences with 1212 columns, 1075 distinct patterns
459 parsimony-informative, 298 singleton sites, 455 constant sites
                                  Gap/Ambiguity  Composition  p-value
Analyzing sequences: done in 0.000352859 secs using 572.5% CPU
   1  Centipede3FTx_0001_61981           93.81%    passed     54.95%
   2  Centipede3FTx_0033_61981           90.10%    passed     16.99%
   3  Centipede3FTx_0129_1255758         90.26%    passed     18.88%
   4  A0AAD9K488_IPR045860_1_1-53        95.63%    failed      3.74%
   5  V9IHU1_IPR035076_1_22-80           95.13%    passed     32.86%
   6  A0A2D4PI90_IPR045860_1_3-66        94.72%    failed      0.48%
   7  A0A2Y9P282_IPR045860_2_21-157      88.70%    failed      0.52%
   8  A0A6J3DA86_IPR045860_1_21-76       95.38%    passed     13.81%
   9  A0A6P5A2A8_IPR045860_2_37-126      92.57%    passed     35.74%
  10  A0A7F8QAG4_IPR045860_1_89-140      95.71%    passed     62.94%
  11  A0A8C5QS38_IPR045860_2_242-325     93.07%    failed      2.39%
  12  A0A8R1YLV9_IPR016054_1_5-66        94.88%    passed     65.76%
  13  A0A974CDU6_IPR045860_1_17-166      87.62%    failed      0.00%
  14  A0A9F5IW75_IPR016054_1_29-135      91.17%    passed     85.57%
  15  A0AAD1TA13_IPR045860_1_11-72       94.88%    passed     21.00%
  16  A0AAN9Z724_IPR016054_1_20-119      91.75%    failed      0.09%
  17  A0AAV5TGY1_IPR045860_1_9-91        93.15%    passed      5.40%
  18  A0AAV7Q439_IPR016054_1_135-230     92.08%    passed     54.41%
  19  A6HS05_IPR051445_1_2-93            92.41%    passed     43.28%
  20  F6W179_IPR016054_1_389-462         93.89%    passed     38.72%
  21  A0ABD2F034_IPR026524_1_1-71        94.14%    failed      0.01%
  22  A0A0C2GT18_IPR031424_1_15-130      90.43%    passed     93.73%
  23  A0A0N4XEH7_IPR031424_1_22-147      89.60%    passed     78.16%
  24  A0A1D2NLN9_IPR031424_1_47-153      91.17%    passed     75.92%
  25  A0A5E4M857_IPR031424_1_22-151      89.27%    failed      0.25%
  26  A0A820IC74_IPR031424_1_22-88       94.47%    passed     72.40%
  27  A0A8S1CCR9_IPR031424_1_91-198      91.09%    passed     46.69%
  28  A0A9D4FIS8_IPR031424_1_24-87       94.72%    failed      0.18%
  29  A0AA38HY41_IPR031424_1_139-222     93.07%    passed     18.46%
  30  A0AAD7YTB9_IPR045860_1_21-123      91.50%    passed     71.47%
  31  A0AAD9PC26_IPR031424_1_20-109      92.57%    passed     63.06%
  32  A0AAE1GWL2_IPR031424_1_77-206      89.27%    passed      9.80%
  33  A0AAV4RF83_IPR031424_1_16-72       95.30%    passed     80.60%
  34  A0AAV5UID1_IPR031424_1_7-80        93.89%    passed     34.12%
  35  T1FUE6_IPR045860_2_183-273         92.49%    passed     10.61%
  36  A0A0N4V1D2_IPR045860_1_21-93       93.98%    passed     39.74%
  37  A0A1B0GXA9_IPR045860_1_21-86       94.55%    passed     39.49%
  38  A0A1X7VDD8_IPR045860_1_128-242     90.51%    passed     28.24%
  39  A0A210QJ17_IPR045860_1_35-127      92.33%    passed     17.76%
  40  A0A2I3SXH2_IPR045860_1_25-101      93.65%    passed     70.68%
  41  A0A3S1A7L4_IPR045860_1_37-138      91.58%    passed     46.64%
  42  A0A4S2M8K0_IPR045860_1_123-197     93.81%    passed     14.54%
  43  A0A4U5NHD1_IPR045860_1_2-61        95.05%    passed     29.57%
  44  A0A669BVS0_IPR045860_1_39-98       95.05%    passed     14.50%
  45  A0A6P8H3A5_IPR045860_1_18-100      93.15%    passed     11.12%
  46  A0A6P8QG64_IPR045860_1_1-66        94.55%    passed     65.59%
  47  A0A7G3AGZ0_IPR045860_1_4-85        93.23%    passed     36.80%
  48  A0A7I8VIA7_IPR045860_1_60-153      92.24%    passed     15.16%
  49  A0A7M7L7E2_IPR045860_2_145-210     94.55%    passed     88.28%
  50  A0A821DEK8_IPR045860_1_13-92       93.40%    passed     84.24%
  51  A0A8C9TGN1_IPR045860_1_85-156      94.06%    passed     22.33%
  52  A0A8J0TC19_IPR045860_1_112-201     92.57%    failed      0.83%
  53  A0A8R1E9F7_IPR045860_1_50-124      93.81%    passed     61.31%
  54  A0A8T1N1B6_IPR045860_1_24-95       94.06%    passed     15.44%
  55  A0A8T2IS40_IPR045860_2_1-69        94.31%    failed      1.40%
  56  A0A9W9Y813_IPR045860_1_3-81        93.48%    passed      9.59%
  57  A0AA35VVV8_IPR045860_1_89-139      95.79%    failed      0.53%
  58  A0AAD1W705_IPR045860_1_52-101      95.87%    passed     55.29%
  59  A0AAD9NIP8_IPR045860_1_2-77        93.73%    passed      9.94%
  60  A0AAE0VXI9_IPR045860_1_9-102       92.24%    passed     71.23%
  61  A0AAJ7SM78_IPR045860_1_2-56        95.46%    failed      3.44%
  62  A0AAN8I461_IPR045860_1_1-58        95.21%    passed     13.47%
  63  A0AAV5T1P7_IPR045860_1_14-95       93.23%    passed     31.10%
  64  A0AAV5VD36_IPR045860_1_14-96       93.15%    passed     34.56%
  65  A0AAV6Z5N0_IPR045860_1_60-145      92.90%    passed      8.98%
  66  A0ABD2NYW7_IPR045860_1_27-107      93.32%    passed      9.71%
  67  C3ZZL6_IPR045860_1_583-641         95.13%    passed     43.18%
  68  Q0GAP6_IPR045860_1_20-81           94.88%    passed     27.37%
  69  Centipede3FTx_0002_61981           89.93%    passed     25.12%
  70  Centipede3FTx_0034_61981           91.50%    passed      5.11%
  71  Centipede3FTx_0130_1255758         88.28%    failed      4.22%
  72  A0A2G5UGY6_IPR045860_1_11-84       93.89%    passed     26.34%
  73  A0A452QH48_IPR045860_1_18-78       94.97%    passed      5.30%
  74  A0A643BR30_IPR045860_1_4-67        94.72%    failed      0.06%
  75  A0A6I8RYL8_IPR045860_1_14-87       93.89%    passed      7.24%
  76  A0A8C2RF78_IPR035076_1_32-90       95.13%    passed     47.43%
  77  A0A8C3JMR5_IPR045860_1_1-66        94.55%    passed      9.90%
  78  A0AAN5DDC6_IPR045860_1_29-96       94.39%    failed      2.81%
  79  G3V0Z9_IPR045860_1_12-75           94.72%    passed     13.93%
  80  A0A096LTF5_IPR016054_2_112-188     93.65%    passed     11.57%
  81  A0A0F7JHR5_IPR045860_2_115-198     93.07%    passed     27.30%
  82  A0A0H4AC90_IPR045860_1_1-84        93.07%    passed      5.76%
  83  A0A4D9DJB4_IPR045860_4_567-619     95.63%    failed      0.32%
  84  A0A6I8PU52_IPR016054_2_217-299     93.15%    passed     31.02%
  85  A0A7J8C8R7_IPR016054_1_22-94       93.98%    passed      9.17%
  86  A0A8D0UEP2_IPR026524_1_10-132      89.85%    passed      7.51%
  87  A0A9B0U280_IPR016054_1_21-101      93.32%    failed      0.81%
  88  A0A9L0SSL3_IPR045860_2_59-112      95.54%    passed      9.49%
  89  G1UJB0_IPR045860_2_20-114          92.16%    failed      0.75%
  90  K7E0K4_IPR016054_3_208-300         92.33%    failed      0.03%
  91  M7B2W8_IPR045860_1_103-155         95.63%    failed      0.29%
  92  A0A8C3SCR7_IPR026524_1_6-286       76.82%    failed      0.00%
  93  A0A1A8RH00_IPR039457_1_5-88        93.07%    passed     24.68%
  94  A0A1D1VG99_IPR031424_1_70-203      88.94%    failed      0.00%
  95  A0A1D2NLW9_IPR031424_1_23-153      89.19%    passed     71.35%
  96  A0A226EVU9_IPR031424_1_54-155      91.58%    failed      4.09%
  97  A0A6J1WMJ4_IPR031424_1_24-133      90.92%    passed     60.72%
  98  A0AAV8VRB0_IPR031424_1_21-101      93.32%    passed     18.84%
  99  A1Z8Y5_IPR031424_1_26-123          91.91%    passed     51.52%
 100  A0A0C2MH32_IPR045860_1_1-73        93.98%    passed     96.11%
 101  A0A1D2MG66_IPR045860_1_25-115      92.49%    passed     24.44%
 102  A0A1I7Y769_IPR045860_1_19-117      91.83%    failed      0.07%
 103  A0A1I8IX46_IPR045860_1_319-392     93.89%    passed     12.87%
 104  A0A4S2MLE7_IPR045860_1_36-111      93.73%    passed     59.25%
 105  A0A4U5NI55_IPR045860_1_19-94       93.73%    passed     57.62%
 106  A0A7M5VEA9_IPR045860_1_33-105      93.98%    passed     43.47%
 107  A0A7S3G3U3_IPR045860_1_2-54        95.63%    passed     10.27%
 108  A0A834A2I1_IPR045860_1_24-95       94.06%    passed     64.48%
 109  A0A8B6GU07_IPR045860_1_11-102      92.41%    passed     13.07%
 110  A0A8C5QXT3_IPR045860_1_53-106      95.54%    passed     28.09%
 111  A0A8J5JX50_IPR045860_1_71-166      92.08%    passed     19.10%
 112  A0A8K0F306_IPR045860_1_23-130      91.09%    passed     49.12%
 113  A0A8S3ZH90_IPR045860_1_1-79        93.48%    passed     42.40%
 114  A0A914USH5_IPR045860_1_15-100      92.90%    passed     28.26%
 115  A0A915DFY2_IPR045860_1_15-80       94.55%    passed     55.51%
 116  A0A9P0DTR9_IPR045860_1_1-58        95.21%    passed     78.60%
 117  A0A9P1MMA3_IPR045860_1_27-105      93.48%    passed     10.73%
 118  A0A9W2Z002_IPR045860_1_18-92       93.81%    failed      0.00%
 119  A0A9W9YJ69_IPR045860_1_16-79       94.72%    failed      0.04%
 120  A0AA85JZT4_IPR045860_1_28-94       94.47%    failed      2.28%
 121  A0AAD9NTI8_IPR045860_1_19-83       94.64%    passed     71.20%
 122  A0AAE0W1W7_IPR045860_1_20-75       95.38%    passed     89.33%
 123  A0AAE1GRD3_IPR045860_1_32-133      91.58%    passed     12.77%
 124  A0AAV2PG25_IPR045860_1_44-99       95.38%    passed     38.36%
 125  A0AAV5VD69_IPR045860_1_14-86       93.98%    passed     44.22%
 126  A0AAV6UAT7_IPR045860_1_25-84       95.05%    passed     34.28%
 127  E0W218_IPR045860_1_19-88           94.22%    passed     26.65%
 128  M1ZMI5_IPR045860_1_3-54            95.71%    passed     17.73%
 129  R7VD63_IPR045860_1_180-235         95.38%    passed     42.34%
 130  W5MLI6_IPR045860_1_1-65            94.64%    passed     42.02%
 131  Centipede3FTx_0067_1255758         89.60%    passed      7.06%
 132  Centipede3FTx_0099_984703          92.33%    passed     16.73%
 133  A0A090LL14_IPR003571_1_32-90       95.13%    failed      2.66%
 134  A0A8C3SXJ0_IPR045860_1_14-67       95.54%    passed     72.61%
 135  A0A8C9F6M2_IPR035076_1_14-65       95.71%    passed     33.58%
 136  M3XSN1_IPR045860_1_65-143          93.48%    failed      0.23%
 137  A0A1L6Z9Y5_IPR026524_1_1-149       87.71%    failed      0.02%
 138  A0A2Y9RVA8_IPR016054_1_239-303     94.64%    passed     53.09%
 139  A0A6P7YUZ6_IPR045860_2_114-195     93.23%    passed      6.21%
 140  A0A8J6B5V3_IPR045860_2_124-181     95.21%    passed     19.31%
 141  A0AAD5KP77_IPR016054_1_20-118      91.83%    passed     87.96%
 142  A6J8Z0_IPR016054_1_69-200          89.11%    passed      5.94%
 143  G3VP90_IPR016054_3_210-302         92.33%    passed     10.66%
 144  A0A1L6Z9Z9_IPR026524_1_1-81        93.32%    passed      8.44%
 145  A0A1A8RI45_IPR039457_1_1-66        94.55%    passed      6.83%
 146  A0A7R9G4N8_IPR039457_1_19-129      90.84%    passed     74.69%
 147  A0A0L0BZ61_IPR031424_1_35-125      92.49%    passed     15.50%
 148  A0A1B0GHW8_IPR031424_1_36-128      92.33%    failed      0.08%
 149  A0A1D1VGV8_IPR031424_1_79-178      91.75%    failed      4.55%
 150  A0A226EYN6_IPR031424_1_49-136      92.74%    passed     54.20%
 151  A0A6G1SPW6_IPR031424_1_43-183      88.37%    passed     35.56%
 152  A0A834IJZ1_IPR031424_1_21-82       94.88%    passed     43.19%
 153  A0A8I6RMI4_IPR031424_1_20-124      91.34%    failed      4.99%
 154  A0A8J5MU39_IPR031424_1_24-110      92.82%    passed      6.94%
 155  A0A914WJK0_IPR031424_1_20-145      89.60%    failed      0.00%
 156  A0A9J6CMN1_IPR031424_1_155-254     91.75%    passed     51.59%
 157  A0A9N9WRV6_IPR031424_1_23-109      92.82%    passed     61.08%
 158  A0A0A0QUX4_IPR045860_1_18-69       95.71%    passed     44.12%
 159  A0A0N5AVA4_IPR045860_1_18-110      92.33%    failed      1.66%
 160  A0A1I7Y7B6_IPR045860_1_22-95       93.89%    passed     17.79%
 161  A0A1X7VMF3_IPR045860_1_25-96       94.06%    passed     72.37%
 162  A0A267FE13_IPR045860_1_77-159      93.15%    passed     13.42%
 163  A0A2I0TMY7_IPR045860_1_43-134      92.41%    passed     23.82%
 164  A0A3P7HPH2_IPR045860_1_12-82       94.14%    passed     28.79%
 165  A0A7I8WE53_IPR045860_1_16-88       93.98%    failed      0.26%
 166  A0A7M5VET2_IPR045860_1_1-98        91.91%    passed     11.51%
 167  A0A813PZ80_IPR045860_1_21-87       94.47%    failed      4.07%
 168  A0A818U6W1_IPR045860_1_9-102       92.24%    passed     26.73%
 169  A0A820SNE3_IPR045860_1_69-132      94.72%    failed      0.00%
 170  A0A8C1VYQ5_IPR045860_1_22-81       95.05%    passed     69.61%
 171  A0A8D8EYL6_IPR045860_1_27-148      89.93%    failed      4.38%
 172  A0A914IDC6_IPR045860_1_41-96       95.38%    passed     61.10%
 173  A0A914Z0P7_IPR045860_1_116-196     93.32%    passed     78.23%
 174  A0A9Q0YDX6_IPR045860_1_30-121      92.41%    passed     41.88%
 175  A0AAV5TAP5_IPR045860_1_21-102      93.23%    passed     15.80%
 176  A0AAV7T9C4_IPR045860_1_19-85       94.47%    failed      3.65%
 177  A0ABD1DX19_IPR045860_1_9-71        94.80%    passed     42.05%
 178  B4GU16_IPR045860_1_105-181         93.65%    passed      6.30%
 179  P0DPY0_IPR045860_1_22-106          92.99%    passed     33.95%
 180  Centipede3FTx_0004_61981           91.42%    passed      5.51%
 181  Centipede3FTx_0036_60158           93.98%    passed     80.59%
 182  Centipede3FTx_0100_984703          90.35%    passed     11.39%
 183  A0A8C8T5K9_IPR026110_1_35-140      91.25%    passed      8.60%
 184  A0A820L598_IPR045860_1_27-77       95.79%    failed      0.04%
 185  A0A9D3S5X7_IPR016054_1_19-113      92.16%    failed      0.04%
 186  A0AAW0MGU5_IPR016054_1_35-92       95.21%    failed      0.27%
 187  A0A6P8SIG0_IPR045860_1_116-202     92.82%    passed     54.48%
 188  A0A8C5QSE3_IPR045860_2_37-123      92.82%    failed      0.00%
 189  A0AAD9JMX5_IPR045860_1_29-114      92.90%    passed     24.70%
 190  A0AAV1Q741_IPR016054_1_29-100      94.06%    passed     21.52%
 191  A0AAW0H6Z6_IPR045860_1_18-90       93.98%    passed     16.52%
 192  A0A182SJ17_IPR045860_1_10-115      91.25%    passed     15.33%
 193  A0A1D1VGW6_IPR031424_1_24-132      91.01%    passed     11.89%
 194  A0A1V9XC70_IPR031424_1_23-117      92.16%    passed     60.44%
 195  A0A3M7SL07_IPR031424_1_3-79        93.65%    passed     54.40%
 196  A0A8S2KJM8_IPR031424_1_23-88       94.55%    passed     82.96%
 197  A0AAD8EMJ0_IPR031424_1_22-136      90.51%    failed      3.75%
 198  B4G719_IPR031424_1_24-125          91.58%    passed     43.30%
 199  E9H2D7_IPR031424_1_24-151          89.44%    failed      1.18%
 200  A0A016U7J7_IPR045860_1_34-87       95.54%    passed     37.92%
 201  A0A0C2NE02_IPR045860_1_3-88        92.90%    passed     55.22%
 202  A0A1S3H0Z1_IPR045860_1_32-107      93.73%    passed     87.26%
 203  A0A1V9XGM2_IPR045860_1_3-66        94.72%    passed     27.87%
 204  A0A1X7VNV6_IPR045860_1_29-136      91.09%    failed      4.77%
 205  A0A260Z1G3_IPR045860_1_32-105      93.89%    passed     50.40%
 206  A0A3N0XLF4_IPR045860_1_22-82       94.97%    failed      3.25%
 207  A0A4U5NZH1_IPR045860_1_19-101      93.15%    passed      8.45%
 208  A0A6A0GZJ4_IPR045860_1_10-60       95.79%    failed      4.72%
 209  A0A814D4D4_IPR045860_1_40-103      94.72%    passed     69.65%
 210  A0A814NNU2_IPR045860_1_23-125      91.50%    passed     37.56%
 211  A0A834R8A3_IPR045860_1_1-102       91.58%    passed     10.36%
 212  A0A8B7DGG4_IPR045860_1_44-134      92.49%    failed      0.59%
 213  A0A8C4LH24_IPR045860_2_26-108      93.15%    passed     59.15%
 214  A0A8X6I8W4_IPR045860_1_77-130      95.54%    passed     16.16%
 215  A0A914IDL7_IPR045860_1_43-105      94.80%    passed     21.33%
 216  A0A974HX00_IPR045860_1_27-118      92.41%    passed     20.84%
 217  A0A9D3PWW3_IPR045860_1_25-139      90.51%    passed     17.25%
 218  A0A9D4B431_IPR045860_1_7-87        93.32%    passed      6.22%
 219  A0A9Q0YFA6_IPR045860_1_37-119      93.15%    passed     25.71%
 220  A0AA35WXI3_IPR045860_1_192-289     91.91%    passed      9.16%
 221  A0AA36H002_IPR045860_1_1-57        95.30%    passed     72.37%
 222  A0AA85K4Y5_IPR045860_1_12-156      88.04%    passed      7.03%
 223  A0AA88M7S9_IPR045860_1_5-74        94.22%    failed      0.00%
 224  A0AAD9P4H3_IPR045860_1_15-76       94.88%    passed     18.13%
 225  A0AAN4ZEY9_IPR045860_1_21-99       93.48%    passed     13.96%
 226  A0AAN5DA64_IPR045860_1_36-130      92.16%    passed     22.37%
 227  A0AAN8LXL3_IPR045860_1_17-69       95.63%    failed      1.38%
 228  A0AAV5TBR6_IPR045860_1_17-112      92.08%    passed     39.25%
 229  H2L9T1_IPR045860_1_21-86           94.55%    failed      4.93%
 230  A0A5F4WGV7_IPR042339_1_1-77        93.65%    passed      6.00%
 231  V8N212_IPR045860_1_1-80            93.40%    passed     54.24%
 232  A0A6P7WSC1_IPR016054_1_21-102      93.23%    passed      7.18%
 233  A0A8C5SB45_IPR045860_1_12-76       94.64%    passed     19.83%
 234  A0ABD3WX20_IPR035076_1_66-132      94.47%    passed     29.85%
 235  A0A835ZW53_IPR038773_1_63-169      91.17%    failed      0.00%
 236  A0A4W2E290_IPR051445_1_1-105       91.34%    passed      6.39%
 237  A0A6A1Q7Y6_IPR051445_1_50-140      92.49%    passed     18.76%
 238  A0A8C8W2C3_IPR051445_1_2-76        93.81%    passed     10.55%
 239  A0A8I6AS65_IPR016054_1_152-209     95.21%    passed     24.65%
 240  A0A974CJ28_IPR045860_2_226-329     91.42%    failed      0.01%
 241  A6J8Z2_IPR016054_1_23-96           93.89%    passed     15.64%
 242  D3ZP75_IPR016054_1_20-106          92.82%    failed      1.20%
 243  R7UJ15_IPR039457_1_7-86            93.40%    failed      0.05%
 244  A0A1D1VLF0_IPR031424_1_28-136      91.01%    passed     28.60%
 245  A0A7R8X7B2_IPR045860_1_59-148      92.57%    failed      1.32%
 246  A0A814REP6_IPR031424_1_35-84       95.87%    passed     76.98%
 247  A0A834IMY6_IPR031424_1_24-126      91.50%    failed      0.37%
 248  A0A8J9Y1Z9_IPR031424_1_58-155      91.91%    failed      0.00%
 249  A0A914BR59_IPR031424_1_24-151      89.44%    failed      1.81%
 250  A0A9C6W8C0_IPR031424_1_24-106      93.15%    passed     20.09%
 251  A0A9D4HCE9_IPR031424_1_22-103      93.23%    passed     38.92%
 252  A0A9N9WWP9_IPR031424_1_24-110      92.82%    passed     38.00%
 253  A0A026WAX7_IPR045860_1_1-51        95.79%    passed     79.40%
 254  A0A336LZR2_IPR045860_1_251-335     92.99%    failed      4.67%
 255  A0A498LWD7_IPR045860_1_252-330     93.48%    failed      0.92%
 256  A0A4U1EKV4_IPR045860_1_2-61        95.05%    passed     21.16%
 257  A0A4U5NZP5_IPR045860_1_19-103      92.99%    passed     11.60%
 258  A0A671VFU8_IPR045860_1_64-113      95.87%    passed      5.88%
 259  A0A6J1LKZ0_IPR045860_1_48-147      91.75%    passed     67.64%
 260  A0A7I8X8P6_IPR045860_1_79-163      92.99%    passed     10.96%
 261  A0A814DLA7_IPR045860_1_23-81       95.13%    passed     46.60%
 262  A0A814JKT5_IPR045860_1_6-71        94.55%    passed      6.08%
 263  A0A8B7DHV2_IPR045860_1_20-110      92.49%    failed      2.59%
 264  A0A8I3PXV6_IPR045860_1_14-68       95.46%    passed     37.89%
 265  A0A8J1LF51_IPR045860_2_290-367     93.56%    passed     18.53%
 266  A0A8J5N960_IPR045860_1_12-76       94.64%    failed      1.09%
 267  A0A8S4N0F6_IPR045860_1_34-143      90.92%    failed      0.41%
 268  A0A8T1SCN7_IPR045860_1_21-98       93.56%    passed     70.95%
 269  A0A8T2IYG0_IPR045860_1_18-88       94.14%    passed     39.38%
 270  A0A8W8LHF3_IPR045860_1_41-141      91.67%    passed     45.83%
 271  A0A9J7LLU2_IPR045860_1_21-102      93.23%    passed     17.60%
 272  A0A9W9YJR1_IPR045860_1_20-117      91.91%    passed     43.07%
 273  A0A9X0D834_IPR045860_1_21-105      92.99%    passed      8.00%
 274  A0AAV4D142_IPR045860_1_32-83       95.71%    passed     19.90%
 275  A0AAV5TCP7_IPR045860_1_13-73       94.97%    passed     20.59%
 276  A0AAW1C869_IPR045860_1_16-82       94.47%    passed     11.26%
 277  A0ABD0PZK3_IPR045860_1_34-90       95.30%    passed     43.03%
 278  D3YUY5_IPR045860_1_21-76           95.38%    passed     40.20%
 279  G5CTL9_IPR045860_1_25-122          91.91%    passed     36.25%
 280  A0A8S3V659_IPR045860_1_136-212     93.65%    passed     29.09%
 281  A0A8V0Y3K6_IPR045860_1_18-91       93.89%    passed     71.44%
 282  A0AAD9QQZ4_IPR045860_1_18-112      92.16%    passed     24.51%
 283  A0AAW0MNB0_IPR045860_1_13-78       94.55%    failed      1.51%
 284  A0AB32TH96_IPR045860_2_11-62       95.71%    passed     24.43%
 285  A0A6I9MEH3_IPR038773_1_19-122      91.58%    passed     20.20%
 286  A0A125S9K5_IPR045860_1_18-108      92.49%    passed     72.27%
 287  A0A151M3Z5_IPR045860_6_222-294     93.98%    passed     72.52%
 288  A0A670IQM8_IPR016054_1_23-101      93.48%    failed      0.52%
 289  A0A6P6EZA3_IPR026524_1_1-387       68.07%    failed      0.00%
 290  A0A8I6ASR0_IPR051445_1_50-228      85.23%    failed      0.00%
 291  A0A8J6BKP1_IPR045860_1_11-96       92.90%    failed      0.24%
 292  A0A9B0WY52_IPR045860_1_22-122      91.67%    passed      9.36%
 293  A0AAF3EF36_IPR016054_1_25-131      91.17%    passed     16.35%
 294  A0AAW0PQM6_IPR045860_1_594-663     94.22%    passed     23.51%
 295  A0AAJ7X4X4_IPR039457_1_17-178      86.63%    failed      0.15%
 296  A0A7E6FPW6_IPR031424_1_22-116      92.16%    passed     24.94%
 297  A0A7J7K0Q0_IPR031424_1_36-106      94.14%    failed      0.08%
 298  A0A816N3I8_IPR031424_1_30-116      92.82%    passed     41.97%
 299  A0A820KXX8_IPR031424_1_21-92       94.06%    passed     11.45%
 300  A0A834J2M1_IPR031424_1_53-131      93.48%    passed      9.02%
 301  A0A9Q0M0P1_IPR031424_1_55-148      92.24%    passed     54.09%
 302  A0AAD8EMX0_IPR031424_1_22-137      90.43%    passed     46.44%
 303  A0AAV2AUC6_IPR031424_1_29-123      92.16%    passed     13.51%
 304  A0AAV8W3Q6_IPR031424_1_26-152      89.52%    passed      8.35%
 305  A0ABD2N2U6_IPR031424_1_24-167      88.12%    failed      0.36%
 306  A0A1W0W9F2_IPR045860_1_295-354     95.05%    passed     35.64%
 307  A0A1X7VRX7_IPR045860_1_130-204     93.81%    passed     35.26%
 308  A0A210QMG5_IPR045860_1_21-111      92.49%    passed      8.25%
 309  A0A267FLT7_IPR045860_1_40-116      93.65%    passed     12.21%
 310  A0A3B5M3Y7_IPR045860_1_54-113      95.05%    passed     34.07%
 311  A0A3M0KDK7_IPR045860_1_1076-1149   93.89%    passed     40.26%
 312  A0A6A4UZH6_IPR045860_1_69-125      95.30%    passed     10.03%
 313  A0A7J6A6K8_IPR045860_1_17-81       94.64%    passed     96.08%
 314  A0A7M7HJH9_IPR045860_1_30-120      92.49%    passed     16.77%
 315  A0A8B6BJV3_IPR045860_1_81-166      92.90%    passed     12.43%
 316  A0A8C6GS09_IPR045860_1_35-121      92.82%    passed     32.72%
 317  A0A8R1I3M6_IPR045860_1_23-72       95.87%    passed     13.64%
 318  A0A974HZ79_IPR045860_1_25-111      92.82%    passed      5.77%
 319  A0A9X0D8A0_IPR045860_1_17-104      92.74%    passed      7.41%
 320  A0AAD9USH5_IPR045860_1_5-103       91.83%    passed     65.72%
 321  A0AAF3FK35_IPR045860_1_8-93        92.90%    failed      0.27%
 322  A0AAV2Q5Q0_IPR045860_1_24-122      91.83%    passed      5.61%
 323  A0AAV6G4K1_IPR045860_2_83-145      94.80%    failed      1.51%
 324  F6ZQF4_IPR045860_1_15-103          92.66%    failed      0.00%
 325  G5CTM1_IPR045860_1_35-128          92.24%    passed     17.84%
 326  K1QMD5_IPR045860_1_5-58            95.54%    passed     17.47%
 327  N6TJ42_IPR045860_1_1-78            93.56%    passed     54.30%
 328  P25677_IPR045860_1_1-56            95.38%    passed     48.61%
 329  Centipede3FTx_0071_60158           93.73%    passed      7.16%
 330  P81946_IPR045860_1_1-59            95.13%    passed     18.99%
 331  A0A6J8CXM1_IPR045860_1_45-149      91.34%    passed     40.07%
 332  A0A6P7WY53_IPR045860_1_164-214     95.79%    passed      7.99%
 333  A0A9L0J0W8_IPR045860_1_28-147      90.10%    failed      0.06%
 334  A0A151PIJ3_IPR016054_1_181-271     92.49%    failed      0.00%
 335  A0A484GSD8_IPR016054_1_27-77       95.79%    passed     19.01%
 336  A0A8B7WI12_IPR051445_1_1-137       88.70%    failed      0.49%
 337  A0A8I6AVK8_IPR016054_1_118-200     93.15%    failed      0.81%
 338  A0A974HDB2_IPR045860_2_48-130      93.15%    passed     21.70%
 339  A0A9N9SCS8_IPR045860_1_19-109      92.49%    passed     32.11%
 340  A0AAD4RAP5_IPR045860_1_16-126      90.84%    passed     46.83%
 341  A0AAV6YYU5_IPR045860_2_112-201     92.57%    passed     29.07%
 342  A0AAV7PZR4_IPR045860_2_114-222     91.01%    passed     27.75%
 343  F6Q0C7_IPR016054_3_33-111          93.48%    failed      1.06%
 344  A0A218UKU1_IPR039457_1_6-72        94.47%    passed      8.17%
 345  A0A7K6EXR5_IPR039457_1_1-91        92.49%    failed      4.75%
 346  A0A7R9P8Q2_IPR039457_1_18-166      87.71%    passed     40.70%
 347  A0A8S1CFF1_IPR039457_1_53-150      91.91%    passed     58.06%
 348  A0A094ZV75_IPR031424_1_24-165      88.28%    passed     34.05%
 349  A0A0L8GXK5_IPR045860_1_17-112      92.08%    passed     31.25%
 350  A0A1Y3AYX1_IPR031424_1_8-70        94.80%    passed     13.19%
 351  A0A5K3FB28_IPR031424_1_38-146      91.01%    passed     20.12%
 352  A0A834XXW6_IPR045860_1_25-117      92.33%    failed      3.34%
 353  A0A8I6RRD0_IPR031424_1_24-112      92.66%    passed     13.01%
 354  A0A8J2HNT4_IPR031424_1_6-91        92.90%    passed      7.72%
 355  A0A8K0GPW3_IPR045860_1_20-142      89.85%    passed     47.41%
 356  A0A8W8K4J3_IPR031424_1_23-111      92.66%    passed     83.90%
 357  A0A914WZU6_IPR031424_1_27-149      89.85%    passed     94.28%
 358  A0A9C6XCY0_IPR031424_1_32-81       95.87%    passed     88.04%
 359  A0AAD8EN74_IPR031424_1_25-127      91.50%    passed      9.12%
 360  A0A0N5BF53_IPR045860_1_5-59        95.46%    passed     45.31%
 361  A0A0V0UBI1_IPR045860_1_1-58        95.21%    passed     96.31%
 362  A0A1I7TRJ6_IPR045860_1_37-95       95.13%    passed     79.82%
 363  A0A1I7YII5_IPR045860_1_29-124      92.08%    passed     71.28%
 364  A0A3P8PM98_IPR045860_1_30-81       95.71%    failed      1.44%
 365  A0A674NC48_IPR045860_1_26-86       94.97%    failed      0.13%
 366  A0A6F9ACW7_IPR045860_1_3-82        93.40%    failed      0.15%
 367  A0A6G1S6S7_IPR045860_1_3-110       91.09%    failed      3.07%
 368  A0A6J0DST4_IPR045860_1_34-106      93.98%    passed     67.49%
 369  A0A7M4DZ02_IPR045860_1_32-95       94.72%    passed     75.96%
 370  A0A7R9KQA6_IPR045860_1_1-104       91.42%    passed     73.86%
 371  A0A814EJY6_IPR045860_1_192-247     95.38%    passed     11.90%
 372  A0A814PF60_IPR045860_1_15-104      92.57%    failed      0.08%
 373  A0A8B6ERY4_IPR045860_1_19-100      93.23%    passed     32.49%
 374  A0A8B7DRJ4_IPR045860_1_22-104      93.15%    passed     11.58%
 375  A0A8B8EZV4_IPR045860_1_33-141      91.01%    passed     46.18%
 376  A0A8C4WMJ5_IPR045860_1_21-113      92.33%    passed     41.16%
 377  A0A8C5CHJ5_IPR045860_1_38-115      93.56%    failed      0.40%
 378  A0A8D9BNI4_IPR045860_1_20-113      92.24%    passed      7.87%
 379  A0A8J2WEI1_IPR045860_1_25-109      92.99%    failed      0.34%
 380  A0A8R2D7F4_IPR045860_1_17-111      92.16%    passed     32.17%
 381  A0A9Y3S0M1_IPR045860_1_307-377     94.14%    failed      0.06%
 382  A0AA39HM97_IPR045860_1_20-105      92.90%    passed     95.09%
 383  A0AA39M7A2_IPR045860_1_134-204     94.14%    passed     35.71%
 384  A0AAN4ZHP0_IPR045860_1_23-95       93.98%    passed     25.27%
 385  A0AAV2QD99_IPR045860_1_46-100      95.46%    failed      2.54%
 386  A0AAV4DMW8_IPR045860_1_26-88       94.80%    passed     13.64%
 387  A0AAV5TF97_IPR045860_1_2-72        94.14%    passed     49.48%
 388  A0ABD3WS81_IPR045860_1_27-79       95.63%    passed     40.43%
 389  G5CTM2_IPR045860_1_23-116          92.24%    passed     38.18%
 390  Centipede3FTx_0008_61981           88.20%    failed      3.73%
 391  Centipede3FTx_0040_60158           91.83%    passed      8.09%
 392  Centipede3FTx_0072_61981           90.43%    failed      4.50%
 393  Q2VBN1_IPR045860_1_14-85           94.06%    passed     20.33%
 394  V8N440_IPR003571_1_1-84            93.07%    passed     31.93%
 395  A0A401RYL5_IPR016054_1_20-108      92.66%    passed     37.13%
 396  A0A6P7WY53_IPR045860_2_20-94       93.81%    failed      0.33%
 397  A0A8B6HFD7_IPR016054_2_206-301     92.08%    passed     77.80%
 398  A0A8C3TZZ5_IPR045860_1_29-94       94.55%    passed     92.56%
 399  A0A914SCK2_IPR045860_1_15-108      92.24%    passed     15.32%
 400  A0A8C7AE63_IPR045860_2_121-207     92.82%    failed      0.19%
 401  A0A9D3PHI6_IPR045860_1_19-108      92.57%    failed      1.75%
 402  A0A9Q0X862_IPR045860_3_250-332     93.15%    passed     79.64%
 403  A0AA35PAI4_IPR045860_1_60-147      92.74%    passed     38.10%
 404  H9G8X6_IPR045860_2_210-286         93.65%    passed     12.19%
 405  P0DQX3_IPR045860_2_95-157          94.80%    passed     50.08%
 406  A0A0K0E8P7_IPR031424_1_39-119      93.32%    passed     28.28%
 407  A0A0T6B2U3_IPR031424_1_21-134      90.59%    passed     62.16%
 408  A0A6A0GXP2_IPR031424_1_7-107       91.67%    passed     59.81%
 409  A0A8W8K6C2_IPR031424_1_1-67        94.47%    passed     22.28%
 410  A0A914E4N2_IPR031424_1_2-122       90.02%    passed     12.30%
 411  A0AAW1URC3_IPR045860_1_18-105      92.74%    passed     12.89%
 412  A0A8C9J9W8_IPR051445_1_3-71        94.31%    failed      0.66%
 413  A0A0C9Q3W5_IPR045860_1_27-110      93.07%    passed     58.34%
 414  A0A0V0XGJ1_IPR045860_1_23-115      92.33%    passed     51.93%
 415  A0A182NM64_IPR045860_1_59-148      92.57%    failed      0.08%
 416  A0A2H1W8S6_IPR045860_1_2-65        94.72%    passed     33.12%
 417  A0A4Z2ITI9_IPR045860_1_71-144      93.89%    passed     21.80%
 418  A0A5A9PIR8_IPR045860_1_115-167     95.63%    passed     73.71%
 419  A0A653BZP5_IPR045860_1_25-99       93.81%    passed     20.78%
 420  A0A7R9BN16_IPR045860_1_18-91       93.89%    passed     52.07%
 421  A0A814PKZ4_IPR045860_1_10-63       95.54%    passed     74.67%
 422  A0A8B7DVU4_IPR045860_1_25-125      91.67%    passed     70.36%
 423  A0A8C6V709_IPR045860_1_6-88        93.15%    failed      0.19%
 424  A0A8R1I7U2_IPR045860_1_78-184      91.17%    passed     10.42%
 425  A0A8S1FAB1_IPR045860_1_32-129      91.91%    passed     93.18%
 426  A0A8S4N9T5_IPR045860_1_233-310     93.56%    passed     60.36%
 427  A0A8T2ND24_IPR045860_1_11-87       93.65%    failed      0.06%
 428  A0A915IBA4_IPR045860_1_15-123      91.01%    passed     14.01%
 429  A0A9Y3S0P4_IPR045860_1_45-132      92.74%    failed      0.62%
 430  A0AA36H4S5_IPR045860_1_16-90       93.81%    passed     28.33%
 431  A0AA85K7K8_IPR045860_1_42-119      93.56%    passed     16.63%
 432  A0AAJ7SUB0_IPR045860_1_115-209     92.16%    failed      1.45%
 433  A0AAN4ZP78_IPR045860_1_42-102      94.97%    passed      9.61%
 434  A0AAN8R2E2_IPR045860_1_20-76       95.30%    failed      2.57%
 435  A0ABD3WX44_IPR045860_1_9-65        95.30%    failed      2.68%
 436  A1BX79_IPR045860_1_1-83            93.15%    passed     47.14%
 437  F5CPE3_IPR045860_1_21-74           95.54%    failed      3.99%
 438  H2XNG7_IPR045860_1_15-107          92.33%    failed      1.15%
 439  Q4RE84_IPR045860_1_1-95            92.16%    passed     44.16%
 440  T1EUB6_IPR045860_1_52-116          94.64%    failed      0.00%
 441  Centipede3FTx_0073_61981           87.46%    failed      0.06%
 442  Centipede3FTx_0137_984703          90.92%    passed     42.28%
 443  A0A3M7P5S9_IPR045860_1_24-76       95.63%    passed     10.14%
 444  A0A821GXM4_IPR035076_1_5-65        94.97%    passed      5.50%
 445  A0A915EI99_IPR035076_1_63-120      95.21%    failed      3.56%
 446  A0A8C0LSP2_IPR016054_2_116-200     92.99%    failed      3.56%
 447  A0A8C5PIA8_IPR045860_2_118-180     94.80%    passed     14.46%
 448  A0A8T1RWM6_IPR045860_2_38-138      91.67%    failed      0.49%
 449  A0A8V5GXQ5_IPR045860_1_17-104      92.74%    passed      6.84%
 450  A0AA35QQ05_IPR045860_2_11-97       92.82%    passed     29.49%
 451  A0AA41SX92_IPR016054_5_304-383     93.40%    passed     24.31%
 452  A0A6P5AVG0_IPR039457_1_6-170       86.39%    passed     39.83%
 453  A0A8S1DAU7_IPR039457_1_17-146      89.27%    passed      8.89%
 454  A0A1D1VPY8_IPR031424_1_23-155      89.03%    failed      0.18%
 455  A0A3P6SP30_IPR045860_1_16-117      91.58%    failed      3.10%
 456  A0A6G0TK47_IPR031424_2_131-183     95.63%    passed     42.87%
 457  A0A6J2T4X2_IPR031424_1_20-104      92.99%    failed      4.43%
 458  A0A8B7Y2P5_IPR045860_1_18-113      92.08%    failed      0.00%
 459  A0A8B8F9V4_IPR031424_1_29-79       95.79%    passed     63.56%
 460  A0A8J2J8C2_IPR031424_1_34-125      92.41%    passed     19.15%
 461  A0A9X6NDI1_IPR031424_2_139-238     91.75%    passed     10.51%
 462  A0AAV8WFF7_IPR031424_1_25-136      90.76%    failed      3.21%
 463  A0A026WXJ4_IPR045860_1_1-62        94.88%    passed     91.18%
 464  A0A0L8FP07_IPR045860_1_1-84        93.07%    passed     48.82%
 465  A0A2G5SEQ4_IPR045860_1_27-106      93.40%    passed     79.22%
 466  A0A2I4AR90_IPR045860_1_16-83       94.47%    passed     45.18%
 467  A0A443SL88_IPR045860_1_4-105       91.58%    failed      0.84%
 468  A0A4U5LUR5_IPR045860_1_72-154      93.15%    passed     10.02%
 469  A0A6I9WVB5_IPR045860_1_22-100      93.48%    failed      2.12%
 470  A0A7J5XAJ6_IPR045860_1_23-97       93.81%    passed     59.11%
 471  A0A7M5WWS9_IPR045860_1_13-112      91.75%    passed     89.06%
 472  A0A7R9BZU8_IPR045860_1_6-120       90.51%    passed     25.17%
 473  A0A813QV19_IPR045860_1_43-97       95.46%    passed     17.30%
 474  A0A814ET11_IPR045860_1_41-100      95.05%    passed     28.16%
 475  A0A816AGA0_IPR045860_1_5-119       90.51%    failed      0.08%
 476  A0A816MZY2_IPR045860_1_5-95        92.49%    passed     38.85%
 477  A0A818AUG9_IPR045860_1_44-109      94.55%    passed      7.74%
 478  A0A8B8DLP4_IPR045860_1_57-131      93.81%    passed     25.91%
 479  A0A8C2ZCX5_IPR045860_1_19-91       93.98%    passed     66.50%
 480  A0A8C6LK83_IPR045860_1_27-121      92.16%    passed     63.13%
 481  A0A8C6VN86_IPR045860_1_114-200     92.82%    passed     10.91%
 482  A0A8T2JDC4_IPR045860_1_2-69        94.39%    passed     30.72%
 483  A0A913X4E7_IPR045860_1_20-110      92.49%    passed     11.67%
 484  A0A914EB87_IPR045860_1_16-93       93.56%    failed      4.88%
 485  A0A914LEF1_IPR045860_1_1-77        93.65%    passed      6.75%
 486  A0A914RYS8_IPR045860_1_15-108      92.24%    passed     49.91%
 487  A0A914VDT4_IPR045860_1_18-93       93.73%    passed     12.21%
 488  A0A922HS44_IPR045860_1_16-145      89.27%    passed     56.27%
 489  A0A9D4BW54_IPR045860_1_25-114      92.57%    passed     22.98%
 490  A0A9J6FD86_IPR045860_1_2-55        95.54%    passed     89.81%
 491  A0A9N9RXC6_IPR045860_1_55-149      92.16%    passed     13.64%
 492  A0A9P0J1I0_IPR045860_1_18-73       95.38%    passed     32.92%
 493  A0A9P1HD09_IPR045860_1_6-91        92.90%    failed      2.25%
 494  A0AAE0SFZ8_IPR045860_1_33-155      89.85%    passed     87.97%
 495  A0AAV5TMI4_IPR045860_1_11-114      91.42%    failed      2.53%
 496  A0AAV5W0D6_IPR045860_1_69-122      95.54%    passed     56.31%
 497  G0PFB6_IPR045860_1_18-98           93.32%    passed     47.44%
 498  A0A452UEK3_IPR026110_1_23-77       95.46%    failed      2.27%
 499  A0A818R344_IPR045860_1_32-104      93.98%    passed      6.42%
 500  A0A9Q1E5X7_IPR016054_1_18-93       93.73%    passed      6.20%
 501  A0A9W2ZRV3_IPR045860_1_32-114      93.15%    passed     26.02%
 502  A0AAD4YB02_IPR045860_2_49-104      95.38%    passed     18.89%
 503  W5MCJ5_IPR016054_1_20-106          92.82%    failed      0.00%
 504  A0A6F9CLJ2_IPR045860_3_137-200     94.72%    failed      2.45%
 505  A0AA97KH13_IPR045860_2_20-107      92.74%    passed     35.37%
 506  A0AAV2KTW0_IPR045860_1_114-182     94.31%    failed      0.00%
 507  A0AAV7Q087_IPR045860_1_109-190     93.23%    passed     61.34%
 508  A0ABD2NUY2_IPR045860_1_18-107      92.57%    passed     26.21%
 509  U3KML4_IPR045860_1_43-125          93.15%    passed     14.44%
 510  A0A0L8IDX6_IPR031424_1_6-77        94.06%    passed     72.13%
 511  A0A1B6LMI2_IPR031424_1_21-99       93.48%    passed     50.54%
 512  A0A1D1VSS4_IPR045860_1_22-105      93.07%    failed      4.87%
 513  A0A1I8PHK9_IPR031424_1_26-129      91.42%    passed     20.23%
 514  A0A6P7FF79_IPR031424_1_26-143      90.26%    failed      4.57%
 515  A0A7F5RC65_IPR031424_1_31-168      88.61%    passed      5.88%
 516  A0A813QWV5_IPR031424_1_56-156      91.67%    passed      5.13%
 517  A0A8D8YPC7_IPR031424_1_26-155      89.27%    passed     62.32%
 518  A0AAR5QJX6_IPR031424_1_24-175      87.46%    passed     26.31%
 519  A0ABD2N5Z7_IPR031424_1_25-145      90.02%    failed      1.99%
 520  A0A026WXM5_IPR045860_1_4-58        95.46%    passed     37.07%
 521  A0A195D3E7_IPR045860_1_5-73        94.31%    passed     72.99%
 522  A0A1L8G0F6_IPR045860_1_57-160      91.42%    failed      4.26%
 523  A0A1W0WQR3_IPR045860_1_88-180      92.33%    passed     38.77%
 524  A0A3B5MH29_IPR045860_1_152-222     94.14%    passed     18.22%
 525  A0A401P202_IPR045860_1_22-78       95.30%    passed     13.21%
 526  A0A443SPP0_IPR045860_1_6-84        93.48%    passed     36.85%
 527  A0A454XV36_IPR045860_1_21-94       93.89%    passed     16.05%
 528  A0A4U5LUZ3_IPR045860_1_15-114      91.75%    passed     11.26%
 529  A0A7R9LSG3_IPR045860_1_1-51        95.79%    passed     20.37%
 530  A0A7T8QUM6_IPR045860_1_3-92        92.57%    passed     10.39%
 531  A0A814Q5U4_IPR045860_1_24-92       94.31%    passed     19.78%
 532  A0A914RZA8_IPR045860_1_78-139      94.88%    passed      8.41%
 533  A0A915J3H9_IPR045860_1_226-306     93.32%    passed     10.01%
 534  A0A977PF39_IPR045860_1_22-126      91.34%    passed     13.10%
 535  A0A9P1N1W3_IPR045860_1_11-103      92.33%    passed     88.32%
 536  A0A9Q1I8V0_IPR045860_1_1-66        94.55%    passed     40.59%
 537  A0AA36H857_IPR045860_1_24-95       94.06%    failed      1.44%
 538  A0AA97J5B9_IPR045860_1_19-95       93.65%    passed      8.39%
 539  A0AAV2KZH7_IPR045860_1_20-82       94.80%    passed      6.59%
 540  A0AAV6ZUP7_IPR045860_1_20-81       94.88%    passed     17.62%
 541  A6MIV6_IPR045860_1_17-70           95.54%    passed     40.46%
 542  E3NNI7_IPR045860_1_39-105          94.47%    passed     39.42%
 543  G9D4E4_IPR045860_1_78-167          92.57%    passed     53.00%
 544  Q5C099_IPR045860_1_35-109          93.81%    passed     41.82%
 545  T1F491_IPR045860_1_11-97           92.82%    failed      1.96%
 546  U4UN32_IPR045860_1_66-134          94.31%    passed     23.98%
 547  Centipede3FTx_0011_61981           89.77%    passed     46.68%
 548  Centipede3FTx_0075_61981           92.74%    passed      5.77%
 549  A0A315W4P7_IPR045860_1_1-60        95.05%    passed     67.06%
 550  A0A091GPN7_IPR045860_2_95-146      95.71%    passed     67.35%
 551  G3TYI9_IPR016054_2_164-219         95.38%    passed      6.62%
 552  M7C222_IPR045860_3_8-70            94.80%    passed      9.92%
 553  A0A8T1S5D0_IPR026524_1_5-155       87.54%    failed      0.01%
 554  G3IJA7_IPR039457_1_2-85            93.07%    passed     30.77%
 555  A0A1D1VU07_IPR031424_1_29-119      92.49%    passed     61.99%
 556  A0A1S3KC57_IPR031424_1_20-112      92.33%    failed      3.60%
 557  A0A6A4II55_IPR031424_1_22-134      90.68%    failed      4.06%
 558  A0A6L2PLK9_IPR031424_1_31-84       95.54%    passed     96.59%
 559  A0A8J5UUP8_IPR031424_1_24-113      92.57%    passed     76.54%
 560  A0A9P1HMJ8_IPR031424_1_22-124      91.50%    passed     73.47%
 561  A0AAE9DKX9_IPR031424_1_24-108      92.99%    passed     51.64%
 562  A0AAV2Q359_IPR031424_1_4-107       91.42%    passed     28.22%
 563  N6U7S0_IPR031424_1_20-121          91.58%    failed      0.42%
 564  A0A0E3KK09_IPR045860_1_18-72       95.46%    passed     58.22%
 565  A0A2A6D034_IPR045860_1_57-149      92.33%    passed     92.92%
 566  A0A2K5H6W3_IPR045860_1_25-85       94.97%    passed     79.71%
 567  A0A485N7F4_IPR045860_1_1-79        93.48%    passed     31.15%
 568  A0A672HY15_IPR045860_1_43-105      94.80%    passed     61.34%
 569  A0A6P5A1G0_IPR045860_1_69-125      95.30%    passed     18.70%
 570  A0A7M5X584_IPR045860_1_21-86       94.55%    passed     47.40%
 571  A0A834Y7F0_IPR045860_1_31-132      91.58%    failed      0.47%
 572  A0A8J6AP99_IPR045860_1_159-208     95.87%    failed      2.78%
 573  A0A8M1FMM8_IPR045860_1_11-65       95.46%    passed     26.43%
 574  A0A8S3T3W9_IPR045860_1_33-92       95.05%    passed     81.79%
 575  A0A914ITD3_IPR045860_1_469-533     94.64%    passed     37.68%
 576  A0A915AQ63_IPR045860_1_14-95       93.23%    failed      1.77%
 577  A0A922HWM7_IPR045860_1_189-258     94.22%    passed     64.05%
 578  A0A9J6FJA2_IPR045860_2_260-335     93.73%    passed     30.27%
 579  A0A9P1HH40_IPR045860_1_23-110      92.74%    passed     20.11%
 580  A0AA35KPM3_IPR045860_1_104-193     92.57%    failed      4.94%
 581  A0AA36HBF4_IPR045860_1_43-111      94.31%    passed     20.46%
 582  A0AA39I7H4_IPR045860_1_20-82       94.80%    passed     11.24%
 583  A0AAU9W6W5_IPR045860_1_22-108      92.82%    failed      4.12%
 584  A0AAV7HWB9_IPR045860_3_118-180     94.80%    passed     61.73%
 585  A0AAW0MFM6_IPR045860_1_5-54        95.87%    passed     24.56%
 586  E2AU71_IPR045860_1_231-289         95.13%    passed     55.04%
 587  E4WSQ4_IPR045860_1_2-118           90.35%    passed     10.08%
 588  J7H3I1_IPR045860_1_35-132          91.91%    passed     79.37%
 589  Centipede3FTx_0012_984703          92.08%    failed      1.03%
 590  Centipede3FTx_0140_1255758         86.63%    passed      6.38%
 591  A0A8J9Z921_IPR045860_2_11-93       93.15%    failed      0.42%
 592  A0A8C9JP44_IPR045860_1_32-84       95.63%    passed     76.02%
 593  A0AA39MC99_IPR045860_1_12-92       93.32%    passed     19.91%
 594  A0AAN8BWB3_IPR045860_1_17-72       95.38%    passed     37.54%
 595  A0A2K6FUC7_IPR016054_1_130-181     95.71%    passed      8.24%
 596  A0A7J8BAY1_IPR051445_1_45-121      93.65%    passed      5.70%
 597  A0A803T097_IPR045860_2_113-189     93.65%    passed     29.53%
 598  A0A8C6G4T4_IPR016054_2_12-92       93.32%    passed      8.60%
 599  A0A8C8ZD79_IPR045860_3_211-280     94.22%    passed     14.10%
 600  A0AAV7MS16_IPR016054_1_19-100      93.23%    failed      0.44%
 601  G1U647_IPR026524_1_4-124           90.02%    failed      0.00%
 602  A0A068WMH4_IPR045860_1_37-139      91.50%    passed     80.37%
 603  A0A0T6B6S3_IPR031424_1_22-133      90.76%    passed     72.17%
 604  A0A183MZ51_IPR031424_1_26-124      91.83%    passed     22.39%
 605  A0A1Y1LGN0_IPR045860_1_34-109      93.73%    passed     10.54%
 606  A0A7F5RM31_IPR045860_1_17-109      92.33%    passed     23.96%
 607  A0A7J7K6D5_IPR031424_1_121-210     92.57%    passed     13.17%
 608  A0A9N9TL37_IPR031424_1_20-93       93.89%    passed     97.13%
 609  A0A9P0CKC3_IPR031424_1_24-121      91.91%    passed     10.19%
 610  A0AAE9ECB9_IPR031424_1_30-169      88.45%    passed      5.07%
 611  A0AAW1UZC9_IPR031424_1_19-128      90.92%    passed     33.42%
 612  V4AFQ7_IPR031424_1_44-125          93.23%    passed     59.09%
 613  A0A9W2X6I2_IPR051445_1_47-112      94.55%    passed      5.69%
 614  A0A067RRM3_IPR045860_1_1-78        93.56%    passed     25.91%
 615  A0A0N5BVY0_IPR045860_1_32-99       94.39%    passed     51.31%
 616  A0A1S3IMF4_IPR045860_1_21-96       93.73%    failed      0.08%
 617  A0A267G212_IPR045860_1_35-111      93.65%    failed      0.02%
 618  A0A2I5KCC1_IPR045860_1_22-131      90.92%    passed      5.32%
 619  A0A2P1DVD9_IPR045860_1_24-125      91.58%    passed     28.82%
 620  A0A3N0YL70_IPR045860_1_20-97       93.56%    passed     48.67%
 621  A0A401PND9_IPR045860_1_24-95       94.06%    passed     15.64%
 622  A0A4U5PGP9_IPR045860_1_12-88       93.65%    passed     10.17%
 623  A0A553NEH9_IPR045860_1_44-126      93.15%    passed     14.62%
 624  A0A5F4WEP0_IPR045860_1_159-273     90.51%    failed      4.29%
 625  A0A672L629_IPR045860_1_11-92       93.23%    passed     12.76%
 626  A0A6J8DGY3_IPR045860_1_75-168      92.24%    passed     24.26%
 627  A0A7L3V3L4_IPR045860_1_100-208     91.01%    failed      0.00%
 628  A0A8C5PT57_IPR045860_1_33-104      94.06%    passed      5.84%
 629  A0A8F8ASX3_IPR045860_1_58-126      94.31%    passed     40.49%
 630  A0A8T0BCI2_IPR045860_1_1-59        95.13%    passed     17.55%
 631  A0A915KCD7_IPR045860_1_23-123      91.67%    passed     32.38%
 632  A0A9F3W1W6_IPR045860_1_17-97       93.32%    passed     13.49%
 633  A0A9Q1AX85_IPR045860_1_8-68        94.97%    passed     33.65%
 634  A0A9X0A5Y2_IPR045860_1_18-78       94.97%    failed      2.43%
 635  A0AAD3R410_IPR045860_2_83-145      94.80%    failed      3.25%
 636  A0AAF3J618_IPR045860_1_16-105      92.57%    passed     59.62%
 637  J9ABH8_IPR045860_1_2-67            94.55%    failed      1.84%
 638  L8IZU0_IPR045860_1_26-80           95.46%    passed     36.71%
 639  T1FB38_IPR045860_1_12-101          92.57%    failed      0.79%
 640  W8AZ14_IPR045860_1_27-99           93.98%    passed     32.39%
 641  Centipede3FTx_0045_60158           88.70%    failed      2.65%
 642  Centipede3FTx_0077_61981           89.93%    failed      2.43%
 643  A0A098LYH6_IPR045860_1_13-92       93.40%    passed     15.19%
 644  A0A3B1ISK3_IPR016054_1_43-132      92.57%    failed      1.01%
 645  A0A3M7Q1X2_IPR045860_1_22-121      91.75%    failed      0.14%
 646  A0A8B6CMS2_IPR035076_1_23-72       95.87%    passed     18.03%
 647  A0A8D0BLR1_IPR045860_1_18-75       95.21%    passed     17.82%
 648  A0AAV7V326_IPR045860_1_16-126      90.84%    failed      0.00%
 649  G7PD21_IPR045860_1_47-101          95.46%    passed     24.55%
 650  A0A674J103_IPR045860_2_119-171     95.63%    passed     23.55%
 651  A0A7J8BB03_IPR051445_1_24-122      91.83%    failed      2.54%
 652  A0A8T1RYG7_IPR045860_2_119-196     93.56%    failed      1.47%
 653  A0AA97KDG8_IPR045860_1_76-156      93.32%    passed     24.29%
 654  A0AA97LL31_IPR045860_3_107-193     92.82%    failed      4.28%
 655  A0AAD1SXJ9_IPR045860_1_2-75        93.89%    passed     10.48%
 656  A0AAV7Q0A2_IPR045860_2_111-215     91.34%    passed     20.62%
 657  A0AAW1AWV1_IPR045860_6_1-70        94.22%    passed     31.92%
 658  A0AAN8G8R9_IPR039457_1_5-162       86.96%    failed      0.51%
 659  A0A8J6H8Z6_IPR031424_1_441-544     91.42%    passed     20.90%
 660  A0A9P0NU81_IPR031424_1_23-142      90.10%    passed      5.22%
 661  A0A9X6NF42_IPR031424_1_21-112      92.41%    failed      4.33%
 662  A0A0B2V4Y2_IPR045860_1_13-87       93.81%    passed     43.82%
 663  A0A0K0CWW9_IPR045860_1_1-51        95.79%    passed     52.25%
 664  A0A0N4XE99_IPR045860_1_18-91       93.89%    passed     13.70%
 665  A0A0R3PZF4_IPR045860_1_3-88        92.90%    passed      6.03%
 666  A0A0S7EPF1_IPR045860_1_52-146      92.16%    passed     64.81%
 667  A0A212CDR5_IPR045860_1_10-59       95.87%    passed     29.84%
 668  A0A261CIU9_IPR045860_1_35-107      93.98%    passed     12.49%
 669  A0A369RZI8_IPR045860_1_33-142      90.92%    passed     13.62%
 670  A0A3M6UU69_IPR045860_1_18-113      92.08%    passed      5.70%
 671  A0A3Q0IVC8_IPR045860_1_107-162     95.38%    passed     33.47%
 672  A0A4U5PGR9_IPR045860_1_10-93       93.07%    passed     19.36%
 673  A0A672L668_IPR045860_1_26-94       94.31%    passed     12.95%
 674  A0A6P7XFG3_IPR045860_1_18-96       93.48%    failed      3.29%
 675  A0A6P8F3Q9_IPR045860_1_19-116      91.91%    passed     80.24%
 676  A0A7J7J989_IPR045860_1_4-78        93.81%    passed     57.91%
 677  A0A8C3GTR2_IPR045860_1_48-144      92.00%    failed      0.34%
 678  A0A8D2L5T3_IPR045860_1_24-97       93.89%    passed     68.98%
 679  A0A8K0KJU9_IPR045860_1_171-225     95.46%    failed      3.75%
 680  A0A914VXE6_IPR045860_1_26-103      93.56%    passed      8.91%
 681  A0A9W9YVV7_IPR045860_1_17-120      91.42%    failed      1.45%
 682  A0AA36GN51_IPR045860_1_69-160      92.41%    passed     44.68%
 683  A0AAN5C818_IPR045860_1_20-96       93.65%    failed      3.28%
 684  A0AAN5I4M8_IPR045860_1_14-85       94.06%    passed     27.78%
 685  A0AAV3A1S2_IPR045860_1_26-103      93.56%    passed     49.19%
 686  A0ABD0SGT6_IPR045860_1_31-106      93.73%    failed      2.06%
 687  A0ABD2K7U0_IPR045860_1_59-155      92.00%    passed     72.95%
 688  D1ZZN3_IPR045860_1_25-95           94.14%    failed      0.02%
 689  Q91595_IPR045860_1_26-105          93.40%    passed     19.81%
 690  S4RP23_IPR045860_1_1-76            93.73%    passed     70.92%
 691  W8B4V7_IPR045860_1_35-84           95.87%    passed     34.75%
 692  A0AAV7V3C6_IPR045860_1_12-88       93.65%    failed      0.02%
 693  A0A9J7HAX0_IPR038773_1_34-166      89.27%    passed     10.94%
 694  A0A0B2W4U8_IPR016054_1_131-222     92.41%    passed      5.06%
 695  A0A151MW29_IPR045860_3_115-198     93.07%    failed      2.42%
 696  A0A212DDM8_IPR016054_2_5-77        93.98%    passed     16.05%
 697  A0A2J8IXP7_IPR016054_2_89-153      94.64%    passed      5.95%
 698  A0A8B6F514_IPR045860_1_60-144      92.99%    failed      0.03%
 699  A0A9Q1E5R8_IPR045860_2_20-79       95.05%    failed      4.15%
 700  A0AA35KNY3_IPR016054_2_22-112      92.49%    passed     21.41%
 701  A0AA35PCS3_IPR016054_2_396-445     95.87%    passed     92.26%
 702  A0AAW1AWW4_IPR045860_1_9-61        95.63%    passed     59.97%
 703  W5LVP5_IPR045860_1_3-53            95.79%    passed      9.72%
 704  A0A2U9AV81_IPR039457_1_3-54        95.71%    failed      2.73%
 705  A0A0N5CCS6_IPR031424_1_67-161      92.16%    passed     43.32%
 706  A0A7J7K703_IPR031424_1_20-92       93.98%    passed      9.00%
 707  A0A8B7YKX8_IPR031424_1_21-134      90.59%    failed      4.69%
 708  A0A8J6HAG2_IPR031424_1_268-342     93.81%    passed     20.38%
 709  A0AAJ6VZY4_IPR031424_1_28-113      92.90%    passed     42.24%
 710  A0ABD0SQC7_IPR031424_1_5-76        94.06%    passed     64.84%
 711  A0A068X2C6_IPR045860_1_1-74        93.89%    passed     58.13%
 712  A0A0B2V788_IPR045860_1_40-119      93.40%    passed     47.94%
 713  A0A139WKZ1_IPR045860_1_19-105      92.82%    passed     17.95%
 714  A0A1I7Z4P0_IPR045860_1_20-117      91.91%    passed     77.98%
 715  A0A1J1IMZ0_IPR045860_1_172-248     93.65%    failed      0.37%
 716  A0A4D9DQ93_IPR045860_1_5-88        93.07%    passed     39.52%
 717  A0A4U5M1C9_IPR045860_1_13-93       93.32%    passed     49.82%
 718  A0A5F9DD18_IPR045860_2_120-204     92.99%    failed      0.28%
 719  A0A673CMW7_IPR045860_1_1-62        94.88%    passed     90.37%
 720  A0A6I8Q673_IPR045860_1_22-78       95.30%    failed      0.05%
 721  A0A6J2WKY8_IPR045860_2_1-78        93.56%    passed      9.35%
 722  A0A6P8J5F2_IPR045860_1_29-134      91.34%    passed      9.58%
 723  A0A6P8NVL9_IPR045860_1_19-99       93.32%    failed      0.03%
 724  A0A6P8R0I9_IPR045860_1_21-122      91.58%    passed     33.63%
 725  A0A7J7K4I5_IPR045860_1_100-196     92.00%    passed     87.45%
 726  A0A7M5X657_IPR045860_1_43-96       95.54%    failed      3.14%
 727  A0A815RKE6_IPR045860_1_585-644     95.05%    passed     25.60%
 728  A0A817TEU8_IPR045860_1_40-101      94.88%    failed      1.52%
 729  A0A8B7PBL7_IPR045860_1_71-178      91.09%    failed      0.02%
 730  A0A8C4SSB6_IPR045860_1_19-84       94.55%    passed      7.39%
 731  A0A8S1GQN7_IPR045860_1_21-103      93.15%    failed      4.68%
 732  A0A9W9YWP2_IPR045860_1_22-108      92.82%    passed     10.37%
 733  A0AAF3JBN4_IPR045860_1_9-84        93.73%    failed      0.63%
 734  A0AAV6GIL3_IPR045860_1_31-81       95.79%    passed      9.11%
 735  E2B602_IPR045860_1_38-100          94.80%    passed     14.05%
 736  Q0GAB5_IPR045860_1_20-85           94.55%    passed     49.63%
 737  Centipede3FTx_0015_1255758         87.38%    passed     17.52%
 738  Centipede3FTx_0047_60158           92.74%    passed     70.88%
 739  Centipede3FTx_0111_984703          90.26%    passed     26.92%
 740  A0A2I0TLL8_IPR045860_1_6-59        95.54%    passed     15.02%
 741  A0A3P9MIP7_IPR045860_2_3-66        94.72%    passed     45.40%
 742  A0A7S1U4Z0_IPR045860_1_8-90        93.15%    failed      0.32%
 743  A0A818WR27_IPR045860_1_9-78        94.22%    failed      0.47%
 744  A0AAN8FGD8_IPR045860_1_6-82        93.65%    passed     24.21%
 745  A0AAV7V3D2_IPR045860_1_18-71       95.54%    passed     28.52%
 746  A0A3Q4BL76_IPR045860_2_19-87       94.31%    passed      7.49%
 747  A0A674J133_IPR045860_2_202-284     93.15%    failed      1.97%
 748  A0A6B0S3L6_IPR045860_2_202-274     93.98%    passed     11.30%
 749  A0A7J7JX39_IPR045860_1_15-109      92.16%    passed      5.13%
 750  A0A9D4B4C9_IPR045860_1_28-84       95.30%    passed     79.02%
 751  A0A9Q0YG57_IPR016054_1_228-322     92.16%    passed      7.51%
 752  A0A9X9LR61_IPR051445_1_18-78       94.97%    passed      8.08%
 753  A0AA35KNY3_IPR045860_3_234-311     93.56%    failed      3.53%
 754  A0AAV7PWP4_IPR045860_2_114-166     95.63%    passed     38.59%
 755  A0A1L6ZA22_IPR026524_1_1-54        95.54%    failed      4.86%
 756  A0A8C6VKX5_IPR026524_1_26-317      75.91%    passed     10.46%
 757  A0A1D1W0Z2_IPR045860_1_21-110      92.57%    passed     28.04%
 758  A0A2J7RCP2_IPR031424_1_20-94       93.81%    passed     68.43%
 759  A0A419QDL7_IPR031424_1_49-135      92.82%    passed     29.02%
 760  A0A553PQ88_IPR031424_1_65-138      93.89%    passed      9.08%
 761  A0A6A4J1W8_IPR031424_1_23-124      91.58%    passed     57.55%
 762  A0A8D9EEC0_IPR045860_1_36-100      94.64%    passed     43.68%
 763  A0A8S3ZD21_IPR045860_1_1-90        92.57%    passed     57.14%
 764  A0A9Q0MUQ9_IPR031424_1_22-152      89.19%    passed     29.85%
 765  A0AAW1KEF1_IPR031424_1_22-122      91.67%    failed      2.40%
 766  A0A0A0QVT0_IPR045860_1_1-59        95.13%    passed     76.20%
 767  A0A0B1S3M7_IPR045860_1_18-91       93.89%    passed     67.76%
 768  A0A2G8KSN0_IPR045860_1_1-52        95.71%    passed     15.87%
 769  A0A369SFB3_IPR045860_1_30-118      92.66%    passed     71.71%
 770  A0A3M6V1V9_IPR045860_1_24-100      93.65%    passed      8.35%
 771  A0A482WBZ3_IPR045860_1_23-97       93.81%    passed     37.13%
 772  A0A4U5M1E1_IPR045860_1_33-149      90.35%    passed     16.36%
 773  A0A672J2F4_IPR045860_1_20-76       95.30%    failed      0.04%
 774  A0A6F9AWL3_IPR045860_3_79-133      95.46%    passed     44.82%
 775  A0A7J8AY79_IPR045860_1_29-112      93.07%    passed     86.94%
 776  A0A7K8YTB0_IPR045860_1_7-87        93.32%    failed      0.00%
 777  A0A7M5X6C4_IPR045860_1_26-115      92.57%    failed      1.64%
 778  A0A7R8W3R3_IPR045860_1_82-181      91.75%    passed     40.54%
 779  A0A811KAY1_IPR045860_1_14-122      91.01%    passed     73.68%
 780  A0A816RLQ1_IPR045860_1_5-78        93.89%    failed      0.00%
 781  A0A821LEG1_IPR045860_2_139-203     94.64%    failed      4.37%
 782  A0A8B7PH04_IPR045860_1_27-104      93.56%    passed     14.58%
 783  A0A8C5MR88_IPR045860_1_23-95       93.98%    passed     20.24%
 784  A0A8I3WKN2_IPR045860_1_80-163      93.07%    passed     13.62%
 785  A0A8J9Z2A7_IPR045860_1_24-121      91.91%    passed      5.53%
 786  A0A913YSX5_IPR045860_1_1-83        93.48%    passed     28.69%
 787  A0A914IY65_IPR045860_1_181-248     94.39%    passed     42.52%
 788  A0A9N9T6H2_IPR045860_1_5-56        95.71%    passed     16.35%
 789  A0A9P1HRW4_IPR045860_1_35-101      94.47%    passed     19.21%
 790  A0A9W7WT82_IPR045860_1_8-63        95.38%    passed     10.27%
 791  A0AA35PDW3_IPR045860_1_17-98       93.23%    passed     19.39%
 792  A0AA97KCV8_IPR045860_1_33-91       95.13%    failed      2.49%
 793  A0AAD9Q6B2_IPR045860_1_25-107      93.15%    failed      2.50%
 794  A0AAE1Q6Z9_IPR045860_1_4-71        94.39%    passed     63.55%
 795  A0AAN7VHR4_IPR045860_1_15-112      91.91%    passed     38.38%
 796  A2BI28_IPR045860_1_15-83           94.31%    failed      2.02%
 797  T1GBA5_IPR045860_1_46-120          93.81%    passed     78.83%
 798  Centipede3FTx_0016_60158           87.87%    passed      5.01%
 799  Centipede3FTx_0080_61981           94.97%    passed     44.13%
 800  A0A454XXZ8_IPR045860_1_9-90        93.23%    failed      0.92%
 801  A0A6P7ZHU5_IPR016054_1_21-102      93.23%    failed      1.25%
 802  A0A814ASR0_IPR045860_1_26-113      92.74%    passed      7.32%
 803  A0A7J7SCZ8_IPR045860_3_211-261     95.79%    failed      3.50%
 804  A0A8J1JZC7_IPR045860_1_104-177     93.89%    passed     67.13%
 805  A0A8J1LAE3_IPR016054_1_18-111      92.24%    failed      1.29%
 806  A0A8T1S1I7_IPR045860_1_114-183     94.22%    passed      7.24%
 807  A0A8T2IRT7_IPR045860_2_115-195     93.32%    failed      0.30%
 808  A0AA40HIG7_IPR045860_1_38-190      87.38%    failed      0.00%
 809  A0AAV6ZHU2_IPR045860_2_1-71        94.14%    failed      0.46%
 810  A0A2G8LPQ2_IPR039457_1_28-79       95.71%    passed     21.46%
 811  A0A814JAT2_IPR039457_1_21-152      89.11%    failed      0.06%
 812  A0A0C9R4W4_IPR045860_1_44-107      94.72%    passed     25.00%
 813  A0A182UDP1_IPR031424_1_44-102      95.13%    passed     59.06%
 814  A0A1W0WDQ5_IPR031424_1_33-112      93.40%    failed      1.92%
 815  A0A553PQL1_IPR045860_1_17-98       93.23%    failed      0.34%
 816  A0A7G3AA29_IPR031424_1_25-147      89.85%    failed      0.02%
 817  A0A7I8VUV2_IPR031424_1_20-103      93.07%    passed     63.28%
 818  A0A8J2WFD8_IPR045860_1_38-136      91.83%    passed     48.50%
 819  A0A8S4PVE8_IPR031424_1_67-162      92.08%    passed     10.87%
 820  A0A915BLD6_IPR031424_1_24-112      92.66%    passed     20.91%
 821  A0A9J6BBX8_IPR031424_1_21-133      90.68%    failed      0.02%
 822  A0AAD5N1P7_IPR031424_1_105-184     93.40%    passed     14.93%
 823  A0AAD8AAY3_IPR045860_1_21-109      92.66%    failed      2.85%
 824  A0A0B2V963_IPR045860_1_20-161      88.28%    passed     17.24%
 825  A0A0D6LIU7_IPR045860_1_14-89       93.73%    passed     17.58%
 826  A0A0E3N0J1_IPR045860_2_115-164     95.87%    passed     56.25%
 827  A0A0N4XU23_IPR045860_1_25-89       94.64%    failed      0.42%
 828  A0A0N5CIB9_IPR045860_1_21-101      93.32%    passed     21.70%
 829  A0A177B4S8_IPR045860_1_239-330     92.41%    failed      2.98%
 830  A0A1A7YGD8_IPR045860_1_49-105      95.30%    passed     22.11%
 831  A0A1J1J8J8_IPR045860_1_28-143      90.43%    failed      3.54%
 832  A0A383VF68_IPR045860_1_50-110      94.97%    failed      2.56%
 833  A0A3Q7P0E8_IPR045860_1_12-95       93.07%    passed     19.34%
 834  A0A553P0D0_IPR045860_1_16-102      92.82%    passed     60.57%
 835  A0A672YFI7_IPR045860_1_22-86       94.64%    passed     34.39%
 836  A0A6J2X9Y7_IPR045860_1_20-106      92.82%    passed     45.95%
 837  A0A6P5AG42_IPR045860_1_44-127      93.07%    failed      1.88%
 838  A0A7M7PG63_IPR045860_1_235-318     93.07%    failed      0.47%
 839  A0A7R9MV90_IPR045860_1_1-81        93.32%    passed     99.00%
 840  A0A811KCP2_IPR045860_1_7-113       91.17%    passed     23.90%
 841  A0A814Z966_IPR045860_1_73-127      95.46%    passed     54.47%
 842  A0A8B8CBB0_IPR045860_1_86-154      94.31%    passed     15.14%
 843  A0A8C1EVR4_IPR045860_1_71-129      95.13%    passed     14.58%
 844  A0A8C1KXS0_IPR045860_1_84-135      95.71%    failed      1.17%
 845  A0A8C6Z7D6_IPR045860_1_23-78       95.38%    passed     15.74%
 846  A0A8C7ZF54_IPR045860_1_18-73       95.38%    passed     16.52%
 847  A0A8S9YT03_IPR045860_1_16-94       93.48%    failed      4.72%
 848  A0A913X5E8_IPR045860_1_141-238     91.91%    passed     36.26%
 849  A0A914SUI1_IPR045860_1_21-95       93.81%    failed      1.02%
 850  A0A9D4DCW9_IPR045860_1_128-204     93.65%    passed     49.97%
 851  A0A9Q0RI29_IPR045860_1_1-77        93.65%    passed     58.57%
 852  A0A9W9YWU5_IPR045860_2_41-125      92.99%    passed     20.21%
 853  A0AA36DFK1_IPR045860_1_24-105      93.23%    passed     60.95%
 854  A0AA85J9Z2_IPR045860_1_24-107      93.07%    passed     62.79%
 855  A0AAD9JRU8_IPR045860_1_132-199     94.39%    failed      2.07%
 856  A0AAJ7XFC9_IPR045860_1_33-108      93.73%    failed      4.23%
 857  A0AAV0A307_IPR045860_1_17-95       93.48%    failed      4.06%
 858  A0AAW0PGG7_IPR045860_2_12-74       94.80%    failed      0.35%
 859  L8YE21_IPR045860_1_1-53            95.63%    passed      6.83%
 860  Centipede3FTx_0081_61981           87.21%    failed      1.08%
 861  Centipede3FTx_0145_984703          91.83%    failed      3.76%
 862  A0AA35P1B0_IPR039237_1_1-124       89.77%    passed     22.93%
 863  A0A1S3T2Q1_IPR045860_2_23-147      89.69%    failed      0.84%
 864  A0A2I0TLQ1_IPR016054_1_21-168      87.79%    passed     16.18%
 865  A0A9D4BTS2_IPR045860_1_105-191     92.82%    passed     87.19%
 866  A6HS10_IPR045860_1_68-117          95.87%    failed      1.07%
 867  L5KM81_IPR045860_1_20-179          86.80%    failed      0.00%
 868  A0A4Z2D990_IPR045860_1_6-60        95.46%    passed     23.09%
 869  A0A672HY17_IPR045860_2_27-104      93.56%    passed     16.56%
 870  A0A6G0ITJ9_IPR045860_1_9-91        93.15%    passed     31.00%
 871  A0A8T2IS80_IPR045860_1_14-109      92.08%    passed     21.10%
 872  A0AA35VVV1_IPR016054_1_6-80        93.81%    passed     41.97%
 873  A0AA97KEJ2_IPR045860_2_1-68        94.39%    passed      9.30%
 874  A0AAD1T6T7_IPR045860_1_41-120      93.40%    failed      1.63%
 875  A0A7L0LNB4_IPR045860_1_33-97       94.64%    passed     13.15%
 876  A0AAV7UJD8_IPR045860_1_6-89        93.07%    passed     30.09%
 877  A0A7J7KIG9_IPR031424_1_23-118      92.08%    failed      2.52%
 878  A0A9P0JJI4_IPR031424_1_59-134      93.73%    passed     83.64%
 879  A0A9P0P6C9_IPR045860_1_22-118      92.00%    failed      0.89%
 880  A0A9X6RK53_IPR031424_1_34-86       95.63%    passed     49.99%
 881  A0AAD8AAZ8_IPR031424_1_21-128      91.09%    passed     19.03%
 882  A0AAV8YRX0_IPR045860_1_23-110      92.74%    passed     81.50%
 883  A0A074ZFN4_IPR045860_1_116-168     95.63%    passed      9.65%
 884  A0A0N1PIF7_IPR045860_1_2-80        93.48%    passed     40.45%
 885  A0A1D1UJY4_IPR045860_1_22-124      91.50%    passed      5.23%
 886  A0A2B4T2Y2_IPR045860_1_22-110      92.66%    passed     20.40%
 887  A0A2G8KWS2_IPR045860_1_32-136      91.34%    passed     40.69%
 888  A0A3B0JWF2_IPR045860_1_25-94       94.22%    passed     62.11%
 889  A0A3M6V5B7_IPR045860_1_32-117      92.90%    passed     87.88%
 890  A0A3Q0RTA1_IPR045860_1_21-77       95.30%    passed     73.45%
 891  A0A3S2PCT2_IPR045860_2_52-104      95.63%    passed     29.46%
 892  A0A6F9DV81_IPR045860_1_21-117      92.00%    failed      2.26%
 893  A0A7J7R911_IPR045860_1_301-379     93.48%    failed      0.00%
 894  A0A814TJZ5_IPR045860_1_12-117      91.25%    failed      4.08%
 895  A0A8C2P149_IPR045860_1_56-110      95.46%    passed     34.75%
 896  A0A8C4RAU9_IPR045860_1_25-113      92.66%    passed     50.07%
 897  A0A8C9F626_IPR045860_1_38-116      93.48%    passed     29.68%
 898  A0A8D8NQH8_IPR045860_1_2-93        92.41%    passed     36.23%
 899  A0A8S3DI61_IPR045860_1_18-78       94.97%    passed     43.30%
 900  A0A8S4PCU4_IPR045860_1_21-110      92.57%    passed     19.03%
 901  A0A915BK86_IPR045860_1_23-119      92.00%    passed     65.37%
 902  A0A9X0A6E7_IPR045860_1_115-197     93.15%    passed     30.09%
 903  A0AA36DG82_IPR045860_1_71-136      94.55%    passed     89.58%
 904  A0AAD8EEK7_IPR045860_1_3-61        95.13%    passed     10.54%
 905  A0AAD9JZG4_IPR045860_1_52-152      91.67%    failed      2.50%
 906  A0AAF3EK38_IPR045860_2_454-508     95.46%    failed      2.76%
 907  A0AAN8WWG0_IPR045860_1_52-159      91.09%    passed     16.61%
 908  A0AAU9XBH8_IPR045860_1_26-98       93.98%    passed     25.65%
 909  A0AAV2RAV7_IPR045860_1_21-125      91.34%    passed     52.18%
 910  A0AAV4HYB8_IPR045860_1_806-874     94.31%    failed      0.84%
 911  A0AAW0MKZ9_IPR045860_1_6-86        93.32%    failed      2.97%
 912  A0AAW1UIJ1_IPR045860_1_22-124      91.50%    passed     10.55%
 913  A7RR40_IPR045860_1_16-114          91.83%    passed     44.31%
 914  Centipede3FTx_0018_1255758         88.28%    failed      3.85%
 915  Centipede3FTx_0082_61981           92.00%    failed      0.09%
 916  Centipede3FTx_0114_984703          90.59%    failed      0.66%
 917  A0A7J8GR77_IPR039237_1_28-103      93.73%    failed      1.10%
 918  A0A8D2B8Y1_IPR035076_1_16-82       94.47%    failed      1.97%
 919  A0AAF3EX73_IPR045860_1_18-106      92.66%    passed     28.45%
 920  A0A452RA57_IPR038773_1_89-159      94.14%    failed      0.00%
 921  A0A6P8HNU1_IPR016054_1_22-103      93.23%    passed     32.10%
 922  A0A851KA47_IPR039457_1_1-82        93.23%    passed     33.78%
 923  A0A1B6EBJ6_IPR031424_1_5-77        93.98%    failed      3.66%
 924  A0A1W0WFV8_IPR031424_1_22-108      92.82%    passed     38.18%
 925  A0A813SHY2_IPR031424_1_40-132      92.33%    passed     41.66%
 926  A0A8S4PWZ4_IPR031424_1_125-235     90.84%    passed     12.79%
 927  A0A915DCF7_IPR031424_1_72-158      92.82%    passed     42.93%
 928  A0A9P0JQD5_IPR031424_1_24-109      92.90%    passed     47.09%
 929  A0AAD8AD41_IPR031424_1_21-105      92.99%    passed     17.60%
 930  A0AAW1L336_IPR031424_1_24-101      93.56%    passed     28.39%
 931  A0A085NDT4_IPR045860_1_28-150      89.85%    passed     56.42%
 932  A0A0K0DTX4_IPR045860_1_17-108      92.41%    failed      0.01%
 933  A0A1I7UV27_IPR045860_1_12-86       93.81%    passed     40.21%
 934  A0A267H8E8_IPR045860_1_251-319     94.31%    failed      0.87%
 935  A0A2A6B673_IPR045860_1_17-106      92.57%    passed     59.22%
 936  A0A3Q1EFH7_IPR045860_1_1-54        95.54%    passed     83.64%
 937  A0A498NQ74_IPR045860_1_77-126      95.87%    passed     31.45%
 938  A0A4U5M488_IPR045860_1_21-104      93.07%    failed      0.36%
 939  A0A553PG42_IPR045860_1_25-155      89.19%    passed     44.89%
 940  A0A5N5SJ70_IPR045860_1_66-143      93.56%    failed      1.83%
 941  A0A6F9DVC4_IPR045860_1_19-124      91.25%    passed     17.16%
 942  A0A8C5CYP2_IPR045860_1_6-99        92.24%    passed     13.02%
 943  A0A8D3AVK4_IPR045860_1_2-76        93.81%    passed     78.17%
 944  A0A8D8NQM4_IPR045860_1_50-145      92.08%    passed     24.03%
 945  A0A8S9YVM8_IPR045860_1_19-84       94.55%    passed      5.56%
 946  A0A8T2L074_IPR045860_1_47-115      94.31%    passed     19.23%
 947  A0A914FFU1_IPR045860_1_18-88       94.14%    passed      8.16%
 948  A0A914J1B6_IPR045860_1_5-69        94.64%    failed      2.21%
 949  A0A9U8EMM2_IPR045860_1_28-121      92.24%    passed     25.57%
 950  A0AA39IQY4_IPR045860_1_86-161      93.73%    passed     68.47%
 951  A0AA47N0X1_IPR045860_1_2-72        94.14%    failed      0.59%
 952  A0AAD8A6M0_IPR045860_1_2-72        94.14%    failed      3.21%
 953  A0AAD9K5S4_IPR045860_1_22-84       94.80%    passed     25.06%
 954  A0AAN8XCL9_IPR045860_1_23-72       95.87%    passed     27.05%
 955  A0AAV6ZHX9_IPR045860_2_104-184     93.32%    failed      3.47%
 956  A0AAV7JZ97_IPR045860_1_22-111      92.57%    passed     21.94%
 957  A0AAW0ML87_IPR045860_1_117-180     94.72%    failed      0.55%
 958  A0AAW1AWZ8_IPR045860_1_229-317     92.66%    passed     33.81%
 959  A7RU85_IPR045860_1_23-112          92.57%    passed     31.66%
 960  C3YF08_IPR045860_1_20-88           94.31%    failed      0.01%
 961  M4H2H9_IPR045860_1_17-79           94.80%    failed      0.14%
 962  Centipede3FTx_0019_1255758         91.50%    passed     61.94%
 963  Centipede3FTx_0083_61981           94.88%    failed      0.01%
 964  A0A6I8N2M3_IPR042339_1_9-118       90.92%    failed      0.55%
 965  A0A8J6A6H0_IPR026110_1_1-85        92.99%    failed      0.01%
 966  A0A444V7R9_IPR045860_4_17-88       94.06%    failed      0.19%
 967  A0A6B0RUV3_IPR016054_1_15-109      92.16%    failed      0.64%
 968  A0A814DSB1_IPR045860_1_26-110      92.99%    passed     12.72%
 969  A0A8C4TDL5_IPR045860_7_288-362     93.81%    failed      3.02%
 970  A0A8S3SG34_IPR045860_1_97-190      92.24%    passed     37.50%
 971  A0AAF3J2H5_IPR045860_1_22-105      93.07%    passed      5.55%
 972  A0A401PTF8_IPR045860_2_108-173     94.55%    passed     43.81%
 973  A0A6G0IXG8_IPR016054_1_34-100      94.47%    passed     14.00%
 974  A0A6P9CDN4_IPR045860_1_18-99       93.23%    passed     73.25%
 975  A0A821PA83_IPR045860_1_4-76        93.98%    passed     74.33%
 976  A0A8C0G175_IPR045860_1_86-158      93.98%    passed      7.49%
 977  A0A914DRE6_IPR045860_1_105-185     93.32%    passed     37.29%
 978  A0AAV7PWX0_IPR016054_2_30-123      92.24%    passed     20.52%
 979  A0AAX7UM57_IPR016054_2_111-197     92.82%    failed      1.03%
 980  G3UAV3_IPR016054_1_27-106          93.40%    passed      5.21%
 981  A0A1L6ZA41_IPR026524_1_10-69       95.05%    passed     49.21%
 982  A0AAD9DYH2_IPR039457_1_47-98       95.71%    passed     82.36%
 983  A0A226CXW4_IPR031424_1_209-319     90.84%    passed     28.36%
 984  A0A2K8JML4_IPR031424_1_22-151      89.27%    failed      0.50%
 985  A0A8K0DCZ5_IPR031424_1_22-127      91.25%    passed     55.55%
 986  A0A8S1DL92_IPR031424_1_27-148      89.93%    passed     43.87%
 987  A0A9P0CUQ1_IPR031424_1_6-72        94.47%    failed      2.04%
 988  A0A9X6RMU7_IPR045860_1_25-110      92.90%    passed     58.01%
 989  A0A1D1UYT9_IPR045860_1_21-129      91.01%    passed     24.86%
 990  A0A2A6B6L1_IPR045860_1_100-180     93.32%    passed     18.50%
 991  A0A2J7QX46_IPR045860_1_41-138      91.91%    failed      3.56%
 992  A0A4U5M493_IPR045860_1_38-124      92.82%    passed     23.25%
 993  A0A665TET0_IPR045860_1_28-104      93.65%    passed     74.62%
 994  A0A671NB32_IPR045860_1_16-104      92.66%    failed      0.00%
 995  A0A673LHZ0_IPR045860_1_21-85       94.64%    passed      6.12%
 996  A0A673M2A3_IPR045860_1_29-111      93.15%    passed     82.89%
 997  A0A6V7LM87_IPR045860_1_10-69       95.05%    passed     64.71%
 998  A0A814TN66_IPR045860_1_28-106      93.48%    passed     32.65%
 999  A0A8C4N7W8_IPR045860_1_1-66        94.55%    passed     28.65%
1000  A0A8C9JH24_IPR045860_1_16-78       94.80%    failed      0.18%
1001  A0A8I3NIA7_IPR045860_1_56-108      95.63%    passed      5.12%
1002  A0A8I6TGV3_IPR045860_1_38-140      91.50%    passed     38.42%
1003  A0A8T0FTV2_IPR045860_1_20-120      91.67%    passed      7.26%
1004  A0A8W8J872_IPR045860_1_62-157      92.08%    passed     93.37%
1005  A0A9J7NCX6_IPR045860_1_18-132      90.51%    failed      0.02%
1006  A0A9P1HUP2_IPR045860_1_96-187      92.41%    passed     79.20%
1007  A0A9X0A6N9_IPR045860_1_22-111      92.57%    failed      3.28%
1008  A0AA97KGB0_IPR045860_1_83-147      94.64%    passed     21.08%
1009  A0AAD9K836_IPR045860_1_33-114      93.23%    passed     64.74%
1010  A0AAU9WAK8_IPR045860_1_10-116      91.17%    failed      0.01%
1011  A0AAV2RSX4_IPR045860_1_63-119      95.30%    failed      0.51%
1012  A0AAW1AXJ7_IPR045860_1_17-75       95.13%    passed     27.68%
1013  A0ABD2XGH3_IPR045860_1_42-140      91.83%    passed     20.82%
1014  K1RXF0_IPR045860_1_16-71           95.38%    passed     87.87%
1015  Q9UAG0_IPR045860_1_135-224         92.57%    failed      4.63%
1016  Centipede3FTx_0020_1255758         94.64%    passed     51.79%
1017  Centipede3FTx_0116_1255758         92.00%    passed     14.43%
1018  A0A7J8GS23_IPR039237_1_3-72        94.22%    failed      3.54%
1019  A0A8C8TND6_IPR039237_1_1-58        95.21%    failed      4.68%
1020  A0A8U0T7Y1_IPR026110_1_1-159       87.05%    failed      0.21%
1021  A0A2I0TVD9_IPR045860_1_8-59        95.71%    failed      0.97%
1022  A0A3B5MB32_IPR045860_2_5-54        95.87%    passed     18.15%
1023  A0A835NMH4_IPR045860_2_101-189     92.66%    passed      9.55%
1024  A0A8B6DF61_IPR045860_1_105-184     93.40%    passed     50.62%
1025  A0A672HY65_IPR045860_1_120-170     95.79%    passed     26.66%
1026  A0A803K3X8_IPR045860_4_114-171     95.21%    passed     60.01%
1027  A0A8J5ZVT7_IPR045860_2_269-362     92.24%    passed      7.52%
1028  A0A914F127_IPR045860_1_16-108      92.33%    passed     63.25%
1029  A0A974CHI4_IPR045860_2_6-89        93.07%    passed     16.07%
1030  A0AA35KMQ0_IPR045860_2_112-193     93.23%    failed      2.19%
1031  A0AA35LGT7_IPR045860_3_210-288     93.48%    passed     80.56%
1032  A0AAD1WMY1_IPR016054_1_27-122      92.08%    passed     42.88%
1033  A0AAW0MGA1_IPR045860_1_22-90       94.31%    failed      0.21%
1034  A0AAW1AX84_IPR045860_3_2-64        94.80%    passed     26.19%
1035  C3YU70_IPR016054_2_188-286         91.83%    failed      0.00%
1036  A0A4D9DMT8_IPR026524_1_6-213       82.84%    failed      0.17%
1037  L9JFB6_IPR039457_1_5-119           90.51%    passed     47.40%
1038  A0A336LYX6_IPR045860_1_25-110      92.90%    passed      8.80%
1039  A0A7I8WSK8_IPR031424_1_45-161      90.35%    passed      6.48%
1040  A0A8J1TLI8_IPR031424_1_22-125      91.42%    failed      4.00%
1041  A0A9J6C081_IPR031424_1_126-224     91.83%    failed      2.08%
1042  A0A9X6RNH8_IPR031424_1_22-111      92.57%    passed      7.72%
1043  A0AA36FXT8_IPR031424_1_24-117      92.24%    failed      2.87%
1044  A0A1D1V2H0_IPR045860_1_20-126      91.17%    passed     61.42%
1045  A0A1I7ZEJ7_IPR045860_1_20-103      93.07%    passed     37.20%
1046  A0A1Y1LHT3_IPR045860_1_64-117      95.54%    passed     55.92%
1047  A0A224XN82_IPR045860_1_1-59        95.13%    passed     60.27%
1048  A0A2A6B7I4_IPR045860_1_89-188      91.75%    failed      4.06%
1049  A0A341B4I9_IPR045860_1_20-74       95.46%    passed     11.55%
1050  A0A4U5M496_IPR045860_1_122-200     93.48%    failed      3.26%
1051  A0A4U8UQC9_IPR045860_1_19-99       93.32%    passed     98.69%
1052  A0A4W3IZP1_IPR045860_1_40-134      92.16%    passed     47.13%
1053  A0A6J1P077_IPR045860_1_19-159      88.37%    passed      9.18%
1054  A0A7R9GBX8_IPR045860_1_12-89       93.56%    passed     61.16%
1055  A0A822G307_IPR045860_1_5-55        95.79%    passed     13.81%
1056  A0A8B8VNU0_IPR045860_1_12-62       95.79%    passed     48.79%
1057  A0A8C8JP42_IPR045860_1_5-83        93.48%    passed     30.77%
1058  A0A8K9X2E7_IPR045860_1_3-109       91.17%    passed      5.54%
1059  A0A8S9Z0J0_IPR045860_1_2-54        95.63%    passed     28.83%
1060  A0A8T2IKT7_IPR045860_1_5-67        94.80%    passed     15.52%
1061  A0A8W8KFK6_IPR045860_1_54-138      92.99%    passed     61.79%
1062  A0A914C4T4_IPR045860_1_15-86       94.06%    passed     57.26%
1063  A0A914TA72_IPR045860_1_17-102      92.90%    passed      5.45%
1064  A0A9Q1BN62_IPR045860_1_22-123      91.58%    failed      0.62%
1065  A0A9X0A6N9_IPR045860_2_115-182     94.39%    failed      1.40%
1066  A0AA35QPM7_IPR045860_2_116-174     95.13%    passed     25.24%
1067  A0AA36C4P5_IPR045860_1_21-91       94.14%    passed     85.28%
1068  A0AA39IR08_IPR045860_1_38-107      94.22%    passed     68.22%
1069  A0AA85JQ84_IPR045860_1_34-99       94.55%    passed     35.81%
1070  A0AAE1CIL3_IPR045860_1_10-78       94.31%    passed     15.48%
1071  A0AAF3ELR6_IPR045860_1_19-100      93.23%    passed     13.98%
1072  A0AAN5IAG8_IPR045860_1_12-103      92.41%    passed     49.93%
1073  A0AAN8GAJ9_IPR045860_1_10-70       94.97%    passed      5.47%
1074  A0AAN9YZE6_IPR045860_1_124-189     94.55%    passed     48.29%
1075  A0ABD2M0E5_IPR045860_1_14-100      92.82%    passed     28.82%
1076  Q9UAG0_IPR045860_2_314-419         91.25%    passed     17.62%
1077  A0A8C6XA92_IPR045860_1_12-61       95.87%    passed     61.55%
1078  A0A6I8ND62_IPR039237_1_1-176       85.48%    failed      0.00%
1079  A0A498MKX1_IPR016054_2_1132-1242   90.84%    failed      0.00%
1080  A0A9P1MLS2_IPR045860_1_6-104       91.83%    passed     15.74%
1081  N0E484_IPR038773_1_3-64            94.88%    passed      9.84%
1082  A0A091VEQ6_IPR016054_2_98-191      92.24%    passed     24.08%
1083  A0A0H4AC46_IPR045860_2_93-174      93.23%    passed     22.54%
1084  A0A151M3T1_IPR045860_3_143-211     94.31%    failed      0.49%
1085  A0A210Q449_IPR016054_1_222-302     93.32%    passed     20.40%
1086  A0A4U1EE55_IPR016054_1_13-72       95.05%    passed     19.34%
1087  A0A670INU0_IPR016054_1_10-99       92.57%    passed     53.91%
1088  A0A6P7YNT8_IPR045860_2_2-58        95.30%    failed      3.14%
1089  A0AAV1NYR3_IPR045860_1_19-102      93.07%    passed     64.08%
1090  A0A0N7Z8L7_IPR031424_1_1-96        92.08%    passed      8.69%
1091  A0A226D9A1_IPR031424_1_22-146      89.69%    failed      4.80%
1092  A0A430Q269_IPR031424_1_12-85       93.89%    passed     47.97%
1093  A0A7G3AEM8_IPR031424_1_22-132      90.84%    passed     32.81%
1094  A0A813T882_IPR031424_1_22-85       94.72%    passed     46.65%
1095  A0A8E0S444_IPR031424_1_11-75       94.64%    passed     73.77%
1096  A0A8J2MGA1_IPR031424_1_34-129      92.08%    passed     11.65%
1097  A0A9N9TW70_IPR045860_1_30-141      90.76%    passed     19.71%
1098  A0ABD2PTL5_IPR045860_1_26-129      91.42%    passed     35.82%
1099  A0ABD3XW80_IPR031424_1_25-99       93.81%    failed      3.08%
1100  A0A0E9SDH0_IPR045860_1_25-101      93.73%    passed     77.14%
1101  A0A183IHQ7_IPR045860_1_10-85       93.73%    passed     81.29%
1102  A0A1A9WMM2_IPR045860_1_73-127      95.46%    passed     17.11%
1103  A0A1I7ZF94_IPR045860_1_20-108      92.66%    passed     50.09%
1104  A0A1I8GI43_IPR045860_2_42-107      94.55%    passed     28.10%
1105  A0A1L8D734_IPR045860_1_10-84       93.81%    passed     37.56%
1106  A0A2K6SQ93_IPR045860_1_1-52        95.71%    passed     89.33%
1107  A0A498P1F1_IPR045860_1_142-201     95.05%    passed     20.92%
1108  A0A4U5M496_IPR045860_2_11-97       92.82%    passed     77.09%
1109  A0A674NWW4_IPR045860_1_5-63        95.13%    passed     91.00%
1110  A0A6A4XF14_IPR045860_1_165-216     95.71%    failed      4.92%
1111  A0A6S7FX41_IPR045860_1_1-90        92.57%    failed      1.48%
1112  A0A7M5XIW4_IPR045860_1_18-108      92.49%    failed      1.37%
1113  A0A813MG68_IPR045860_1_9-84        93.73%    passed     13.47%
1114  A0A813SLY4_IPR045860_1_23-93       94.14%    passed     37.64%
1115  A0A8B8VNU3_IPR045860_1_12-92       93.32%    passed      8.37%
1116  A0A8C2V8N2_IPR045860_1_66-131      94.55%    passed      8.20%
1117  A0A8C4ERD5_IPR045860_1_1-52        95.71%    passed     35.77%
1118  A0A8C5DI65_IPR045860_1_1-57        95.30%    failed      3.00%
1119  A0A8J6HG74_IPR045860_1_18-111      92.24%    failed      0.00%
1120  A0A8S1DBV9_IPR045860_1_45-144      91.75%    passed     13.68%
1121  A0A914TAE8_IPR045860_1_21-103      93.15%    passed     12.01%
1122  A0A915PPZ6_IPR045860_1_17-66       95.87%    passed     34.93%
1123  A0A9Q0S813_IPR045860_1_22-90       94.31%    failed      0.11%
1124  A0A9W9Z870_IPR045860_1_1-69        94.31%    passed      7.28%
1125  A0AAF3EMZ2_IPR045860_1_27-97       94.14%    passed     44.62%
1126  A0AAJ7RD29_IPR045860_1_25-99       93.81%    passed     12.46%
1127  A0AAN5IB82_IPR045860_1_68-152      92.99%    passed     56.62%
1128  A0ABD0LAW8_IPR045860_1_65-122      95.21%    passed     78.26%
1129  E4YHX6_IPR045860_1_49-128          93.40%    passed     31.26%
1130  Q9UAG2_IPR045860_1_225-308         93.07%    passed     15.60%
1131  A0A093PEP6_IPR045860_1_1-52        95.71%    passed     39.36%
1132  A0A814EPP6_IPR045860_1_21-86       94.55%    passed      7.50%
1133  A0A061HV01_IPR016054_1_88-181      92.24%    failed      0.69%
1134  A0A0B5GR50_IPR045860_2_18-105      92.74%    passed     77.71%
1135  A0A452FY47_IPR045860_1_120-182     94.80%    passed     12.61%
1136  A0A668TLB4_IPR045860_1_109-188     93.40%    passed     10.58%
1137  A0A6P7MES0_IPR045860_1_113-221     91.01%    passed     10.78%
1138  A0A8C2ME16_IPR045860_2_46-100      95.46%    passed     40.09%
1139  A0A8D2E104_IPR045860_3_191-240     95.87%    passed     26.30%
1140  A0A8W8KDT8_IPR016054_1_125-182     95.21%    passed     47.21%
1141  A0A9F2WG88_IPR045860_2_22-118      92.00%    passed     22.09%
1142  A0AA35KP80_IPR045860_2_111-170     95.05%    passed     79.31%
1143  A0AAW1EXL6_IPR045860_1_3-71        94.31%    passed     43.42%
1144  A0A834UG43_IPR039457_1_93-163      94.14%    failed      0.43%
1145  A0A8J9VF79_IPR039457_1_30-89       95.05%    passed     65.36%
1146  A0A1I7SHS9_IPR031424_1_20-102      93.15%    failed      1.82%
1147  A0A430Q2G9_IPR031424_1_19-82       94.72%    passed     17.72%
1148  A0AAJ7ITS2_IPR031424_1_24-150      89.52%    passed     25.54%
1149  A0AAW1NBZ3_IPR031424_1_20-132      90.68%    failed      4.35%
1150  A0ABD2QAB0_IPR031424_1_71-210      88.45%    passed     15.57%
1151  V5GYU3_IPR031424_1_27-92           94.55%    passed     68.45%
1152  A0A016WST8_IPR045860_1_76-178      91.50%    passed      7.99%
1153  A0A182DZD6_IPR045860_1_27-76       95.87%    passed     53.50%
1154  A0A1I7RK48_IPR045860_1_8-67        95.05%    passed     98.93%
1155  A0A210Q2J1_IPR045860_2_124-206     93.15%    failed      2.27%
1156  A0A2A6B8C4_IPR045860_1_55-114      95.05%    passed     22.32%
1157  A0A2G9R7K9_IPR045860_1_1-84        93.07%    failed      3.56%
1158  A0A3B4B5Q2_IPR045860_1_9-87        93.48%    passed      5.12%
1159  A0A3Q2UYB1_IPR045860_1_33-87       95.46%    passed     43.52%
1160  A0A4W3J9B0_IPR045860_1_29-103      93.81%    passed     16.77%
1161  A0A6G0HK90_IPR045860_1_45-107      94.80%    passed     23.36%
1162  A0A6P9DRR7_IPR045860_1_17-89       93.98%    failed      2.18%
1163  A0A6V7TRM7_IPR045860_1_1-58        95.21%    passed     17.52%
1164  A0A814M5W0_IPR045860_1_17-119      91.50%    passed     24.22%
1165  A0A898IKW1_IPR045860_1_12-74       94.80%    passed     36.23%
1166  A0A915BQP4_IPR045860_1_20-113      92.24%    passed     16.10%
1167  A0AA36C6F4_IPR045860_1_61-137      93.65%    passed     78.38%
1168  A0AA36M549_IPR045860_1_23-83       94.97%    failed      1.52%
1169  A0AAD9QQA3_IPR045860_1_22-102      93.32%    passed     75.77%
1170  A0AAN9Z0K7_IPR045860_1_23-109      92.82%    passed     27.09%
1171  A0AAW0MVP7_IPR045860_1_186-239     95.54%    passed     14.47%
1172  A0AAX6SC57_IPR045860_1_44-100      95.30%    failed      0.52%
1173  T2MGF9_IPR045860_1_24-129          91.25%    failed      1.66%
1174  Centipede3FTx_0119_1255758         93.89%    passed      7.77%
1175  A0A6B0S6F5_IPR016054_1_24-99       93.73%    passed     39.47%
1176  A0A504YEI6_IPR045860_1_9-67        95.13%    passed     17.17%
1177  A0A5N4CGH2_IPR045860_1_28-90       94.80%    passed     12.87%
1178  A0A9D4MDK6_IPR045860_1_34-113      93.40%    passed     17.76%
1179  A0A151NAK5_IPR016054_1_142-200     95.13%    failed      0.15%
1180  A0A8C3P577_IPR016054_1_21-108      92.74%    failed      1.13%
1181  A0AA35KMR6_IPR016054_1_148-214     94.47%    passed     43.37%
1182  A0AAV7PX70_IPR045860_2_203-292     92.57%    failed      1.19%
1183  G3UDR6_IPR051445_1_7-126           90.10%    failed      0.08%
1184  R0LJ75_IPR045860_1_76-155          93.40%    failed      4.50%
1185  S7PTS4_IPR016054_3_2-57            95.38%    passed     54.61%
1186  W5NTR4_IPR045860_1_33-127          92.16%    passed     82.59%
1187  A0A2K6PKA5_IPR039457_1_1-97        92.00%    passed     26.73%
1188  A0AAD9L2I6_IPR039457_1_14-173      86.80%    passed      7.69%
1189  A0A1D2M2Q1_IPR031424_1_32-134      91.50%    passed     64.85%
1190  A0A1S3DL79_IPR031424_1_4-65        94.88%    passed     15.62%
1191  A0A2S2QSA9_IPR031424_1_24-175      87.46%    failed      0.00%
1192  A0A6P7G9F3_IPR031424_1_22-137      90.43%    passed     11.39%
1193  A0A815BT65_IPR031424_1_24-73       95.87%    passed     23.69%
1194  A0A8J2P850_IPR031424_1_19-120      91.58%    passed     85.43%
1195  A0A8S4RWH0_IPR031424_1_13-63       95.79%    passed     66.68%
1196  A0A9P0LHQ8_IPR031424_1_25-138      90.59%    passed     61.96%
1197  A0AAV8Z602_IPR045860_1_2-95        92.24%    passed     20.82%
1198  Q176Q6_IPR031424_1_25-82           95.21%    passed     60.71%
1199  T1IWT8_IPR031424_2_22-103          93.23%    failed      0.75%
1200  A0A1B0G4Y0_IPR045860_1_7-84        93.56%    failed      2.49%
1201  A0A1D1VK48_IPR045860_1_6-74        94.31%    passed     26.56%
1202  A0A1I7ZN97_IPR045860_1_56-107      95.71%    failed      0.23%
1203  A0A1U7SQ44_IPR045860_1_105-193     92.66%    passed     38.93%
1204  A0A238BWE3_IPR045860_1_11-96       92.90%    passed     22.09%
1205  A0A261AWE7_IPR045860_1_94-209      90.43%    passed     35.91%
1206  A0A2A6B8E8_IPR045860_1_8-106       91.83%    passed     48.86%
1207  A0A2G9RKC4_IPR045860_1_26-90       94.64%    passed     17.92%
1208  A0A3B4B9F7_IPR045860_1_16-73       95.21%    passed      5.74%
1209  A0A3M6TKR6_IPR045860_1_14-123      90.92%    passed     56.06%
1210  A0A3M7QQQ6_IPR045860_1_43-114      94.06%    passed     13.41%
1211  A0A3P6SZG6_IPR045860_1_17-95       93.48%    passed     37.95%
1212  A0A3Q3X9G9_IPR045860_1_50-164      90.51%    failed      0.02%
1213  A0A5N5T244_IPR045860_1_3-68        94.55%    passed     59.13%
1214  A0A6F9BK46_IPR045860_1_9-62        95.54%    passed     68.89%
1215  A0A6P8I7G2_IPR045860_1_21-114      92.24%    passed      9.50%
1216  A0A6P8SJ10_IPR045860_2_18-80       94.80%    passed     32.66%
1217  A0A7M6DNM3_IPR045860_1_44-135      92.41%    passed     31.40%
1218  A0A811U775_IPR045860_1_1-57        95.30%    passed     67.13%
1219  A0A818HBP9_IPR045860_1_24-80       95.30%    failed      0.17%
1220  A0A8C2SA02_IPR045860_1_68-128      95.71%    passed     55.02%
1221  A0A8C4RTV8_IPR045860_1_16-97       93.23%    passed     49.78%
1222  A0A8C9FRH0_IPR045860_1_11-97       92.82%    passed      8.01%
1223  A0A8J6E8Q3_IPR045860_1_1-53        95.63%    passed     50.42%
1224  A0A8R1Y214_IPR045860_1_226-296     94.14%    failed      4.43%
1225  A0A914NHW3_IPR045860_1_204-296     92.33%    passed      8.30%
1226  A0A914THE1_IPR045860_1_6-74        94.31%    passed     29.73%
1227  A0A9J7KD64_IPR045860_1_41-149      91.01%    failed      3.05%
1228  A0A9J7Z2T9_IPR045860_1_25-103      93.48%    failed      0.11%
1229  A0A9P0GIB7_IPR045860_2_19-101      93.15%    passed     11.50%
1230  A0A9P1IQ79_IPR045860_1_15-101      92.82%    passed     58.69%
1231  A0A9X9MBQ9_IPR045860_1_41-93       95.63%    passed     40.56%
1232  A0AA35SQM2_IPR045860_1_20-119      91.75%    passed      9.83%
1233  A0AA36C7K6_IPR045860_1_52-143      92.41%    passed     22.75%
1234  A0AAN9B562_IPR045860_1_229-312     93.07%    passed     12.94%
1235  A0AAV7ME30_IPR045860_2_45-153      91.01%    passed     22.50%
1236  A0AAW1B171_IPR045860_1_3-61        95.13%    passed     19.22%
1237  A0ABD1JAD3_IPR045860_1_1-71        94.14%    passed     58.28%
1238  A0ABD2MVB5_IPR045860_1_21-108      92.74%    passed     97.14%
1239  D8LTZ0_IPR045860_1_33-93           94.97%    failed      0.42%
1240  Centipede3FTx_0120_60158           84.74%    failed      0.85%
1241  L9KLR5_IPR042339_1_1-54            95.54%    failed      0.93%
1242  A0A813PAN9_IPR045860_1_19-101      93.15%    passed     27.60%
1243  A0A7J7YNW4_IPR038773_1_1-140       88.45%    failed      0.02%
1244  A0A8C6GIG4_IPR038773_1_57-250      83.99%    failed      0.05%
1245  A0A0F7JJU4_IPR045860_2_115-190     93.73%    passed     51.24%
1246  A0A1A6HFC6_IPR045860_1_46-181      88.86%    failed      4.83%
1247  A0A401Q604_IPR045860_1_2-78        93.65%    failed      3.08%
1248  A0A670INU5_IPR045860_2_163-236     93.89%    passed     68.01%
1249  A0A6B0SDN0_IPR016054_1_1-78        93.56%    passed     40.11%
1250  A0A6P8I7U6_IPR045860_2_109-194     92.90%    passed     29.16%
1251  A0A8J1LAS0_IPR016054_1_9-64        95.38%    failed      1.52%
1252  A0AAV7Q3J4_IPR016054_1_58-128      94.14%    passed     83.29%
1253  A0A7L0RV53_IPR039457_1_2-155       87.29%    passed      5.56%
1254  A0A8C5IIX8_IPR039457_1_94-149      95.38%    failed      0.28%
1255  A0A0D8Y3R0_IPR031424_1_21-144      89.77%    passed      6.66%
1256  A0AAV8Z6D1_IPR031424_1_68-200      89.03%    passed     37.31%
1257  K1S039_IPR031424_1_78-175          91.91%    passed     11.37%
1258  A0A0M3IZ09_IPR045860_1_41-118      93.56%    passed     38.57%
1259  A0A1D1VR81_IPR045860_1_26-119      92.24%    passed     71.96%
1260  A0A1I7ZPI2_IPR045860_1_29-86       95.21%    passed     54.84%
1261  A0A1L8EZ01_IPR045860_1_18-83       94.55%    passed     11.57%
1262  A0A267E0W6_IPR045860_1_23-118      92.08%    passed     10.64%
1263  A0A3Q0R1F3_IPR045860_1_2-62        94.97%    failed      1.39%
1264  A0A556TW63_IPR045860_1_16-69       95.54%    passed     65.68%
1265  A0A671UC21_IPR045860_1_10-75       94.55%    passed     12.22%
1266  A0A6S7G4S7_IPR045860_1_1-75        93.81%    passed     62.76%
1267  A0A8B6D8I8_IPR045860_1_15-110      92.08%    passed     23.39%
1268  A0A8C5TTS8_IPR045860_1_30-112      93.15%    passed     29.95%
1269  A0A8J1U7F8_IPR045860_1_24-113      92.57%    passed     68.54%
1270  A0A8J6E8Q3_IPR045860_2_62-127      94.55%    failed      0.36%
1271  A0A8S1HML4_IPR045860_1_31-115      92.99%    passed     14.74%
1272  A0A914GSD6_IPR045860_1_1491-1597   91.17%    failed      0.22%
1273  A0A9P1ACE4_IPR045860_1_66-144      93.48%    passed     19.43%
1274  A0A9W9ZGI0_IPR045860_1_1-53        95.63%    passed     79.93%
1275  A0AA88IY44_IPR045860_1_19-98       93.40%    passed     26.69%
1276  A0AAD6BQA0_IPR045860_1_55-129      93.81%    passed      9.26%
1277  A0AAD9MV61_IPR045860_1_19-83       94.64%    passed     12.30%
1278  A0AAD9QVN7_IPR045860_1_40-125      92.90%    passed     11.61%
1279  A0AAV3Z6A2_IPR045860_1_23-99       93.65%    passed     13.57%
1280  A0AAW1KMF1_IPR045860_1_29-131      91.50%    passed     34.95%
1281  A0ABD6EHK3_IPR045860_1_20-115      92.08%    passed      7.97%
1282  Q5MPP8_IPR045860_1_18-110          92.33%    passed     52.49%
1283  Q95QW3_IPR045860_1_26-100          93.81%    failed      2.71%
1284  Centipede3FTx_0089_984703          89.93%    passed     18.69%
1285  A0A7N5P423_IPR045860_1_189-316     89.44%    failed      4.56%
1286  A0A817HP88_IPR045860_1_166-222     95.30%    passed     60.40%
1287  A0A8C4TYQ7_IPR045860_1_16-78       94.80%    passed     62.62%
1288  A0A9F5IM03_IPR016054_1_17-108      92.41%    passed     37.89%
1289  A0AAA9TGG3_IPR045860_1_42-99       95.21%    passed      6.34%
1290  A0A9D3NIU9_IPR045860_2_19-109      92.49%    failed      0.56%
1291  A0A9W3FUM6_IPR016054_2_221-281     94.97%    failed      4.89%
1292  E4YLF4_IPR039457_1_13-152          88.45%    passed     17.39%
1293  A0A0D8Y5C3_IPR031424_1_2-113       90.76%    failed      2.74%
1294  A0A0M4EAF4_IPR031424_1_3-73        94.14%    failed      4.63%
1295  A0A1I8ND66_IPR031424_1_23-119      92.00%    failed      0.94%
1296  A0A1S3GZW2_IPR031424_1_23-125      91.50%    passed     14.44%
1297  A0A1S3JP86_IPR031424_1_43-130      92.74%    passed     53.42%
1298  A0A226DSS2_IPR031424_1_23-131      91.01%    passed     38.15%
1299  A0A2A6B8J1_IPR045860_1_16-106      92.49%    passed      7.68%
1300  A0A8J2PMA0_IPR031424_1_24-141      90.26%    passed     61.58%
1301  A0A8K0FVX6_IPR031424_1_24-131      91.09%    passed     29.73%
1302  A0AAE0SAA0_IPR031424_1_25-125      91.67%    passed     13.70%
1303  E4XG26_IPR031424_1_138-231         92.24%    failed      2.97%
1304  A0A0F6QGK1_IPR045860_1_11-89       93.48%    passed     35.46%
1305  A0A0N4ZKX4_IPR045860_1_21-82       94.88%    passed     19.95%
1306  A0A151NC87_IPR045860_1_158-243     92.90%    passed     23.56%
1307  A0A1D1VT78_IPR045860_1_98-207      90.92%    passed     40.97%
1308  A0A1I7RVE4_IPR045860_1_17-110      92.24%    passed     11.56%
1309  A0A1I8HBH6_IPR045860_1_513-614     91.58%    passed      9.08%
1310  A0A2C9K422_IPR045860_1_14-69       95.38%    passed     18.70%
1311  A0A2W1BZJ9_IPR045860_1_23-86       94.72%    passed     26.99%
1312  A0A3B3SFP9_IPR045860_1_18-91       93.89%    passed     72.69%
1313  A0A3R7MKN0_IPR045860_1_4-77        93.89%    passed     68.07%
1314  A0A4U5ME25_IPR045860_1_30-128      91.83%    failed      2.73%
1315  A0A674H6K9_IPR045860_1_33-108      93.73%    passed     14.39%
1316  A0A6B0VCD7_IPR045860_1_60-143      93.07%    passed     13.32%
1317  A0A7I4YUC0_IPR045860_1_57-138      93.23%    passed     26.11%
1318  A0A7S0R1K6_IPR045860_1_55-125      94.14%    passed     68.55%
1319  A0A8J1UDI6_IPR045860_1_21-90       94.22%    passed     14.41%
1320  A0A914JL77_IPR045860_1_250-317     94.39%    passed     14.41%
1321  A0A914P0I3_IPR045860_1_7-62        95.38%    passed     75.08%
1322  A0A914WNB6_IPR045860_1_59-178      90.10%    passed     54.19%
1323  A0A915BVS1_IPR045860_1_27-134      91.09%    passed     12.49%
1324  A0A915PZ67_IPR045860_1_7-64        95.21%    passed      5.98%
1325  A0A9D4L0N9_IPR045860_1_2-57        95.38%    passed     58.69%
1326  A0A9P1IVJ9_IPR045860_1_16-107      92.41%    passed     19.12%
1327  A0AA39F6L5_IPR045860_1_16-106      92.49%    passed     26.87%
1328  A0AAE0QIX2_IPR045860_1_3-54        95.71%    passed     19.43%
1329  A0AAV2TDN9_IPR045860_1_12-108      92.00%    passed     38.34%
1330  A0AAV5UKY8_IPR045860_1_33-83       95.79%    passed     16.68%
1331  A0AAW0Q3I2_IPR045860_1_17-66       95.87%    passed     44.93%
1332  C3Z070_IPR045860_2_49-117          94.31%    passed     83.22%
1333  F6XDW5_IPR045860_1_18-102          92.99%    passed     24.09%
1334  H5ZVL1_IPR045860_1_1-59            95.13%    passed     13.54%
1335  R7U1I8_IPR045860_1_22-111          92.57%    failed      2.39%
1336  Centipede3FTx_0058_1255758         93.15%    failed      0.82%
1337  U3FVH6_IPR045860_1_13-84           94.06%    passed     59.32%
1338  A0A6J0XUD7_IPR026110_1_102-157     95.38%    passed     47.99%
1339  A0A8C2VN21_IPR026110_1_2-122       90.02%    passed      5.86%
1340  A0A498MKX1_IPR016054_7_441-529     92.66%    passed     11.70%
1341  A0A553PRQ5_IPR045860_1_2-77        93.73%    passed     43.53%
1342  A0A8C6CBQ9_IPR045860_1_66-121      95.38%    passed     27.92%
1343  A0A9Q0X962_IPR045860_1_197-275     93.48%    failed      0.51%
1344  A0AA88NKS8_IPR045860_1_19-95       93.65%    passed     29.64%
1345  A0A151M3Y2_IPR016054_1_435-494     95.05%    passed     48.23%
1346  A0A2K5VKS7_IPR045860_3_109-167     95.13%    failed      1.63%
1347  A0A401RHQ3_IPR016054_1_114-208     92.16%    failed      0.03%
1348  A0A7N5KJR1_IPR016054_1_29-125      92.00%    passed     39.47%
1349  A0AA97KF86_IPR045860_1_20-98       93.48%    failed      3.99%
1350  A0AAA9T1I4_IPR045860_1_2-62        94.97%    passed     69.61%
1351  A0AAD1T3X3_IPR045860_2_118-202     92.99%    passed     15.39%
1352  A0AAV7Q3X5_IPR045860_1_424-512     92.66%    failed      0.47%
1353  G1QG83_IPR045860_1_18-101          93.07%    failed      4.22%
1354  A0A164XA57_IPR039457_1_18-127      90.92%    passed     26.43%
1355  A0A7J7KSY4_IPR039457_1_41-163      89.85%    failed      2.92%
1356  A0A226DZ36_IPR031424_1_17-157      88.37%    passed     19.03%
1357  A0A8J1XJ26_IPR031424_1_30-163      88.94%    passed     54.63%
1358  A0A8W8NB98_IPR031424_1_30-88       95.13%    passed     68.45%
1359  A0ABD2WFA1_IPR031424_1_25-117      92.33%    failed      3.13%
1360  A0A0B1SWC8_IPR045860_1_24-116      92.33%    failed      0.01%
1361  A0A0K0E9Y5_IPR045860_1_6-97        92.41%    passed     39.70%
1362  A0A0R3RWQ8_IPR045860_1_27-98       94.06%    passed     34.20%
1363  A0A182E678_IPR045860_1_22-107      92.90%    passed     48.69%
1364  A0A1W4XFK3_IPR045860_1_18-116      91.83%    passed     71.45%
1365  A0A212EMN2_IPR045860_1_5-68        94.72%    passed     49.79%
1366  A0A2A6B9Z5_IPR045860_1_53-176      89.77%    passed     26.02%
1367  A0A3M7RCI7_IPR045860_1_169-241     93.98%    passed     21.14%
1368  A0A7E4UNJ0_IPR045860_1_19-90       94.06%    passed     70.86%
1369  A0A7S0VUB8_IPR045860_1_14-105      92.41%    failed      0.00%
1370  A0A813NKV6_IPR045860_1_19-90       94.06%    failed      2.93%
1371  A0A8J4T8B0_IPR045860_1_5-54        95.87%    passed     20.00%
1372  A0A8K0EHZ8_IPR045860_1_19-122      91.42%    failed      0.00%
1373  A0A8S4SKC7_IPR045860_1_1-54        95.54%    passed     72.42%
1374  A0A8S9ZVH1_IPR045860_1_45-126      93.23%    failed      0.89%
1375  A0A8T1MDE9_IPR045860_1_21-92       94.06%    passed      8.86%
1376  A0A913XL13_IPR045860_1_490-566     93.65%    passed     46.34%
1377  A0A9X0CE68_IPR045860_1_174-265     92.41%    passed     19.83%
1378  A0AA36CEM3_IPR045860_1_7-62        95.38%    passed     14.29%
1379  A0AAE2D5S9_IPR045860_1_40-103      94.72%    passed     77.76%
1380  A0AAF3F2F2_IPR045860_1_34-110      93.65%    failed      1.87%
1381  A0AAV2JAK8_IPR045860_1_66-133      94.39%    passed      6.05%
1382  A0AAV2TLD3_IPR045860_1_48-111      94.72%    passed     52.53%
1383  A0AAV6ZLS9_IPR045860_1_1-68        94.39%    passed     18.75%
1384  A0AAW0Y0S8_IPR045860_1_21-84       94.72%    passed     68.75%
1385  W5M4X6_IPR045860_1_87-141          95.46%    passed     24.26%
1386  Centipede3FTx_0059_1255758         90.84%    passed     14.42%
1387  Centipede3FTx_0123_60158           93.81%    passed     74.05%
1388  A0A914GLY3_IPR045860_1_8-71        94.72%    passed     69.71%
1389  A0A3Q2HYF9_IPR039237_1_66-164      91.83%    failed      0.23%
1390  A0A0K2VB75_IPR035076_1_21-72       95.71%    failed      4.15%
1391  A0A672HXW0_IPR045860_2_8-80        93.98%    passed      8.40%
1392  A0A8C0CF61_IPR045860_1_20-86       94.47%    passed     55.66%
1393  A0A1A6HP20_IPR016054_1_156-207     95.71%    passed     37.94%
1394  A0A553NSH3_IPR016054_1_20-116      92.00%    passed      7.97%
1395  A0A670ZAR9_IPR045860_2_114-165     95.71%    passed     31.48%
1396  A0A803K920_IPR045860_3_259-314     95.38%    failed      2.04%
1397  A0A8C2SBU2_IPR016054_1_26-143      92.99%    passed     24.39%
1398  A0A8C5SCC3_IPR045860_3_1-57        95.30%    passed     64.89%
1399  A0A9F7TM69_IPR045860_3_169-230     94.88%    passed     22.58%
1400  A0A9J7JYE5_IPR016054_2_119-182     94.72%    passed     26.76%
1401  A0AAD1WQB8_IPR045860_1_121-199     93.48%    passed     29.61%
1402  A0AAN7X9S9_IPR045860_2_114-187     93.89%    passed      9.94%
1403  A0AAV3A123_IPR045860_2_157-245     92.66%    passed     64.68%
1404  A0A8D0BPR5_IPR026524_1_27-111      92.99%    passed     89.58%
1405  A0AAV7Q211_IPR026524_1_4-257       79.04%    failed      0.00%
1406  Q3KUR9_IPR026524_1_16-105          92.57%    failed      0.63%
1407  A0A672TAY2_IPR039457_1_59-138      93.40%    passed      6.92%
1408  A0A1D1UPN3_IPR031424_1_15-101      92.82%    passed      8.40%
1409  A0A1D2MQ55_IPR031424_1_27-155      89.36%    passed      7.72%
1410  A0A1S3H5B0_IPR031424_1_44-162      90.18%    failed      0.86%
1411  A0A226DZC9_IPR031424_1_23-156      88.94%    failed      2.04%
1412  A0A553NCU0_IPR031424_1_23-136      90.59%    passed     91.34%
1413  A0A8I6R741_IPR031424_1_24-109      92.90%    failed      1.69%
1414  A0AAJ6ZQI6_IPR045860_1_29-136      91.09%    passed     56.17%
1415  A0AAV8VLN0_IPR045860_1_4-88        92.99%    failed      0.30%
1416  A0A0H5SL74_IPR045860_1_32-116      92.99%    failed      0.09%
1417  A0A0N4ZNP5_IPR045860_1_33-104      94.06%    failed      1.69%
1418  A0A1I7RXX3_IPR045860_1_24-95       94.06%    failed      1.73%
1419  A0A1S3Q511_IPR045860_1_112-185     93.89%    passed     73.79%
1420  A0A1W4XIE4_IPR045860_1_3-114       90.76%    passed     58.07%
1421  A0A1Y3BNV1_IPR045860_1_4-58        95.46%    passed     78.42%
1422  A0A210Q9V6_IPR045860_1_145-208     94.72%    passed     57.96%
1423  A0A267EFM8_IPR045860_1_10-73       94.72%    passed      6.10%
1424  A0A6M2DXW3_IPR045860_1_28-107      93.40%    failed      3.99%
1425  A0A6P7RFQ4_IPR045860_1_97-148      95.71%    passed     46.36%
1426  A0A6P9FLX0_IPR045860_1_12-64       95.63%    failed      3.81%
1427  A0A6S7GKF8_IPR045860_1_19-105      92.82%    failed      0.02%
1428  A0A7M5U9W9_IPR045860_1_20-115      92.08%    passed     71.16%
1429  A0A7M7RHR6_IPR045860_1_25-107      93.15%    passed     15.08%
1430  A0A814HFH1_IPR045860_1_20-93       93.89%    failed      0.14%
1431  A0A815B2Q3_IPR045860_1_17-74       95.21%    passed     82.58%
1432  A0A8R1Z2I3_IPR045860_1_12-103      92.41%    failed      0.02%
1433  A0A8S1E5R0_IPR045860_1_71-143      93.98%    failed      1.79%
1434  A0A8S9ZW77_IPR045860_1_70-150      93.32%    failed      0.73%
1435  A0A913XL18_IPR045860_1_141-238     92.00%    failed      2.18%
1436  A0A914CQB1_IPR045860_1_17-98       93.23%    passed     50.04%
1437  A0A914TZ53_IPR045860_1_12-105      92.24%    passed      7.43%
1438  A0AA35TY84_IPR045860_1_27-132      91.25%    passed     20.97%
1439  A0AAE1E257_IPR045860_1_52-119      94.39%    passed     66.88%
1440  A0AAN8AXA4_IPR045860_1_15-70       95.38%    passed     32.86%
1441  A0AAV5SJA6_IPR045860_1_15-103      92.66%    passed     61.27%
1442  A0AAV5UNV8_IPR045860_1_18-102      92.99%    failed      0.13%
1443  A0AAW0MZS0_IPR045860_1_6-59        95.54%    passed     11.18%
1444  A0ABD6EKP5_IPR045860_1_10-81       94.06%    passed     16.03%
1445  W8PW57_IPR045860_1_11-85           93.81%    failed      0.75%
1446  Centipede3FTx_0060_1255758         88.53%    failed      1.16%
1447  A0A087WQ65_IPR045860_1_41-113      93.98%    passed     23.69%
1448  A0A8C8RF92_IPR035076_1_12-82       94.14%    passed     36.98%
1449  A0A8C9CVH1_IPR045860_1_36-89       95.54%    passed     63.33%
1450  A0A9Q0Y0G3_IPR045860_1_11-69       95.13%    passed     69.81%
1451  A0AAV6ZDW4_IPR045860_1_1-58        95.21%    passed     42.60%
1452  V8NB38_IPR045860_1_64-117          95.54%    passed     13.95%
1453  N0E6I9_IPR038773_1_9-60            95.71%    failed      0.00%
1454  A0A0A0QUW4_IPR016054_1_1-63        94.80%    passed     80.62%
1455  A0A803JS12_IPR016054_2_112-204     92.33%    passed     25.42%
1456  A0A8D0HA27_IPR016054_1_45-115      94.14%    passed     22.12%
1457  A0A8J6AJV9_IPR016054_1_3-78        93.73%    passed     10.39%
1458  A0A9W2X751_IPR016054_1_12-70       95.13%    failed      3.42%
1459  A0AA97KFU8_IPR045860_1_121-207     92.82%    passed     40.43%
1460  A0AAW1AXJ9_IPR045860_1_111-193     93.15%    passed      7.50%
1461  B2D6N2_IPR045860_2_13-92           93.40%    passed     18.16%
1462  L9KKD7_IPR016054_1_225-321         92.00%    failed      0.32%
1463  A0A8C0WFM8_IPR026524_1_17-97       93.32%    passed      7.74%
1464  A0A3Q2XZN3_IPR039457_1_5-146       88.28%    passed     18.39%
1465  A0A852NKK1_IPR039457_1_3-105       91.50%    passed     58.24%
1466  A0AAW1DF26_IPR039457_1_1-73        93.98%    passed     27.38%
1467  A0A0X3PMB9_IPR045860_1_24-122      91.83%    passed     57.45%
1468  A0A210QR19_IPR031424_1_22-99       93.56%    failed      0.70%
1469  A0A3M7PFA6_IPR031424_1_20-103      93.07%    passed     10.00%
1470  A0A914AMV4_IPR031424_1_51-172      89.93%    failed      1.17%
1471  A0A914T9K7_IPR031424_1_3-71        94.31%    passed      5.85%
1472  A0A9C6SRV2_IPR031424_1_24-77       95.54%    passed     90.02%
1473  A0AA36B8V0_IPR031424_1_35-105      94.14%    passed     87.65%
1474  A0AAE0SQF5_IPR031424_1_31-121      92.49%    passed     31.36%
1475  A0AAN7SNP7_IPR031424_1_20-102      93.15%    passed     12.44%
1476  A0AAN9V7F9_IPR045860_1_16-113      91.91%    failed      4.66%
1477  A0ABD0Y7A6_IPR031424_1_20-163      88.12%    failed      0.07%
1478  T1FHP3_IPR031424_1_37-115          93.48%    failed      2.69%
1479  A0A077Z0B6_IPR045860_1_53-137      92.99%    passed     87.28%
1480  A0A0B2W0J0_IPR045860_1_2-77        93.73%    passed     71.86%
1481  A0A0C2FSU3_IPR045860_1_16-89       93.89%    passed     95.25%
1482  A0A0N4ZQ95_IPR045860_1_27-125      91.83%    passed      8.30%
1483  A0A0Q3VBE2_IPR045860_1_9-64        95.38%    passed     43.03%
1484  A0A158PC07_IPR045860_1_12-107      92.08%    failed      0.26%
1485  A0A1D1W9J0_IPR045860_1_43-95       95.63%    passed     19.67%
1486  A0A210Q9V6_IPR045860_2_2-73        94.06%    passed     13.29%
1487  A0A226DLD2_IPR045860_1_20-136      90.35%    passed     15.83%
1488  A0A7R9A6H2_IPR045860_1_25-110      92.90%    passed     34.21%
1489  A0A8C4YT57_IPR045860_1_20-104      92.99%    failed      3.31%
1490  A0A8C5QVE6_IPR045860_2_119-168     95.87%    passed     71.67%
1491  A0A8D2JIH4_IPR045860_1_26-76       95.79%    passed     71.14%
1492  A0A8I5YPA3_IPR045860_1_25-84       95.05%    passed     77.53%
1493  A0A914JTL9_IPR045860_1_20-78       95.13%    passed     48.11%
1494  A0A914X1Q0_IPR045860_1_27-104      93.56%    passed     13.83%
1495  A0A9D4LPP4_IPR045860_1_28-113      92.90%    failed      1.79%
1496  A0A9Q1GA89_IPR045860_1_6-77        94.06%    passed     67.32%
1497  A0A9W9ZP78_IPR045860_1_86-175      92.57%    passed      7.73%
1498  A0AA36GTX8_IPR045860_1_13-103      92.49%    failed      3.00%
1499  A0AA36MAJ4_IPR045860_1_38-92       95.46%    passed     14.62%
1500  A0AAD9R5Z8_IPR045860_1_15-88       93.89%    passed      7.47%
1501  A0AAE0VEQ6_IPR045860_1_404-482     93.48%    passed     65.95%
1502  A0AAU9WM84_IPR045860_1_19-113      92.16%    passed     14.41%
1503  A0AAV2TU50_IPR045860_1_16-81       94.55%    failed      0.32%
1504  A0AAV6Z364_IPR045860_1_1-75        93.81%    passed     38.58%
1505  A0ABD3UYT6_IPR045860_1_10-74       94.64%    passed     14.92%
1506  F6XPQ3_IPR045860_1_63-135          93.98%    failed      0.17%
1507  T1ILG0_IPR045860_1_12-69           95.21%    passed     19.77%
1508  V4CRU8_IPR045860_1_45-107          94.80%    passed     27.49%
1509  A0A1U7QU12_IPR042339_1_1-96        92.08%    failed      1.51%
1510  A0A484GQ91_IPR042339_1_41-118      93.56%    failed      0.00%
1511  A0A2T7NKQ0_IPR045860_1_26-95       94.22%    passed     41.67%
1512  A0A4U5PHI3_IPR045860_1_21-97       93.65%    passed      5.14%
1513  A0A674J9W8_IPR045860_1_18-67       95.87%    passed     78.55%
1514  A0A814M5N4_IPR045860_1_15-93       93.48%    failed      4.76%
1515  A0A8B8S0Q2_IPR045860_1_27-138      90.76%    passed     15.65%
1516  A0A8B9R4A5_IPR035076_1_21-80       95.05%    passed     28.38%
1517  A0A8C5MY48_IPR045860_1_3-69        94.47%    passed     46.86%
1518  A0A8C8RFB5_IPR045860_1_10-78       94.31%    passed     14.15%
1519  A0AAV6ZW00_IPR045860_1_1-50        95.87%    passed     78.13%
1520  A0A7J7F023_IPR016054_1_2-56        95.46%    passed     40.13%
1521  A0A8D0HA27_IPR045860_2_136-222     92.82%    passed     28.25%
1522  A0A9D3XGJ7_IPR016054_1_24-105      93.23%    passed     25.56%
1523  A0A9W2X751_IPR045860_2_81-138      95.21%    passed     64.60%
1524  A0AA97KFU8_IPR045860_2_16-111      92.08%    passed     60.19%
1525  A0AAV6ZEC7_IPR045860_1_20-103      93.07%    passed     21.20%
1526  A0AAV6ZZZ2_IPR045860_2_25-110      92.90%    passed     13.41%
1527  L5KM26_IPR045860_2_12-65           95.54%    passed     57.39%
1528  A0A8J2WJ03_IPR039457_1_56-169      90.59%    failed      0.44%
1529  A0A226E8M1_IPR031424_1_26-153      89.44%    passed     29.72%
1530  A0A2T7PKX3_IPR031424_1_25-116      92.41%    passed     23.87%
1531  A0A6V7GZJ9_IPR031424_1_1-65        94.64%    passed     96.75%
1532  A0A8K0FZV1_IPR031424_1_22-134      90.68%    passed     20.60%
1533  A0A914ARZ5_IPR031424_1_22-149      89.44%    passed      7.32%
1534  A0A9N9S5K3_IPR031424_1_25-135      90.84%    passed     52.91%
1535  A0A0B1TBH2_IPR045860_1_92-157      94.55%    failed      3.41%
1536  A0A147BEL1_IPR045860_2_99-162      94.97%    failed      0.97%
1537  A0A182SK22_IPR045860_1_1-53        95.63%    passed     31.07%
1538  A0A183PSY2_IPR045860_1_11-108      91.91%    failed      0.11%
1539  A0A1D2M0G9_IPR045860_1_25-112      92.74%    passed     45.36%
1540  A0A226EQQ1_IPR045860_1_66-208      88.20%    failed      3.18%
1541  A0A267EX07_IPR045860_1_483-556     93.89%    passed     11.47%
1542  A0A3M7RMB0_IPR045860_1_25-115      92.49%    failed      0.21%
1543  A0A4U5MQS9_IPR045860_1_90-198      91.01%    passed     34.61%
1544  A0A556U032_IPR045860_1_19-74       95.38%    passed     13.88%
1545  A0A673FRW7_IPR045860_1_11-80       94.22%    passed     36.25%
1546  A0A674PEQ5_IPR045860_1_11-64       95.54%    passed     43.63%
1547  A0A6F8ZMR9_IPR045860_1_28-92       94.64%    passed     86.93%
1548  A0A6G0HW87_IPR045860_2_197-292     92.08%    passed      8.39%
1549  A0A6P8IDF1_IPR045860_1_100-200     91.67%    passed     79.89%
1550  A0A7R9IYK2_IPR045860_1_3-55        95.63%    passed     54.36%
1551  A0A7S1MTA1_IPR045860_1_201-255     95.46%    passed     24.08%
1552  A0A813P492_IPR045860_1_42-98       95.30%    passed      6.50%
1553  A0A814BXE5_IPR045860_1_1-89        92.66%    failed      2.64%
1554  A0A814HVW8_IPR045860_1_25-82       95.21%    passed     29.85%
1555  A0A8B8IYC9_IPR045860_1_1-59        95.13%    failed      2.26%
1556  A0A8C5C145_IPR045860_1_1-60        95.05%    passed     95.93%
1557  A0A8D8DNS1_IPR045860_1_168-222     95.46%    passed     16.81%
1558  A0A8J0SAE6_IPR045860_1_52-129      93.56%    passed     17.66%
1559  A0A8J1UV03_IPR045860_1_161-241     93.32%    passed     53.42%
1560  A0A8J4TJW7_IPR045860_1_96-189      92.24%    failed      3.28%
1561  A0A8T2M011_IPR045860_1_18-116      91.83%    failed      0.00%
1562  A0A913WT09_IPR045860_1_501-592     92.41%    passed     25.07%
1563  A0A914X3N0_IPR045860_1_21-78       95.21%    passed     81.52%
1564  A0A915C6L5_IPR045860_1_14-103      92.57%    failed      3.99%
1565  A0A9P0MN74_IPR045860_1_27-80       95.54%    passed     58.58%
1566  A0A9Q0Y2V8_IPR045860_1_2-57        95.38%    passed     73.89%
1567  A0A9W2XH10_IPR045860_1_11-61       95.79%    passed     28.61%
1568  A0AA35KMU3_IPR045860_1_17-101      92.99%    passed     25.92%
1569  A0AA35NY78_IPR045860_1_38-107      94.22%    passed     29.73%
1570  A0AA36CJ03_IPR045860_1_2-85        93.07%    passed     39.78%
1571  A0AA36MB68_IPR045860_1_43-116      93.89%    passed     34.45%
1572  A0AAF3F6X3_IPR045860_1_12-100      92.66%    passed      7.97%
1573  A0AAU9XLM5_IPR045860_2_156-230     93.81%    failed      2.38%
1574  A0AAW1EW67_IPR045860_1_4-57        95.54%    passed      7.41%
1575  A0ABC9W934_IPR045860_1_34-134      91.67%    failed      0.36%
1576  A0ABD1D0L5_IPR045860_1_4-54        95.79%    passed      6.19%
1577  R7U8P4_IPR045860_1_2-60            95.13%    passed     40.69%
1578  Centipede3FTx_0030_61981           92.74%    failed      0.61%
1579  A0A6P5KXC8_IPR042339_1_49-144      92.08%    passed     39.29%
1580  A0A2D4G9Z1_IPR016054_1_12-109      91.91%    passed      5.30%
1581  A0A2T7P9N7_IPR016054_1_941-1028    92.74%    passed     16.25%
1582  A0A6I8R2P6_IPR045860_1_23-115      92.33%    passed     48.05%
1583  A0A6P8PTC0_IPR045860_1_12-93       93.23%    failed      0.07%
1584  A0A8C0N4C6_IPR045860_1_102-222     90.02%    failed      0.87%
1585  A0AA88TF02_IPR045860_2_1-62        94.88%    failed      0.10%
1586  A0AAW1BLL4_IPR045860_1_7-84        93.56%    passed     13.97%
1587  V8NCZ4_IPR045860_1_1-64            94.72%    passed      6.60%
1588  A0A1A6G1S1_IPR038773_1_106-159     95.54%    failed      0.02%
1589  A0A3P9DMF4_IPR045860_1_56-128      93.98%    failed      3.00%
1590  A0A6P5Q3G2_IPR016054_2_213-310     91.91%    failed      3.13%
1591  A0A8M9PKG4_IPR016054_1_18-93       93.73%    failed      0.39%
1592  A0A9F3QVY1_IPR016054_1_39-103      94.64%    passed     38.88%
1593  A0AAD1WQC3_IPR045860_2_283-370     92.74%    passed      8.80%
1594  A0AAV7Q409_IPR045860_2_1-67        94.47%    passed     20.49%
1595  A0A151NCF0_IPR026524_1_21-112      92.41%    failed      0.00%
1596  A0A8D0XLD5_IPR026524_1_11-270      78.55%    failed      0.00%
1597  A0A1S8WRH0_IPR045860_1_25-89       94.64%    passed     37.79%
1598  A0A8J1Y7G1_IPR031424_1_35-141      91.17%    failed      1.71%
1599  A0A9W2YPS7_IPR031424_1_23-136      90.59%    passed     37.79%
1600  A0AA36C4Y9_IPR031424_1_35-100      94.55%    passed     16.83%
1601  T1FTA0_IPR031424_1_23-103          93.32%    passed     50.19%
1602  T1JCJ9_IPR031424_1_125-212         92.74%    passed     29.26%
1603  A0A0M3K4U5_IPR045860_1_207-283     93.65%    passed     49.56%
1604  A0A1D2M2K8_IPR045860_1_27-112      92.90%    passed     59.62%
1605  A0A1I7X890_IPR045860_1_1-50        95.87%    passed     44.52%
1606  A0A1I8AU51_IPR045860_1_85-163      93.48%    passed     12.23%
1607  A0A1W5BE54_IPR045860_1_9-81        93.98%    failed      0.45%
1608  A0A2A6BVH5_IPR045860_1_16-105      92.57%    passed     36.58%
1609  A0A3P7DWI0_IPR045860_1_8-58        95.79%    passed     51.82%
1610  A0A4U5MVD7_IPR045860_1_36-91       95.38%    failed      0.00%
1611  A0A665TLL2_IPR045860_1_52-147      92.08%    passed      6.59%
1612  A0A672Z7F9_IPR045860_1_6-85        93.40%    failed      4.58%
1613  A0A813WVD2_IPR045860_1_66-122      95.30%    passed      6.30%
1614  A0A8B8PLF7_IPR045860_1_13-138      89.60%    failed      0.88%
1615  A0A8J1LAM8_IPR045860_1_169-254     92.90%    passed     19.74%
1616  A0A8J2RNL0_IPR045860_1_13-65       95.63%    passed     17.60%
1617  A0A8S2GH58_IPR045860_1_48-140      92.33%    passed     65.75%
1618  A0A8T2M011_IPR045860_2_117-186     94.22%    passed      6.00%
1619  A0A9D4M313_IPR045860_1_44-151      91.09%    passed     53.34%
1620  A0A9J7ZI52_IPR045860_1_135-190     95.38%    passed     51.10%
1621  A0A9X0A3X3_IPR045860_1_15-118      91.42%    failed      0.32%
1622  A0AA35U124_IPR045860_1_181-287     91.17%    passed     23.19%
1623  A0AA36CJ11_IPR045860_1_61-114      95.54%    passed     49.30%
1624  A0AAF3FA92_IPR045860_1_108-186     93.48%    passed      5.39%
1625  A0AAN7P2D6_IPR045860_1_187-237     95.79%    passed     16.13%
1626  A0AAV7Q5B8_IPR045860_1_20-109      92.57%    passed     55.10%
1627  A0ABD2NEE1_IPR045860_1_16-108      92.33%    passed     59.31%
1628  D2V2Z0_IPR045860_1_19-99           93.32%    passed     57.49%
1629  Q99473_IPR045860_1_12-70           95.13%    passed     12.31%
1630  Centipede3FTx_0031_61981           85.15%    failed      0.43%
1631  Centipede3FTx_0095_984703          89.36%    failed      0.01%
1632  A0A815C0A8_IPR045860_1_77-155      93.48%    failed      3.46%
1633  A0AAJ7T9K6_IPR045860_1_89-151      94.80%    passed     54.53%
1634  A0A2T7P9N7_IPR016054_2_2145-2238   92.24%    passed      5.53%
1635  A0A6J0ABA1_IPR045860_1_24-93       94.22%    passed     19.01%
1636  A0A7L3T2I9_IPR045860_1_1-81        93.32%    passed      9.80%
1637  A0AAD9JQH5_IPR045860_1_39-111      93.98%    failed      0.94%
1638  A0A0U1RNF3_IPR045860_1_23-73       95.79%    passed     12.02%
1639  A0A151M3Y2_IPR045860_6_748-826     93.48%    failed      2.36%
1640  A0A151NCA5_IPR045860_2_15-75       94.97%    failed      0.78%
1641  A0A1U7SB93_IPR045860_3_158-207     95.87%    failed      4.01%
1642  A0A212CED6_IPR016054_1_52-112      94.97%    passed     61.49%
1643  A0A6P8VR33_IPR045860_1_20-106      92.82%    passed     26.58%
1644  A0A836A292_IPR045860_7_308-373     94.55%    passed     13.20%
1645  A0A8C5QVD3_IPR045860_1_70-130      94.97%    failed      3.55%
1646  A0A9D3XGR2_IPR016054_1_28-118      92.49%    passed     11.27%
1647  A0A9X0A5D2_IPR016054_1_18-111      92.24%    failed      0.02%
1648  A0AAD1TA03_IPR016054_1_21-103      93.15%    failed      4.27%
1649  A0AAV2ZKP5_IPR045860_2_1-67        94.47%    passed     24.62%
1650  A0AAV6ZM70_IPR045860_1_18-105      92.74%    failed      0.12%
1651  A0AAW1V7Z3_IPR016054_2_110-175     94.55%    passed     55.10%
1652  A0A5N4CSY0_IPR026524_1_16-126      90.84%    failed      2.88%
1653  A0AAX6T0N5_IPR026524_1_200-369     85.97%    failed      0.00%
1654  A0A1I8IPG4_IPR031424_1_200-249     95.87%    passed     48.55%
1655  A0A1L8DNC4_IPR045860_1_16-118      91.50%    passed     61.14%
1656  A0A433U739_IPR031424_1_30-128      91.83%    passed     67.49%
1657  A0A482WZG1_IPR031424_1_25-150      89.60%    failed      0.01%
1658  A0A816BYK0_IPR031424_1_4-60        95.30%    passed     27.38%
1659  A0AA36CBI2_IPR031424_1_35-147      90.68%    failed      1.53%
1660  A0AA38HQJ2_IPR031424_1_19-111      92.33%    failed      1.05%
1661  A0A061HX69_IPR045860_1_480-531     95.71%    failed      1.75%
1662  A0A077Z8A9_IPR045860_1_16-98       93.15%    passed     28.26%
1663  A0A094ZQS8_IPR045860_1_45-96       95.71%    passed      6.03%
1664  A0A0V0SJT5_IPR045860_1_75-166      92.41%    passed     43.53%
1665  A0A182T5G5_IPR045860_1_171-245     93.81%    passed     17.41%
1666  A0A183U308_IPR045860_1_16-85       94.22%    passed     20.19%
1667  A0A1L8FP00_IPR045860_1_20-112      92.33%    passed     40.30%
1668  A0A2G9UTY1_IPR045860_1_78-156      93.48%    passed     23.29%
1669  A0A3M6U0A5_IPR045860_1_54-153      91.75%    passed     18.41%
1670  A0A3M7S394_IPR045860_1_25-122      91.91%    failed      0.00%
1671  A0A4S2LXJ0_IPR045860_1_22-89       94.39%    passed      8.11%
1672  A0A4V5ZXI3_IPR045860_1_5-71        94.47%    passed     86.21%
1673  A0A6G1QXP5_IPR045860_2_23-103      93.32%    failed      4.55%
1674  A0A6J8B243_IPR045860_2_16-69       95.54%    passed     30.81%
1675  A0A8C6WTV3_IPR045860_1_14-90       93.65%    passed     21.88%
1676  A0A8C7I900_IPR045860_1_10-72       94.80%    passed     49.86%
1677  A0A8J6EQB4_IPR045860_1_30-104      93.81%    passed     39.48%
1678  A0A8S2H7F1_IPR045860_1_29-105      93.65%    failed      1.09%
1679  A0A914K597_IPR045860_1_21-96       93.73%    passed     11.23%
1680  A0A921Z041_IPR045860_1_79-129      95.79%    passed     30.70%
1681  A0AA35P148_IPR045860_1_32-115      93.07%    passed     13.43%
1682  A0AA35U124_IPR045860_2_23-142      90.10%    passed      7.50%
1683  A0AA36CJ38_IPR045860_1_17-91       93.81%    passed      8.75%
1684  A0AAD4NCE5_IPR045860_1_43-148      91.25%    failed      0.45%
1685  A0AAD8CGL1_IPR045860_1_1-56        95.38%    failed      0.00%
1686  A0AAD9NDG7_IPR045860_1_16-118      91.50%    passed     34.07%
1687  A0AAE9FCQ7_IPR045860_1_31-109      93.48%    passed     56.85%
1688  A0AAN9H109_IPR045860_1_1-51        95.79%    passed     23.04%
1689  A0AAV4BL23_IPR045860_1_29-102      93.89%    passed     75.16%
1690  A0AAX7TJ66_IPR045860_1_10-64       95.46%    passed     51.12%
1691  A0AAZ1WZK1_IPR045860_1_351-406     95.38%    failed      0.89%
1692  F6YIE7_IPR045860_1_70-157          92.74%    passed     21.73%
1693  G0MQL5_IPR045860_1_12-111          91.75%    passed     76.03%
1694  H3BIN3_IPR045860_1_21-96           93.73%    passed     24.17%
1695  R7UD99_IPR045860_2_123-186         94.72%    passed     59.36%
1696  Centipede3FTx_0032_61981           88.04%    passed     17.32%
1697  Centipede3FTx_0128_1255758         83.99%    passed     21.11%
1698  A0A3B3UHZ6_IPR016054_1_19-107      92.66%    failed      2.40%
1699  A0A4U8UL41_IPR045860_1_17-101      92.99%    passed     53.29%
1700  A0AAD1W471_IPR045860_1_20-112      92.33%    failed      0.01%
1701  A0A3Q2Q2Z7_IPR045860_1_7-72        94.55%    failed      0.19%
1702  A0A6P9DEV7_IPR045860_2_16-111      92.08%    passed     21.49%
1703  A0A7N6FLY1_IPR045860_1_1-72        94.06%    failed      2.61%
1704  A0A803JTA5_IPR045860_3_14-65       95.71%    failed      4.88%
1705  A0A8C3SHN7_IPR045860_1_129-192     94.72%    failed      1.29%
1706  A0A8C5QVD3_IPR045860_2_10-61       95.71%    passed     39.28%
1707  A0AAV5TBW2_IPR045860_1_17-101      92.99%    failed      1.57%
1708  A0AAV6ZF17_IPR045860_1_1-67        94.47%    passed      6.91%
1709  A0AAW0N2N6_IPR045860_1_190-252     94.80%    failed      1.51%
1710  Q9I8P7_IPR045860_1_113-194         93.23%    passed     51.90%
1711  A0AB34HME4_IPR026524_1_1-169       86.06%    failed      0.00%
1712  A0A1D1V7I0_IPR031424_1_94-184      92.49%    passed      7.96%
1713  A0A2H1WLM9_IPR031424_1_11-81       94.14%    passed     88.77%
1714  A0A7R9QCV8_IPR031424_1_20-156      88.70%    passed     28.75%
1715  A0A0C2H646_IPR045860_1_21-117      92.00%    failed      4.85%
1716  A0A0N5A8A8_IPR045860_1_34-136      91.50%    passed     16.59%
1717  A0A182MBE3_IPR045860_1_59-119      94.97%    failed      2.77%
1718  A0A183BWE7_IPR045860_1_24-121      91.91%    failed      0.04%
1719  A0A3M6U108_IPR045860_1_1-73        93.98%    failed      0.39%
1720  A0A3M7S8Y0_IPR045860_1_20-114      92.16%    passed      8.38%
1721  A0A4C1VGM8_IPR045860_1_233-296     94.72%    passed     20.34%
1722  A0A4V5ZYF6_IPR045860_1_19-99       93.32%    passed     74.64%
1723  A0A5N4A6G8_IPR045860_1_20-98       93.48%    passed     66.49%
1724  A0A7I8V5T3_IPR045860_1_17-132      90.43%    failed      0.22%
1725  A0A7M7GRR2_IPR045860_1_31-144      90.59%    passed      9.52%
1726  A0A7R9ANT5_IPR045860_1_84-146      94.80%    passed     77.18%
1727  A0A7S3D9X3_IPR045860_1_21-86       94.55%    passed     29.41%
1728  A0A814NIW3_IPR045860_1_20-90       94.14%    failed      0.00%
1729  A0A8B7ZBH0_IPR045860_1_25-115      92.49%    passed     29.85%
1730  A0A8C3F363_IPR045860_1_18-124      91.17%    passed      9.60%
1731  A0A8J9V6N6_IPR045860_1_9-59        95.79%    passed     34.66%
1732  A0A8M1MQ92_IPR045860_1_13-67       95.46%    passed     51.37%
1733  A0A8S3Z4R5_IPR045860_1_1-86        92.90%    failed      3.92%
1734  A0A914UKU9_IPR045860_1_20-106      92.82%    passed      6.80%
1735  A0A9D4F3Z0_IPR045860_1_343-409     94.47%    passed      5.29%
1736  A0A9J7L2Y8_IPR045860_1_96-184      92.66%    passed     25.32%
1737  A0AA35VPJ0_IPR045860_1_25-111      92.82%    passed      6.06%
1738  A0AA36FZF4_IPR045860_1_1-55        95.46%    failed      3.96%
1739  A0AA36GWY8_IPR045860_1_18-97       93.40%    failed      0.71%
1740  A0AAD9NG65_IPR045860_1_230-283     95.54%    failed      0.94%
1741  A0ABD0N8X1_IPR045860_1_1-56        95.38%    passed     90.76%
1742  D2VQS4_IPR045860_1_25-111          92.82%    passed      7.91%
1743  H9G8Z4_IPR045860_1_16-101          92.90%    failed      4.64%
1744  K1PX19_IPR045860_2_81-148          94.39%    failed      0.31%
1745  L7MHT0_IPR045860_1_2-74            93.98%    passed     20.24%
1746  R7UXY0_IPR045860_1_94-150          95.30%    passed     15.43%
1747  T1J6C3_IPR045860_1_11-91           93.32%    failed      1.53%
WARNING: 1747 sequences contain more than 50% gaps/ambiguity
****  TOTAL                              93.16%  480 sequences failed composition chi2 test (p-value<5%; df=19)
Checking for duplicate sequences: done in 0.00452209 secs using 123.3% CPU

CHECKPOINT: Initial tree restored
Generating 1000 samples for ultrafast bootstrap (seed: 391280)...
CHECKPOINT: 1000 UFBoot trees and 20 UFBootSplits restored

NOTE: 2370 MB RAM (2 GB) is required!
Measuring multi-threading efficiency up to 14 CPU cores
3 trees examined
Threads: 1 / Time: 16.665 sec / Speedup: 1.000 / Efficiency: 100% / LogL: -380431
Threads: 2 / Time: 11.185 sec / Speedup: 1.490 / Efficiency: 74% / LogL: -380431
Threads: 3 / Time: 7.979 sec / Speedup: 2.089 / Efficiency: 70% / LogL: -380431
Threads: 4 / Time: 6.529 sec / Speedup: 2.552 / Efficiency: 64% / LogL: -380431
Threads: 5 / Time: 6.592 sec / Speedup: 2.528 / Efficiency: 51% / LogL: -380431
Threads: 6 / Time: 6.784 sec / Speedup: 2.457 / Efficiency: 41% / LogL: -380431
Determining AUTO threadcount: done in 55.8817 secs using 189.5% CPU
BEST NUMBER OF THREADS: 4

CHECKPOINT: Model parameters restored, LogL: -337584.546
Wrote distance file to... 
--------------------------------------------------------------------
|             INITIALIZING CANDIDATE TREE SET                      |
--------------------------------------------------------------------
CHECKPOINT: Candidate tree set restored, best LogL: -337584.545
Finish initializing candidate tree set (20)
Current best tree score: -337584.545 / CPU time: 0.000
Number of iterations: 1001
--------------------------------------------------------------------
|               OPTIMIZING CANDIDATE TREE SET                      |
--------------------------------------------------------------------
Iteration 1010 / LogL: -337625.584 / Time: 0h:17m:5s (0h:1m:31s left)
Iteration 1020 / LogL: -337606.412 / Time: 0h:35m:21s (0h:2m:46s left)
Estimate model parameters (epsilon = 0.100)
BETTER TREE FOUND at iteration 1021: -337577.647
Iteration 1030 / LogL: -337609.350 / Time: 0h:56m:17s (0h:4m:58s left)
Estimate model parameters (epsilon = 0.100)
BETTER TREE FOUND at iteration 1034: -337573.198
Estimate model parameters (epsilon = 0.100)
BETTER TREE FOUND at iteration 1040: -337562.357
Iteration 1040 / LogL: -337562.357 / Time: 1h:18m:16s (0h:7m:31s left)
Estimate model parameters (epsilon = 0.100)
BETTER TREE FOUND at iteration 1046: -337546.151
Iteration 1050 / LogL: -337576.274 / Time: 1h:38m:22s (0h:9m:0s left)
Log-likelihood cutoff on original alignment: -337832.984
Estimate model parameters (epsilon = 0.100)
BETTER TREE FOUND at iteration 1057: -337542.269
Iteration 1060 / LogL: -337582.833 / Time: 2h:0m:49s (0h:11m:3s left)
Estimate model parameters (epsilon = 0.100)
BETTER TREE FOUND at iteration 1067: -337541.974
Iteration 1070 / LogL: -337570.566 / Time: 2h:57m:56s (0h:16m:8s left)
Iteration 1080 / LogL: -337645.057 / Time: 4h:38m:2s (0h:22m:25s left)
Iteration 1090 / LogL: -337556.031 / Time: 4h:55m:8s (0h:20m:52s left)
Iteration 1100 / LogL: -337558.562 / Time: 5h:13m:45s (0h:19m:7s left)
Log-likelihood cutoff on original alignment: -337832.984
NOTE: Bootstrap correlation coefficient of split occurrence frequencies: 0.709
NOTE: UFBoot does not converge, continue at least 100 more iterations
Iteration 1110 / LogL: -337572.207 / Time: 5h:31m:33s (0h:26m:54s left)
Iteration 1120 / LogL: -337606.698 / Time: 5h:48m:59s (0h:24m:56s left)
Iteration 1130 / LogL: -337568.041 / Time: 6h:6m:7s (0h:22m:41s left)
Estimate model parameters (epsilon = 0.100)
BETTER TREE FOUND at iteration 1134: -337539.178
Iteration 1140 / LogL: -337606.495 / Time: 6h:22m:38s (0h:31m:34s left)
Iteration 1150 / LogL: -337704.390 / Time: 6h:40m:1s (0h:29m:14s left)
Log-likelihood cutoff on original alignment: -337832.984

******************************************************
CHECKPOINT: Resuming analysis from aln_famsa2.phy.ckp.gz

IQ-TREE version 3.0.1 for MacOS ARM 64-bit built Jun 30 2025
Developed by Bui Quang Minh, Thomas Wong, Nhan Ly-Trong, Huaiyan Ren
Contributed by Lam-Tung Nguyen, Dominik Schrempf, Chris Bielow,
Olga Chernomor, Michael Woodhams, Diep Thi Hoang, Heiko Schmidt

Host:    Tobias-MacBook-Pro-M4.fritz.box (SSE4.2, 48 GB RAM)
Command: iqtree3 -s aln_famsa2.phy -m VT+R8 -T AUTO -B 1000 --nmax 10000 --undo
Seed:    722212 (Using SPRNG - Scalable Parallel Random Number Generator)
Time:    Wed Aug 27 23:27:30 2025
Kernel:  SSE2 - auto-detect threads (14 CPU cores detected)

Reading alignment file aln_famsa2.phy ... Phylip format detected
Alignment most likely contains protein sequences
Constructing alignment: done in 0.00884199 secs using 85.68% CPU
WARNING: 44 sites contain only gaps or ambiguous characters.
Alignment has 1747 sequences with 1212 columns, 1075 distinct patterns
459 parsimony-informative, 298 singleton sites, 455 constant sites
                                  Gap/Ambiguity  Composition  p-value
Analyzing sequences: done in 0.000850916 secs using 696.9% CPU
   1  Centipede3FTx_0001_61981           93.81%    passed     54.95%
   2  Centipede3FTx_0033_61981           90.10%    passed     16.99%
   3  Centipede3FTx_0129_1255758         90.26%    passed     18.88%
   4  A0AAD9K488_IPR045860_1_1-53        95.63%    failed      3.74%
   5  V9IHU1_IPR035076_1_22-80           95.13%    passed     32.86%
   6  A0A2D4PI90_IPR045860_1_3-66        94.72%    failed      0.48%
   7  A0A2Y9P282_IPR045860_2_21-157      88.70%    failed      0.52%
   8  A0A6J3DA86_IPR045860_1_21-76       95.38%    passed     13.81%
   9  A0A6P5A2A8_IPR045860_2_37-126      92.57%    passed     35.74%
  10  A0A7F8QAG4_IPR045860_1_89-140      95.71%    passed     62.94%
  11  A0A8C5QS38_IPR045860_2_242-325     93.07%    failed      2.39%
  12  A0A8R1YLV9_IPR016054_1_5-66        94.88%    passed     65.76%
  13  A0A974CDU6_IPR045860_1_17-166      87.62%    failed      0.00%
  14  A0A9F5IW75_IPR016054_1_29-135      91.17%    passed     85.57%
  15  A0AAD1TA13_IPR045860_1_11-72       94.88%    passed     21.00%
  16  A0AAN9Z724_IPR016054_1_20-119      91.75%    failed      0.09%
  17  A0AAV5TGY1_IPR045860_1_9-91        93.15%    passed      5.40%
  18  A0AAV7Q439_IPR016054_1_135-230     92.08%    passed     54.41%
  19  A6HS05_IPR051445_1_2-93            92.41%    passed     43.28%
  20  F6W179_IPR016054_1_389-462         93.89%    passed     38.72%
  21  A0ABD2F034_IPR026524_1_1-71        94.14%    failed      0.01%
  22  A0A0C2GT18_IPR031424_1_15-130      90.43%    passed     93.73%
  23  A0A0N4XEH7_IPR031424_1_22-147      89.60%    passed     78.16%
  24  A0A1D2NLN9_IPR031424_1_47-153      91.17%    passed     75.92%
  25  A0A5E4M857_IPR031424_1_22-151      89.27%    failed      0.25%
  26  A0A820IC74_IPR031424_1_22-88       94.47%    passed     72.40%
  27  A0A8S1CCR9_IPR031424_1_91-198      91.09%    passed     46.69%
  28  A0A9D4FIS8_IPR031424_1_24-87       94.72%    failed      0.18%
  29  A0AA38HY41_IPR031424_1_139-222     93.07%    passed     18.46%
  30  A0AAD7YTB9_IPR045860_1_21-123      91.50%    passed     71.47%
  31  A0AAD9PC26_IPR031424_1_20-109      92.57%    passed     63.06%
  32  A0AAE1GWL2_IPR031424_1_77-206      89.27%    passed      9.80%
  33  A0AAV4RF83_IPR031424_1_16-72       95.30%    passed     80.60%
  34  A0AAV5UID1_IPR031424_1_7-80        93.89%    passed     34.12%
  35  T1FUE6_IPR045860_2_183-273         92.49%    passed     10.61%
  36  A0A0N4V1D2_IPR045860_1_21-93       93.98%    passed     39.74%
  37  A0A1B0GXA9_IPR045860_1_21-86       94.55%    passed     39.49%
  38  A0A1X7VDD8_IPR045860_1_128-242     90.51%    passed     28.24%
  39  A0A210QJ17_IPR045860_1_35-127      92.33%    passed     17.76%
  40  A0A2I3SXH2_IPR045860_1_25-101      93.65%    passed     70.68%
  41  A0A3S1A7L4_IPR045860_1_37-138      91.58%    passed     46.64%
  42  A0A4S2M8K0_IPR045860_1_123-197     93.81%    passed     14.54%
  43  A0A4U5NHD1_IPR045860_1_2-61        95.05%    passed     29.57%
  44  A0A669BVS0_IPR045860_1_39-98       95.05%    passed     14.50%
  45  A0A6P8H3A5_IPR045860_1_18-100      93.15%    passed     11.12%
  46  A0A6P8QG64_IPR045860_1_1-66        94.55%    passed     65.59%
  47  A0A7G3AGZ0_IPR045860_1_4-85        93.23%    passed     36.80%
  48  A0A7I8VIA7_IPR045860_1_60-153      92.24%    passed     15.16%
  49  A0A7M7L7E2_IPR045860_2_145-210     94.55%    passed     88.28%
  50  A0A821DEK8_IPR045860_1_13-92       93.40%    passed     84.24%
  51  A0A8C9TGN1_IPR045860_1_85-156      94.06%    passed     22.33%
  52  A0A8J0TC19_IPR045860_1_112-201     92.57%    failed      0.83%
  53  A0A8R1E9F7_IPR045860_1_50-124      93.81%    passed     61.31%
  54  A0A8T1N1B6_IPR045860_1_24-95       94.06%    passed     15.44%
  55  A0A8T2IS40_IPR045860_2_1-69        94.31%    failed      1.40%
  56  A0A9W9Y813_IPR045860_1_3-81        93.48%    passed      9.59%
  57  A0AA35VVV8_IPR045860_1_89-139      95.79%    failed      0.53%
  58  A0AAD1W705_IPR045860_1_52-101      95.87%    passed     55.29%
  59  A0AAD9NIP8_IPR045860_1_2-77        93.73%    passed      9.94%
  60  A0AAE0VXI9_IPR045860_1_9-102       92.24%    passed     71.23%
  61  A0AAJ7SM78_IPR045860_1_2-56        95.46%    failed      3.44%
  62  A0AAN8I461_IPR045860_1_1-58        95.21%    passed     13.47%
  63  A0AAV5T1P7_IPR045860_1_14-95       93.23%    passed     31.10%
  64  A0AAV5VD36_IPR045860_1_14-96       93.15%    passed     34.56%
  65  A0AAV6Z5N0_IPR045860_1_60-145      92.90%    passed      8.98%
  66  A0ABD2NYW7_IPR045860_1_27-107      93.32%    passed      9.71%
  67  C3ZZL6_IPR045860_1_583-641         95.13%    passed     43.18%
  68  Q0GAP6_IPR045860_1_20-81           94.88%    passed     27.37%
  69  Centipede3FTx_0002_61981           89.93%    passed     25.12%
  70  Centipede3FTx_0034_61981           91.50%    passed      5.11%
  71  Centipede3FTx_0130_1255758         88.28%    failed      4.22%
  72  A0A2G5UGY6_IPR045860_1_11-84       93.89%    passed     26.34%
  73  A0A452QH48_IPR045860_1_18-78       94.97%    passed      5.30%
  74  A0A643BR30_IPR045860_1_4-67        94.72%    failed      0.06%
  75  A0A6I8RYL8_IPR045860_1_14-87       93.89%    passed      7.24%
  76  A0A8C2RF78_IPR035076_1_32-90       95.13%    passed     47.43%
  77  A0A8C3JMR5_IPR045860_1_1-66        94.55%    passed      9.90%
  78  A0AAN5DDC6_IPR045860_1_29-96       94.39%    failed      2.81%
  79  G3V0Z9_IPR045860_1_12-75           94.72%    passed     13.93%
  80  A0A096LTF5_IPR016054_2_112-188     93.65%    passed     11.57%
  81  A0A0F7JHR5_IPR045860_2_115-198     93.07%    passed     27.30%
  82  A0A0H4AC90_IPR045860_1_1-84        93.07%    passed      5.76%
  83  A0A4D9DJB4_IPR045860_4_567-619     95.63%    failed      0.32%
  84  A0A6I8PU52_IPR016054_2_217-299     93.15%    passed     31.02%
  85  A0A7J8C8R7_IPR016054_1_22-94       93.98%    passed      9.17%
  86  A0A8D0UEP2_IPR026524_1_10-132      89.85%    passed      7.51%
  87  A0A9B0U280_IPR016054_1_21-101      93.32%    failed      0.81%
  88  A0A9L0SSL3_IPR045860_2_59-112      95.54%    passed      9.49%
  89  G1UJB0_IPR045860_2_20-114          92.16%    failed      0.75%
  90  K7E0K4_IPR016054_3_208-300         92.33%    failed      0.03%
  91  M7B2W8_IPR045860_1_103-155         95.63%    failed      0.29%
  92  A0A8C3SCR7_IPR026524_1_6-286       76.82%    failed      0.00%
  93  A0A1A8RH00_IPR039457_1_5-88        93.07%    passed     24.68%
  94  A0A1D1VG99_IPR031424_1_70-203      88.94%    failed      0.00%
  95  A0A1D2NLW9_IPR031424_1_23-153      89.19%    passed     71.35%
  96  A0A226EVU9_IPR031424_1_54-155      91.58%    failed      4.09%
  97  A0A6J1WMJ4_IPR031424_1_24-133      90.92%    passed     60.72%
  98  A0AAV8VRB0_IPR031424_1_21-101      93.32%    passed     18.84%
  99  A1Z8Y5_IPR031424_1_26-123          91.91%    passed     51.52%
 100  A0A0C2MH32_IPR045860_1_1-73        93.98%    passed     96.11%
 101  A0A1D2MG66_IPR045860_1_25-115      92.49%    passed     24.44%
 102  A0A1I7Y769_IPR045860_1_19-117      91.83%    failed      0.07%
 103  A0A1I8IX46_IPR045860_1_319-392     93.89%    passed     12.87%
 104  A0A4S2MLE7_IPR045860_1_36-111      93.73%    passed     59.25%
 105  A0A4U5NI55_IPR045860_1_19-94       93.73%    passed     57.62%
 106  A0A7M5VEA9_IPR045860_1_33-105      93.98%    passed     43.47%
 107  A0A7S3G3U3_IPR045860_1_2-54        95.63%    passed     10.27%
 108  A0A834A2I1_IPR045860_1_24-95       94.06%    passed     64.48%
 109  A0A8B6GU07_IPR045860_1_11-102      92.41%    passed     13.07%
 110  A0A8C5QXT3_IPR045860_1_53-106      95.54%    passed     28.09%
 111  A0A8J5JX50_IPR045860_1_71-166      92.08%    passed     19.10%
 112  A0A8K0F306_IPR045860_1_23-130      91.09%    passed     49.12%
 113  A0A8S3ZH90_IPR045860_1_1-79        93.48%    passed     42.40%
 114  A0A914USH5_IPR045860_1_15-100      92.90%    passed     28.26%
 115  A0A915DFY2_IPR045860_1_15-80       94.55%    passed     55.51%
 116  A0A9P0DTR9_IPR045860_1_1-58        95.21%    passed     78.60%
 117  A0A9P1MMA3_IPR045860_1_27-105      93.48%    passed     10.73%
 118  A0A9W2Z002_IPR045860_1_18-92       93.81%    failed      0.00%
 119  A0A9W9YJ69_IPR045860_1_16-79       94.72%    failed      0.04%
 120  A0AA85JZT4_IPR045860_1_28-94       94.47%    failed      2.28%
 121  A0AAD9NTI8_IPR045860_1_19-83       94.64%    passed     71.20%
 122  A0AAE0W1W7_IPR045860_1_20-75       95.38%    passed     89.33%
 123  A0AAE1GRD3_IPR045860_1_32-133      91.58%    passed     12.77%
 124  A0AAV2PG25_IPR045860_1_44-99       95.38%    passed     38.36%
 125  A0AAV5VD69_IPR045860_1_14-86       93.98%    passed     44.22%
 126  A0AAV6UAT7_IPR045860_1_25-84       95.05%    passed     34.28%
 127  E0W218_IPR045860_1_19-88           94.22%    passed     26.65%
 128  M1ZMI5_IPR045860_1_3-54            95.71%    passed     17.73%
 129  R7VD63_IPR045860_1_180-235         95.38%    passed     42.34%
 130  W5MLI6_IPR045860_1_1-65            94.64%    passed     42.02%
 131  Centipede3FTx_0067_1255758         89.60%    passed      7.06%
 132  Centipede3FTx_0099_984703          92.33%    passed     16.73%
 133  A0A090LL14_IPR003571_1_32-90       95.13%    failed      2.66%
 134  A0A8C3SXJ0_IPR045860_1_14-67       95.54%    passed     72.61%
 135  A0A8C9F6M2_IPR035076_1_14-65       95.71%    passed     33.58%
 136  M3XSN1_IPR045860_1_65-143          93.48%    failed      0.23%
 137  A0A1L6Z9Y5_IPR026524_1_1-149       87.71%    failed      0.02%
 138  A0A2Y9RVA8_IPR016054_1_239-303     94.64%    passed     53.09%
 139  A0A6P7YUZ6_IPR045860_2_114-195     93.23%    passed      6.21%
 140  A0A8J6B5V3_IPR045860_2_124-181     95.21%    passed     19.31%
 141  A0AAD5KP77_IPR016054_1_20-118      91.83%    passed     87.96%
 142  A6J8Z0_IPR016054_1_69-200          89.11%    passed      5.94%
 143  G3VP90_IPR016054_3_210-302         92.33%    passed     10.66%
 144  A0A1L6Z9Z9_IPR026524_1_1-81        93.32%    passed      8.44%
 145  A0A1A8RI45_IPR039457_1_1-66        94.55%    passed      6.83%
 146  A0A7R9G4N8_IPR039457_1_19-129      90.84%    passed     74.69%
 147  A0A0L0BZ61_IPR031424_1_35-125      92.49%    passed     15.50%
 148  A0A1B0GHW8_IPR031424_1_36-128      92.33%    failed      0.08%
 149  A0A1D1VGV8_IPR031424_1_79-178      91.75%    failed      4.55%
 150  A0A226EYN6_IPR031424_1_49-136      92.74%    passed     54.20%
 151  A0A6G1SPW6_IPR031424_1_43-183      88.37%    passed     35.56%
 152  A0A834IJZ1_IPR031424_1_21-82       94.88%    passed     43.19%
 153  A0A8I6RMI4_IPR031424_1_20-124      91.34%    failed      4.99%
 154  A0A8J5MU39_IPR031424_1_24-110      92.82%    passed      6.94%
 155  A0A914WJK0_IPR031424_1_20-145      89.60%    failed      0.00%
 156  A0A9J6CMN1_IPR031424_1_155-254     91.75%    passed     51.59%
 157  A0A9N9WRV6_IPR031424_1_23-109      92.82%    passed     61.08%
 158  A0A0A0QUX4_IPR045860_1_18-69       95.71%    passed     44.12%
 159  A0A0N5AVA4_IPR045860_1_18-110      92.33%    failed      1.66%
 160  A0A1I7Y7B6_IPR045860_1_22-95       93.89%    passed     17.79%
 161  A0A1X7VMF3_IPR045860_1_25-96       94.06%    passed     72.37%
 162  A0A267FE13_IPR045860_1_77-159      93.15%    passed     13.42%
 163  A0A2I0TMY7_IPR045860_1_43-134      92.41%    passed     23.82%
 164  A0A3P7HPH2_IPR045860_1_12-82       94.14%    passed     28.79%
 165  A0A7I8WE53_IPR045860_1_16-88       93.98%    failed      0.26%
 166  A0A7M5VET2_IPR045860_1_1-98        91.91%    passed     11.51%
 167  A0A813PZ80_IPR045860_1_21-87       94.47%    failed      4.07%
 168  A0A818U6W1_IPR045860_1_9-102       92.24%    passed     26.73%
 169  A0A820SNE3_IPR045860_1_69-132      94.72%    failed      0.00%
 170  A0A8C1VYQ5_IPR045860_1_22-81       95.05%    passed     69.61%
 171  A0A8D8EYL6_IPR045860_1_27-148      89.93%    failed      4.38%
 172  A0A914IDC6_IPR045860_1_41-96       95.38%    passed     61.10%
 173  A0A914Z0P7_IPR045860_1_116-196     93.32%    passed     78.23%
 174  A0A9Q0YDX6_IPR045860_1_30-121      92.41%    passed     41.88%
 175  A0AAV5TAP5_IPR045860_1_21-102      93.23%    passed     15.80%
 176  A0AAV7T9C4_IPR045860_1_19-85       94.47%    failed      3.65%
 177  A0ABD1DX19_IPR045860_1_9-71        94.80%    passed     42.05%
 178  B4GU16_IPR045860_1_105-181         93.65%    passed      6.30%
 179  P0DPY0_IPR045860_1_22-106          92.99%    passed     33.95%
 180  Centipede3FTx_0004_61981           91.42%    passed      5.51%
 181  Centipede3FTx_0036_60158           93.98%    passed     80.59%
 182  Centipede3FTx_0100_984703          90.35%    passed     11.39%
 183  A0A8C8T5K9_IPR026110_1_35-140      91.25%    passed      8.60%
 184  A0A820L598_IPR045860_1_27-77       95.79%    failed      0.04%
 185  A0A9D3S5X7_IPR016054_1_19-113      92.16%    failed      0.04%
 186  A0AAW0MGU5_IPR016054_1_35-92       95.21%    failed      0.27%
 187  A0A6P8SIG0_IPR045860_1_116-202     92.82%    passed     54.48%
 188  A0A8C5QSE3_IPR045860_2_37-123      92.82%    failed      0.00%
 189  A0AAD9JMX5_IPR045860_1_29-114      92.90%    passed     24.70%
 190  A0AAV1Q741_IPR016054_1_29-100      94.06%    passed     21.52%
 191  A0AAW0H6Z6_IPR045860_1_18-90       93.98%    passed     16.52%
 192  A0A182SJ17_IPR045860_1_10-115      91.25%    passed     15.33%
 193  A0A1D1VGW6_IPR031424_1_24-132      91.01%    passed     11.89%
 194  A0A1V9XC70_IPR031424_1_23-117      92.16%    passed     60.44%
 195  A0A3M7SL07_IPR031424_1_3-79        93.65%    passed     54.40%
 196  A0A8S2KJM8_IPR031424_1_23-88       94.55%    passed     82.96%
 197  A0AAD8EMJ0_IPR031424_1_22-136      90.51%    failed      3.75%
 198  B4G719_IPR031424_1_24-125          91.58%    passed     43.30%
 199  E9H2D7_IPR031424_1_24-151          89.44%    failed      1.18%
 200  A0A016U7J7_IPR045860_1_34-87       95.54%    passed     37.92%
 201  A0A0C2NE02_IPR045860_1_3-88        92.90%    passed     55.22%
 202  A0A1S3H0Z1_IPR045860_1_32-107      93.73%    passed     87.26%
 203  A0A1V9XGM2_IPR045860_1_3-66        94.72%    passed     27.87%
 204  A0A1X7VNV6_IPR045860_1_29-136      91.09%    failed      4.77%
 205  A0A260Z1G3_IPR045860_1_32-105      93.89%    passed     50.40%
 206  A0A3N0XLF4_IPR045860_1_22-82       94.97%    failed      3.25%
 207  A0A4U5NZH1_IPR045860_1_19-101      93.15%    passed      8.45%
 208  A0A6A0GZJ4_IPR045860_1_10-60       95.79%    failed      4.72%
 209  A0A814D4D4_IPR045860_1_40-103      94.72%    passed     69.65%
 210  A0A814NNU2_IPR045860_1_23-125      91.50%    passed     37.56%
 211  A0A834R8A3_IPR045860_1_1-102       91.58%    passed     10.36%
 212  A0A8B7DGG4_IPR045860_1_44-134      92.49%    failed      0.59%
 213  A0A8C4LH24_IPR045860_2_26-108      93.15%    passed     59.15%
 214  A0A8X6I8W4_IPR045860_1_77-130      95.54%    passed     16.16%
 215  A0A914IDL7_IPR045860_1_43-105      94.80%    passed     21.33%
 216  A0A974HX00_IPR045860_1_27-118      92.41%    passed     20.84%
 217  A0A9D3PWW3_IPR045860_1_25-139      90.51%    passed     17.25%
 218  A0A9D4B431_IPR045860_1_7-87        93.32%    passed      6.22%
 219  A0A9Q0YFA6_IPR045860_1_37-119      93.15%    passed     25.71%
 220  A0AA35WXI3_IPR045860_1_192-289     91.91%    passed      9.16%
 221  A0AA36H002_IPR045860_1_1-57        95.30%    passed     72.37%
 222  A0AA85K4Y5_IPR045860_1_12-156      88.04%    passed      7.03%
 223  A0AA88M7S9_IPR045860_1_5-74        94.22%    failed      0.00%
 224  A0AAD9P4H3_IPR045860_1_15-76       94.88%    passed     18.13%
 225  A0AAN4ZEY9_IPR045860_1_21-99       93.48%    passed     13.96%
 226  A0AAN5DA64_IPR045860_1_36-130      92.16%    passed     22.37%
 227  A0AAN8LXL3_IPR045860_1_17-69       95.63%    failed      1.38%
 228  A0AAV5TBR6_IPR045860_1_17-112      92.08%    passed     39.25%
 229  H2L9T1_IPR045860_1_21-86           94.55%    failed      4.93%
 230  A0A5F4WGV7_IPR042339_1_1-77        93.65%    passed      6.00%
 231  V8N212_IPR045860_1_1-80            93.40%    passed     54.24%
 232  A0A6P7WSC1_IPR016054_1_21-102      93.23%    passed      7.18%
 233  A0A8C5SB45_IPR045860_1_12-76       94.64%    passed     19.83%
 234  A0ABD3WX20_IPR035076_1_66-132      94.47%    passed     29.85%
 235  A0A835ZW53_IPR038773_1_63-169      91.17%    failed      0.00%
 236  A0A4W2E290_IPR051445_1_1-105       91.34%    passed      6.39%
 237  A0A6A1Q7Y6_IPR051445_1_50-140      92.49%    passed     18.76%
 238  A0A8C8W2C3_IPR051445_1_2-76        93.81%    passed     10.55%
 239  A0A8I6AS65_IPR016054_1_152-209     95.21%    passed     24.65%
 240  A0A974CJ28_IPR045860_2_226-329     91.42%    failed      0.01%
 241  A6J8Z2_IPR016054_1_23-96           93.89%    passed     15.64%
 242  D3ZP75_IPR016054_1_20-106          92.82%    failed      1.20%
 243  R7UJ15_IPR039457_1_7-86            93.40%    failed      0.05%
 244  A0A1D1VLF0_IPR031424_1_28-136      91.01%    passed     28.60%
 245  A0A7R8X7B2_IPR045860_1_59-148      92.57%    failed      1.32%
 246  A0A814REP6_IPR031424_1_35-84       95.87%    passed     76.98%
 247  A0A834IMY6_IPR031424_1_24-126      91.50%    failed      0.37%
 248  A0A8J9Y1Z9_IPR031424_1_58-155      91.91%    failed      0.00%
 249  A0A914BR59_IPR031424_1_24-151      89.44%    failed      1.81%
 250  A0A9C6W8C0_IPR031424_1_24-106      93.15%    passed     20.09%
 251  A0A9D4HCE9_IPR031424_1_22-103      93.23%    passed     38.92%
 252  A0A9N9WWP9_IPR031424_1_24-110      92.82%    passed     38.00%
 253  A0A026WAX7_IPR045860_1_1-51        95.79%    passed     79.40%
 254  A0A336LZR2_IPR045860_1_251-335     92.99%    failed      4.67%
 255  A0A498LWD7_IPR045860_1_252-330     93.48%    failed      0.92%
 256  A0A4U1EKV4_IPR045860_1_2-61        95.05%    passed     21.16%
 257  A0A4U5NZP5_IPR045860_1_19-103      92.99%    passed     11.60%
 258  A0A671VFU8_IPR045860_1_64-113      95.87%    passed      5.88%
 259  A0A6J1LKZ0_IPR045860_1_48-147      91.75%    passed     67.64%
 260  A0A7I8X8P6_IPR045860_1_79-163      92.99%    passed     10.96%
 261  A0A814DLA7_IPR045860_1_23-81       95.13%    passed     46.60%
 262  A0A814JKT5_IPR045860_1_6-71        94.55%    passed      6.08%
 263  A0A8B7DHV2_IPR045860_1_20-110      92.49%    failed      2.59%
 264  A0A8I3PXV6_IPR045860_1_14-68       95.46%    passed     37.89%
 265  A0A8J1LF51_IPR045860_2_290-367     93.56%    passed     18.53%
 266  A0A8J5N960_IPR045860_1_12-76       94.64%    failed      1.09%
 267  A0A8S4N0F6_IPR045860_1_34-143      90.92%    failed      0.41%
 268  A0A8T1SCN7_IPR045860_1_21-98       93.56%    passed     70.95%
 269  A0A8T2IYG0_IPR045860_1_18-88       94.14%    passed     39.38%
 270  A0A8W8LHF3_IPR045860_1_41-141      91.67%    passed     45.83%
 271  A0A9J7LLU2_IPR045860_1_21-102      93.23%    passed     17.60%
 272  A0A9W9YJR1_IPR045860_1_20-117      91.91%    passed     43.07%
 273  A0A9X0D834_IPR045860_1_21-105      92.99%    passed      8.00%
 274  A0AAV4D142_IPR045860_1_32-83       95.71%    passed     19.90%
 275  A0AAV5TCP7_IPR045860_1_13-73       94.97%    passed     20.59%
 276  A0AAW1C869_IPR045860_1_16-82       94.47%    passed     11.26%
 277  A0ABD0PZK3_IPR045860_1_34-90       95.30%    passed     43.03%
 278  D3YUY5_IPR045860_1_21-76           95.38%    passed     40.20%
 279  G5CTL9_IPR045860_1_25-122          91.91%    passed     36.25%
 280  A0A8S3V659_IPR045860_1_136-212     93.65%    passed     29.09%
 281  A0A8V0Y3K6_IPR045860_1_18-91       93.89%    passed     71.44%
 282  A0AAD9QQZ4_IPR045860_1_18-112      92.16%    passed     24.51%
 283  A0AAW0MNB0_IPR045860_1_13-78       94.55%    failed      1.51%
 284  A0AB32TH96_IPR045860_2_11-62       95.71%    passed     24.43%
 285  A0A6I9MEH3_IPR038773_1_19-122      91.58%    passed     20.20%
 286  A0A125S9K5_IPR045860_1_18-108      92.49%    passed     72.27%
 287  A0A151M3Z5_IPR045860_6_222-294     93.98%    passed     72.52%
 288  A0A670IQM8_IPR016054_1_23-101      93.48%    failed      0.52%
 289  A0A6P6EZA3_IPR026524_1_1-387       68.07%    failed      0.00%
 290  A0A8I6ASR0_IPR051445_1_50-228      85.23%    failed      0.00%
 291  A0A8J6BKP1_IPR045860_1_11-96       92.90%    failed      0.24%
 292  A0A9B0WY52_IPR045860_1_22-122      91.67%    passed      9.36%
 293  A0AAF3EF36_IPR016054_1_25-131      91.17%    passed     16.35%
 294  A0AAW0PQM6_IPR045860_1_594-663     94.22%    passed     23.51%
 295  A0AAJ7X4X4_IPR039457_1_17-178      86.63%    failed      0.15%
 296  A0A7E6FPW6_IPR031424_1_22-116      92.16%    passed     24.94%
 297  A0A7J7K0Q0_IPR031424_1_36-106      94.14%    failed      0.08%
 298  A0A816N3I8_IPR031424_1_30-116      92.82%    passed     41.97%
 299  A0A820KXX8_IPR031424_1_21-92       94.06%    passed     11.45%
 300  A0A834J2M1_IPR031424_1_53-131      93.48%    passed      9.02%
 301  A0A9Q0M0P1_IPR031424_1_55-148      92.24%    passed     54.09%
 302  A0AAD8EMX0_IPR031424_1_22-137      90.43%    passed     46.44%
 303  A0AAV2AUC6_IPR031424_1_29-123      92.16%    passed     13.51%
 304  A0AAV8W3Q6_IPR031424_1_26-152      89.52%    passed      8.35%
 305  A0ABD2N2U6_IPR031424_1_24-167      88.12%    failed      0.36%
 306  A0A1W0W9F2_IPR045860_1_295-354     95.05%    passed     35.64%
 307  A0A1X7VRX7_IPR045860_1_130-204     93.81%    passed     35.26%
 308  A0A210QMG5_IPR045860_1_21-111      92.49%    passed      8.25%
 309  A0A267FLT7_IPR045860_1_40-116      93.65%    passed     12.21%
 310  A0A3B5M3Y7_IPR045860_1_54-113      95.05%    passed     34.07%
 311  A0A3M0KDK7_IPR045860_1_1076-1149   93.89%    passed     40.26%
 312  A0A6A4UZH6_IPR045860_1_69-125      95.30%    passed     10.03%
 313  A0A7J6A6K8_IPR045860_1_17-81       94.64%    passed     96.08%
 314  A0A7M7HJH9_IPR045860_1_30-120      92.49%    passed     16.77%
 315  A0A8B6BJV3_IPR045860_1_81-166      92.90%    passed     12.43%
 316  A0A8C6GS09_IPR045860_1_35-121      92.82%    passed     32.72%
 317  A0A8R1I3M6_IPR045860_1_23-72       95.87%    passed     13.64%
 318  A0A974HZ79_IPR045860_1_25-111      92.82%    passed      5.77%
 319  A0A9X0D8A0_IPR045860_1_17-104      92.74%    passed      7.41%
 320  A0AAD9USH5_IPR045860_1_5-103       91.83%    passed     65.72%
 321  A0AAF3FK35_IPR045860_1_8-93        92.90%    failed      0.27%
 322  A0AAV2Q5Q0_IPR045860_1_24-122      91.83%    passed      5.61%
 323  A0AAV6G4K1_IPR045860_2_83-145      94.80%    failed      1.51%
 324  F6ZQF4_IPR045860_1_15-103          92.66%    failed      0.00%
 325  G5CTM1_IPR045860_1_35-128          92.24%    passed     17.84%
 326  K1QMD5_IPR045860_1_5-58            95.54%    passed     17.47%
 327  N6TJ42_IPR045860_1_1-78            93.56%    passed     54.30%
 328  P25677_IPR045860_1_1-56            95.38%    passed     48.61%
 329  Centipede3FTx_0071_60158           93.73%    passed      7.16%
 330  P81946_IPR045860_1_1-59            95.13%    passed     18.99%
 331  A0A6J8CXM1_IPR045860_1_45-149      91.34%    passed     40.07%
 332  A0A6P7WY53_IPR045860_1_164-214     95.79%    passed      7.99%
 333  A0A9L0J0W8_IPR045860_1_28-147      90.10%    failed      0.06%
 334  A0A151PIJ3_IPR016054_1_181-271     92.49%    failed      0.00%
 335  A0A484GSD8_IPR016054_1_27-77       95.79%    passed     19.01%
 336  A0A8B7WI12_IPR051445_1_1-137       88.70%    failed      0.49%
 337  A0A8I6AVK8_IPR016054_1_118-200     93.15%    failed      0.81%
 338  A0A974HDB2_IPR045860_2_48-130      93.15%    passed     21.70%
 339  A0A9N9SCS8_IPR045860_1_19-109      92.49%    passed     32.11%
 340  A0AAD4RAP5_IPR045860_1_16-126      90.84%    passed     46.83%
 341  A0AAV6YYU5_IPR045860_2_112-201     92.57%    passed     29.07%
 342  A0AAV7PZR4_IPR045860_2_114-222     91.01%    passed     27.75%
 343  F6Q0C7_IPR016054_3_33-111          93.48%    failed      1.06%
 344  A0A218UKU1_IPR039457_1_6-72        94.47%    passed      8.17%
 345  A0A7K6EXR5_IPR039457_1_1-91        92.49%    failed      4.75%
 346  A0A7R9P8Q2_IPR039457_1_18-166      87.71%    passed     40.70%
 347  A0A8S1CFF1_IPR039457_1_53-150      91.91%    passed     58.06%
 348  A0A094ZV75_IPR031424_1_24-165      88.28%    passed     34.05%
 349  A0A0L8GXK5_IPR045860_1_17-112      92.08%    passed     31.25%
 350  A0A1Y3AYX1_IPR031424_1_8-70        94.80%    passed     13.19%
 351  A0A5K3FB28_IPR031424_1_38-146      91.01%    passed     20.12%
 352  A0A834XXW6_IPR045860_1_25-117      92.33%    failed      3.34%
 353  A0A8I6RRD0_IPR031424_1_24-112      92.66%    passed     13.01%
 354  A0A8J2HNT4_IPR031424_1_6-91        92.90%    passed      7.72%
 355  A0A8K0GPW3_IPR045860_1_20-142      89.85%    passed     47.41%
 356  A0A8W8K4J3_IPR031424_1_23-111      92.66%    passed     83.90%
 357  A0A914WZU6_IPR031424_1_27-149      89.85%    passed     94.28%
 358  A0A9C6XCY0_IPR031424_1_32-81       95.87%    passed     88.04%
 359  A0AAD8EN74_IPR031424_1_25-127      91.50%    passed      9.12%
 360  A0A0N5BF53_IPR045860_1_5-59        95.46%    passed     45.31%
 361  A0A0V0UBI1_IPR045860_1_1-58        95.21%    passed     96.31%
 362  A0A1I7TRJ6_IPR045860_1_37-95       95.13%    passed     79.82%
 363  A0A1I7YII5_IPR045860_1_29-124      92.08%    passed     71.28%
 364  A0A3P8PM98_IPR045860_1_30-81       95.71%    failed      1.44%
 365  A0A674NC48_IPR045860_1_26-86       94.97%    failed      0.13%
 366  A0A6F9ACW7_IPR045860_1_3-82        93.40%    failed      0.15%
 367  A0A6G1S6S7_IPR045860_1_3-110       91.09%    failed      3.07%
 368  A0A6J0DST4_IPR045860_1_34-106      93.98%    passed     67.49%
 369  A0A7M4DZ02_IPR045860_1_32-95       94.72%    passed     75.96%
 370  A0A7R9KQA6_IPR045860_1_1-104       91.42%    passed     73.86%
 371  A0A814EJY6_IPR045860_1_192-247     95.38%    passed     11.90%
 372  A0A814PF60_IPR045860_1_15-104      92.57%    failed      0.08%
 373  A0A8B6ERY4_IPR045860_1_19-100      93.23%    passed     32.49%
 374  A0A8B7DRJ4_IPR045860_1_22-104      93.15%    passed     11.58%
 375  A0A8B8EZV4_IPR045860_1_33-141      91.01%    passed     46.18%
 376  A0A8C4WMJ5_IPR045860_1_21-113      92.33%    passed     41.16%
 377  A0A8C5CHJ5_IPR045860_1_38-115      93.56%    failed      0.40%
 378  A0A8D9BNI4_IPR045860_1_20-113      92.24%    passed      7.87%
 379  A0A8J2WEI1_IPR045860_1_25-109      92.99%    failed      0.34%
 380  A0A8R2D7F4_IPR045860_1_17-111      92.16%    passed     32.17%
 381  A0A9Y3S0M1_IPR045860_1_307-377     94.14%    failed      0.06%
 382  A0AA39HM97_IPR045860_1_20-105      92.90%    passed     95.09%
 383  A0AA39M7A2_IPR045860_1_134-204     94.14%    passed     35.71%
 384  A0AAN4ZHP0_IPR045860_1_23-95       93.98%    passed     25.27%
 385  A0AAV2QD99_IPR045860_1_46-100      95.46%    failed      2.54%
 386  A0AAV4DMW8_IPR045860_1_26-88       94.80%    passed     13.64%
 387  A0AAV5TF97_IPR045860_1_2-72        94.14%    passed     49.48%
 388  A0ABD3WS81_IPR045860_1_27-79       95.63%    passed     40.43%
 389  G5CTM2_IPR045860_1_23-116          92.24%    passed     38.18%
 390  Centipede3FTx_0008_61981           88.20%    failed      3.73%
 391  Centipede3FTx_0040_60158           91.83%    passed      8.09%
 392  Centipede3FTx_0072_61981           90.43%    failed      4.50%
 393  Q2VBN1_IPR045860_1_14-85           94.06%    passed     20.33%
 394  V8N440_IPR003571_1_1-84            93.07%    passed     31.93%
 395  A0A401RYL5_IPR016054_1_20-108      92.66%    passed     37.13%
 396  A0A6P7WY53_IPR045860_2_20-94       93.81%    failed      0.33%
 397  A0A8B6HFD7_IPR016054_2_206-301     92.08%    passed     77.80%
 398  A0A8C3TZZ5_IPR045860_1_29-94       94.55%    passed     92.56%
 399  A0A914SCK2_IPR045860_1_15-108      92.24%    passed     15.32%
 400  A0A8C7AE63_IPR045860_2_121-207     92.82%    failed      0.19%
 401  A0A9D3PHI6_IPR045860_1_19-108      92.57%    failed      1.75%
 402  A0A9Q0X862_IPR045860_3_250-332     93.15%    passed     79.64%
 403  A0AA35PAI4_IPR045860_1_60-147      92.74%    passed     38.10%
 404  H9G8X6_IPR045860_2_210-286         93.65%    passed     12.19%
 405  P0DQX3_IPR045860_2_95-157          94.80%    passed     50.08%
 406  A0A0K0E8P7_IPR031424_1_39-119      93.32%    passed     28.28%
 407  A0A0T6B2U3_IPR031424_1_21-134      90.59%    passed     62.16%
 408  A0A6A0GXP2_IPR031424_1_7-107       91.67%    passed     59.81%
 409  A0A8W8K6C2_IPR031424_1_1-67        94.47%    passed     22.28%
 410  A0A914E4N2_IPR031424_1_2-122       90.02%    passed     12.30%
 411  A0AAW1URC3_IPR045860_1_18-105      92.74%    passed     12.89%
 412  A0A8C9J9W8_IPR051445_1_3-71        94.31%    failed      0.66%
 413  A0A0C9Q3W5_IPR045860_1_27-110      93.07%    passed     58.34%
 414  A0A0V0XGJ1_IPR045860_1_23-115      92.33%    passed     51.93%
 415  A0A182NM64_IPR045860_1_59-148      92.57%    failed      0.08%
 416  A0A2H1W8S6_IPR045860_1_2-65        94.72%    passed     33.12%
 417  A0A4Z2ITI9_IPR045860_1_71-144      93.89%    passed     21.80%
 418  A0A5A9PIR8_IPR045860_1_115-167     95.63%    passed     73.71%
 419  A0A653BZP5_IPR045860_1_25-99       93.81%    passed     20.78%
 420  A0A7R9BN16_IPR045860_1_18-91       93.89%    passed     52.07%
 421  A0A814PKZ4_IPR045860_1_10-63       95.54%    passed     74.67%
 422  A0A8B7DVU4_IPR045860_1_25-125      91.67%    passed     70.36%
 423  A0A8C6V709_IPR045860_1_6-88        93.15%    failed      0.19%
 424  A0A8R1I7U2_IPR045860_1_78-184      91.17%    passed     10.42%
 425  A0A8S1FAB1_IPR045860_1_32-129      91.91%    passed     93.18%
 426  A0A8S4N9T5_IPR045860_1_233-310     93.56%    passed     60.36%
 427  A0A8T2ND24_IPR045860_1_11-87       93.65%    failed      0.06%
 428  A0A915IBA4_IPR045860_1_15-123      91.01%    passed     14.01%
 429  A0A9Y3S0P4_IPR045860_1_45-132      92.74%    failed      0.62%
 430  A0AA36H4S5_IPR045860_1_16-90       93.81%    passed     28.33%
 431  A0AA85K7K8_IPR045860_1_42-119      93.56%    passed     16.63%
 432  A0AAJ7SUB0_IPR045860_1_115-209     92.16%    failed      1.45%
 433  A0AAN4ZP78_IPR045860_1_42-102      94.97%    passed      9.61%
 434  A0AAN8R2E2_IPR045860_1_20-76       95.30%    failed      2.57%
 435  A0ABD3WX44_IPR045860_1_9-65        95.30%    failed      2.68%
 436  A1BX79_IPR045860_1_1-83            93.15%    passed     47.14%
 437  F5CPE3_IPR045860_1_21-74           95.54%    failed      3.99%
 438  H2XNG7_IPR045860_1_15-107          92.33%    failed      1.15%
 439  Q4RE84_IPR045860_1_1-95            92.16%    passed     44.16%
 440  T1EUB6_IPR045860_1_52-116          94.64%    failed      0.00%
 441  Centipede3FTx_0073_61981           87.46%    failed      0.06%
 442  Centipede3FTx_0137_984703          90.92%    passed     42.28%
 443  A0A3M7P5S9_IPR045860_1_24-76       95.63%    passed     10.14%
 444  A0A821GXM4_IPR035076_1_5-65        94.97%    passed      5.50%
 445  A0A915EI99_IPR035076_1_63-120      95.21%    failed      3.56%
 446  A0A8C0LSP2_IPR016054_2_116-200     92.99%    failed      3.56%
 447  A0A8C5PIA8_IPR045860_2_118-180     94.80%    passed     14.46%
 448  A0A8T1RWM6_IPR045860_2_38-138      91.67%    failed      0.49%
 449  A0A8V5GXQ5_IPR045860_1_17-104      92.74%    passed      6.84%
 450  A0AA35QQ05_IPR045860_2_11-97       92.82%    passed     29.49%
 451  A0AA41SX92_IPR016054_5_304-383     93.40%    passed     24.31%
 452  A0A6P5AVG0_IPR039457_1_6-170       86.39%    passed     39.83%
 453  A0A8S1DAU7_IPR039457_1_17-146      89.27%    passed      8.89%
 454  A0A1D1VPY8_IPR031424_1_23-155      89.03%    failed      0.18%
 455  A0A3P6SP30_IPR045860_1_16-117      91.58%    failed      3.10%
 456  A0A6G0TK47_IPR031424_2_131-183     95.63%    passed     42.87%
 457  A0A6J2T4X2_IPR031424_1_20-104      92.99%    failed      4.43%
 458  A0A8B7Y2P5_IPR045860_1_18-113      92.08%    failed      0.00%
 459  A0A8B8F9V4_IPR031424_1_29-79       95.79%    passed     63.56%
 460  A0A8J2J8C2_IPR031424_1_34-125      92.41%    passed     19.15%
 461  A0A9X6NDI1_IPR031424_2_139-238     91.75%    passed     10.51%
 462  A0AAV8WFF7_IPR031424_1_25-136      90.76%    failed      3.21%
 463  A0A026WXJ4_IPR045860_1_1-62        94.88%    passed     91.18%
 464  A0A0L8FP07_IPR045860_1_1-84        93.07%    passed     48.82%
 465  A0A2G5SEQ4_IPR045860_1_27-106      93.40%    passed     79.22%
 466  A0A2I4AR90_IPR045860_1_16-83       94.47%    passed     45.18%
 467  A0A443SL88_IPR045860_1_4-105       91.58%    failed      0.84%
 468  A0A4U5LUR5_IPR045860_1_72-154      93.15%    passed     10.02%
 469  A0A6I9WVB5_IPR045860_1_22-100      93.48%    failed      2.12%
 470  A0A7J5XAJ6_IPR045860_1_23-97       93.81%    passed     59.11%
 471  A0A7M5WWS9_IPR045860_1_13-112      91.75%    passed     89.06%
 472  A0A7R9BZU8_IPR045860_1_6-120       90.51%    passed     25.17%
 473  A0A813QV19_IPR045860_1_43-97       95.46%    passed     17.30%
 474  A0A814ET11_IPR045860_1_41-100      95.05%    passed     28.16%
 475  A0A816AGA0_IPR045860_1_5-119       90.51%    failed      0.08%
 476  A0A816MZY2_IPR045860_1_5-95        92.49%    passed     38.85%
 477  A0A818AUG9_IPR045860_1_44-109      94.55%    passed      7.74%
 478  A0A8B8DLP4_IPR045860_1_57-131      93.81%    passed     25.91%
 479  A0A8C2ZCX5_IPR045860_1_19-91       93.98%    passed     66.50%
 480  A0A8C6LK83_IPR045860_1_27-121      92.16%    passed     63.13%
 481  A0A8C6VN86_IPR045860_1_114-200     92.82%    passed     10.91%
 482  A0A8T2JDC4_IPR045860_1_2-69        94.39%    passed     30.72%
 483  A0A913X4E7_IPR045860_1_20-110      92.49%    passed     11.67%
 484  A0A914EB87_IPR045860_1_16-93       93.56%    failed      4.88%
 485  A0A914LEF1_IPR045860_1_1-77        93.65%    passed      6.75%
 486  A0A914RYS8_IPR045860_1_15-108      92.24%    passed     49.91%
 487  A0A914VDT4_IPR045860_1_18-93       93.73%    passed     12.21%
 488  A0A922HS44_IPR045860_1_16-145      89.27%    passed     56.27%
 489  A0A9D4BW54_IPR045860_1_25-114      92.57%    passed     22.98%
 490  A0A9J6FD86_IPR045860_1_2-55        95.54%    passed     89.81%
 491  A0A9N9RXC6_IPR045860_1_55-149      92.16%    passed     13.64%
 492  A0A9P0J1I0_IPR045860_1_18-73       95.38%    passed     32.92%
 493  A0A9P1HD09_IPR045860_1_6-91        92.90%    failed      2.25%
 494  A0AAE0SFZ8_IPR045860_1_33-155      89.85%    passed     87.97%
 495  A0AAV5TMI4_IPR045860_1_11-114      91.42%    failed      2.53%
 496  A0AAV5W0D6_IPR045860_1_69-122      95.54%    passed     56.31%
 497  G0PFB6_IPR045860_1_18-98           93.32%    passed     47.44%
 498  A0A452UEK3_IPR026110_1_23-77       95.46%    failed      2.27%
 499  A0A818R344_IPR045860_1_32-104      93.98%    passed      6.42%
 500  A0A9Q1E5X7_IPR016054_1_18-93       93.73%    passed      6.20%
 501  A0A9W2ZRV3_IPR045860_1_32-114      93.15%    passed     26.02%
 502  A0AAD4YB02_IPR045860_2_49-104      95.38%    passed     18.89%
 503  W5MCJ5_IPR016054_1_20-106          92.82%    failed      0.00%
 504  A0A6F9CLJ2_IPR045860_3_137-200     94.72%    failed      2.45%
 505  A0AA97KH13_IPR045860_2_20-107      92.74%    passed     35.37%
 506  A0AAV2KTW0_IPR045860_1_114-182     94.31%    failed      0.00%
 507  A0AAV7Q087_IPR045860_1_109-190     93.23%    passed     61.34%
 508  A0ABD2NUY2_IPR045860_1_18-107      92.57%    passed     26.21%
 509  U3KML4_IPR045860_1_43-125          93.15%    passed     14.44%
 510  A0A0L8IDX6_IPR031424_1_6-77        94.06%    passed     72.13%
 511  A0A1B6LMI2_IPR031424_1_21-99       93.48%    passed     50.54%
 512  A0A1D1VSS4_IPR045860_1_22-105      93.07%    failed      4.87%
 513  A0A1I8PHK9_IPR031424_1_26-129      91.42%    passed     20.23%
 514  A0A6P7FF79_IPR031424_1_26-143      90.26%    failed      4.57%
 515  A0A7F5RC65_IPR031424_1_31-168      88.61%    passed      5.88%
 516  A0A813QWV5_IPR031424_1_56-156      91.67%    passed      5.13%
 517  A0A8D8YPC7_IPR031424_1_26-155      89.27%    passed     62.32%
 518  A0AAR5QJX6_IPR031424_1_24-175      87.46%    passed     26.31%
 519  A0ABD2N5Z7_IPR031424_1_25-145      90.02%    failed      1.99%
 520  A0A026WXM5_IPR045860_1_4-58        95.46%    passed     37.07%
 521  A0A195D3E7_IPR045860_1_5-73        94.31%    passed     72.99%
 522  A0A1L8G0F6_IPR045860_1_57-160      91.42%    failed      4.26%
 523  A0A1W0WQR3_IPR045860_1_88-180      92.33%    passed     38.77%
 524  A0A3B5MH29_IPR045860_1_152-222     94.14%    passed     18.22%
 525  A0A401P202_IPR045860_1_22-78       95.30%    passed     13.21%
 526  A0A443SPP0_IPR045860_1_6-84        93.48%    passed     36.85%
 527  A0A454XV36_IPR045860_1_21-94       93.89%    passed     16.05%
 528  A0A4U5LUZ3_IPR045860_1_15-114      91.75%    passed     11.26%
 529  A0A7R9LSG3_IPR045860_1_1-51        95.79%    passed     20.37%
 530  A0A7T8QUM6_IPR045860_1_3-92        92.57%    passed     10.39%
 531  A0A814Q5U4_IPR045860_1_24-92       94.31%    passed     19.78%
 532  A0A914RZA8_IPR045860_1_78-139      94.88%    passed      8.41%
 533  A0A915J3H9_IPR045860_1_226-306     93.32%    passed     10.01%
 534  A0A977PF39_IPR045860_1_22-126      91.34%    passed     13.10%
 535  A0A9P1N1W3_IPR045860_1_11-103      92.33%    passed     88.32%
 536  A0A9Q1I8V0_IPR045860_1_1-66        94.55%    passed     40.59%
 537  A0AA36H857_IPR045860_1_24-95       94.06%    failed      1.44%
 538  A0AA97J5B9_IPR045860_1_19-95       93.65%    passed      8.39%
 539  A0AAV2KZH7_IPR045860_1_20-82       94.80%    passed      6.59%
 540  A0AAV6ZUP7_IPR045860_1_20-81       94.88%    passed     17.62%
 541  A6MIV6_IPR045860_1_17-70           95.54%    passed     40.46%
 542  E3NNI7_IPR045860_1_39-105          94.47%    passed     39.42%
 543  G9D4E4_IPR045860_1_78-167          92.57%    passed     53.00%
 544  Q5C099_IPR045860_1_35-109          93.81%    passed     41.82%
 545  T1F491_IPR045860_1_11-97           92.82%    failed      1.96%
 546  U4UN32_IPR045860_1_66-134          94.31%    passed     23.98%
 547  Centipede3FTx_0011_61981           89.77%    passed     46.68%
 548  Centipede3FTx_0075_61981           92.74%    passed      5.77%
 549  A0A315W4P7_IPR045860_1_1-60        95.05%    passed     67.06%
 550  A0A091GPN7_IPR045860_2_95-146      95.71%    passed     67.35%
 551  G3TYI9_IPR016054_2_164-219         95.38%    passed      6.62%
 552  M7C222_IPR045860_3_8-70            94.80%    passed      9.92%
 553  A0A8T1S5D0_IPR026524_1_5-155       87.54%    failed      0.01%
 554  G3IJA7_IPR039457_1_2-85            93.07%    passed     30.77%
 555  A0A1D1VU07_IPR031424_1_29-119      92.49%    passed     61.99%
 556  A0A1S3KC57_IPR031424_1_20-112      92.33%    failed      3.60%
 557  A0A6A4II55_IPR031424_1_22-134      90.68%    failed      4.06%
 558  A0A6L2PLK9_IPR031424_1_31-84       95.54%    passed     96.59%
 559  A0A8J5UUP8_IPR031424_1_24-113      92.57%    passed     76.54%
 560  A0A9P1HMJ8_IPR031424_1_22-124      91.50%    passed     73.47%
 561  A0AAE9DKX9_IPR031424_1_24-108      92.99%    passed     51.64%
 562  A0AAV2Q359_IPR031424_1_4-107       91.42%    passed     28.22%
 563  N6U7S0_IPR031424_1_20-121          91.58%    failed      0.42%
 564  A0A0E3KK09_IPR045860_1_18-72       95.46%    passed     58.22%
 565  A0A2A6D034_IPR045860_1_57-149      92.33%    passed     92.92%
 566  A0A2K5H6W3_IPR045860_1_25-85       94.97%    passed     79.71%
 567  A0A485N7F4_IPR045860_1_1-79        93.48%    passed     31.15%
 568  A0A672HY15_IPR045860_1_43-105      94.80%    passed     61.34%
 569  A0A6P5A1G0_IPR045860_1_69-125      95.30%    passed     18.70%
 570  A0A7M5X584_IPR045860_1_21-86       94.55%    passed     47.40%
 571  A0A834Y7F0_IPR045860_1_31-132      91.58%    failed      0.47%
 572  A0A8J6AP99_IPR045860_1_159-208     95.87%    failed      2.78%
 573  A0A8M1FMM8_IPR045860_1_11-65       95.46%    passed     26.43%
 574  A0A8S3T3W9_IPR045860_1_33-92       95.05%    passed     81.79%
 575  A0A914ITD3_IPR045860_1_469-533     94.64%    passed     37.68%
 576  A0A915AQ63_IPR045860_1_14-95       93.23%    failed      1.77%
 577  A0A922HWM7_IPR045860_1_189-258     94.22%    passed     64.05%
 578  A0A9J6FJA2_IPR045860_2_260-335     93.73%    passed     30.27%
 579  A0A9P1HH40_IPR045860_1_23-110      92.74%    passed     20.11%
 580  A0AA35KPM3_IPR045860_1_104-193     92.57%    failed      4.94%
 581  A0AA36HBF4_IPR045860_1_43-111      94.31%    passed     20.46%
 582  A0AA39I7H4_IPR045860_1_20-82       94.80%    passed     11.24%
 583  A0AAU9W6W5_IPR045860_1_22-108      92.82%    failed      4.12%
 584  A0AAV7HWB9_IPR045860_3_118-180     94.80%    passed     61.73%
 585  A0AAW0MFM6_IPR045860_1_5-54        95.87%    passed     24.56%
 586  E2AU71_IPR045860_1_231-289         95.13%    passed     55.04%
 587  E4WSQ4_IPR045860_1_2-118           90.35%    passed     10.08%
 588  J7H3I1_IPR045860_1_35-132          91.91%    passed     79.37%
 589  Centipede3FTx_0012_984703          92.08%    failed      1.03%
 590  Centipede3FTx_0140_1255758         86.63%    passed      6.38%
 591  A0A8J9Z921_IPR045860_2_11-93       93.15%    failed      0.42%
 592  A0A8C9JP44_IPR045860_1_32-84       95.63%    passed     76.02%
 593  A0AA39MC99_IPR045860_1_12-92       93.32%    passed     19.91%
 594  A0AAN8BWB3_IPR045860_1_17-72       95.38%    passed     37.54%
 595  A0A2K6FUC7_IPR016054_1_130-181     95.71%    passed      8.24%
 596  A0A7J8BAY1_IPR051445_1_45-121      93.65%    passed      5.70%
 597  A0A803T097_IPR045860_2_113-189     93.65%    passed     29.53%
 598  A0A8C6G4T4_IPR016054_2_12-92       93.32%    passed      8.60%
 599  A0A8C8ZD79_IPR045860_3_211-280     94.22%    passed     14.10%
 600  A0AAV7MS16_IPR016054_1_19-100      93.23%    failed      0.44%
 601  G1U647_IPR026524_1_4-124           90.02%    failed      0.00%
 602  A0A068WMH4_IPR045860_1_37-139      91.50%    passed     80.37%
 603  A0A0T6B6S3_IPR031424_1_22-133      90.76%    passed     72.17%
 604  A0A183MZ51_IPR031424_1_26-124      91.83%    passed     22.39%
 605  A0A1Y1LGN0_IPR045860_1_34-109      93.73%    passed     10.54%
 606  A0A7F5RM31_IPR045860_1_17-109      92.33%    passed     23.96%
 607  A0A7J7K6D5_IPR031424_1_121-210     92.57%    passed     13.17%
 608  A0A9N9TL37_IPR031424_1_20-93       93.89%    passed     97.13%
 609  A0A9P0CKC3_IPR031424_1_24-121      91.91%    passed     10.19%
 610  A0AAE9ECB9_IPR031424_1_30-169      88.45%    passed      5.07%
 611  A0AAW1UZC9_IPR031424_1_19-128      90.92%    passed     33.42%
 612  V4AFQ7_IPR031424_1_44-125          93.23%    passed     59.09%
 613  A0A9W2X6I2_IPR051445_1_47-112      94.55%    passed      5.69%
 614  A0A067RRM3_IPR045860_1_1-78        93.56%    passed     25.91%
 615  A0A0N5BVY0_IPR045860_1_32-99       94.39%    passed     51.31%
 616  A0A1S3IMF4_IPR045860_1_21-96       93.73%    failed      0.08%
 617  A0A267G212_IPR045860_1_35-111      93.65%    failed      0.02%
 618  A0A2I5KCC1_IPR045860_1_22-131      90.92%    passed      5.32%
 619  A0A2P1DVD9_IPR045860_1_24-125      91.58%    passed     28.82%
 620  A0A3N0YL70_IPR045860_1_20-97       93.56%    passed     48.67%
 621  A0A401PND9_IPR045860_1_24-95       94.06%    passed     15.64%
 622  A0A4U5PGP9_IPR045860_1_12-88       93.65%    passed     10.17%
 623  A0A553NEH9_IPR045860_1_44-126      93.15%    passed     14.62%
 624  A0A5F4WEP0_IPR045860_1_159-273     90.51%    failed      4.29%
 625  A0A672L629_IPR045860_1_11-92       93.23%    passed     12.76%
 626  A0A6J8DGY3_IPR045860_1_75-168      92.24%    passed     24.26%
 627  A0A7L3V3L4_IPR045860_1_100-208     91.01%    failed      0.00%
 628  A0A8C5PT57_IPR045860_1_33-104      94.06%    passed      5.84%
 629  A0A8F8ASX3_IPR045860_1_58-126      94.31%    passed     40.49%
 630  A0A8T0BCI2_IPR045860_1_1-59        95.13%    passed     17.55%
 631  A0A915KCD7_IPR045860_1_23-123      91.67%    passed     32.38%
 632  A0A9F3W1W6_IPR045860_1_17-97       93.32%    passed     13.49%
 633  A0A9Q1AX85_IPR045860_1_8-68        94.97%    passed     33.65%
 634  A0A9X0A5Y2_IPR045860_1_18-78       94.97%    failed      2.43%
 635  A0AAD3R410_IPR045860_2_83-145      94.80%    failed      3.25%
 636  A0AAF3J618_IPR045860_1_16-105      92.57%    passed     59.62%
 637  J9ABH8_IPR045860_1_2-67            94.55%    failed      1.84%
 638  L8IZU0_IPR045860_1_26-80           95.46%    passed     36.71%
 639  T1FB38_IPR045860_1_12-101          92.57%    failed      0.79%
 640  W8AZ14_IPR045860_1_27-99           93.98%    passed     32.39%
 641  Centipede3FTx_0045_60158           88.70%    failed      2.65%
 642  Centipede3FTx_0077_61981           89.93%    failed      2.43%
 643  A0A098LYH6_IPR045860_1_13-92       93.40%    passed     15.19%
 644  A0A3B1ISK3_IPR016054_1_43-132      92.57%    failed      1.01%
 645  A0A3M7Q1X2_IPR045860_1_22-121      91.75%    failed      0.14%
 646  A0A8B6CMS2_IPR035076_1_23-72       95.87%    passed     18.03%
 647  A0A8D0BLR1_IPR045860_1_18-75       95.21%    passed     17.82%
 648  A0AAV7V326_IPR045860_1_16-126      90.84%    failed      0.00%
 649  G7PD21_IPR045860_1_47-101          95.46%    passed     24.55%
 650  A0A674J103_IPR045860_2_119-171     95.63%    passed     23.55%
 651  A0A7J8BB03_IPR051445_1_24-122      91.83%    failed      2.54%
 652  A0A8T1RYG7_IPR045860_2_119-196     93.56%    failed      1.47%
 653  A0AA97KDG8_IPR045860_1_76-156      93.32%    passed     24.29%
 654  A0AA97LL31_IPR045860_3_107-193     92.82%    failed      4.28%
 655  A0AAD1SXJ9_IPR045860_1_2-75        93.89%    passed     10.48%
 656  A0AAV7Q0A2_IPR045860_2_111-215     91.34%    passed     20.62%
 657  A0AAW1AWV1_IPR045860_6_1-70        94.22%    passed     31.92%
 658  A0AAN8G8R9_IPR039457_1_5-162       86.96%    failed      0.51%
 659  A0A8J6H8Z6_IPR031424_1_441-544     91.42%    passed     20.90%
 660  A0A9P0NU81_IPR031424_1_23-142      90.10%    passed      5.22%
 661  A0A9X6NF42_IPR031424_1_21-112      92.41%    failed      4.33%
 662  A0A0B2V4Y2_IPR045860_1_13-87       93.81%    passed     43.82%
 663  A0A0K0CWW9_IPR045860_1_1-51        95.79%    passed     52.25%
 664  A0A0N4XE99_IPR045860_1_18-91       93.89%    passed     13.70%
 665  A0A0R3PZF4_IPR045860_1_3-88        92.90%    passed      6.03%
 666  A0A0S7EPF1_IPR045860_1_52-146      92.16%    passed     64.81%
 667  A0A212CDR5_IPR045860_1_10-59       95.87%    passed     29.84%
 668  A0A261CIU9_IPR045860_1_35-107      93.98%    passed     12.49%
 669  A0A369RZI8_IPR045860_1_33-142      90.92%    passed     13.62%
 670  A0A3M6UU69_IPR045860_1_18-113      92.08%    passed      5.70%
 671  A0A3Q0IVC8_IPR045860_1_107-162     95.38%    passed     33.47%
 672  A0A4U5PGR9_IPR045860_1_10-93       93.07%    passed     19.36%
 673  A0A672L668_IPR045860_1_26-94       94.31%    passed     12.95%
 674  A0A6P7XFG3_IPR045860_1_18-96       93.48%    failed      3.29%
 675  A0A6P8F3Q9_IPR045860_1_19-116      91.91%    passed     80.24%
 676  A0A7J7J989_IPR045860_1_4-78        93.81%    passed     57.91%
 677  A0A8C3GTR2_IPR045860_1_48-144      92.00%    failed      0.34%
 678  A0A8D2L5T3_IPR045860_1_24-97       93.89%    passed     68.98%
 679  A0A8K0KJU9_IPR045860_1_171-225     95.46%    failed      3.75%
 680  A0A914VXE6_IPR045860_1_26-103      93.56%    passed      8.91%
 681  A0A9W9YVV7_IPR045860_1_17-120      91.42%    failed      1.45%
 682  A0AA36GN51_IPR045860_1_69-160      92.41%    passed     44.68%
 683  A0AAN5C818_IPR045860_1_20-96       93.65%    failed      3.28%
 684  A0AAN5I4M8_IPR045860_1_14-85       94.06%    passed     27.78%
 685  A0AAV3A1S2_IPR045860_1_26-103      93.56%    passed     49.19%
 686  A0ABD0SGT6_IPR045860_1_31-106      93.73%    failed      2.06%
 687  A0ABD2K7U0_IPR045860_1_59-155      92.00%    passed     72.95%
 688  D1ZZN3_IPR045860_1_25-95           94.14%    failed      0.02%
 689  Q91595_IPR045860_1_26-105          93.40%    passed     19.81%
 690  S4RP23_IPR045860_1_1-76            93.73%    passed     70.92%
 691  W8B4V7_IPR045860_1_35-84           95.87%    passed     34.75%
 692  A0AAV7V3C6_IPR045860_1_12-88       93.65%    failed      0.02%
 693  A0A9J7HAX0_IPR038773_1_34-166      89.27%    passed     10.94%
 694  A0A0B2W4U8_IPR016054_1_131-222     92.41%    passed      5.06%
 695  A0A151MW29_IPR045860_3_115-198     93.07%    failed      2.42%
 696  A0A212DDM8_IPR016054_2_5-77        93.98%    passed     16.05%
 697  A0A2J8IXP7_IPR016054_2_89-153      94.64%    passed      5.95%
 698  A0A8B6F514_IPR045860_1_60-144      92.99%    failed      0.03%
 699  A0A9Q1E5R8_IPR045860_2_20-79       95.05%    failed      4.15%
 700  A0AA35KNY3_IPR016054_2_22-112      92.49%    passed     21.41%
 701  A0AA35PCS3_IPR016054_2_396-445     95.87%    passed     92.26%
 702  A0AAW1AWW4_IPR045860_1_9-61        95.63%    passed     59.97%
 703  W5LVP5_IPR045860_1_3-53            95.79%    passed      9.72%
 704  A0A2U9AV81_IPR039457_1_3-54        95.71%    failed      2.73%
 705  A0A0N5CCS6_IPR031424_1_67-161      92.16%    passed     43.32%
 706  A0A7J7K703_IPR031424_1_20-92       93.98%    passed      9.00%
 707  A0A8B7YKX8_IPR031424_1_21-134      90.59%    failed      4.69%
 708  A0A8J6HAG2_IPR031424_1_268-342     93.81%    passed     20.38%
 709  A0AAJ6VZY4_IPR031424_1_28-113      92.90%    passed     42.24%
 710  A0ABD0SQC7_IPR031424_1_5-76        94.06%    passed     64.84%
 711  A0A068X2C6_IPR045860_1_1-74        93.89%    passed     58.13%
 712  A0A0B2V788_IPR045860_1_40-119      93.40%    passed     47.94%
 713  A0A139WKZ1_IPR045860_1_19-105      92.82%    passed     17.95%
 714  A0A1I7Z4P0_IPR045860_1_20-117      91.91%    passed     77.98%
 715  A0A1J1IMZ0_IPR045860_1_172-248     93.65%    failed      0.37%
 716  A0A4D9DQ93_IPR045860_1_5-88        93.07%    passed     39.52%
 717  A0A4U5M1C9_IPR045860_1_13-93       93.32%    passed     49.82%
 718  A0A5F9DD18_IPR045860_2_120-204     92.99%    failed      0.28%
 719  A0A673CMW7_IPR045860_1_1-62        94.88%    passed     90.37%
 720  A0A6I8Q673_IPR045860_1_22-78       95.30%    failed      0.05%
 721  A0A6J2WKY8_IPR045860_2_1-78        93.56%    passed      9.35%
 722  A0A6P8J5F2_IPR045860_1_29-134      91.34%    passed      9.58%
 723  A0A6P8NVL9_IPR045860_1_19-99       93.32%    failed      0.03%
 724  A0A6P8R0I9_IPR045860_1_21-122      91.58%    passed     33.63%
 725  A0A7J7K4I5_IPR045860_1_100-196     92.00%    passed     87.45%
 726  A0A7M5X657_IPR045860_1_43-96       95.54%    failed      3.14%
 727  A0A815RKE6_IPR045860_1_585-644     95.05%    passed     25.60%
 728  A0A817TEU8_IPR045860_1_40-101      94.88%    failed      1.52%
 729  A0A8B7PBL7_IPR045860_1_71-178      91.09%    failed      0.02%
 730  A0A8C4SSB6_IPR045860_1_19-84       94.55%    passed      7.39%
 731  A0A8S1GQN7_IPR045860_1_21-103      93.15%    failed      4.68%
 732  A0A9W9YWP2_IPR045860_1_22-108      92.82%    passed     10.37%
 733  A0AAF3JBN4_IPR045860_1_9-84        93.73%    failed      0.63%
 734  A0AAV6GIL3_IPR045860_1_31-81       95.79%    passed      9.11%
 735  E2B602_IPR045860_1_38-100          94.80%    passed     14.05%
 736  Q0GAB5_IPR045860_1_20-85           94.55%    passed     49.63%
 737  Centipede3FTx_0015_1255758         87.38%    passed     17.52%
 738  Centipede3FTx_0047_60158           92.74%    passed     70.88%
 739  Centipede3FTx_0111_984703          90.26%    passed     26.92%
 740  A0A2I0TLL8_IPR045860_1_6-59        95.54%    passed     15.02%
 741  A0A3P9MIP7_IPR045860_2_3-66        94.72%    passed     45.40%
 742  A0A7S1U4Z0_IPR045860_1_8-90        93.15%    failed      0.32%
 743  A0A818WR27_IPR045860_1_9-78        94.22%    failed      0.47%
 744  A0AAN8FGD8_IPR045860_1_6-82        93.65%    passed     24.21%
 745  A0AAV7V3D2_IPR045860_1_18-71       95.54%    passed     28.52%
 746  A0A3Q4BL76_IPR045860_2_19-87       94.31%    passed      7.49%
 747  A0A674J133_IPR045860_2_202-284     93.15%    failed      1.97%
 748  A0A6B0S3L6_IPR045860_2_202-274     93.98%    passed     11.30%
 749  A0A7J7JX39_IPR045860_1_15-109      92.16%    passed      5.13%
 750  A0A9D4B4C9_IPR045860_1_28-84       95.30%    passed     79.02%
 751  A0A9Q0YG57_IPR016054_1_228-322     92.16%    passed      7.51%
 752  A0A9X9LR61_IPR051445_1_18-78       94.97%    passed      8.08%
 753  A0AA35KNY3_IPR045860_3_234-311     93.56%    failed      3.53%
 754  A0AAV7PWP4_IPR045860_2_114-166     95.63%    passed     38.59%
 755  A0A1L6ZA22_IPR026524_1_1-54        95.54%    failed      4.86%
 756  A0A8C6VKX5_IPR026524_1_26-317      75.91%    passed     10.46%
 757  A0A1D1W0Z2_IPR045860_1_21-110      92.57%    passed     28.04%
 758  A0A2J7RCP2_IPR031424_1_20-94       93.81%    passed     68.43%
 759  A0A419QDL7_IPR031424_1_49-135      92.82%    passed     29.02%
 760  A0A553PQ88_IPR031424_1_65-138      93.89%    passed      9.08%
 761  A0A6A4J1W8_IPR031424_1_23-124      91.58%    passed     57.55%
 762  A0A8D9EEC0_IPR045860_1_36-100      94.64%    passed     43.68%
 763  A0A8S3ZD21_IPR045860_1_1-90        92.57%    passed     57.14%
 764  A0A9Q0MUQ9_IPR031424_1_22-152      89.19%    passed     29.85%
 765  A0AAW1KEF1_IPR031424_1_22-122      91.67%    failed      2.40%
 766  A0A0A0QVT0_IPR045860_1_1-59        95.13%    passed     76.20%
 767  A0A0B1S3M7_IPR045860_1_18-91       93.89%    passed     67.76%
 768  A0A2G8KSN0_IPR045860_1_1-52        95.71%    passed     15.87%
 769  A0A369SFB3_IPR045860_1_30-118      92.66%    passed     71.71%
 770  A0A3M6V1V9_IPR045860_1_24-100      93.65%    passed      8.35%
 771  A0A482WBZ3_IPR045860_1_23-97       93.81%    passed     37.13%
 772  A0A4U5M1E1_IPR045860_1_33-149      90.35%    passed     16.36%
 773  A0A672J2F4_IPR045860_1_20-76       95.30%    failed      0.04%
 774  A0A6F9AWL3_IPR045860_3_79-133      95.46%    passed     44.82%
 775  A0A7J8AY79_IPR045860_1_29-112      93.07%    passed     86.94%
 776  A0A7K8YTB0_IPR045860_1_7-87        93.32%    failed      0.00%
 777  A0A7M5X6C4_IPR045860_1_26-115      92.57%    failed      1.64%
 778  A0A7R8W3R3_IPR045860_1_82-181      91.75%    passed     40.54%
 779  A0A811KAY1_IPR045860_1_14-122      91.01%    passed     73.68%
 780  A0A816RLQ1_IPR045860_1_5-78        93.89%    failed      0.00%
 781  A0A821LEG1_IPR045860_2_139-203     94.64%    failed      4.37%
 782  A0A8B7PH04_IPR045860_1_27-104      93.56%    passed     14.58%
 783  A0A8C5MR88_IPR045860_1_23-95       93.98%    passed     20.24%
 784  A0A8I3WKN2_IPR045860_1_80-163      93.07%    passed     13.62%
 785  A0A8J9Z2A7_IPR045860_1_24-121      91.91%    passed      5.53%
 786  A0A913YSX5_IPR045860_1_1-83        93.48%    passed     28.69%
 787  A0A914IY65_IPR045860_1_181-248     94.39%    passed     42.52%
 788  A0A9N9T6H2_IPR045860_1_5-56        95.71%    passed     16.35%
 789  A0A9P1HRW4_IPR045860_1_35-101      94.47%    passed     19.21%
 790  A0A9W7WT82_IPR045860_1_8-63        95.38%    passed     10.27%
 791  A0AA35PDW3_IPR045860_1_17-98       93.23%    passed     19.39%
 792  A0AA97KCV8_IPR045860_1_33-91       95.13%    failed      2.49%
 793  A0AAD9Q6B2_IPR045860_1_25-107      93.15%    failed      2.50%
 794  A0AAE1Q6Z9_IPR045860_1_4-71        94.39%    passed     63.55%
 795  A0AAN7VHR4_IPR045860_1_15-112      91.91%    passed     38.38%
 796  A2BI28_IPR045860_1_15-83           94.31%    failed      2.02%
 797  T1GBA5_IPR045860_1_46-120          93.81%    passed     78.83%
 798  Centipede3FTx_0016_60158           87.87%    passed      5.01%
 799  Centipede3FTx_0080_61981           94.97%    passed     44.13%
 800  A0A454XXZ8_IPR045860_1_9-90        93.23%    failed      0.92%
 801  A0A6P7ZHU5_IPR016054_1_21-102      93.23%    failed      1.25%
 802  A0A814ASR0_IPR045860_1_26-113      92.74%    passed      7.32%
 803  A0A7J7SCZ8_IPR045860_3_211-261     95.79%    failed      3.50%
 804  A0A8J1JZC7_IPR045860_1_104-177     93.89%    passed     67.13%
 805  A0A8J1LAE3_IPR016054_1_18-111      92.24%    failed      1.29%
 806  A0A8T1S1I7_IPR045860_1_114-183     94.22%    passed      7.24%
 807  A0A8T2IRT7_IPR045860_2_115-195     93.32%    failed      0.30%
 808  A0AA40HIG7_IPR045860_1_38-190      87.38%    failed      0.00%
 809  A0AAV6ZHU2_IPR045860_2_1-71        94.14%    failed      0.46%
 810  A0A2G8LPQ2_IPR039457_1_28-79       95.71%    passed     21.46%
 811  A0A814JAT2_IPR039457_1_21-152      89.11%    failed      0.06%
 812  A0A0C9R4W4_IPR045860_1_44-107      94.72%    passed     25.00%
 813  A0A182UDP1_IPR031424_1_44-102      95.13%    passed     59.06%
 814  A0A1W0WDQ5_IPR031424_1_33-112      93.40%    failed      1.92%
 815  A0A553PQL1_IPR045860_1_17-98       93.23%    failed      0.34%
 816  A0A7G3AA29_IPR031424_1_25-147      89.85%    failed      0.02%
 817  A0A7I8VUV2_IPR031424_1_20-103      93.07%    passed     63.28%
 818  A0A8J2WFD8_IPR045860_1_38-136      91.83%    passed     48.50%
 819  A0A8S4PVE8_IPR031424_1_67-162      92.08%    passed     10.87%
 820  A0A915BLD6_IPR031424_1_24-112      92.66%    passed     20.91%
 821  A0A9J6BBX8_IPR031424_1_21-133      90.68%    failed      0.02%
 822  A0AAD5N1P7_IPR031424_1_105-184     93.40%    passed     14.93%
 823  A0AAD8AAY3_IPR045860_1_21-109      92.66%    failed      2.85%
 824  A0A0B2V963_IPR045860_1_20-161      88.28%    passed     17.24%
 825  A0A0D6LIU7_IPR045860_1_14-89       93.73%    passed     17.58%
 826  A0A0E3N0J1_IPR045860_2_115-164     95.87%    passed     56.25%
 827  A0A0N4XU23_IPR045860_1_25-89       94.64%    failed      0.42%
 828  A0A0N5CIB9_IPR045860_1_21-101      93.32%    passed     21.70%
 829  A0A177B4S8_IPR045860_1_239-330     92.41%    failed      2.98%
 830  A0A1A7YGD8_IPR045860_1_49-105      95.30%    passed     22.11%
 831  A0A1J1J8J8_IPR045860_1_28-143      90.43%    failed      3.54%
 832  A0A383VF68_IPR045860_1_50-110      94.97%    failed      2.56%
 833  A0A3Q7P0E8_IPR045860_1_12-95       93.07%    passed     19.34%
 834  A0A553P0D0_IPR045860_1_16-102      92.82%    passed     60.57%
 835  A0A672YFI7_IPR045860_1_22-86       94.64%    passed     34.39%
 836  A0A6J2X9Y7_IPR045860_1_20-106      92.82%    passed     45.95%
 837  A0A6P5AG42_IPR045860_1_44-127      93.07%    failed      1.88%
 838  A0A7M7PG63_IPR045860_1_235-318     93.07%    failed      0.47%
 839  A0A7R9MV90_IPR045860_1_1-81        93.32%    passed     99.00%
 840  A0A811KCP2_IPR045860_1_7-113       91.17%    passed     23.90%
 841  A0A814Z966_IPR045860_1_73-127      95.46%    passed     54.47%
 842  A0A8B8CBB0_IPR045860_1_86-154      94.31%    passed     15.14%
 843  A0A8C1EVR4_IPR045860_1_71-129      95.13%    passed     14.58%
 844  A0A8C1KXS0_IPR045860_1_84-135      95.71%    failed      1.17%
 845  A0A8C6Z7D6_IPR045860_1_23-78       95.38%    passed     15.74%
 846  A0A8C7ZF54_IPR045860_1_18-73       95.38%    passed     16.52%
 847  A0A8S9YT03_IPR045860_1_16-94       93.48%    failed      4.72%
 848  A0A913X5E8_IPR045860_1_141-238     91.91%    passed     36.26%
 849  A0A914SUI1_IPR045860_1_21-95       93.81%    failed      1.02%
 850  A0A9D4DCW9_IPR045860_1_128-204     93.65%    passed     49.97%
 851  A0A9Q0RI29_IPR045860_1_1-77        93.65%    passed     58.57%
 852  A0A9W9YWU5_IPR045860_2_41-125      92.99%    passed     20.21%
 853  A0AA36DFK1_IPR045860_1_24-105      93.23%    passed     60.95%
 854  A0AA85J9Z2_IPR045860_1_24-107      93.07%    passed     62.79%
 855  A0AAD9JRU8_IPR045860_1_132-199     94.39%    failed      2.07%
 856  A0AAJ7XFC9_IPR045860_1_33-108      93.73%    failed      4.23%
 857  A0AAV0A307_IPR045860_1_17-95       93.48%    failed      4.06%
 858  A0AAW0PGG7_IPR045860_2_12-74       94.80%    failed      0.35%
 859  L8YE21_IPR045860_1_1-53            95.63%    passed      6.83%
 860  Centipede3FTx_0081_61981           87.21%    failed      1.08%
 861  Centipede3FTx_0145_984703          91.83%    failed      3.76%
 862  A0AA35P1B0_IPR039237_1_1-124       89.77%    passed     22.93%
 863  A0A1S3T2Q1_IPR045860_2_23-147      89.69%    failed      0.84%
 864  A0A2I0TLQ1_IPR016054_1_21-168      87.79%    passed     16.18%
 865  A0A9D4BTS2_IPR045860_1_105-191     92.82%    passed     87.19%
 866  A6HS10_IPR045860_1_68-117          95.87%    failed      1.07%
 867  L5KM81_IPR045860_1_20-179          86.80%    failed      0.00%
 868  A0A4Z2D990_IPR045860_1_6-60        95.46%    passed     23.09%
 869  A0A672HY17_IPR045860_2_27-104      93.56%    passed     16.56%
 870  A0A6G0ITJ9_IPR045860_1_9-91        93.15%    passed     31.00%
 871  A0A8T2IS80_IPR045860_1_14-109      92.08%    passed     21.10%
 872  A0AA35VVV1_IPR016054_1_6-80        93.81%    passed     41.97%
 873  A0AA97KEJ2_IPR045860_2_1-68        94.39%    passed      9.30%
 874  A0AAD1T6T7_IPR045860_1_41-120      93.40%    failed      1.63%
 875  A0A7L0LNB4_IPR045860_1_33-97       94.64%    passed     13.15%
 876  A0AAV7UJD8_IPR045860_1_6-89        93.07%    passed     30.09%
 877  A0A7J7KIG9_IPR031424_1_23-118      92.08%    failed      2.52%
 878  A0A9P0JJI4_IPR031424_1_59-134      93.73%    passed     83.64%
 879  A0A9P0P6C9_IPR045860_1_22-118      92.00%    failed      0.89%
 880  A0A9X6RK53_IPR031424_1_34-86       95.63%    passed     49.99%
 881  A0AAD8AAZ8_IPR031424_1_21-128      91.09%    passed     19.03%
 882  A0AAV8YRX0_IPR045860_1_23-110      92.74%    passed     81.50%
 883  A0A074ZFN4_IPR045860_1_116-168     95.63%    passed      9.65%
 884  A0A0N1PIF7_IPR045860_1_2-80        93.48%    passed     40.45%
 885  A0A1D1UJY4_IPR045860_1_22-124      91.50%    passed      5.23%
 886  A0A2B4T2Y2_IPR045860_1_22-110      92.66%    passed     20.40%
 887  A0A2G8KWS2_IPR045860_1_32-136      91.34%    passed     40.69%
 888  A0A3B0JWF2_IPR045860_1_25-94       94.22%    passed     62.11%
 889  A0A3M6V5B7_IPR045860_1_32-117      92.90%    passed     87.88%
 890  A0A3Q0RTA1_IPR045860_1_21-77       95.30%    passed     73.45%
 891  A0A3S2PCT2_IPR045860_2_52-104      95.63%    passed     29.46%
 892  A0A6F9DV81_IPR045860_1_21-117      92.00%    failed      2.26%
 893  A0A7J7R911_IPR045860_1_301-379     93.48%    failed      0.00%
 894  A0A814TJZ5_IPR045860_1_12-117      91.25%    failed      4.08%
 895  A0A8C2P149_IPR045860_1_56-110      95.46%    passed     34.75%
 896  A0A8C4RAU9_IPR045860_1_25-113      92.66%    passed     50.07%
 897  A0A8C9F626_IPR045860_1_38-116      93.48%    passed     29.68%
 898  A0A8D8NQH8_IPR045860_1_2-93        92.41%    passed     36.23%
 899  A0A8S3DI61_IPR045860_1_18-78       94.97%    passed     43.30%
 900  A0A8S4PCU4_IPR045860_1_21-110      92.57%    passed     19.03%
 901  A0A915BK86_IPR045860_1_23-119      92.00%    passed     65.37%
 902  A0A9X0A6E7_IPR045860_1_115-197     93.15%    passed     30.09%
 903  A0AA36DG82_IPR045860_1_71-136      94.55%    passed     89.58%
 904  A0AAD8EEK7_IPR045860_1_3-61        95.13%    passed     10.54%
 905  A0AAD9JZG4_IPR045860_1_52-152      91.67%    failed      2.50%
 906  A0AAF3EK38_IPR045860_2_454-508     95.46%    failed      2.76%
 907  A0AAN8WWG0_IPR045860_1_52-159      91.09%    passed     16.61%
 908  A0AAU9XBH8_IPR045860_1_26-98       93.98%    passed     25.65%
 909  A0AAV2RAV7_IPR045860_1_21-125      91.34%    passed     52.18%
 910  A0AAV4HYB8_IPR045860_1_806-874     94.31%    failed      0.84%
 911  A0AAW0MKZ9_IPR045860_1_6-86        93.32%    failed      2.97%
 912  A0AAW1UIJ1_IPR045860_1_22-124      91.50%    passed     10.55%
 913  A7RR40_IPR045860_1_16-114          91.83%    passed     44.31%
 914  Centipede3FTx_0018_1255758         88.28%    failed      3.85%
 915  Centipede3FTx_0082_61981           92.00%    failed      0.09%
 916  Centipede3FTx_0114_984703          90.59%    failed      0.66%
 917  A0A7J8GR77_IPR039237_1_28-103      93.73%    failed      1.10%
 918  A0A8D2B8Y1_IPR035076_1_16-82       94.47%    failed      1.97%
 919  A0AAF3EX73_IPR045860_1_18-106      92.66%    passed     28.45%
 920  A0A452RA57_IPR038773_1_89-159      94.14%    failed      0.00%
 921  A0A6P8HNU1_IPR016054_1_22-103      93.23%    passed     32.10%
 922  A0A851KA47_IPR039457_1_1-82        93.23%    passed     33.78%
 923  A0A1B6EBJ6_IPR031424_1_5-77        93.98%    failed      3.66%
 924  A0A1W0WFV8_IPR031424_1_22-108      92.82%    passed     38.18%
 925  A0A813SHY2_IPR031424_1_40-132      92.33%    passed     41.66%
 926  A0A8S4PWZ4_IPR031424_1_125-235     90.84%    passed     12.79%
 927  A0A915DCF7_IPR031424_1_72-158      92.82%    passed     42.93%
 928  A0A9P0JQD5_IPR031424_1_24-109      92.90%    passed     47.09%
 929  A0AAD8AD41_IPR031424_1_21-105      92.99%    passed     17.60%
 930  A0AAW1L336_IPR031424_1_24-101      93.56%    passed     28.39%
 931  A0A085NDT4_IPR045860_1_28-150      89.85%    passed     56.42%
 932  A0A0K0DTX4_IPR045860_1_17-108      92.41%    failed      0.01%
 933  A0A1I7UV27_IPR045860_1_12-86       93.81%    passed     40.21%
 934  A0A267H8E8_IPR045860_1_251-319     94.31%    failed      0.87%
 935  A0A2A6B673_IPR045860_1_17-106      92.57%    passed     59.22%
 936  A0A3Q1EFH7_IPR045860_1_1-54        95.54%    passed     83.64%
 937  A0A498NQ74_IPR045860_1_77-126      95.87%    passed     31.45%
 938  A0A4U5M488_IPR045860_1_21-104      93.07%    failed      0.36%
 939  A0A553PG42_IPR045860_1_25-155      89.19%    passed     44.89%
 940  A0A5N5SJ70_IPR045860_1_66-143      93.56%    failed      1.83%
 941  A0A6F9DVC4_IPR045860_1_19-124      91.25%    passed     17.16%
 942  A0A8C5CYP2_IPR045860_1_6-99        92.24%    passed     13.02%
 943  A0A8D3AVK4_IPR045860_1_2-76        93.81%    passed     78.17%
 944  A0A8D8NQM4_IPR045860_1_50-145      92.08%    passed     24.03%
 945  A0A8S9YVM8_IPR045860_1_19-84       94.55%    passed      5.56%
 946  A0A8T2L074_IPR045860_1_47-115      94.31%    passed     19.23%
 947  A0A914FFU1_IPR045860_1_18-88       94.14%    passed      8.16%
 948  A0A914J1B6_IPR045860_1_5-69        94.64%    failed      2.21%
 949  A0A9U8EMM2_IPR045860_1_28-121      92.24%    passed     25.57%
 950  A0AA39IQY4_IPR045860_1_86-161      93.73%    passed     68.47%
 951  A0AA47N0X1_IPR045860_1_2-72        94.14%    failed      0.59%
 952  A0AAD8A6M0_IPR045860_1_2-72        94.14%    failed      3.21%
 953  A0AAD9K5S4_IPR045860_1_22-84       94.80%    passed     25.06%
 954  A0AAN8XCL9_IPR045860_1_23-72       95.87%    passed     27.05%
 955  A0AAV6ZHX9_IPR045860_2_104-184     93.32%    failed      3.47%
 956  A0AAV7JZ97_IPR045860_1_22-111      92.57%    passed     21.94%
 957  A0AAW0ML87_IPR045860_1_117-180     94.72%    failed      0.55%
 958  A0AAW1AWZ8_IPR045860_1_229-317     92.66%    passed     33.81%
 959  A7RU85_IPR045860_1_23-112          92.57%    passed     31.66%
 960  C3YF08_IPR045860_1_20-88           94.31%    failed      0.01%
 961  M4H2H9_IPR045860_1_17-79           94.80%    failed      0.14%
 962  Centipede3FTx_0019_1255758         91.50%    passed     61.94%
 963  Centipede3FTx_0083_61981           94.88%    failed      0.01%
 964  A0A6I8N2M3_IPR042339_1_9-118       90.92%    failed      0.55%
 965  A0A8J6A6H0_IPR026110_1_1-85        92.99%    failed      0.01%
 966  A0A444V7R9_IPR045860_4_17-88       94.06%    failed      0.19%
 967  A0A6B0RUV3_IPR016054_1_15-109      92.16%    failed      0.64%
 968  A0A814DSB1_IPR045860_1_26-110      92.99%    passed     12.72%
 969  A0A8C4TDL5_IPR045860_7_288-362     93.81%    failed      3.02%
 970  A0A8S3SG34_IPR045860_1_97-190      92.24%    passed     37.50%
 971  A0AAF3J2H5_IPR045860_1_22-105      93.07%    passed      5.55%
 972  A0A401PTF8_IPR045860_2_108-173     94.55%    passed     43.81%
 973  A0A6G0IXG8_IPR016054_1_34-100      94.47%    passed     14.00%
 974  A0A6P9CDN4_IPR045860_1_18-99       93.23%    passed     73.25%
 975  A0A821PA83_IPR045860_1_4-76        93.98%    passed     74.33%
 976  A0A8C0G175_IPR045860_1_86-158      93.98%    passed      7.49%
 977  A0A914DRE6_IPR045860_1_105-185     93.32%    passed     37.29%
 978  A0AAV7PWX0_IPR016054_2_30-123      92.24%    passed     20.52%
 979  A0AAX7UM57_IPR016054_2_111-197     92.82%    failed      1.03%
 980  G3UAV3_IPR016054_1_27-106          93.40%    passed      5.21%
 981  A0A1L6ZA41_IPR026524_1_10-69       95.05%    passed     49.21%
 982  A0AAD9DYH2_IPR039457_1_47-98       95.71%    passed     82.36%
 983  A0A226CXW4_IPR031424_1_209-319     90.84%    passed     28.36%
 984  A0A2K8JML4_IPR031424_1_22-151      89.27%    failed      0.50%
 985  A0A8K0DCZ5_IPR031424_1_22-127      91.25%    passed     55.55%
 986  A0A8S1DL92_IPR031424_1_27-148      89.93%    passed     43.87%
 987  A0A9P0CUQ1_IPR031424_1_6-72        94.47%    failed      2.04%
 988  A0A9X6RMU7_IPR045860_1_25-110      92.90%    passed     58.01%
 989  A0A1D1UYT9_IPR045860_1_21-129      91.01%    passed     24.86%
 990  A0A2A6B6L1_IPR045860_1_100-180     93.32%    passed     18.50%
 991  A0A2J7QX46_IPR045860_1_41-138      91.91%    failed      3.56%
 992  A0A4U5M493_IPR045860_1_38-124      92.82%    passed     23.25%
 993  A0A665TET0_IPR045860_1_28-104      93.65%    passed     74.62%
 994  A0A671NB32_IPR045860_1_16-104      92.66%    failed      0.00%
 995  A0A673LHZ0_IPR045860_1_21-85       94.64%    passed      6.12%
 996  A0A673M2A3_IPR045860_1_29-111      93.15%    passed     82.89%
 997  A0A6V7LM87_IPR045860_1_10-69       95.05%    passed     64.71%
 998  A0A814TN66_IPR045860_1_28-106      93.48%    passed     32.65%
 999  A0A8C4N7W8_IPR045860_1_1-66        94.55%    passed     28.65%
1000  A0A8C9JH24_IPR045860_1_16-78       94.80%    failed      0.18%
1001  A0A8I3NIA7_IPR045860_1_56-108      95.63%    passed      5.12%
1002  A0A8I6TGV3_IPR045860_1_38-140      91.50%    passed     38.42%
1003  A0A8T0FTV2_IPR045860_1_20-120      91.67%    passed      7.26%
1004  A0A8W8J872_IPR045860_1_62-157      92.08%    passed     93.37%
1005  A0A9J7NCX6_IPR045860_1_18-132      90.51%    failed      0.02%
1006  A0A9P1HUP2_IPR045860_1_96-187      92.41%    passed     79.20%
1007  A0A9X0A6N9_IPR045860_1_22-111      92.57%    failed      3.28%
1008  A0AA97KGB0_IPR045860_1_83-147      94.64%    passed     21.08%
1009  A0AAD9K836_IPR045860_1_33-114      93.23%    passed     64.74%
1010  A0AAU9WAK8_IPR045860_1_10-116      91.17%    failed      0.01%
1011  A0AAV2RSX4_IPR045860_1_63-119      95.30%    failed      0.51%
1012  A0AAW1AXJ7_IPR045860_1_17-75       95.13%    passed     27.68%
1013  A0ABD2XGH3_IPR045860_1_42-140      91.83%    passed     20.82%
1014  K1RXF0_IPR045860_1_16-71           95.38%    passed     87.87%
1015  Q9UAG0_IPR045860_1_135-224         92.57%    failed      4.63%
1016  Centipede3FTx_0020_1255758         94.64%    passed     51.79%
1017  Centipede3FTx_0116_1255758         92.00%    passed     14.43%
1018  A0A7J8GS23_IPR039237_1_3-72        94.22%    failed      3.54%
1019  A0A8C8TND6_IPR039237_1_1-58        95.21%    failed      4.68%
1020  A0A8U0T7Y1_IPR026110_1_1-159       87.05%    failed      0.21%
1021  A0A2I0TVD9_IPR045860_1_8-59        95.71%    failed      0.97%
1022  A0A3B5MB32_IPR045860_2_5-54        95.87%    passed     18.15%
1023  A0A835NMH4_IPR045860_2_101-189     92.66%    passed      9.55%
1024  A0A8B6DF61_IPR045860_1_105-184     93.40%    passed     50.62%
1025  A0A672HY65_IPR045860_1_120-170     95.79%    passed     26.66%
1026  A0A803K3X8_IPR045860_4_114-171     95.21%    passed     60.01%
1027  A0A8J5ZVT7_IPR045860_2_269-362     92.24%    passed      7.52%
1028  A0A914F127_IPR045860_1_16-108      92.33%    passed     63.25%
1029  A0A974CHI4_IPR045860_2_6-89        93.07%    passed     16.07%
1030  A0AA35KMQ0_IPR045860_2_112-193     93.23%    failed      2.19%
1031  A0AA35LGT7_IPR045860_3_210-288     93.48%    passed     80.56%
1032  A0AAD1WMY1_IPR016054_1_27-122      92.08%    passed     42.88%
1033  A0AAW0MGA1_IPR045860_1_22-90       94.31%    failed      0.21%
1034  A0AAW1AX84_IPR045860_3_2-64        94.80%    passed     26.19%
1035  C3YU70_IPR016054_2_188-286         91.83%    failed      0.00%
1036  A0A4D9DMT8_IPR026524_1_6-213       82.84%    failed      0.17%
1037  L9JFB6_IPR039457_1_5-119           90.51%    passed     47.40%
1038  A0A336LYX6_IPR045860_1_25-110      92.90%    passed      8.80%
1039  A0A7I8WSK8_IPR031424_1_45-161      90.35%    passed      6.48%
1040  A0A8J1TLI8_IPR031424_1_22-125      91.42%    failed      4.00%
1041  A0A9J6C081_IPR031424_1_126-224     91.83%    failed      2.08%
1042  A0A9X6RNH8_IPR031424_1_22-111      92.57%    passed      7.72%
1043  A0AA36FXT8_IPR031424_1_24-117      92.24%    failed      2.87%
1044  A0A1D1V2H0_IPR045860_1_20-126      91.17%    passed     61.42%
1045  A0A1I7ZEJ7_IPR045860_1_20-103      93.07%    passed     37.20%
1046  A0A1Y1LHT3_IPR045860_1_64-117      95.54%    passed     55.92%
1047  A0A224XN82_IPR045860_1_1-59        95.13%    passed     60.27%
1048  A0A2A6B7I4_IPR045860_1_89-188      91.75%    failed      4.06%
1049  A0A341B4I9_IPR045860_1_20-74       95.46%    passed     11.55%
1050  A0A4U5M496_IPR045860_1_122-200     93.48%    failed      3.26%
1051  A0A4U8UQC9_IPR045860_1_19-99       93.32%    passed     98.69%
1052  A0A4W3IZP1_IPR045860_1_40-134      92.16%    passed     47.13%
1053  A0A6J1P077_IPR045860_1_19-159      88.37%    passed      9.18%
1054  A0A7R9GBX8_IPR045860_1_12-89       93.56%    passed     61.16%
1055  A0A822G307_IPR045860_1_5-55        95.79%    passed     13.81%
1056  A0A8B8VNU0_IPR045860_1_12-62       95.79%    passed     48.79%
1057  A0A8C8JP42_IPR045860_1_5-83        93.48%    passed     30.77%
1058  A0A8K9X2E7_IPR045860_1_3-109       91.17%    passed      5.54%
1059  A0A8S9Z0J0_IPR045860_1_2-54        95.63%    passed     28.83%
1060  A0A8T2IKT7_IPR045860_1_5-67        94.80%    passed     15.52%
1061  A0A8W8KFK6_IPR045860_1_54-138      92.99%    passed     61.79%
1062  A0A914C4T4_IPR045860_1_15-86       94.06%    passed     57.26%
1063  A0A914TA72_IPR045860_1_17-102      92.90%    passed      5.45%
1064  A0A9Q1BN62_IPR045860_1_22-123      91.58%    failed      0.62%
1065  A0A9X0A6N9_IPR045860_2_115-182     94.39%    failed      1.40%
1066  A0AA35QPM7_IPR045860_2_116-174     95.13%    passed     25.24%
1067  A0AA36C4P5_IPR045860_1_21-91       94.14%    passed     85.28%
1068  A0AA39IR08_IPR045860_1_38-107      94.22%    passed     68.22%
1069  A0AA85JQ84_IPR045860_1_34-99       94.55%    passed     35.81%
1070  A0AAE1CIL3_IPR045860_1_10-78       94.31%    passed     15.48%
1071  A0AAF3ELR6_IPR045860_1_19-100      93.23%    passed     13.98%
1072  A0AAN5IAG8_IPR045860_1_12-103      92.41%    passed     49.93%
1073  A0AAN8GAJ9_IPR045860_1_10-70       94.97%    passed      5.47%
1074  A0AAN9YZE6_IPR045860_1_124-189     94.55%    passed     48.29%
1075  A0ABD2M0E5_IPR045860_1_14-100      92.82%    passed     28.82%
1076  Q9UAG0_IPR045860_2_314-419         91.25%    passed     17.62%
1077  A0A8C6XA92_IPR045860_1_12-61       95.87%    passed     61.55%
1078  A0A6I8ND62_IPR039237_1_1-176       85.48%    failed      0.00%
1079  A0A498MKX1_IPR016054_2_1132-1242   90.84%    failed      0.00%
1080  A0A9P1MLS2_IPR045860_1_6-104       91.83%    passed     15.74%
1081  N0E484_IPR038773_1_3-64            94.88%    passed      9.84%
1082  A0A091VEQ6_IPR016054_2_98-191      92.24%    passed     24.08%
1083  A0A0H4AC46_IPR045860_2_93-174      93.23%    passed     22.54%
1084  A0A151M3T1_IPR045860_3_143-211     94.31%    failed      0.49%
1085  A0A210Q449_IPR016054_1_222-302     93.32%    passed     20.40%
1086  A0A4U1EE55_IPR016054_1_13-72       95.05%    passed     19.34%
1087  A0A670INU0_IPR016054_1_10-99       92.57%    passed     53.91%
1088  A0A6P7YNT8_IPR045860_2_2-58        95.30%    failed      3.14%
1089  A0AAV1NYR3_IPR045860_1_19-102      93.07%    passed     64.08%
1090  A0A0N7Z8L7_IPR031424_1_1-96        92.08%    passed      8.69%
1091  A0A226D9A1_IPR031424_1_22-146      89.69%    failed      4.80%
1092  A0A430Q269_IPR031424_1_12-85       93.89%    passed     47.97%
1093  A0A7G3AEM8_IPR031424_1_22-132      90.84%    passed     32.81%
1094  A0A813T882_IPR031424_1_22-85       94.72%    passed     46.65%
1095  A0A8E0S444_IPR031424_1_11-75       94.64%    passed     73.77%
1096  A0A8J2MGA1_IPR031424_1_34-129      92.08%    passed     11.65%
1097  A0A9N9TW70_IPR045860_1_30-141      90.76%    passed     19.71%
1098  A0ABD2PTL5_IPR045860_1_26-129      91.42%    passed     35.82%
1099  A0ABD3XW80_IPR031424_1_25-99       93.81%    failed      3.08%
1100  A0A0E9SDH0_IPR045860_1_25-101      93.73%    passed     77.14%
1101  A0A183IHQ7_IPR045860_1_10-85       93.73%    passed     81.29%
1102  A0A1A9WMM2_IPR045860_1_73-127      95.46%    passed     17.11%
1103  A0A1I7ZF94_IPR045860_1_20-108      92.66%    passed     50.09%
1104  A0A1I8GI43_IPR045860_2_42-107      94.55%    passed     28.10%
1105  A0A1L8D734_IPR045860_1_10-84       93.81%    passed     37.56%
1106  A0A2K6SQ93_IPR045860_1_1-52        95.71%    passed     89.33%
1107  A0A498P1F1_IPR045860_1_142-201     95.05%    passed     20.92%
1108  A0A4U5M496_IPR045860_2_11-97       92.82%    passed     77.09%
1109  A0A674NWW4_IPR045860_1_5-63        95.13%    passed     91.00%
1110  A0A6A4XF14_IPR045860_1_165-216     95.71%    failed      4.92%
1111  A0A6S7FX41_IPR045860_1_1-90        92.57%    failed      1.48%
1112  A0A7M5XIW4_IPR045860_1_18-108      92.49%    failed      1.37%
1113  A0A813MG68_IPR045860_1_9-84        93.73%    passed     13.47%
1114  A0A813SLY4_IPR045860_1_23-93       94.14%    passed     37.64%
1115  A0A8B8VNU3_IPR045860_1_12-92       93.32%    passed      8.37%
1116  A0A8C2V8N2_IPR045860_1_66-131      94.55%    passed      8.20%
1117  A0A8C4ERD5_IPR045860_1_1-52        95.71%    passed     35.77%
1118  A0A8C5DI65_IPR045860_1_1-57        95.30%    failed      3.00%
1119  A0A8J6HG74_IPR045860_1_18-111      92.24%    failed      0.00%
1120  A0A8S1DBV9_IPR045860_1_45-144      91.75%    passed     13.68%
1121  A0A914TAE8_IPR045860_1_21-103      93.15%    passed     12.01%
1122  A0A915PPZ6_IPR045860_1_17-66       95.87%    passed     34.93%
1123  A0A9Q0S813_IPR045860_1_22-90       94.31%    failed      0.11%
1124  A0A9W9Z870_IPR045860_1_1-69        94.31%    passed      7.28%
1125  A0AAF3EMZ2_IPR045860_1_27-97       94.14%    passed     44.62%
1126  A0AAJ7RD29_IPR045860_1_25-99       93.81%    passed     12.46%
1127  A0AAN5IB82_IPR045860_1_68-152      92.99%    passed     56.62%
1128  A0ABD0LAW8_IPR045860_1_65-122      95.21%    passed     78.26%
1129  E4YHX6_IPR045860_1_49-128          93.40%    passed     31.26%
1130  Q9UAG2_IPR045860_1_225-308         93.07%    passed     15.60%
1131  A0A093PEP6_IPR045860_1_1-52        95.71%    passed     39.36%
1132  A0A814EPP6_IPR045860_1_21-86       94.55%    passed      7.50%
1133  A0A061HV01_IPR016054_1_88-181      92.24%    failed      0.69%
1134  A0A0B5GR50_IPR045860_2_18-105      92.74%    passed     77.71%
1135  A0A452FY47_IPR045860_1_120-182     94.80%    passed     12.61%
1136  A0A668TLB4_IPR045860_1_109-188     93.40%    passed     10.58%
1137  A0A6P7MES0_IPR045860_1_113-221     91.01%    passed     10.78%
1138  A0A8C2ME16_IPR045860_2_46-100      95.46%    passed     40.09%
1139  A0A8D2E104_IPR045860_3_191-240     95.87%    passed     26.30%
1140  A0A8W8KDT8_IPR016054_1_125-182     95.21%    passed     47.21%
1141  A0A9F2WG88_IPR045860_2_22-118      92.00%    passed     22.09%
1142  A0AA35KP80_IPR045860_2_111-170     95.05%    passed     79.31%
1143  A0AAW1EXL6_IPR045860_1_3-71        94.31%    passed     43.42%
1144  A0A834UG43_IPR039457_1_93-163      94.14%    failed      0.43%
1145  A0A8J9VF79_IPR039457_1_30-89       95.05%    passed     65.36%
1146  A0A1I7SHS9_IPR031424_1_20-102      93.15%    failed      1.82%
1147  A0A430Q2G9_IPR031424_1_19-82       94.72%    passed     17.72%
1148  A0AAJ7ITS2_IPR031424_1_24-150      89.52%    passed     25.54%
1149  A0AAW1NBZ3_IPR031424_1_20-132      90.68%    failed      4.35%
1150  A0ABD2QAB0_IPR031424_1_71-210      88.45%    passed     15.57%
1151  V5GYU3_IPR031424_1_27-92           94.55%    passed     68.45%
1152  A0A016WST8_IPR045860_1_76-178      91.50%    passed      7.99%
1153  A0A182DZD6_IPR045860_1_27-76       95.87%    passed     53.50%
1154  A0A1I7RK48_IPR045860_1_8-67        95.05%    passed     98.93%
1155  A0A210Q2J1_IPR045860_2_124-206     93.15%    failed      2.27%
1156  A0A2A6B8C4_IPR045860_1_55-114      95.05%    passed     22.32%
1157  A0A2G9R7K9_IPR045860_1_1-84        93.07%    failed      3.56%
1158  A0A3B4B5Q2_IPR045860_1_9-87        93.48%    passed      5.12%
1159  A0A3Q2UYB1_IPR045860_1_33-87       95.46%    passed     43.52%
1160  A0A4W3J9B0_IPR045860_1_29-103      93.81%    passed     16.77%
1161  A0A6G0HK90_IPR045860_1_45-107      94.80%    passed     23.36%
1162  A0A6P9DRR7_IPR045860_1_17-89       93.98%    failed      2.18%
1163  A0A6V7TRM7_IPR045860_1_1-58        95.21%    passed     17.52%
1164  A0A814M5W0_IPR045860_1_17-119      91.50%    passed     24.22%
1165  A0A898IKW1_IPR045860_1_12-74       94.80%    passed     36.23%
1166  A0A915BQP4_IPR045860_1_20-113      92.24%    passed     16.10%
1167  A0AA36C6F4_IPR045860_1_61-137      93.65%    passed     78.38%
1168  A0AA36M549_IPR045860_1_23-83       94.97%    failed      1.52%
1169  A0AAD9QQA3_IPR045860_1_22-102      93.32%    passed     75.77%
1170  A0AAN9Z0K7_IPR045860_1_23-109      92.82%    passed     27.09%
1171  A0AAW0MVP7_IPR045860_1_186-239     95.54%    passed     14.47%
1172  A0AAX6SC57_IPR045860_1_44-100      95.30%    failed      0.52%
1173  T2MGF9_IPR045860_1_24-129          91.25%    failed      1.66%
1174  Centipede3FTx_0119_1255758         93.89%    passed      7.77%
1175  A0A6B0S6F5_IPR016054_1_24-99       93.73%    passed     39.47%
1176  A0A504YEI6_IPR045860_1_9-67        95.13%    passed     17.17%
1177  A0A5N4CGH2_IPR045860_1_28-90       94.80%    passed     12.87%
1178  A0A9D4MDK6_IPR045860_1_34-113      93.40%    passed     17.76%
1179  A0A151NAK5_IPR016054_1_142-200     95.13%    failed      0.15%
1180  A0A8C3P577_IPR016054_1_21-108      92.74%    failed      1.13%
1181  A0AA35KMR6_IPR016054_1_148-214     94.47%    passed     43.37%
1182  A0AAV7PX70_IPR045860_2_203-292     92.57%    failed      1.19%
1183  G3UDR6_IPR051445_1_7-126           90.10%    failed      0.08%
1184  R0LJ75_IPR045860_1_76-155          93.40%    failed      4.50%
1185  S7PTS4_IPR016054_3_2-57            95.38%    passed     54.61%
1186  W5NTR4_IPR045860_1_33-127          92.16%    passed     82.59%
1187  A0A2K6PKA5_IPR039457_1_1-97        92.00%    passed     26.73%
1188  A0AAD9L2I6_IPR039457_1_14-173      86.80%    passed      7.69%
1189  A0A1D2M2Q1_IPR031424_1_32-134      91.50%    passed     64.85%
1190  A0A1S3DL79_IPR031424_1_4-65        94.88%    passed     15.62%
1191  A0A2S2QSA9_IPR031424_1_24-175      87.46%    failed      0.00%
1192  A0A6P7G9F3_IPR031424_1_22-137      90.43%    passed     11.39%
1193  A0A815BT65_IPR031424_1_24-73       95.87%    passed     23.69%
1194  A0A8J2P850_IPR031424_1_19-120      91.58%    passed     85.43%
1195  A0A8S4RWH0_IPR031424_1_13-63       95.79%    passed     66.68%
1196  A0A9P0LHQ8_IPR031424_1_25-138      90.59%    passed     61.96%
1197  A0AAV8Z602_IPR045860_1_2-95        92.24%    passed     20.82%
1198  Q176Q6_IPR031424_1_25-82           95.21%    passed     60.71%
1199  T1IWT8_IPR031424_2_22-103          93.23%    failed      0.75%
1200  A0A1B0G4Y0_IPR045860_1_7-84        93.56%    failed      2.49%
1201  A0A1D1VK48_IPR045860_1_6-74        94.31%    passed     26.56%
1202  A0A1I7ZN97_IPR045860_1_56-107      95.71%    failed      0.23%
1203  A0A1U7SQ44_IPR045860_1_105-193     92.66%    passed     38.93%
1204  A0A238BWE3_IPR045860_1_11-96       92.90%    passed     22.09%
1205  A0A261AWE7_IPR045860_1_94-209      90.43%    passed     35.91%
1206  A0A2A6B8E8_IPR045860_1_8-106       91.83%    passed     48.86%
1207  A0A2G9RKC4_IPR045860_1_26-90       94.64%    passed     17.92%
1208  A0A3B4B9F7_IPR045860_1_16-73       95.21%    passed      5.74%
1209  A0A3M6TKR6_IPR045860_1_14-123      90.92%    passed     56.06%
1210  A0A3M7QQQ6_IPR045860_1_43-114      94.06%    passed     13.41%
1211  A0A3P6SZG6_IPR045860_1_17-95       93.48%    passed     37.95%
1212  A0A3Q3X9G9_IPR045860_1_50-164      90.51%    failed      0.02%
1213  A0A5N5T244_IPR045860_1_3-68        94.55%    passed     59.13%
1214  A0A6F9BK46_IPR045860_1_9-62        95.54%    passed     68.89%
1215  A0A6P8I7G2_IPR045860_1_21-114      92.24%    passed      9.50%
1216  A0A6P8SJ10_IPR045860_2_18-80       94.80%    passed     32.66%
1217  A0A7M6DNM3_IPR045860_1_44-135      92.41%    passed     31.40%
1218  A0A811U775_IPR045860_1_1-57        95.30%    passed     67.13%
1219  A0A818HBP9_IPR045860_1_24-80       95.30%    failed      0.17%
1220  A0A8C2SA02_IPR045860_1_68-128      95.71%    passed     55.02%
1221  A0A8C4RTV8_IPR045860_1_16-97       93.23%    passed     49.78%
1222  A0A8C9FRH0_IPR045860_1_11-97       92.82%    passed      8.01%
1223  A0A8J6E8Q3_IPR045860_1_1-53        95.63%    passed     50.42%
1224  A0A8R1Y214_IPR045860_1_226-296     94.14%    failed      4.43%
1225  A0A914NHW3_IPR045860_1_204-296     92.33%    passed      8.30%
1226  A0A914THE1_IPR045860_1_6-74        94.31%    passed     29.73%
1227  A0A9J7KD64_IPR045860_1_41-149      91.01%    failed      3.05%
1228  A0A9J7Z2T9_IPR045860_1_25-103      93.48%    failed      0.11%
1229  A0A9P0GIB7_IPR045860_2_19-101      93.15%    passed     11.50%
1230  A0A9P1IQ79_IPR045860_1_15-101      92.82%    passed     58.69%
1231  A0A9X9MBQ9_IPR045860_1_41-93       95.63%    passed     40.56%
1232  A0AA35SQM2_IPR045860_1_20-119      91.75%    passed      9.83%
1233  A0AA36C7K6_IPR045860_1_52-143      92.41%    passed     22.75%
1234  A0AAN9B562_IPR045860_1_229-312     93.07%    passed     12.94%
1235  A0AAV7ME30_IPR045860_2_45-153      91.01%    passed     22.50%
1236  A0AAW1B171_IPR045860_1_3-61        95.13%    passed     19.22%
1237  A0ABD1JAD3_IPR045860_1_1-71        94.14%    passed     58.28%
1238  A0ABD2MVB5_IPR045860_1_21-108      92.74%    passed     97.14%
1239  D8LTZ0_IPR045860_1_33-93           94.97%    failed      0.42%
1240  Centipede3FTx_0120_60158           84.74%    failed      0.85%
1241  L9KLR5_IPR042339_1_1-54            95.54%    failed      0.93%
1242  A0A813PAN9_IPR045860_1_19-101      93.15%    passed     27.60%
1243  A0A7J7YNW4_IPR038773_1_1-140       88.45%    failed      0.02%
1244  A0A8C6GIG4_IPR038773_1_57-250      83.99%    failed      0.05%
1245  A0A0F7JJU4_IPR045860_2_115-190     93.73%    passed     51.24%
1246  A0A1A6HFC6_IPR045860_1_46-181      88.86%    failed      4.83%
1247  A0A401Q604_IPR045860_1_2-78        93.65%    failed      3.08%
1248  A0A670INU5_IPR045860_2_163-236     93.89%    passed     68.01%
1249  A0A6B0SDN0_IPR016054_1_1-78        93.56%    passed     40.11%
1250  A0A6P8I7U6_IPR045860_2_109-194     92.90%    passed     29.16%
1251  A0A8J1LAS0_IPR016054_1_9-64        95.38%    failed      1.52%
1252  A0AAV7Q3J4_IPR016054_1_58-128      94.14%    passed     83.29%
1253  A0A7L0RV53_IPR039457_1_2-155       87.29%    passed      5.56%
1254  A0A8C5IIX8_IPR039457_1_94-149      95.38%    failed      0.28%
1255  A0A0D8Y3R0_IPR031424_1_21-144      89.77%    passed      6.66%
1256  A0AAV8Z6D1_IPR031424_1_68-200      89.03%    passed     37.31%
1257  K1S039_IPR031424_1_78-175          91.91%    passed     11.37%
1258  A0A0M3IZ09_IPR045860_1_41-118      93.56%    passed     38.57%
1259  A0A1D1VR81_IPR045860_1_26-119      92.24%    passed     71.96%
1260  A0A1I7ZPI2_IPR045860_1_29-86       95.21%    passed     54.84%
1261  A0A1L8EZ01_IPR045860_1_18-83       94.55%    passed     11.57%
1262  A0A267E0W6_IPR045860_1_23-118      92.08%    passed     10.64%
1263  A0A3Q0R1F3_IPR045860_1_2-62        94.97%    failed      1.39%
1264  A0A556TW63_IPR045860_1_16-69       95.54%    passed     65.68%
1265  A0A671UC21_IPR045860_1_10-75       94.55%    passed     12.22%
1266  A0A6S7G4S7_IPR045860_1_1-75        93.81%    passed     62.76%
1267  A0A8B6D8I8_IPR045860_1_15-110      92.08%    passed     23.39%
1268  A0A8C5TTS8_IPR045860_1_30-112      93.15%    passed     29.95%
1269  A0A8J1U7F8_IPR045860_1_24-113      92.57%    passed     68.54%
1270  A0A8J6E8Q3_IPR045860_2_62-127      94.55%    failed      0.36%
1271  A0A8S1HML4_IPR045860_1_31-115      92.99%    passed     14.74%
1272  A0A914GSD6_IPR045860_1_1491-1597   91.17%    failed      0.22%
1273  A0A9P1ACE4_IPR045860_1_66-144      93.48%    passed     19.43%
1274  A0A9W9ZGI0_IPR045860_1_1-53        95.63%    passed     79.93%
1275  A0AA88IY44_IPR045860_1_19-98       93.40%    passed     26.69%
1276  A0AAD6BQA0_IPR045860_1_55-129      93.81%    passed      9.26%
1277  A0AAD9MV61_IPR045860_1_19-83       94.64%    passed     12.30%
1278  A0AAD9QVN7_IPR045860_1_40-125      92.90%    passed     11.61%
1279  A0AAV3Z6A2_IPR045860_1_23-99       93.65%    passed     13.57%
1280  A0AAW1KMF1_IPR045860_1_29-131      91.50%    passed     34.95%
1281  A0ABD6EHK3_IPR045860_1_20-115      92.08%    passed      7.97%
1282  Q5MPP8_IPR045860_1_18-110          92.33%    passed     52.49%
1283  Q95QW3_IPR045860_1_26-100          93.81%    failed      2.71%
1284  Centipede3FTx_0089_984703          89.93%    passed     18.69%
1285  A0A7N5P423_IPR045860_1_189-316     89.44%    failed      4.56%
1286  A0A817HP88_IPR045860_1_166-222     95.30%    passed     60.40%
1287  A0A8C4TYQ7_IPR045860_1_16-78       94.80%    passed     62.62%
1288  A0A9F5IM03_IPR016054_1_17-108      92.41%    passed     37.89%
1289  A0AAA9TGG3_IPR045860_1_42-99       95.21%    passed      6.34%
1290  A0A9D3NIU9_IPR045860_2_19-109      92.49%    failed      0.56%
1291  A0A9W3FUM6_IPR016054_2_221-281     94.97%    failed      4.89%
1292  E4YLF4_IPR039457_1_13-152          88.45%    passed     17.39%
1293  A0A0D8Y5C3_IPR031424_1_2-113       90.76%    failed      2.74%
1294  A0A0M4EAF4_IPR031424_1_3-73        94.14%    failed      4.63%
1295  A0A1I8ND66_IPR031424_1_23-119      92.00%    failed      0.94%
1296  A0A1S3GZW2_IPR031424_1_23-125      91.50%    passed     14.44%
1297  A0A1S3JP86_IPR031424_1_43-130      92.74%    passed     53.42%
1298  A0A226DSS2_IPR031424_1_23-131      91.01%    passed     38.15%
1299  A0A2A6B8J1_IPR045860_1_16-106      92.49%    passed      7.68%
1300  A0A8J2PMA0_IPR031424_1_24-141      90.26%    passed     61.58%
1301  A0A8K0FVX6_IPR031424_1_24-131      91.09%    passed     29.73%
1302  A0AAE0SAA0_IPR031424_1_25-125      91.67%    passed     13.70%
1303  E4XG26_IPR031424_1_138-231         92.24%    failed      2.97%
1304  A0A0F6QGK1_IPR045860_1_11-89       93.48%    passed     35.46%
1305  A0A0N4ZKX4_IPR045860_1_21-82       94.88%    passed     19.95%
1306  A0A151NC87_IPR045860_1_158-243     92.90%    passed     23.56%
1307  A0A1D1VT78_IPR045860_1_98-207      90.92%    passed     40.97%
1308  A0A1I7RVE4_IPR045860_1_17-110      92.24%    passed     11.56%
1309  A0A1I8HBH6_IPR045860_1_513-614     91.58%    passed      9.08%
1310  A0A2C9K422_IPR045860_1_14-69       95.38%    passed     18.70%
1311  A0A2W1BZJ9_IPR045860_1_23-86       94.72%    passed     26.99%
1312  A0A3B3SFP9_IPR045860_1_18-91       93.89%    passed     72.69%
1313  A0A3R7MKN0_IPR045860_1_4-77        93.89%    passed     68.07%
1314  A0A4U5ME25_IPR045860_1_30-128      91.83%    failed      2.73%
1315  A0A674H6K9_IPR045860_1_33-108      93.73%    passed     14.39%
1316  A0A6B0VCD7_IPR045860_1_60-143      93.07%    passed     13.32%
1317  A0A7I4YUC0_IPR045860_1_57-138      93.23%    passed     26.11%
1318  A0A7S0R1K6_IPR045860_1_55-125      94.14%    passed     68.55%
1319  A0A8J1UDI6_IPR045860_1_21-90       94.22%    passed     14.41%
1320  A0A914JL77_IPR045860_1_250-317     94.39%    passed     14.41%
1321  A0A914P0I3_IPR045860_1_7-62        95.38%    passed     75.08%
1322  A0A914WNB6_IPR045860_1_59-178      90.10%    passed     54.19%
1323  A0A915BVS1_IPR045860_1_27-134      91.09%    passed     12.49%
1324  A0A915PZ67_IPR045860_1_7-64        95.21%    passed      5.98%
1325  A0A9D4L0N9_IPR045860_1_2-57        95.38%    passed     58.69%
1326  A0A9P1IVJ9_IPR045860_1_16-107      92.41%    passed     19.12%
1327  A0AA39F6L5_IPR045860_1_16-106      92.49%    passed     26.87%
1328  A0AAE0QIX2_IPR045860_1_3-54        95.71%    passed     19.43%
1329  A0AAV2TDN9_IPR045860_1_12-108      92.00%    passed     38.34%
1330  A0AAV5UKY8_IPR045860_1_33-83       95.79%    passed     16.68%
1331  A0AAW0Q3I2_IPR045860_1_17-66       95.87%    passed     44.93%
1332  C3Z070_IPR045860_2_49-117          94.31%    passed     83.22%
1333  F6XDW5_IPR045860_1_18-102          92.99%    passed     24.09%
1334  H5ZVL1_IPR045860_1_1-59            95.13%    passed     13.54%
1335  R7U1I8_IPR045860_1_22-111          92.57%    failed      2.39%
1336  Centipede3FTx_0058_1255758         93.15%    failed      0.82%
1337  U3FVH6_IPR045860_1_13-84           94.06%    passed     59.32%
1338  A0A6J0XUD7_IPR026110_1_102-157     95.38%    passed     47.99%
1339  A0A8C2VN21_IPR026110_1_2-122       90.02%    passed      5.86%
1340  A0A498MKX1_IPR016054_7_441-529     92.66%    passed     11.70%
1341  A0A553PRQ5_IPR045860_1_2-77        93.73%    passed     43.53%
1342  A0A8C6CBQ9_IPR045860_1_66-121      95.38%    passed     27.92%
1343  A0A9Q0X962_IPR045860_1_197-275     93.48%    failed      0.51%
1344  A0AA88NKS8_IPR045860_1_19-95       93.65%    passed     29.64%
1345  A0A151M3Y2_IPR016054_1_435-494     95.05%    passed     48.23%
1346  A0A2K5VKS7_IPR045860_3_109-167     95.13%    failed      1.63%
1347  A0A401RHQ3_IPR016054_1_114-208     92.16%    failed      0.03%
1348  A0A7N5KJR1_IPR016054_1_29-125      92.00%    passed     39.47%
1349  A0AA97KF86_IPR045860_1_20-98       93.48%    failed      3.99%
1350  A0AAA9T1I4_IPR045860_1_2-62        94.97%    passed     69.61%
1351  A0AAD1T3X3_IPR045860_2_118-202     92.99%    passed     15.39%
1352  A0AAV7Q3X5_IPR045860_1_424-512     92.66%    failed      0.47%
1353  G1QG83_IPR045860_1_18-101          93.07%    failed      4.22%
1354  A0A164XA57_IPR039457_1_18-127      90.92%    passed     26.43%
1355  A0A7J7KSY4_IPR039457_1_41-163      89.85%    failed      2.92%
1356  A0A226DZ36_IPR031424_1_17-157      88.37%    passed     19.03%
1357  A0A8J1XJ26_IPR031424_1_30-163      88.94%    passed     54.63%
1358  A0A8W8NB98_IPR031424_1_30-88       95.13%    passed     68.45%
1359  A0ABD2WFA1_IPR031424_1_25-117      92.33%    failed      3.13%
1360  A0A0B1SWC8_IPR045860_1_24-116      92.33%    failed      0.01%
1361  A0A0K0E9Y5_IPR045860_1_6-97        92.41%    passed     39.70%
1362  A0A0R3RWQ8_IPR045860_1_27-98       94.06%    passed     34.20%
1363  A0A182E678_IPR045860_1_22-107      92.90%    passed     48.69%
1364  A0A1W4XFK3_IPR045860_1_18-116      91.83%    passed     71.45%
1365  A0A212EMN2_IPR045860_1_5-68        94.72%    passed     49.79%
1366  A0A2A6B9Z5_IPR045860_1_53-176      89.77%    passed     26.02%
1367  A0A3M7RCI7_IPR045860_1_169-241     93.98%    passed     21.14%
1368  A0A7E4UNJ0_IPR045860_1_19-90       94.06%    passed     70.86%
1369  A0A7S0VUB8_IPR045860_1_14-105      92.41%    failed      0.00%
1370  A0A813NKV6_IPR045860_1_19-90       94.06%    failed      2.93%
1371  A0A8J4T8B0_IPR045860_1_5-54        95.87%    passed     20.00%
1372  A0A8K0EHZ8_IPR045860_1_19-122      91.42%    failed      0.00%
1373  A0A8S4SKC7_IPR045860_1_1-54        95.54%    passed     72.42%
1374  A0A8S9ZVH1_IPR045860_1_45-126      93.23%    failed      0.89%
1375  A0A8T1MDE9_IPR045860_1_21-92       94.06%    passed      8.86%
1376  A0A913XL13_IPR045860_1_490-566     93.65%    passed     46.34%
1377  A0A9X0CE68_IPR045860_1_174-265     92.41%    passed     19.83%
1378  A0AA36CEM3_IPR045860_1_7-62        95.38%    passed     14.29%
1379  A0AAE2D5S9_IPR045860_1_40-103      94.72%    passed     77.76%
1380  A0AAF3F2F2_IPR045860_1_34-110      93.65%    failed      1.87%
1381  A0AAV2JAK8_IPR045860_1_66-133      94.39%    passed      6.05%
1382  A0AAV2TLD3_IPR045860_1_48-111      94.72%    passed     52.53%
1383  A0AAV6ZLS9_IPR045860_1_1-68        94.39%    passed     18.75%
1384  A0AAW0Y0S8_IPR045860_1_21-84       94.72%    passed     68.75%
1385  W5M4X6_IPR045860_1_87-141          95.46%    passed     24.26%
1386  Centipede3FTx_0059_1255758         90.84%    passed     14.42%
1387  Centipede3FTx_0123_60158           93.81%    passed     74.05%
1388  A0A914GLY3_IPR045860_1_8-71        94.72%    passed     69.71%
1389  A0A3Q2HYF9_IPR039237_1_66-164      91.83%    failed      0.23%
1390  A0A0K2VB75_IPR035076_1_21-72       95.71%    failed      4.15%
1391  A0A672HXW0_IPR045860_2_8-80        93.98%    passed      8.40%
1392  A0A8C0CF61_IPR045860_1_20-86       94.47%    passed     55.66%
1393  A0A1A6HP20_IPR016054_1_156-207     95.71%    passed     37.94%
1394  A0A553NSH3_IPR016054_1_20-116      92.00%    passed      7.97%
1395  A0A670ZAR9_IPR045860_2_114-165     95.71%    passed     31.48%
1396  A0A803K920_IPR045860_3_259-314     95.38%    failed      2.04%
1397  A0A8C2SBU2_IPR016054_1_26-143      92.99%    passed     24.39%
1398  A0A8C5SCC3_IPR045860_3_1-57        95.30%    passed     64.89%
1399  A0A9F7TM69_IPR045860_3_169-230     94.88%    passed     22.58%
1400  A0A9J7JYE5_IPR016054_2_119-182     94.72%    passed     26.76%
1401  A0AAD1WQB8_IPR045860_1_121-199     93.48%    passed     29.61%
1402  A0AAN7X9S9_IPR045860_2_114-187     93.89%    passed      9.94%
1403  A0AAV3A123_IPR045860_2_157-245     92.66%    passed     64.68%
1404  A0A8D0BPR5_IPR026524_1_27-111      92.99%    passed     89.58%
1405  A0AAV7Q211_IPR026524_1_4-257       79.04%    failed      0.00%
1406  Q3KUR9_IPR026524_1_16-105          92.57%    failed      0.63%
1407  A0A672TAY2_IPR039457_1_59-138      93.40%    passed      6.92%
1408  A0A1D1UPN3_IPR031424_1_15-101      92.82%    passed      8.40%
1409  A0A1D2MQ55_IPR031424_1_27-155      89.36%    passed      7.72%
1410  A0A1S3H5B0_IPR031424_1_44-162      90.18%    failed      0.86%
1411  A0A226DZC9_IPR031424_1_23-156      88.94%    failed      2.04%
1412  A0A553NCU0_IPR031424_1_23-136      90.59%    passed     91.34%
1413  A0A8I6R741_IPR031424_1_24-109      92.90%    failed      1.69%
1414  A0AAJ6ZQI6_IPR045860_1_29-136      91.09%    passed     56.17%
1415  A0AAV8VLN0_IPR045860_1_4-88        92.99%    failed      0.30%
1416  A0A0H5SL74_IPR045860_1_32-116      92.99%    failed      0.09%
1417  A0A0N4ZNP5_IPR045860_1_33-104      94.06%    failed      1.69%
1418  A0A1I7RXX3_IPR045860_1_24-95       94.06%    failed      1.73%
1419  A0A1S3Q511_IPR045860_1_112-185     93.89%    passed     73.79%
1420  A0A1W4XIE4_IPR045860_1_3-114       90.76%    passed     58.07%
1421  A0A1Y3BNV1_IPR045860_1_4-58        95.46%    passed     78.42%
1422  A0A210Q9V6_IPR045860_1_145-208     94.72%    passed     57.96%
1423  A0A267EFM8_IPR045860_1_10-73       94.72%    passed      6.10%
1424  A0A6M2DXW3_IPR045860_1_28-107      93.40%    failed      3.99%
1425  A0A6P7RFQ4_IPR045860_1_97-148      95.71%    passed     46.36%
1426  A0A6P9FLX0_IPR045860_1_12-64       95.63%    failed      3.81%
1427  A0A6S7GKF8_IPR045860_1_19-105      92.82%    failed      0.02%
1428  A0A7M5U9W9_IPR045860_1_20-115      92.08%    passed     71.16%
1429  A0A7M7RHR6_IPR045860_1_25-107      93.15%    passed     15.08%
1430  A0A814HFH1_IPR045860_1_20-93       93.89%    failed      0.14%
1431  A0A815B2Q3_IPR045860_1_17-74       95.21%    passed     82.58%
1432  A0A8R1Z2I3_IPR045860_1_12-103      92.41%    failed      0.02%
1433  A0A8S1E5R0_IPR045860_1_71-143      93.98%    failed      1.79%
1434  A0A8S9ZW77_IPR045860_1_70-150      93.32%    failed      0.73%
1435  A0A913XL18_IPR045860_1_141-238     92.00%    failed      2.18%
1436  A0A914CQB1_IPR045860_1_17-98       93.23%    passed     50.04%
1437  A0A914TZ53_IPR045860_1_12-105      92.24%    passed      7.43%
1438  A0AA35TY84_IPR045860_1_27-132      91.25%    passed     20.97%
1439  A0AAE1E257_IPR045860_1_52-119      94.39%    passed     66.88%
1440  A0AAN8AXA4_IPR045860_1_15-70       95.38%    passed     32.86%
1441  A0AAV5SJA6_IPR045860_1_15-103      92.66%    passed     61.27%
1442  A0AAV5UNV8_IPR045860_1_18-102      92.99%    failed      0.13%
1443  A0AAW0MZS0_IPR045860_1_6-59        95.54%    passed     11.18%
1444  A0ABD6EKP5_IPR045860_1_10-81       94.06%    passed     16.03%
1445  W8PW57_IPR045860_1_11-85           93.81%    failed      0.75%
1446  Centipede3FTx_0060_1255758         88.53%    failed      1.16%
1447  A0A087WQ65_IPR045860_1_41-113      93.98%    passed     23.69%
1448  A0A8C8RF92_IPR035076_1_12-82       94.14%    passed     36.98%
1449  A0A8C9CVH1_IPR045860_1_36-89       95.54%    passed     63.33%
1450  A0A9Q0Y0G3_IPR045860_1_11-69       95.13%    passed     69.81%
1451  A0AAV6ZDW4_IPR045860_1_1-58        95.21%    passed     42.60%
1452  V8NB38_IPR045860_1_64-117          95.54%    passed     13.95%
1453  N0E6I9_IPR038773_1_9-60            95.71%    failed      0.00%
1454  A0A0A0QUW4_IPR016054_1_1-63        94.80%    passed     80.62%
1455  A0A803JS12_IPR016054_2_112-204     92.33%    passed     25.42%
1456  A0A8D0HA27_IPR016054_1_45-115      94.14%    passed     22.12%
1457  A0A8J6AJV9_IPR016054_1_3-78        93.73%    passed     10.39%
1458  A0A9W2X751_IPR016054_1_12-70       95.13%    failed      3.42%
1459  A0AA97KFU8_IPR045860_1_121-207     92.82%    passed     40.43%
1460  A0AAW1AXJ9_IPR045860_1_111-193     93.15%    passed      7.50%
1461  B2D6N2_IPR045860_2_13-92           93.40%    passed     18.16%
1462  L9KKD7_IPR016054_1_225-321         92.00%    failed      0.32%
1463  A0A8C0WFM8_IPR026524_1_17-97       93.32%    passed      7.74%
1464  A0A3Q2XZN3_IPR039457_1_5-146       88.28%    passed     18.39%
1465  A0A852NKK1_IPR039457_1_3-105       91.50%    passed     58.24%
1466  A0AAW1DF26_IPR039457_1_1-73        93.98%    passed     27.38%
1467  A0A0X3PMB9_IPR045860_1_24-122      91.83%    passed     57.45%
1468  A0A210QR19_IPR031424_1_22-99       93.56%    failed      0.70%
1469  A0A3M7PFA6_IPR031424_1_20-103      93.07%    passed     10.00%
1470  A0A914AMV4_IPR031424_1_51-172      89.93%    failed      1.17%
1471  A0A914T9K7_IPR031424_1_3-71        94.31%    passed      5.85%
1472  A0A9C6SRV2_IPR031424_1_24-77       95.54%    passed     90.02%
1473  A0AA36B8V0_IPR031424_1_35-105      94.14%    passed     87.65%
1474  A0AAE0SQF5_IPR031424_1_31-121      92.49%    passed     31.36%
1475  A0AAN7SNP7_IPR031424_1_20-102      93.15%    passed     12.44%
1476  A0AAN9V7F9_IPR045860_1_16-113      91.91%    failed      4.66%
1477  A0ABD0Y7A6_IPR031424_1_20-163      88.12%    failed      0.07%
1478  T1FHP3_IPR031424_1_37-115          93.48%    failed      2.69%
1479  A0A077Z0B6_IPR045860_1_53-137      92.99%    passed     87.28%
1480  A0A0B2W0J0_IPR045860_1_2-77        93.73%    passed     71.86%
1481  A0A0C2FSU3_IPR045860_1_16-89       93.89%    passed     95.25%
1482  A0A0N4ZQ95_IPR045860_1_27-125      91.83%    passed      8.30%
1483  A0A0Q3VBE2_IPR045860_1_9-64        95.38%    passed     43.03%
1484  A0A158PC07_IPR045860_1_12-107      92.08%    failed      0.26%
1485  A0A1D1W9J0_IPR045860_1_43-95       95.63%    passed     19.67%
1486  A0A210Q9V6_IPR045860_2_2-73        94.06%    passed     13.29%
1487  A0A226DLD2_IPR045860_1_20-136      90.35%    passed     15.83%
1488  A0A7R9A6H2_IPR045860_1_25-110      92.90%    passed     34.21%
1489  A0A8C4YT57_IPR045860_1_20-104      92.99%    failed      3.31%
1490  A0A8C5QVE6_IPR045860_2_119-168     95.87%    passed     71.67%
1491  A0A8D2JIH4_IPR045860_1_26-76       95.79%    passed     71.14%
1492  A0A8I5YPA3_IPR045860_1_25-84       95.05%    passed     77.53%
1493  A0A914JTL9_IPR045860_1_20-78       95.13%    passed     48.11%
1494  A0A914X1Q0_IPR045860_1_27-104      93.56%    passed     13.83%
1495  A0A9D4LPP4_IPR045860_1_28-113      92.90%    failed      1.79%
1496  A0A9Q1GA89_IPR045860_1_6-77        94.06%    passed     67.32%
1497  A0A9W9ZP78_IPR045860_1_86-175      92.57%    passed      7.73%
1498  A0AA36GTX8_IPR045860_1_13-103      92.49%    failed      3.00%
1499  A0AA36MAJ4_IPR045860_1_38-92       95.46%    passed     14.62%
1500  A0AAD9R5Z8_IPR045860_1_15-88       93.89%    passed      7.47%
1501  A0AAE0VEQ6_IPR045860_1_404-482     93.48%    passed     65.95%
1502  A0AAU9WM84_IPR045860_1_19-113      92.16%    passed     14.41%
1503  A0AAV2TU50_IPR045860_1_16-81       94.55%    failed      0.32%
1504  A0AAV6Z364_IPR045860_1_1-75        93.81%    passed     38.58%
1505  A0ABD3UYT6_IPR045860_1_10-74       94.64%    passed     14.92%
1506  F6XPQ3_IPR045860_1_63-135          93.98%    failed      0.17%
1507  T1ILG0_IPR045860_1_12-69           95.21%    passed     19.77%
1508  V4CRU8_IPR045860_1_45-107          94.80%    passed     27.49%
1509  A0A1U7QU12_IPR042339_1_1-96        92.08%    failed      1.51%
1510  A0A484GQ91_IPR042339_1_41-118      93.56%    failed      0.00%
1511  A0A2T7NKQ0_IPR045860_1_26-95       94.22%    passed     41.67%
1512  A0A4U5PHI3_IPR045860_1_21-97       93.65%    passed      5.14%
1513  A0A674J9W8_IPR045860_1_18-67       95.87%    passed     78.55%
1514  A0A814M5N4_IPR045860_1_15-93       93.48%    failed      4.76%
1515  A0A8B8S0Q2_IPR045860_1_27-138      90.76%    passed     15.65%
1516  A0A8B9R4A5_IPR035076_1_21-80       95.05%    passed     28.38%
1517  A0A8C5MY48_IPR045860_1_3-69        94.47%    passed     46.86%
1518  A0A8C8RFB5_IPR045860_1_10-78       94.31%    passed     14.15%
1519  A0AAV6ZW00_IPR045860_1_1-50        95.87%    passed     78.13%
1520  A0A7J7F023_IPR016054_1_2-56        95.46%    passed     40.13%
1521  A0A8D0HA27_IPR045860_2_136-222     92.82%    passed     28.25%
1522  A0A9D3XGJ7_IPR016054_1_24-105      93.23%    passed     25.56%
1523  A0A9W2X751_IPR045860_2_81-138      95.21%    passed     64.60%
1524  A0AA97KFU8_IPR045860_2_16-111      92.08%    passed     60.19%
1525  A0AAV6ZEC7_IPR045860_1_20-103      93.07%    passed     21.20%
1526  A0AAV6ZZZ2_IPR045860_2_25-110      92.90%    passed     13.41%
1527  L5KM26_IPR045860_2_12-65           95.54%    passed     57.39%
1528  A0A8J2WJ03_IPR039457_1_56-169      90.59%    failed      0.44%
1529  A0A226E8M1_IPR031424_1_26-153      89.44%    passed     29.72%
1530  A0A2T7PKX3_IPR031424_1_25-116      92.41%    passed     23.87%
1531  A0A6V7GZJ9_IPR031424_1_1-65        94.64%    passed     96.75%
1532  A0A8K0FZV1_IPR031424_1_22-134      90.68%    passed     20.60%
1533  A0A914ARZ5_IPR031424_1_22-149      89.44%    passed      7.32%
1534  A0A9N9S5K3_IPR031424_1_25-135      90.84%    passed     52.91%
1535  A0A0B1TBH2_IPR045860_1_92-157      94.55%    failed      3.41%
1536  A0A147BEL1_IPR045860_2_99-162      94.97%    failed      0.97%
1537  A0A182SK22_IPR045860_1_1-53        95.63%    passed     31.07%
1538  A0A183PSY2_IPR045860_1_11-108      91.91%    failed      0.11%
1539  A0A1D2M0G9_IPR045860_1_25-112      92.74%    passed     45.36%
1540  A0A226EQQ1_IPR045860_1_66-208      88.20%    failed      3.18%
1541  A0A267EX07_IPR045860_1_483-556     93.89%    passed     11.47%
1542  A0A3M7RMB0_IPR045860_1_25-115      92.49%    failed      0.21%
1543  A0A4U5MQS9_IPR045860_1_90-198      91.01%    passed     34.61%
1544  A0A556U032_IPR045860_1_19-74       95.38%    passed     13.88%
1545  A0A673FRW7_IPR045860_1_11-80       94.22%    passed     36.25%
1546  A0A674PEQ5_IPR045860_1_11-64       95.54%    passed     43.63%
1547  A0A6F8ZMR9_IPR045860_1_28-92       94.64%    passed     86.93%
1548  A0A6G0HW87_IPR045860_2_197-292     92.08%    passed      8.39%
1549  A0A6P8IDF1_IPR045860_1_100-200     91.67%    passed     79.89%
1550  A0A7R9IYK2_IPR045860_1_3-55        95.63%    passed     54.36%
1551  A0A7S1MTA1_IPR045860_1_201-255     95.46%    passed     24.08%
1552  A0A813P492_IPR045860_1_42-98       95.30%    passed      6.50%
1553  A0A814BXE5_IPR045860_1_1-89        92.66%    failed      2.64%
1554  A0A814HVW8_IPR045860_1_25-82       95.21%    passed     29.85%
1555  A0A8B8IYC9_IPR045860_1_1-59        95.13%    failed      2.26%
1556  A0A8C5C145_IPR045860_1_1-60        95.05%    passed     95.93%
1557  A0A8D8DNS1_IPR045860_1_168-222     95.46%    passed     16.81%
1558  A0A8J0SAE6_IPR045860_1_52-129      93.56%    passed     17.66%
1559  A0A8J1UV03_IPR045860_1_161-241     93.32%    passed     53.42%
1560  A0A8J4TJW7_IPR045860_1_96-189      92.24%    failed      3.28%
1561  A0A8T2M011_IPR045860_1_18-116      91.83%    failed      0.00%
1562  A0A913WT09_IPR045860_1_501-592     92.41%    passed     25.07%
1563  A0A914X3N0_IPR045860_1_21-78       95.21%    passed     81.52%
1564  A0A915C6L5_IPR045860_1_14-103      92.57%    failed      3.99%
1565  A0A9P0MN74_IPR045860_1_27-80       95.54%    passed     58.58%
1566  A0A9Q0Y2V8_IPR045860_1_2-57        95.38%    passed     73.89%
1567  A0A9W2XH10_IPR045860_1_11-61       95.79%    passed     28.61%
1568  A0AA35KMU3_IPR045860_1_17-101      92.99%    passed     25.92%
1569  A0AA35NY78_IPR045860_1_38-107      94.22%    passed     29.73%
1570  A0AA36CJ03_IPR045860_1_2-85        93.07%    passed     39.78%
1571  A0AA36MB68_IPR045860_1_43-116      93.89%    passed     34.45%
1572  A0AAF3F6X3_IPR045860_1_12-100      92.66%    passed      7.97%
1573  A0AAU9XLM5_IPR045860_2_156-230     93.81%    failed      2.38%
1574  A0AAW1EW67_IPR045860_1_4-57        95.54%    passed      7.41%
1575  A0ABC9W934_IPR045860_1_34-134      91.67%    failed      0.36%
1576  A0ABD1D0L5_IPR045860_1_4-54        95.79%    passed      6.19%
1577  R7U8P4_IPR045860_1_2-60            95.13%    passed     40.69%
1578  Centipede3FTx_0030_61981           92.74%    failed      0.61%
1579  A0A6P5KXC8_IPR042339_1_49-144      92.08%    passed     39.29%
1580  A0A2D4G9Z1_IPR016054_1_12-109      91.91%    passed      5.30%
1581  A0A2T7P9N7_IPR016054_1_941-1028    92.74%    passed     16.25%
1582  A0A6I8R2P6_IPR045860_1_23-115      92.33%    passed     48.05%
1583  A0A6P8PTC0_IPR045860_1_12-93       93.23%    failed      0.07%
1584  A0A8C0N4C6_IPR045860_1_102-222     90.02%    failed      0.87%
1585  A0AA88TF02_IPR045860_2_1-62        94.88%    failed      0.10%
1586  A0AAW1BLL4_IPR045860_1_7-84        93.56%    passed     13.97%
1587  V8NCZ4_IPR045860_1_1-64            94.72%    passed      6.60%
1588  A0A1A6G1S1_IPR038773_1_106-159     95.54%    failed      0.02%
1589  A0A3P9DMF4_IPR045860_1_56-128      93.98%    failed      3.00%
1590  A0A6P5Q3G2_IPR016054_2_213-310     91.91%    failed      3.13%
1591  A0A8M9PKG4_IPR016054_1_18-93       93.73%    failed      0.39%
1592  A0A9F3QVY1_IPR016054_1_39-103      94.64%    passed     38.88%
1593  A0AAD1WQC3_IPR045860_2_283-370     92.74%    passed      8.80%
1594  A0AAV7Q409_IPR045860_2_1-67        94.47%    passed     20.49%
1595  A0A151NCF0_IPR026524_1_21-112      92.41%    failed      0.00%
1596  A0A8D0XLD5_IPR026524_1_11-270      78.55%    failed      0.00%
1597  A0A1S8WRH0_IPR045860_1_25-89       94.64%    passed     37.79%
1598  A0A8J1Y7G1_IPR031424_1_35-141      91.17%    failed      1.71%
1599  A0A9W2YPS7_IPR031424_1_23-136      90.59%    passed     37.79%
1600  A0AA36C4Y9_IPR031424_1_35-100      94.55%    passed     16.83%
1601  T1FTA0_IPR031424_1_23-103          93.32%    passed     50.19%
1602  T1JCJ9_IPR031424_1_125-212         92.74%    passed     29.26%
1603  A0A0M3K4U5_IPR045860_1_207-283     93.65%    passed     49.56%
1604  A0A1D2M2K8_IPR045860_1_27-112      92.90%    passed     59.62%
1605  A0A1I7X890_IPR045860_1_1-50        95.87%    passed     44.52%
1606  A0A1I8AU51_IPR045860_1_85-163      93.48%    passed     12.23%
1607  A0A1W5BE54_IPR045860_1_9-81        93.98%    failed      0.45%
1608  A0A2A6BVH5_IPR045860_1_16-105      92.57%    passed     36.58%
1609  A0A3P7DWI0_IPR045860_1_8-58        95.79%    passed     51.82%
1610  A0A4U5MVD7_IPR045860_1_36-91       95.38%    failed      0.00%
1611  A0A665TLL2_IPR045860_1_52-147      92.08%    passed      6.59%
1612  A0A672Z7F9_IPR045860_1_6-85        93.40%    failed      4.58%
1613  A0A813WVD2_IPR045860_1_66-122      95.30%    passed      6.30%
1614  A0A8B8PLF7_IPR045860_1_13-138      89.60%    failed      0.88%
1615  A0A8J1LAM8_IPR045860_1_169-254     92.90%    passed     19.74%
1616  A0A8J2RNL0_IPR045860_1_13-65       95.63%    passed     17.60%
1617  A0A8S2GH58_IPR045860_1_48-140      92.33%    passed     65.75%
1618  A0A8T2M011_IPR045860_2_117-186     94.22%    passed      6.00%
1619  A0A9D4M313_IPR045860_1_44-151      91.09%    passed     53.34%
1620  A0A9J7ZI52_IPR045860_1_135-190     95.38%    passed     51.10%
1621  A0A9X0A3X3_IPR045860_1_15-118      91.42%    failed      0.32%
1622  A0AA35U124_IPR045860_1_181-287     91.17%    passed     23.19%
1623  A0AA36CJ11_IPR045860_1_61-114      95.54%    passed     49.30%
1624  A0AAF3FA92_IPR045860_1_108-186     93.48%    passed      5.39%
1625  A0AAN7P2D6_IPR045860_1_187-237     95.79%    passed     16.13%
1626  A0AAV7Q5B8_IPR045860_1_20-109      92.57%    passed     55.10%
1627  A0ABD2NEE1_IPR045860_1_16-108      92.33%    passed     59.31%
1628  D2V2Z0_IPR045860_1_19-99           93.32%    passed     57.49%
1629  Q99473_IPR045860_1_12-70           95.13%    passed     12.31%
1630  Centipede3FTx_0031_61981           85.15%    failed      0.43%
1631  Centipede3FTx_0095_984703          89.36%    failed      0.01%
1632  A0A815C0A8_IPR045860_1_77-155      93.48%    failed      3.46%
1633  A0AAJ7T9K6_IPR045860_1_89-151      94.80%    passed     54.53%
1634  A0A2T7P9N7_IPR016054_2_2145-2238   92.24%    passed      5.53%
1635  A0A6J0ABA1_IPR045860_1_24-93       94.22%    passed     19.01%
1636  A0A7L3T2I9_IPR045860_1_1-81        93.32%    passed      9.80%
1637  A0AAD9JQH5_IPR045860_1_39-111      93.98%    failed      0.94%
1638  A0A0U1RNF3_IPR045860_1_23-73       95.79%    passed     12.02%
1639  A0A151M3Y2_IPR045860_6_748-826     93.48%    failed      2.36%
1640  A0A151NCA5_IPR045860_2_15-75       94.97%    failed      0.78%
1641  A0A1U7SB93_IPR045860_3_158-207     95.87%    failed      4.01%
1642  A0A212CED6_IPR016054_1_52-112      94.97%    passed     61.49%
1643  A0A6P8VR33_IPR045860_1_20-106      92.82%    passed     26.58%
1644  A0A836A292_IPR045860_7_308-373     94.55%    passed     13.20%
1645  A0A8C5QVD3_IPR045860_1_70-130      94.97%    failed      3.55%
1646  A0A9D3XGR2_IPR016054_1_28-118      92.49%    passed     11.27%
1647  A0A9X0A5D2_IPR016054_1_18-111      92.24%    failed      0.02%
1648  A0AAD1TA03_IPR016054_1_21-103      93.15%    failed      4.27%
1649  A0AAV2ZKP5_IPR045860_2_1-67        94.47%    passed     24.62%
1650  A0AAV6ZM70_IPR045860_1_18-105      92.74%    failed      0.12%
1651  A0AAW1V7Z3_IPR016054_2_110-175     94.55%    passed     55.10%
1652  A0A5N4CSY0_IPR026524_1_16-126      90.84%    failed      2.88%
1653  A0AAX6T0N5_IPR026524_1_200-369     85.97%    failed      0.00%
1654  A0A1I8IPG4_IPR031424_1_200-249     95.87%    passed     48.55%
1655  A0A1L8DNC4_IPR045860_1_16-118      91.50%    passed     61.14%
1656  A0A433U739_IPR031424_1_30-128      91.83%    passed     67.49%
1657  A0A482WZG1_IPR031424_1_25-150      89.60%    failed      0.01%
1658  A0A816BYK0_IPR031424_1_4-60        95.30%    passed     27.38%
1659  A0AA36CBI2_IPR031424_1_35-147      90.68%    failed      1.53%
1660  A0AA38HQJ2_IPR031424_1_19-111      92.33%    failed      1.05%
1661  A0A061HX69_IPR045860_1_480-531     95.71%    failed      1.75%
1662  A0A077Z8A9_IPR045860_1_16-98       93.15%    passed     28.26%
1663  A0A094ZQS8_IPR045860_1_45-96       95.71%    passed      6.03%
1664  A0A0V0SJT5_IPR045860_1_75-166      92.41%    passed     43.53%
1665  A0A182T5G5_IPR045860_1_171-245     93.81%    passed     17.41%
1666  A0A183U308_IPR045860_1_16-85       94.22%    passed     20.19%
1667  A0A1L8FP00_IPR045860_1_20-112      92.33%    passed     40.30%
1668  A0A2G9UTY1_IPR045860_1_78-156      93.48%    passed     23.29%
1669  A0A3M6U0A5_IPR045860_1_54-153      91.75%    passed     18.41%
1670  A0A3M7S394_IPR045860_1_25-122      91.91%    failed      0.00%
1671  A0A4S2LXJ0_IPR045860_1_22-89       94.39%    passed      8.11%
1672  A0A4V5ZXI3_IPR045860_1_5-71        94.47%    passed     86.21%
1673  A0A6G1QXP5_IPR045860_2_23-103      93.32%    failed      4.55%
1674  A0A6J8B243_IPR045860_2_16-69       95.54%    passed     30.81%
1675  A0A8C6WTV3_IPR045860_1_14-90       93.65%    passed     21.88%
1676  A0A8C7I900_IPR045860_1_10-72       94.80%    passed     49.86%
1677  A0A8J6EQB4_IPR045860_1_30-104      93.81%    passed     39.48%
1678  A0A8S2H7F1_IPR045860_1_29-105      93.65%    failed      1.09%
1679  A0A914K597_IPR045860_1_21-96       93.73%    passed     11.23%
1680  A0A921Z041_IPR045860_1_79-129      95.79%    passed     30.70%
1681  A0AA35P148_IPR045860_1_32-115      93.07%    passed     13.43%
1682  A0AA35U124_IPR045860_2_23-142      90.10%    passed      7.50%
1683  A0AA36CJ38_IPR045860_1_17-91       93.81%    passed      8.75%
1684  A0AAD4NCE5_IPR045860_1_43-148      91.25%    failed      0.45%
1685  A0AAD8CGL1_IPR045860_1_1-56        95.38%    failed      0.00%
1686  A0AAD9NDG7_IPR045860_1_16-118      91.50%    passed     34.07%
1687  A0AAE9FCQ7_IPR045860_1_31-109      93.48%    passed     56.85%
1688  A0AAN9H109_IPR045860_1_1-51        95.79%    passed     23.04%
1689  A0AAV4BL23_IPR045860_1_29-102      93.89%    passed     75.16%
1690  A0AAX7TJ66_IPR045860_1_10-64       95.46%    passed     51.12%
1691  A0AAZ1WZK1_IPR045860_1_351-406     95.38%    failed      0.89%
1692  F6YIE7_IPR045860_1_70-157          92.74%    passed     21.73%
1693  G0MQL5_IPR045860_1_12-111          91.75%    passed     76.03%
1694  H3BIN3_IPR045860_1_21-96           93.73%    passed     24.17%
1695  R7UD99_IPR045860_2_123-186         94.72%    passed     59.36%
1696  Centipede3FTx_0032_61981           88.04%    passed     17.32%
1697  Centipede3FTx_0128_1255758         83.99%    passed     21.11%
1698  A0A3B3UHZ6_IPR016054_1_19-107      92.66%    failed      2.40%
1699  A0A4U8UL41_IPR045860_1_17-101      92.99%    passed     53.29%
1700  A0AAD1W471_IPR045860_1_20-112      92.33%    failed      0.01%
1701  A0A3Q2Q2Z7_IPR045860_1_7-72        94.55%    failed      0.19%
1702  A0A6P9DEV7_IPR045860_2_16-111      92.08%    passed     21.49%
1703  A0A7N6FLY1_IPR045860_1_1-72        94.06%    failed      2.61%
1704  A0A803JTA5_IPR045860_3_14-65       95.71%    failed      4.88%
1705  A0A8C3SHN7_IPR045860_1_129-192     94.72%    failed      1.29%
1706  A0A8C5QVD3_IPR045860_2_10-61       95.71%    passed     39.28%
1707  A0AAV5TBW2_IPR045860_1_17-101      92.99%    failed      1.57%
1708  A0AAV6ZF17_IPR045860_1_1-67        94.47%    passed      6.91%
1709  A0AAW0N2N6_IPR045860_1_190-252     94.80%    failed      1.51%
1710  Q9I8P7_IPR045860_1_113-194         93.23%    passed     51.90%
1711  A0AB34HME4_IPR026524_1_1-169       86.06%    failed      0.00%
1712  A0A1D1V7I0_IPR031424_1_94-184      92.49%    passed      7.96%
1713  A0A2H1WLM9_IPR031424_1_11-81       94.14%    passed     88.77%
1714  A0A7R9QCV8_IPR031424_1_20-156      88.70%    passed     28.75%
1715  A0A0C2H646_IPR045860_1_21-117      92.00%    failed      4.85%
1716  A0A0N5A8A8_IPR045860_1_34-136      91.50%    passed     16.59%
1717  A0A182MBE3_IPR045860_1_59-119      94.97%    failed      2.77%
1718  A0A183BWE7_IPR045860_1_24-121      91.91%    failed      0.04%
1719  A0A3M6U108_IPR045860_1_1-73        93.98%    failed      0.39%
1720  A0A3M7S8Y0_IPR045860_1_20-114      92.16%    passed      8.38%
1721  A0A4C1VGM8_IPR045860_1_233-296     94.72%    passed     20.34%
1722  A0A4V5ZYF6_IPR045860_1_19-99       93.32%    passed     74.64%
1723  A0A5N4A6G8_IPR045860_1_20-98       93.48%    passed     66.49%
1724  A0A7I8V5T3_IPR045860_1_17-132      90.43%    failed      0.22%
1725  A0A7M7GRR2_IPR045860_1_31-144      90.59%    passed      9.52%
1726  A0A7R9ANT5_IPR045860_1_84-146      94.80%    passed     77.18%
1727  A0A7S3D9X3_IPR045860_1_21-86       94.55%    passed     29.41%
1728  A0A814NIW3_IPR045860_1_20-90       94.14%    failed      0.00%
1729  A0A8B7ZBH0_IPR045860_1_25-115      92.49%    passed     29.85%
1730  A0A8C3F363_IPR045860_1_18-124      91.17%    passed      9.60%
1731  A0A8J9V6N6_IPR045860_1_9-59        95.79%    passed     34.66%
1732  A0A8M1MQ92_IPR045860_1_13-67       95.46%    passed     51.37%
1733  A0A8S3Z4R5_IPR045860_1_1-86        92.90%    failed      3.92%
1734  A0A914UKU9_IPR045860_1_20-106      92.82%    passed      6.80%
1735  A0A9D4F3Z0_IPR045860_1_343-409     94.47%    passed      5.29%
1736  A0A9J7L2Y8_IPR045860_1_96-184      92.66%    passed     25.32%
1737  A0AA35VPJ0_IPR045860_1_25-111      92.82%    passed      6.06%
1738  A0AA36FZF4_IPR045860_1_1-55        95.46%    failed      3.96%
1739  A0AA36GWY8_IPR045860_1_18-97       93.40%    failed      0.71%
1740  A0AAD9NG65_IPR045860_1_230-283     95.54%    failed      0.94%
1741  A0ABD0N8X1_IPR045860_1_1-56        95.38%    passed     90.76%
1742  D2VQS4_IPR045860_1_25-111          92.82%    passed      7.91%
1743  H9G8Z4_IPR045860_1_16-101          92.90%    failed      4.64%
1744  K1PX19_IPR045860_2_81-148          94.39%    failed      0.31%
1745  L7MHT0_IPR045860_1_2-74            93.98%    passed     20.24%
1746  R7UXY0_IPR045860_1_94-150          95.30%    passed     15.43%
1747  T1J6C3_IPR045860_1_11-91           93.32%    failed      1.53%
WARNING: 1747 sequences contain more than 50% gaps/ambiguity
****  TOTAL                              93.16%  480 sequences failed composition chi2 test (p-value<5%; df=19)
Checking for duplicate sequences: done in 0.00464702 secs using 125.6% CPU

CHECKPOINT: Initial tree restored
Generating 1000 samples for ultrafast bootstrap (seed: 722212)...
CHECKPOINT: 1000 UFBoot trees and 23 UFBootSplits restored

NOTE: 2370 MB RAM (2 GB) is required!
Measuring multi-threading efficiency up to 14 CPU cores
3 trees examined
Threads: 1 / Time: 16.358 sec / Speedup: 1.000 / Efficiency: 100% / LogL: -380449
Threads: 2 / Time: 10.861 sec / Speedup: 1.506 / Efficiency: 75% / LogL: -380449
Threads: 3 / Time: 8.017 sec / Speedup: 2.040 / Efficiency: 68% / LogL: -380449
Threads: 4 / Time: 6.416 sec / Speedup: 2.550 / Efficiency: 64% / LogL: -380449
Threads: 5 / Time: 88.418 sec / Speedup: 0.185 / Efficiency: 4% / LogL: -380449
Determining AUTO threadcount: done in 130.201 secs using 65.3% CPU
BEST NUMBER OF THREADS: 4

CHECKPOINT: Model parameters restored, LogL: -337539.178
Wrote distance file to... 
--------------------------------------------------------------------
|             INITIALIZING CANDIDATE TREE SET                      |
--------------------------------------------------------------------
CHECKPOINT: Candidate tree set restored, best LogL: -337539.178
Finish initializing candidate tree set (20)
Current best tree score: -337539.178 / CPU time: 0.000
Number of iterations: 1158
--------------------------------------------------------------------
|               OPTIMIZING CANDIDATE TREE SET                      |
--------------------------------------------------------------------
Iteration 1160 / LogL: -337560.019 / Time: 0h:24m:14s (0h:1m:32s left)
Iteration 1170 / LogL: -337554.432 / Time: 1h:3m:50s (0h:3m:29s left)
Iteration 1180 / LogL: -337578.460 / Time: 1h:20m:15s (0h:3m:40s left)
Iteration 1190 / LogL: -337565.873 / Time: 1h:37m:39s (0h:3m:36s left)
Iteration 1200 / LogL: -337594.399 / Time: 1h:54m:8s (0h:3m:14s left)
Log-likelihood cutoff on original alignment: -337832.984
NOTE: Bootstrap correlation coefficient of split occurrence frequencies: 0.713
NOTE: UFBoot does not converge, continue at least 100 more iterations
Iteration 1210 / LogL: -337564.263 / Time: 2h:11m:26s (0h:9m:47s left)
Iteration 1220 / LogL: -337581.648 / Time: 3h:24m:27s (0h:13m:24s left)
Iteration 1230 / LogL: -337563.342 / Time: 4h:24m:19s (0h:15m:3s left)
Iteration 1240 / LogL: -337563.412 / Time: 5h:16m:3s (0h:15m:18s left)
Estimate model parameters (epsilon = 0.100)
BETTER TREE FOUND at iteration 1250: -337533.238
Iteration 1250 / LogL: -337533.238 / Time: 6h:4m:55s (0h:29m:12s left)
Log-likelihood cutoff on original alignment: -337832.984
Estimate model parameters (epsilon = 0.100)
BETTER TREE FOUND at iteration 1255: -337527.590
Iteration 1260 / LogL: -337550.085 / Time: 6h:55m:0s (0h:31m:18s left)
Estimate model parameters (epsilon = 0.100)
BETTER TREE FOUND at iteration 1267: -337523.036
Iteration 1270 / LogL: -337559.009 / Time: 7h:53m:31s (0h:36m:11s left)
Iteration 1280 / LogL: -337527.244 / Time: 8h:51m:40s (0h:36m:9s left)
Iteration 1290 / LogL: -337533.627 / Time: 9h:43m:42s (0h:34m:52s left)
Iteration 1300 / LogL: -337573.414 / Time: 10h:24m:52s (0h:32m:13s left)
Log-likelihood cutoff on original alignment: -337832.984
NOTE: Bootstrap correlation coefficient of split occurrence frequencies: 0.741
NOTE: UFBoot does not converge, continue at least 100 more iterations
Estimate model parameters (epsilon = 0.100)
BETTER TREE FOUND at iteration 1308: -337508.036
Iteration 1310 / LogL: -337556.850 / Time: 10h:41m:44s (0h:48m:2s left)
Iteration 1320 / LogL: -337526.702 / Time: 10h:58m:36s (0h:43m:56s left)
Iteration 1330 / LogL: -337516.576 / Time: 11h:16m:18s (0h:39m:41s left)
Iteration 1340 / LogL: -337523.448 / Time: 11h:32m:49s (0h:35m:11s left)
Estimate model parameters (epsilon = 0.100)
BETTER TREE FOUND at iteration 1344: -337497.438
Iteration 1350 / LogL: -337516.830 / Time: 11h:50m:50s (0h:49m:31s left)
Log-likelihood cutoff on original alignment: -337832.984

******************************************************
CHECKPOINT: Resuming analysis from aln_famsa2.phy.ckp.gz

IQ-TREE version 3.0.1 for MacOS ARM 64-bit built Jun 30 2025
Developed by Bui Quang Minh, Thomas Wong, Nhan Ly-Trong, Huaiyan Ren
Contributed by Lam-Tung Nguyen, Dominik Schrempf, Chris Bielow,
Olga Chernomor, Michael Woodhams, Diep Thi Hoang, Heiko Schmidt

Host:    Mac.fritz.box (SSE4.2, 48 GB RAM)
Command: iqtree3 -s aln_famsa2.phy -m VT+R8 -T AUTO -B 1000 --nmax 10000 --undo
Seed:    395019 (Using SPRNG - Scalable Parallel Random Number Generator)
Time:    Thu Aug 28 15:08:23 2025
Kernel:  SSE2 - auto-detect threads (14 CPU cores detected)

Reading alignment file aln_famsa2.phy ... Phylip format detected
Alignment most likely contains protein sequences
Constructing alignment: done in 0.00812101 secs using 85.25% CPU
WARNING: 44 sites contain only gaps or ambiguous characters.
Alignment has 1747 sequences with 1212 columns, 1075 distinct patterns
459 parsimony-informative, 298 singleton sites, 455 constant sites
                                  Gap/Ambiguity  Composition  p-value
Analyzing sequences: done in 0.000355959 secs using 663.8% CPU
   1  Centipede3FTx_0001_61981           93.81%    passed     54.95%
   2  Centipede3FTx_0033_61981           90.10%    passed     16.99%
   3  Centipede3FTx_0129_1255758         90.26%    passed     18.88%
   4  A0AAD9K488_IPR045860_1_1-53        95.63%    failed      3.74%
   5  V9IHU1_IPR035076_1_22-80           95.13%    passed     32.86%
   6  A0A2D4PI90_IPR045860_1_3-66        94.72%    failed      0.48%
   7  A0A2Y9P282_IPR045860_2_21-157      88.70%    failed      0.52%
   8  A0A6J3DA86_IPR045860_1_21-76       95.38%    passed     13.81%
   9  A0A6P5A2A8_IPR045860_2_37-126      92.57%    passed     35.74%
  10  A0A7F8QAG4_IPR045860_1_89-140      95.71%    passed     62.94%
  11  A0A8C5QS38_IPR045860_2_242-325     93.07%    failed      2.39%
  12  A0A8R1YLV9_IPR016054_1_5-66        94.88%    passed     65.76%
  13  A0A974CDU6_IPR045860_1_17-166      87.62%    failed      0.00%
  14  A0A9F5IW75_IPR016054_1_29-135      91.17%    passed     85.57%
  15  A0AAD1TA13_IPR045860_1_11-72       94.88%    passed     21.00%
  16  A0AAN9Z724_IPR016054_1_20-119      91.75%    failed      0.09%
  17  A0AAV5TGY1_IPR045860_1_9-91        93.15%    passed      5.40%
  18  A0AAV7Q439_IPR016054_1_135-230     92.08%    passed     54.41%
  19  A6HS05_IPR051445_1_2-93            92.41%    passed     43.28%
  20  F6W179_IPR016054_1_389-462         93.89%    passed     38.72%
  21  A0ABD2F034_IPR026524_1_1-71        94.14%    failed      0.01%
  22  A0A0C2GT18_IPR031424_1_15-130      90.43%    passed     93.73%
  23  A0A0N4XEH7_IPR031424_1_22-147      89.60%    passed     78.16%
  24  A0A1D2NLN9_IPR031424_1_47-153      91.17%    passed     75.92%
  25  A0A5E4M857_IPR031424_1_22-151      89.27%    failed      0.25%
  26  A0A820IC74_IPR031424_1_22-88       94.47%    passed     72.40%
  27  A0A8S1CCR9_IPR031424_1_91-198      91.09%    passed     46.69%
  28  A0A9D4FIS8_IPR031424_1_24-87       94.72%    failed      0.18%
  29  A0AA38HY41_IPR031424_1_139-222     93.07%    passed     18.46%
  30  A0AAD7YTB9_IPR045860_1_21-123      91.50%    passed     71.47%
  31  A0AAD9PC26_IPR031424_1_20-109      92.57%    passed     63.06%
  32  A0AAE1GWL2_IPR031424_1_77-206      89.27%    passed      9.80%
  33  A0AAV4RF83_IPR031424_1_16-72       95.30%    passed     80.60%
  34  A0AAV5UID1_IPR031424_1_7-80        93.89%    passed     34.12%
  35  T1FUE6_IPR045860_2_183-273         92.49%    passed     10.61%
  36  A0A0N4V1D2_IPR045860_1_21-93       93.98%    passed     39.74%
  37  A0A1B0GXA9_IPR045860_1_21-86       94.55%    passed     39.49%
  38  A0A1X7VDD8_IPR045860_1_128-242     90.51%    passed     28.24%
  39  A0A210QJ17_IPR045860_1_35-127      92.33%    passed     17.76%
  40  A0A2I3SXH2_IPR045860_1_25-101      93.65%    passed     70.68%
  41  A0A3S1A7L4_IPR045860_1_37-138      91.58%    passed     46.64%
  42  A0A4S2M8K0_IPR045860_1_123-197     93.81%    passed     14.54%
  43  A0A4U5NHD1_IPR045860_1_2-61        95.05%    passed     29.57%
  44  A0A669BVS0_IPR045860_1_39-98       95.05%    passed     14.50%
  45  A0A6P8H3A5_IPR045860_1_18-100      93.15%    passed     11.12%
  46  A0A6P8QG64_IPR045860_1_1-66        94.55%    passed     65.59%
  47  A0A7G3AGZ0_IPR045860_1_4-85        93.23%    passed     36.80%
  48  A0A7I8VIA7_IPR045860_1_60-153      92.24%    passed     15.16%
  49  A0A7M7L7E2_IPR045860_2_145-210     94.55%    passed     88.28%
  50  A0A821DEK8_IPR045860_1_13-92       93.40%    passed     84.24%
  51  A0A8C9TGN1_IPR045860_1_85-156      94.06%    passed     22.33%
  52  A0A8J0TC19_IPR045860_1_112-201     92.57%    failed      0.83%
  53  A0A8R1E9F7_IPR045860_1_50-124      93.81%    passed     61.31%
  54  A0A8T1N1B6_IPR045860_1_24-95       94.06%    passed     15.44%
  55  A0A8T2IS40_IPR045860_2_1-69        94.31%    failed      1.40%
  56  A0A9W9Y813_IPR045860_1_3-81        93.48%    passed      9.59%
  57  A0AA35VVV8_IPR045860_1_89-139      95.79%    failed      0.53%
  58  A0AAD1W705_IPR045860_1_52-101      95.87%    passed     55.29%
  59  A0AAD9NIP8_IPR045860_1_2-77        93.73%    passed      9.94%
  60  A0AAE0VXI9_IPR045860_1_9-102       92.24%    passed     71.23%
  61  A0AAJ7SM78_IPR045860_1_2-56        95.46%    failed      3.44%
  62  A0AAN8I461_IPR045860_1_1-58        95.21%    passed     13.47%
  63  A0AAV5T1P7_IPR045860_1_14-95       93.23%    passed     31.10%
  64  A0AAV5VD36_IPR045860_1_14-96       93.15%    passed     34.56%
  65  A0AAV6Z5N0_IPR045860_1_60-145      92.90%    passed      8.98%
  66  A0ABD2NYW7_IPR045860_1_27-107      93.32%    passed      9.71%
  67  C3ZZL6_IPR045860_1_583-641         95.13%    passed     43.18%
  68  Q0GAP6_IPR045860_1_20-81           94.88%    passed     27.37%
  69  Centipede3FTx_0002_61981           89.93%    passed     25.12%
  70  Centipede3FTx_0034_61981           91.50%    passed      5.11%
  71  Centipede3FTx_0130_1255758         88.28%    failed      4.22%
  72  A0A2G5UGY6_IPR045860_1_11-84       93.89%    passed     26.34%
  73  A0A452QH48_IPR045860_1_18-78       94.97%    passed      5.30%
  74  A0A643BR30_IPR045860_1_4-67        94.72%    failed      0.06%
  75  A0A6I8RYL8_IPR045860_1_14-87       93.89%    passed      7.24%
  76  A0A8C2RF78_IPR035076_1_32-90       95.13%    passed     47.43%
  77  A0A8C3JMR5_IPR045860_1_1-66        94.55%    passed      9.90%
  78  A0AAN5DDC6_IPR045860_1_29-96       94.39%    failed      2.81%
  79  G3V0Z9_IPR045860_1_12-75           94.72%    passed     13.93%
  80  A0A096LTF5_IPR016054_2_112-188     93.65%    passed     11.57%
  81  A0A0F7JHR5_IPR045860_2_115-198     93.07%    passed     27.30%
  82  A0A0H4AC90_IPR045860_1_1-84        93.07%    passed      5.76%
  83  A0A4D9DJB4_IPR045860_4_567-619     95.63%    failed      0.32%
  84  A0A6I8PU52_IPR016054_2_217-299     93.15%    passed     31.02%
  85  A0A7J8C8R7_IPR016054_1_22-94       93.98%    passed      9.17%
  86  A0A8D0UEP2_IPR026524_1_10-132      89.85%    passed      7.51%
  87  A0A9B0U280_IPR016054_1_21-101      93.32%    failed      0.81%
  88  A0A9L0SSL3_IPR045860_2_59-112      95.54%    passed      9.49%
  89  G1UJB0_IPR045860_2_20-114          92.16%    failed      0.75%
  90  K7E0K4_IPR016054_3_208-300         92.33%    failed      0.03%
  91  M7B2W8_IPR045860_1_103-155         95.63%    failed      0.29%
  92  A0A8C3SCR7_IPR026524_1_6-286       76.82%    failed      0.00%
  93  A0A1A8RH00_IPR039457_1_5-88        93.07%    passed     24.68%
  94  A0A1D1VG99_IPR031424_1_70-203      88.94%    failed      0.00%
  95  A0A1D2NLW9_IPR031424_1_23-153      89.19%    passed     71.35%
  96  A0A226EVU9_IPR031424_1_54-155      91.58%    failed      4.09%
  97  A0A6J1WMJ4_IPR031424_1_24-133      90.92%    passed     60.72%
  98  A0AAV8VRB0_IPR031424_1_21-101      93.32%    passed     18.84%
  99  A1Z8Y5_IPR031424_1_26-123          91.91%    passed     51.52%
 100  A0A0C2MH32_IPR045860_1_1-73        93.98%    passed     96.11%
 101  A0A1D2MG66_IPR045860_1_25-115      92.49%    passed     24.44%
 102  A0A1I7Y769_IPR045860_1_19-117      91.83%    failed      0.07%
 103  A0A1I8IX46_IPR045860_1_319-392     93.89%    passed     12.87%
 104  A0A4S2MLE7_IPR045860_1_36-111      93.73%    passed     59.25%
 105  A0A4U5NI55_IPR045860_1_19-94       93.73%    passed     57.62%
 106  A0A7M5VEA9_IPR045860_1_33-105      93.98%    passed     43.47%
 107  A0A7S3G3U3_IPR045860_1_2-54        95.63%    passed     10.27%
 108  A0A834A2I1_IPR045860_1_24-95       94.06%    passed     64.48%
 109  A0A8B6GU07_IPR045860_1_11-102      92.41%    passed     13.07%
 110  A0A8C5QXT3_IPR045860_1_53-106      95.54%    passed     28.09%
 111  A0A8J5JX50_IPR045860_1_71-166      92.08%    passed     19.10%
 112  A0A8K0F306_IPR045860_1_23-130      91.09%    passed     49.12%
 113  A0A8S3ZH90_IPR045860_1_1-79        93.48%    passed     42.40%
 114  A0A914USH5_IPR045860_1_15-100      92.90%    passed     28.26%
 115  A0A915DFY2_IPR045860_1_15-80       94.55%    passed     55.51%
 116  A0A9P0DTR9_IPR045860_1_1-58        95.21%    passed     78.60%
 117  A0A9P1MMA3_IPR045860_1_27-105      93.48%    passed     10.73%
 118  A0A9W2Z002_IPR045860_1_18-92       93.81%    failed      0.00%
 119  A0A9W9YJ69_IPR045860_1_16-79       94.72%    failed      0.04%
 120  A0AA85JZT4_IPR045860_1_28-94       94.47%    failed      2.28%
 121  A0AAD9NTI8_IPR045860_1_19-83       94.64%    passed     71.20%
 122  A0AAE0W1W7_IPR045860_1_20-75       95.38%    passed     89.33%
 123  A0AAE1GRD3_IPR045860_1_32-133      91.58%    passed     12.77%
 124  A0AAV2PG25_IPR045860_1_44-99       95.38%    passed     38.36%
 125  A0AAV5VD69_IPR045860_1_14-86       93.98%    passed     44.22%
 126  A0AAV6UAT7_IPR045860_1_25-84       95.05%    passed     34.28%
 127  E0W218_IPR045860_1_19-88           94.22%    passed     26.65%
 128  M1ZMI5_IPR045860_1_3-54            95.71%    passed     17.73%
 129  R7VD63_IPR045860_1_180-235         95.38%    passed     42.34%
 130  W5MLI6_IPR045860_1_1-65            94.64%    passed     42.02%
 131  Centipede3FTx_0067_1255758         89.60%    passed      7.06%
 132  Centipede3FTx_0099_984703          92.33%    passed     16.73%
 133  A0A090LL14_IPR003571_1_32-90       95.13%    failed      2.66%
 134  A0A8C3SXJ0_IPR045860_1_14-67       95.54%    passed     72.61%
 135  A0A8C9F6M2_IPR035076_1_14-65       95.71%    passed     33.58%
 136  M3XSN1_IPR045860_1_65-143          93.48%    failed      0.23%
 137  A0A1L6Z9Y5_IPR026524_1_1-149       87.71%    failed      0.02%
 138  A0A2Y9RVA8_IPR016054_1_239-303     94.64%    passed     53.09%
 139  A0A6P7YUZ6_IPR045860_2_114-195     93.23%    passed      6.21%
 140  A0A8J6B5V3_IPR045860_2_124-181     95.21%    passed     19.31%
 141  A0AAD5KP77_IPR016054_1_20-118      91.83%    passed     87.96%
 142  A6J8Z0_IPR016054_1_69-200          89.11%    passed      5.94%
 143  G3VP90_IPR016054_3_210-302         92.33%    passed     10.66%
 144  A0A1L6Z9Z9_IPR026524_1_1-81        93.32%    passed      8.44%
 145  A0A1A8RI45_IPR039457_1_1-66        94.55%    passed      6.83%
 146  A0A7R9G4N8_IPR039457_1_19-129      90.84%    passed     74.69%
 147  A0A0L0BZ61_IPR031424_1_35-125      92.49%    passed     15.50%
 148  A0A1B0GHW8_IPR031424_1_36-128      92.33%    failed      0.08%
 149  A0A1D1VGV8_IPR031424_1_79-178      91.75%    failed      4.55%
 150  A0A226EYN6_IPR031424_1_49-136      92.74%    passed     54.20%
 151  A0A6G1SPW6_IPR031424_1_43-183      88.37%    passed     35.56%
 152  A0A834IJZ1_IPR031424_1_21-82       94.88%    passed     43.19%
 153  A0A8I6RMI4_IPR031424_1_20-124      91.34%    failed      4.99%
 154  A0A8J5MU39_IPR031424_1_24-110      92.82%    passed      6.94%
 155  A0A914WJK0_IPR031424_1_20-145      89.60%    failed      0.00%
 156  A0A9J6CMN1_IPR031424_1_155-254     91.75%    passed     51.59%
 157  A0A9N9WRV6_IPR031424_1_23-109      92.82%    passed     61.08%
 158  A0A0A0QUX4_IPR045860_1_18-69       95.71%    passed     44.12%
 159  A0A0N5AVA4_IPR045860_1_18-110      92.33%    failed      1.66%
 160  A0A1I7Y7B6_IPR045860_1_22-95       93.89%    passed     17.79%
 161  A0A1X7VMF3_IPR045860_1_25-96       94.06%    passed     72.37%
 162  A0A267FE13_IPR045860_1_77-159      93.15%    passed     13.42%
 163  A0A2I0TMY7_IPR045860_1_43-134      92.41%    passed     23.82%
 164  A0A3P7HPH2_IPR045860_1_12-82       94.14%    passed     28.79%
 165  A0A7I8WE53_IPR045860_1_16-88       93.98%    failed      0.26%
 166  A0A7M5VET2_IPR045860_1_1-98        91.91%    passed     11.51%
 167  A0A813PZ80_IPR045860_1_21-87       94.47%    failed      4.07%
 168  A0A818U6W1_IPR045860_1_9-102       92.24%    passed     26.73%
 169  A0A820SNE3_IPR045860_1_69-132      94.72%    failed      0.00%
 170  A0A8C1VYQ5_IPR045860_1_22-81       95.05%    passed     69.61%
 171  A0A8D8EYL6_IPR045860_1_27-148      89.93%    failed      4.38%
 172  A0A914IDC6_IPR045860_1_41-96       95.38%    passed     61.10%
 173  A0A914Z0P7_IPR045860_1_116-196     93.32%    passed     78.23%
 174  A0A9Q0YDX6_IPR045860_1_30-121      92.41%    passed     41.88%
 175  A0AAV5TAP5_IPR045860_1_21-102      93.23%    passed     15.80%
 176  A0AAV7T9C4_IPR045860_1_19-85       94.47%    failed      3.65%
 177  A0ABD1DX19_IPR045860_1_9-71        94.80%    passed     42.05%
 178  B4GU16_IPR045860_1_105-181         93.65%    passed      6.30%
 179  P0DPY0_IPR045860_1_22-106          92.99%    passed     33.95%
 180  Centipede3FTx_0004_61981           91.42%    passed      5.51%
 181  Centipede3FTx_0036_60158           93.98%    passed     80.59%
 182  Centipede3FTx_0100_984703          90.35%    passed     11.39%
 183  A0A8C8T5K9_IPR026110_1_35-140      91.25%    passed      8.60%
 184  A0A820L598_IPR045860_1_27-77       95.79%    failed      0.04%
 185  A0A9D3S5X7_IPR016054_1_19-113      92.16%    failed      0.04%
 186  A0AAW0MGU5_IPR016054_1_35-92       95.21%    failed      0.27%
 187  A0A6P8SIG0_IPR045860_1_116-202     92.82%    passed     54.48%
 188  A0A8C5QSE3_IPR045860_2_37-123      92.82%    failed      0.00%
 189  A0AAD9JMX5_IPR045860_1_29-114      92.90%    passed     24.70%
 190  A0AAV1Q741_IPR016054_1_29-100      94.06%    passed     21.52%
 191  A0AAW0H6Z6_IPR045860_1_18-90       93.98%    passed     16.52%
 192  A0A182SJ17_IPR045860_1_10-115      91.25%    passed     15.33%
 193  A0A1D1VGW6_IPR031424_1_24-132      91.01%    passed     11.89%
 194  A0A1V9XC70_IPR031424_1_23-117      92.16%    passed     60.44%
 195  A0A3M7SL07_IPR031424_1_3-79        93.65%    passed     54.40%
 196  A0A8S2KJM8_IPR031424_1_23-88       94.55%    passed     82.96%
 197  A0AAD8EMJ0_IPR031424_1_22-136      90.51%    failed      3.75%
 198  B4G719_IPR031424_1_24-125          91.58%    passed     43.30%
 199  E9H2D7_IPR031424_1_24-151          89.44%    failed      1.18%
 200  A0A016U7J7_IPR045860_1_34-87       95.54%    passed     37.92%
 201  A0A0C2NE02_IPR045860_1_3-88        92.90%    passed     55.22%
 202  A0A1S3H0Z1_IPR045860_1_32-107      93.73%    passed     87.26%
 203  A0A1V9XGM2_IPR045860_1_3-66        94.72%    passed     27.87%
 204  A0A1X7VNV6_IPR045860_1_29-136      91.09%    failed      4.77%
 205  A0A260Z1G3_IPR045860_1_32-105      93.89%    passed     50.40%
 206  A0A3N0XLF4_IPR045860_1_22-82       94.97%    failed      3.25%
 207  A0A4U5NZH1_IPR045860_1_19-101      93.15%    passed      8.45%
 208  A0A6A0GZJ4_IPR045860_1_10-60       95.79%    failed      4.72%
 209  A0A814D4D4_IPR045860_1_40-103      94.72%    passed     69.65%
 210  A0A814NNU2_IPR045860_1_23-125      91.50%    passed     37.56%
 211  A0A834R8A3_IPR045860_1_1-102       91.58%    passed     10.36%
 212  A0A8B7DGG4_IPR045860_1_44-134      92.49%    failed      0.59%
 213  A0A8C4LH24_IPR045860_2_26-108      93.15%    passed     59.15%
 214  A0A8X6I8W4_IPR045860_1_77-130      95.54%    passed     16.16%
 215  A0A914IDL7_IPR045860_1_43-105      94.80%    passed     21.33%
 216  A0A974HX00_IPR045860_1_27-118      92.41%    passed     20.84%
 217  A0A9D3PWW3_IPR045860_1_25-139      90.51%    passed     17.25%
 218  A0A9D4B431_IPR045860_1_7-87        93.32%    passed      6.22%
 219  A0A9Q0YFA6_IPR045860_1_37-119      93.15%    passed     25.71%
 220  A0AA35WXI3_IPR045860_1_192-289     91.91%    passed      9.16%
 221  A0AA36H002_IPR045860_1_1-57        95.30%    passed     72.37%
 222  A0AA85K4Y5_IPR045860_1_12-156      88.04%    passed      7.03%
 223  A0AA88M7S9_IPR045860_1_5-74        94.22%    failed      0.00%
 224  A0AAD9P4H3_IPR045860_1_15-76       94.88%    passed     18.13%
 225  A0AAN4ZEY9_IPR045860_1_21-99       93.48%    passed     13.96%
 226  A0AAN5DA64_IPR045860_1_36-130      92.16%    passed     22.37%
 227  A0AAN8LXL3_IPR045860_1_17-69       95.63%    failed      1.38%
 228  A0AAV5TBR6_IPR045860_1_17-112      92.08%    passed     39.25%
 229  H2L9T1_IPR045860_1_21-86           94.55%    failed      4.93%
 230  A0A5F4WGV7_IPR042339_1_1-77        93.65%    passed      6.00%
 231  V8N212_IPR045860_1_1-80            93.40%    passed     54.24%
 232  A0A6P7WSC1_IPR016054_1_21-102      93.23%    passed      7.18%
 233  A0A8C5SB45_IPR045860_1_12-76       94.64%    passed     19.83%
 234  A0ABD3WX20_IPR035076_1_66-132      94.47%    passed     29.85%
 235  A0A835ZW53_IPR038773_1_63-169      91.17%    failed      0.00%
 236  A0A4W2E290_IPR051445_1_1-105       91.34%    passed      6.39%
 237  A0A6A1Q7Y6_IPR051445_1_50-140      92.49%    passed     18.76%
 238  A0A8C8W2C3_IPR051445_1_2-76        93.81%    passed     10.55%
 239  A0A8I6AS65_IPR016054_1_152-209     95.21%    passed     24.65%
 240  A0A974CJ28_IPR045860_2_226-329     91.42%    failed      0.01%
 241  A6J8Z2_IPR016054_1_23-96           93.89%    passed     15.64%
 242  D3ZP75_IPR016054_1_20-106          92.82%    failed      1.20%
 243  R7UJ15_IPR039457_1_7-86            93.40%    failed      0.05%
 244  A0A1D1VLF0_IPR031424_1_28-136      91.01%    passed     28.60%
 245  A0A7R8X7B2_IPR045860_1_59-148      92.57%    failed      1.32%
 246  A0A814REP6_IPR031424_1_35-84       95.87%    passed     76.98%
 247  A0A834IMY6_IPR031424_1_24-126      91.50%    failed      0.37%
 248  A0A8J9Y1Z9_IPR031424_1_58-155      91.91%    failed      0.00%
 249  A0A914BR59_IPR031424_1_24-151      89.44%    failed      1.81%
 250  A0A9C6W8C0_IPR031424_1_24-106      93.15%    passed     20.09%
 251  A0A9D4HCE9_IPR031424_1_22-103      93.23%    passed     38.92%
 252  A0A9N9WWP9_IPR031424_1_24-110      92.82%    passed     38.00%
 253  A0A026WAX7_IPR045860_1_1-51        95.79%    passed     79.40%
 254  A0A336LZR2_IPR045860_1_251-335     92.99%    failed      4.67%
 255  A0A498LWD7_IPR045860_1_252-330     93.48%    failed      0.92%
 256  A0A4U1EKV4_IPR045860_1_2-61        95.05%    passed     21.16%
 257  A0A4U5NZP5_IPR045860_1_19-103      92.99%    passed     11.60%
 258  A0A671VFU8_IPR045860_1_64-113      95.87%    passed      5.88%
 259  A0A6J1LKZ0_IPR045860_1_48-147      91.75%    passed     67.64%
 260  A0A7I8X8P6_IPR045860_1_79-163      92.99%    passed     10.96%
 261  A0A814DLA7_IPR045860_1_23-81       95.13%    passed     46.60%
 262  A0A814JKT5_IPR045860_1_6-71        94.55%    passed      6.08%
 263  A0A8B7DHV2_IPR045860_1_20-110      92.49%    failed      2.59%
 264  A0A8I3PXV6_IPR045860_1_14-68       95.46%    passed     37.89%
 265  A0A8J1LF51_IPR045860_2_290-367     93.56%    passed     18.53%
 266  A0A8J5N960_IPR045860_1_12-76       94.64%    failed      1.09%
 267  A0A8S4N0F6_IPR045860_1_34-143      90.92%    failed      0.41%
 268  A0A8T1SCN7_IPR045860_1_21-98       93.56%    passed     70.95%
 269  A0A8T2IYG0_IPR045860_1_18-88       94.14%    passed     39.38%
 270  A0A8W8LHF3_IPR045860_1_41-141      91.67%    passed     45.83%
 271  A0A9J7LLU2_IPR045860_1_21-102      93.23%    passed     17.60%
 272  A0A9W9YJR1_IPR045860_1_20-117      91.91%    passed     43.07%
 273  A0A9X0D834_IPR045860_1_21-105      92.99%    passed      8.00%
 274  A0AAV4D142_IPR045860_1_32-83       95.71%    passed     19.90%
 275  A0AAV5TCP7_IPR045860_1_13-73       94.97%    passed     20.59%
 276  A0AAW1C869_IPR045860_1_16-82       94.47%    passed     11.26%
 277  A0ABD0PZK3_IPR045860_1_34-90       95.30%    passed     43.03%
 278  D3YUY5_IPR045860_1_21-76           95.38%    passed     40.20%
 279  G5CTL9_IPR045860_1_25-122          91.91%    passed     36.25%
 280  A0A8S3V659_IPR045860_1_136-212     93.65%    passed     29.09%
 281  A0A8V0Y3K6_IPR045860_1_18-91       93.89%    passed     71.44%
 282  A0AAD9QQZ4_IPR045860_1_18-112      92.16%    passed     24.51%
 283  A0AAW0MNB0_IPR045860_1_13-78       94.55%    failed      1.51%
 284  A0AB32TH96_IPR045860_2_11-62       95.71%    passed     24.43%
 285  A0A6I9MEH3_IPR038773_1_19-122      91.58%    passed     20.20%
 286  A0A125S9K5_IPR045860_1_18-108      92.49%    passed     72.27%
 287  A0A151M3Z5_IPR045860_6_222-294     93.98%    passed     72.52%
 288  A0A670IQM8_IPR016054_1_23-101      93.48%    failed      0.52%
 289  A0A6P6EZA3_IPR026524_1_1-387       68.07%    failed      0.00%
 290  A0A8I6ASR0_IPR051445_1_50-228      85.23%    failed      0.00%
 291  A0A8J6BKP1_IPR045860_1_11-96       92.90%    failed      0.24%
 292  A0A9B0WY52_IPR045860_1_22-122      91.67%    passed      9.36%
 293  A0AAF3EF36_IPR016054_1_25-131      91.17%    passed     16.35%
 294  A0AAW0PQM6_IPR045860_1_594-663     94.22%    passed     23.51%
 295  A0AAJ7X4X4_IPR039457_1_17-178      86.63%    failed      0.15%
 296  A0A7E6FPW6_IPR031424_1_22-116      92.16%    passed     24.94%
 297  A0A7J7K0Q0_IPR031424_1_36-106      94.14%    failed      0.08%
 298  A0A816N3I8_IPR031424_1_30-116      92.82%    passed     41.97%
 299  A0A820KXX8_IPR031424_1_21-92       94.06%    passed     11.45%
 300  A0A834J2M1_IPR031424_1_53-131      93.48%    passed      9.02%
 301  A0A9Q0M0P1_IPR031424_1_55-148      92.24%    passed     54.09%
 302  A0AAD8EMX0_IPR031424_1_22-137      90.43%    passed     46.44%
 303  A0AAV2AUC6_IPR031424_1_29-123      92.16%    passed     13.51%
 304  A0AAV8W3Q6_IPR031424_1_26-152      89.52%    passed      8.35%
 305  A0ABD2N2U6_IPR031424_1_24-167      88.12%    failed      0.36%
 306  A0A1W0W9F2_IPR045860_1_295-354     95.05%    passed     35.64%
 307  A0A1X7VRX7_IPR045860_1_130-204     93.81%    passed     35.26%
 308  A0A210QMG5_IPR045860_1_21-111      92.49%    passed      8.25%
 309  A0A267FLT7_IPR045860_1_40-116      93.65%    passed     12.21%
 310  A0A3B5M3Y7_IPR045860_1_54-113      95.05%    passed     34.07%
 311  A0A3M0KDK7_IPR045860_1_1076-1149   93.89%    passed     40.26%
 312  A0A6A4UZH6_IPR045860_1_69-125      95.30%    passed     10.03%
 313  A0A7J6A6K8_IPR045860_1_17-81       94.64%    passed     96.08%
 314  A0A7M7HJH9_IPR045860_1_30-120      92.49%    passed     16.77%
 315  A0A8B6BJV3_IPR045860_1_81-166      92.90%    passed     12.43%
 316  A0A8C6GS09_IPR045860_1_35-121      92.82%    passed     32.72%
 317  A0A8R1I3M6_IPR045860_1_23-72       95.87%    passed     13.64%
 318  A0A974HZ79_IPR045860_1_25-111      92.82%    passed      5.77%
 319  A0A9X0D8A0_IPR045860_1_17-104      92.74%    passed      7.41%
 320  A0AAD9USH5_IPR045860_1_5-103       91.83%    passed     65.72%
 321  A0AAF3FK35_IPR045860_1_8-93        92.90%    failed      0.27%
 322  A0AAV2Q5Q0_IPR045860_1_24-122      91.83%    passed      5.61%
 323  A0AAV6G4K1_IPR045860_2_83-145      94.80%    failed      1.51%
 324  F6ZQF4_IPR045860_1_15-103          92.66%    failed      0.00%
 325  G5CTM1_IPR045860_1_35-128          92.24%    passed     17.84%
 326  K1QMD5_IPR045860_1_5-58            95.54%    passed     17.47%
 327  N6TJ42_IPR045860_1_1-78            93.56%    passed     54.30%
 328  P25677_IPR045860_1_1-56            95.38%    passed     48.61%
 329  Centipede3FTx_0071_60158           93.73%    passed      7.16%
 330  P81946_IPR045860_1_1-59            95.13%    passed     18.99%
 331  A0A6J8CXM1_IPR045860_1_45-149      91.34%    passed     40.07%
 332  A0A6P7WY53_IPR045860_1_164-214     95.79%    passed      7.99%
 333  A0A9L0J0W8_IPR045860_1_28-147      90.10%    failed      0.06%
 334  A0A151PIJ3_IPR016054_1_181-271     92.49%    failed      0.00%
 335  A0A484GSD8_IPR016054_1_27-77       95.79%    passed     19.01%
 336  A0A8B7WI12_IPR051445_1_1-137       88.70%    failed      0.49%
 337  A0A8I6AVK8_IPR016054_1_118-200     93.15%    failed      0.81%
 338  A0A974HDB2_IPR045860_2_48-130      93.15%    passed     21.70%
 339  A0A9N9SCS8_IPR045860_1_19-109      92.49%    passed     32.11%
 340  A0AAD4RAP5_IPR045860_1_16-126      90.84%    passed     46.83%
 341  A0AAV6YYU5_IPR045860_2_112-201     92.57%    passed     29.07%
 342  A0AAV7PZR4_IPR045860_2_114-222     91.01%    passed     27.75%
 343  F6Q0C7_IPR016054_3_33-111          93.48%    failed      1.06%
 344  A0A218UKU1_IPR039457_1_6-72        94.47%    passed      8.17%
 345  A0A7K6EXR5_IPR039457_1_1-91        92.49%    failed      4.75%
 346  A0A7R9P8Q2_IPR039457_1_18-166      87.71%    passed     40.70%
 347  A0A8S1CFF1_IPR039457_1_53-150      91.91%    passed     58.06%
 348  A0A094ZV75_IPR031424_1_24-165      88.28%    passed     34.05%
 349  A0A0L8GXK5_IPR045860_1_17-112      92.08%    passed     31.25%
 350  A0A1Y3AYX1_IPR031424_1_8-70        94.80%    passed     13.19%
 351  A0A5K3FB28_IPR031424_1_38-146      91.01%    passed     20.12%
 352  A0A834XXW6_IPR045860_1_25-117      92.33%    failed      3.34%
 353  A0A8I6RRD0_IPR031424_1_24-112      92.66%    passed     13.01%
 354  A0A8J2HNT4_IPR031424_1_6-91        92.90%    passed      7.72%
 355  A0A8K0GPW3_IPR045860_1_20-142      89.85%    passed     47.41%
 356  A0A8W8K4J3_IPR031424_1_23-111      92.66%    passed     83.90%
 357  A0A914WZU6_IPR031424_1_27-149      89.85%    passed     94.28%
 358  A0A9C6XCY0_IPR031424_1_32-81       95.87%    passed     88.04%
 359  A0AAD8EN74_IPR031424_1_25-127      91.50%    passed      9.12%
 360  A0A0N5BF53_IPR045860_1_5-59        95.46%    passed     45.31%
 361  A0A0V0UBI1_IPR045860_1_1-58        95.21%    passed     96.31%
 362  A0A1I7TRJ6_IPR045860_1_37-95       95.13%    passed     79.82%
 363  A0A1I7YII5_IPR045860_1_29-124      92.08%    passed     71.28%
 364  A0A3P8PM98_IPR045860_1_30-81       95.71%    failed      1.44%
 365  A0A674NC48_IPR045860_1_26-86       94.97%    failed      0.13%
 366  A0A6F9ACW7_IPR045860_1_3-82        93.40%    failed      0.15%
 367  A0A6G1S6S7_IPR045860_1_3-110       91.09%    failed      3.07%
 368  A0A6J0DST4_IPR045860_1_34-106      93.98%    passed     67.49%
 369  A0A7M4DZ02_IPR045860_1_32-95       94.72%    passed     75.96%
 370  A0A7R9KQA6_IPR045860_1_1-104       91.42%    passed     73.86%
 371  A0A814EJY6_IPR045860_1_192-247     95.38%    passed     11.90%
 372  A0A814PF60_IPR045860_1_15-104      92.57%    failed      0.08%
 373  A0A8B6ERY4_IPR045860_1_19-100      93.23%    passed     32.49%
 374  A0A8B7DRJ4_IPR045860_1_22-104      93.15%    passed     11.58%
 375  A0A8B8EZV4_IPR045860_1_33-141      91.01%    passed     46.18%
 376  A0A8C4WMJ5_IPR045860_1_21-113      92.33%    passed     41.16%
 377  A0A8C5CHJ5_IPR045860_1_38-115      93.56%    failed      0.40%
 378  A0A8D9BNI4_IPR045860_1_20-113      92.24%    passed      7.87%
 379  A0A8J2WEI1_IPR045860_1_25-109      92.99%    failed      0.34%
 380  A0A8R2D7F4_IPR045860_1_17-111      92.16%    passed     32.17%
 381  A0A9Y3S0M1_IPR045860_1_307-377     94.14%    failed      0.06%
 382  A0AA39HM97_IPR045860_1_20-105      92.90%    passed     95.09%
 383  A0AA39M7A2_IPR045860_1_134-204     94.14%    passed     35.71%
 384  A0AAN4ZHP0_IPR045860_1_23-95       93.98%    passed     25.27%
 385  A0AAV2QD99_IPR045860_1_46-100      95.46%    failed      2.54%
 386  A0AAV4DMW8_IPR045860_1_26-88       94.80%    passed     13.64%
 387  A0AAV5TF97_IPR045860_1_2-72        94.14%    passed     49.48%
 388  A0ABD3WS81_IPR045860_1_27-79       95.63%    passed     40.43%
 389  G5CTM2_IPR045860_1_23-116          92.24%    passed     38.18%
 390  Centipede3FTx_0008_61981           88.20%    failed      3.73%
 391  Centipede3FTx_0040_60158           91.83%    passed      8.09%
 392  Centipede3FTx_0072_61981           90.43%    failed      4.50%
 393  Q2VBN1_IPR045860_1_14-85           94.06%    passed     20.33%
 394  V8N440_IPR003571_1_1-84            93.07%    passed     31.93%
 395  A0A401RYL5_IPR016054_1_20-108      92.66%    passed     37.13%
 396  A0A6P7WY53_IPR045860_2_20-94       93.81%    failed      0.33%
 397  A0A8B6HFD7_IPR016054_2_206-301     92.08%    passed     77.80%
 398  A0A8C3TZZ5_IPR045860_1_29-94       94.55%    passed     92.56%
 399  A0A914SCK2_IPR045860_1_15-108      92.24%    passed     15.32%
 400  A0A8C7AE63_IPR045860_2_121-207     92.82%    failed      0.19%
 401  A0A9D3PHI6_IPR045860_1_19-108      92.57%    failed      1.75%
 402  A0A9Q0X862_IPR045860_3_250-332     93.15%    passed     79.64%
 403  A0AA35PAI4_IPR045860_1_60-147      92.74%    passed     38.10%
 404  H9G8X6_IPR045860_2_210-286         93.65%    passed     12.19%
 405  P0DQX3_IPR045860_2_95-157          94.80%    passed     50.08%
 406  A0A0K0E8P7_IPR031424_1_39-119      93.32%    passed     28.28%
 407  A0A0T6B2U3_IPR031424_1_21-134      90.59%    passed     62.16%
 408  A0A6A0GXP2_IPR031424_1_7-107       91.67%    passed     59.81%
 409  A0A8W8K6C2_IPR031424_1_1-67        94.47%    passed     22.28%
 410  A0A914E4N2_IPR031424_1_2-122       90.02%    passed     12.30%
 411  A0AAW1URC3_IPR045860_1_18-105      92.74%    passed     12.89%
 412  A0A8C9J9W8_IPR051445_1_3-71        94.31%    failed      0.66%
 413  A0A0C9Q3W5_IPR045860_1_27-110      93.07%    passed     58.34%
 414  A0A0V0XGJ1_IPR045860_1_23-115      92.33%    passed     51.93%
 415  A0A182NM64_IPR045860_1_59-148      92.57%    failed      0.08%
 416  A0A2H1W8S6_IPR045860_1_2-65        94.72%    passed     33.12%
 417  A0A4Z2ITI9_IPR045860_1_71-144      93.89%    passed     21.80%
 418  A0A5A9PIR8_IPR045860_1_115-167     95.63%    passed     73.71%
 419  A0A653BZP5_IPR045860_1_25-99       93.81%    passed     20.78%
 420  A0A7R9BN16_IPR045860_1_18-91       93.89%    passed     52.07%
 421  A0A814PKZ4_IPR045860_1_10-63       95.54%    passed     74.67%
 422  A0A8B7DVU4_IPR045860_1_25-125      91.67%    passed     70.36%
 423  A0A8C6V709_IPR045860_1_6-88        93.15%    failed      0.19%
 424  A0A8R1I7U2_IPR045860_1_78-184      91.17%    passed     10.42%
 425  A0A8S1FAB1_IPR045860_1_32-129      91.91%    passed     93.18%
 426  A0A8S4N9T5_IPR045860_1_233-310     93.56%    passed     60.36%
 427  A0A8T2ND24_IPR045860_1_11-87       93.65%    failed      0.06%
 428  A0A915IBA4_IPR045860_1_15-123      91.01%    passed     14.01%
 429  A0A9Y3S0P4_IPR045860_1_45-132      92.74%    failed      0.62%
 430  A0AA36H4S5_IPR045860_1_16-90       93.81%    passed     28.33%
 431  A0AA85K7K8_IPR045860_1_42-119      93.56%    passed     16.63%
 432  A0AAJ7SUB0_IPR045860_1_115-209     92.16%    failed      1.45%
 433  A0AAN4ZP78_IPR045860_1_42-102      94.97%    passed      9.61%
 434  A0AAN8R2E2_IPR045860_1_20-76       95.30%    failed      2.57%
 435  A0ABD3WX44_IPR045860_1_9-65        95.30%    failed      2.68%
 436  A1BX79_IPR045860_1_1-83            93.15%    passed     47.14%
 437  F5CPE3_IPR045860_1_21-74           95.54%    failed      3.99%
 438  H2XNG7_IPR045860_1_15-107          92.33%    failed      1.15%
 439  Q4RE84_IPR045860_1_1-95            92.16%    passed     44.16%
 440  T1EUB6_IPR045860_1_52-116          94.64%    failed      0.00%
 441  Centipede3FTx_0073_61981           87.46%    failed      0.06%
 442  Centipede3FTx_0137_984703          90.92%    passed     42.28%
 443  A0A3M7P5S9_IPR045860_1_24-76       95.63%    passed     10.14%
 444  A0A821GXM4_IPR035076_1_5-65        94.97%    passed      5.50%
 445  A0A915EI99_IPR035076_1_63-120      95.21%    failed      3.56%
 446  A0A8C0LSP2_IPR016054_2_116-200     92.99%    failed      3.56%
 447  A0A8C5PIA8_IPR045860_2_118-180     94.80%    passed     14.46%
 448  A0A8T1RWM6_IPR045860_2_38-138      91.67%    failed      0.49%
 449  A0A8V5GXQ5_IPR045860_1_17-104      92.74%    passed      6.84%
 450  A0AA35QQ05_IPR045860_2_11-97       92.82%    passed     29.49%
 451  A0AA41SX92_IPR016054_5_304-383     93.40%    passed     24.31%
 452  A0A6P5AVG0_IPR039457_1_6-170       86.39%    passed     39.83%
 453  A0A8S1DAU7_IPR039457_1_17-146      89.27%    passed      8.89%
 454  A0A1D1VPY8_IPR031424_1_23-155      89.03%    failed      0.18%
 455  A0A3P6SP30_IPR045860_1_16-117      91.58%    failed      3.10%
 456  A0A6G0TK47_IPR031424_2_131-183     95.63%    passed     42.87%
 457  A0A6J2T4X2_IPR031424_1_20-104      92.99%    failed      4.43%
 458  A0A8B7Y2P5_IPR045860_1_18-113      92.08%    failed      0.00%
 459  A0A8B8F9V4_IPR031424_1_29-79       95.79%    passed     63.56%
 460  A0A8J2J8C2_IPR031424_1_34-125      92.41%    passed     19.15%
 461  A0A9X6NDI1_IPR031424_2_139-238     91.75%    passed     10.51%
 462  A0AAV8WFF7_IPR031424_1_25-136      90.76%    failed      3.21%
 463  A0A026WXJ4_IPR045860_1_1-62        94.88%    passed     91.18%
 464  A0A0L8FP07_IPR045860_1_1-84        93.07%    passed     48.82%
 465  A0A2G5SEQ4_IPR045860_1_27-106      93.40%    passed     79.22%
 466  A0A2I4AR90_IPR045860_1_16-83       94.47%    passed     45.18%
 467  A0A443SL88_IPR045860_1_4-105       91.58%    failed      0.84%
 468  A0A4U5LUR5_IPR045860_1_72-154      93.15%    passed     10.02%
 469  A0A6I9WVB5_IPR045860_1_22-100      93.48%    failed      2.12%
 470  A0A7J5XAJ6_IPR045860_1_23-97       93.81%    passed     59.11%
 471  A0A7M5WWS9_IPR045860_1_13-112      91.75%    passed     89.06%
 472  A0A7R9BZU8_IPR045860_1_6-120       90.51%    passed     25.17%
 473  A0A813QV19_IPR045860_1_43-97       95.46%    passed     17.30%
 474  A0A814ET11_IPR045860_1_41-100      95.05%    passed     28.16%
 475  A0A816AGA0_IPR045860_1_5-119       90.51%    failed      0.08%
 476  A0A816MZY2_IPR045860_1_5-95        92.49%    passed     38.85%
 477  A0A818AUG9_IPR045860_1_44-109      94.55%    passed      7.74%
 478  A0A8B8DLP4_IPR045860_1_57-131      93.81%    passed     25.91%
 479  A0A8C2ZCX5_IPR045860_1_19-91       93.98%    passed     66.50%
 480  A0A8C6LK83_IPR045860_1_27-121      92.16%    passed     63.13%
 481  A0A8C6VN86_IPR045860_1_114-200     92.82%    passed     10.91%
 482  A0A8T2JDC4_IPR045860_1_2-69        94.39%    passed     30.72%
 483  A0A913X4E7_IPR045860_1_20-110      92.49%    passed     11.67%
 484  A0A914EB87_IPR045860_1_16-93       93.56%    failed      4.88%
 485  A0A914LEF1_IPR045860_1_1-77        93.65%    passed      6.75%
 486  A0A914RYS8_IPR045860_1_15-108      92.24%    passed     49.91%
 487  A0A914VDT4_IPR045860_1_18-93       93.73%    passed     12.21%
 488  A0A922HS44_IPR045860_1_16-145      89.27%    passed     56.27%
 489  A0A9D4BW54_IPR045860_1_25-114      92.57%    passed     22.98%
 490  A0A9J6FD86_IPR045860_1_2-55        95.54%    passed     89.81%
 491  A0A9N9RXC6_IPR045860_1_55-149      92.16%    passed     13.64%
 492  A0A9P0J1I0_IPR045860_1_18-73       95.38%    passed     32.92%
 493  A0A9P1HD09_IPR045860_1_6-91        92.90%    failed      2.25%
 494  A0AAE0SFZ8_IPR045860_1_33-155      89.85%    passed     87.97%
 495  A0AAV5TMI4_IPR045860_1_11-114      91.42%    failed      2.53%
 496  A0AAV5W0D6_IPR045860_1_69-122      95.54%    passed     56.31%
 497  G0PFB6_IPR045860_1_18-98           93.32%    passed     47.44%
 498  A0A452UEK3_IPR026110_1_23-77       95.46%    failed      2.27%
 499  A0A818R344_IPR045860_1_32-104      93.98%    passed      6.42%
 500  A0A9Q1E5X7_IPR016054_1_18-93       93.73%    passed      6.20%
 501  A0A9W2ZRV3_IPR045860_1_32-114      93.15%    passed     26.02%
 502  A0AAD4YB02_IPR045860_2_49-104      95.38%    passed     18.89%
 503  W5MCJ5_IPR016054_1_20-106          92.82%    failed      0.00%
 504  A0A6F9CLJ2_IPR045860_3_137-200     94.72%    failed      2.45%
 505  A0AA97KH13_IPR045860_2_20-107      92.74%    passed     35.37%
 506  A0AAV2KTW0_IPR045860_1_114-182     94.31%    failed      0.00%
 507  A0AAV7Q087_IPR045860_1_109-190     93.23%    passed     61.34%
 508  A0ABD2NUY2_IPR045860_1_18-107      92.57%    passed     26.21%
 509  U3KML4_IPR045860_1_43-125          93.15%    passed     14.44%
 510  A0A0L8IDX6_IPR031424_1_6-77        94.06%    passed     72.13%
 511  A0A1B6LMI2_IPR031424_1_21-99       93.48%    passed     50.54%
 512  A0A1D1VSS4_IPR045860_1_22-105      93.07%    failed      4.87%
 513  A0A1I8PHK9_IPR031424_1_26-129      91.42%    passed     20.23%
 514  A0A6P7FF79_IPR031424_1_26-143      90.26%    failed      4.57%
 515  A0A7F5RC65_IPR031424_1_31-168      88.61%    passed      5.88%
 516  A0A813QWV5_IPR031424_1_56-156      91.67%    passed      5.13%
 517  A0A8D8YPC7_IPR031424_1_26-155      89.27%    passed     62.32%
 518  A0AAR5QJX6_IPR031424_1_24-175      87.46%    passed     26.31%
 519  A0ABD2N5Z7_IPR031424_1_25-145      90.02%    failed      1.99%
 520  A0A026WXM5_IPR045860_1_4-58        95.46%    passed     37.07%
 521  A0A195D3E7_IPR045860_1_5-73        94.31%    passed     72.99%
 522  A0A1L8G0F6_IPR045860_1_57-160      91.42%    failed      4.26%
 523  A0A1W0WQR3_IPR045860_1_88-180      92.33%    passed     38.77%
 524  A0A3B5MH29_IPR045860_1_152-222     94.14%    passed     18.22%
 525  A0A401P202_IPR045860_1_22-78       95.30%    passed     13.21%
 526  A0A443SPP0_IPR045860_1_6-84        93.48%    passed     36.85%
 527  A0A454XV36_IPR045860_1_21-94       93.89%    passed     16.05%
 528  A0A4U5LUZ3_IPR045860_1_15-114      91.75%    passed     11.26%
 529  A0A7R9LSG3_IPR045860_1_1-51        95.79%    passed     20.37%
 530  A0A7T8QUM6_IPR045860_1_3-92        92.57%    passed     10.39%
 531  A0A814Q5U4_IPR045860_1_24-92       94.31%    passed     19.78%
 532  A0A914RZA8_IPR045860_1_78-139      94.88%    passed      8.41%
 533  A0A915J3H9_IPR045860_1_226-306     93.32%    passed     10.01%
 534  A0A977PF39_IPR045860_1_22-126      91.34%    passed     13.10%
 535  A0A9P1N1W3_IPR045860_1_11-103      92.33%    passed     88.32%
 536  A0A9Q1I8V0_IPR045860_1_1-66        94.55%    passed     40.59%
 537  A0AA36H857_IPR045860_1_24-95       94.06%    failed      1.44%
 538  A0AA97J5B9_IPR045860_1_19-95       93.65%    passed      8.39%
 539  A0AAV2KZH7_IPR045860_1_20-82       94.80%    passed      6.59%
 540  A0AAV6ZUP7_IPR045860_1_20-81       94.88%    passed     17.62%
 541  A6MIV6_IPR045860_1_17-70           95.54%    passed     40.46%
 542  E3NNI7_IPR045860_1_39-105          94.47%    passed     39.42%
 543  G9D4E4_IPR045860_1_78-167          92.57%    passed     53.00%
 544  Q5C099_IPR045860_1_35-109          93.81%    passed     41.82%
 545  T1F491_IPR045860_1_11-97           92.82%    failed      1.96%
 546  U4UN32_IPR045860_1_66-134          94.31%    passed     23.98%
 547  Centipede3FTx_0011_61981           89.77%    passed     46.68%
 548  Centipede3FTx_0075_61981           92.74%    passed      5.77%
 549  A0A315W4P7_IPR045860_1_1-60        95.05%    passed     67.06%
 550  A0A091GPN7_IPR045860_2_95-146      95.71%    passed     67.35%
 551  G3TYI9_IPR016054_2_164-219         95.38%    passed      6.62%
 552  M7C222_IPR045860_3_8-70            94.80%    passed      9.92%
 553  A0A8T1S5D0_IPR026524_1_5-155       87.54%    failed      0.01%
 554  G3IJA7_IPR039457_1_2-85            93.07%    passed     30.77%
 555  A0A1D1VU07_IPR031424_1_29-119      92.49%    passed     61.99%
 556  A0A1S3KC57_IPR031424_1_20-112      92.33%    failed      3.60%
 557  A0A6A4II55_IPR031424_1_22-134      90.68%    failed      4.06%
 558  A0A6L2PLK9_IPR031424_1_31-84       95.54%    passed     96.59%
 559  A0A8J5UUP8_IPR031424_1_24-113      92.57%    passed     76.54%
 560  A0A9P1HMJ8_IPR031424_1_22-124      91.50%    passed     73.47%
 561  A0AAE9DKX9_IPR031424_1_24-108      92.99%    passed     51.64%
 562  A0AAV2Q359_IPR031424_1_4-107       91.42%    passed     28.22%
 563  N6U7S0_IPR031424_1_20-121          91.58%    failed      0.42%
 564  A0A0E3KK09_IPR045860_1_18-72       95.46%    passed     58.22%
 565  A0A2A6D034_IPR045860_1_57-149      92.33%    passed     92.92%
 566  A0A2K5H6W3_IPR045860_1_25-85       94.97%    passed     79.71%
 567  A0A485N7F4_IPR045860_1_1-79        93.48%    passed     31.15%
 568  A0A672HY15_IPR045860_1_43-105      94.80%    passed     61.34%
 569  A0A6P5A1G0_IPR045860_1_69-125      95.30%    passed     18.70%
 570  A0A7M5X584_IPR045860_1_21-86       94.55%    passed     47.40%
 571  A0A834Y7F0_IPR045860_1_31-132      91.58%    failed      0.47%
 572  A0A8J6AP99_IPR045860_1_159-208     95.87%    failed      2.78%
 573  A0A8M1FMM8_IPR045860_1_11-65       95.46%    passed     26.43%
 574  A0A8S3T3W9_IPR045860_1_33-92       95.05%    passed     81.79%
 575  A0A914ITD3_IPR045860_1_469-533     94.64%    passed     37.68%
 576  A0A915AQ63_IPR045860_1_14-95       93.23%    failed      1.77%
 577  A0A922HWM7_IPR045860_1_189-258     94.22%    passed     64.05%
 578  A0A9J6FJA2_IPR045860_2_260-335     93.73%    passed     30.27%
 579  A0A9P1HH40_IPR045860_1_23-110      92.74%    passed     20.11%
 580  A0AA35KPM3_IPR045860_1_104-193     92.57%    failed      4.94%
 581  A0AA36HBF4_IPR045860_1_43-111      94.31%    passed     20.46%
 582  A0AA39I7H4_IPR045860_1_20-82       94.80%    passed     11.24%
 583  A0AAU9W6W5_IPR045860_1_22-108      92.82%    failed      4.12%
 584  A0AAV7HWB9_IPR045860_3_118-180     94.80%    passed     61.73%
 585  A0AAW0MFM6_IPR045860_1_5-54        95.87%    passed     24.56%
 586  E2AU71_IPR045860_1_231-289         95.13%    passed     55.04%
 587  E4WSQ4_IPR045860_1_2-118           90.35%    passed     10.08%
 588  J7H3I1_IPR045860_1_35-132          91.91%    passed     79.37%
 589  Centipede3FTx_0012_984703          92.08%    failed      1.03%
 590  Centipede3FTx_0140_1255758         86.63%    passed      6.38%
 591  A0A8J9Z921_IPR045860_2_11-93       93.15%    failed      0.42%
 592  A0A8C9JP44_IPR045860_1_32-84       95.63%    passed     76.02%
 593  A0AA39MC99_IPR045860_1_12-92       93.32%    passed     19.91%
 594  A0AAN8BWB3_IPR045860_1_17-72       95.38%    passed     37.54%
 595  A0A2K6FUC7_IPR016054_1_130-181     95.71%    passed      8.24%
 596  A0A7J8BAY1_IPR051445_1_45-121      93.65%    passed      5.70%
 597  A0A803T097_IPR045860_2_113-189     93.65%    passed     29.53%
 598  A0A8C6G4T4_IPR016054_2_12-92       93.32%    passed      8.60%
 599  A0A8C8ZD79_IPR045860_3_211-280     94.22%    passed     14.10%
 600  A0AAV7MS16_IPR016054_1_19-100      93.23%    failed      0.44%
 601  G1U647_IPR026524_1_4-124           90.02%    failed      0.00%
 602  A0A068WMH4_IPR045860_1_37-139      91.50%    passed     80.37%
 603  A0A0T6B6S3_IPR031424_1_22-133      90.76%    passed     72.17%
 604  A0A183MZ51_IPR031424_1_26-124      91.83%    passed     22.39%
 605  A0A1Y1LGN0_IPR045860_1_34-109      93.73%    passed     10.54%
 606  A0A7F5RM31_IPR045860_1_17-109      92.33%    passed     23.96%
 607  A0A7J7K6D5_IPR031424_1_121-210     92.57%    passed     13.17%
 608  A0A9N9TL37_IPR031424_1_20-93       93.89%    passed     97.13%
 609  A0A9P0CKC3_IPR031424_1_24-121      91.91%    passed     10.19%
 610  A0AAE9ECB9_IPR031424_1_30-169      88.45%    passed      5.07%
 611  A0AAW1UZC9_IPR031424_1_19-128      90.92%    passed     33.42%
 612  V4AFQ7_IPR031424_1_44-125          93.23%    passed     59.09%
 613  A0A9W2X6I2_IPR051445_1_47-112      94.55%    passed      5.69%
 614  A0A067RRM3_IPR045860_1_1-78        93.56%    passed     25.91%
 615  A0A0N5BVY0_IPR045860_1_32-99       94.39%    passed     51.31%
 616  A0A1S3IMF4_IPR045860_1_21-96       93.73%    failed      0.08%
 617  A0A267G212_IPR045860_1_35-111      93.65%    failed      0.02%
 618  A0A2I5KCC1_IPR045860_1_22-131      90.92%    passed      5.32%
 619  A0A2P1DVD9_IPR045860_1_24-125      91.58%    passed     28.82%
 620  A0A3N0YL70_IPR045860_1_20-97       93.56%    passed     48.67%
 621  A0A401PND9_IPR045860_1_24-95       94.06%    passed     15.64%
 622  A0A4U5PGP9_IPR045860_1_12-88       93.65%    passed     10.17%
 623  A0A553NEH9_IPR045860_1_44-126      93.15%    passed     14.62%
 624  A0A5F4WEP0_IPR045860_1_159-273     90.51%    failed      4.29%
 625  A0A672L629_IPR045860_1_11-92       93.23%    passed     12.76%
 626  A0A6J8DGY3_IPR045860_1_75-168      92.24%    passed     24.26%
 627  A0A7L3V3L4_IPR045860_1_100-208     91.01%    failed      0.00%
 628  A0A8C5PT57_IPR045860_1_33-104      94.06%    passed      5.84%
 629  A0A8F8ASX3_IPR045860_1_58-126      94.31%    passed     40.49%
 630  A0A8T0BCI2_IPR045860_1_1-59        95.13%    passed     17.55%
 631  A0A915KCD7_IPR045860_1_23-123      91.67%    passed     32.38%
 632  A0A9F3W1W6_IPR045860_1_17-97       93.32%    passed     13.49%
 633  A0A9Q1AX85_IPR045860_1_8-68        94.97%    passed     33.65%
 634  A0A9X0A5Y2_IPR045860_1_18-78       94.97%    failed      2.43%
 635  A0AAD3R410_IPR045860_2_83-145      94.80%    failed      3.25%
 636  A0AAF3J618_IPR045860_1_16-105      92.57%    passed     59.62%
 637  J9ABH8_IPR045860_1_2-67            94.55%    failed      1.84%
 638  L8IZU0_IPR045860_1_26-80           95.46%    passed     36.71%
 639  T1FB38_IPR045860_1_12-101          92.57%    failed      0.79%
 640  W8AZ14_IPR045860_1_27-99           93.98%    passed     32.39%
 641  Centipede3FTx_0045_60158           88.70%    failed      2.65%
 642  Centipede3FTx_0077_61981           89.93%    failed      2.43%
 643  A0A098LYH6_IPR045860_1_13-92       93.40%    passed     15.19%
 644  A0A3B1ISK3_IPR016054_1_43-132      92.57%    failed      1.01%
 645  A0A3M7Q1X2_IPR045860_1_22-121      91.75%    failed      0.14%
 646  A0A8B6CMS2_IPR035076_1_23-72       95.87%    passed     18.03%
 647  A0A8D0BLR1_IPR045860_1_18-75       95.21%    passed     17.82%
 648  A0AAV7V326_IPR045860_1_16-126      90.84%    failed      0.00%
 649  G7PD21_IPR045860_1_47-101          95.46%    passed     24.55%
 650  A0A674J103_IPR045860_2_119-171     95.63%    passed     23.55%
 651  A0A7J8BB03_IPR051445_1_24-122      91.83%    failed      2.54%
 652  A0A8T1RYG7_IPR045860_2_119-196     93.56%    failed      1.47%
 653  A0AA97KDG8_IPR045860_1_76-156      93.32%    passed     24.29%
 654  A0AA97LL31_IPR045860_3_107-193     92.82%    failed      4.28%
 655  A0AAD1SXJ9_IPR045860_1_2-75        93.89%    passed     10.48%
 656  A0AAV7Q0A2_IPR045860_2_111-215     91.34%    passed     20.62%
 657  A0AAW1AWV1_IPR045860_6_1-70        94.22%    passed     31.92%
 658  A0AAN8G8R9_IPR039457_1_5-162       86.96%    failed      0.51%
 659  A0A8J6H8Z6_IPR031424_1_441-544     91.42%    passed     20.90%
 660  A0A9P0NU81_IPR031424_1_23-142      90.10%    passed      5.22%
 661  A0A9X6NF42_IPR031424_1_21-112      92.41%    failed      4.33%
 662  A0A0B2V4Y2_IPR045860_1_13-87       93.81%    passed     43.82%
 663  A0A0K0CWW9_IPR045860_1_1-51        95.79%    passed     52.25%
 664  A0A0N4XE99_IPR045860_1_18-91       93.89%    passed     13.70%
 665  A0A0R3PZF4_IPR045860_1_3-88        92.90%    passed      6.03%
 666  A0A0S7EPF1_IPR045860_1_52-146      92.16%    passed     64.81%
 667  A0A212CDR5_IPR045860_1_10-59       95.87%    passed     29.84%
 668  A0A261CIU9_IPR045860_1_35-107      93.98%    passed     12.49%
 669  A0A369RZI8_IPR045860_1_33-142      90.92%    passed     13.62%
 670  A0A3M6UU69_IPR045860_1_18-113      92.08%    passed      5.70%
 671  A0A3Q0IVC8_IPR045860_1_107-162     95.38%    passed     33.47%
 672  A0A4U5PGR9_IPR045860_1_10-93       93.07%    passed     19.36%
 673  A0A672L668_IPR045860_1_26-94       94.31%    passed     12.95%
 674  A0A6P7XFG3_IPR045860_1_18-96       93.48%    failed      3.29%
 675  A0A6P8F3Q9_IPR045860_1_19-116      91.91%    passed     80.24%
 676  A0A7J7J989_IPR045860_1_4-78        93.81%    passed     57.91%
 677  A0A8C3GTR2_IPR045860_1_48-144      92.00%    failed      0.34%
 678  A0A8D2L5T3_IPR045860_1_24-97       93.89%    passed     68.98%
 679  A0A8K0KJU9_IPR045860_1_171-225     95.46%    failed      3.75%
 680  A0A914VXE6_IPR045860_1_26-103      93.56%    passed      8.91%
 681  A0A9W9YVV7_IPR045860_1_17-120      91.42%    failed      1.45%
 682  A0AA36GN51_IPR045860_1_69-160      92.41%    passed     44.68%
 683  A0AAN5C818_IPR045860_1_20-96       93.65%    failed      3.28%
 684  A0AAN5I4M8_IPR045860_1_14-85       94.06%    passed     27.78%
 685  A0AAV3A1S2_IPR045860_1_26-103      93.56%    passed     49.19%
 686  A0ABD0SGT6_IPR045860_1_31-106      93.73%    failed      2.06%
 687  A0ABD2K7U0_IPR045860_1_59-155      92.00%    passed     72.95%
 688  D1ZZN3_IPR045860_1_25-95           94.14%    failed      0.02%
 689  Q91595_IPR045860_1_26-105          93.40%    passed     19.81%
 690  S4RP23_IPR045860_1_1-76            93.73%    passed     70.92%
 691  W8B4V7_IPR045860_1_35-84           95.87%    passed     34.75%
 692  A0AAV7V3C6_IPR045860_1_12-88       93.65%    failed      0.02%
 693  A0A9J7HAX0_IPR038773_1_34-166      89.27%    passed     10.94%
 694  A0A0B2W4U8_IPR016054_1_131-222     92.41%    passed      5.06%
 695  A0A151MW29_IPR045860_3_115-198     93.07%    failed      2.42%
 696  A0A212DDM8_IPR016054_2_5-77        93.98%    passed     16.05%
 697  A0A2J8IXP7_IPR016054_2_89-153      94.64%    passed      5.95%
 698  A0A8B6F514_IPR045860_1_60-144      92.99%    failed      0.03%
 699  A0A9Q1E5R8_IPR045860_2_20-79       95.05%    failed      4.15%
 700  A0AA35KNY3_IPR016054_2_22-112      92.49%    passed     21.41%
 701  A0AA35PCS3_IPR016054_2_396-445     95.87%    passed     92.26%
 702  A0AAW1AWW4_IPR045860_1_9-61        95.63%    passed     59.97%
 703  W5LVP5_IPR045860_1_3-53            95.79%    passed      9.72%
 704  A0A2U9AV81_IPR039457_1_3-54        95.71%    failed      2.73%
 705  A0A0N5CCS6_IPR031424_1_67-161      92.16%    passed     43.32%
 706  A0A7J7K703_IPR031424_1_20-92       93.98%    passed      9.00%
 707  A0A8B7YKX8_IPR031424_1_21-134      90.59%    failed      4.69%
 708  A0A8J6HAG2_IPR031424_1_268-342     93.81%    passed     20.38%
 709  A0AAJ6VZY4_IPR031424_1_28-113      92.90%    passed     42.24%
 710  A0ABD0SQC7_IPR031424_1_5-76        94.06%    passed     64.84%
 711  A0A068X2C6_IPR045860_1_1-74        93.89%    passed     58.13%
 712  A0A0B2V788_IPR045860_1_40-119      93.40%    passed     47.94%
 713  A0A139WKZ1_IPR045860_1_19-105      92.82%    passed     17.95%
 714  A0A1I7Z4P0_IPR045860_1_20-117      91.91%    passed     77.98%
 715  A0A1J1IMZ0_IPR045860_1_172-248     93.65%    failed      0.37%
 716  A0A4D9DQ93_IPR045860_1_5-88        93.07%    passed     39.52%
 717  A0A4U5M1C9_IPR045860_1_13-93       93.32%    passed     49.82%
 718  A0A5F9DD18_IPR045860_2_120-204     92.99%    failed      0.28%
 719  A0A673CMW7_IPR045860_1_1-62        94.88%    passed     90.37%
 720  A0A6I8Q673_IPR045860_1_22-78       95.30%    failed      0.05%
 721  A0A6J2WKY8_IPR045860_2_1-78        93.56%    passed      9.35%
 722  A0A6P8J5F2_IPR045860_1_29-134      91.34%    passed      9.58%
 723  A0A6P8NVL9_IPR045860_1_19-99       93.32%    failed      0.03%
 724  A0A6P8R0I9_IPR045860_1_21-122      91.58%    passed     33.63%
 725  A0A7J7K4I5_IPR045860_1_100-196     92.00%    passed     87.45%
 726  A0A7M5X657_IPR045860_1_43-96       95.54%    failed      3.14%
 727  A0A815RKE6_IPR045860_1_585-644     95.05%    passed     25.60%
 728  A0A817TEU8_IPR045860_1_40-101      94.88%    failed      1.52%
 729  A0A8B7PBL7_IPR045860_1_71-178      91.09%    failed      0.02%
 730  A0A8C4SSB6_IPR045860_1_19-84       94.55%    passed      7.39%
 731  A0A8S1GQN7_IPR045860_1_21-103      93.15%    failed      4.68%
 732  A0A9W9YWP2_IPR045860_1_22-108      92.82%    passed     10.37%
 733  A0AAF3JBN4_IPR045860_1_9-84        93.73%    failed      0.63%
 734  A0AAV6GIL3_IPR045860_1_31-81       95.79%    passed      9.11%
 735  E2B602_IPR045860_1_38-100          94.80%    passed     14.05%
 736  Q0GAB5_IPR045860_1_20-85           94.55%    passed     49.63%
 737  Centipede3FTx_0015_1255758         87.38%    passed     17.52%
 738  Centipede3FTx_0047_60158           92.74%    passed     70.88%
 739  Centipede3FTx_0111_984703          90.26%    passed     26.92%
 740  A0A2I0TLL8_IPR045860_1_6-59        95.54%    passed     15.02%
 741  A0A3P9MIP7_IPR045860_2_3-66        94.72%    passed     45.40%
 742  A0A7S1U4Z0_IPR045860_1_8-90        93.15%    failed      0.32%
 743  A0A818WR27_IPR045860_1_9-78        94.22%    failed      0.47%
 744  A0AAN8FGD8_IPR045860_1_6-82        93.65%    passed     24.21%
 745  A0AAV7V3D2_IPR045860_1_18-71       95.54%    passed     28.52%
 746  A0A3Q4BL76_IPR045860_2_19-87       94.31%    passed      7.49%
 747  A0A674J133_IPR045860_2_202-284     93.15%    failed      1.97%
 748  A0A6B0S3L6_IPR045860_2_202-274     93.98%    passed     11.30%
 749  A0A7J7JX39_IPR045860_1_15-109      92.16%    passed      5.13%
 750  A0A9D4B4C9_IPR045860_1_28-84       95.30%    passed     79.02%
 751  A0A9Q0YG57_IPR016054_1_228-322     92.16%    passed      7.51%
 752  A0A9X9LR61_IPR051445_1_18-78       94.97%    passed      8.08%
 753  A0AA35KNY3_IPR045860_3_234-311     93.56%    failed      3.53%
 754  A0AAV7PWP4_IPR045860_2_114-166     95.63%    passed     38.59%
 755  A0A1L6ZA22_IPR026524_1_1-54        95.54%    failed      4.86%
 756  A0A8C6VKX5_IPR026524_1_26-317      75.91%    passed     10.46%
 757  A0A1D1W0Z2_IPR045860_1_21-110      92.57%    passed     28.04%
 758  A0A2J7RCP2_IPR031424_1_20-94       93.81%    passed     68.43%
 759  A0A419QDL7_IPR031424_1_49-135      92.82%    passed     29.02%
 760  A0A553PQ88_IPR031424_1_65-138      93.89%    passed      9.08%
 761  A0A6A4J1W8_IPR031424_1_23-124      91.58%    passed     57.55%
 762  A0A8D9EEC0_IPR045860_1_36-100      94.64%    passed     43.68%
 763  A0A8S3ZD21_IPR045860_1_1-90        92.57%    passed     57.14%
 764  A0A9Q0MUQ9_IPR031424_1_22-152      89.19%    passed     29.85%
 765  A0AAW1KEF1_IPR031424_1_22-122      91.67%    failed      2.40%
 766  A0A0A0QVT0_IPR045860_1_1-59        95.13%    passed     76.20%
 767  A0A0B1S3M7_IPR045860_1_18-91       93.89%    passed     67.76%
 768  A0A2G8KSN0_IPR045860_1_1-52        95.71%    passed     15.87%
 769  A0A369SFB3_IPR045860_1_30-118      92.66%    passed     71.71%
 770  A0A3M6V1V9_IPR045860_1_24-100      93.65%    passed      8.35%
 771  A0A482WBZ3_IPR045860_1_23-97       93.81%    passed     37.13%
 772  A0A4U5M1E1_IPR045860_1_33-149      90.35%    passed     16.36%
 773  A0A672J2F4_IPR045860_1_20-76       95.30%    failed      0.04%
 774  A0A6F9AWL3_IPR045860_3_79-133      95.46%    passed     44.82%
 775  A0A7J8AY79_IPR045860_1_29-112      93.07%    passed     86.94%
 776  A0A7K8YTB0_IPR045860_1_7-87        93.32%    failed      0.00%
 777  A0A7M5X6C4_IPR045860_1_26-115      92.57%    failed      1.64%
 778  A0A7R8W3R3_IPR045860_1_82-181      91.75%    passed     40.54%
 779  A0A811KAY1_IPR045860_1_14-122      91.01%    passed     73.68%
 780  A0A816RLQ1_IPR045860_1_5-78        93.89%    failed      0.00%
 781  A0A821LEG1_IPR045860_2_139-203     94.64%    failed      4.37%
 782  A0A8B7PH04_IPR045860_1_27-104      93.56%    passed     14.58%
 783  A0A8C5MR88_IPR045860_1_23-95       93.98%    passed     20.24%
 784  A0A8I3WKN2_IPR045860_1_80-163      93.07%    passed     13.62%
 785  A0A8J9Z2A7_IPR045860_1_24-121      91.91%    passed      5.53%
 786  A0A913YSX5_IPR045860_1_1-83        93.48%    passed     28.69%
 787  A0A914IY65_IPR045860_1_181-248     94.39%    passed     42.52%
 788  A0A9N9T6H2_IPR045860_1_5-56        95.71%    passed     16.35%
 789  A0A9P1HRW4_IPR045860_1_35-101      94.47%    passed     19.21%
 790  A0A9W7WT82_IPR045860_1_8-63        95.38%    passed     10.27%
 791  A0AA35PDW3_IPR045860_1_17-98       93.23%    passed     19.39%
 792  A0AA97KCV8_IPR045860_1_33-91       95.13%    failed      2.49%
 793  A0AAD9Q6B2_IPR045860_1_25-107      93.15%    failed      2.50%
 794  A0AAE1Q6Z9_IPR045860_1_4-71        94.39%    passed     63.55%
 795  A0AAN7VHR4_IPR045860_1_15-112      91.91%    passed     38.38%
 796  A2BI28_IPR045860_1_15-83           94.31%    failed      2.02%
 797  T1GBA5_IPR045860_1_46-120          93.81%    passed     78.83%
 798  Centipede3FTx_0016_60158           87.87%    passed      5.01%
 799  Centipede3FTx_0080_61981           94.97%    passed     44.13%
 800  A0A454XXZ8_IPR045860_1_9-90        93.23%    failed      0.92%
 801  A0A6P7ZHU5_IPR016054_1_21-102      93.23%    failed      1.25%
 802  A0A814ASR0_IPR045860_1_26-113      92.74%    passed      7.32%
 803  A0A7J7SCZ8_IPR045860_3_211-261     95.79%    failed      3.50%
 804  A0A8J1JZC7_IPR045860_1_104-177     93.89%    passed     67.13%
 805  A0A8J1LAE3_IPR016054_1_18-111      92.24%    failed      1.29%
 806  A0A8T1S1I7_IPR045860_1_114-183     94.22%    passed      7.24%
 807  A0A8T2IRT7_IPR045860_2_115-195     93.32%    failed      0.30%
 808  A0AA40HIG7_IPR045860_1_38-190      87.38%    failed      0.00%
 809  A0AAV6ZHU2_IPR045860_2_1-71        94.14%    failed      0.46%
 810  A0A2G8LPQ2_IPR039457_1_28-79       95.71%    passed     21.46%
 811  A0A814JAT2_IPR039457_1_21-152      89.11%    failed      0.06%
 812  A0A0C9R4W4_IPR045860_1_44-107      94.72%    passed     25.00%
 813  A0A182UDP1_IPR031424_1_44-102      95.13%    passed     59.06%
 814  A0A1W0WDQ5_IPR031424_1_33-112      93.40%    failed      1.92%
 815  A0A553PQL1_IPR045860_1_17-98       93.23%    failed      0.34%
 816  A0A7G3AA29_IPR031424_1_25-147      89.85%    failed      0.02%
 817  A0A7I8VUV2_IPR031424_1_20-103      93.07%    passed     63.28%
 818  A0A8J2WFD8_IPR045860_1_38-136      91.83%    passed     48.50%
 819  A0A8S4PVE8_IPR031424_1_67-162      92.08%    passed     10.87%
 820  A0A915BLD6_IPR031424_1_24-112      92.66%    passed     20.91%
 821  A0A9J6BBX8_IPR031424_1_21-133      90.68%    failed      0.02%
 822  A0AAD5N1P7_IPR031424_1_105-184     93.40%    passed     14.93%
 823  A0AAD8AAY3_IPR045860_1_21-109      92.66%    failed      2.85%
 824  A0A0B2V963_IPR045860_1_20-161      88.28%    passed     17.24%
 825  A0A0D6LIU7_IPR045860_1_14-89       93.73%    passed     17.58%
 826  A0A0E3N0J1_IPR045860_2_115-164     95.87%    passed     56.25%
 827  A0A0N4XU23_IPR045860_1_25-89       94.64%    failed      0.42%
 828  A0A0N5CIB9_IPR045860_1_21-101      93.32%    passed     21.70%
 829  A0A177B4S8_IPR045860_1_239-330     92.41%    failed      2.98%
 830  A0A1A7YGD8_IPR045860_1_49-105      95.30%    passed     22.11%
 831  A0A1J1J8J8_IPR045860_1_28-143      90.43%    failed      3.54%
 832  A0A383VF68_IPR045860_1_50-110      94.97%    failed      2.56%
 833  A0A3Q7P0E8_IPR045860_1_12-95       93.07%    passed     19.34%
 834  A0A553P0D0_IPR045860_1_16-102      92.82%    passed     60.57%
 835  A0A672YFI7_IPR045860_1_22-86       94.64%    passed     34.39%
 836  A0A6J2X9Y7_IPR045860_1_20-106      92.82%    passed     45.95%
 837  A0A6P5AG42_IPR045860_1_44-127      93.07%    failed      1.88%
 838  A0A7M7PG63_IPR045860_1_235-318     93.07%    failed      0.47%
 839  A0A7R9MV90_IPR045860_1_1-81        93.32%    passed     99.00%
 840  A0A811KCP2_IPR045860_1_7-113       91.17%    passed     23.90%
 841  A0A814Z966_IPR045860_1_73-127      95.46%    passed     54.47%
 842  A0A8B8CBB0_IPR045860_1_86-154      94.31%    passed     15.14%
 843  A0A8C1EVR4_IPR045860_1_71-129      95.13%    passed     14.58%
 844  A0A8C1KXS0_IPR045860_1_84-135      95.71%    failed      1.17%
 845  A0A8C6Z7D6_IPR045860_1_23-78       95.38%    passed     15.74%
 846  A0A8C7ZF54_IPR045860_1_18-73       95.38%    passed     16.52%
 847  A0A8S9YT03_IPR045860_1_16-94       93.48%    failed      4.72%
 848  A0A913X5E8_IPR045860_1_141-238     91.91%    passed     36.26%
 849  A0A914SUI1_IPR045860_1_21-95       93.81%    failed      1.02%
 850  A0A9D4DCW9_IPR045860_1_128-204     93.65%    passed     49.97%
 851  A0A9Q0RI29_IPR045860_1_1-77        93.65%    passed     58.57%
 852  A0A9W9YWU5_IPR045860_2_41-125      92.99%    passed     20.21%
 853  A0AA36DFK1_IPR045860_1_24-105      93.23%    passed     60.95%
 854  A0AA85J9Z2_IPR045860_1_24-107      93.07%    passed     62.79%
 855  A0AAD9JRU8_IPR045860_1_132-199     94.39%    failed      2.07%
 856  A0AAJ7XFC9_IPR045860_1_33-108      93.73%    failed      4.23%
 857  A0AAV0A307_IPR045860_1_17-95       93.48%    failed      4.06%
 858  A0AAW0PGG7_IPR045860_2_12-74       94.80%    failed      0.35%
 859  L8YE21_IPR045860_1_1-53            95.63%    passed      6.83%
 860  Centipede3FTx_0081_61981           87.21%    failed      1.08%
 861  Centipede3FTx_0145_984703          91.83%    failed      3.76%
 862  A0AA35P1B0_IPR039237_1_1-124       89.77%    passed     22.93%
 863  A0A1S3T2Q1_IPR045860_2_23-147      89.69%    failed      0.84%
 864  A0A2I0TLQ1_IPR016054_1_21-168      87.79%    passed     16.18%
 865  A0A9D4BTS2_IPR045860_1_105-191     92.82%    passed     87.19%
 866  A6HS10_IPR045860_1_68-117          95.87%    failed      1.07%
 867  L5KM81_IPR045860_1_20-179          86.80%    failed      0.00%
 868  A0A4Z2D990_IPR045860_1_6-60        95.46%    passed     23.09%
 869  A0A672HY17_IPR045860_2_27-104      93.56%    passed     16.56%
 870  A0A6G0ITJ9_IPR045860_1_9-91        93.15%    passed     31.00%
 871  A0A8T2IS80_IPR045860_1_14-109      92.08%    passed     21.10%
 872  A0AA35VVV1_IPR016054_1_6-80        93.81%    passed     41.97%
 873  A0AA97KEJ2_IPR045860_2_1-68        94.39%    passed      9.30%
 874  A0AAD1T6T7_IPR045860_1_41-120      93.40%    failed      1.63%
 875  A0A7L0LNB4_IPR045860_1_33-97       94.64%    passed     13.15%
 876  A0AAV7UJD8_IPR045860_1_6-89        93.07%    passed     30.09%
 877  A0A7J7KIG9_IPR031424_1_23-118      92.08%    failed      2.52%
 878  A0A9P0JJI4_IPR031424_1_59-134      93.73%    passed     83.64%
 879  A0A9P0P6C9_IPR045860_1_22-118      92.00%    failed      0.89%
 880  A0A9X6RK53_IPR031424_1_34-86       95.63%    passed     49.99%
 881  A0AAD8AAZ8_IPR031424_1_21-128      91.09%    passed     19.03%
 882  A0AAV8YRX0_IPR045860_1_23-110      92.74%    passed     81.50%
 883  A0A074ZFN4_IPR045860_1_116-168     95.63%    passed      9.65%
 884  A0A0N1PIF7_IPR045860_1_2-80        93.48%    passed     40.45%
 885  A0A1D1UJY4_IPR045860_1_22-124      91.50%    passed      5.23%
 886  A0A2B4T2Y2_IPR045860_1_22-110      92.66%    passed     20.40%
 887  A0A2G8KWS2_IPR045860_1_32-136      91.34%    passed     40.69%
 888  A0A3B0JWF2_IPR045860_1_25-94       94.22%    passed     62.11%
 889  A0A3M6V5B7_IPR045860_1_32-117      92.90%    passed     87.88%
 890  A0A3Q0RTA1_IPR045860_1_21-77       95.30%    passed     73.45%
 891  A0A3S2PCT2_IPR045860_2_52-104      95.63%    passed     29.46%
 892  A0A6F9DV81_IPR045860_1_21-117      92.00%    failed      2.26%
 893  A0A7J7R911_IPR045860_1_301-379     93.48%    failed      0.00%
 894  A0A814TJZ5_IPR045860_1_12-117      91.25%    failed      4.08%
 895  A0A8C2P149_IPR045860_1_56-110      95.46%    passed     34.75%
 896  A0A8C4RAU9_IPR045860_1_25-113      92.66%    passed     50.07%
 897  A0A8C9F626_IPR045860_1_38-116      93.48%    passed     29.68%
 898  A0A8D8NQH8_IPR045860_1_2-93        92.41%    passed     36.23%
 899  A0A8S3DI61_IPR045860_1_18-78       94.97%    passed     43.30%
 900  A0A8S4PCU4_IPR045860_1_21-110      92.57%    passed     19.03%
 901  A0A915BK86_IPR045860_1_23-119      92.00%    passed     65.37%
 902  A0A9X0A6E7_IPR045860_1_115-197     93.15%    passed     30.09%
 903  A0AA36DG82_IPR045860_1_71-136      94.55%    passed     89.58%
 904  A0AAD8EEK7_IPR045860_1_3-61        95.13%    passed     10.54%
 905  A0AAD9JZG4_IPR045860_1_52-152      91.67%    failed      2.50%
 906  A0AAF3EK38_IPR045860_2_454-508     95.46%    failed      2.76%
 907  A0AAN8WWG0_IPR045860_1_52-159      91.09%    passed     16.61%
 908  A0AAU9XBH8_IPR045860_1_26-98       93.98%    passed     25.65%
 909  A0AAV2RAV7_IPR045860_1_21-125      91.34%    passed     52.18%
 910  A0AAV4HYB8_IPR045860_1_806-874     94.31%    failed      0.84%
 911  A0AAW0MKZ9_IPR045860_1_6-86        93.32%    failed      2.97%
 912  A0AAW1UIJ1_IPR045860_1_22-124      91.50%    passed     10.55%
 913  A7RR40_IPR045860_1_16-114          91.83%    passed     44.31%
 914  Centipede3FTx_0018_1255758         88.28%    failed      3.85%
 915  Centipede3FTx_0082_61981           92.00%    failed      0.09%
 916  Centipede3FTx_0114_984703          90.59%    failed      0.66%
 917  A0A7J8GR77_IPR039237_1_28-103      93.73%    failed      1.10%
 918  A0A8D2B8Y1_IPR035076_1_16-82       94.47%    failed      1.97%
 919  A0AAF3EX73_IPR045860_1_18-106      92.66%    passed     28.45%
 920  A0A452RA57_IPR038773_1_89-159      94.14%    failed      0.00%
 921  A0A6P8HNU1_IPR016054_1_22-103      93.23%    passed     32.10%
 922  A0A851KA47_IPR039457_1_1-82        93.23%    passed     33.78%
 923  A0A1B6EBJ6_IPR031424_1_5-77        93.98%    failed      3.66%
 924  A0A1W0WFV8_IPR031424_1_22-108      92.82%    passed     38.18%
 925  A0A813SHY2_IPR031424_1_40-132      92.33%    passed     41.66%
 926  A0A8S4PWZ4_IPR031424_1_125-235     90.84%    passed     12.79%
 927  A0A915DCF7_IPR031424_1_72-158      92.82%    passed     42.93%
 928  A0A9P0JQD5_IPR031424_1_24-109      92.90%    passed     47.09%
 929  A0AAD8AD41_IPR031424_1_21-105      92.99%    passed     17.60%
 930  A0AAW1L336_IPR031424_1_24-101      93.56%    passed     28.39%
 931  A0A085NDT4_IPR045860_1_28-150      89.85%    passed     56.42%
 932  A0A0K0DTX4_IPR045860_1_17-108      92.41%    failed      0.01%
 933  A0A1I7UV27_IPR045860_1_12-86       93.81%    passed     40.21%
 934  A0A267H8E8_IPR045860_1_251-319     94.31%    failed      0.87%
 935  A0A2A6B673_IPR045860_1_17-106      92.57%    passed     59.22%
 936  A0A3Q1EFH7_IPR045860_1_1-54        95.54%    passed     83.64%
 937  A0A498NQ74_IPR045860_1_77-126      95.87%    passed     31.45%
 938  A0A4U5M488_IPR045860_1_21-104      93.07%    failed      0.36%
 939  A0A553PG42_IPR045860_1_25-155      89.19%    passed     44.89%
 940  A0A5N5SJ70_IPR045860_1_66-143      93.56%    failed      1.83%
 941  A0A6F9DVC4_IPR045860_1_19-124      91.25%    passed     17.16%
 942  A0A8C5CYP2_IPR045860_1_6-99        92.24%    passed     13.02%
 943  A0A8D3AVK4_IPR045860_1_2-76        93.81%    passed     78.17%
 944  A0A8D8NQM4_IPR045860_1_50-145      92.08%    passed     24.03%
 945  A0A8S9YVM8_IPR045860_1_19-84       94.55%    passed      5.56%
 946  A0A8T2L074_IPR045860_1_47-115      94.31%    passed     19.23%
 947  A0A914FFU1_IPR045860_1_18-88       94.14%    passed      8.16%
 948  A0A914J1B6_IPR045860_1_5-69        94.64%    failed      2.21%
 949  A0A9U8EMM2_IPR045860_1_28-121      92.24%    passed     25.57%
 950  A0AA39IQY4_IPR045860_1_86-161      93.73%    passed     68.47%
 951  A0AA47N0X1_IPR045860_1_2-72        94.14%    failed      0.59%
 952  A0AAD8A6M0_IPR045860_1_2-72        94.14%    failed      3.21%
 953  A0AAD9K5S4_IPR045860_1_22-84       94.80%    passed     25.06%
 954  A0AAN8XCL9_IPR045860_1_23-72       95.87%    passed     27.05%
 955  A0AAV6ZHX9_IPR045860_2_104-184     93.32%    failed      3.47%
 956  A0AAV7JZ97_IPR045860_1_22-111      92.57%    passed     21.94%
 957  A0AAW0ML87_IPR045860_1_117-180     94.72%    failed      0.55%
 958  A0AAW1AWZ8_IPR045860_1_229-317     92.66%    passed     33.81%
 959  A7RU85_IPR045860_1_23-112          92.57%    passed     31.66%
 960  C3YF08_IPR045860_1_20-88           94.31%    failed      0.01%
 961  M4H2H9_IPR045860_1_17-79           94.80%    failed      0.14%
 962  Centipede3FTx_0019_1255758         91.50%    passed     61.94%
 963  Centipede3FTx_0083_61981           94.88%    failed      0.01%
 964  A0A6I8N2M3_IPR042339_1_9-118       90.92%    failed      0.55%
 965  A0A8J6A6H0_IPR026110_1_1-85        92.99%    failed      0.01%
 966  A0A444V7R9_IPR045860_4_17-88       94.06%    failed      0.19%
 967  A0A6B0RUV3_IPR016054_1_15-109      92.16%    failed      0.64%
 968  A0A814DSB1_IPR045860_1_26-110      92.99%    passed     12.72%
 969  A0A8C4TDL5_IPR045860_7_288-362     93.81%    failed      3.02%
 970  A0A8S3SG34_IPR045860_1_97-190      92.24%    passed     37.50%
 971  A0AAF3J2H5_IPR045860_1_22-105      93.07%    passed      5.55%
 972  A0A401PTF8_IPR045860_2_108-173     94.55%    passed     43.81%
 973  A0A6G0IXG8_IPR016054_1_34-100      94.47%    passed     14.00%
 974  A0A6P9CDN4_IPR045860_1_18-99       93.23%    passed     73.25%
 975  A0A821PA83_IPR045860_1_4-76        93.98%    passed     74.33%
 976  A0A8C0G175_IPR045860_1_86-158      93.98%    passed      7.49%
 977  A0A914DRE6_IPR045860_1_105-185     93.32%    passed     37.29%
 978  A0AAV7PWX0_IPR016054_2_30-123      92.24%    passed     20.52%
 979  A0AAX7UM57_IPR016054_2_111-197     92.82%    failed      1.03%
 980  G3UAV3_IPR016054_1_27-106          93.40%    passed      5.21%
 981  A0A1L6ZA41_IPR026524_1_10-69       95.05%    passed     49.21%
 982  A0AAD9DYH2_IPR039457_1_47-98       95.71%    passed     82.36%
 983  A0A226CXW4_IPR031424_1_209-319     90.84%    passed     28.36%
 984  A0A2K8JML4_IPR031424_1_22-151      89.27%    failed      0.50%
 985  A0A8K0DCZ5_IPR031424_1_22-127      91.25%    passed     55.55%
 986  A0A8S1DL92_IPR031424_1_27-148      89.93%    passed     43.87%
 987  A0A9P0CUQ1_IPR031424_1_6-72        94.47%    failed      2.04%
 988  A0A9X6RMU7_IPR045860_1_25-110      92.90%    passed     58.01%
 989  A0A1D1UYT9_IPR045860_1_21-129      91.01%    passed     24.86%
 990  A0A2A6B6L1_IPR045860_1_100-180     93.32%    passed     18.50%
 991  A0A2J7QX46_IPR045860_1_41-138      91.91%    failed      3.56%
 992  A0A4U5M493_IPR045860_1_38-124      92.82%    passed     23.25%
 993  A0A665TET0_IPR045860_1_28-104      93.65%    passed     74.62%
 994  A0A671NB32_IPR045860_1_16-104      92.66%    failed      0.00%
 995  A0A673LHZ0_IPR045860_1_21-85       94.64%    passed      6.12%
 996  A0A673M2A3_IPR045860_1_29-111      93.15%    passed     82.89%
 997  A0A6V7LM87_IPR045860_1_10-69       95.05%    passed     64.71%
 998  A0A814TN66_IPR045860_1_28-106      93.48%    passed     32.65%
 999  A0A8C4N7W8_IPR045860_1_1-66        94.55%    passed     28.65%
1000  A0A8C9JH24_IPR045860_1_16-78       94.80%    failed      0.18%
1001  A0A8I3NIA7_IPR045860_1_56-108      95.63%    passed      5.12%
1002  A0A8I6TGV3_IPR045860_1_38-140      91.50%    passed     38.42%
1003  A0A8T0FTV2_IPR045860_1_20-120      91.67%    passed      7.26%
1004  A0A8W8J872_IPR045860_1_62-157      92.08%    passed     93.37%
1005  A0A9J7NCX6_IPR045860_1_18-132      90.51%    failed      0.02%
1006  A0A9P1HUP2_IPR045860_1_96-187      92.41%    passed     79.20%
1007  A0A9X0A6N9_IPR045860_1_22-111      92.57%    failed      3.28%
1008  A0AA97KGB0_IPR045860_1_83-147      94.64%    passed     21.08%
1009  A0AAD9K836_IPR045860_1_33-114      93.23%    passed     64.74%
1010  A0AAU9WAK8_IPR045860_1_10-116      91.17%    failed      0.01%
1011  A0AAV2RSX4_IPR045860_1_63-119      95.30%    failed      0.51%
1012  A0AAW1AXJ7_IPR045860_1_17-75       95.13%    passed     27.68%
1013  A0ABD2XGH3_IPR045860_1_42-140      91.83%    passed     20.82%
1014  K1RXF0_IPR045860_1_16-71           95.38%    passed     87.87%
1015  Q9UAG0_IPR045860_1_135-224         92.57%    failed      4.63%
1016  Centipede3FTx_0020_1255758         94.64%    passed     51.79%
1017  Centipede3FTx_0116_1255758         92.00%    passed     14.43%
1018  A0A7J8GS23_IPR039237_1_3-72        94.22%    failed      3.54%
1019  A0A8C8TND6_IPR039237_1_1-58        95.21%    failed      4.68%
1020  A0A8U0T7Y1_IPR026110_1_1-159       87.05%    failed      0.21%
1021  A0A2I0TVD9_IPR045860_1_8-59        95.71%    failed      0.97%
1022  A0A3B5MB32_IPR045860_2_5-54        95.87%    passed     18.15%
1023  A0A835NMH4_IPR045860_2_101-189     92.66%    passed      9.55%
1024  A0A8B6DF61_IPR045860_1_105-184     93.40%    passed     50.62%
1025  A0A672HY65_IPR045860_1_120-170     95.79%    passed     26.66%
1026  A0A803K3X8_IPR045860_4_114-171     95.21%    passed     60.01%
1027  A0A8J5ZVT7_IPR045860_2_269-362     92.24%    passed      7.52%
1028  A0A914F127_IPR045860_1_16-108      92.33%    passed     63.25%
1029  A0A974CHI4_IPR045860_2_6-89        93.07%    passed     16.07%
1030  A0AA35KMQ0_IPR045860_2_112-193     93.23%    failed      2.19%
1031  A0AA35LGT7_IPR045860_3_210-288     93.48%    passed     80.56%
1032  A0AAD1WMY1_IPR016054_1_27-122      92.08%    passed     42.88%
1033  A0AAW0MGA1_IPR045860_1_22-90       94.31%    failed      0.21%
1034  A0AAW1AX84_IPR045860_3_2-64        94.80%    passed     26.19%
1035  C3YU70_IPR016054_2_188-286         91.83%    failed      0.00%
1036  A0A4D9DMT8_IPR026524_1_6-213       82.84%    failed      0.17%
1037  L9JFB6_IPR039457_1_5-119           90.51%    passed     47.40%
1038  A0A336LYX6_IPR045860_1_25-110      92.90%    passed      8.80%
1039  A0A7I8WSK8_IPR031424_1_45-161      90.35%    passed      6.48%
1040  A0A8J1TLI8_IPR031424_1_22-125      91.42%    failed      4.00%
1041  A0A9J6C081_IPR031424_1_126-224     91.83%    failed      2.08%
1042  A0A9X6RNH8_IPR031424_1_22-111      92.57%    passed      7.72%
1043  A0AA36FXT8_IPR031424_1_24-117      92.24%    failed      2.87%
1044  A0A1D1V2H0_IPR045860_1_20-126      91.17%    passed     61.42%
1045  A0A1I7ZEJ7_IPR045860_1_20-103      93.07%    passed     37.20%
1046  A0A1Y1LHT3_IPR045860_1_64-117      95.54%    passed     55.92%
1047  A0A224XN82_IPR045860_1_1-59        95.13%    passed     60.27%
1048  A0A2A6B7I4_IPR045860_1_89-188      91.75%    failed      4.06%
1049  A0A341B4I9_IPR045860_1_20-74       95.46%    passed     11.55%
1050  A0A4U5M496_IPR045860_1_122-200     93.48%    failed      3.26%
1051  A0A4U8UQC9_IPR045860_1_19-99       93.32%    passed     98.69%
1052  A0A4W3IZP1_IPR045860_1_40-134      92.16%    passed     47.13%
1053  A0A6J1P077_IPR045860_1_19-159      88.37%    passed      9.18%
1054  A0A7R9GBX8_IPR045860_1_12-89       93.56%    passed     61.16%
1055  A0A822G307_IPR045860_1_5-55        95.79%    passed     13.81%
1056  A0A8B8VNU0_IPR045860_1_12-62       95.79%    passed     48.79%
1057  A0A8C8JP42_IPR045860_1_5-83        93.48%    passed     30.77%
1058  A0A8K9X2E7_IPR045860_1_3-109       91.17%    passed      5.54%
1059  A0A8S9Z0J0_IPR045860_1_2-54        95.63%    passed     28.83%
1060  A0A8T2IKT7_IPR045860_1_5-67        94.80%    passed     15.52%
1061  A0A8W8KFK6_IPR045860_1_54-138      92.99%    passed     61.79%
1062  A0A914C4T4_IPR045860_1_15-86       94.06%    passed     57.26%
1063  A0A914TA72_IPR045860_1_17-102      92.90%    passed      5.45%
1064  A0A9Q1BN62_IPR045860_1_22-123      91.58%    failed      0.62%
1065  A0A9X0A6N9_IPR045860_2_115-182     94.39%    failed      1.40%
1066  A0AA35QPM7_IPR045860_2_116-174     95.13%    passed     25.24%
1067  A0AA36C4P5_IPR045860_1_21-91       94.14%    passed     85.28%
1068  A0AA39IR08_IPR045860_1_38-107      94.22%    passed     68.22%
1069  A0AA85JQ84_IPR045860_1_34-99       94.55%    passed     35.81%
1070  A0AAE1CIL3_IPR045860_1_10-78       94.31%    passed     15.48%
1071  A0AAF3ELR6_IPR045860_1_19-100      93.23%    passed     13.98%
1072  A0AAN5IAG8_IPR045860_1_12-103      92.41%    passed     49.93%
1073  A0AAN8GAJ9_IPR045860_1_10-70       94.97%    passed      5.47%
1074  A0AAN9YZE6_IPR045860_1_124-189     94.55%    passed     48.29%
1075  A0ABD2M0E5_IPR045860_1_14-100      92.82%    passed     28.82%
1076  Q9UAG0_IPR045860_2_314-419         91.25%    passed     17.62%
1077  A0A8C6XA92_IPR045860_1_12-61       95.87%    passed     61.55%
1078  A0A6I8ND62_IPR039237_1_1-176       85.48%    failed      0.00%
1079  A0A498MKX1_IPR016054_2_1132-1242   90.84%    failed      0.00%
1080  A0A9P1MLS2_IPR045860_1_6-104       91.83%    passed     15.74%
1081  N0E484_IPR038773_1_3-64            94.88%    passed      9.84%
1082  A0A091VEQ6_IPR016054_2_98-191      92.24%    passed     24.08%
1083  A0A0H4AC46_IPR045860_2_93-174      93.23%    passed     22.54%
1084  A0A151M3T1_IPR045860_3_143-211     94.31%    failed      0.49%
1085  A0A210Q449_IPR016054_1_222-302     93.32%    passed     20.40%
1086  A0A4U1EE55_IPR016054_1_13-72       95.05%    passed     19.34%
1087  A0A670INU0_IPR016054_1_10-99       92.57%    passed     53.91%
1088  A0A6P7YNT8_IPR045860_2_2-58        95.30%    failed      3.14%
1089  A0AAV1NYR3_IPR045860_1_19-102      93.07%    passed     64.08%
1090  A0A0N7Z8L7_IPR031424_1_1-96        92.08%    passed      8.69%
1091  A0A226D9A1_IPR031424_1_22-146      89.69%    failed      4.80%
1092  A0A430Q269_IPR031424_1_12-85       93.89%    passed     47.97%
1093  A0A7G3AEM8_IPR031424_1_22-132      90.84%    passed     32.81%
1094  A0A813T882_IPR031424_1_22-85       94.72%    passed     46.65%
1095  A0A8E0S444_IPR031424_1_11-75       94.64%    passed     73.77%
1096  A0A8J2MGA1_IPR031424_1_34-129      92.08%    passed     11.65%
1097  A0A9N9TW70_IPR045860_1_30-141      90.76%    passed     19.71%
1098  A0ABD2PTL5_IPR045860_1_26-129      91.42%    passed     35.82%
1099  A0ABD3XW80_IPR031424_1_25-99       93.81%    failed      3.08%
1100  A0A0E9SDH0_IPR045860_1_25-101      93.73%    passed     77.14%
1101  A0A183IHQ7_IPR045860_1_10-85       93.73%    passed     81.29%
1102  A0A1A9WMM2_IPR045860_1_73-127      95.46%    passed     17.11%
1103  A0A1I7ZF94_IPR045860_1_20-108      92.66%    passed     50.09%
1104  A0A1I8GI43_IPR045860_2_42-107      94.55%    passed     28.10%
1105  A0A1L8D734_IPR045860_1_10-84       93.81%    passed     37.56%
1106  A0A2K6SQ93_IPR045860_1_1-52        95.71%    passed     89.33%
1107  A0A498P1F1_IPR045860_1_142-201     95.05%    passed     20.92%
1108  A0A4U5M496_IPR045860_2_11-97       92.82%    passed     77.09%
1109  A0A674NWW4_IPR045860_1_5-63        95.13%    passed     91.00%
1110  A0A6A4XF14_IPR045860_1_165-216     95.71%    failed      4.92%
1111  A0A6S7FX41_IPR045860_1_1-90        92.57%    failed      1.48%
1112  A0A7M5XIW4_IPR045860_1_18-108      92.49%    failed      1.37%
1113  A0A813MG68_IPR045860_1_9-84        93.73%    passed     13.47%
1114  A0A813SLY4_IPR045860_1_23-93       94.14%    passed     37.64%
1115  A0A8B8VNU3_IPR045860_1_12-92       93.32%    passed      8.37%
1116  A0A8C2V8N2_IPR045860_1_66-131      94.55%    passed      8.20%
1117  A0A8C4ERD5_IPR045860_1_1-52        95.71%    passed     35.77%
1118  A0A8C5DI65_IPR045860_1_1-57        95.30%    failed      3.00%
1119  A0A8J6HG74_IPR045860_1_18-111      92.24%    failed      0.00%
1120  A0A8S1DBV9_IPR045860_1_45-144      91.75%    passed     13.68%
1121  A0A914TAE8_IPR045860_1_21-103      93.15%    passed     12.01%
1122  A0A915PPZ6_IPR045860_1_17-66       95.87%    passed     34.93%
1123  A0A9Q0S813_IPR045860_1_22-90       94.31%    failed      0.11%
1124  A0A9W9Z870_IPR045860_1_1-69        94.31%    passed      7.28%
1125  A0AAF3EMZ2_IPR045860_1_27-97       94.14%    passed     44.62%
1126  A0AAJ7RD29_IPR045860_1_25-99       93.81%    passed     12.46%
1127  A0AAN5IB82_IPR045860_1_68-152      92.99%    passed     56.62%
1128  A0ABD0LAW8_IPR045860_1_65-122      95.21%    passed     78.26%
1129  E4YHX6_IPR045860_1_49-128          93.40%    passed     31.26%
1130  Q9UAG2_IPR045860_1_225-308         93.07%    passed     15.60%
1131  A0A093PEP6_IPR045860_1_1-52        95.71%    passed     39.36%
1132  A0A814EPP6_IPR045860_1_21-86       94.55%    passed      7.50%
1133  A0A061HV01_IPR016054_1_88-181      92.24%    failed      0.69%
1134  A0A0B5GR50_IPR045860_2_18-105      92.74%    passed     77.71%
1135  A0A452FY47_IPR045860_1_120-182     94.80%    passed     12.61%
1136  A0A668TLB4_IPR045860_1_109-188     93.40%    passed     10.58%
1137  A0A6P7MES0_IPR045860_1_113-221     91.01%    passed     10.78%
1138  A0A8C2ME16_IPR045860_2_46-100      95.46%    passed     40.09%
1139  A0A8D2E104_IPR045860_3_191-240     95.87%    passed     26.30%
1140  A0A8W8KDT8_IPR016054_1_125-182     95.21%    passed     47.21%
1141  A0A9F2WG88_IPR045860_2_22-118      92.00%    passed     22.09%
1142  A0AA35KP80_IPR045860_2_111-170     95.05%    passed     79.31%
1143  A0AAW1EXL6_IPR045860_1_3-71        94.31%    passed     43.42%
1144  A0A834UG43_IPR039457_1_93-163      94.14%    failed      0.43%
1145  A0A8J9VF79_IPR039457_1_30-89       95.05%    passed     65.36%
1146  A0A1I7SHS9_IPR031424_1_20-102      93.15%    failed      1.82%
1147  A0A430Q2G9_IPR031424_1_19-82       94.72%    passed     17.72%
1148  A0AAJ7ITS2_IPR031424_1_24-150      89.52%    passed     25.54%
1149  A0AAW1NBZ3_IPR031424_1_20-132      90.68%    failed      4.35%
1150  A0ABD2QAB0_IPR031424_1_71-210      88.45%    passed     15.57%
1151  V5GYU3_IPR031424_1_27-92           94.55%    passed     68.45%
1152  A0A016WST8_IPR045860_1_76-178      91.50%    passed      7.99%
1153  A0A182DZD6_IPR045860_1_27-76       95.87%    passed     53.50%
1154  A0A1I7RK48_IPR045860_1_8-67        95.05%    passed     98.93%
1155  A0A210Q2J1_IPR045860_2_124-206     93.15%    failed      2.27%
1156  A0A2A6B8C4_IPR045860_1_55-114      95.05%    passed     22.32%
1157  A0A2G9R7K9_IPR045860_1_1-84        93.07%    failed      3.56%
1158  A0A3B4B5Q2_IPR045860_1_9-87        93.48%    passed      5.12%
1159  A0A3Q2UYB1_IPR045860_1_33-87       95.46%    passed     43.52%
1160  A0A4W3J9B0_IPR045860_1_29-103      93.81%    passed     16.77%
1161  A0A6G0HK90_IPR045860_1_45-107      94.80%    passed     23.36%
1162  A0A6P9DRR7_IPR045860_1_17-89       93.98%    failed      2.18%
1163  A0A6V7TRM7_IPR045860_1_1-58        95.21%    passed     17.52%
1164  A0A814M5W0_IPR045860_1_17-119      91.50%    passed     24.22%
1165  A0A898IKW1_IPR045860_1_12-74       94.80%    passed     36.23%
1166  A0A915BQP4_IPR045860_1_20-113      92.24%    passed     16.10%
1167  A0AA36C6F4_IPR045860_1_61-137      93.65%    passed     78.38%
1168  A0AA36M549_IPR045860_1_23-83       94.97%    failed      1.52%
1169  A0AAD9QQA3_IPR045860_1_22-102      93.32%    passed     75.77%
1170  A0AAN9Z0K7_IPR045860_1_23-109      92.82%    passed     27.09%
1171  A0AAW0MVP7_IPR045860_1_186-239     95.54%    passed     14.47%
1172  A0AAX6SC57_IPR045860_1_44-100      95.30%    failed      0.52%
1173  T2MGF9_IPR045860_1_24-129          91.25%    failed      1.66%
1174  Centipede3FTx_0119_1255758         93.89%    passed      7.77%
1175  A0A6B0S6F5_IPR016054_1_24-99       93.73%    passed     39.47%
1176  A0A504YEI6_IPR045860_1_9-67        95.13%    passed     17.17%
1177  A0A5N4CGH2_IPR045860_1_28-90       94.80%    passed     12.87%
1178  A0A9D4MDK6_IPR045860_1_34-113      93.40%    passed     17.76%
1179  A0A151NAK5_IPR016054_1_142-200     95.13%    failed      0.15%
1180  A0A8C3P577_IPR016054_1_21-108      92.74%    failed      1.13%
1181  A0AA35KMR6_IPR016054_1_148-214     94.47%    passed     43.37%
1182  A0AAV7PX70_IPR045860_2_203-292     92.57%    failed      1.19%
1183  G3UDR6_IPR051445_1_7-126           90.10%    failed      0.08%
1184  R0LJ75_IPR045860_1_76-155          93.40%    failed      4.50%
1185  S7PTS4_IPR016054_3_2-57            95.38%    passed     54.61%
1186  W5NTR4_IPR045860_1_33-127          92.16%    passed     82.59%
1187  A0A2K6PKA5_IPR039457_1_1-97        92.00%    passed     26.73%
1188  A0AAD9L2I6_IPR039457_1_14-173      86.80%    passed      7.69%
1189  A0A1D2M2Q1_IPR031424_1_32-134      91.50%    passed     64.85%
1190  A0A1S3DL79_IPR031424_1_4-65        94.88%    passed     15.62%
1191  A0A2S2QSA9_IPR031424_1_24-175      87.46%    failed      0.00%
1192  A0A6P7G9F3_IPR031424_1_22-137      90.43%    passed     11.39%
1193  A0A815BT65_IPR031424_1_24-73       95.87%    passed     23.69%
1194  A0A8J2P850_IPR031424_1_19-120      91.58%    passed     85.43%
1195  A0A8S4RWH0_IPR031424_1_13-63       95.79%    passed     66.68%
1196  A0A9P0LHQ8_IPR031424_1_25-138      90.59%    passed     61.96%
1197  A0AAV8Z602_IPR045860_1_2-95        92.24%    passed     20.82%
1198  Q176Q6_IPR031424_1_25-82           95.21%    passed     60.71%
1199  T1IWT8_IPR031424_2_22-103          93.23%    failed      0.75%
1200  A0A1B0G4Y0_IPR045860_1_7-84        93.56%    failed      2.49%
1201  A0A1D1VK48_IPR045860_1_6-74        94.31%    passed     26.56%
1202  A0A1I7ZN97_IPR045860_1_56-107      95.71%    failed      0.23%
1203  A0A1U7SQ44_IPR045860_1_105-193     92.66%    passed     38.93%
1204  A0A238BWE3_IPR045860_1_11-96       92.90%    passed     22.09%
1205  A0A261AWE7_IPR045860_1_94-209      90.43%    passed     35.91%
1206  A0A2A6B8E8_IPR045860_1_8-106       91.83%    passed     48.86%
1207  A0A2G9RKC4_IPR045860_1_26-90       94.64%    passed     17.92%
1208  A0A3B4B9F7_IPR045860_1_16-73       95.21%    passed      5.74%
1209  A0A3M6TKR6_IPR045860_1_14-123      90.92%    passed     56.06%
1210  A0A3M7QQQ6_IPR045860_1_43-114      94.06%    passed     13.41%
1211  A0A3P6SZG6_IPR045860_1_17-95       93.48%    passed     37.95%
1212  A0A3Q3X9G9_IPR045860_1_50-164      90.51%    failed      0.02%
1213  A0A5N5T244_IPR045860_1_3-68        94.55%    passed     59.13%
1214  A0A6F9BK46_IPR045860_1_9-62        95.54%    passed     68.89%
1215  A0A6P8I7G2_IPR045860_1_21-114      92.24%    passed      9.50%
1216  A0A6P8SJ10_IPR045860_2_18-80       94.80%    passed     32.66%
1217  A0A7M6DNM3_IPR045860_1_44-135      92.41%    passed     31.40%
1218  A0A811U775_IPR045860_1_1-57        95.30%    passed     67.13%
1219  A0A818HBP9_IPR045860_1_24-80       95.30%    failed      0.17%
1220  A0A8C2SA02_IPR045860_1_68-128      95.71%    passed     55.02%
1221  A0A8C4RTV8_IPR045860_1_16-97       93.23%    passed     49.78%
1222  A0A8C9FRH0_IPR045860_1_11-97       92.82%    passed      8.01%
1223  A0A8J6E8Q3_IPR045860_1_1-53        95.63%    passed     50.42%
1224  A0A8R1Y214_IPR045860_1_226-296     94.14%    failed      4.43%
1225  A0A914NHW3_IPR045860_1_204-296     92.33%    passed      8.30%
1226  A0A914THE1_IPR045860_1_6-74        94.31%    passed     29.73%
1227  A0A9J7KD64_IPR045860_1_41-149      91.01%    failed      3.05%
1228  A0A9J7Z2T9_IPR045860_1_25-103      93.48%    failed      0.11%
1229  A0A9P0GIB7_IPR045860_2_19-101      93.15%    passed     11.50%
1230  A0A9P1IQ79_IPR045860_1_15-101      92.82%    passed     58.69%
1231  A0A9X9MBQ9_IPR045860_1_41-93       95.63%    passed     40.56%
1232  A0AA35SQM2_IPR045860_1_20-119      91.75%    passed      9.83%
1233  A0AA36C7K6_IPR045860_1_52-143      92.41%    passed     22.75%
1234  A0AAN9B562_IPR045860_1_229-312     93.07%    passed     12.94%
1235  A0AAV7ME30_IPR045860_2_45-153      91.01%    passed     22.50%
1236  A0AAW1B171_IPR045860_1_3-61        95.13%    passed     19.22%
1237  A0ABD1JAD3_IPR045860_1_1-71        94.14%    passed     58.28%
1238  A0ABD2MVB5_IPR045860_1_21-108      92.74%    passed     97.14%
1239  D8LTZ0_IPR045860_1_33-93           94.97%    failed      0.42%
1240  Centipede3FTx_0120_60158           84.74%    failed      0.85%
1241  L9KLR5_IPR042339_1_1-54            95.54%    failed      0.93%
1242  A0A813PAN9_IPR045860_1_19-101      93.15%    passed     27.60%
1243  A0A7J7YNW4_IPR038773_1_1-140       88.45%    failed      0.02%
1244  A0A8C6GIG4_IPR038773_1_57-250      83.99%    failed      0.05%
1245  A0A0F7JJU4_IPR045860_2_115-190     93.73%    passed     51.24%
1246  A0A1A6HFC6_IPR045860_1_46-181      88.86%    failed      4.83%
1247  A0A401Q604_IPR045860_1_2-78        93.65%    failed      3.08%
1248  A0A670INU5_IPR045860_2_163-236     93.89%    passed     68.01%
1249  A0A6B0SDN0_IPR016054_1_1-78        93.56%    passed     40.11%
1250  A0A6P8I7U6_IPR045860_2_109-194     92.90%    passed     29.16%
1251  A0A8J1LAS0_IPR016054_1_9-64        95.38%    failed      1.52%
1252  A0AAV7Q3J4_IPR016054_1_58-128      94.14%    passed     83.29%
1253  A0A7L0RV53_IPR039457_1_2-155       87.29%    passed      5.56%
1254  A0A8C5IIX8_IPR039457_1_94-149      95.38%    failed      0.28%
1255  A0A0D8Y3R0_IPR031424_1_21-144      89.77%    passed      6.66%
1256  A0AAV8Z6D1_IPR031424_1_68-200      89.03%    passed     37.31%
1257  K1S039_IPR031424_1_78-175          91.91%    passed     11.37%
1258  A0A0M3IZ09_IPR045860_1_41-118      93.56%    passed     38.57%
1259  A0A1D1VR81_IPR045860_1_26-119      92.24%    passed     71.96%
1260  A0A1I7ZPI2_IPR045860_1_29-86       95.21%    passed     54.84%
1261  A0A1L8EZ01_IPR045860_1_18-83       94.55%    passed     11.57%
1262  A0A267E0W6_IPR045860_1_23-118      92.08%    passed     10.64%
1263  A0A3Q0R1F3_IPR045860_1_2-62        94.97%    failed      1.39%
1264  A0A556TW63_IPR045860_1_16-69       95.54%    passed     65.68%
1265  A0A671UC21_IPR045860_1_10-75       94.55%    passed     12.22%
1266  A0A6S7G4S7_IPR045860_1_1-75        93.81%    passed     62.76%
1267  A0A8B6D8I8_IPR045860_1_15-110      92.08%    passed     23.39%
1268  A0A8C5TTS8_IPR045860_1_30-112      93.15%    passed     29.95%
1269  A0A8J1U7F8_IPR045860_1_24-113      92.57%    passed     68.54%
1270  A0A8J6E8Q3_IPR045860_2_62-127      94.55%    failed      0.36%
1271  A0A8S1HML4_IPR045860_1_31-115      92.99%    passed     14.74%
1272  A0A914GSD6_IPR045860_1_1491-1597   91.17%    failed      0.22%
1273  A0A9P1ACE4_IPR045860_1_66-144      93.48%    passed     19.43%
1274  A0A9W9ZGI0_IPR045860_1_1-53        95.63%    passed     79.93%
1275  A0AA88IY44_IPR045860_1_19-98       93.40%    passed     26.69%
1276  A0AAD6BQA0_IPR045860_1_55-129      93.81%    passed      9.26%
1277  A0AAD9MV61_IPR045860_1_19-83       94.64%    passed     12.30%
1278  A0AAD9QVN7_IPR045860_1_40-125      92.90%    passed     11.61%
1279  A0AAV3Z6A2_IPR045860_1_23-99       93.65%    passed     13.57%
1280  A0AAW1KMF1_IPR045860_1_29-131      91.50%    passed     34.95%
1281  A0ABD6EHK3_IPR045860_1_20-115      92.08%    passed      7.97%
1282  Q5MPP8_IPR045860_1_18-110          92.33%    passed     52.49%
1283  Q95QW3_IPR045860_1_26-100          93.81%    failed      2.71%
1284  Centipede3FTx_0089_984703          89.93%    passed     18.69%
1285  A0A7N5P423_IPR045860_1_189-316     89.44%    failed      4.56%
1286  A0A817HP88_IPR045860_1_166-222     95.30%    passed     60.40%
1287  A0A8C4TYQ7_IPR045860_1_16-78       94.80%    passed     62.62%
1288  A0A9F5IM03_IPR016054_1_17-108      92.41%    passed     37.89%
1289  A0AAA9TGG3_IPR045860_1_42-99       95.21%    passed      6.34%
1290  A0A9D3NIU9_IPR045860_2_19-109      92.49%    failed      0.56%
1291  A0A9W3FUM6_IPR016054_2_221-281     94.97%    failed      4.89%
1292  E4YLF4_IPR039457_1_13-152          88.45%    passed     17.39%
1293  A0A0D8Y5C3_IPR031424_1_2-113       90.76%    failed      2.74%
1294  A0A0M4EAF4_IPR031424_1_3-73        94.14%    failed      4.63%
1295  A0A1I8ND66_IPR031424_1_23-119      92.00%    failed      0.94%
1296  A0A1S3GZW2_IPR031424_1_23-125      91.50%    passed     14.44%
1297  A0A1S3JP86_IPR031424_1_43-130      92.74%    passed     53.42%
1298  A0A226DSS2_IPR031424_1_23-131      91.01%    passed     38.15%
1299  A0A2A6B8J1_IPR045860_1_16-106      92.49%    passed      7.68%
1300  A0A8J2PMA0_IPR031424_1_24-141      90.26%    passed     61.58%
1301  A0A8K0FVX6_IPR031424_1_24-131      91.09%    passed     29.73%
1302  A0AAE0SAA0_IPR031424_1_25-125      91.67%    passed     13.70%
1303  E4XG26_IPR031424_1_138-231         92.24%    failed      2.97%
1304  A0A0F6QGK1_IPR045860_1_11-89       93.48%    passed     35.46%
1305  A0A0N4ZKX4_IPR045860_1_21-82       94.88%    passed     19.95%
1306  A0A151NC87_IPR045860_1_158-243     92.90%    passed     23.56%
1307  A0A1D1VT78_IPR045860_1_98-207      90.92%    passed     40.97%
1308  A0A1I7RVE4_IPR045860_1_17-110      92.24%    passed     11.56%
1309  A0A1I8HBH6_IPR045860_1_513-614     91.58%    passed      9.08%
1310  A0A2C9K422_IPR045860_1_14-69       95.38%    passed     18.70%
1311  A0A2W1BZJ9_IPR045860_1_23-86       94.72%    passed     26.99%
1312  A0A3B3SFP9_IPR045860_1_18-91       93.89%    passed     72.69%
1313  A0A3R7MKN0_IPR045860_1_4-77        93.89%    passed     68.07%
1314  A0A4U5ME25_IPR045860_1_30-128      91.83%    failed      2.73%
1315  A0A674H6K9_IPR045860_1_33-108      93.73%    passed     14.39%
1316  A0A6B0VCD7_IPR045860_1_60-143      93.07%    passed     13.32%
1317  A0A7I4YUC0_IPR045860_1_57-138      93.23%    passed     26.11%
1318  A0A7S0R1K6_IPR045860_1_55-125      94.14%    passed     68.55%
1319  A0A8J1UDI6_IPR045860_1_21-90       94.22%    passed     14.41%
1320  A0A914JL77_IPR045860_1_250-317     94.39%    passed     14.41%
1321  A0A914P0I3_IPR045860_1_7-62        95.38%    passed     75.08%
1322  A0A914WNB6_IPR045860_1_59-178      90.10%    passed     54.19%
1323  A0A915BVS1_IPR045860_1_27-134      91.09%    passed     12.49%
1324  A0A915PZ67_IPR045860_1_7-64        95.21%    passed      5.98%
1325  A0A9D4L0N9_IPR045860_1_2-57        95.38%    passed     58.69%
1326  A0A9P1IVJ9_IPR045860_1_16-107      92.41%    passed     19.12%
1327  A0AA39F6L5_IPR045860_1_16-106      92.49%    passed     26.87%
1328  A0AAE0QIX2_IPR045860_1_3-54        95.71%    passed     19.43%
1329  A0AAV2TDN9_IPR045860_1_12-108      92.00%    passed     38.34%
1330  A0AAV5UKY8_IPR045860_1_33-83       95.79%    passed     16.68%
1331  A0AAW0Q3I2_IPR045860_1_17-66       95.87%    passed     44.93%
1332  C3Z070_IPR045860_2_49-117          94.31%    passed     83.22%
1333  F6XDW5_IPR045860_1_18-102          92.99%    passed     24.09%
1334  H5ZVL1_IPR045860_1_1-59            95.13%    passed     13.54%
1335  R7U1I8_IPR045860_1_22-111          92.57%    failed      2.39%
1336  Centipede3FTx_0058_1255758         93.15%    failed      0.82%
1337  U3FVH6_IPR045860_1_13-84           94.06%    passed     59.32%
1338  A0A6J0XUD7_IPR026110_1_102-157     95.38%    passed     47.99%
1339  A0A8C2VN21_IPR026110_1_2-122       90.02%    passed      5.86%
1340  A0A498MKX1_IPR016054_7_441-529     92.66%    passed     11.70%
1341  A0A553PRQ5_IPR045860_1_2-77        93.73%    passed     43.53%
1342  A0A8C6CBQ9_IPR045860_1_66-121      95.38%    passed     27.92%
1343  A0A9Q0X962_IPR045860_1_197-275     93.48%    failed      0.51%
1344  A0AA88NKS8_IPR045860_1_19-95       93.65%    passed     29.64%
1345  A0A151M3Y2_IPR016054_1_435-494     95.05%    passed     48.23%
1346  A0A2K5VKS7_IPR045860_3_109-167     95.13%    failed      1.63%
1347  A0A401RHQ3_IPR016054_1_114-208     92.16%    failed      0.03%
1348  A0A7N5KJR1_IPR016054_1_29-125      92.00%    passed     39.47%
1349  A0AA97KF86_IPR045860_1_20-98       93.48%    failed      3.99%
1350  A0AAA9T1I4_IPR045860_1_2-62        94.97%    passed     69.61%
1351  A0AAD1T3X3_IPR045860_2_118-202     92.99%    passed     15.39%
1352  A0AAV7Q3X5_IPR045860_1_424-512     92.66%    failed      0.47%
1353  G1QG83_IPR045860_1_18-101          93.07%    failed      4.22%
1354  A0A164XA57_IPR039457_1_18-127      90.92%    passed     26.43%
1355  A0A7J7KSY4_IPR039457_1_41-163      89.85%    failed      2.92%
1356  A0A226DZ36_IPR031424_1_17-157      88.37%    passed     19.03%
1357  A0A8J1XJ26_IPR031424_1_30-163      88.94%    passed     54.63%
1358  A0A8W8NB98_IPR031424_1_30-88       95.13%    passed     68.45%
1359  A0ABD2WFA1_IPR031424_1_25-117      92.33%    failed      3.13%
1360  A0A0B1SWC8_IPR045860_1_24-116      92.33%    failed      0.01%
1361  A0A0K0E9Y5_IPR045860_1_6-97        92.41%    passed     39.70%
1362  A0A0R3RWQ8_IPR045860_1_27-98       94.06%    passed     34.20%
1363  A0A182E678_IPR045860_1_22-107      92.90%    passed     48.69%
1364  A0A1W4XFK3_IPR045860_1_18-116      91.83%    passed     71.45%
1365  A0A212EMN2_IPR045860_1_5-68        94.72%    passed     49.79%
1366  A0A2A6B9Z5_IPR045860_1_53-176      89.77%    passed     26.02%
1367  A0A3M7RCI7_IPR045860_1_169-241     93.98%    passed     21.14%
1368  A0A7E4UNJ0_IPR045860_1_19-90       94.06%    passed     70.86%
1369  A0A7S0VUB8_IPR045860_1_14-105      92.41%    failed      0.00%
1370  A0A813NKV6_IPR045860_1_19-90       94.06%    failed      2.93%
1371  A0A8J4T8B0_IPR045860_1_5-54        95.87%    passed     20.00%
1372  A0A8K0EHZ8_IPR045860_1_19-122      91.42%    failed      0.00%
1373  A0A8S4SKC7_IPR045860_1_1-54        95.54%    passed     72.42%
1374  A0A8S9ZVH1_IPR045860_1_45-126      93.23%    failed      0.89%
1375  A0A8T1MDE9_IPR045860_1_21-92       94.06%    passed      8.86%
1376  A0A913XL13_IPR045860_1_490-566     93.65%    passed     46.34%
1377  A0A9X0CE68_IPR045860_1_174-265     92.41%    passed     19.83%
1378  A0AA36CEM3_IPR045860_1_7-62        95.38%    passed     14.29%
1379  A0AAE2D5S9_IPR045860_1_40-103      94.72%    passed     77.76%
1380  A0AAF3F2F2_IPR045860_1_34-110      93.65%    failed      1.87%
1381  A0AAV2JAK8_IPR045860_1_66-133      94.39%    passed      6.05%
1382  A0AAV2TLD3_IPR045860_1_48-111      94.72%    passed     52.53%
1383  A0AAV6ZLS9_IPR045860_1_1-68        94.39%    passed     18.75%
1384  A0AAW0Y0S8_IPR045860_1_21-84       94.72%    passed     68.75%
1385  W5M4X6_IPR045860_1_87-141          95.46%    passed     24.26%
1386  Centipede3FTx_0059_1255758         90.84%    passed     14.42%
1387  Centipede3FTx_0123_60158           93.81%    passed     74.05%
1388  A0A914GLY3_IPR045860_1_8-71        94.72%    passed     69.71%
1389  A0A3Q2HYF9_IPR039237_1_66-164      91.83%    failed      0.23%
1390  A0A0K2VB75_IPR035076_1_21-72       95.71%    failed      4.15%
1391  A0A672HXW0_IPR045860_2_8-80        93.98%    passed      8.40%
1392  A0A8C0CF61_IPR045860_1_20-86       94.47%    passed     55.66%
1393  A0A1A6HP20_IPR016054_1_156-207     95.71%    passed     37.94%
1394  A0A553NSH3_IPR016054_1_20-116      92.00%    passed      7.97%
1395  A0A670ZAR9_IPR045860_2_114-165     95.71%    passed     31.48%
1396  A0A803K920_IPR045860_3_259-314     95.38%    failed      2.04%
1397  A0A8C2SBU2_IPR016054_1_26-143      92.99%    passed     24.39%
1398  A0A8C5SCC3_IPR045860_3_1-57        95.30%    passed     64.89%
1399  A0A9F7TM69_IPR045860_3_169-230     94.88%    passed     22.58%
1400  A0A9J7JYE5_IPR016054_2_119-182     94.72%    passed     26.76%
1401  A0AAD1WQB8_IPR045860_1_121-199     93.48%    passed     29.61%
1402  A0AAN7X9S9_IPR045860_2_114-187     93.89%    passed      9.94%
1403  A0AAV3A123_IPR045860_2_157-245     92.66%    passed     64.68%
1404  A0A8D0BPR5_IPR026524_1_27-111      92.99%    passed     89.58%
1405  A0AAV7Q211_IPR026524_1_4-257       79.04%    failed      0.00%
1406  Q3KUR9_IPR026524_1_16-105          92.57%    failed      0.63%
1407  A0A672TAY2_IPR039457_1_59-138      93.40%    passed      6.92%
1408  A0A1D1UPN3_IPR031424_1_15-101      92.82%    passed      8.40%
1409  A0A1D2MQ55_IPR031424_1_27-155      89.36%    passed      7.72%
1410  A0A1S3H5B0_IPR031424_1_44-162      90.18%    failed      0.86%
1411  A0A226DZC9_IPR031424_1_23-156      88.94%    failed      2.04%
1412  A0A553NCU0_IPR031424_1_23-136      90.59%    passed     91.34%
1413  A0A8I6R741_IPR031424_1_24-109      92.90%    failed      1.69%
1414  A0AAJ6ZQI6_IPR045860_1_29-136      91.09%    passed     56.17%
1415  A0AAV8VLN0_IPR045860_1_4-88        92.99%    failed      0.30%
1416  A0A0H5SL74_IPR045860_1_32-116      92.99%    failed      0.09%
1417  A0A0N4ZNP5_IPR045860_1_33-104      94.06%    failed      1.69%
1418  A0A1I7RXX3_IPR045860_1_24-95       94.06%    failed      1.73%
1419  A0A1S3Q511_IPR045860_1_112-185     93.89%    passed     73.79%
1420  A0A1W4XIE4_IPR045860_1_3-114       90.76%    passed     58.07%
1421  A0A1Y3BNV1_IPR045860_1_4-58        95.46%    passed     78.42%
1422  A0A210Q9V6_IPR045860_1_145-208     94.72%    passed     57.96%
1423  A0A267EFM8_IPR045860_1_10-73       94.72%    passed      6.10%
1424  A0A6M2DXW3_IPR045860_1_28-107      93.40%    failed      3.99%
1425  A0A6P7RFQ4_IPR045860_1_97-148      95.71%    passed     46.36%
1426  A0A6P9FLX0_IPR045860_1_12-64       95.63%    failed      3.81%
1427  A0A6S7GKF8_IPR045860_1_19-105      92.82%    failed      0.02%
1428  A0A7M5U9W9_IPR045860_1_20-115      92.08%    passed     71.16%
1429  A0A7M7RHR6_IPR045860_1_25-107      93.15%    passed     15.08%
1430  A0A814HFH1_IPR045860_1_20-93       93.89%    failed      0.14%
1431  A0A815B2Q3_IPR045860_1_17-74       95.21%    passed     82.58%
1432  A0A8R1Z2I3_IPR045860_1_12-103      92.41%    failed      0.02%
1433  A0A8S1E5R0_IPR045860_1_71-143      93.98%    failed      1.79%
1434  A0A8S9ZW77_IPR045860_1_70-150      93.32%    failed      0.73%
1435  A0A913XL18_IPR045860_1_141-238     92.00%    failed      2.18%
1436  A0A914CQB1_IPR045860_1_17-98       93.23%    passed     50.04%
1437  A0A914TZ53_IPR045860_1_12-105      92.24%    passed      7.43%
1438  A0AA35TY84_IPR045860_1_27-132      91.25%    passed     20.97%
1439  A0AAE1E257_IPR045860_1_52-119      94.39%    passed     66.88%
1440  A0AAN8AXA4_IPR045860_1_15-70       95.38%    passed     32.86%
1441  A0AAV5SJA6_IPR045860_1_15-103      92.66%    passed     61.27%
1442  A0AAV5UNV8_IPR045860_1_18-102      92.99%    failed      0.13%
1443  A0AAW0MZS0_IPR045860_1_6-59        95.54%    passed     11.18%
1444  A0ABD6EKP5_IPR045860_1_10-81       94.06%    passed     16.03%
1445  W8PW57_IPR045860_1_11-85           93.81%    failed      0.75%
1446  Centipede3FTx_0060_1255758         88.53%    failed      1.16%
1447  A0A087WQ65_IPR045860_1_41-113      93.98%    passed     23.69%
1448  A0A8C8RF92_IPR035076_1_12-82       94.14%    passed     36.98%
1449  A0A8C9CVH1_IPR045860_1_36-89       95.54%    passed     63.33%
1450  A0A9Q0Y0G3_IPR045860_1_11-69       95.13%    passed     69.81%
1451  A0AAV6ZDW4_IPR045860_1_1-58        95.21%    passed     42.60%
1452  V8NB38_IPR045860_1_64-117          95.54%    passed     13.95%
1453  N0E6I9_IPR038773_1_9-60            95.71%    failed      0.00%
1454  A0A0A0QUW4_IPR016054_1_1-63        94.80%    passed     80.62%
1455  A0A803JS12_IPR016054_2_112-204     92.33%    passed     25.42%
1456  A0A8D0HA27_IPR016054_1_45-115      94.14%    passed     22.12%
1457  A0A8J6AJV9_IPR016054_1_3-78        93.73%    passed     10.39%
1458  A0A9W2X751_IPR016054_1_12-70       95.13%    failed      3.42%
1459  A0AA97KFU8_IPR045860_1_121-207     92.82%    passed     40.43%
1460  A0AAW1AXJ9_IPR045860_1_111-193     93.15%    passed      7.50%
1461  B2D6N2_IPR045860_2_13-92           93.40%    passed     18.16%
1462  L9KKD7_IPR016054_1_225-321         92.00%    failed      0.32%
1463  A0A8C0WFM8_IPR026524_1_17-97       93.32%    passed      7.74%
1464  A0A3Q2XZN3_IPR039457_1_5-146       88.28%    passed     18.39%
1465  A0A852NKK1_IPR039457_1_3-105       91.50%    passed     58.24%
1466  A0AAW1DF26_IPR039457_1_1-73        93.98%    passed     27.38%
1467  A0A0X3PMB9_IPR045860_1_24-122      91.83%    passed     57.45%
1468  A0A210QR19_IPR031424_1_22-99       93.56%    failed      0.70%
1469  A0A3M7PFA6_IPR031424_1_20-103      93.07%    passed     10.00%
1470  A0A914AMV4_IPR031424_1_51-172      89.93%    failed      1.17%
1471  A0A914T9K7_IPR031424_1_3-71        94.31%    passed      5.85%
1472  A0A9C6SRV2_IPR031424_1_24-77       95.54%    passed     90.02%
1473  A0AA36B8V0_IPR031424_1_35-105      94.14%    passed     87.65%
1474  A0AAE0SQF5_IPR031424_1_31-121      92.49%    passed     31.36%
1475  A0AAN7SNP7_IPR031424_1_20-102      93.15%    passed     12.44%
1476  A0AAN9V7F9_IPR045860_1_16-113      91.91%    failed      4.66%
1477  A0ABD0Y7A6_IPR031424_1_20-163      88.12%    failed      0.07%
1478  T1FHP3_IPR031424_1_37-115          93.48%    failed      2.69%
1479  A0A077Z0B6_IPR045860_1_53-137      92.99%    passed     87.28%
1480  A0A0B2W0J0_IPR045860_1_2-77        93.73%    passed     71.86%
1481  A0A0C2FSU3_IPR045860_1_16-89       93.89%    passed     95.25%
1482  A0A0N4ZQ95_IPR045860_1_27-125      91.83%    passed      8.30%
1483  A0A0Q3VBE2_IPR045860_1_9-64        95.38%    passed     43.03%
1484  A0A158PC07_IPR045860_1_12-107      92.08%    failed      0.26%
1485  A0A1D1W9J0_IPR045860_1_43-95       95.63%    passed     19.67%
1486  A0A210Q9V6_IPR045860_2_2-73        94.06%    passed     13.29%
1487  A0A226DLD2_IPR045860_1_20-136      90.35%    passed     15.83%
1488  A0A7R9A6H2_IPR045860_1_25-110      92.90%    passed     34.21%
1489  A0A8C4YT57_IPR045860_1_20-104      92.99%    failed      3.31%
1490  A0A8C5QVE6_IPR045860_2_119-168     95.87%    passed     71.67%
1491  A0A8D2JIH4_IPR045860_1_26-76       95.79%    passed     71.14%
1492  A0A8I5YPA3_IPR045860_1_25-84       95.05%    passed     77.53%
1493  A0A914JTL9_IPR045860_1_20-78       95.13%    passed     48.11%
1494  A0A914X1Q0_IPR045860_1_27-104      93.56%    passed     13.83%
1495  A0A9D4LPP4_IPR045860_1_28-113      92.90%    failed      1.79%
1496  A0A9Q1GA89_IPR045860_1_6-77        94.06%    passed     67.32%
1497  A0A9W9ZP78_IPR045860_1_86-175      92.57%    passed      7.73%
1498  A0AA36GTX8_IPR045860_1_13-103      92.49%    failed      3.00%
1499  A0AA36MAJ4_IPR045860_1_38-92       95.46%    passed     14.62%
1500  A0AAD9R5Z8_IPR045860_1_15-88       93.89%    passed      7.47%
1501  A0AAE0VEQ6_IPR045860_1_404-482     93.48%    passed     65.95%
1502  A0AAU9WM84_IPR045860_1_19-113      92.16%    passed     14.41%
1503  A0AAV2TU50_IPR045860_1_16-81       94.55%    failed      0.32%
1504  A0AAV6Z364_IPR045860_1_1-75        93.81%    passed     38.58%
1505  A0ABD3UYT6_IPR045860_1_10-74       94.64%    passed     14.92%
1506  F6XPQ3_IPR045860_1_63-135          93.98%    failed      0.17%
1507  T1ILG0_IPR045860_1_12-69           95.21%    passed     19.77%
1508  V4CRU8_IPR045860_1_45-107          94.80%    passed     27.49%
1509  A0A1U7QU12_IPR042339_1_1-96        92.08%    failed      1.51%
1510  A0A484GQ91_IPR042339_1_41-118      93.56%    failed      0.00%
1511  A0A2T7NKQ0_IPR045860_1_26-95       94.22%    passed     41.67%
1512  A0A4U5PHI3_IPR045860_1_21-97       93.65%    passed      5.14%
1513  A0A674J9W8_IPR045860_1_18-67       95.87%    passed     78.55%
1514  A0A814M5N4_IPR045860_1_15-93       93.48%    failed      4.76%
1515  A0A8B8S0Q2_IPR045860_1_27-138      90.76%    passed     15.65%
1516  A0A8B9R4A5_IPR035076_1_21-80       95.05%    passed     28.38%
1517  A0A8C5MY48_IPR045860_1_3-69        94.47%    passed     46.86%
1518  A0A8C8RFB5_IPR045860_1_10-78       94.31%    passed     14.15%
1519  A0AAV6ZW00_IPR045860_1_1-50        95.87%    passed     78.13%
1520  A0A7J7F023_IPR016054_1_2-56        95.46%    passed     40.13%
1521  A0A8D0HA27_IPR045860_2_136-222     92.82%    passed     28.25%
1522  A0A9D3XGJ7_IPR016054_1_24-105      93.23%    passed     25.56%
1523  A0A9W2X751_IPR045860_2_81-138      95.21%    passed     64.60%
1524  A0AA97KFU8_IPR045860_2_16-111      92.08%    passed     60.19%
1525  A0AAV6ZEC7_IPR045860_1_20-103      93.07%    passed     21.20%
1526  A0AAV6ZZZ2_IPR045860_2_25-110      92.90%    passed     13.41%
1527  L5KM26_IPR045860_2_12-65           95.54%    passed     57.39%
1528  A0A8J2WJ03_IPR039457_1_56-169      90.59%    failed      0.44%
1529  A0A226E8M1_IPR031424_1_26-153      89.44%    passed     29.72%
1530  A0A2T7PKX3_IPR031424_1_25-116      92.41%    passed     23.87%
1531  A0A6V7GZJ9_IPR031424_1_1-65        94.64%    passed     96.75%
1532  A0A8K0FZV1_IPR031424_1_22-134      90.68%    passed     20.60%
1533  A0A914ARZ5_IPR031424_1_22-149      89.44%    passed      7.32%
1534  A0A9N9S5K3_IPR031424_1_25-135      90.84%    passed     52.91%
1535  A0A0B1TBH2_IPR045860_1_92-157      94.55%    failed      3.41%
1536  A0A147BEL1_IPR045860_2_99-162      94.97%    failed      0.97%
1537  A0A182SK22_IPR045860_1_1-53        95.63%    passed     31.07%
1538  A0A183PSY2_IPR045860_1_11-108      91.91%    failed      0.11%
1539  A0A1D2M0G9_IPR045860_1_25-112      92.74%    passed     45.36%
1540  A0A226EQQ1_IPR045860_1_66-208      88.20%    failed      3.18%
1541  A0A267EX07_IPR045860_1_483-556     93.89%    passed     11.47%
1542  A0A3M7RMB0_IPR045860_1_25-115      92.49%    failed      0.21%
1543  A0A4U5MQS9_IPR045860_1_90-198      91.01%    passed     34.61%
1544  A0A556U032_IPR045860_1_19-74       95.38%    passed     13.88%
1545  A0A673FRW7_IPR045860_1_11-80       94.22%    passed     36.25%
1546  A0A674PEQ5_IPR045860_1_11-64       95.54%    passed     43.63%
1547  A0A6F8ZMR9_IPR045860_1_28-92       94.64%    passed     86.93%
1548  A0A6G0HW87_IPR045860_2_197-292     92.08%    passed      8.39%
1549  A0A6P8IDF1_IPR045860_1_100-200     91.67%    passed     79.89%
1550  A0A7R9IYK2_IPR045860_1_3-55        95.63%    passed     54.36%
1551  A0A7S1MTA1_IPR045860_1_201-255     95.46%    passed     24.08%
1552  A0A813P492_IPR045860_1_42-98       95.30%    passed      6.50%
1553  A0A814BXE5_IPR045860_1_1-89        92.66%    failed      2.64%
1554  A0A814HVW8_IPR045860_1_25-82       95.21%    passed     29.85%
1555  A0A8B8IYC9_IPR045860_1_1-59        95.13%    failed      2.26%
1556  A0A8C5C145_IPR045860_1_1-60        95.05%    passed     95.93%
1557  A0A8D8DNS1_IPR045860_1_168-222     95.46%    passed     16.81%
1558  A0A8J0SAE6_IPR045860_1_52-129      93.56%    passed     17.66%
1559  A0A8J1UV03_IPR045860_1_161-241     93.32%    passed     53.42%
1560  A0A8J4TJW7_IPR045860_1_96-189      92.24%    failed      3.28%
1561  A0A8T2M011_IPR045860_1_18-116      91.83%    failed      0.00%
1562  A0A913WT09_IPR045860_1_501-592     92.41%    passed     25.07%
1563  A0A914X3N0_IPR045860_1_21-78       95.21%    passed     81.52%
1564  A0A915C6L5_IPR045860_1_14-103      92.57%    failed      3.99%
1565  A0A9P0MN74_IPR045860_1_27-80       95.54%    passed     58.58%
1566  A0A9Q0Y2V8_IPR045860_1_2-57        95.38%    passed     73.89%
1567  A0A9W2XH10_IPR045860_1_11-61       95.79%    passed     28.61%
1568  A0AA35KMU3_IPR045860_1_17-101      92.99%    passed     25.92%
1569  A0AA35NY78_IPR045860_1_38-107      94.22%    passed     29.73%
1570  A0AA36CJ03_IPR045860_1_2-85        93.07%    passed     39.78%
1571  A0AA36MB68_IPR045860_1_43-116      93.89%    passed     34.45%
1572  A0AAF3F6X3_IPR045860_1_12-100      92.66%    passed      7.97%
1573  A0AAU9XLM5_IPR045860_2_156-230     93.81%    failed      2.38%
1574  A0AAW1EW67_IPR045860_1_4-57        95.54%    passed      7.41%
1575  A0ABC9W934_IPR045860_1_34-134      91.67%    failed      0.36%
1576  A0ABD1D0L5_IPR045860_1_4-54        95.79%    passed      6.19%
1577  R7U8P4_IPR045860_1_2-60            95.13%    passed     40.69%
1578  Centipede3FTx_0030_61981           92.74%    failed      0.61%
1579  A0A6P5KXC8_IPR042339_1_49-144      92.08%    passed     39.29%
1580  A0A2D4G9Z1_IPR016054_1_12-109      91.91%    passed      5.30%
1581  A0A2T7P9N7_IPR016054_1_941-1028    92.74%    passed     16.25%
1582  A0A6I8R2P6_IPR045860_1_23-115      92.33%    passed     48.05%
1583  A0A6P8PTC0_IPR045860_1_12-93       93.23%    failed      0.07%
1584  A0A8C0N4C6_IPR045860_1_102-222     90.02%    failed      0.87%
1585  A0AA88TF02_IPR045860_2_1-62        94.88%    failed      0.10%
1586  A0AAW1BLL4_IPR045860_1_7-84        93.56%    passed     13.97%
1587  V8NCZ4_IPR045860_1_1-64            94.72%    passed      6.60%
1588  A0A1A6G1S1_IPR038773_1_106-159     95.54%    failed      0.02%
1589  A0A3P9DMF4_IPR045860_1_56-128      93.98%    failed      3.00%
1590  A0A6P5Q3G2_IPR016054_2_213-310     91.91%    failed      3.13%
1591  A0A8M9PKG4_IPR016054_1_18-93       93.73%    failed      0.39%
1592  A0A9F3QVY1_IPR016054_1_39-103      94.64%    passed     38.88%
1593  A0AAD1WQC3_IPR045860_2_283-370     92.74%    passed      8.80%
1594  A0AAV7Q409_IPR045860_2_1-67        94.47%    passed     20.49%
1595  A0A151NCF0_IPR026524_1_21-112      92.41%    failed      0.00%
1596  A0A8D0XLD5_IPR026524_1_11-270      78.55%    failed      0.00%
1597  A0A1S8WRH0_IPR045860_1_25-89       94.64%    passed     37.79%
1598  A0A8J1Y7G1_IPR031424_1_35-141      91.17%    failed      1.71%
1599  A0A9W2YPS7_IPR031424_1_23-136      90.59%    passed     37.79%
1600  A0AA36C4Y9_IPR031424_1_35-100      94.55%    passed     16.83%
1601  T1FTA0_IPR031424_1_23-103          93.32%    passed     50.19%
1602  T1JCJ9_IPR031424_1_125-212         92.74%    passed     29.26%
1603  A0A0M3K4U5_IPR045860_1_207-283     93.65%    passed     49.56%
1604  A0A1D2M2K8_IPR045860_1_27-112      92.90%    passed     59.62%
1605  A0A1I7X890_IPR045860_1_1-50        95.87%    passed     44.52%
1606  A0A1I8AU51_IPR045860_1_85-163      93.48%    passed     12.23%
1607  A0A1W5BE54_IPR045860_1_9-81        93.98%    failed      0.45%
1608  A0A2A6BVH5_IPR045860_1_16-105      92.57%    passed     36.58%
1609  A0A3P7DWI0_IPR045860_1_8-58        95.79%    passed     51.82%
1610  A0A4U5MVD7_IPR045860_1_36-91       95.38%    failed      0.00%
1611  A0A665TLL2_IPR045860_1_52-147      92.08%    passed      6.59%
1612  A0A672Z7F9_IPR045860_1_6-85        93.40%    failed      4.58%
1613  A0A813WVD2_IPR045860_1_66-122      95.30%    passed      6.30%
1614  A0A8B8PLF7_IPR045860_1_13-138      89.60%    failed      0.88%
1615  A0A8J1LAM8_IPR045860_1_169-254     92.90%    passed     19.74%
1616  A0A8J2RNL0_IPR045860_1_13-65       95.63%    passed     17.60%
1617  A0A8S2GH58_IPR045860_1_48-140      92.33%    passed     65.75%
1618  A0A8T2M011_IPR045860_2_117-186     94.22%    passed      6.00%
1619  A0A9D4M313_IPR045860_1_44-151      91.09%    passed     53.34%
1620  A0A9J7ZI52_IPR045860_1_135-190     95.38%    passed     51.10%
1621  A0A9X0A3X3_IPR045860_1_15-118      91.42%    failed      0.32%
1622  A0AA35U124_IPR045860_1_181-287     91.17%    passed     23.19%
1623  A0AA36CJ11_IPR045860_1_61-114      95.54%    passed     49.30%
1624  A0AAF3FA92_IPR045860_1_108-186     93.48%    passed      5.39%
1625  A0AAN7P2D6_IPR045860_1_187-237     95.79%    passed     16.13%
1626  A0AAV7Q5B8_IPR045860_1_20-109      92.57%    passed     55.10%
1627  A0ABD2NEE1_IPR045860_1_16-108      92.33%    passed     59.31%
1628  D2V2Z0_IPR045860_1_19-99           93.32%    passed     57.49%
1629  Q99473_IPR045860_1_12-70           95.13%    passed     12.31%
1630  Centipede3FTx_0031_61981           85.15%    failed      0.43%
1631  Centipede3FTx_0095_984703          89.36%    failed      0.01%
1632  A0A815C0A8_IPR045860_1_77-155      93.48%    failed      3.46%
1633  A0AAJ7T9K6_IPR045860_1_89-151      94.80%    passed     54.53%
1634  A0A2T7P9N7_IPR016054_2_2145-2238   92.24%    passed      5.53%
1635  A0A6J0ABA1_IPR045860_1_24-93       94.22%    passed     19.01%
1636  A0A7L3T2I9_IPR045860_1_1-81        93.32%    passed      9.80%
1637  A0AAD9JQH5_IPR045860_1_39-111      93.98%    failed      0.94%
1638  A0A0U1RNF3_IPR045860_1_23-73       95.79%    passed     12.02%
1639  A0A151M3Y2_IPR045860_6_748-826     93.48%    failed      2.36%
1640  A0A151NCA5_IPR045860_2_15-75       94.97%    failed      0.78%
1641  A0A1U7SB93_IPR045860_3_158-207     95.87%    failed      4.01%
1642  A0A212CED6_IPR016054_1_52-112      94.97%    passed     61.49%
1643  A0A6P8VR33_IPR045860_1_20-106      92.82%    passed     26.58%
1644  A0A836A292_IPR045860_7_308-373     94.55%    passed     13.20%
1645  A0A8C5QVD3_IPR045860_1_70-130      94.97%    failed      3.55%
1646  A0A9D3XGR2_IPR016054_1_28-118      92.49%    passed     11.27%
1647  A0A9X0A5D2_IPR016054_1_18-111      92.24%    failed      0.02%
1648  A0AAD1TA03_IPR016054_1_21-103      93.15%    failed      4.27%
1649  A0AAV2ZKP5_IPR045860_2_1-67        94.47%    passed     24.62%
1650  A0AAV6ZM70_IPR045860_1_18-105      92.74%    failed      0.12%
1651  A0AAW1V7Z3_IPR016054_2_110-175     94.55%    passed     55.10%
1652  A0A5N4CSY0_IPR026524_1_16-126      90.84%    failed      2.88%
1653  A0AAX6T0N5_IPR026524_1_200-369     85.97%    failed      0.00%
1654  A0A1I8IPG4_IPR031424_1_200-249     95.87%    passed     48.55%
1655  A0A1L8DNC4_IPR045860_1_16-118      91.50%    passed     61.14%
1656  A0A433U739_IPR031424_1_30-128      91.83%    passed     67.49%
1657  A0A482WZG1_IPR031424_1_25-150      89.60%    failed      0.01%
1658  A0A816BYK0_IPR031424_1_4-60        95.30%    passed     27.38%
1659  A0AA36CBI2_IPR031424_1_35-147      90.68%    failed      1.53%
1660  A0AA38HQJ2_IPR031424_1_19-111      92.33%    failed      1.05%
1661  A0A061HX69_IPR045860_1_480-531     95.71%    failed      1.75%
1662  A0A077Z8A9_IPR045860_1_16-98       93.15%    passed     28.26%
1663  A0A094ZQS8_IPR045860_1_45-96       95.71%    passed      6.03%
1664  A0A0V0SJT5_IPR045860_1_75-166      92.41%    passed     43.53%
1665  A0A182T5G5_IPR045860_1_171-245     93.81%    passed     17.41%
1666  A0A183U308_IPR045860_1_16-85       94.22%    passed     20.19%
1667  A0A1L8FP00_IPR045860_1_20-112      92.33%    passed     40.30%
1668  A0A2G9UTY1_IPR045860_1_78-156      93.48%    passed     23.29%
1669  A0A3M6U0A5_IPR045860_1_54-153      91.75%    passed     18.41%
1670  A0A3M7S394_IPR045860_1_25-122      91.91%    failed      0.00%
1671  A0A4S2LXJ0_IPR045860_1_22-89       94.39%    passed      8.11%
1672  A0A4V5ZXI3_IPR045860_1_5-71        94.47%    passed     86.21%
1673  A0A6G1QXP5_IPR045860_2_23-103      93.32%    failed      4.55%
1674  A0A6J8B243_IPR045860_2_16-69       95.54%    passed     30.81%
1675  A0A8C6WTV3_IPR045860_1_14-90       93.65%    passed     21.88%
1676  A0A8C7I900_IPR045860_1_10-72       94.80%    passed     49.86%
1677  A0A8J6EQB4_IPR045860_1_30-104      93.81%    passed     39.48%
1678  A0A8S2H7F1_IPR045860_1_29-105      93.65%    failed      1.09%
1679  A0A914K597_IPR045860_1_21-96       93.73%    passed     11.23%
1680  A0A921Z041_IPR045860_1_79-129      95.79%    passed     30.70%
1681  A0AA35P148_IPR045860_1_32-115      93.07%    passed     13.43%
1682  A0AA35U124_IPR045860_2_23-142      90.10%    passed      7.50%
1683  A0AA36CJ38_IPR045860_1_17-91       93.81%    passed      8.75%
1684  A0AAD4NCE5_IPR045860_1_43-148      91.25%    failed      0.45%
1685  A0AAD8CGL1_IPR045860_1_1-56        95.38%    failed      0.00%
1686  A0AAD9NDG7_IPR045860_1_16-118      91.50%    passed     34.07%
1687  A0AAE9FCQ7_IPR045860_1_31-109      93.48%    passed     56.85%
1688  A0AAN9H109_IPR045860_1_1-51        95.79%    passed     23.04%
1689  A0AAV4BL23_IPR045860_1_29-102      93.89%    passed     75.16%
1690  A0AAX7TJ66_IPR045860_1_10-64       95.46%    passed     51.12%
1691  A0AAZ1WZK1_IPR045860_1_351-406     95.38%    failed      0.89%
1692  F6YIE7_IPR045860_1_70-157          92.74%    passed     21.73%
1693  G0MQL5_IPR045860_1_12-111          91.75%    passed     76.03%
1694  H3BIN3_IPR045860_1_21-96           93.73%    passed     24.17%
1695  R7UD99_IPR045860_2_123-186         94.72%    passed     59.36%
1696  Centipede3FTx_0032_61981           88.04%    passed     17.32%
1697  Centipede3FTx_0128_1255758         83.99%    passed     21.11%
1698  A0A3B3UHZ6_IPR016054_1_19-107      92.66%    failed      2.40%
1699  A0A4U8UL41_IPR045860_1_17-101      92.99%    passed     53.29%
1700  A0AAD1W471_IPR045860_1_20-112      92.33%    failed      0.01%
1701  A0A3Q2Q2Z7_IPR045860_1_7-72        94.55%    failed      0.19%
1702  A0A6P9DEV7_IPR045860_2_16-111      92.08%    passed     21.49%
1703  A0A7N6FLY1_IPR045860_1_1-72        94.06%    failed      2.61%
1704  A0A803JTA5_IPR045860_3_14-65       95.71%    failed      4.88%
1705  A0A8C3SHN7_IPR045860_1_129-192     94.72%    failed      1.29%
1706  A0A8C5QVD3_IPR045860_2_10-61       95.71%    passed     39.28%
1707  A0AAV5TBW2_IPR045860_1_17-101      92.99%    failed      1.57%
1708  A0AAV6ZF17_IPR045860_1_1-67        94.47%    passed      6.91%
1709  A0AAW0N2N6_IPR045860_1_190-252     94.80%    failed      1.51%
1710  Q9I8P7_IPR045860_1_113-194         93.23%    passed     51.90%
1711  A0AB34HME4_IPR026524_1_1-169       86.06%    failed      0.00%
1712  A0A1D1V7I0_IPR031424_1_94-184      92.49%    passed      7.96%
1713  A0A2H1WLM9_IPR031424_1_11-81       94.14%    passed     88.77%
1714  A0A7R9QCV8_IPR031424_1_20-156      88.70%    passed     28.75%
1715  A0A0C2H646_IPR045860_1_21-117      92.00%    failed      4.85%
1716  A0A0N5A8A8_IPR045860_1_34-136      91.50%    passed     16.59%
1717  A0A182MBE3_IPR045860_1_59-119      94.97%    failed      2.77%
1718  A0A183BWE7_IPR045860_1_24-121      91.91%    failed      0.04%
1719  A0A3M6U108_IPR045860_1_1-73        93.98%    failed      0.39%
1720  A0A3M7S8Y0_IPR045860_1_20-114      92.16%    passed      8.38%
1721  A0A4C1VGM8_IPR045860_1_233-296     94.72%    passed     20.34%
1722  A0A4V5ZYF6_IPR045860_1_19-99       93.32%    passed     74.64%
1723  A0A5N4A6G8_IPR045860_1_20-98       93.48%    passed     66.49%
1724  A0A7I8V5T3_IPR045860_1_17-132      90.43%    failed      0.22%
1725  A0A7M7GRR2_IPR045860_1_31-144      90.59%    passed      9.52%
1726  A0A7R9ANT5_IPR045860_1_84-146      94.80%    passed     77.18%
1727  A0A7S3D9X3_IPR045860_1_21-86       94.55%    passed     29.41%
1728  A0A814NIW3_IPR045860_1_20-90       94.14%    failed      0.00%
1729  A0A8B7ZBH0_IPR045860_1_25-115      92.49%    passed     29.85%
1730  A0A8C3F363_IPR045860_1_18-124      91.17%    passed      9.60%
1731  A0A8J9V6N6_IPR045860_1_9-59        95.79%    passed     34.66%
1732  A0A8M1MQ92_IPR045860_1_13-67       95.46%    passed     51.37%
1733  A0A8S3Z4R5_IPR045860_1_1-86        92.90%    failed      3.92%
1734  A0A914UKU9_IPR045860_1_20-106      92.82%    passed      6.80%
1735  A0A9D4F3Z0_IPR045860_1_343-409     94.47%    passed      5.29%
1736  A0A9J7L2Y8_IPR045860_1_96-184      92.66%    passed     25.32%
1737  A0AA35VPJ0_IPR045860_1_25-111      92.82%    passed      6.06%
1738  A0AA36FZF4_IPR045860_1_1-55        95.46%    failed      3.96%
1739  A0AA36GWY8_IPR045860_1_18-97       93.40%    failed      0.71%
1740  A0AAD9NG65_IPR045860_1_230-283     95.54%    failed      0.94%
1741  A0ABD0N8X1_IPR045860_1_1-56        95.38%    passed     90.76%
1742  D2VQS4_IPR045860_1_25-111          92.82%    passed      7.91%
1743  H9G8Z4_IPR045860_1_16-101          92.90%    failed      4.64%
1744  K1PX19_IPR045860_2_81-148          94.39%    failed      0.31%
1745  L7MHT0_IPR045860_1_2-74            93.98%    passed     20.24%
1746  R7UXY0_IPR045860_1_94-150          95.30%    passed     15.43%
1747  T1J6C3_IPR045860_1_11-91           93.32%    failed      1.53%
WARNING: 1747 sequences contain more than 50% gaps/ambiguity
****  TOTAL                              93.16%  480 sequences failed composition chi2 test (p-value<5%; df=19)
Checking for duplicate sequences: done in 0.0044179 secs using 125.6% CPU

CHECKPOINT: Initial tree restored
Generating 1000 samples for ultrafast bootstrap (seed: 395019)...
CHECKPOINT: 1000 UFBoot trees and 27 UFBootSplits restored

NOTE: 2370 MB RAM (2 GB) is required!
Measuring multi-threading efficiency up to 14 CPU cores
3 trees examined
Threads: 1 / Time: 16.097 sec / Speedup: 1.000 / Efficiency: 100% / LogL: -380529
Threads: 2 / Time: 10.990 sec / Speedup: 1.465 / Efficiency: 73% / LogL: -380529
Threads: 3 / Time: 7.635 sec / Speedup: 2.108 / Efficiency: 70% / LogL: -380529
Threads: 4 / Time: 6.345 sec / Speedup: 2.537 / Efficiency: 63% / LogL: -380529
Threads: 5 / Time: 6.472 sec / Speedup: 2.487 / Efficiency: 50% / LogL: -380529
Determining AUTO threadcount: done in 47.6932 secs using 177.6% CPU
BEST NUMBER OF THREADS: 4

CHECKPOINT: Model parameters restored, LogL: -337497.438
Wrote distance file to... 
--------------------------------------------------------------------
|             INITIALIZING CANDIDATE TREE SET                      |
--------------------------------------------------------------------
CHECKPOINT: Candidate tree set restored, best LogL: -337497.438
Finish initializing candidate tree set (20)
Current best tree score: -337497.438 / CPU time: 0.000
Number of iterations: 1350
--------------------------------------------------------------------
|               OPTIMIZING CANDIDATE TREE SET                      |
--------------------------------------------------------------------
Iteration 1360 / LogL: -337519.376 / Time: 0h:17m:16s (0h:1m:4s left)
Iteration 1370 / LogL: -337545.251 / Time: 0h:34m:17s (0h:1m:51s left)
Iteration 1380 / LogL: -337502.400 / Time: 0h:52m:10s (0h:2m:25s left)
Iteration 1390 / LogL: -337537.994 / Time: 1h:9m:38s (0h:2m:42s left)
Estimate model parameters (epsilon = 0.100)
BETTER TREE FOUND at iteration 1391: -337494.227
Estimate model parameters (epsilon = 0.100)
BETTER TREE FOUND at iteration 1399: -337484.642
Iteration 1400 / LogL: -337509.616 / Time: 1h:27m:3s (0h:6m:9s left)
Log-likelihood cutoff on original alignment: -337832.984
NOTE: Bootstrap correlation coefficient of split occurrence frequencies: 0.779
NOTE: UFBoot does not converge, continue at least 100 more iterations
Iteration 1410 / LogL: -337559.304 / Time: 1h:44m:17s (0h:6m:39s left)
Iteration 1420 / LogL: -337493.173 / Time: 2h:1m:53s (0h:6m:52s left)
Estimate model parameters (epsilon = 0.100)
BETTER TREE FOUND at iteration 1424: -337478.686
Estimate model parameters (epsilon = 0.100)
BETTER TREE FOUND at iteration 1427: -337476.690
Estimate model parameters (epsilon = 0.100)
BETTER TREE FOUND at iteration 1428: -337470.934
Iteration 1430 / LogL: -337508.452 / Time: 2h:19m:37s (0h:9m:34s left)
Iteration 1440 / LogL: -337506.924 / Time: 2h:36m:47s (0h:9m:35s left)
Iteration 1450 / LogL: -337474.743 / Time: 2h:53m:42s (0h:9m:20s left)
Log-likelihood cutoff on original alignment: -337832.984
Estimate model parameters (epsilon = 0.100)
BETTER TREE FOUND at iteration 1458: -337467.454
Estimate model parameters (epsilon = 0.100)
BETTER TREE FOUND at iteration 1460: -337466.694
Iteration 1460 / LogL: -337466.694 / Time: 3h:11m:16s (0h:13m:6s left)
Iteration 1470 / LogL: -337491.020 / Time: 3h:28m:57s (0h:12m:48s left)
Iteration 1480 / LogL: -337477.790 / Time: 3h:45m:41s (0h:12m:12s left)
Iteration 1490 / LogL: -337490.883 / Time: 4h:3m:19s (0h:11m:26s left)
Estimate model parameters (epsilon = 0.100)
BETTER TREE FOUND at iteration 1498: -337459.104
Iteration 1500 / LogL: -337481.807 / Time: 4h:20m:15s (0h:17m:0s left)
Log-likelihood cutoff on original alignment: -337832.984
NOTE: Bootstrap correlation coefficient of split occurrence frequencies: 0.804
NOTE: UFBoot does not converge, continue at least 100 more iterations
Iteration 1510 / LogL: -337504.929 / Time: 4h:36m:39s (0h:16m:29s left)
Iteration 1520 / LogL: -337475.661 / Time: 4h:53m:28s (0h:15m:27s left)
Estimate model parameters (epsilon = 0.100)
BETTER TREE FOUND at iteration 1530: -337458.724
Iteration 1530 / LogL: -337458.724 / Time: 5h:10m:0s (0h:20m:16s left)
Estimate model parameters (epsilon = 0.100)
BETTER TREE FOUND at iteration 1539: -337451.542
Iteration 1540 / LogL: -337459.860 / Time: 5h:26m:3s (0h:20m:58s left)
Iteration 1550 / LogL: -337507.845 / Time: 5h:42m:35s (0h:19m:40s left)
Log-likelihood cutoff on original alignment: -337832.984
Estimate model parameters (epsilon = 0.100)
BETTER TREE FOUND at iteration 1555: -337445.820
Iteration 1560 / LogL: -337482.492 / Time: 5h:59m:57s (0h:21m:55s left)
Iteration 1570 / LogL: -337461.466 / Time: 6h:17m:0s (0h:20m:25s left)
Estimate model parameters (epsilon = 0.100)
BETTER TREE FOUND at iteration 1573: -337444.736
Iteration 1580 / LogL: -337453.746 / Time: 6h:33m:27s (0h:23m:10s left)
Estimate model parameters (epsilon = 0.100)
BETTER TREE FOUND at iteration 1583: -337439.490
Iteration 1590 / LogL: -337458.421 / Time: 6h:51m:37s (0h:24m:5s left)
Estimate model parameters (epsilon = 0.100)
BETTER TREE FOUND at iteration 1594: -337433.484
Iteration 1600 / LogL: -337447.859 / Time: 7h:9m:13s (0h:25m:13s left)
Log-likelihood cutoff on original alignment: -337832.984
NOTE: Bootstrap correlation coefficient of split occurrence frequencies: 0.814
NOTE: UFBoot does not converge, continue at least 100 more iterations
Iteration 1610 / LogL: -337442.641 / Time: 7h:26m:36s (0h:24m:58s left)
Iteration 1620 / LogL: -337472.432 / Time: 8h:55m:41s (0h:26m:28s left)
Estimate model parameters (epsilon = 0.100)
BETTER TREE FOUND at iteration 1621: -337421.908
Iteration 1630 / LogL: -337463.385 / Time: 9h:33m:21s (0h:32m:1s left)
Estimate model parameters (epsilon = 0.100)
BETTER TREE FOUND at iteration 1631: -337421.451
Iteration 1640 / LogL: -337429.302 / Time: 10h:18m:43s (0h:34m:21s left)
Estimate model parameters (epsilon = 0.100)
BETTER TREE FOUND at iteration 1641: -337408.966
Iteration 1650 / LogL: -337423.036 / Time: 11h:5m:20s (0h:36m:42s left)
Log-likelihood cutoff on original alignment: -337832.984
Iteration 1660 / LogL: -337419.825 / Time: 12h:37m:28s (0h:36m:58s left)
NOTE: 3.583 seconds to dump checkpoint file, increase to 72.000
Estimate model parameters (epsilon = 0.100)
BETTER TREE FOUND at iteration 1670: -337407.464
Iteration 1670 / LogL: -337407.464 / Time: 13h:24m:19s (0h:48m:11s left)
NOTE: 3.734 seconds to dump checkpoint file, increase to 75.000
Estimate model parameters (epsilon = 0.100)
BETTER TREE FOUND at iteration 1679: -337396.516
Iteration 1680 / LogL: -337439.685 / Time: 14h:24m:33s (0h:50m:58s left)
Estimate model parameters (epsilon = 0.100)
BETTER TREE FOUND at iteration 1690: -337395.546
Iteration 1690 / LogL: -337395.546 / Time: 15h:11m:28s (0h:53m:57s left)
Estimate model parameters (epsilon = 0.100)
BETTER TREE FOUND at iteration 1693: -337359.178
Estimate model parameters (epsilon = 0.100)
BETTER TREE FOUND at iteration 1699: -337336.497
Iteration 1700 / LogL: -337408.912 / Time: 17h:27m:13s (1h:1m:1s left)
Log-likelihood cutoff on original alignment: -337832.984
NOTE: Bootstrap correlation coefficient of split occurrence frequencies: 0.832
NOTE: UFBoot does not converge, continue at least 100 more iterations
NOTE: 3.756 seconds to dump checkpoint file, increase to 76.000
Iteration 1710 / LogL: -337407.393 / Time: 17h:56m:13s (0h:56m:40s left)
Iteration 1720 / LogL: -337380.283 / Time: 19h:2m:28s (0h:53m:10s left)
Iteration 1730 / LogL: -337364.080 / Time: 19h:19m:7s (0h:46m:55s left)
Estimate model parameters (epsilon = 0.100)
BETTER TREE FOUND at iteration 1737: -337336.174
Estimate model parameters (epsilon = 0.100)
BETTER TREE FOUND at iteration 1738: -337333.324
Iteration 1740 / LogL: -337354.795 / Time: 19h:37m:1s (1h:6m:19s left)
Iteration 1750 / LogL: -337356.559 / Time: 19h:54m:19s (1h:0m:5s left)
Log-likelihood cutoff on original alignment: -337832.984
Estimate model parameters (epsilon = 0.100)
BETTER TREE FOUND at iteration 1752: -337330.495
Estimate model parameters (epsilon = 0.100)
BETTER TREE FOUND at iteration 1757: -337325.176

******************************************************
CHECKPOINT: Resuming analysis from aln_famsa2.phy.ckp.gz

IQ-TREE version 3.0.1 for MacOS ARM 64-bit built Jun 30 2025
Developed by Bui Quang Minh, Thomas Wong, Nhan Ly-Trong, Huaiyan Ren
Contributed by Lam-Tung Nguyen, Dominik Schrempf, Chris Bielow,
Olga Chernomor, Michael Woodhams, Diep Thi Hoang, Heiko Schmidt

Host:    Mac.fritz.box (SSE4.2, 48 GB RAM)
Command: iqtree3 -s aln_famsa2.phy -m VT+R8 -T AUTO -B 1000 --nmax 10000 --undo
Seed:    832241 (Using SPRNG - Scalable Parallel Random Number Generator)
Time:    Mon Sep  1 14:08:43 2025
Kernel:  SSE2 - auto-detect threads (14 CPU cores detected)

Reading alignment file aln_famsa2.phy ... Phylip format detected
Alignment most likely contains protein sequences
Constructing alignment: done in 0.008147 secs using 83.81% CPU
WARNING: 44 sites contain only gaps or ambiguous characters.
Alignment has 1747 sequences with 1212 columns, 1075 distinct patterns
459 parsimony-informative, 298 singleton sites, 455 constant sites
                                  Gap/Ambiguity  Composition  p-value
Analyzing sequences: done in 0.000352144 secs using 606.9% CPU
   1  Centipede3FTx_0001_61981           93.81%    passed     54.95%
   2  Centipede3FTx_0033_61981           90.10%    passed     16.99%
   3  Centipede3FTx_0129_1255758         90.26%    passed     18.88%
   4  A0AAD9K488_IPR045860_1_1-53        95.63%    failed      3.74%
   5  V9IHU1_IPR035076_1_22-80           95.13%    passed     32.86%
   6  A0A2D4PI90_IPR045860_1_3-66        94.72%    failed      0.48%
   7  A0A2Y9P282_IPR045860_2_21-157      88.70%    failed      0.52%
   8  A0A6J3DA86_IPR045860_1_21-76       95.38%    passed     13.81%
   9  A0A6P5A2A8_IPR045860_2_37-126      92.57%    passed     35.74%
  10  A0A7F8QAG4_IPR045860_1_89-140      95.71%    passed     62.94%
  11  A0A8C5QS38_IPR045860_2_242-325     93.07%    failed      2.39%
  12  A0A8R1YLV9_IPR016054_1_5-66        94.88%    passed     65.76%
  13  A0A974CDU6_IPR045860_1_17-166      87.62%    failed      0.00%
  14  A0A9F5IW75_IPR016054_1_29-135      91.17%    passed     85.57%
  15  A0AAD1TA13_IPR045860_1_11-72       94.88%    passed     21.00%
  16  A0AAN9Z724_IPR016054_1_20-119      91.75%    failed      0.09%
  17  A0AAV5TGY1_IPR045860_1_9-91        93.15%    passed      5.40%
  18  A0AAV7Q439_IPR016054_1_135-230     92.08%    passed     54.41%
  19  A6HS05_IPR051445_1_2-93            92.41%    passed     43.28%
  20  F6W179_IPR016054_1_389-462         93.89%    passed     38.72%
  21  A0ABD2F034_IPR026524_1_1-71        94.14%    failed      0.01%
  22  A0A0C2GT18_IPR031424_1_15-130      90.43%    passed     93.73%
  23  A0A0N4XEH7_IPR031424_1_22-147      89.60%    passed     78.16%
  24  A0A1D2NLN9_IPR031424_1_47-153      91.17%    passed     75.92%
  25  A0A5E4M857_IPR031424_1_22-151      89.27%    failed      0.25%
  26  A0A820IC74_IPR031424_1_22-88       94.47%    passed     72.40%
  27  A0A8S1CCR9_IPR031424_1_91-198      91.09%    passed     46.69%
  28  A0A9D4FIS8_IPR031424_1_24-87       94.72%    failed      0.18%
  29  A0AA38HY41_IPR031424_1_139-222     93.07%    passed     18.46%
  30  A0AAD7YTB9_IPR045860_1_21-123      91.50%    passed     71.47%
  31  A0AAD9PC26_IPR031424_1_20-109      92.57%    passed     63.06%
  32  A0AAE1GWL2_IPR031424_1_77-206      89.27%    passed      9.80%
  33  A0AAV4RF83_IPR031424_1_16-72       95.30%    passed     80.60%
  34  A0AAV5UID1_IPR031424_1_7-80        93.89%    passed     34.12%
  35  T1FUE6_IPR045860_2_183-273         92.49%    passed     10.61%
  36  A0A0N4V1D2_IPR045860_1_21-93       93.98%    passed     39.74%
  37  A0A1B0GXA9_IPR045860_1_21-86       94.55%    passed     39.49%
  38  A0A1X7VDD8_IPR045860_1_128-242     90.51%    passed     28.24%
  39  A0A210QJ17_IPR045860_1_35-127      92.33%    passed     17.76%
  40  A0A2I3SXH2_IPR045860_1_25-101      93.65%    passed     70.68%
  41  A0A3S1A7L4_IPR045860_1_37-138      91.58%    passed     46.64%
  42  A0A4S2M8K0_IPR045860_1_123-197     93.81%    passed     14.54%
  43  A0A4U5NHD1_IPR045860_1_2-61        95.05%    passed     29.57%
  44  A0A669BVS0_IPR045860_1_39-98       95.05%    passed     14.50%
  45  A0A6P8H3A5_IPR045860_1_18-100      93.15%    passed     11.12%
  46  A0A6P8QG64_IPR045860_1_1-66        94.55%    passed     65.59%
  47  A0A7G3AGZ0_IPR045860_1_4-85        93.23%    passed     36.80%
  48  A0A7I8VIA7_IPR045860_1_60-153      92.24%    passed     15.16%
  49  A0A7M7L7E2_IPR045860_2_145-210     94.55%    passed     88.28%
  50  A0A821DEK8_IPR045860_1_13-92       93.40%    passed     84.24%
  51  A0A8C9TGN1_IPR045860_1_85-156      94.06%    passed     22.33%
  52  A0A8J0TC19_IPR045860_1_112-201     92.57%    failed      0.83%
  53  A0A8R1E9F7_IPR045860_1_50-124      93.81%    passed     61.31%
  54  A0A8T1N1B6_IPR045860_1_24-95       94.06%    passed     15.44%
  55  A0A8T2IS40_IPR045860_2_1-69        94.31%    failed      1.40%
  56  A0A9W9Y813_IPR045860_1_3-81        93.48%    passed      9.59%
  57  A0AA35VVV8_IPR045860_1_89-139      95.79%    failed      0.53%
  58  A0AAD1W705_IPR045860_1_52-101      95.87%    passed     55.29%
  59  A0AAD9NIP8_IPR045860_1_2-77        93.73%    passed      9.94%
  60  A0AAE0VXI9_IPR045860_1_9-102       92.24%    passed     71.23%
  61  A0AAJ7SM78_IPR045860_1_2-56        95.46%    failed      3.44%
  62  A0AAN8I461_IPR045860_1_1-58        95.21%    passed     13.47%
  63  A0AAV5T1P7_IPR045860_1_14-95       93.23%    passed     31.10%
  64  A0AAV5VD36_IPR045860_1_14-96       93.15%    passed     34.56%
  65  A0AAV6Z5N0_IPR045860_1_60-145      92.90%    passed      8.98%
  66  A0ABD2NYW7_IPR045860_1_27-107      93.32%    passed      9.71%
  67  C3ZZL6_IPR045860_1_583-641         95.13%    passed     43.18%
  68  Q0GAP6_IPR045860_1_20-81           94.88%    passed     27.37%
  69  Centipede3FTx_0002_61981           89.93%    passed     25.12%
  70  Centipede3FTx_0034_61981           91.50%    passed      5.11%
  71  Centipede3FTx_0130_1255758         88.28%    failed      4.22%
  72  A0A2G5UGY6_IPR045860_1_11-84       93.89%    passed     26.34%
  73  A0A452QH48_IPR045860_1_18-78       94.97%    passed      5.30%
  74  A0A643BR30_IPR045860_1_4-67        94.72%    failed      0.06%
  75  A0A6I8RYL8_IPR045860_1_14-87       93.89%    passed      7.24%
  76  A0A8C2RF78_IPR035076_1_32-90       95.13%    passed     47.43%
  77  A0A8C3JMR5_IPR045860_1_1-66        94.55%    passed      9.90%
  78  A0AAN5DDC6_IPR045860_1_29-96       94.39%    failed      2.81%
  79  G3V0Z9_IPR045860_1_12-75           94.72%    passed     13.93%
  80  A0A096LTF5_IPR016054_2_112-188     93.65%    passed     11.57%
  81  A0A0F7JHR5_IPR045860_2_115-198     93.07%    passed     27.30%
  82  A0A0H4AC90_IPR045860_1_1-84        93.07%    passed      5.76%
  83  A0A4D9DJB4_IPR045860_4_567-619     95.63%    failed      0.32%
  84  A0A6I8PU52_IPR016054_2_217-299     93.15%    passed     31.02%
  85  A0A7J8C8R7_IPR016054_1_22-94       93.98%    passed      9.17%
  86  A0A8D0UEP2_IPR026524_1_10-132      89.85%    passed      7.51%
  87  A0A9B0U280_IPR016054_1_21-101      93.32%    failed      0.81%
  88  A0A9L0SSL3_IPR045860_2_59-112      95.54%    passed      9.49%
  89  G1UJB0_IPR045860_2_20-114          92.16%    failed      0.75%
  90  K7E0K4_IPR016054_3_208-300         92.33%    failed      0.03%
  91  M7B2W8_IPR045860_1_103-155         95.63%    failed      0.29%
  92  A0A8C3SCR7_IPR026524_1_6-286       76.82%    failed      0.00%
  93  A0A1A8RH00_IPR039457_1_5-88        93.07%    passed     24.68%
  94  A0A1D1VG99_IPR031424_1_70-203      88.94%    failed      0.00%
  95  A0A1D2NLW9_IPR031424_1_23-153      89.19%    passed     71.35%
  96  A0A226EVU9_IPR031424_1_54-155      91.58%    failed      4.09%
  97  A0A6J1WMJ4_IPR031424_1_24-133      90.92%    passed     60.72%
  98  A0AAV8VRB0_IPR031424_1_21-101      93.32%    passed     18.84%
  99  A1Z8Y5_IPR031424_1_26-123          91.91%    passed     51.52%
 100  A0A0C2MH32_IPR045860_1_1-73        93.98%    passed     96.11%
 101  A0A1D2MG66_IPR045860_1_25-115      92.49%    passed     24.44%
 102  A0A1I7Y769_IPR045860_1_19-117      91.83%    failed      0.07%
 103  A0A1I8IX46_IPR045860_1_319-392     93.89%    passed     12.87%
 104  A0A4S2MLE7_IPR045860_1_36-111      93.73%    passed     59.25%
 105  A0A4U5NI55_IPR045860_1_19-94       93.73%    passed     57.62%
 106  A0A7M5VEA9_IPR045860_1_33-105      93.98%    passed     43.47%
 107  A0A7S3G3U3_IPR045860_1_2-54        95.63%    passed     10.27%
 108  A0A834A2I1_IPR045860_1_24-95       94.06%    passed     64.48%
 109  A0A8B6GU07_IPR045860_1_11-102      92.41%    passed     13.07%
 110  A0A8C5QXT3_IPR045860_1_53-106      95.54%    passed     28.09%
 111  A0A8J5JX50_IPR045860_1_71-166      92.08%    passed     19.10%
 112  A0A8K0F306_IPR045860_1_23-130      91.09%    passed     49.12%
 113  A0A8S3ZH90_IPR045860_1_1-79        93.48%    passed     42.40%
 114  A0A914USH5_IPR045860_1_15-100      92.90%    passed     28.26%
 115  A0A915DFY2_IPR045860_1_15-80       94.55%    passed     55.51%
 116  A0A9P0DTR9_IPR045860_1_1-58        95.21%    passed     78.60%
 117  A0A9P1MMA3_IPR045860_1_27-105      93.48%    passed     10.73%
 118  A0A9W2Z002_IPR045860_1_18-92       93.81%    failed      0.00%
 119  A0A9W9YJ69_IPR045860_1_16-79       94.72%    failed      0.04%
 120  A0AA85JZT4_IPR045860_1_28-94       94.47%    failed      2.28%
 121  A0AAD9NTI8_IPR045860_1_19-83       94.64%    passed     71.20%
 122  A0AAE0W1W7_IPR045860_1_20-75       95.38%    passed     89.33%
 123  A0AAE1GRD3_IPR045860_1_32-133      91.58%    passed     12.77%
 124  A0AAV2PG25_IPR045860_1_44-99       95.38%    passed     38.36%
 125  A0AAV5VD69_IPR045860_1_14-86       93.98%    passed     44.22%
 126  A0AAV6UAT7_IPR045860_1_25-84       95.05%    passed     34.28%
 127  E0W218_IPR045860_1_19-88           94.22%    passed     26.65%
 128  M1ZMI5_IPR045860_1_3-54            95.71%    passed     17.73%
 129  R7VD63_IPR045860_1_180-235         95.38%    passed     42.34%
 130  W5MLI6_IPR045860_1_1-65            94.64%    passed     42.02%
 131  Centipede3FTx_0067_1255758         89.60%    passed      7.06%
 132  Centipede3FTx_0099_984703          92.33%    passed     16.73%
 133  A0A090LL14_IPR003571_1_32-90       95.13%    failed      2.66%
 134  A0A8C3SXJ0_IPR045860_1_14-67       95.54%    passed     72.61%
 135  A0A8C9F6M2_IPR035076_1_14-65       95.71%    passed     33.58%
 136  M3XSN1_IPR045860_1_65-143          93.48%    failed      0.23%
 137  A0A1L6Z9Y5_IPR026524_1_1-149       87.71%    failed      0.02%
 138  A0A2Y9RVA8_IPR016054_1_239-303     94.64%    passed     53.09%
 139  A0A6P7YUZ6_IPR045860_2_114-195     93.23%    passed      6.21%
 140  A0A8J6B5V3_IPR045860_2_124-181     95.21%    passed     19.31%
 141  A0AAD5KP77_IPR016054_1_20-118      91.83%    passed     87.96%
 142  A6J8Z0_IPR016054_1_69-200          89.11%    passed      5.94%
 143  G3VP90_IPR016054_3_210-302         92.33%    passed     10.66%
 144  A0A1L6Z9Z9_IPR026524_1_1-81        93.32%    passed      8.44%
 145  A0A1A8RI45_IPR039457_1_1-66        94.55%    passed      6.83%
 146  A0A7R9G4N8_IPR039457_1_19-129      90.84%    passed     74.69%
 147  A0A0L0BZ61_IPR031424_1_35-125      92.49%    passed     15.50%
 148  A0A1B0GHW8_IPR031424_1_36-128      92.33%    failed      0.08%
 149  A0A1D1VGV8_IPR031424_1_79-178      91.75%    failed      4.55%
 150  A0A226EYN6_IPR031424_1_49-136      92.74%    passed     54.20%
 151  A0A6G1SPW6_IPR031424_1_43-183      88.37%    passed     35.56%
 152  A0A834IJZ1_IPR031424_1_21-82       94.88%    passed     43.19%
 153  A0A8I6RMI4_IPR031424_1_20-124      91.34%    failed      4.99%
 154  A0A8J5MU39_IPR031424_1_24-110      92.82%    passed      6.94%
 155  A0A914WJK0_IPR031424_1_20-145      89.60%    failed      0.00%
 156  A0A9J6CMN1_IPR031424_1_155-254     91.75%    passed     51.59%
 157  A0A9N9WRV6_IPR031424_1_23-109      92.82%    passed     61.08%
 158  A0A0A0QUX4_IPR045860_1_18-69       95.71%    passed     44.12%
 159  A0A0N5AVA4_IPR045860_1_18-110      92.33%    failed      1.66%
 160  A0A1I7Y7B6_IPR045860_1_22-95       93.89%    passed     17.79%
 161  A0A1X7VMF3_IPR045860_1_25-96       94.06%    passed     72.37%
 162  A0A267FE13_IPR045860_1_77-159      93.15%    passed     13.42%
 163  A0A2I0TMY7_IPR045860_1_43-134      92.41%    passed     23.82%
 164  A0A3P7HPH2_IPR045860_1_12-82       94.14%    passed     28.79%
 165  A0A7I8WE53_IPR045860_1_16-88       93.98%    failed      0.26%
 166  A0A7M5VET2_IPR045860_1_1-98        91.91%    passed     11.51%
 167  A0A813PZ80_IPR045860_1_21-87       94.47%    failed      4.07%
 168  A0A818U6W1_IPR045860_1_9-102       92.24%    passed     26.73%
 169  A0A820SNE3_IPR045860_1_69-132      94.72%    failed      0.00%
 170  A0A8C1VYQ5_IPR045860_1_22-81       95.05%    passed     69.61%
 171  A0A8D8EYL6_IPR045860_1_27-148      89.93%    failed      4.38%
 172  A0A914IDC6_IPR045860_1_41-96       95.38%    passed     61.10%
 173  A0A914Z0P7_IPR045860_1_116-196     93.32%    passed     78.23%
 174  A0A9Q0YDX6_IPR045860_1_30-121      92.41%    passed     41.88%
 175  A0AAV5TAP5_IPR045860_1_21-102      93.23%    passed     15.80%
 176  A0AAV7T9C4_IPR045860_1_19-85       94.47%    failed      3.65%
 177  A0ABD1DX19_IPR045860_1_9-71        94.80%    passed     42.05%
 178  B4GU16_IPR045860_1_105-181         93.65%    passed      6.30%
 179  P0DPY0_IPR045860_1_22-106          92.99%    passed     33.95%
 180  Centipede3FTx_0004_61981           91.42%    passed      5.51%
 181  Centipede3FTx_0036_60158           93.98%    passed     80.59%
 182  Centipede3FTx_0100_984703          90.35%    passed     11.39%
 183  A0A8C8T5K9_IPR026110_1_35-140      91.25%    passed      8.60%
 184  A0A820L598_IPR045860_1_27-77       95.79%    failed      0.04%
 185  A0A9D3S5X7_IPR016054_1_19-113      92.16%    failed      0.04%
 186  A0AAW0MGU5_IPR016054_1_35-92       95.21%    failed      0.27%
 187  A0A6P8SIG0_IPR045860_1_116-202     92.82%    passed     54.48%
 188  A0A8C5QSE3_IPR045860_2_37-123      92.82%    failed      0.00%
 189  A0AAD9JMX5_IPR045860_1_29-114      92.90%    passed     24.70%
 190  A0AAV1Q741_IPR016054_1_29-100      94.06%    passed     21.52%
 191  A0AAW0H6Z6_IPR045860_1_18-90       93.98%    passed     16.52%
 192  A0A182SJ17_IPR045860_1_10-115      91.25%    passed     15.33%
 193  A0A1D1VGW6_IPR031424_1_24-132      91.01%    passed     11.89%
 194  A0A1V9XC70_IPR031424_1_23-117      92.16%    passed     60.44%
 195  A0A3M7SL07_IPR031424_1_3-79        93.65%    passed     54.40%
 196  A0A8S2KJM8_IPR031424_1_23-88       94.55%    passed     82.96%
 197  A0AAD8EMJ0_IPR031424_1_22-136      90.51%    failed      3.75%
 198  B4G719_IPR031424_1_24-125          91.58%    passed     43.30%
 199  E9H2D7_IPR031424_1_24-151          89.44%    failed      1.18%
 200  A0A016U7J7_IPR045860_1_34-87       95.54%    passed     37.92%
 201  A0A0C2NE02_IPR045860_1_3-88        92.90%    passed     55.22%
 202  A0A1S3H0Z1_IPR045860_1_32-107      93.73%    passed     87.26%
 203  A0A1V9XGM2_IPR045860_1_3-66        94.72%    passed     27.87%
 204  A0A1X7VNV6_IPR045860_1_29-136      91.09%    failed      4.77%
 205  A0A260Z1G3_IPR045860_1_32-105      93.89%    passed     50.40%
 206  A0A3N0XLF4_IPR045860_1_22-82       94.97%    failed      3.25%
 207  A0A4U5NZH1_IPR045860_1_19-101      93.15%    passed      8.45%
 208  A0A6A0GZJ4_IPR045860_1_10-60       95.79%    failed      4.72%
 209  A0A814D4D4_IPR045860_1_40-103      94.72%    passed     69.65%
 210  A0A814NNU2_IPR045860_1_23-125      91.50%    passed     37.56%
 211  A0A834R8A3_IPR045860_1_1-102       91.58%    passed     10.36%
 212  A0A8B7DGG4_IPR045860_1_44-134      92.49%    failed      0.59%
 213  A0A8C4LH24_IPR045860_2_26-108      93.15%    passed     59.15%
 214  A0A8X6I8W4_IPR045860_1_77-130      95.54%    passed     16.16%
 215  A0A914IDL7_IPR045860_1_43-105      94.80%    passed     21.33%
 216  A0A974HX00_IPR045860_1_27-118      92.41%    passed     20.84%
 217  A0A9D3PWW3_IPR045860_1_25-139      90.51%    passed     17.25%
 218  A0A9D4B431_IPR045860_1_7-87        93.32%    passed      6.22%
 219  A0A9Q0YFA6_IPR045860_1_37-119      93.15%    passed     25.71%
 220  A0AA35WXI3_IPR045860_1_192-289     91.91%    passed      9.16%
 221  A0AA36H002_IPR045860_1_1-57        95.30%    passed     72.37%
 222  A0AA85K4Y5_IPR045860_1_12-156      88.04%    passed      7.03%
 223  A0AA88M7S9_IPR045860_1_5-74        94.22%    failed      0.00%
 224  A0AAD9P4H3_IPR045860_1_15-76       94.88%    passed     18.13%
 225  A0AAN4ZEY9_IPR045860_1_21-99       93.48%    passed     13.96%
 226  A0AAN5DA64_IPR045860_1_36-130      92.16%    passed     22.37%
 227  A0AAN8LXL3_IPR045860_1_17-69       95.63%    failed      1.38%
 228  A0AAV5TBR6_IPR045860_1_17-112      92.08%    passed     39.25%
 229  H2L9T1_IPR045860_1_21-86           94.55%    failed      4.93%
 230  A0A5F4WGV7_IPR042339_1_1-77        93.65%    passed      6.00%
 231  V8N212_IPR045860_1_1-80            93.40%    passed     54.24%
 232  A0A6P7WSC1_IPR016054_1_21-102      93.23%    passed      7.18%
 233  A0A8C5SB45_IPR045860_1_12-76       94.64%    passed     19.83%
 234  A0ABD3WX20_IPR035076_1_66-132      94.47%    passed     29.85%
 235  A0A835ZW53_IPR038773_1_63-169      91.17%    failed      0.00%
 236  A0A4W2E290_IPR051445_1_1-105       91.34%    passed      6.39%
 237  A0A6A1Q7Y6_IPR051445_1_50-140      92.49%    passed     18.76%
 238  A0A8C8W2C3_IPR051445_1_2-76        93.81%    passed     10.55%
 239  A0A8I6AS65_IPR016054_1_152-209     95.21%    passed     24.65%
 240  A0A974CJ28_IPR045860_2_226-329     91.42%    failed      0.01%
 241  A6J8Z2_IPR016054_1_23-96           93.89%    passed     15.64%
 242  D3ZP75_IPR016054_1_20-106          92.82%    failed      1.20%
 243  R7UJ15_IPR039457_1_7-86            93.40%    failed      0.05%
 244  A0A1D1VLF0_IPR031424_1_28-136      91.01%    passed     28.60%
 245  A0A7R8X7B2_IPR045860_1_59-148      92.57%    failed      1.32%
 246  A0A814REP6_IPR031424_1_35-84       95.87%    passed     76.98%
 247  A0A834IMY6_IPR031424_1_24-126      91.50%    failed      0.37%
 248  A0A8J9Y1Z9_IPR031424_1_58-155      91.91%    failed      0.00%
 249  A0A914BR59_IPR031424_1_24-151      89.44%    failed      1.81%
 250  A0A9C6W8C0_IPR031424_1_24-106      93.15%    passed     20.09%
 251  A0A9D4HCE9_IPR031424_1_22-103      93.23%    passed     38.92%
 252  A0A9N9WWP9_IPR031424_1_24-110      92.82%    passed     38.00%
 253  A0A026WAX7_IPR045860_1_1-51        95.79%    passed     79.40%
 254  A0A336LZR2_IPR045860_1_251-335     92.99%    failed      4.67%
 255  A0A498LWD7_IPR045860_1_252-330     93.48%    failed      0.92%
 256  A0A4U1EKV4_IPR045860_1_2-61        95.05%    passed     21.16%
 257  A0A4U5NZP5_IPR045860_1_19-103      92.99%    passed     11.60%
 258  A0A671VFU8_IPR045860_1_64-113      95.87%    passed      5.88%
 259  A0A6J1LKZ0_IPR045860_1_48-147      91.75%    passed     67.64%
 260  A0A7I8X8P6_IPR045860_1_79-163      92.99%    passed     10.96%
 261  A0A814DLA7_IPR045860_1_23-81       95.13%    passed     46.60%
 262  A0A814JKT5_IPR045860_1_6-71        94.55%    passed      6.08%
 263  A0A8B7DHV2_IPR045860_1_20-110      92.49%    failed      2.59%
 264  A0A8I3PXV6_IPR045860_1_14-68       95.46%    passed     37.89%
 265  A0A8J1LF51_IPR045860_2_290-367     93.56%    passed     18.53%
 266  A0A8J5N960_IPR045860_1_12-76       94.64%    failed      1.09%
 267  A0A8S4N0F6_IPR045860_1_34-143      90.92%    failed      0.41%
 268  A0A8T1SCN7_IPR045860_1_21-98       93.56%    passed     70.95%
 269  A0A8T2IYG0_IPR045860_1_18-88       94.14%    passed     39.38%
 270  A0A8W8LHF3_IPR045860_1_41-141      91.67%    passed     45.83%
 271  A0A9J7LLU2_IPR045860_1_21-102      93.23%    passed     17.60%
 272  A0A9W9YJR1_IPR045860_1_20-117      91.91%    passed     43.07%
 273  A0A9X0D834_IPR045860_1_21-105      92.99%    passed      8.00%
 274  A0AAV4D142_IPR045860_1_32-83       95.71%    passed     19.90%
 275  A0AAV5TCP7_IPR045860_1_13-73       94.97%    passed     20.59%
 276  A0AAW1C869_IPR045860_1_16-82       94.47%    passed     11.26%
 277  A0ABD0PZK3_IPR045860_1_34-90       95.30%    passed     43.03%
 278  D3YUY5_IPR045860_1_21-76           95.38%    passed     40.20%
 279  G5CTL9_IPR045860_1_25-122          91.91%    passed     36.25%
 280  A0A8S3V659_IPR045860_1_136-212     93.65%    passed     29.09%
 281  A0A8V0Y3K6_IPR045860_1_18-91       93.89%    passed     71.44%
 282  A0AAD9QQZ4_IPR045860_1_18-112      92.16%    passed     24.51%
 283  A0AAW0MNB0_IPR045860_1_13-78       94.55%    failed      1.51%
 284  A0AB32TH96_IPR045860_2_11-62       95.71%    passed     24.43%
 285  A0A6I9MEH3_IPR038773_1_19-122      91.58%    passed     20.20%
 286  A0A125S9K5_IPR045860_1_18-108      92.49%    passed     72.27%
 287  A0A151M3Z5_IPR045860_6_222-294     93.98%    passed     72.52%
 288  A0A670IQM8_IPR016054_1_23-101      93.48%    failed      0.52%
 289  A0A6P6EZA3_IPR026524_1_1-387       68.07%    failed      0.00%
 290  A0A8I6ASR0_IPR051445_1_50-228      85.23%    failed      0.00%
 291  A0A8J6BKP1_IPR045860_1_11-96       92.90%    failed      0.24%
 292  A0A9B0WY52_IPR045860_1_22-122      91.67%    passed      9.36%
 293  A0AAF3EF36_IPR016054_1_25-131      91.17%    passed     16.35%
 294  A0AAW0PQM6_IPR045860_1_594-663     94.22%    passed     23.51%
 295  A0AAJ7X4X4_IPR039457_1_17-178      86.63%    failed      0.15%
 296  A0A7E6FPW6_IPR031424_1_22-116      92.16%    passed     24.94%
 297  A0A7J7K0Q0_IPR031424_1_36-106      94.14%    failed      0.08%
 298  A0A816N3I8_IPR031424_1_30-116      92.82%    passed     41.97%
 299  A0A820KXX8_IPR031424_1_21-92       94.06%    passed     11.45%
 300  A0A834J2M1_IPR031424_1_53-131      93.48%    passed      9.02%
 301  A0A9Q0M0P1_IPR031424_1_55-148      92.24%    passed     54.09%
 302  A0AAD8EMX0_IPR031424_1_22-137      90.43%    passed     46.44%
 303  A0AAV2AUC6_IPR031424_1_29-123      92.16%    passed     13.51%
 304  A0AAV8W3Q6_IPR031424_1_26-152      89.52%    passed      8.35%
 305  A0ABD2N2U6_IPR031424_1_24-167      88.12%    failed      0.36%
 306  A0A1W0W9F2_IPR045860_1_295-354     95.05%    passed     35.64%
 307  A0A1X7VRX7_IPR045860_1_130-204     93.81%    passed     35.26%
 308  A0A210QMG5_IPR045860_1_21-111      92.49%    passed      8.25%
 309  A0A267FLT7_IPR045860_1_40-116      93.65%    passed     12.21%
 310  A0A3B5M3Y7_IPR045860_1_54-113      95.05%    passed     34.07%
 311  A0A3M0KDK7_IPR045860_1_1076-1149   93.89%    passed     40.26%
 312  A0A6A4UZH6_IPR045860_1_69-125      95.30%    passed     10.03%
 313  A0A7J6A6K8_IPR045860_1_17-81       94.64%    passed     96.08%
 314  A0A7M7HJH9_IPR045860_1_30-120      92.49%    passed     16.77%
 315  A0A8B6BJV3_IPR045860_1_81-166      92.90%    passed     12.43%
 316  A0A8C6GS09_IPR045860_1_35-121      92.82%    passed     32.72%
 317  A0A8R1I3M6_IPR045860_1_23-72       95.87%    passed     13.64%
 318  A0A974HZ79_IPR045860_1_25-111      92.82%    passed      5.77%
 319  A0A9X0D8A0_IPR045860_1_17-104      92.74%    passed      7.41%
 320  A0AAD9USH5_IPR045860_1_5-103       91.83%    passed     65.72%
 321  A0AAF3FK35_IPR045860_1_8-93        92.90%    failed      0.27%
 322  A0AAV2Q5Q0_IPR045860_1_24-122      91.83%    passed      5.61%
 323  A0AAV6G4K1_IPR045860_2_83-145      94.80%    failed      1.51%
 324  F6ZQF4_IPR045860_1_15-103          92.66%    failed      0.00%
 325  G5CTM1_IPR045860_1_35-128          92.24%    passed     17.84%
 326  K1QMD5_IPR045860_1_5-58            95.54%    passed     17.47%
 327  N6TJ42_IPR045860_1_1-78            93.56%    passed     54.30%
 328  P25677_IPR045860_1_1-56            95.38%    passed     48.61%
 329  Centipede3FTx_0071_60158           93.73%    passed      7.16%
 330  P81946_IPR045860_1_1-59            95.13%    passed     18.99%
 331  A0A6J8CXM1_IPR045860_1_45-149      91.34%    passed     40.07%
 332  A0A6P7WY53_IPR045860_1_164-214     95.79%    passed      7.99%
 333  A0A9L0J0W8_IPR045860_1_28-147      90.10%    failed      0.06%
 334  A0A151PIJ3_IPR016054_1_181-271     92.49%    failed      0.00%
 335  A0A484GSD8_IPR016054_1_27-77       95.79%    passed     19.01%
 336  A0A8B7WI12_IPR051445_1_1-137       88.70%    failed      0.49%
 337  A0A8I6AVK8_IPR016054_1_118-200     93.15%    failed      0.81%
 338  A0A974HDB2_IPR045860_2_48-130      93.15%    passed     21.70%
 339  A0A9N9SCS8_IPR045860_1_19-109      92.49%    passed     32.11%
 340  A0AAD4RAP5_IPR045860_1_16-126      90.84%    passed     46.83%
 341  A0AAV6YYU5_IPR045860_2_112-201     92.57%    passed     29.07%
 342  A0AAV7PZR4_IPR045860_2_114-222     91.01%    passed     27.75%
 343  F6Q0C7_IPR016054_3_33-111          93.48%    failed      1.06%
 344  A0A218UKU1_IPR039457_1_6-72        94.47%    passed      8.17%
 345  A0A7K6EXR5_IPR039457_1_1-91        92.49%    failed      4.75%
 346  A0A7R9P8Q2_IPR039457_1_18-166      87.71%    passed     40.70%
 347  A0A8S1CFF1_IPR039457_1_53-150      91.91%    passed     58.06%
 348  A0A094ZV75_IPR031424_1_24-165      88.28%    passed     34.05%
 349  A0A0L8GXK5_IPR045860_1_17-112      92.08%    passed     31.25%
 350  A0A1Y3AYX1_IPR031424_1_8-70        94.80%    passed     13.19%
 351  A0A5K3FB28_IPR031424_1_38-146      91.01%    passed     20.12%
 352  A0A834XXW6_IPR045860_1_25-117      92.33%    failed      3.34%
 353  A0A8I6RRD0_IPR031424_1_24-112      92.66%    passed     13.01%
 354  A0A8J2HNT4_IPR031424_1_6-91        92.90%    passed      7.72%
 355  A0A8K0GPW3_IPR045860_1_20-142      89.85%    passed     47.41%
 356  A0A8W8K4J3_IPR031424_1_23-111      92.66%    passed     83.90%
 357  A0A914WZU6_IPR031424_1_27-149      89.85%    passed     94.28%
 358  A0A9C6XCY0_IPR031424_1_32-81       95.87%    passed     88.04%
 359  A0AAD8EN74_IPR031424_1_25-127      91.50%    passed      9.12%
 360  A0A0N5BF53_IPR045860_1_5-59        95.46%    passed     45.31%
 361  A0A0V0UBI1_IPR045860_1_1-58        95.21%    passed     96.31%
 362  A0A1I7TRJ6_IPR045860_1_37-95       95.13%    passed     79.82%
 363  A0A1I7YII5_IPR045860_1_29-124      92.08%    passed     71.28%
 364  A0A3P8PM98_IPR045860_1_30-81       95.71%    failed      1.44%
 365  A0A674NC48_IPR045860_1_26-86       94.97%    failed      0.13%
 366  A0A6F9ACW7_IPR045860_1_3-82        93.40%    failed      0.15%
 367  A0A6G1S6S7_IPR045860_1_3-110       91.09%    failed      3.07%
 368  A0A6J0DST4_IPR045860_1_34-106      93.98%    passed     67.49%
 369  A0A7M4DZ02_IPR045860_1_32-95       94.72%    passed     75.96%
 370  A0A7R9KQA6_IPR045860_1_1-104       91.42%    passed     73.86%
 371  A0A814EJY6_IPR045860_1_192-247     95.38%    passed     11.90%
 372  A0A814PF60_IPR045860_1_15-104      92.57%    failed      0.08%
 373  A0A8B6ERY4_IPR045860_1_19-100      93.23%    passed     32.49%
 374  A0A8B7DRJ4_IPR045860_1_22-104      93.15%    passed     11.58%
 375  A0A8B8EZV4_IPR045860_1_33-141      91.01%    passed     46.18%
 376  A0A8C4WMJ5_IPR045860_1_21-113      92.33%    passed     41.16%
 377  A0A8C5CHJ5_IPR045860_1_38-115      93.56%    failed      0.40%
 378  A0A8D9BNI4_IPR045860_1_20-113      92.24%    passed      7.87%
 379  A0A8J2WEI1_IPR045860_1_25-109      92.99%    failed      0.34%
 380  A0A8R2D7F4_IPR045860_1_17-111      92.16%    passed     32.17%
 381  A0A9Y3S0M1_IPR045860_1_307-377     94.14%    failed      0.06%
 382  A0AA39HM97_IPR045860_1_20-105      92.90%    passed     95.09%
 383  A0AA39M7A2_IPR045860_1_134-204     94.14%    passed     35.71%
 384  A0AAN4ZHP0_IPR045860_1_23-95       93.98%    passed     25.27%
 385  A0AAV2QD99_IPR045860_1_46-100      95.46%    failed      2.54%
 386  A0AAV4DMW8_IPR045860_1_26-88       94.80%    passed     13.64%
 387  A0AAV5TF97_IPR045860_1_2-72        94.14%    passed     49.48%
 388  A0ABD3WS81_IPR045860_1_27-79       95.63%    passed     40.43%
 389  G5CTM2_IPR045860_1_23-116          92.24%    passed     38.18%
 390  Centipede3FTx_0008_61981           88.20%    failed      3.73%
 391  Centipede3FTx_0040_60158           91.83%    passed      8.09%
 392  Centipede3FTx_0072_61981           90.43%    failed      4.50%
 393  Q2VBN1_IPR045860_1_14-85           94.06%    passed     20.33%
 394  V8N440_IPR003571_1_1-84            93.07%    passed     31.93%
 395  A0A401RYL5_IPR016054_1_20-108      92.66%    passed     37.13%
 396  A0A6P7WY53_IPR045860_2_20-94       93.81%    failed      0.33%
 397  A0A8B6HFD7_IPR016054_2_206-301     92.08%    passed     77.80%
 398  A0A8C3TZZ5_IPR045860_1_29-94       94.55%    passed     92.56%
 399  A0A914SCK2_IPR045860_1_15-108      92.24%    passed     15.32%
 400  A0A8C7AE63_IPR045860_2_121-207     92.82%    failed      0.19%
 401  A0A9D3PHI6_IPR045860_1_19-108      92.57%    failed      1.75%
 402  A0A9Q0X862_IPR045860_3_250-332     93.15%    passed     79.64%
 403  A0AA35PAI4_IPR045860_1_60-147      92.74%    passed     38.10%
 404  H9G8X6_IPR045860_2_210-286         93.65%    passed     12.19%
 405  P0DQX3_IPR045860_2_95-157          94.80%    passed     50.08%
 406  A0A0K0E8P7_IPR031424_1_39-119      93.32%    passed     28.28%
 407  A0A0T6B2U3_IPR031424_1_21-134      90.59%    passed     62.16%
 408  A0A6A0GXP2_IPR031424_1_7-107       91.67%    passed     59.81%
 409  A0A8W8K6C2_IPR031424_1_1-67        94.47%    passed     22.28%
 410  A0A914E4N2_IPR031424_1_2-122       90.02%    passed     12.30%
 411  A0AAW1URC3_IPR045860_1_18-105      92.74%    passed     12.89%
 412  A0A8C9J9W8_IPR051445_1_3-71        94.31%    failed      0.66%
 413  A0A0C9Q3W5_IPR045860_1_27-110      93.07%    passed     58.34%
 414  A0A0V0XGJ1_IPR045860_1_23-115      92.33%    passed     51.93%
 415  A0A182NM64_IPR045860_1_59-148      92.57%    failed      0.08%
 416  A0A2H1W8S6_IPR045860_1_2-65        94.72%    passed     33.12%
 417  A0A4Z2ITI9_IPR045860_1_71-144      93.89%    passed     21.80%
 418  A0A5A9PIR8_IPR045860_1_115-167     95.63%    passed     73.71%
 419  A0A653BZP5_IPR045860_1_25-99       93.81%    passed     20.78%
 420  A0A7R9BN16_IPR045860_1_18-91       93.89%    passed     52.07%
 421  A0A814PKZ4_IPR045860_1_10-63       95.54%    passed     74.67%
 422  A0A8B7DVU4_IPR045860_1_25-125      91.67%    passed     70.36%
 423  A0A8C6V709_IPR045860_1_6-88        93.15%    failed      0.19%
 424  A0A8R1I7U2_IPR045860_1_78-184      91.17%    passed     10.42%
 425  A0A8S1FAB1_IPR045860_1_32-129      91.91%    passed     93.18%
 426  A0A8S4N9T5_IPR045860_1_233-310     93.56%    passed     60.36%
 427  A0A8T2ND24_IPR045860_1_11-87       93.65%    failed      0.06%
 428  A0A915IBA4_IPR045860_1_15-123      91.01%    passed     14.01%
 429  A0A9Y3S0P4_IPR045860_1_45-132      92.74%    failed      0.62%
 430  A0AA36H4S5_IPR045860_1_16-90       93.81%    passed     28.33%
 431  A0AA85K7K8_IPR045860_1_42-119      93.56%    passed     16.63%
 432  A0AAJ7SUB0_IPR045860_1_115-209     92.16%    failed      1.45%
 433  A0AAN4ZP78_IPR045860_1_42-102      94.97%    passed      9.61%
 434  A0AAN8R2E2_IPR045860_1_20-76       95.30%    failed      2.57%
 435  A0ABD3WX44_IPR045860_1_9-65        95.30%    failed      2.68%
 436  A1BX79_IPR045860_1_1-83            93.15%    passed     47.14%
 437  F5CPE3_IPR045860_1_21-74           95.54%    failed      3.99%
 438  H2XNG7_IPR045860_1_15-107          92.33%    failed      1.15%
 439  Q4RE84_IPR045860_1_1-95            92.16%    passed     44.16%
 440  T1EUB6_IPR045860_1_52-116          94.64%    failed      0.00%
 441  Centipede3FTx_0073_61981           87.46%    failed      0.06%
 442  Centipede3FTx_0137_984703          90.92%    passed     42.28%
 443  A0A3M7P5S9_IPR045860_1_24-76       95.63%    passed     10.14%
 444  A0A821GXM4_IPR035076_1_5-65        94.97%    passed      5.50%
 445  A0A915EI99_IPR035076_1_63-120      95.21%    failed      3.56%
 446  A0A8C0LSP2_IPR016054_2_116-200     92.99%    failed      3.56%
 447  A0A8C5PIA8_IPR045860_2_118-180     94.80%    passed     14.46%
 448  A0A8T1RWM6_IPR045860_2_38-138      91.67%    failed      0.49%
 449  A0A8V5GXQ5_IPR045860_1_17-104      92.74%    passed      6.84%
 450  A0AA35QQ05_IPR045860_2_11-97       92.82%    passed     29.49%
 451  A0AA41SX92_IPR016054_5_304-383     93.40%    passed     24.31%
 452  A0A6P5AVG0_IPR039457_1_6-170       86.39%    passed     39.83%
 453  A0A8S1DAU7_IPR039457_1_17-146      89.27%    passed      8.89%
 454  A0A1D1VPY8_IPR031424_1_23-155      89.03%    failed      0.18%
 455  A0A3P6SP30_IPR045860_1_16-117      91.58%    failed      3.10%
 456  A0A6G0TK47_IPR031424_2_131-183     95.63%    passed     42.87%
 457  A0A6J2T4X2_IPR031424_1_20-104      92.99%    failed      4.43%
 458  A0A8B7Y2P5_IPR045860_1_18-113      92.08%    failed      0.00%
 459  A0A8B8F9V4_IPR031424_1_29-79       95.79%    passed     63.56%
 460  A0A8J2J8C2_IPR031424_1_34-125      92.41%    passed     19.15%
 461  A0A9X6NDI1_IPR031424_2_139-238     91.75%    passed     10.51%
 462  A0AAV8WFF7_IPR031424_1_25-136      90.76%    failed      3.21%
 463  A0A026WXJ4_IPR045860_1_1-62        94.88%    passed     91.18%
 464  A0A0L8FP07_IPR045860_1_1-84        93.07%    passed     48.82%
 465  A0A2G5SEQ4_IPR045860_1_27-106      93.40%    passed     79.22%
 466  A0A2I4AR90_IPR045860_1_16-83       94.47%    passed     45.18%
 467  A0A443SL88_IPR045860_1_4-105       91.58%    failed      0.84%
 468  A0A4U5LUR5_IPR045860_1_72-154      93.15%    passed     10.02%
 469  A0A6I9WVB5_IPR045860_1_22-100      93.48%    failed      2.12%
 470  A0A7J5XAJ6_IPR045860_1_23-97       93.81%    passed     59.11%
 471  A0A7M5WWS9_IPR045860_1_13-112      91.75%    passed     89.06%
 472  A0A7R9BZU8_IPR045860_1_6-120       90.51%    passed     25.17%
 473  A0A813QV19_IPR045860_1_43-97       95.46%    passed     17.30%
 474  A0A814ET11_IPR045860_1_41-100      95.05%    passed     28.16%
 475  A0A816AGA0_IPR045860_1_5-119       90.51%    failed      0.08%
 476  A0A816MZY2_IPR045860_1_5-95        92.49%    passed     38.85%
 477  A0A818AUG9_IPR045860_1_44-109      94.55%    passed      7.74%
 478  A0A8B8DLP4_IPR045860_1_57-131      93.81%    passed     25.91%
 479  A0A8C2ZCX5_IPR045860_1_19-91       93.98%    passed     66.50%
 480  A0A8C6LK83_IPR045860_1_27-121      92.16%    passed     63.13%
 481  A0A8C6VN86_IPR045860_1_114-200     92.82%    passed     10.91%
 482  A0A8T2JDC4_IPR045860_1_2-69        94.39%    passed     30.72%
 483  A0A913X4E7_IPR045860_1_20-110      92.49%    passed     11.67%
 484  A0A914EB87_IPR045860_1_16-93       93.56%    failed      4.88%
 485  A0A914LEF1_IPR045860_1_1-77        93.65%    passed      6.75%
 486  A0A914RYS8_IPR045860_1_15-108      92.24%    passed     49.91%
 487  A0A914VDT4_IPR045860_1_18-93       93.73%    passed     12.21%
 488  A0A922HS44_IPR045860_1_16-145      89.27%    passed     56.27%
 489  A0A9D4BW54_IPR045860_1_25-114      92.57%    passed     22.98%
 490  A0A9J6FD86_IPR045860_1_2-55        95.54%    passed     89.81%
 491  A0A9N9RXC6_IPR045860_1_55-149      92.16%    passed     13.64%
 492  A0A9P0J1I0_IPR045860_1_18-73       95.38%    passed     32.92%
 493  A0A9P1HD09_IPR045860_1_6-91        92.90%    failed      2.25%
 494  A0AAE0SFZ8_IPR045860_1_33-155      89.85%    passed     87.97%
 495  A0AAV5TMI4_IPR045860_1_11-114      91.42%    failed      2.53%
 496  A0AAV5W0D6_IPR045860_1_69-122      95.54%    passed     56.31%
 497  G0PFB6_IPR045860_1_18-98           93.32%    passed     47.44%
 498  A0A452UEK3_IPR026110_1_23-77       95.46%    failed      2.27%
 499  A0A818R344_IPR045860_1_32-104      93.98%    passed      6.42%
 500  A0A9Q1E5X7_IPR016054_1_18-93       93.73%    passed      6.20%
 501  A0A9W2ZRV3_IPR045860_1_32-114      93.15%    passed     26.02%
 502  A0AAD4YB02_IPR045860_2_49-104      95.38%    passed     18.89%
 503  W5MCJ5_IPR016054_1_20-106          92.82%    failed      0.00%
 504  A0A6F9CLJ2_IPR045860_3_137-200     94.72%    failed      2.45%
 505  A0AA97KH13_IPR045860_2_20-107      92.74%    passed     35.37%
 506  A0AAV2KTW0_IPR045860_1_114-182     94.31%    failed      0.00%
 507  A0AAV7Q087_IPR045860_1_109-190     93.23%    passed     61.34%
 508  A0ABD2NUY2_IPR045860_1_18-107      92.57%    passed     26.21%
 509  U3KML4_IPR045860_1_43-125          93.15%    passed     14.44%
 510  A0A0L8IDX6_IPR031424_1_6-77        94.06%    passed     72.13%
 511  A0A1B6LMI2_IPR031424_1_21-99       93.48%    passed     50.54%
 512  A0A1D1VSS4_IPR045860_1_22-105      93.07%    failed      4.87%
 513  A0A1I8PHK9_IPR031424_1_26-129      91.42%    passed     20.23%
 514  A0A6P7FF79_IPR031424_1_26-143      90.26%    failed      4.57%
 515  A0A7F5RC65_IPR031424_1_31-168      88.61%    passed      5.88%
 516  A0A813QWV5_IPR031424_1_56-156      91.67%    passed      5.13%
 517  A0A8D8YPC7_IPR031424_1_26-155      89.27%    passed     62.32%
 518  A0AAR5QJX6_IPR031424_1_24-175      87.46%    passed     26.31%
 519  A0ABD2N5Z7_IPR031424_1_25-145      90.02%    failed      1.99%
 520  A0A026WXM5_IPR045860_1_4-58        95.46%    passed     37.07%
 521  A0A195D3E7_IPR045860_1_5-73        94.31%    passed     72.99%
 522  A0A1L8G0F6_IPR045860_1_57-160      91.42%    failed      4.26%
 523  A0A1W0WQR3_IPR045860_1_88-180      92.33%    passed     38.77%
 524  A0A3B5MH29_IPR045860_1_152-222     94.14%    passed     18.22%
 525  A0A401P202_IPR045860_1_22-78       95.30%    passed     13.21%
 526  A0A443SPP0_IPR045860_1_6-84        93.48%    passed     36.85%
 527  A0A454XV36_IPR045860_1_21-94       93.89%    passed     16.05%
 528  A0A4U5LUZ3_IPR045860_1_15-114      91.75%    passed     11.26%
 529  A0A7R9LSG3_IPR045860_1_1-51        95.79%    passed     20.37%
 530  A0A7T8QUM6_IPR045860_1_3-92        92.57%    passed     10.39%
 531  A0A814Q5U4_IPR045860_1_24-92       94.31%    passed     19.78%
 532  A0A914RZA8_IPR045860_1_78-139      94.88%    passed      8.41%
 533  A0A915J3H9_IPR045860_1_226-306     93.32%    passed     10.01%
 534  A0A977PF39_IPR045860_1_22-126      91.34%    passed     13.10%
 535  A0A9P1N1W3_IPR045860_1_11-103      92.33%    passed     88.32%
 536  A0A9Q1I8V0_IPR045860_1_1-66        94.55%    passed     40.59%
 537  A0AA36H857_IPR045860_1_24-95       94.06%    failed      1.44%
 538  A0AA97J5B9_IPR045860_1_19-95       93.65%    passed      8.39%
 539  A0AAV2KZH7_IPR045860_1_20-82       94.80%    passed      6.59%
 540  A0AAV6ZUP7_IPR045860_1_20-81       94.88%    passed     17.62%
 541  A6MIV6_IPR045860_1_17-70           95.54%    passed     40.46%
 542  E3NNI7_IPR045860_1_39-105          94.47%    passed     39.42%
 543  G9D4E4_IPR045860_1_78-167          92.57%    passed     53.00%
 544  Q5C099_IPR045860_1_35-109          93.81%    passed     41.82%
 545  T1F491_IPR045860_1_11-97           92.82%    failed      1.96%
 546  U4UN32_IPR045860_1_66-134          94.31%    passed     23.98%
 547  Centipede3FTx_0011_61981           89.77%    passed     46.68%
 548  Centipede3FTx_0075_61981           92.74%    passed      5.77%
 549  A0A315W4P7_IPR045860_1_1-60        95.05%    passed     67.06%
 550  A0A091GPN7_IPR045860_2_95-146      95.71%    passed     67.35%
 551  G3TYI9_IPR016054_2_164-219         95.38%    passed      6.62%
 552  M7C222_IPR045860_3_8-70            94.80%    passed      9.92%
 553  A0A8T1S5D0_IPR026524_1_5-155       87.54%    failed      0.01%
 554  G3IJA7_IPR039457_1_2-85            93.07%    passed     30.77%
 555  A0A1D1VU07_IPR031424_1_29-119      92.49%    passed     61.99%
 556  A0A1S3KC57_IPR031424_1_20-112      92.33%    failed      3.60%
 557  A0A6A4II55_IPR031424_1_22-134      90.68%    failed      4.06%
 558  A0A6L2PLK9_IPR031424_1_31-84       95.54%    passed     96.59%
 559  A0A8J5UUP8_IPR031424_1_24-113      92.57%    passed     76.54%
 560  A0A9P1HMJ8_IPR031424_1_22-124      91.50%    passed     73.47%
 561  A0AAE9DKX9_IPR031424_1_24-108      92.99%    passed     51.64%
 562  A0AAV2Q359_IPR031424_1_4-107       91.42%    passed     28.22%
 563  N6U7S0_IPR031424_1_20-121          91.58%    failed      0.42%
 564  A0A0E3KK09_IPR045860_1_18-72       95.46%    passed     58.22%
 565  A0A2A6D034_IPR045860_1_57-149      92.33%    passed     92.92%
 566  A0A2K5H6W3_IPR045860_1_25-85       94.97%    passed     79.71%
 567  A0A485N7F4_IPR045860_1_1-79        93.48%    passed     31.15%
 568  A0A672HY15_IPR045860_1_43-105      94.80%    passed     61.34%
 569  A0A6P5A1G0_IPR045860_1_69-125      95.30%    passed     18.70%
 570  A0A7M5X584_IPR045860_1_21-86       94.55%    passed     47.40%
 571  A0A834Y7F0_IPR045860_1_31-132      91.58%    failed      0.47%
 572  A0A8J6AP99_IPR045860_1_159-208     95.87%    failed      2.78%
 573  A0A8M1FMM8_IPR045860_1_11-65       95.46%    passed     26.43%
 574  A0A8S3T3W9_IPR045860_1_33-92       95.05%    passed     81.79%
 575  A0A914ITD3_IPR045860_1_469-533     94.64%    passed     37.68%
 576  A0A915AQ63_IPR045860_1_14-95       93.23%    failed      1.77%
 577  A0A922HWM7_IPR045860_1_189-258     94.22%    passed     64.05%
 578  A0A9J6FJA2_IPR045860_2_260-335     93.73%    passed     30.27%
 579  A0A9P1HH40_IPR045860_1_23-110      92.74%    passed     20.11%
 580  A0AA35KPM3_IPR045860_1_104-193     92.57%    failed      4.94%
 581  A0AA36HBF4_IPR045860_1_43-111      94.31%    passed     20.46%
 582  A0AA39I7H4_IPR045860_1_20-82       94.80%    passed     11.24%
 583  A0AAU9W6W5_IPR045860_1_22-108      92.82%    failed      4.12%
 584  A0AAV7HWB9_IPR045860_3_118-180     94.80%    passed     61.73%
 585  A0AAW0MFM6_IPR045860_1_5-54        95.87%    passed     24.56%
 586  E2AU71_IPR045860_1_231-289         95.13%    passed     55.04%
 587  E4WSQ4_IPR045860_1_2-118           90.35%    passed     10.08%
 588  J7H3I1_IPR045860_1_35-132          91.91%    passed     79.37%
 589  Centipede3FTx_0012_984703          92.08%    failed      1.03%
 590  Centipede3FTx_0140_1255758         86.63%    passed      6.38%
 591  A0A8J9Z921_IPR045860_2_11-93       93.15%    failed      0.42%
 592  A0A8C9JP44_IPR045860_1_32-84       95.63%    passed     76.02%
 593  A0AA39MC99_IPR045860_1_12-92       93.32%    passed     19.91%
 594  A0AAN8BWB3_IPR045860_1_17-72       95.38%    passed     37.54%
 595  A0A2K6FUC7_IPR016054_1_130-181     95.71%    passed      8.24%
 596  A0A7J8BAY1_IPR051445_1_45-121      93.65%    passed      5.70%
 597  A0A803T097_IPR045860_2_113-189     93.65%    passed     29.53%
 598  A0A8C6G4T4_IPR016054_2_12-92       93.32%    passed      8.60%
 599  A0A8C8ZD79_IPR045860_3_211-280     94.22%    passed     14.10%
 600  A0AAV7MS16_IPR016054_1_19-100      93.23%    failed      0.44%
 601  G1U647_IPR026524_1_4-124           90.02%    failed      0.00%
 602  A0A068WMH4_IPR045860_1_37-139      91.50%    passed     80.37%
 603  A0A0T6B6S3_IPR031424_1_22-133      90.76%    passed     72.17%
 604  A0A183MZ51_IPR031424_1_26-124      91.83%    passed     22.39%
 605  A0A1Y1LGN0_IPR045860_1_34-109      93.73%    passed     10.54%
 606  A0A7F5RM31_IPR045860_1_17-109      92.33%    passed     23.96%
 607  A0A7J7K6D5_IPR031424_1_121-210     92.57%    passed     13.17%
 608  A0A9N9TL37_IPR031424_1_20-93       93.89%    passed     97.13%
 609  A0A9P0CKC3_IPR031424_1_24-121      91.91%    passed     10.19%
 610  A0AAE9ECB9_IPR031424_1_30-169      88.45%    passed      5.07%
 611  A0AAW1UZC9_IPR031424_1_19-128      90.92%    passed     33.42%
 612  V4AFQ7_IPR031424_1_44-125          93.23%    passed     59.09%
 613  A0A9W2X6I2_IPR051445_1_47-112      94.55%    passed      5.69%
 614  A0A067RRM3_IPR045860_1_1-78        93.56%    passed     25.91%
 615  A0A0N5BVY0_IPR045860_1_32-99       94.39%    passed     51.31%
 616  A0A1S3IMF4_IPR045860_1_21-96       93.73%    failed      0.08%
 617  A0A267G212_IPR045860_1_35-111      93.65%    failed      0.02%
 618  A0A2I5KCC1_IPR045860_1_22-131      90.92%    passed      5.32%
 619  A0A2P1DVD9_IPR045860_1_24-125      91.58%    passed     28.82%
 620  A0A3N0YL70_IPR045860_1_20-97       93.56%    passed     48.67%
 621  A0A401PND9_IPR045860_1_24-95       94.06%    passed     15.64%
 622  A0A4U5PGP9_IPR045860_1_12-88       93.65%    passed     10.17%
 623  A0A553NEH9_IPR045860_1_44-126      93.15%    passed     14.62%
 624  A0A5F4WEP0_IPR045860_1_159-273     90.51%    failed      4.29%
 625  A0A672L629_IPR045860_1_11-92       93.23%    passed     12.76%
 626  A0A6J8DGY3_IPR045860_1_75-168      92.24%    passed     24.26%
 627  A0A7L3V3L4_IPR045860_1_100-208     91.01%    failed      0.00%
 628  A0A8C5PT57_IPR045860_1_33-104      94.06%    passed      5.84%
 629  A0A8F8ASX3_IPR045860_1_58-126      94.31%    passed     40.49%
 630  A0A8T0BCI2_IPR045860_1_1-59        95.13%    passed     17.55%
 631  A0A915KCD7_IPR045860_1_23-123      91.67%    passed     32.38%
 632  A0A9F3W1W6_IPR045860_1_17-97       93.32%    passed     13.49%
 633  A0A9Q1AX85_IPR045860_1_8-68        94.97%    passed     33.65%
 634  A0A9X0A5Y2_IPR045860_1_18-78       94.97%    failed      2.43%
 635  A0AAD3R410_IPR045860_2_83-145      94.80%    failed      3.25%
 636  A0AAF3J618_IPR045860_1_16-105      92.57%    passed     59.62%
 637  J9ABH8_IPR045860_1_2-67            94.55%    failed      1.84%
 638  L8IZU0_IPR045860_1_26-80           95.46%    passed     36.71%
 639  T1FB38_IPR045860_1_12-101          92.57%    failed      0.79%
 640  W8AZ14_IPR045860_1_27-99           93.98%    passed     32.39%
 641  Centipede3FTx_0045_60158           88.70%    failed      2.65%
 642  Centipede3FTx_0077_61981           89.93%    failed      2.43%
 643  A0A098LYH6_IPR045860_1_13-92       93.40%    passed     15.19%
 644  A0A3B1ISK3_IPR016054_1_43-132      92.57%    failed      1.01%
 645  A0A3M7Q1X2_IPR045860_1_22-121      91.75%    failed      0.14%
 646  A0A8B6CMS2_IPR035076_1_23-72       95.87%    passed     18.03%
 647  A0A8D0BLR1_IPR045860_1_18-75       95.21%    passed     17.82%
 648  A0AAV7V326_IPR045860_1_16-126      90.84%    failed      0.00%
 649  G7PD21_IPR045860_1_47-101          95.46%    passed     24.55%
 650  A0A674J103_IPR045860_2_119-171     95.63%    passed     23.55%
 651  A0A7J8BB03_IPR051445_1_24-122      91.83%    failed      2.54%
 652  A0A8T1RYG7_IPR045860_2_119-196     93.56%    failed      1.47%
 653  A0AA97KDG8_IPR045860_1_76-156      93.32%    passed     24.29%
 654  A0AA97LL31_IPR045860_3_107-193     92.82%    failed      4.28%
 655  A0AAD1SXJ9_IPR045860_1_2-75        93.89%    passed     10.48%
 656  A0AAV7Q0A2_IPR045860_2_111-215     91.34%    passed     20.62%
 657  A0AAW1AWV1_IPR045860_6_1-70        94.22%    passed     31.92%
 658  A0AAN8G8R9_IPR039457_1_5-162       86.96%    failed      0.51%
 659  A0A8J6H8Z6_IPR031424_1_441-544     91.42%    passed     20.90%
 660  A0A9P0NU81_IPR031424_1_23-142      90.10%    passed      5.22%
 661  A0A9X6NF42_IPR031424_1_21-112      92.41%    failed      4.33%
 662  A0A0B2V4Y2_IPR045860_1_13-87       93.81%    passed     43.82%
 663  A0A0K0CWW9_IPR045860_1_1-51        95.79%    passed     52.25%
 664  A0A0N4XE99_IPR045860_1_18-91       93.89%    passed     13.70%
 665  A0A0R3PZF4_IPR045860_1_3-88        92.90%    passed      6.03%
 666  A0A0S7EPF1_IPR045860_1_52-146      92.16%    passed     64.81%
 667  A0A212CDR5_IPR045860_1_10-59       95.87%    passed     29.84%
 668  A0A261CIU9_IPR045860_1_35-107      93.98%    passed     12.49%
 669  A0A369RZI8_IPR045860_1_33-142      90.92%    passed     13.62%
 670  A0A3M6UU69_IPR045860_1_18-113      92.08%    passed      5.70%
 671  A0A3Q0IVC8_IPR045860_1_107-162     95.38%    passed     33.47%
 672  A0A4U5PGR9_IPR045860_1_10-93       93.07%    passed     19.36%
 673  A0A672L668_IPR045860_1_26-94       94.31%    passed     12.95%
 674  A0A6P7XFG3_IPR045860_1_18-96       93.48%    failed      3.29%
 675  A0A6P8F3Q9_IPR045860_1_19-116      91.91%    passed     80.24%
 676  A0A7J7J989_IPR045860_1_4-78        93.81%    passed     57.91%
 677  A0A8C3GTR2_IPR045860_1_48-144      92.00%    failed      0.34%
 678  A0A8D2L5T3_IPR045860_1_24-97       93.89%    passed     68.98%
 679  A0A8K0KJU9_IPR045860_1_171-225     95.46%    failed      3.75%
 680  A0A914VXE6_IPR045860_1_26-103      93.56%    passed      8.91%
 681  A0A9W9YVV7_IPR045860_1_17-120      91.42%    failed      1.45%
 682  A0AA36GN51_IPR045860_1_69-160      92.41%    passed     44.68%
 683  A0AAN5C818_IPR045860_1_20-96       93.65%    failed      3.28%
 684  A0AAN5I4M8_IPR045860_1_14-85       94.06%    passed     27.78%
 685  A0AAV3A1S2_IPR045860_1_26-103      93.56%    passed     49.19%
 686  A0ABD0SGT6_IPR045860_1_31-106      93.73%    failed      2.06%
 687  A0ABD2K7U0_IPR045860_1_59-155      92.00%    passed     72.95%
 688  D1ZZN3_IPR045860_1_25-95           94.14%    failed      0.02%
 689  Q91595_IPR045860_1_26-105          93.40%    passed     19.81%
 690  S4RP23_IPR045860_1_1-76            93.73%    passed     70.92%
 691  W8B4V7_IPR045860_1_35-84           95.87%    passed     34.75%
 692  A0AAV7V3C6_IPR045860_1_12-88       93.65%    failed      0.02%
 693  A0A9J7HAX0_IPR038773_1_34-166      89.27%    passed     10.94%
 694  A0A0B2W4U8_IPR016054_1_131-222     92.41%    passed      5.06%
 695  A0A151MW29_IPR045860_3_115-198     93.07%    failed      2.42%
 696  A0A212DDM8_IPR016054_2_5-77        93.98%    passed     16.05%
 697  A0A2J8IXP7_IPR016054_2_89-153      94.64%    passed      5.95%
 698  A0A8B6F514_IPR045860_1_60-144      92.99%    failed      0.03%
 699  A0A9Q1E5R8_IPR045860_2_20-79       95.05%    failed      4.15%
 700  A0AA35KNY3_IPR016054_2_22-112      92.49%    passed     21.41%
 701  A0AA35PCS3_IPR016054_2_396-445     95.87%    passed     92.26%
 702  A0AAW1AWW4_IPR045860_1_9-61        95.63%    passed     59.97%
 703  W5LVP5_IPR045860_1_3-53            95.79%    passed      9.72%
 704  A0A2U9AV81_IPR039457_1_3-54        95.71%    failed      2.73%
 705  A0A0N5CCS6_IPR031424_1_67-161      92.16%    passed     43.32%
 706  A0A7J7K703_IPR031424_1_20-92       93.98%    passed      9.00%
 707  A0A8B7YKX8_IPR031424_1_21-134      90.59%    failed      4.69%
 708  A0A8J6HAG2_IPR031424_1_268-342     93.81%    passed     20.38%
 709  A0AAJ6VZY4_IPR031424_1_28-113      92.90%    passed     42.24%
 710  A0ABD0SQC7_IPR031424_1_5-76        94.06%    passed     64.84%
 711  A0A068X2C6_IPR045860_1_1-74        93.89%    passed     58.13%
 712  A0A0B2V788_IPR045860_1_40-119      93.40%    passed     47.94%
 713  A0A139WKZ1_IPR045860_1_19-105      92.82%    passed     17.95%
 714  A0A1I7Z4P0_IPR045860_1_20-117      91.91%    passed     77.98%
 715  A0A1J1IMZ0_IPR045860_1_172-248     93.65%    failed      0.37%
 716  A0A4D9DQ93_IPR045860_1_5-88        93.07%    passed     39.52%
 717  A0A4U5M1C9_IPR045860_1_13-93       93.32%    passed     49.82%
 718  A0A5F9DD18_IPR045860_2_120-204     92.99%    failed      0.28%
 719  A0A673CMW7_IPR045860_1_1-62        94.88%    passed     90.37%
 720  A0A6I8Q673_IPR045860_1_22-78       95.30%    failed      0.05%
 721  A0A6J2WKY8_IPR045860_2_1-78        93.56%    passed      9.35%
 722  A0A6P8J5F2_IPR045860_1_29-134      91.34%    passed      9.58%
 723  A0A6P8NVL9_IPR045860_1_19-99       93.32%    failed      0.03%
 724  A0A6P8R0I9_IPR045860_1_21-122      91.58%    passed     33.63%
 725  A0A7J7K4I5_IPR045860_1_100-196     92.00%    passed     87.45%
 726  A0A7M5X657_IPR045860_1_43-96       95.54%    failed      3.14%
 727  A0A815RKE6_IPR045860_1_585-644     95.05%    passed     25.60%
 728  A0A817TEU8_IPR045860_1_40-101      94.88%    failed      1.52%
 729  A0A8B7PBL7_IPR045860_1_71-178      91.09%    failed      0.02%
 730  A0A8C4SSB6_IPR045860_1_19-84       94.55%    passed      7.39%
 731  A0A8S1GQN7_IPR045860_1_21-103      93.15%    failed      4.68%
 732  A0A9W9YWP2_IPR045860_1_22-108      92.82%    passed     10.37%
 733  A0AAF3JBN4_IPR045860_1_9-84        93.73%    failed      0.63%
 734  A0AAV6GIL3_IPR045860_1_31-81       95.79%    passed      9.11%
 735  E2B602_IPR045860_1_38-100          94.80%    passed     14.05%
 736  Q0GAB5_IPR045860_1_20-85           94.55%    passed     49.63%
 737  Centipede3FTx_0015_1255758         87.38%    passed     17.52%
 738  Centipede3FTx_0047_60158           92.74%    passed     70.88%
 739  Centipede3FTx_0111_984703          90.26%    passed     26.92%
 740  A0A2I0TLL8_IPR045860_1_6-59        95.54%    passed     15.02%
 741  A0A3P9MIP7_IPR045860_2_3-66        94.72%    passed     45.40%
 742  A0A7S1U4Z0_IPR045860_1_8-90        93.15%    failed      0.32%
 743  A0A818WR27_IPR045860_1_9-78        94.22%    failed      0.47%
 744  A0AAN8FGD8_IPR045860_1_6-82        93.65%    passed     24.21%
 745  A0AAV7V3D2_IPR045860_1_18-71       95.54%    passed     28.52%
 746  A0A3Q4BL76_IPR045860_2_19-87       94.31%    passed      7.49%
 747  A0A674J133_IPR045860_2_202-284     93.15%    failed      1.97%
 748  A0A6B0S3L6_IPR045860_2_202-274     93.98%    passed     11.30%
 749  A0A7J7JX39_IPR045860_1_15-109      92.16%    passed      5.13%
 750  A0A9D4B4C9_IPR045860_1_28-84       95.30%    passed     79.02%
 751  A0A9Q0YG57_IPR016054_1_228-322     92.16%    passed      7.51%
 752  A0A9X9LR61_IPR051445_1_18-78       94.97%    passed      8.08%
 753  A0AA35KNY3_IPR045860_3_234-311     93.56%    failed      3.53%
 754  A0AAV7PWP4_IPR045860_2_114-166     95.63%    passed     38.59%
 755  A0A1L6ZA22_IPR026524_1_1-54        95.54%    failed      4.86%
 756  A0A8C6VKX5_IPR026524_1_26-317      75.91%    passed     10.46%
 757  A0A1D1W0Z2_IPR045860_1_21-110      92.57%    passed     28.04%
 758  A0A2J7RCP2_IPR031424_1_20-94       93.81%    passed     68.43%
 759  A0A419QDL7_IPR031424_1_49-135      92.82%    passed     29.02%
 760  A0A553PQ88_IPR031424_1_65-138      93.89%    passed      9.08%
 761  A0A6A4J1W8_IPR031424_1_23-124      91.58%    passed     57.55%
 762  A0A8D9EEC0_IPR045860_1_36-100      94.64%    passed     43.68%
 763  A0A8S3ZD21_IPR045860_1_1-90        92.57%    passed     57.14%
 764  A0A9Q0MUQ9_IPR031424_1_22-152      89.19%    passed     29.85%
 765  A0AAW1KEF1_IPR031424_1_22-122      91.67%    failed      2.40%
 766  A0A0A0QVT0_IPR045860_1_1-59        95.13%    passed     76.20%
 767  A0A0B1S3M7_IPR045860_1_18-91       93.89%    passed     67.76%
 768  A0A2G8KSN0_IPR045860_1_1-52        95.71%    passed     15.87%
 769  A0A369SFB3_IPR045860_1_30-118      92.66%    passed     71.71%
 770  A0A3M6V1V9_IPR045860_1_24-100      93.65%    passed      8.35%
 771  A0A482WBZ3_IPR045860_1_23-97       93.81%    passed     37.13%
 772  A0A4U5M1E1_IPR045860_1_33-149      90.35%    passed     16.36%
 773  A0A672J2F4_IPR045860_1_20-76       95.30%    failed      0.04%
 774  A0A6F9AWL3_IPR045860_3_79-133      95.46%    passed     44.82%
 775  A0A7J8AY79_IPR045860_1_29-112      93.07%    passed     86.94%
 776  A0A7K8YTB0_IPR045860_1_7-87        93.32%    failed      0.00%
 777  A0A7M5X6C4_IPR045860_1_26-115      92.57%    failed      1.64%
 778  A0A7R8W3R3_IPR045860_1_82-181      91.75%    passed     40.54%
 779  A0A811KAY1_IPR045860_1_14-122      91.01%    passed     73.68%
 780  A0A816RLQ1_IPR045860_1_5-78        93.89%    failed      0.00%
 781  A0A821LEG1_IPR045860_2_139-203     94.64%    failed      4.37%
 782  A0A8B7PH04_IPR045860_1_27-104      93.56%    passed     14.58%
 783  A0A8C5MR88_IPR045860_1_23-95       93.98%    passed     20.24%
 784  A0A8I3WKN2_IPR045860_1_80-163      93.07%    passed     13.62%
 785  A0A8J9Z2A7_IPR045860_1_24-121      91.91%    passed      5.53%
 786  A0A913YSX5_IPR045860_1_1-83        93.48%    passed     28.69%
 787  A0A914IY65_IPR045860_1_181-248     94.39%    passed     42.52%
 788  A0A9N9T6H2_IPR045860_1_5-56        95.71%    passed     16.35%
 789  A0A9P1HRW4_IPR045860_1_35-101      94.47%    passed     19.21%
 790  A0A9W7WT82_IPR045860_1_8-63        95.38%    passed     10.27%
 791  A0AA35PDW3_IPR045860_1_17-98       93.23%    passed     19.39%
 792  A0AA97KCV8_IPR045860_1_33-91       95.13%    failed      2.49%
 793  A0AAD9Q6B2_IPR045860_1_25-107      93.15%    failed      2.50%
 794  A0AAE1Q6Z9_IPR045860_1_4-71        94.39%    passed     63.55%
 795  A0AAN7VHR4_IPR045860_1_15-112      91.91%    passed     38.38%
 796  A2BI28_IPR045860_1_15-83           94.31%    failed      2.02%
 797  T1GBA5_IPR045860_1_46-120          93.81%    passed     78.83%
 798  Centipede3FTx_0016_60158           87.87%    passed      5.01%
 799  Centipede3FTx_0080_61981           94.97%    passed     44.13%
 800  A0A454XXZ8_IPR045860_1_9-90        93.23%    failed      0.92%
 801  A0A6P7ZHU5_IPR016054_1_21-102      93.23%    failed      1.25%
 802  A0A814ASR0_IPR045860_1_26-113      92.74%    passed      7.32%
 803  A0A7J7SCZ8_IPR045860_3_211-261     95.79%    failed      3.50%
 804  A0A8J1JZC7_IPR045860_1_104-177     93.89%    passed     67.13%
 805  A0A8J1LAE3_IPR016054_1_18-111      92.24%    failed      1.29%
 806  A0A8T1S1I7_IPR045860_1_114-183     94.22%    passed      7.24%
 807  A0A8T2IRT7_IPR045860_2_115-195     93.32%    failed      0.30%
 808  A0AA40HIG7_IPR045860_1_38-190      87.38%    failed      0.00%
 809  A0AAV6ZHU2_IPR045860_2_1-71        94.14%    failed      0.46%
 810  A0A2G8LPQ2_IPR039457_1_28-79       95.71%    passed     21.46%
 811  A0A814JAT2_IPR039457_1_21-152      89.11%    failed      0.06%
 812  A0A0C9R4W4_IPR045860_1_44-107      94.72%    passed     25.00%
 813  A0A182UDP1_IPR031424_1_44-102      95.13%    passed     59.06%
 814  A0A1W0WDQ5_IPR031424_1_33-112      93.40%    failed      1.92%
 815  A0A553PQL1_IPR045860_1_17-98       93.23%    failed      0.34%
 816  A0A7G3AA29_IPR031424_1_25-147      89.85%    failed      0.02%
 817  A0A7I8VUV2_IPR031424_1_20-103      93.07%    passed     63.28%
 818  A0A8J2WFD8_IPR045860_1_38-136      91.83%    passed     48.50%
 819  A0A8S4PVE8_IPR031424_1_67-162      92.08%    passed     10.87%
 820  A0A915BLD6_IPR031424_1_24-112      92.66%    passed     20.91%
 821  A0A9J6BBX8_IPR031424_1_21-133      90.68%    failed      0.02%
 822  A0AAD5N1P7_IPR031424_1_105-184     93.40%    passed     14.93%
 823  A0AAD8AAY3_IPR045860_1_21-109      92.66%    failed      2.85%
 824  A0A0B2V963_IPR045860_1_20-161      88.28%    passed     17.24%
 825  A0A0D6LIU7_IPR045860_1_14-89       93.73%    passed     17.58%
 826  A0A0E3N0J1_IPR045860_2_115-164     95.87%    passed     56.25%
 827  A0A0N4XU23_IPR045860_1_25-89       94.64%    failed      0.42%
 828  A0A0N5CIB9_IPR045860_1_21-101      93.32%    passed     21.70%
 829  A0A177B4S8_IPR045860_1_239-330     92.41%    failed      2.98%
 830  A0A1A7YGD8_IPR045860_1_49-105      95.30%    passed     22.11%
 831  A0A1J1J8J8_IPR045860_1_28-143      90.43%    failed      3.54%
 832  A0A383VF68_IPR045860_1_50-110      94.97%    failed      2.56%
 833  A0A3Q7P0E8_IPR045860_1_12-95       93.07%    passed     19.34%
 834  A0A553P0D0_IPR045860_1_16-102      92.82%    passed     60.57%
 835  A0A672YFI7_IPR045860_1_22-86       94.64%    passed     34.39%
 836  A0A6J2X9Y7_IPR045860_1_20-106      92.82%    passed     45.95%
 837  A0A6P5AG42_IPR045860_1_44-127      93.07%    failed      1.88%
 838  A0A7M7PG63_IPR045860_1_235-318     93.07%    failed      0.47%
 839  A0A7R9MV90_IPR045860_1_1-81        93.32%    passed     99.00%
 840  A0A811KCP2_IPR045860_1_7-113       91.17%    passed     23.90%
 841  A0A814Z966_IPR045860_1_73-127      95.46%    passed     54.47%
 842  A0A8B8CBB0_IPR045860_1_86-154      94.31%    passed     15.14%
 843  A0A8C1EVR4_IPR045860_1_71-129      95.13%    passed     14.58%
 844  A0A8C1KXS0_IPR045860_1_84-135      95.71%    failed      1.17%
 845  A0A8C6Z7D6_IPR045860_1_23-78       95.38%    passed     15.74%
 846  A0A8C7ZF54_IPR045860_1_18-73       95.38%    passed     16.52%
 847  A0A8S9YT03_IPR045860_1_16-94       93.48%    failed      4.72%
 848  A0A913X5E8_IPR045860_1_141-238     91.91%    passed     36.26%
 849  A0A914SUI1_IPR045860_1_21-95       93.81%    failed      1.02%
 850  A0A9D4DCW9_IPR045860_1_128-204     93.65%    passed     49.97%
 851  A0A9Q0RI29_IPR045860_1_1-77        93.65%    passed     58.57%
 852  A0A9W9YWU5_IPR045860_2_41-125      92.99%    passed     20.21%
 853  A0AA36DFK1_IPR045860_1_24-105      93.23%    passed     60.95%
 854  A0AA85J9Z2_IPR045860_1_24-107      93.07%    passed     62.79%
 855  A0AAD9JRU8_IPR045860_1_132-199     94.39%    failed      2.07%
 856  A0AAJ7XFC9_IPR045860_1_33-108      93.73%    failed      4.23%
 857  A0AAV0A307_IPR045860_1_17-95       93.48%    failed      4.06%
 858  A0AAW0PGG7_IPR045860_2_12-74       94.80%    failed      0.35%
 859  L8YE21_IPR045860_1_1-53            95.63%    passed      6.83%
 860  Centipede3FTx_0081_61981           87.21%    failed      1.08%
 861  Centipede3FTx_0145_984703          91.83%    failed      3.76%
 862  A0AA35P1B0_IPR039237_1_1-124       89.77%    passed     22.93%
 863  A0A1S3T2Q1_IPR045860_2_23-147      89.69%    failed      0.84%
 864  A0A2I0TLQ1_IPR016054_1_21-168      87.79%    passed     16.18%
 865  A0A9D4BTS2_IPR045860_1_105-191     92.82%    passed     87.19%
 866  A6HS10_IPR045860_1_68-117          95.87%    failed      1.07%
 867  L5KM81_IPR045860_1_20-179          86.80%    failed      0.00%
 868  A0A4Z2D990_IPR045860_1_6-60        95.46%    passed     23.09%
 869  A0A672HY17_IPR045860_2_27-104      93.56%    passed     16.56%
 870  A0A6G0ITJ9_IPR045860_1_9-91        93.15%    passed     31.00%
 871  A0A8T2IS80_IPR045860_1_14-109      92.08%    passed     21.10%
 872  A0AA35VVV1_IPR016054_1_6-80        93.81%    passed     41.97%
 873  A0AA97KEJ2_IPR045860_2_1-68        94.39%    passed      9.30%
 874  A0AAD1T6T7_IPR045860_1_41-120      93.40%    failed      1.63%
 875  A0A7L0LNB4_IPR045860_1_33-97       94.64%    passed     13.15%
 876  A0AAV7UJD8_IPR045860_1_6-89        93.07%    passed     30.09%
 877  A0A7J7KIG9_IPR031424_1_23-118      92.08%    failed      2.52%
 878  A0A9P0JJI4_IPR031424_1_59-134      93.73%    passed     83.64%
 879  A0A9P0P6C9_IPR045860_1_22-118      92.00%    failed      0.89%
 880  A0A9X6RK53_IPR031424_1_34-86       95.63%    passed     49.99%
 881  A0AAD8AAZ8_IPR031424_1_21-128      91.09%    passed     19.03%
 882  A0AAV8YRX0_IPR045860_1_23-110      92.74%    passed     81.50%
 883  A0A074ZFN4_IPR045860_1_116-168     95.63%    passed      9.65%
 884  A0A0N1PIF7_IPR045860_1_2-80        93.48%    passed     40.45%
 885  A0A1D1UJY4_IPR045860_1_22-124      91.50%    passed      5.23%
 886  A0A2B4T2Y2_IPR045860_1_22-110      92.66%    passed     20.40%
 887  A0A2G8KWS2_IPR045860_1_32-136      91.34%    passed     40.69%
 888  A0A3B0JWF2_IPR045860_1_25-94       94.22%    passed     62.11%
 889  A0A3M6V5B7_IPR045860_1_32-117      92.90%    passed     87.88%
 890  A0A3Q0RTA1_IPR045860_1_21-77       95.30%    passed     73.45%
 891  A0A3S2PCT2_IPR045860_2_52-104      95.63%    passed     29.46%
 892  A0A6F9DV81_IPR045860_1_21-117      92.00%    failed      2.26%
 893  A0A7J7R911_IPR045860_1_301-379     93.48%    failed      0.00%
 894  A0A814TJZ5_IPR045860_1_12-117      91.25%    failed      4.08%
 895  A0A8C2P149_IPR045860_1_56-110      95.46%    passed     34.75%
 896  A0A8C4RAU9_IPR045860_1_25-113      92.66%    passed     50.07%
 897  A0A8C9F626_IPR045860_1_38-116      93.48%    passed     29.68%
 898  A0A8D8NQH8_IPR045860_1_2-93        92.41%    passed     36.23%
 899  A0A8S3DI61_IPR045860_1_18-78       94.97%    passed     43.30%
 900  A0A8S4PCU4_IPR045860_1_21-110      92.57%    passed     19.03%
 901  A0A915BK86_IPR045860_1_23-119      92.00%    passed     65.37%
 902  A0A9X0A6E7_IPR045860_1_115-197     93.15%    passed     30.09%
 903  A0AA36DG82_IPR045860_1_71-136      94.55%    passed     89.58%
 904  A0AAD8EEK7_IPR045860_1_3-61        95.13%    passed     10.54%
 905  A0AAD9JZG4_IPR045860_1_52-152      91.67%    failed      2.50%
 906  A0AAF3EK38_IPR045860_2_454-508     95.46%    failed      2.76%
 907  A0AAN8WWG0_IPR045860_1_52-159      91.09%    passed     16.61%
 908  A0AAU9XBH8_IPR045860_1_26-98       93.98%    passed     25.65%
 909  A0AAV2RAV7_IPR045860_1_21-125      91.34%    passed     52.18%
 910  A0AAV4HYB8_IPR045860_1_806-874     94.31%    failed      0.84%
 911  A0AAW0MKZ9_IPR045860_1_6-86        93.32%    failed      2.97%
 912  A0AAW1UIJ1_IPR045860_1_22-124      91.50%    passed     10.55%
 913  A7RR40_IPR045860_1_16-114          91.83%    passed     44.31%
 914  Centipede3FTx_0018_1255758         88.28%    failed      3.85%
 915  Centipede3FTx_0082_61981           92.00%    failed      0.09%
 916  Centipede3FTx_0114_984703          90.59%    failed      0.66%
 917  A0A7J8GR77_IPR039237_1_28-103      93.73%    failed      1.10%
 918  A0A8D2B8Y1_IPR035076_1_16-82       94.47%    failed      1.97%
 919  A0AAF3EX73_IPR045860_1_18-106      92.66%    passed     28.45%
 920  A0A452RA57_IPR038773_1_89-159      94.14%    failed      0.00%
 921  A0A6P8HNU1_IPR016054_1_22-103      93.23%    passed     32.10%
 922  A0A851KA47_IPR039457_1_1-82        93.23%    passed     33.78%
 923  A0A1B6EBJ6_IPR031424_1_5-77        93.98%    failed      3.66%
 924  A0A1W0WFV8_IPR031424_1_22-108      92.82%    passed     38.18%
 925  A0A813SHY2_IPR031424_1_40-132      92.33%    passed     41.66%
 926  A0A8S4PWZ4_IPR031424_1_125-235     90.84%    passed     12.79%
 927  A0A915DCF7_IPR031424_1_72-158      92.82%    passed     42.93%
 928  A0A9P0JQD5_IPR031424_1_24-109      92.90%    passed     47.09%
 929  A0AAD8AD41_IPR031424_1_21-105      92.99%    passed     17.60%
 930  A0AAW1L336_IPR031424_1_24-101      93.56%    passed     28.39%
 931  A0A085NDT4_IPR045860_1_28-150      89.85%    passed     56.42%
 932  A0A0K0DTX4_IPR045860_1_17-108      92.41%    failed      0.01%
 933  A0A1I7UV27_IPR045860_1_12-86       93.81%    passed     40.21%
 934  A0A267H8E8_IPR045860_1_251-319     94.31%    failed      0.87%
 935  A0A2A6B673_IPR045860_1_17-106      92.57%    passed     59.22%
 936  A0A3Q1EFH7_IPR045860_1_1-54        95.54%    passed     83.64%
 937  A0A498NQ74_IPR045860_1_77-126      95.87%    passed     31.45%
 938  A0A4U5M488_IPR045860_1_21-104      93.07%    failed      0.36%
 939  A0A553PG42_IPR045860_1_25-155      89.19%    passed     44.89%
 940  A0A5N5SJ70_IPR045860_1_66-143      93.56%    failed      1.83%
 941  A0A6F9DVC4_IPR045860_1_19-124      91.25%    passed     17.16%
 942  A0A8C5CYP2_IPR045860_1_6-99        92.24%    passed     13.02%
 943  A0A8D3AVK4_IPR045860_1_2-76        93.81%    passed     78.17%
 944  A0A8D8NQM4_IPR045860_1_50-145      92.08%    passed     24.03%
 945  A0A8S9YVM8_IPR045860_1_19-84       94.55%    passed      5.56%
 946  A0A8T2L074_IPR045860_1_47-115      94.31%    passed     19.23%
 947  A0A914FFU1_IPR045860_1_18-88       94.14%    passed      8.16%
 948  A0A914J1B6_IPR045860_1_5-69        94.64%    failed      2.21%
 949  A0A9U8EMM2_IPR045860_1_28-121      92.24%    passed     25.57%
 950  A0AA39IQY4_IPR045860_1_86-161      93.73%    passed     68.47%
 951  A0AA47N0X1_IPR045860_1_2-72        94.14%    failed      0.59%
 952  A0AAD8A6M0_IPR045860_1_2-72        94.14%    failed      3.21%
 953  A0AAD9K5S4_IPR045860_1_22-84       94.80%    passed     25.06%
 954  A0AAN8XCL9_IPR045860_1_23-72       95.87%    passed     27.05%
 955  A0AAV6ZHX9_IPR045860_2_104-184     93.32%    failed      3.47%
 956  A0AAV7JZ97_IPR045860_1_22-111      92.57%    passed     21.94%
 957  A0AAW0ML87_IPR045860_1_117-180     94.72%    failed      0.55%
 958  A0AAW1AWZ8_IPR045860_1_229-317     92.66%    passed     33.81%
 959  A7RU85_IPR045860_1_23-112          92.57%    passed     31.66%
 960  C3YF08_IPR045860_1_20-88           94.31%    failed      0.01%
 961  M4H2H9_IPR045860_1_17-79           94.80%    failed      0.14%
 962  Centipede3FTx_0019_1255758         91.50%    passed     61.94%
 963  Centipede3FTx_0083_61981           94.88%    failed      0.01%
 964  A0A6I8N2M3_IPR042339_1_9-118       90.92%    failed      0.55%
 965  A0A8J6A6H0_IPR026110_1_1-85        92.99%    failed      0.01%
 966  A0A444V7R9_IPR045860_4_17-88       94.06%    failed      0.19%
 967  A0A6B0RUV3_IPR016054_1_15-109      92.16%    failed      0.64%
 968  A0A814DSB1_IPR045860_1_26-110      92.99%    passed     12.72%
 969  A0A8C4TDL5_IPR045860_7_288-362     93.81%    failed      3.02%
 970  A0A8S3SG34_IPR045860_1_97-190      92.24%    passed     37.50%
 971  A0AAF3J2H5_IPR045860_1_22-105      93.07%    passed      5.55%
 972  A0A401PTF8_IPR045860_2_108-173     94.55%    passed     43.81%
 973  A0A6G0IXG8_IPR016054_1_34-100      94.47%    passed     14.00%
 974  A0A6P9CDN4_IPR045860_1_18-99       93.23%    passed     73.25%
 975  A0A821PA83_IPR045860_1_4-76        93.98%    passed     74.33%
 976  A0A8C0G175_IPR045860_1_86-158      93.98%    passed      7.49%
 977  A0A914DRE6_IPR045860_1_105-185     93.32%    passed     37.29%
 978  A0AAV7PWX0_IPR016054_2_30-123      92.24%    passed     20.52%
 979  A0AAX7UM57_IPR016054_2_111-197     92.82%    failed      1.03%
 980  G3UAV3_IPR016054_1_27-106          93.40%    passed      5.21%
 981  A0A1L6ZA41_IPR026524_1_10-69       95.05%    passed     49.21%
 982  A0AAD9DYH2_IPR039457_1_47-98       95.71%    passed     82.36%
 983  A0A226CXW4_IPR031424_1_209-319     90.84%    passed     28.36%
 984  A0A2K8JML4_IPR031424_1_22-151      89.27%    failed      0.50%
 985  A0A8K0DCZ5_IPR031424_1_22-127      91.25%    passed     55.55%
 986  A0A8S1DL92_IPR031424_1_27-148      89.93%    passed     43.87%
 987  A0A9P0CUQ1_IPR031424_1_6-72        94.47%    failed      2.04%
 988  A0A9X6RMU7_IPR045860_1_25-110      92.90%    passed     58.01%
 989  A0A1D1UYT9_IPR045860_1_21-129      91.01%    passed     24.86%
 990  A0A2A6B6L1_IPR045860_1_100-180     93.32%    passed     18.50%
 991  A0A2J7QX46_IPR045860_1_41-138      91.91%    failed      3.56%
 992  A0A4U5M493_IPR045860_1_38-124      92.82%    passed     23.25%
 993  A0A665TET0_IPR045860_1_28-104      93.65%    passed     74.62%
 994  A0A671NB32_IPR045860_1_16-104      92.66%    failed      0.00%
 995  A0A673LHZ0_IPR045860_1_21-85       94.64%    passed      6.12%
 996  A0A673M2A3_IPR045860_1_29-111      93.15%    passed     82.89%
 997  A0A6V7LM87_IPR045860_1_10-69       95.05%    passed     64.71%
 998  A0A814TN66_IPR045860_1_28-106      93.48%    passed     32.65%
 999  A0A8C4N7W8_IPR045860_1_1-66        94.55%    passed     28.65%
1000  A0A8C9JH24_IPR045860_1_16-78       94.80%    failed      0.18%
1001  A0A8I3NIA7_IPR045860_1_56-108      95.63%    passed      5.12%
1002  A0A8I6TGV3_IPR045860_1_38-140      91.50%    passed     38.42%
1003  A0A8T0FTV2_IPR045860_1_20-120      91.67%    passed      7.26%
1004  A0A8W8J872_IPR045860_1_62-157      92.08%    passed     93.37%
1005  A0A9J7NCX6_IPR045860_1_18-132      90.51%    failed      0.02%
1006  A0A9P1HUP2_IPR045860_1_96-187      92.41%    passed     79.20%
1007  A0A9X0A6N9_IPR045860_1_22-111      92.57%    failed      3.28%
1008  A0AA97KGB0_IPR045860_1_83-147      94.64%    passed     21.08%
1009  A0AAD9K836_IPR045860_1_33-114      93.23%    passed     64.74%
1010  A0AAU9WAK8_IPR045860_1_10-116      91.17%    failed      0.01%
1011  A0AAV2RSX4_IPR045860_1_63-119      95.30%    failed      0.51%
1012  A0AAW1AXJ7_IPR045860_1_17-75       95.13%    passed     27.68%
1013  A0ABD2XGH3_IPR045860_1_42-140      91.83%    passed     20.82%
1014  K1RXF0_IPR045860_1_16-71           95.38%    passed     87.87%
1015  Q9UAG0_IPR045860_1_135-224         92.57%    failed      4.63%
1016  Centipede3FTx_0020_1255758         94.64%    passed     51.79%
1017  Centipede3FTx_0116_1255758         92.00%    passed     14.43%
1018  A0A7J8GS23_IPR039237_1_3-72        94.22%    failed      3.54%
1019  A0A8C8TND6_IPR039237_1_1-58        95.21%    failed      4.68%
1020  A0A8U0T7Y1_IPR026110_1_1-159       87.05%    failed      0.21%
1021  A0A2I0TVD9_IPR045860_1_8-59        95.71%    failed      0.97%
1022  A0A3B5MB32_IPR045860_2_5-54        95.87%    passed     18.15%
1023  A0A835NMH4_IPR045860_2_101-189     92.66%    passed      9.55%
1024  A0A8B6DF61_IPR045860_1_105-184     93.40%    passed     50.62%
1025  A0A672HY65_IPR045860_1_120-170     95.79%    passed     26.66%
1026  A0A803K3X8_IPR045860_4_114-171     95.21%    passed     60.01%
1027  A0A8J5ZVT7_IPR045860_2_269-362     92.24%    passed      7.52%
1028  A0A914F127_IPR045860_1_16-108      92.33%    passed     63.25%
1029  A0A974CHI4_IPR045860_2_6-89        93.07%    passed     16.07%
1030  A0AA35KMQ0_IPR045860_2_112-193     93.23%    failed      2.19%
1031  A0AA35LGT7_IPR045860_3_210-288     93.48%    passed     80.56%
1032  A0AAD1WMY1_IPR016054_1_27-122      92.08%    passed     42.88%
1033  A0AAW0MGA1_IPR045860_1_22-90       94.31%    failed      0.21%
1034  A0AAW1AX84_IPR045860_3_2-64        94.80%    passed     26.19%
1035  C3YU70_IPR016054_2_188-286         91.83%    failed      0.00%
1036  A0A4D9DMT8_IPR026524_1_6-213       82.84%    failed      0.17%
1037  L9JFB6_IPR039457_1_5-119           90.51%    passed     47.40%
1038  A0A336LYX6_IPR045860_1_25-110      92.90%    passed      8.80%
1039  A0A7I8WSK8_IPR031424_1_45-161      90.35%    passed      6.48%
1040  A0A8J1TLI8_IPR031424_1_22-125      91.42%    failed      4.00%
1041  A0A9J6C081_IPR031424_1_126-224     91.83%    failed      2.08%
1042  A0A9X6RNH8_IPR031424_1_22-111      92.57%    passed      7.72%
1043  A0AA36FXT8_IPR031424_1_24-117      92.24%    failed      2.87%
1044  A0A1D1V2H0_IPR045860_1_20-126      91.17%    passed     61.42%
1045  A0A1I7ZEJ7_IPR045860_1_20-103      93.07%    passed     37.20%
1046  A0A1Y1LHT3_IPR045860_1_64-117      95.54%    passed     55.92%
1047  A0A224XN82_IPR045860_1_1-59        95.13%    passed     60.27%
1048  A0A2A6B7I4_IPR045860_1_89-188      91.75%    failed      4.06%
1049  A0A341B4I9_IPR045860_1_20-74       95.46%    passed     11.55%
1050  A0A4U5M496_IPR045860_1_122-200     93.48%    failed      3.26%
1051  A0A4U8UQC9_IPR045860_1_19-99       93.32%    passed     98.69%
1052  A0A4W3IZP1_IPR045860_1_40-134      92.16%    passed     47.13%
1053  A0A6J1P077_IPR045860_1_19-159      88.37%    passed      9.18%
1054  A0A7R9GBX8_IPR045860_1_12-89       93.56%    passed     61.16%
1055  A0A822G307_IPR045860_1_5-55        95.79%    passed     13.81%
1056  A0A8B8VNU0_IPR045860_1_12-62       95.79%    passed     48.79%
1057  A0A8C8JP42_IPR045860_1_5-83        93.48%    passed     30.77%
1058  A0A8K9X2E7_IPR045860_1_3-109       91.17%    passed      5.54%
1059  A0A8S9Z0J0_IPR045860_1_2-54        95.63%    passed     28.83%
1060  A0A8T2IKT7_IPR045860_1_5-67        94.80%    passed     15.52%
1061  A0A8W8KFK6_IPR045860_1_54-138      92.99%    passed     61.79%
1062  A0A914C4T4_IPR045860_1_15-86       94.06%    passed     57.26%
1063  A0A914TA72_IPR045860_1_17-102      92.90%    passed      5.45%
1064  A0A9Q1BN62_IPR045860_1_22-123      91.58%    failed      0.62%
1065  A0A9X0A6N9_IPR045860_2_115-182     94.39%    failed      1.40%
1066  A0AA35QPM7_IPR045860_2_116-174     95.13%    passed     25.24%
1067  A0AA36C4P5_IPR045860_1_21-91       94.14%    passed     85.28%
1068  A0AA39IR08_IPR045860_1_38-107      94.22%    passed     68.22%
1069  A0AA85JQ84_IPR045860_1_34-99       94.55%    passed     35.81%
1070  A0AAE1CIL3_IPR045860_1_10-78       94.31%    passed     15.48%
1071  A0AAF3ELR6_IPR045860_1_19-100      93.23%    passed     13.98%
1072  A0AAN5IAG8_IPR045860_1_12-103      92.41%    passed     49.93%
1073  A0AAN8GAJ9_IPR045860_1_10-70       94.97%    passed      5.47%
1074  A0AAN9YZE6_IPR045860_1_124-189     94.55%    passed     48.29%
1075  A0ABD2M0E5_IPR045860_1_14-100      92.82%    passed     28.82%
1076  Q9UAG0_IPR045860_2_314-419         91.25%    passed     17.62%
1077  A0A8C6XA92_IPR045860_1_12-61       95.87%    passed     61.55%
1078  A0A6I8ND62_IPR039237_1_1-176       85.48%    failed      0.00%
1079  A0A498MKX1_IPR016054_2_1132-1242   90.84%    failed      0.00%
1080  A0A9P1MLS2_IPR045860_1_6-104       91.83%    passed     15.74%
1081  N0E484_IPR038773_1_3-64            94.88%    passed      9.84%
1082  A0A091VEQ6_IPR016054_2_98-191      92.24%    passed     24.08%
1083  A0A0H4AC46_IPR045860_2_93-174      93.23%    passed     22.54%
1084  A0A151M3T1_IPR045860_3_143-211     94.31%    failed      0.49%
1085  A0A210Q449_IPR016054_1_222-302     93.32%    passed     20.40%
1086  A0A4U1EE55_IPR016054_1_13-72       95.05%    passed     19.34%
1087  A0A670INU0_IPR016054_1_10-99       92.57%    passed     53.91%
1088  A0A6P7YNT8_IPR045860_2_2-58        95.30%    failed      3.14%
1089  A0AAV1NYR3_IPR045860_1_19-102      93.07%    passed     64.08%
1090  A0A0N7Z8L7_IPR031424_1_1-96        92.08%    passed      8.69%
1091  A0A226D9A1_IPR031424_1_22-146      89.69%    failed      4.80%
1092  A0A430Q269_IPR031424_1_12-85       93.89%    passed     47.97%
1093  A0A7G3AEM8_IPR031424_1_22-132      90.84%    passed     32.81%
1094  A0A813T882_IPR031424_1_22-85       94.72%    passed     46.65%
1095  A0A8E0S444_IPR031424_1_11-75       94.64%    passed     73.77%
1096  A0A8J2MGA1_IPR031424_1_34-129      92.08%    passed     11.65%
1097  A0A9N9TW70_IPR045860_1_30-141      90.76%    passed     19.71%
1098  A0ABD2PTL5_IPR045860_1_26-129      91.42%    passed     35.82%
1099  A0ABD3XW80_IPR031424_1_25-99       93.81%    failed      3.08%
1100  A0A0E9SDH0_IPR045860_1_25-101      93.73%    passed     77.14%
1101  A0A183IHQ7_IPR045860_1_10-85       93.73%    passed     81.29%
1102  A0A1A9WMM2_IPR045860_1_73-127      95.46%    passed     17.11%
1103  A0A1I7ZF94_IPR045860_1_20-108      92.66%    passed     50.09%
1104  A0A1I8GI43_IPR045860_2_42-107      94.55%    passed     28.10%
1105  A0A1L8D734_IPR045860_1_10-84       93.81%    passed     37.56%
1106  A0A2K6SQ93_IPR045860_1_1-52        95.71%    passed     89.33%
1107  A0A498P1F1_IPR045860_1_142-201     95.05%    passed     20.92%
1108  A0A4U5M496_IPR045860_2_11-97       92.82%    passed     77.09%
1109  A0A674NWW4_IPR045860_1_5-63        95.13%    passed     91.00%
1110  A0A6A4XF14_IPR045860_1_165-216     95.71%    failed      4.92%
1111  A0A6S7FX41_IPR045860_1_1-90        92.57%    failed      1.48%
1112  A0A7M5XIW4_IPR045860_1_18-108      92.49%    failed      1.37%
1113  A0A813MG68_IPR045860_1_9-84        93.73%    passed     13.47%
1114  A0A813SLY4_IPR045860_1_23-93       94.14%    passed     37.64%
1115  A0A8B8VNU3_IPR045860_1_12-92       93.32%    passed      8.37%
1116  A0A8C2V8N2_IPR045860_1_66-131      94.55%    passed      8.20%
1117  A0A8C4ERD5_IPR045860_1_1-52        95.71%    passed     35.77%
1118  A0A8C5DI65_IPR045860_1_1-57        95.30%    failed      3.00%
1119  A0A8J6HG74_IPR045860_1_18-111      92.24%    failed      0.00%
1120  A0A8S1DBV9_IPR045860_1_45-144      91.75%    passed     13.68%
1121  A0A914TAE8_IPR045860_1_21-103      93.15%    passed     12.01%
1122  A0A915PPZ6_IPR045860_1_17-66       95.87%    passed     34.93%
1123  A0A9Q0S813_IPR045860_1_22-90       94.31%    failed      0.11%
1124  A0A9W9Z870_IPR045860_1_1-69        94.31%    passed      7.28%
1125  A0AAF3EMZ2_IPR045860_1_27-97       94.14%    passed     44.62%
1126  A0AAJ7RD29_IPR045860_1_25-99       93.81%    passed     12.46%
1127  A0AAN5IB82_IPR045860_1_68-152      92.99%    passed     56.62%
1128  A0ABD0LAW8_IPR045860_1_65-122      95.21%    passed     78.26%
1129  E4YHX6_IPR045860_1_49-128          93.40%    passed     31.26%
1130  Q9UAG2_IPR045860_1_225-308         93.07%    passed     15.60%
1131  A0A093PEP6_IPR045860_1_1-52        95.71%    passed     39.36%
1132  A0A814EPP6_IPR045860_1_21-86       94.55%    passed      7.50%
1133  A0A061HV01_IPR016054_1_88-181      92.24%    failed      0.69%
1134  A0A0B5GR50_IPR045860_2_18-105      92.74%    passed     77.71%
1135  A0A452FY47_IPR045860_1_120-182     94.80%    passed     12.61%
1136  A0A668TLB4_IPR045860_1_109-188     93.40%    passed     10.58%
1137  A0A6P7MES0_IPR045860_1_113-221     91.01%    passed     10.78%
1138  A0A8C2ME16_IPR045860_2_46-100      95.46%    passed     40.09%
1139  A0A8D2E104_IPR045860_3_191-240     95.87%    passed     26.30%
1140  A0A8W8KDT8_IPR016054_1_125-182     95.21%    passed     47.21%
1141  A0A9F2WG88_IPR045860_2_22-118      92.00%    passed     22.09%
1142  A0AA35KP80_IPR045860_2_111-170     95.05%    passed     79.31%
1143  A0AAW1EXL6_IPR045860_1_3-71        94.31%    passed     43.42%
1144  A0A834UG43_IPR039457_1_93-163      94.14%    failed      0.43%
1145  A0A8J9VF79_IPR039457_1_30-89       95.05%    passed     65.36%
1146  A0A1I7SHS9_IPR031424_1_20-102      93.15%    failed      1.82%
1147  A0A430Q2G9_IPR031424_1_19-82       94.72%    passed     17.72%
1148  A0AAJ7ITS2_IPR031424_1_24-150      89.52%    passed     25.54%
1149  A0AAW1NBZ3_IPR031424_1_20-132      90.68%    failed      4.35%
1150  A0ABD2QAB0_IPR031424_1_71-210      88.45%    passed     15.57%
1151  V5GYU3_IPR031424_1_27-92           94.55%    passed     68.45%
1152  A0A016WST8_IPR045860_1_76-178      91.50%    passed      7.99%
1153  A0A182DZD6_IPR045860_1_27-76       95.87%    passed     53.50%
1154  A0A1I7RK48_IPR045860_1_8-67        95.05%    passed     98.93%
1155  A0A210Q2J1_IPR045860_2_124-206     93.15%    failed      2.27%
1156  A0A2A6B8C4_IPR045860_1_55-114      95.05%    passed     22.32%
1157  A0A2G9R7K9_IPR045860_1_1-84        93.07%    failed      3.56%
1158  A0A3B4B5Q2_IPR045860_1_9-87        93.48%    passed      5.12%
1159  A0A3Q2UYB1_IPR045860_1_33-87       95.46%    passed     43.52%
1160  A0A4W3J9B0_IPR045860_1_29-103      93.81%    passed     16.77%
1161  A0A6G0HK90_IPR045860_1_45-107      94.80%    passed     23.36%
1162  A0A6P9DRR7_IPR045860_1_17-89       93.98%    failed      2.18%
1163  A0A6V7TRM7_IPR045860_1_1-58        95.21%    passed     17.52%
1164  A0A814M5W0_IPR045860_1_17-119      91.50%    passed     24.22%
1165  A0A898IKW1_IPR045860_1_12-74       94.80%    passed     36.23%
1166  A0A915BQP4_IPR045860_1_20-113      92.24%    passed     16.10%
1167  A0AA36C6F4_IPR045860_1_61-137      93.65%    passed     78.38%
1168  A0AA36M549_IPR045860_1_23-83       94.97%    failed      1.52%
1169  A0AAD9QQA3_IPR045860_1_22-102      93.32%    passed     75.77%
1170  A0AAN9Z0K7_IPR045860_1_23-109      92.82%    passed     27.09%
1171  A0AAW0MVP7_IPR045860_1_186-239     95.54%    passed     14.47%
1172  A0AAX6SC57_IPR045860_1_44-100      95.30%    failed      0.52%
1173  T2MGF9_IPR045860_1_24-129          91.25%    failed      1.66%
1174  Centipede3FTx_0119_1255758         93.89%    passed      7.77%
1175  A0A6B0S6F5_IPR016054_1_24-99       93.73%    passed     39.47%
1176  A0A504YEI6_IPR045860_1_9-67        95.13%    passed     17.17%
1177  A0A5N4CGH2_IPR045860_1_28-90       94.80%    passed     12.87%
1178  A0A9D4MDK6_IPR045860_1_34-113      93.40%    passed     17.76%
1179  A0A151NAK5_IPR016054_1_142-200     95.13%    failed      0.15%
1180  A0A8C3P577_IPR016054_1_21-108      92.74%    failed      1.13%
1181  A0AA35KMR6_IPR016054_1_148-214     94.47%    passed     43.37%
1182  A0AAV7PX70_IPR045860_2_203-292     92.57%    failed      1.19%
1183  G3UDR6_IPR051445_1_7-126           90.10%    failed      0.08%
1184  R0LJ75_IPR045860_1_76-155          93.40%    failed      4.50%
1185  S7PTS4_IPR016054_3_2-57            95.38%    passed     54.61%
1186  W5NTR4_IPR045860_1_33-127          92.16%    passed     82.59%
1187  A0A2K6PKA5_IPR039457_1_1-97        92.00%    passed     26.73%
1188  A0AAD9L2I6_IPR039457_1_14-173      86.80%    passed      7.69%
1189  A0A1D2M2Q1_IPR031424_1_32-134      91.50%    passed     64.85%
1190  A0A1S3DL79_IPR031424_1_4-65        94.88%    passed     15.62%
1191  A0A2S2QSA9_IPR031424_1_24-175      87.46%    failed      0.00%
1192  A0A6P7G9F3_IPR031424_1_22-137      90.43%    passed     11.39%
1193  A0A815BT65_IPR031424_1_24-73       95.87%    passed     23.69%
1194  A0A8J2P850_IPR031424_1_19-120      91.58%    passed     85.43%
1195  A0A8S4RWH0_IPR031424_1_13-63       95.79%    passed     66.68%
1196  A0A9P0LHQ8_IPR031424_1_25-138      90.59%    passed     61.96%
1197  A0AAV8Z602_IPR045860_1_2-95        92.24%    passed     20.82%
1198  Q176Q6_IPR031424_1_25-82           95.21%    passed     60.71%
1199  T1IWT8_IPR031424_2_22-103          93.23%    failed      0.75%
1200  A0A1B0G4Y0_IPR045860_1_7-84        93.56%    failed      2.49%
1201  A0A1D1VK48_IPR045860_1_6-74        94.31%    passed     26.56%
1202  A0A1I7ZN97_IPR045860_1_56-107      95.71%    failed      0.23%
1203  A0A1U7SQ44_IPR045860_1_105-193     92.66%    passed     38.93%
1204  A0A238BWE3_IPR045860_1_11-96       92.90%    passed     22.09%
1205  A0A261AWE7_IPR045860_1_94-209      90.43%    passed     35.91%
1206  A0A2A6B8E8_IPR045860_1_8-106       91.83%    passed     48.86%
1207  A0A2G9RKC4_IPR045860_1_26-90       94.64%    passed     17.92%
1208  A0A3B4B9F7_IPR045860_1_16-73       95.21%    passed      5.74%
1209  A0A3M6TKR6_IPR045860_1_14-123      90.92%    passed     56.06%
1210  A0A3M7QQQ6_IPR045860_1_43-114      94.06%    passed     13.41%
1211  A0A3P6SZG6_IPR045860_1_17-95       93.48%    passed     37.95%
1212  A0A3Q3X9G9_IPR045860_1_50-164      90.51%    failed      0.02%
1213  A0A5N5T244_IPR045860_1_3-68        94.55%    passed     59.13%
1214  A0A6F9BK46_IPR045860_1_9-62        95.54%    passed     68.89%
1215  A0A6P8I7G2_IPR045860_1_21-114      92.24%    passed      9.50%
1216  A0A6P8SJ10_IPR045860_2_18-80       94.80%    passed     32.66%
1217  A0A7M6DNM3_IPR045860_1_44-135      92.41%    passed     31.40%
1218  A0A811U775_IPR045860_1_1-57        95.30%    passed     67.13%
1219  A0A818HBP9_IPR045860_1_24-80       95.30%    failed      0.17%
1220  A0A8C2SA02_IPR045860_1_68-128      95.71%    passed     55.02%
1221  A0A8C4RTV8_IPR045860_1_16-97       93.23%    passed     49.78%
1222  A0A8C9FRH0_IPR045860_1_11-97       92.82%    passed      8.01%
1223  A0A8J6E8Q3_IPR045860_1_1-53        95.63%    passed     50.42%
1224  A0A8R1Y214_IPR045860_1_226-296     94.14%    failed      4.43%
1225  A0A914NHW3_IPR045860_1_204-296     92.33%    passed      8.30%
1226  A0A914THE1_IPR045860_1_6-74        94.31%    passed     29.73%
1227  A0A9J7KD64_IPR045860_1_41-149      91.01%    failed      3.05%
1228  A0A9J7Z2T9_IPR045860_1_25-103      93.48%    failed      0.11%
1229  A0A9P0GIB7_IPR045860_2_19-101      93.15%    passed     11.50%
1230  A0A9P1IQ79_IPR045860_1_15-101      92.82%    passed     58.69%
1231  A0A9X9MBQ9_IPR045860_1_41-93       95.63%    passed     40.56%
1232  A0AA35SQM2_IPR045860_1_20-119      91.75%    passed      9.83%
1233  A0AA36C7K6_IPR045860_1_52-143      92.41%    passed     22.75%
1234  A0AAN9B562_IPR045860_1_229-312     93.07%    passed     12.94%
1235  A0AAV7ME30_IPR045860_2_45-153      91.01%    passed     22.50%
1236  A0AAW1B171_IPR045860_1_3-61        95.13%    passed     19.22%
1237  A0ABD1JAD3_IPR045860_1_1-71        94.14%    passed     58.28%
1238  A0ABD2MVB5_IPR045860_1_21-108      92.74%    passed     97.14%
1239  D8LTZ0_IPR045860_1_33-93           94.97%    failed      0.42%
1240  Centipede3FTx_0120_60158           84.74%    failed      0.85%
1241  L9KLR5_IPR042339_1_1-54            95.54%    failed      0.93%
1242  A0A813PAN9_IPR045860_1_19-101      93.15%    passed     27.60%
1243  A0A7J7YNW4_IPR038773_1_1-140       88.45%    failed      0.02%
1244  A0A8C6GIG4_IPR038773_1_57-250      83.99%    failed      0.05%
1245  A0A0F7JJU4_IPR045860_2_115-190     93.73%    passed     51.24%
1246  A0A1A6HFC6_IPR045860_1_46-181      88.86%    failed      4.83%
1247  A0A401Q604_IPR045860_1_2-78        93.65%    failed      3.08%
1248  A0A670INU5_IPR045860_2_163-236     93.89%    passed     68.01%
1249  A0A6B0SDN0_IPR016054_1_1-78        93.56%    passed     40.11%
1250  A0A6P8I7U6_IPR045860_2_109-194     92.90%    passed     29.16%
1251  A0A8J1LAS0_IPR016054_1_9-64        95.38%    failed      1.52%
1252  A0AAV7Q3J4_IPR016054_1_58-128      94.14%    passed     83.29%
1253  A0A7L0RV53_IPR039457_1_2-155       87.29%    passed      5.56%
1254  A0A8C5IIX8_IPR039457_1_94-149      95.38%    failed      0.28%
1255  A0A0D8Y3R0_IPR031424_1_21-144      89.77%    passed      6.66%
1256  A0AAV8Z6D1_IPR031424_1_68-200      89.03%    passed     37.31%
1257  K1S039_IPR031424_1_78-175          91.91%    passed     11.37%
1258  A0A0M3IZ09_IPR045860_1_41-118      93.56%    passed     38.57%
1259  A0A1D1VR81_IPR045860_1_26-119      92.24%    passed     71.96%
1260  A0A1I7ZPI2_IPR045860_1_29-86       95.21%    passed     54.84%
1261  A0A1L8EZ01_IPR045860_1_18-83       94.55%    passed     11.57%
1262  A0A267E0W6_IPR045860_1_23-118      92.08%    passed     10.64%
1263  A0A3Q0R1F3_IPR045860_1_2-62        94.97%    failed      1.39%
1264  A0A556TW63_IPR045860_1_16-69       95.54%    passed     65.68%
1265  A0A671UC21_IPR045860_1_10-75       94.55%    passed     12.22%
1266  A0A6S7G4S7_IPR045860_1_1-75        93.81%    passed     62.76%
1267  A0A8B6D8I8_IPR045860_1_15-110      92.08%    passed     23.39%
1268  A0A8C5TTS8_IPR045860_1_30-112      93.15%    passed     29.95%
1269  A0A8J1U7F8_IPR045860_1_24-113      92.57%    passed     68.54%
1270  A0A8J6E8Q3_IPR045860_2_62-127      94.55%    failed      0.36%
1271  A0A8S1HML4_IPR045860_1_31-115      92.99%    passed     14.74%
1272  A0A914GSD6_IPR045860_1_1491-1597   91.17%    failed      0.22%
1273  A0A9P1ACE4_IPR045860_1_66-144      93.48%    passed     19.43%
1274  A0A9W9ZGI0_IPR045860_1_1-53        95.63%    passed     79.93%
1275  A0AA88IY44_IPR045860_1_19-98       93.40%    passed     26.69%
1276  A0AAD6BQA0_IPR045860_1_55-129      93.81%    passed      9.26%
1277  A0AAD9MV61_IPR045860_1_19-83       94.64%    passed     12.30%
1278  A0AAD9QVN7_IPR045860_1_40-125      92.90%    passed     11.61%
1279  A0AAV3Z6A2_IPR045860_1_23-99       93.65%    passed     13.57%
1280  A0AAW1KMF1_IPR045860_1_29-131      91.50%    passed     34.95%
1281  A0ABD6EHK3_IPR045860_1_20-115      92.08%    passed      7.97%
1282  Q5MPP8_IPR045860_1_18-110          92.33%    passed     52.49%
1283  Q95QW3_IPR045860_1_26-100          93.81%    failed      2.71%
1284  Centipede3FTx_0089_984703          89.93%    passed     18.69%
1285  A0A7N5P423_IPR045860_1_189-316     89.44%    failed      4.56%
1286  A0A817HP88_IPR045860_1_166-222     95.30%    passed     60.40%
1287  A0A8C4TYQ7_IPR045860_1_16-78       94.80%    passed     62.62%
1288  A0A9F5IM03_IPR016054_1_17-108      92.41%    passed     37.89%
1289  A0AAA9TGG3_IPR045860_1_42-99       95.21%    passed      6.34%
1290  A0A9D3NIU9_IPR045860_2_19-109      92.49%    failed      0.56%
1291  A0A9W3FUM6_IPR016054_2_221-281     94.97%    failed      4.89%
1292  E4YLF4_IPR039457_1_13-152          88.45%    passed     17.39%
1293  A0A0D8Y5C3_IPR031424_1_2-113       90.76%    failed      2.74%
1294  A0A0M4EAF4_IPR031424_1_3-73        94.14%    failed      4.63%
1295  A0A1I8ND66_IPR031424_1_23-119      92.00%    failed      0.94%
1296  A0A1S3GZW2_IPR031424_1_23-125      91.50%    passed     14.44%
1297  A0A1S3JP86_IPR031424_1_43-130      92.74%    passed     53.42%
1298  A0A226DSS2_IPR031424_1_23-131      91.01%    passed     38.15%
1299  A0A2A6B8J1_IPR045860_1_16-106      92.49%    passed      7.68%
1300  A0A8J2PMA0_IPR031424_1_24-141      90.26%    passed     61.58%
1301  A0A8K0FVX6_IPR031424_1_24-131      91.09%    passed     29.73%
1302  A0AAE0SAA0_IPR031424_1_25-125      91.67%    passed     13.70%
1303  E4XG26_IPR031424_1_138-231         92.24%    failed      2.97%
1304  A0A0F6QGK1_IPR045860_1_11-89       93.48%    passed     35.46%
1305  A0A0N4ZKX4_IPR045860_1_21-82       94.88%    passed     19.95%
1306  A0A151NC87_IPR045860_1_158-243     92.90%    passed     23.56%
1307  A0A1D1VT78_IPR045860_1_98-207      90.92%    passed     40.97%
1308  A0A1I7RVE4_IPR045860_1_17-110      92.24%    passed     11.56%
1309  A0A1I8HBH6_IPR045860_1_513-614     91.58%    passed      9.08%
1310  A0A2C9K422_IPR045860_1_14-69       95.38%    passed     18.70%
1311  A0A2W1BZJ9_IPR045860_1_23-86       94.72%    passed     26.99%
1312  A0A3B3SFP9_IPR045860_1_18-91       93.89%    passed     72.69%
1313  A0A3R7MKN0_IPR045860_1_4-77        93.89%    passed     68.07%
1314  A0A4U5ME25_IPR045860_1_30-128      91.83%    failed      2.73%
1315  A0A674H6K9_IPR045860_1_33-108      93.73%    passed     14.39%
1316  A0A6B0VCD7_IPR045860_1_60-143      93.07%    passed     13.32%
1317  A0A7I4YUC0_IPR045860_1_57-138      93.23%    passed     26.11%
1318  A0A7S0R1K6_IPR045860_1_55-125      94.14%    passed     68.55%
1319  A0A8J1UDI6_IPR045860_1_21-90       94.22%    passed     14.41%
1320  A0A914JL77_IPR045860_1_250-317     94.39%    passed     14.41%
1321  A0A914P0I3_IPR045860_1_7-62        95.38%    passed     75.08%
1322  A0A914WNB6_IPR045860_1_59-178      90.10%    passed     54.19%
1323  A0A915BVS1_IPR045860_1_27-134      91.09%    passed     12.49%
1324  A0A915PZ67_IPR045860_1_7-64        95.21%    passed      5.98%
1325  A0A9D4L0N9_IPR045860_1_2-57        95.38%    passed     58.69%
1326  A0A9P1IVJ9_IPR045860_1_16-107      92.41%    passed     19.12%
1327  A0AA39F6L5_IPR045860_1_16-106      92.49%    passed     26.87%
1328  A0AAE0QIX2_IPR045860_1_3-54        95.71%    passed     19.43%
1329  A0AAV2TDN9_IPR045860_1_12-108      92.00%    passed     38.34%
1330  A0AAV5UKY8_IPR045860_1_33-83       95.79%    passed     16.68%
1331  A0AAW0Q3I2_IPR045860_1_17-66       95.87%    passed     44.93%
1332  C3Z070_IPR045860_2_49-117          94.31%    passed     83.22%
1333  F6XDW5_IPR045860_1_18-102          92.99%    passed     24.09%
1334  H5ZVL1_IPR045860_1_1-59            95.13%    passed     13.54%
1335  R7U1I8_IPR045860_1_22-111          92.57%    failed      2.39%
1336  Centipede3FTx_0058_1255758         93.15%    failed      0.82%
1337  U3FVH6_IPR045860_1_13-84           94.06%    passed     59.32%
1338  A0A6J0XUD7_IPR026110_1_102-157     95.38%    passed     47.99%
1339  A0A8C2VN21_IPR026110_1_2-122       90.02%    passed      5.86%
1340  A0A498MKX1_IPR016054_7_441-529     92.66%    passed     11.70%
1341  A0A553PRQ5_IPR045860_1_2-77        93.73%    passed     43.53%
1342  A0A8C6CBQ9_IPR045860_1_66-121      95.38%    passed     27.92%
1343  A0A9Q0X962_IPR045860_1_197-275     93.48%    failed      0.51%
1344  A0AA88NKS8_IPR045860_1_19-95       93.65%    passed     29.64%
1345  A0A151M3Y2_IPR016054_1_435-494     95.05%    passed     48.23%
1346  A0A2K5VKS7_IPR045860_3_109-167     95.13%    failed      1.63%
1347  A0A401RHQ3_IPR016054_1_114-208     92.16%    failed      0.03%
1348  A0A7N5KJR1_IPR016054_1_29-125      92.00%    passed     39.47%
1349  A0AA97KF86_IPR045860_1_20-98       93.48%    failed      3.99%
1350  A0AAA9T1I4_IPR045860_1_2-62        94.97%    passed     69.61%
1351  A0AAD1T3X3_IPR045860_2_118-202     92.99%    passed     15.39%
1352  A0AAV7Q3X5_IPR045860_1_424-512     92.66%    failed      0.47%
1353  G1QG83_IPR045860_1_18-101          93.07%    failed      4.22%
1354  A0A164XA57_IPR039457_1_18-127      90.92%    passed     26.43%
1355  A0A7J7KSY4_IPR039457_1_41-163      89.85%    failed      2.92%
1356  A0A226DZ36_IPR031424_1_17-157      88.37%    passed     19.03%
1357  A0A8J1XJ26_IPR031424_1_30-163      88.94%    passed     54.63%
1358  A0A8W8NB98_IPR031424_1_30-88       95.13%    passed     68.45%
1359  A0ABD2WFA1_IPR031424_1_25-117      92.33%    failed      3.13%
1360  A0A0B1SWC8_IPR045860_1_24-116      92.33%    failed      0.01%
1361  A0A0K0E9Y5_IPR045860_1_6-97        92.41%    passed     39.70%
1362  A0A0R3RWQ8_IPR045860_1_27-98       94.06%    passed     34.20%
1363  A0A182E678_IPR045860_1_22-107      92.90%    passed     48.69%
1364  A0A1W4XFK3_IPR045860_1_18-116      91.83%    passed     71.45%
1365  A0A212EMN2_IPR045860_1_5-68        94.72%    passed     49.79%
1366  A0A2A6B9Z5_IPR045860_1_53-176      89.77%    passed     26.02%
1367  A0A3M7RCI7_IPR045860_1_169-241     93.98%    passed     21.14%
1368  A0A7E4UNJ0_IPR045860_1_19-90       94.06%    passed     70.86%
1369  A0A7S0VUB8_IPR045860_1_14-105      92.41%    failed      0.00%
1370  A0A813NKV6_IPR045860_1_19-90       94.06%    failed      2.93%
1371  A0A8J4T8B0_IPR045860_1_5-54        95.87%    passed     20.00%
1372  A0A8K0EHZ8_IPR045860_1_19-122      91.42%    failed      0.00%
1373  A0A8S4SKC7_IPR045860_1_1-54        95.54%    passed     72.42%
1374  A0A8S9ZVH1_IPR045860_1_45-126      93.23%    failed      0.89%
1375  A0A8T1MDE9_IPR045860_1_21-92       94.06%    passed      8.86%
1376  A0A913XL13_IPR045860_1_490-566     93.65%    passed     46.34%
1377  A0A9X0CE68_IPR045860_1_174-265     92.41%    passed     19.83%
1378  A0AA36CEM3_IPR045860_1_7-62        95.38%    passed     14.29%
1379  A0AAE2D5S9_IPR045860_1_40-103      94.72%    passed     77.76%
1380  A0AAF3F2F2_IPR045860_1_34-110      93.65%    failed      1.87%
1381  A0AAV2JAK8_IPR045860_1_66-133      94.39%    passed      6.05%
1382  A0AAV2TLD3_IPR045860_1_48-111      94.72%    passed     52.53%
1383  A0AAV6ZLS9_IPR045860_1_1-68        94.39%    passed     18.75%
1384  A0AAW0Y0S8_IPR045860_1_21-84       94.72%    passed     68.75%
1385  W5M4X6_IPR045860_1_87-141          95.46%    passed     24.26%
1386  Centipede3FTx_0059_1255758         90.84%    passed     14.42%
1387  Centipede3FTx_0123_60158           93.81%    passed     74.05%
1388  A0A914GLY3_IPR045860_1_8-71        94.72%    passed     69.71%
1389  A0A3Q2HYF9_IPR039237_1_66-164      91.83%    failed      0.23%
1390  A0A0K2VB75_IPR035076_1_21-72       95.71%    failed      4.15%
1391  A0A672HXW0_IPR045860_2_8-80        93.98%    passed      8.40%
1392  A0A8C0CF61_IPR045860_1_20-86       94.47%    passed     55.66%
1393  A0A1A6HP20_IPR016054_1_156-207     95.71%    passed     37.94%
1394  A0A553NSH3_IPR016054_1_20-116      92.00%    passed      7.97%
1395  A0A670ZAR9_IPR045860_2_114-165     95.71%    passed     31.48%
1396  A0A803K920_IPR045860_3_259-314     95.38%    failed      2.04%
1397  A0A8C2SBU2_IPR016054_1_26-143      92.99%    passed     24.39%
1398  A0A8C5SCC3_IPR045860_3_1-57        95.30%    passed     64.89%
1399  A0A9F7TM69_IPR045860_3_169-230     94.88%    passed     22.58%
1400  A0A9J7JYE5_IPR016054_2_119-182     94.72%    passed     26.76%
1401  A0AAD1WQB8_IPR045860_1_121-199     93.48%    passed     29.61%
1402  A0AAN7X9S9_IPR045860_2_114-187     93.89%    passed      9.94%
1403  A0AAV3A123_IPR045860_2_157-245     92.66%    passed     64.68%
1404  A0A8D0BPR5_IPR026524_1_27-111      92.99%    passed     89.58%
1405  A0AAV7Q211_IPR026524_1_4-257       79.04%    failed      0.00%
1406  Q3KUR9_IPR026524_1_16-105          92.57%    failed      0.63%
1407  A0A672TAY2_IPR039457_1_59-138      93.40%    passed      6.92%
1408  A0A1D1UPN3_IPR031424_1_15-101      92.82%    passed      8.40%
1409  A0A1D2MQ55_IPR031424_1_27-155      89.36%    passed      7.72%
1410  A0A1S3H5B0_IPR031424_1_44-162      90.18%    failed      0.86%
1411  A0A226DZC9_IPR031424_1_23-156      88.94%    failed      2.04%
1412  A0A553NCU0_IPR031424_1_23-136      90.59%    passed     91.34%
1413  A0A8I6R741_IPR031424_1_24-109      92.90%    failed      1.69%
1414  A0AAJ6ZQI6_IPR045860_1_29-136      91.09%    passed     56.17%
1415  A0AAV8VLN0_IPR045860_1_4-88        92.99%    failed      0.30%
1416  A0A0H5SL74_IPR045860_1_32-116      92.99%    failed      0.09%
1417  A0A0N4ZNP5_IPR045860_1_33-104      94.06%    failed      1.69%
1418  A0A1I7RXX3_IPR045860_1_24-95       94.06%    failed      1.73%
1419  A0A1S3Q511_IPR045860_1_112-185     93.89%    passed     73.79%
1420  A0A1W4XIE4_IPR045860_1_3-114       90.76%    passed     58.07%
1421  A0A1Y3BNV1_IPR045860_1_4-58        95.46%    passed     78.42%
1422  A0A210Q9V6_IPR045860_1_145-208     94.72%    passed     57.96%
1423  A0A267EFM8_IPR045860_1_10-73       94.72%    passed      6.10%
1424  A0A6M2DXW3_IPR045860_1_28-107      93.40%    failed      3.99%
1425  A0A6P7RFQ4_IPR045860_1_97-148      95.71%    passed     46.36%
1426  A0A6P9FLX0_IPR045860_1_12-64       95.63%    failed      3.81%
1427  A0A6S7GKF8_IPR045860_1_19-105      92.82%    failed      0.02%
1428  A0A7M5U9W9_IPR045860_1_20-115      92.08%    passed     71.16%
1429  A0A7M7RHR6_IPR045860_1_25-107      93.15%    passed     15.08%
1430  A0A814HFH1_IPR045860_1_20-93       93.89%    failed      0.14%
1431  A0A815B2Q3_IPR045860_1_17-74       95.21%    passed     82.58%
1432  A0A8R1Z2I3_IPR045860_1_12-103      92.41%    failed      0.02%
1433  A0A8S1E5R0_IPR045860_1_71-143      93.98%    failed      1.79%
1434  A0A8S9ZW77_IPR045860_1_70-150      93.32%    failed      0.73%
1435  A0A913XL18_IPR045860_1_141-238     92.00%    failed      2.18%
1436  A0A914CQB1_IPR045860_1_17-98       93.23%    passed     50.04%
1437  A0A914TZ53_IPR045860_1_12-105      92.24%    passed      7.43%
1438  A0AA35TY84_IPR045860_1_27-132      91.25%    passed     20.97%
1439  A0AAE1E257_IPR045860_1_52-119      94.39%    passed     66.88%
1440  A0AAN8AXA4_IPR045860_1_15-70       95.38%    passed     32.86%
1441  A0AAV5SJA6_IPR045860_1_15-103      92.66%    passed     61.27%
1442  A0AAV5UNV8_IPR045860_1_18-102      92.99%    failed      0.13%
1443  A0AAW0MZS0_IPR045860_1_6-59        95.54%    passed     11.18%
1444  A0ABD6EKP5_IPR045860_1_10-81       94.06%    passed     16.03%
1445  W8PW57_IPR045860_1_11-85           93.81%    failed      0.75%
1446  Centipede3FTx_0060_1255758         88.53%    failed      1.16%
1447  A0A087WQ65_IPR045860_1_41-113      93.98%    passed     23.69%
1448  A0A8C8RF92_IPR035076_1_12-82       94.14%    passed     36.98%
1449  A0A8C9CVH1_IPR045860_1_36-89       95.54%    passed     63.33%
1450  A0A9Q0Y0G3_IPR045860_1_11-69       95.13%    passed     69.81%
1451  A0AAV6ZDW4_IPR045860_1_1-58        95.21%    passed     42.60%
1452  V8NB38_IPR045860_1_64-117          95.54%    passed     13.95%
1453  N0E6I9_IPR038773_1_9-60            95.71%    failed      0.00%
1454  A0A0A0QUW4_IPR016054_1_1-63        94.80%    passed     80.62%
1455  A0A803JS12_IPR016054_2_112-204     92.33%    passed     25.42%
1456  A0A8D0HA27_IPR016054_1_45-115      94.14%    passed     22.12%
1457  A0A8J6AJV9_IPR016054_1_3-78        93.73%    passed     10.39%
1458  A0A9W2X751_IPR016054_1_12-70       95.13%    failed      3.42%
1459  A0AA97KFU8_IPR045860_1_121-207     92.82%    passed     40.43%
1460  A0AAW1AXJ9_IPR045860_1_111-193     93.15%    passed      7.50%
1461  B2D6N2_IPR045860_2_13-92           93.40%    passed     18.16%
1462  L9KKD7_IPR016054_1_225-321         92.00%    failed      0.32%
1463  A0A8C0WFM8_IPR026524_1_17-97       93.32%    passed      7.74%
1464  A0A3Q2XZN3_IPR039457_1_5-146       88.28%    passed     18.39%
1465  A0A852NKK1_IPR039457_1_3-105       91.50%    passed     58.24%
1466  A0AAW1DF26_IPR039457_1_1-73        93.98%    passed     27.38%
1467  A0A0X3PMB9_IPR045860_1_24-122      91.83%    passed     57.45%
1468  A0A210QR19_IPR031424_1_22-99       93.56%    failed      0.70%
1469  A0A3M7PFA6_IPR031424_1_20-103      93.07%    passed     10.00%
1470  A0A914AMV4_IPR031424_1_51-172      89.93%    failed      1.17%
1471  A0A914T9K7_IPR031424_1_3-71        94.31%    passed      5.85%
1472  A0A9C6SRV2_IPR031424_1_24-77       95.54%    passed     90.02%
1473  A0AA36B8V0_IPR031424_1_35-105      94.14%    passed     87.65%
1474  A0AAE0SQF5_IPR031424_1_31-121      92.49%    passed     31.36%
1475  A0AAN7SNP7_IPR031424_1_20-102      93.15%    passed     12.44%
1476  A0AAN9V7F9_IPR045860_1_16-113      91.91%    failed      4.66%
1477  A0ABD0Y7A6_IPR031424_1_20-163      88.12%    failed      0.07%
1478  T1FHP3_IPR031424_1_37-115          93.48%    failed      2.69%
1479  A0A077Z0B6_IPR045860_1_53-137      92.99%    passed     87.28%
1480  A0A0B2W0J0_IPR045860_1_2-77        93.73%    passed     71.86%
1481  A0A0C2FSU3_IPR045860_1_16-89       93.89%    passed     95.25%
1482  A0A0N4ZQ95_IPR045860_1_27-125      91.83%    passed      8.30%
1483  A0A0Q3VBE2_IPR045860_1_9-64        95.38%    passed     43.03%
1484  A0A158PC07_IPR045860_1_12-107      92.08%    failed      0.26%
1485  A0A1D1W9J0_IPR045860_1_43-95       95.63%    passed     19.67%
1486  A0A210Q9V6_IPR045860_2_2-73        94.06%    passed     13.29%
1487  A0A226DLD2_IPR045860_1_20-136      90.35%    passed     15.83%
1488  A0A7R9A6H2_IPR045860_1_25-110      92.90%    passed     34.21%
1489  A0A8C4YT57_IPR045860_1_20-104      92.99%    failed      3.31%
1490  A0A8C5QVE6_IPR045860_2_119-168     95.87%    passed     71.67%
1491  A0A8D2JIH4_IPR045860_1_26-76       95.79%    passed     71.14%
1492  A0A8I5YPA3_IPR045860_1_25-84       95.05%    passed     77.53%
1493  A0A914JTL9_IPR045860_1_20-78       95.13%    passed     48.11%
1494  A0A914X1Q0_IPR045860_1_27-104      93.56%    passed     13.83%
1495  A0A9D4LPP4_IPR045860_1_28-113      92.90%    failed      1.79%
1496  A0A9Q1GA89_IPR045860_1_6-77        94.06%    passed     67.32%
1497  A0A9W9ZP78_IPR045860_1_86-175      92.57%    passed      7.73%
1498  A0AA36GTX8_IPR045860_1_13-103      92.49%    failed      3.00%
1499  A0AA36MAJ4_IPR045860_1_38-92       95.46%    passed     14.62%
1500  A0AAD9R5Z8_IPR045860_1_15-88       93.89%    passed      7.47%
1501  A0AAE0VEQ6_IPR045860_1_404-482     93.48%    passed     65.95%
1502  A0AAU9WM84_IPR045860_1_19-113      92.16%    passed     14.41%
1503  A0AAV2TU50_IPR045860_1_16-81       94.55%    failed      0.32%
1504  A0AAV6Z364_IPR045860_1_1-75        93.81%    passed     38.58%
1505  A0ABD3UYT6_IPR045860_1_10-74       94.64%    passed     14.92%
1506  F6XPQ3_IPR045860_1_63-135          93.98%    failed      0.17%
1507  T1ILG0_IPR045860_1_12-69           95.21%    passed     19.77%
1508  V4CRU8_IPR045860_1_45-107          94.80%    passed     27.49%
1509  A0A1U7QU12_IPR042339_1_1-96        92.08%    failed      1.51%
1510  A0A484GQ91_IPR042339_1_41-118      93.56%    failed      0.00%
1511  A0A2T7NKQ0_IPR045860_1_26-95       94.22%    passed     41.67%
1512  A0A4U5PHI3_IPR045860_1_21-97       93.65%    passed      5.14%
1513  A0A674J9W8_IPR045860_1_18-67       95.87%    passed     78.55%
1514  A0A814M5N4_IPR045860_1_15-93       93.48%    failed      4.76%
1515  A0A8B8S0Q2_IPR045860_1_27-138      90.76%    passed     15.65%
1516  A0A8B9R4A5_IPR035076_1_21-80       95.05%    passed     28.38%
1517  A0A8C5MY48_IPR045860_1_3-69        94.47%    passed     46.86%
1518  A0A8C8RFB5_IPR045860_1_10-78       94.31%    passed     14.15%
1519  A0AAV6ZW00_IPR045860_1_1-50        95.87%    passed     78.13%
1520  A0A7J7F023_IPR016054_1_2-56        95.46%    passed     40.13%
1521  A0A8D0HA27_IPR045860_2_136-222     92.82%    passed     28.25%
1522  A0A9D3XGJ7_IPR016054_1_24-105      93.23%    passed     25.56%
1523  A0A9W2X751_IPR045860_2_81-138      95.21%    passed     64.60%
1524  A0AA97KFU8_IPR045860_2_16-111      92.08%    passed     60.19%
1525  A0AAV6ZEC7_IPR045860_1_20-103      93.07%    passed     21.20%
1526  A0AAV6ZZZ2_IPR045860_2_25-110      92.90%    passed     13.41%
1527  L5KM26_IPR045860_2_12-65           95.54%    passed     57.39%
1528  A0A8J2WJ03_IPR039457_1_56-169      90.59%    failed      0.44%
1529  A0A226E8M1_IPR031424_1_26-153      89.44%    passed     29.72%
1530  A0A2T7PKX3_IPR031424_1_25-116      92.41%    passed     23.87%
1531  A0A6V7GZJ9_IPR031424_1_1-65        94.64%    passed     96.75%
1532  A0A8K0FZV1_IPR031424_1_22-134      90.68%    passed     20.60%
1533  A0A914ARZ5_IPR031424_1_22-149      89.44%    passed      7.32%
1534  A0A9N9S5K3_IPR031424_1_25-135      90.84%    passed     52.91%
1535  A0A0B1TBH2_IPR045860_1_92-157      94.55%    failed      3.41%
1536  A0A147BEL1_IPR045860_2_99-162      94.97%    failed      0.97%
1537  A0A182SK22_IPR045860_1_1-53        95.63%    passed     31.07%
1538  A0A183PSY2_IPR045860_1_11-108      91.91%    failed      0.11%
1539  A0A1D2M0G9_IPR045860_1_25-112      92.74%    passed     45.36%
1540  A0A226EQQ1_IPR045860_1_66-208      88.20%    failed      3.18%
1541  A0A267EX07_IPR045860_1_483-556     93.89%    passed     11.47%
1542  A0A3M7RMB0_IPR045860_1_25-115      92.49%    failed      0.21%
1543  A0A4U5MQS9_IPR045860_1_90-198      91.01%    passed     34.61%
1544  A0A556U032_IPR045860_1_19-74       95.38%    passed     13.88%
1545  A0A673FRW7_IPR045860_1_11-80       94.22%    passed     36.25%
1546  A0A674PEQ5_IPR045860_1_11-64       95.54%    passed     43.63%
1547  A0A6F8ZMR9_IPR045860_1_28-92       94.64%    passed     86.93%
1548  A0A6G0HW87_IPR045860_2_197-292     92.08%    passed      8.39%
1549  A0A6P8IDF1_IPR045860_1_100-200     91.67%    passed     79.89%
1550  A0A7R9IYK2_IPR045860_1_3-55        95.63%    passed     54.36%
1551  A0A7S1MTA1_IPR045860_1_201-255     95.46%    passed     24.08%
1552  A0A813P492_IPR045860_1_42-98       95.30%    passed      6.50%
1553  A0A814BXE5_IPR045860_1_1-89        92.66%    failed      2.64%
1554  A0A814HVW8_IPR045860_1_25-82       95.21%    passed     29.85%
1555  A0A8B8IYC9_IPR045860_1_1-59        95.13%    failed      2.26%
1556  A0A8C5C145_IPR045860_1_1-60        95.05%    passed     95.93%
1557  A0A8D8DNS1_IPR045860_1_168-222     95.46%    passed     16.81%
1558  A0A8J0SAE6_IPR045860_1_52-129      93.56%    passed     17.66%
1559  A0A8J1UV03_IPR045860_1_161-241     93.32%    passed     53.42%
1560  A0A8J4TJW7_IPR045860_1_96-189      92.24%    failed      3.28%
1561  A0A8T2M011_IPR045860_1_18-116      91.83%    failed      0.00%
1562  A0A913WT09_IPR045860_1_501-592     92.41%    passed     25.07%
1563  A0A914X3N0_IPR045860_1_21-78       95.21%    passed     81.52%
1564  A0A915C6L5_IPR045860_1_14-103      92.57%    failed      3.99%
1565  A0A9P0MN74_IPR045860_1_27-80       95.54%    passed     58.58%
1566  A0A9Q0Y2V8_IPR045860_1_2-57        95.38%    passed     73.89%
1567  A0A9W2XH10_IPR045860_1_11-61       95.79%    passed     28.61%
1568  A0AA35KMU3_IPR045860_1_17-101      92.99%    passed     25.92%
1569  A0AA35NY78_IPR045860_1_38-107      94.22%    passed     29.73%
1570  A0AA36CJ03_IPR045860_1_2-85        93.07%    passed     39.78%
1571  A0AA36MB68_IPR045860_1_43-116      93.89%    passed     34.45%
1572  A0AAF3F6X3_IPR045860_1_12-100      92.66%    passed      7.97%
1573  A0AAU9XLM5_IPR045860_2_156-230     93.81%    failed      2.38%
1574  A0AAW1EW67_IPR045860_1_4-57        95.54%    passed      7.41%
1575  A0ABC9W934_IPR045860_1_34-134      91.67%    failed      0.36%
1576  A0ABD1D0L5_IPR045860_1_4-54        95.79%    passed      6.19%
1577  R7U8P4_IPR045860_1_2-60            95.13%    passed     40.69%
1578  Centipede3FTx_0030_61981           92.74%    failed      0.61%
1579  A0A6P5KXC8_IPR042339_1_49-144      92.08%    passed     39.29%
1580  A0A2D4G9Z1_IPR016054_1_12-109      91.91%    passed      5.30%
1581  A0A2T7P9N7_IPR016054_1_941-1028    92.74%    passed     16.25%
1582  A0A6I8R2P6_IPR045860_1_23-115      92.33%    passed     48.05%
1583  A0A6P8PTC0_IPR045860_1_12-93       93.23%    failed      0.07%
1584  A0A8C0N4C6_IPR045860_1_102-222     90.02%    failed      0.87%
1585  A0AA88TF02_IPR045860_2_1-62        94.88%    failed      0.10%
1586  A0AAW1BLL4_IPR045860_1_7-84        93.56%    passed     13.97%
1587  V8NCZ4_IPR045860_1_1-64            94.72%    passed      6.60%
1588  A0A1A6G1S1_IPR038773_1_106-159     95.54%    failed      0.02%
1589  A0A3P9DMF4_IPR045860_1_56-128      93.98%    failed      3.00%
1590  A0A6P5Q3G2_IPR016054_2_213-310     91.91%    failed      3.13%
1591  A0A8M9PKG4_IPR016054_1_18-93       93.73%    failed      0.39%
1592  A0A9F3QVY1_IPR016054_1_39-103      94.64%    passed     38.88%
1593  A0AAD1WQC3_IPR045860_2_283-370     92.74%    passed      8.80%
1594  A0AAV7Q409_IPR045860_2_1-67        94.47%    passed     20.49%
1595  A0A151NCF0_IPR026524_1_21-112      92.41%    failed      0.00%
1596  A0A8D0XLD5_IPR026524_1_11-270      78.55%    failed      0.00%
1597  A0A1S8WRH0_IPR045860_1_25-89       94.64%    passed     37.79%
1598  A0A8J1Y7G1_IPR031424_1_35-141      91.17%    failed      1.71%
1599  A0A9W2YPS7_IPR031424_1_23-136      90.59%    passed     37.79%
1600  A0AA36C4Y9_IPR031424_1_35-100      94.55%    passed     16.83%
1601  T1FTA0_IPR031424_1_23-103          93.32%    passed     50.19%
1602  T1JCJ9_IPR031424_1_125-212         92.74%    passed     29.26%
1603  A0A0M3K4U5_IPR045860_1_207-283     93.65%    passed     49.56%
1604  A0A1D2M2K8_IPR045860_1_27-112      92.90%    passed     59.62%
1605  A0A1I7X890_IPR045860_1_1-50        95.87%    passed     44.52%
1606  A0A1I8AU51_IPR045860_1_85-163      93.48%    passed     12.23%
1607  A0A1W5BE54_IPR045860_1_9-81        93.98%    failed      0.45%
1608  A0A2A6BVH5_IPR045860_1_16-105      92.57%    passed     36.58%
1609  A0A3P7DWI0_IPR045860_1_8-58        95.79%    passed     51.82%
1610  A0A4U5MVD7_IPR045860_1_36-91       95.38%    failed      0.00%
1611  A0A665TLL2_IPR045860_1_52-147      92.08%    passed      6.59%
1612  A0A672Z7F9_IPR045860_1_6-85        93.40%    failed      4.58%
1613  A0A813WVD2_IPR045860_1_66-122      95.30%    passed      6.30%
1614  A0A8B8PLF7_IPR045860_1_13-138      89.60%    failed      0.88%
1615  A0A8J1LAM8_IPR045860_1_169-254     92.90%    passed     19.74%
1616  A0A8J2RNL0_IPR045860_1_13-65       95.63%    passed     17.60%
1617  A0A8S2GH58_IPR045860_1_48-140      92.33%    passed     65.75%
1618  A0A8T2M011_IPR045860_2_117-186     94.22%    passed      6.00%
1619  A0A9D4M313_IPR045860_1_44-151      91.09%    passed     53.34%
1620  A0A9J7ZI52_IPR045860_1_135-190     95.38%    passed     51.10%
1621  A0A9X0A3X3_IPR045860_1_15-118      91.42%    failed      0.32%
1622  A0AA35U124_IPR045860_1_181-287     91.17%    passed     23.19%
1623  A0AA36CJ11_IPR045860_1_61-114      95.54%    passed     49.30%
1624  A0AAF3FA92_IPR045860_1_108-186     93.48%    passed      5.39%
1625  A0AAN7P2D6_IPR045860_1_187-237     95.79%    passed     16.13%
1626  A0AAV7Q5B8_IPR045860_1_20-109      92.57%    passed     55.10%
1627  A0ABD2NEE1_IPR045860_1_16-108      92.33%    passed     59.31%
1628  D2V2Z0_IPR045860_1_19-99           93.32%    passed     57.49%
1629  Q99473_IPR045860_1_12-70           95.13%    passed     12.31%
1630  Centipede3FTx_0031_61981           85.15%    failed      0.43%
1631  Centipede3FTx_0095_984703          89.36%    failed      0.01%
1632  A0A815C0A8_IPR045860_1_77-155      93.48%    failed      3.46%
1633  A0AAJ7T9K6_IPR045860_1_89-151      94.80%    passed     54.53%
1634  A0A2T7P9N7_IPR016054_2_2145-2238   92.24%    passed      5.53%
1635  A0A6J0ABA1_IPR045860_1_24-93       94.22%    passed     19.01%
1636  A0A7L3T2I9_IPR045860_1_1-81        93.32%    passed      9.80%
1637  A0AAD9JQH5_IPR045860_1_39-111      93.98%    failed      0.94%
1638  A0A0U1RNF3_IPR045860_1_23-73       95.79%    passed     12.02%
1639  A0A151M3Y2_IPR045860_6_748-826     93.48%    failed      2.36%
1640  A0A151NCA5_IPR045860_2_15-75       94.97%    failed      0.78%
1641  A0A1U7SB93_IPR045860_3_158-207     95.87%    failed      4.01%
1642  A0A212CED6_IPR016054_1_52-112      94.97%    passed     61.49%
1643  A0A6P8VR33_IPR045860_1_20-106      92.82%    passed     26.58%
1644  A0A836A292_IPR045860_7_308-373     94.55%    passed     13.20%
1645  A0A8C5QVD3_IPR045860_1_70-130      94.97%    failed      3.55%
1646  A0A9D3XGR2_IPR016054_1_28-118      92.49%    passed     11.27%
1647  A0A9X0A5D2_IPR016054_1_18-111      92.24%    failed      0.02%
1648  A0AAD1TA03_IPR016054_1_21-103      93.15%    failed      4.27%
1649  A0AAV2ZKP5_IPR045860_2_1-67        94.47%    passed     24.62%
1650  A0AAV6ZM70_IPR045860_1_18-105      92.74%    failed      0.12%
1651  A0AAW1V7Z3_IPR016054_2_110-175     94.55%    passed     55.10%
1652  A0A5N4CSY0_IPR026524_1_16-126      90.84%    failed      2.88%
1653  A0AAX6T0N5_IPR026524_1_200-369     85.97%    failed      0.00%
1654  A0A1I8IPG4_IPR031424_1_200-249     95.87%    passed     48.55%
1655  A0A1L8DNC4_IPR045860_1_16-118      91.50%    passed     61.14%
1656  A0A433U739_IPR031424_1_30-128      91.83%    passed     67.49%
1657  A0A482WZG1_IPR031424_1_25-150      89.60%    failed      0.01%
1658  A0A816BYK0_IPR031424_1_4-60        95.30%    passed     27.38%
1659  A0AA36CBI2_IPR031424_1_35-147      90.68%    failed      1.53%
1660  A0AA38HQJ2_IPR031424_1_19-111      92.33%    failed      1.05%
1661  A0A061HX69_IPR045860_1_480-531     95.71%    failed      1.75%
1662  A0A077Z8A9_IPR045860_1_16-98       93.15%    passed     28.26%
1663  A0A094ZQS8_IPR045860_1_45-96       95.71%    passed      6.03%
1664  A0A0V0SJT5_IPR045860_1_75-166      92.41%    passed     43.53%
1665  A0A182T5G5_IPR045860_1_171-245     93.81%    passed     17.41%
1666  A0A183U308_IPR045860_1_16-85       94.22%    passed     20.19%
1667  A0A1L8FP00_IPR045860_1_20-112      92.33%    passed     40.30%
1668  A0A2G9UTY1_IPR045860_1_78-156      93.48%    passed     23.29%
1669  A0A3M6U0A5_IPR045860_1_54-153      91.75%    passed     18.41%
1670  A0A3M7S394_IPR045860_1_25-122      91.91%    failed      0.00%
1671  A0A4S2LXJ0_IPR045860_1_22-89       94.39%    passed      8.11%
1672  A0A4V5ZXI3_IPR045860_1_5-71        94.47%    passed     86.21%
1673  A0A6G1QXP5_IPR045860_2_23-103      93.32%    failed      4.55%
1674  A0A6J8B243_IPR045860_2_16-69       95.54%    passed     30.81%
1675  A0A8C6WTV3_IPR045860_1_14-90       93.65%    passed     21.88%
1676  A0A8C7I900_IPR045860_1_10-72       94.80%    passed     49.86%
1677  A0A8J6EQB4_IPR045860_1_30-104      93.81%    passed     39.48%
1678  A0A8S2H7F1_IPR045860_1_29-105      93.65%    failed      1.09%
1679  A0A914K597_IPR045860_1_21-96       93.73%    passed     11.23%
1680  A0A921Z041_IPR045860_1_79-129      95.79%    passed     30.70%
1681  A0AA35P148_IPR045860_1_32-115      93.07%    passed     13.43%
1682  A0AA35U124_IPR045860_2_23-142      90.10%    passed      7.50%
1683  A0AA36CJ38_IPR045860_1_17-91       93.81%    passed      8.75%
1684  A0AAD4NCE5_IPR045860_1_43-148      91.25%    failed      0.45%
1685  A0AAD8CGL1_IPR045860_1_1-56        95.38%    failed      0.00%
1686  A0AAD9NDG7_IPR045860_1_16-118      91.50%    passed     34.07%
1687  A0AAE9FCQ7_IPR045860_1_31-109      93.48%    passed     56.85%
1688  A0AAN9H109_IPR045860_1_1-51        95.79%    passed     23.04%
1689  A0AAV4BL23_IPR045860_1_29-102      93.89%    passed     75.16%
1690  A0AAX7TJ66_IPR045860_1_10-64       95.46%    passed     51.12%
1691  A0AAZ1WZK1_IPR045860_1_351-406     95.38%    failed      0.89%
1692  F6YIE7_IPR045860_1_70-157          92.74%    passed     21.73%
1693  G0MQL5_IPR045860_1_12-111          91.75%    passed     76.03%
1694  H3BIN3_IPR045860_1_21-96           93.73%    passed     24.17%
1695  R7UD99_IPR045860_2_123-186         94.72%    passed     59.36%
1696  Centipede3FTx_0032_61981           88.04%    passed     17.32%
1697  Centipede3FTx_0128_1255758         83.99%    passed     21.11%
1698  A0A3B3UHZ6_IPR016054_1_19-107      92.66%    failed      2.40%
1699  A0A4U8UL41_IPR045860_1_17-101      92.99%    passed     53.29%
1700  A0AAD1W471_IPR045860_1_20-112      92.33%    failed      0.01%
1701  A0A3Q2Q2Z7_IPR045860_1_7-72        94.55%    failed      0.19%
1702  A0A6P9DEV7_IPR045860_2_16-111      92.08%    passed     21.49%
1703  A0A7N6FLY1_IPR045860_1_1-72        94.06%    failed      2.61%
1704  A0A803JTA5_IPR045860_3_14-65       95.71%    failed      4.88%
1705  A0A8C3SHN7_IPR045860_1_129-192     94.72%    failed      1.29%
1706  A0A8C5QVD3_IPR045860_2_10-61       95.71%    passed     39.28%
1707  A0AAV5TBW2_IPR045860_1_17-101      92.99%    failed      1.57%
1708  A0AAV6ZF17_IPR045860_1_1-67        94.47%    passed      6.91%
1709  A0AAW0N2N6_IPR045860_1_190-252     94.80%    failed      1.51%
1710  Q9I8P7_IPR045860_1_113-194         93.23%    passed     51.90%
1711  A0AB34HME4_IPR026524_1_1-169       86.06%    failed      0.00%
1712  A0A1D1V7I0_IPR031424_1_94-184      92.49%    passed      7.96%
1713  A0A2H1WLM9_IPR031424_1_11-81       94.14%    passed     88.77%
1714  A0A7R9QCV8_IPR031424_1_20-156      88.70%    passed     28.75%
1715  A0A0C2H646_IPR045860_1_21-117      92.00%    failed      4.85%
1716  A0A0N5A8A8_IPR045860_1_34-136      91.50%    passed     16.59%
1717  A0A182MBE3_IPR045860_1_59-119      94.97%    failed      2.77%
1718  A0A183BWE7_IPR045860_1_24-121      91.91%    failed      0.04%
1719  A0A3M6U108_IPR045860_1_1-73        93.98%    failed      0.39%
1720  A0A3M7S8Y0_IPR045860_1_20-114      92.16%    passed      8.38%
1721  A0A4C1VGM8_IPR045860_1_233-296     94.72%    passed     20.34%
1722  A0A4V5ZYF6_IPR045860_1_19-99       93.32%    passed     74.64%
1723  A0A5N4A6G8_IPR045860_1_20-98       93.48%    passed     66.49%
1724  A0A7I8V5T3_IPR045860_1_17-132      90.43%    failed      0.22%
1725  A0A7M7GRR2_IPR045860_1_31-144      90.59%    passed      9.52%
1726  A0A7R9ANT5_IPR045860_1_84-146      94.80%    passed     77.18%
1727  A0A7S3D9X3_IPR045860_1_21-86       94.55%    passed     29.41%
1728  A0A814NIW3_IPR045860_1_20-90       94.14%    failed      0.00%
1729  A0A8B7ZBH0_IPR045860_1_25-115      92.49%    passed     29.85%
1730  A0A8C3F363_IPR045860_1_18-124      91.17%    passed      9.60%
1731  A0A8J9V6N6_IPR045860_1_9-59        95.79%    passed     34.66%
1732  A0A8M1MQ92_IPR045860_1_13-67       95.46%    passed     51.37%
1733  A0A8S3Z4R5_IPR045860_1_1-86        92.90%    failed      3.92%
1734  A0A914UKU9_IPR045860_1_20-106      92.82%    passed      6.80%
1735  A0A9D4F3Z0_IPR045860_1_343-409     94.47%    passed      5.29%
1736  A0A9J7L2Y8_IPR045860_1_96-184      92.66%    passed     25.32%
1737  A0AA35VPJ0_IPR045860_1_25-111      92.82%    passed      6.06%
1738  A0AA36FZF4_IPR045860_1_1-55        95.46%    failed      3.96%
1739  A0AA36GWY8_IPR045860_1_18-97       93.40%    failed      0.71%
1740  A0AAD9NG65_IPR045860_1_230-283     95.54%    failed      0.94%
1741  A0ABD0N8X1_IPR045860_1_1-56        95.38%    passed     90.76%
1742  D2VQS4_IPR045860_1_25-111          92.82%    passed      7.91%
1743  H9G8Z4_IPR045860_1_16-101          92.90%    failed      4.64%
1744  K1PX19_IPR045860_2_81-148          94.39%    failed      0.31%
1745  L7MHT0_IPR045860_1_2-74            93.98%    passed     20.24%
1746  R7UXY0_IPR045860_1_94-150          95.30%    passed     15.43%
1747  T1J6C3_IPR045860_1_11-91           93.32%    failed      1.53%
WARNING: 1747 sequences contain more than 50% gaps/ambiguity
****  TOTAL                              93.16%  480 sequences failed composition chi2 test (p-value<5%; df=19)
Checking for duplicate sequences: done in 0.0038631 secs using 176.3% CPU

CHECKPOINT: Initial tree restored
Generating 1000 samples for ultrafast bootstrap (seed: 832241)...
CHECKPOINT: 1000 UFBoot trees and 35 UFBootSplits restored

NOTE: 2370 MB RAM (2 GB) is required!
Measuring multi-threading efficiency up to 14 CPU cores
3 trees examined
Threads: 1 / Time: 15.690 sec / Speedup: 1.000 / Efficiency: 100% / LogL: -380434
Threads: 2 / Time: 11.251 sec / Speedup: 1.395 / Efficiency: 70% / LogL: -380434
Threads: 3 / Time: 7.881 sec / Speedup: 1.991 / Efficiency: 66% / LogL: -380434
Threads: 4 / Time: 6.507 sec / Speedup: 2.411 / Efficiency: 60% / LogL: -380434
Threads: 5 / Time: 6.463 sec / Speedup: 2.428 / Efficiency: 49% / LogL: -380434
Determining AUTO threadcount: done in 47.987 secs using 178.6% CPU
BEST NUMBER OF THREADS: 4

CHECKPOINT: Model parameters restored, LogL: -337325.176
Wrote distance file to... 
--------------------------------------------------------------------
|             INITIALIZING CANDIDATE TREE SET                      |
--------------------------------------------------------------------
CHECKPOINT: Candidate tree set restored, best LogL: -337325.176
Finish initializing candidate tree set (20)
Current best tree score: -337325.176 / CPU time: 0.000
Number of iterations: 1758
--------------------------------------------------------------------
|               OPTIMIZING CANDIDATE TREE SET                      |
--------------------------------------------------------------------
Iteration 1760 / LogL: -337341.484 / Time: 0h:4m:21s (0h:0m:14s left)
Iteration 1770 / LogL: -337350.810 / Time: 0h:22m:26s (0h:1m:6s left)
Iteration 1780 / LogL: -337353.298 / Time: 0h:39m:29s (0h:1m:42s left)
Iteration 1790 / LogL: -337333.429 / Time: 0h:57m:24s (0h:2m:8s left)
Iteration 1800 / LogL: -337402.606 / Time: 1h:15m:55s (0h:2m:24s left)
Log-likelihood cutoff on original alignment: -337832.984
NOTE: Bootstrap correlation coefficient of split occurrence frequencies: 0.855
NOTE: UFBoot does not converge, continue at least 100 more iterations
Iteration 1810 / LogL: -337402.481 / Time: 1h:34m:7s (0h:4m:40s left)
Iteration 1820 / LogL: -337349.252 / Time: 1h:51m:57s (0h:4m:55s left)
Iteration 1830 / LogL: -337366.695 / Time: 2h:9m:39s (0h:4m:57s left)
Iteration 1840 / LogL: -337388.520 / Time: 2h:27m:9s (0h:4m:48s left)
Iteration 1850 / LogL: -337343.848 / Time: 2h:44m:45s (0h:4m:27s left)
Log-likelihood cutoff on original alignment: -337832.984
Iteration 1860 / LogL: -337346.829 / Time: 3h:2m:32s (0h:3m:55s left)
Iteration 1870 / LogL: -337445.625 / Time: 3h:20m:56s (0h:3m:13s left)
Iteration 1880 / LogL: -337328.494 / Time: 3h:37m:58s (0h:2m:19s left)
Iteration 1890 / LogL: -337359.464 / Time: 3h:54m:59s (0h:1m:14s left)
Iteration 1900 / LogL: -337418.637 / Time: 4h:13m:34s (0h:0m:0s left)
Log-likelihood cutoff on original alignment: -337832.984
NOTE: Bootstrap correlation coefficient of split occurrence frequencies: 0.889
NOTE: UFBoot does not converge, continue at least 100 more iterations
Iteration 1910 / LogL: -337367.212 / Time: 4h:31m:8s (0h:12m:46s left)
Iteration 1920 / LogL: -337335.519 / Time: 4h:49m:36s (0h:12m:4s left)
Estimate model parameters (epsilon = 0.100)
BETTER TREE FOUND at iteration 1926: -337312.812
Iteration 1930 / LogL: -337356.233 / Time: 5h:7m:17s (0h:15m:17s left)
Iteration 1940 / LogL: -337409.563 / Time: 5h:24m:45s (0h:14m:24s left)
Iteration 1950 / LogL: -337331.271 / Time: 5h:42m:27s (0h:13m:21s left)
Log-likelihood cutoff on original alignment: -337832.984
Iteration 1960 / LogL: -337405.823 / Time: 5h:59m:53s (0h:12m:7s left)
Iteration 1970 / LogL: -337321.158 / Time: 6h:19m:0s (0h:10m:46s left)
Iteration 1980 / LogL: -337358.654 / Time: 6h:37m:51s (0h:9m:14s left)
Iteration 1990 / LogL: -337376.560 / Time: 6h:54m:33s (0h:7m:30s left)
Iteration 2000 / LogL: -337331.293 / Time: 7h:12m:36s (0h:5m:37s left)
Log-likelihood cutoff on original alignment: -337832.984
NOTE: Bootstrap correlation coefficient of split occurrence frequencies: 0.901
NOTE: UFBoot does not converge, continue at least 100 more iterations
Iteration 2010 / LogL: -337350.572 / Time: 7h:31m:3s (0h:20m:12s left)
Iteration 2020 / LogL: -337368.498 / Time: 7h:49m:2s (0h:18m:35s left)

******************************************************
CHECKPOINT: Resuming analysis from aln_famsa2.phy.ckp.gz

IQ-TREE version 3.0.1 for MacOS ARM 64-bit built Jun 30 2025
Developed by Bui Quang Minh, Thomas Wong, Nhan Ly-Trong, Huaiyan Ren
Contributed by Lam-Tung Nguyen, Dominik Schrempf, Chris Bielow,
Olga Chernomor, Michael Woodhams, Diep Thi Hoang, Heiko Schmidt

Host:    w198-24-v4.eduroam.dynamic.rbg.tum.de (SSE4.2, 48 GB RAM)
Command: iqtree3 -s aln_famsa2.phy -m VT+R8 -T AUTO -B 1000 --nmax 10000
Seed:    156327 (Using SPRNG - Scalable Parallel Random Number Generator)
Time:    Tue Sep  2 14:12:04 2025
Kernel:  SSE2 - auto-detect threads (14 CPU cores detected)

Reading alignment file aln_famsa2.phy ... Phylip format detected
Alignment most likely contains protein sequences
Constructing alignment: done in 0.00957704 secs using 80.16% CPU
WARNING: 44 sites contain only gaps or ambiguous characters.
Alignment has 1747 sequences with 1212 columns, 1075 distinct patterns
459 parsimony-informative, 298 singleton sites, 455 constant sites
                                  Gap/Ambiguity  Composition  p-value
Analyzing sequences: done in 0.000446081 secs using 535.1% CPU
   1  Centipede3FTx_0001_61981           93.81%    passed     54.95%
   2  Centipede3FTx_0033_61981           90.10%    passed     16.99%
   3  Centipede3FTx_0129_1255758         90.26%    passed     18.88%
   4  A0AAD9K488_IPR045860_1_1-53        95.63%    failed      3.74%
   5  V9IHU1_IPR035076_1_22-80           95.13%    passed     32.86%
   6  A0A2D4PI90_IPR045860_1_3-66        94.72%    failed      0.48%
   7  A0A2Y9P282_IPR045860_2_21-157      88.70%    failed      0.52%
   8  A0A6J3DA86_IPR045860_1_21-76       95.38%    passed     13.81%
   9  A0A6P5A2A8_IPR045860_2_37-126      92.57%    passed     35.74%
  10  A0A7F8QAG4_IPR045860_1_89-140      95.71%    passed     62.94%
  11  A0A8C5QS38_IPR045860_2_242-325     93.07%    failed      2.39%
  12  A0A8R1YLV9_IPR016054_1_5-66        94.88%    passed     65.76%
  13  A0A974CDU6_IPR045860_1_17-166      87.62%    failed      0.00%
  14  A0A9F5IW75_IPR016054_1_29-135      91.17%    passed     85.57%
  15  A0AAD1TA13_IPR045860_1_11-72       94.88%    passed     21.00%
  16  A0AAN9Z724_IPR016054_1_20-119      91.75%    failed      0.09%
  17  A0AAV5TGY1_IPR045860_1_9-91        93.15%    passed      5.40%
  18  A0AAV7Q439_IPR016054_1_135-230     92.08%    passed     54.41%
  19  A6HS05_IPR051445_1_2-93            92.41%    passed     43.28%
  20  F6W179_IPR016054_1_389-462         93.89%    passed     38.72%
  21  A0ABD2F034_IPR026524_1_1-71        94.14%    failed      0.01%
  22  A0A0C2GT18_IPR031424_1_15-130      90.43%    passed     93.73%
  23  A0A0N4XEH7_IPR031424_1_22-147      89.60%    passed     78.16%
  24  A0A1D2NLN9_IPR031424_1_47-153      91.17%    passed     75.92%
  25  A0A5E4M857_IPR031424_1_22-151      89.27%    failed      0.25%
  26  A0A820IC74_IPR031424_1_22-88       94.47%    passed     72.40%
  27  A0A8S1CCR9_IPR031424_1_91-198      91.09%    passed     46.69%
  28  A0A9D4FIS8_IPR031424_1_24-87       94.72%    failed      0.18%
  29  A0AA38HY41_IPR031424_1_139-222     93.07%    passed     18.46%
  30  A0AAD7YTB9_IPR045860_1_21-123      91.50%    passed     71.47%
  31  A0AAD9PC26_IPR031424_1_20-109      92.57%    passed     63.06%
  32  A0AAE1GWL2_IPR031424_1_77-206      89.27%    passed      9.80%
  33  A0AAV4RF83_IPR031424_1_16-72       95.30%    passed     80.60%
  34  A0AAV5UID1_IPR031424_1_7-80        93.89%    passed     34.12%
  35  T1FUE6_IPR045860_2_183-273         92.49%    passed     10.61%
  36  A0A0N4V1D2_IPR045860_1_21-93       93.98%    passed     39.74%
  37  A0A1B0GXA9_IPR045860_1_21-86       94.55%    passed     39.49%
  38  A0A1X7VDD8_IPR045860_1_128-242     90.51%    passed     28.24%
  39  A0A210QJ17_IPR045860_1_35-127      92.33%    passed     17.76%
  40  A0A2I3SXH2_IPR045860_1_25-101      93.65%    passed     70.68%
  41  A0A3S1A7L4_IPR045860_1_37-138      91.58%    passed     46.64%
  42  A0A4S2M8K0_IPR045860_1_123-197     93.81%    passed     14.54%
  43  A0A4U5NHD1_IPR045860_1_2-61        95.05%    passed     29.57%
  44  A0A669BVS0_IPR045860_1_39-98       95.05%    passed     14.50%
  45  A0A6P8H3A5_IPR045860_1_18-100      93.15%    passed     11.12%
  46  A0A6P8QG64_IPR045860_1_1-66        94.55%    passed     65.59%
  47  A0A7G3AGZ0_IPR045860_1_4-85        93.23%    passed     36.80%
  48  A0A7I8VIA7_IPR045860_1_60-153      92.24%    passed     15.16%
  49  A0A7M7L7E2_IPR045860_2_145-210     94.55%    passed     88.28%
  50  A0A821DEK8_IPR045860_1_13-92       93.40%    passed     84.24%
  51  A0A8C9TGN1_IPR045860_1_85-156      94.06%    passed     22.33%
  52  A0A8J0TC19_IPR045860_1_112-201     92.57%    failed      0.83%
  53  A0A8R1E9F7_IPR045860_1_50-124      93.81%    passed     61.31%
  54  A0A8T1N1B6_IPR045860_1_24-95       94.06%    passed     15.44%
  55  A0A8T2IS40_IPR045860_2_1-69        94.31%    failed      1.40%
  56  A0A9W9Y813_IPR045860_1_3-81        93.48%    passed      9.59%
  57  A0AA35VVV8_IPR045860_1_89-139      95.79%    failed      0.53%
  58  A0AAD1W705_IPR045860_1_52-101      95.87%    passed     55.29%
  59  A0AAD9NIP8_IPR045860_1_2-77        93.73%    passed      9.94%
  60  A0AAE0VXI9_IPR045860_1_9-102       92.24%    passed     71.23%
  61  A0AAJ7SM78_IPR045860_1_2-56        95.46%    failed      3.44%
  62  A0AAN8I461_IPR045860_1_1-58        95.21%    passed     13.47%
  63  A0AAV5T1P7_IPR045860_1_14-95       93.23%    passed     31.10%
  64  A0AAV5VD36_IPR045860_1_14-96       93.15%    passed     34.56%
  65  A0AAV6Z5N0_IPR045860_1_60-145      92.90%    passed      8.98%
  66  A0ABD2NYW7_IPR045860_1_27-107      93.32%    passed      9.71%
  67  C3ZZL6_IPR045860_1_583-641         95.13%    passed     43.18%
  68  Q0GAP6_IPR045860_1_20-81           94.88%    passed     27.37%
  69  Centipede3FTx_0002_61981           89.93%    passed     25.12%
  70  Centipede3FTx_0034_61981           91.50%    passed      5.11%
  71  Centipede3FTx_0130_1255758         88.28%    failed      4.22%
  72  A0A2G5UGY6_IPR045860_1_11-84       93.89%    passed     26.34%
  73  A0A452QH48_IPR045860_1_18-78       94.97%    passed      5.30%
  74  A0A643BR30_IPR045860_1_4-67        94.72%    failed      0.06%
  75  A0A6I8RYL8_IPR045860_1_14-87       93.89%    passed      7.24%
  76  A0A8C2RF78_IPR035076_1_32-90       95.13%    passed     47.43%
  77  A0A8C3JMR5_IPR045860_1_1-66        94.55%    passed      9.90%
  78  A0AAN5DDC6_IPR045860_1_29-96       94.39%    failed      2.81%
  79  G3V0Z9_IPR045860_1_12-75           94.72%    passed     13.93%
  80  A0A096LTF5_IPR016054_2_112-188     93.65%    passed     11.57%
  81  A0A0F7JHR5_IPR045860_2_115-198     93.07%    passed     27.30%
  82  A0A0H4AC90_IPR045860_1_1-84        93.07%    passed      5.76%
  83  A0A4D9DJB4_IPR045860_4_567-619     95.63%    failed      0.32%
  84  A0A6I8PU52_IPR016054_2_217-299     93.15%    passed     31.02%
  85  A0A7J8C8R7_IPR016054_1_22-94       93.98%    passed      9.17%
  86  A0A8D0UEP2_IPR026524_1_10-132      89.85%    passed      7.51%
  87  A0A9B0U280_IPR016054_1_21-101      93.32%    failed      0.81%
  88  A0A9L0SSL3_IPR045860_2_59-112      95.54%    passed      9.49%
  89  G1UJB0_IPR045860_2_20-114          92.16%    failed      0.75%
  90  K7E0K4_IPR016054_3_208-300         92.33%    failed      0.03%
  91  M7B2W8_IPR045860_1_103-155         95.63%    failed      0.29%
  92  A0A8C3SCR7_IPR026524_1_6-286       76.82%    failed      0.00%
  93  A0A1A8RH00_IPR039457_1_5-88        93.07%    passed     24.68%
  94  A0A1D1VG99_IPR031424_1_70-203      88.94%    failed      0.00%
  95  A0A1D2NLW9_IPR031424_1_23-153      89.19%    passed     71.35%
  96  A0A226EVU9_IPR031424_1_54-155      91.58%    failed      4.09%
  97  A0A6J1WMJ4_IPR031424_1_24-133      90.92%    passed     60.72%
  98  A0AAV8VRB0_IPR031424_1_21-101      93.32%    passed     18.84%
  99  A1Z8Y5_IPR031424_1_26-123          91.91%    passed     51.52%
 100  A0A0C2MH32_IPR045860_1_1-73        93.98%    passed     96.11%
 101  A0A1D2MG66_IPR045860_1_25-115      92.49%    passed     24.44%
 102  A0A1I7Y769_IPR045860_1_19-117      91.83%    failed      0.07%
 103  A0A1I8IX46_IPR045860_1_319-392     93.89%    passed     12.87%
 104  A0A4S2MLE7_IPR045860_1_36-111      93.73%    passed     59.25%
 105  A0A4U5NI55_IPR045860_1_19-94       93.73%    passed     57.62%
 106  A0A7M5VEA9_IPR045860_1_33-105      93.98%    passed     43.47%
 107  A0A7S3G3U3_IPR045860_1_2-54        95.63%    passed     10.27%
 108  A0A834A2I1_IPR045860_1_24-95       94.06%    passed     64.48%
 109  A0A8B6GU07_IPR045860_1_11-102      92.41%    passed     13.07%
 110  A0A8C5QXT3_IPR045860_1_53-106      95.54%    passed     28.09%
 111  A0A8J5JX50_IPR045860_1_71-166      92.08%    passed     19.10%
 112  A0A8K0F306_IPR045860_1_23-130      91.09%    passed     49.12%
 113  A0A8S3ZH90_IPR045860_1_1-79        93.48%    passed     42.40%
 114  A0A914USH5_IPR045860_1_15-100      92.90%    passed     28.26%
 115  A0A915DFY2_IPR045860_1_15-80       94.55%    passed     55.51%
 116  A0A9P0DTR9_IPR045860_1_1-58        95.21%    passed     78.60%
 117  A0A9P1MMA3_IPR045860_1_27-105      93.48%    passed     10.73%
 118  A0A9W2Z002_IPR045860_1_18-92       93.81%    failed      0.00%
 119  A0A9W9YJ69_IPR045860_1_16-79       94.72%    failed      0.04%
 120  A0AA85JZT4_IPR045860_1_28-94       94.47%    failed      2.28%
 121  A0AAD9NTI8_IPR045860_1_19-83       94.64%    passed     71.20%
 122  A0AAE0W1W7_IPR045860_1_20-75       95.38%    passed     89.33%
 123  A0AAE1GRD3_IPR045860_1_32-133      91.58%    passed     12.77%
 124  A0AAV2PG25_IPR045860_1_44-99       95.38%    passed     38.36%
 125  A0AAV5VD69_IPR045860_1_14-86       93.98%    passed     44.22%
 126  A0AAV6UAT7_IPR045860_1_25-84       95.05%    passed     34.28%
 127  E0W218_IPR045860_1_19-88           94.22%    passed     26.65%
 128  M1ZMI5_IPR045860_1_3-54            95.71%    passed     17.73%
 129  R7VD63_IPR045860_1_180-235         95.38%    passed     42.34%
 130  W5MLI6_IPR045860_1_1-65            94.64%    passed     42.02%
 131  Centipede3FTx_0067_1255758         89.60%    passed      7.06%
 132  Centipede3FTx_0099_984703          92.33%    passed     16.73%
 133  A0A090LL14_IPR003571_1_32-90       95.13%    failed      2.66%
 134  A0A8C3SXJ0_IPR045860_1_14-67       95.54%    passed     72.61%
 135  A0A8C9F6M2_IPR035076_1_14-65       95.71%    passed     33.58%
 136  M3XSN1_IPR045860_1_65-143          93.48%    failed      0.23%
 137  A0A1L6Z9Y5_IPR026524_1_1-149       87.71%    failed      0.02%
 138  A0A2Y9RVA8_IPR016054_1_239-303     94.64%    passed     53.09%
 139  A0A6P7YUZ6_IPR045860_2_114-195     93.23%    passed      6.21%
 140  A0A8J6B5V3_IPR045860_2_124-181     95.21%    passed     19.31%
 141  A0AAD5KP77_IPR016054_1_20-118      91.83%    passed     87.96%
 142  A6J8Z0_IPR016054_1_69-200          89.11%    passed      5.94%
 143  G3VP90_IPR016054_3_210-302         92.33%    passed     10.66%
 144  A0A1L6Z9Z9_IPR026524_1_1-81        93.32%    passed      8.44%
 145  A0A1A8RI45_IPR039457_1_1-66        94.55%    passed      6.83%
 146  A0A7R9G4N8_IPR039457_1_19-129      90.84%    passed     74.69%
 147  A0A0L0BZ61_IPR031424_1_35-125      92.49%    passed     15.50%
 148  A0A1B0GHW8_IPR031424_1_36-128      92.33%    failed      0.08%
 149  A0A1D1VGV8_IPR031424_1_79-178      91.75%    failed      4.55%
 150  A0A226EYN6_IPR031424_1_49-136      92.74%    passed     54.20%
 151  A0A6G1SPW6_IPR031424_1_43-183      88.37%    passed     35.56%
 152  A0A834IJZ1_IPR031424_1_21-82       94.88%    passed     43.19%
 153  A0A8I6RMI4_IPR031424_1_20-124      91.34%    failed      4.99%
 154  A0A8J5MU39_IPR031424_1_24-110      92.82%    passed      6.94%
 155  A0A914WJK0_IPR031424_1_20-145      89.60%    failed      0.00%
 156  A0A9J6CMN1_IPR031424_1_155-254     91.75%    passed     51.59%
 157  A0A9N9WRV6_IPR031424_1_23-109      92.82%    passed     61.08%
 158  A0A0A0QUX4_IPR045860_1_18-69       95.71%    passed     44.12%
 159  A0A0N5AVA4_IPR045860_1_18-110      92.33%    failed      1.66%
 160  A0A1I7Y7B6_IPR045860_1_22-95       93.89%    passed     17.79%
 161  A0A1X7VMF3_IPR045860_1_25-96       94.06%    passed     72.37%
 162  A0A267FE13_IPR045860_1_77-159      93.15%    passed     13.42%
 163  A0A2I0TMY7_IPR045860_1_43-134      92.41%    passed     23.82%
 164  A0A3P7HPH2_IPR045860_1_12-82       94.14%    passed     28.79%
 165  A0A7I8WE53_IPR045860_1_16-88       93.98%    failed      0.26%
 166  A0A7M5VET2_IPR045860_1_1-98        91.91%    passed     11.51%
 167  A0A813PZ80_IPR045860_1_21-87       94.47%    failed      4.07%
 168  A0A818U6W1_IPR045860_1_9-102       92.24%    passed     26.73%
 169  A0A820SNE3_IPR045860_1_69-132      94.72%    failed      0.00%
 170  A0A8C1VYQ5_IPR045860_1_22-81       95.05%    passed     69.61%
 171  A0A8D8EYL6_IPR045860_1_27-148      89.93%    failed      4.38%
 172  A0A914IDC6_IPR045860_1_41-96       95.38%    passed     61.10%
 173  A0A914Z0P7_IPR045860_1_116-196     93.32%    passed     78.23%
 174  A0A9Q0YDX6_IPR045860_1_30-121      92.41%    passed     41.88%
 175  A0AAV5TAP5_IPR045860_1_21-102      93.23%    passed     15.80%
 176  A0AAV7T9C4_IPR045860_1_19-85       94.47%    failed      3.65%
 177  A0ABD1DX19_IPR045860_1_9-71        94.80%    passed     42.05%
 178  B4GU16_IPR045860_1_105-181         93.65%    passed      6.30%
 179  P0DPY0_IPR045860_1_22-106          92.99%    passed     33.95%
 180  Centipede3FTx_0004_61981           91.42%    passed      5.51%
 181  Centipede3FTx_0036_60158           93.98%    passed     80.59%
 182  Centipede3FTx_0100_984703          90.35%    passed     11.39%
 183  A0A8C8T5K9_IPR026110_1_35-140      91.25%    passed      8.60%
 184  A0A820L598_IPR045860_1_27-77       95.79%    failed      0.04%
 185  A0A9D3S5X7_IPR016054_1_19-113      92.16%    failed      0.04%
 186  A0AAW0MGU5_IPR016054_1_35-92       95.21%    failed      0.27%
 187  A0A6P8SIG0_IPR045860_1_116-202     92.82%    passed     54.48%
 188  A0A8C5QSE3_IPR045860_2_37-123      92.82%    failed      0.00%
 189  A0AAD9JMX5_IPR045860_1_29-114      92.90%    passed     24.70%
 190  A0AAV1Q741_IPR016054_1_29-100      94.06%    passed     21.52%
 191  A0AAW0H6Z6_IPR045860_1_18-90       93.98%    passed     16.52%
 192  A0A182SJ17_IPR045860_1_10-115      91.25%    passed     15.33%
 193  A0A1D1VGW6_IPR031424_1_24-132      91.01%    passed     11.89%
 194  A0A1V9XC70_IPR031424_1_23-117      92.16%    passed     60.44%
 195  A0A3M7SL07_IPR031424_1_3-79        93.65%    passed     54.40%
 196  A0A8S2KJM8_IPR031424_1_23-88       94.55%    passed     82.96%
 197  A0AAD8EMJ0_IPR031424_1_22-136      90.51%    failed      3.75%
 198  B4G719_IPR031424_1_24-125          91.58%    passed     43.30%
 199  E9H2D7_IPR031424_1_24-151          89.44%    failed      1.18%
 200  A0A016U7J7_IPR045860_1_34-87       95.54%    passed     37.92%
 201  A0A0C2NE02_IPR045860_1_3-88        92.90%    passed     55.22%
 202  A0A1S3H0Z1_IPR045860_1_32-107      93.73%    passed     87.26%
 203  A0A1V9XGM2_IPR045860_1_3-66        94.72%    passed     27.87%
 204  A0A1X7VNV6_IPR045860_1_29-136      91.09%    failed      4.77%
 205  A0A260Z1G3_IPR045860_1_32-105      93.89%    passed     50.40%
 206  A0A3N0XLF4_IPR045860_1_22-82       94.97%    failed      3.25%
 207  A0A4U5NZH1_IPR045860_1_19-101      93.15%    passed      8.45%
 208  A0A6A0GZJ4_IPR045860_1_10-60       95.79%    failed      4.72%
 209  A0A814D4D4_IPR045860_1_40-103      94.72%    passed     69.65%
 210  A0A814NNU2_IPR045860_1_23-125      91.50%    passed     37.56%
 211  A0A834R8A3_IPR045860_1_1-102       91.58%    passed     10.36%
 212  A0A8B7DGG4_IPR045860_1_44-134      92.49%    failed      0.59%
 213  A0A8C4LH24_IPR045860_2_26-108      93.15%    passed     59.15%
 214  A0A8X6I8W4_IPR045860_1_77-130      95.54%    passed     16.16%
 215  A0A914IDL7_IPR045860_1_43-105      94.80%    passed     21.33%
 216  A0A974HX00_IPR045860_1_27-118      92.41%    passed     20.84%
 217  A0A9D3PWW3_IPR045860_1_25-139      90.51%    passed     17.25%
 218  A0A9D4B431_IPR045860_1_7-87        93.32%    passed      6.22%
 219  A0A9Q0YFA6_IPR045860_1_37-119      93.15%    passed     25.71%
 220  A0AA35WXI3_IPR045860_1_192-289     91.91%    passed      9.16%
 221  A0AA36H002_IPR045860_1_1-57        95.30%    passed     72.37%
 222  A0AA85K4Y5_IPR045860_1_12-156      88.04%    passed      7.03%
 223  A0AA88M7S9_IPR045860_1_5-74        94.22%    failed      0.00%
 224  A0AAD9P4H3_IPR045860_1_15-76       94.88%    passed     18.13%
 225  A0AAN4ZEY9_IPR045860_1_21-99       93.48%    passed     13.96%
 226  A0AAN5DA64_IPR045860_1_36-130      92.16%    passed     22.37%
 227  A0AAN8LXL3_IPR045860_1_17-69       95.63%    failed      1.38%
 228  A0AAV5TBR6_IPR045860_1_17-112      92.08%    passed     39.25%
 229  H2L9T1_IPR045860_1_21-86           94.55%    failed      4.93%
 230  A0A5F4WGV7_IPR042339_1_1-77        93.65%    passed      6.00%
 231  V8N212_IPR045860_1_1-80            93.40%    passed     54.24%
 232  A0A6P7WSC1_IPR016054_1_21-102      93.23%    passed      7.18%
 233  A0A8C5SB45_IPR045860_1_12-76       94.64%    passed     19.83%
 234  A0ABD3WX20_IPR035076_1_66-132      94.47%    passed     29.85%
 235  A0A835ZW53_IPR038773_1_63-169      91.17%    failed      0.00%
 236  A0A4W2E290_IPR051445_1_1-105       91.34%    passed      6.39%
 237  A0A6A1Q7Y6_IPR051445_1_50-140      92.49%    passed     18.76%
 238  A0A8C8W2C3_IPR051445_1_2-76        93.81%    passed     10.55%
 239  A0A8I6AS65_IPR016054_1_152-209     95.21%    passed     24.65%
 240  A0A974CJ28_IPR045860_2_226-329     91.42%    failed      0.01%
 241  A6J8Z2_IPR016054_1_23-96           93.89%    passed     15.64%
 242  D3ZP75_IPR016054_1_20-106          92.82%    failed      1.20%
 243  R7UJ15_IPR039457_1_7-86            93.40%    failed      0.05%
 244  A0A1D1VLF0_IPR031424_1_28-136      91.01%    passed     28.60%
 245  A0A7R8X7B2_IPR045860_1_59-148      92.57%    failed      1.32%
 246  A0A814REP6_IPR031424_1_35-84       95.87%    passed     76.98%
 247  A0A834IMY6_IPR031424_1_24-126      91.50%    failed      0.37%
 248  A0A8J9Y1Z9_IPR031424_1_58-155      91.91%    failed      0.00%
 249  A0A914BR59_IPR031424_1_24-151      89.44%    failed      1.81%
 250  A0A9C6W8C0_IPR031424_1_24-106      93.15%    passed     20.09%
 251  A0A9D4HCE9_IPR031424_1_22-103      93.23%    passed     38.92%
 252  A0A9N9WWP9_IPR031424_1_24-110      92.82%    passed     38.00%
 253  A0A026WAX7_IPR045860_1_1-51        95.79%    passed     79.40%
 254  A0A336LZR2_IPR045860_1_251-335     92.99%    failed      4.67%
 255  A0A498LWD7_IPR045860_1_252-330     93.48%    failed      0.92%
 256  A0A4U1EKV4_IPR045860_1_2-61        95.05%    passed     21.16%
 257  A0A4U5NZP5_IPR045860_1_19-103      92.99%    passed     11.60%
 258  A0A671VFU8_IPR045860_1_64-113      95.87%    passed      5.88%
 259  A0A6J1LKZ0_IPR045860_1_48-147      91.75%    passed     67.64%
 260  A0A7I8X8P6_IPR045860_1_79-163      92.99%    passed     10.96%
 261  A0A814DLA7_IPR045860_1_23-81       95.13%    passed     46.60%
 262  A0A814JKT5_IPR045860_1_6-71        94.55%    passed      6.08%
 263  A0A8B7DHV2_IPR045860_1_20-110      92.49%    failed      2.59%
 264  A0A8I3PXV6_IPR045860_1_14-68       95.46%    passed     37.89%
 265  A0A8J1LF51_IPR045860_2_290-367     93.56%    passed     18.53%
 266  A0A8J5N960_IPR045860_1_12-76       94.64%    failed      1.09%
 267  A0A8S4N0F6_IPR045860_1_34-143      90.92%    failed      0.41%
 268  A0A8T1SCN7_IPR045860_1_21-98       93.56%    passed     70.95%
 269  A0A8T2IYG0_IPR045860_1_18-88       94.14%    passed     39.38%
 270  A0A8W8LHF3_IPR045860_1_41-141      91.67%    passed     45.83%
 271  A0A9J7LLU2_IPR045860_1_21-102      93.23%    passed     17.60%
 272  A0A9W9YJR1_IPR045860_1_20-117      91.91%    passed     43.07%
 273  A0A9X0D834_IPR045860_1_21-105      92.99%    passed      8.00%
 274  A0AAV4D142_IPR045860_1_32-83       95.71%    passed     19.90%
 275  A0AAV5TCP7_IPR045860_1_13-73       94.97%    passed     20.59%
 276  A0AAW1C869_IPR045860_1_16-82       94.47%    passed     11.26%
 277  A0ABD0PZK3_IPR045860_1_34-90       95.30%    passed     43.03%
 278  D3YUY5_IPR045860_1_21-76           95.38%    passed     40.20%
 279  G5CTL9_IPR045860_1_25-122          91.91%    passed     36.25%
 280  A0A8S3V659_IPR045860_1_136-212     93.65%    passed     29.09%
 281  A0A8V0Y3K6_IPR045860_1_18-91       93.89%    passed     71.44%
 282  A0AAD9QQZ4_IPR045860_1_18-112      92.16%    passed     24.51%
 283  A0AAW0MNB0_IPR045860_1_13-78       94.55%    failed      1.51%
 284  A0AB32TH96_IPR045860_2_11-62       95.71%    passed     24.43%
 285  A0A6I9MEH3_IPR038773_1_19-122      91.58%    passed     20.20%
 286  A0A125S9K5_IPR045860_1_18-108      92.49%    passed     72.27%
 287  A0A151M3Z5_IPR045860_6_222-294     93.98%    passed     72.52%
 288  A0A670IQM8_IPR016054_1_23-101      93.48%    failed      0.52%
 289  A0A6P6EZA3_IPR026524_1_1-387       68.07%    failed      0.00%
 290  A0A8I6ASR0_IPR051445_1_50-228      85.23%    failed      0.00%
 291  A0A8J6BKP1_IPR045860_1_11-96       92.90%    failed      0.24%
 292  A0A9B0WY52_IPR045860_1_22-122      91.67%    passed      9.36%
 293  A0AAF3EF36_IPR016054_1_25-131      91.17%    passed     16.35%
 294  A0AAW0PQM6_IPR045860_1_594-663     94.22%    passed     23.51%
 295  A0AAJ7X4X4_IPR039457_1_17-178      86.63%    failed      0.15%
 296  A0A7E6FPW6_IPR031424_1_22-116      92.16%    passed     24.94%
 297  A0A7J7K0Q0_IPR031424_1_36-106      94.14%    failed      0.08%
 298  A0A816N3I8_IPR031424_1_30-116      92.82%    passed     41.97%
 299  A0A820KXX8_IPR031424_1_21-92       94.06%    passed     11.45%
 300  A0A834J2M1_IPR031424_1_53-131      93.48%    passed      9.02%
 301  A0A9Q0M0P1_IPR031424_1_55-148      92.24%    passed     54.09%
 302  A0AAD8EMX0_IPR031424_1_22-137      90.43%    passed     46.44%
 303  A0AAV2AUC6_IPR031424_1_29-123      92.16%    passed     13.51%
 304  A0AAV8W3Q6_IPR031424_1_26-152      89.52%    passed      8.35%
 305  A0ABD2N2U6_IPR031424_1_24-167      88.12%    failed      0.36%
 306  A0A1W0W9F2_IPR045860_1_295-354     95.05%    passed     35.64%
 307  A0A1X7VRX7_IPR045860_1_130-204     93.81%    passed     35.26%
 308  A0A210QMG5_IPR045860_1_21-111      92.49%    passed      8.25%
 309  A0A267FLT7_IPR045860_1_40-116      93.65%    passed     12.21%
 310  A0A3B5M3Y7_IPR045860_1_54-113      95.05%    passed     34.07%
 311  A0A3M0KDK7_IPR045860_1_1076-1149   93.89%    passed     40.26%
 312  A0A6A4UZH6_IPR045860_1_69-125      95.30%    passed     10.03%
 313  A0A7J6A6K8_IPR045860_1_17-81       94.64%    passed     96.08%
 314  A0A7M7HJH9_IPR045860_1_30-120      92.49%    passed     16.77%
 315  A0A8B6BJV3_IPR045860_1_81-166      92.90%    passed     12.43%
 316  A0A8C6GS09_IPR045860_1_35-121      92.82%    passed     32.72%
 317  A0A8R1I3M6_IPR045860_1_23-72       95.87%    passed     13.64%
 318  A0A974HZ79_IPR045860_1_25-111      92.82%    passed      5.77%
 319  A0A9X0D8A0_IPR045860_1_17-104      92.74%    passed      7.41%
 320  A0AAD9USH5_IPR045860_1_5-103       91.83%    passed     65.72%
 321  A0AAF3FK35_IPR045860_1_8-93        92.90%    failed      0.27%
 322  A0AAV2Q5Q0_IPR045860_1_24-122      91.83%    passed      5.61%
 323  A0AAV6G4K1_IPR045860_2_83-145      94.80%    failed      1.51%
 324  F6ZQF4_IPR045860_1_15-103          92.66%    failed      0.00%
 325  G5CTM1_IPR045860_1_35-128          92.24%    passed     17.84%
 326  K1QMD5_IPR045860_1_5-58            95.54%    passed     17.47%
 327  N6TJ42_IPR045860_1_1-78            93.56%    passed     54.30%
 328  P25677_IPR045860_1_1-56            95.38%    passed     48.61%
 329  Centipede3FTx_0071_60158           93.73%    passed      7.16%
 330  P81946_IPR045860_1_1-59            95.13%    passed     18.99%
 331  A0A6J8CXM1_IPR045860_1_45-149      91.34%    passed     40.07%
 332  A0A6P7WY53_IPR045860_1_164-214     95.79%    passed      7.99%
 333  A0A9L0J0W8_IPR045860_1_28-147      90.10%    failed      0.06%
 334  A0A151PIJ3_IPR016054_1_181-271     92.49%    failed      0.00%
 335  A0A484GSD8_IPR016054_1_27-77       95.79%    passed     19.01%
 336  A0A8B7WI12_IPR051445_1_1-137       88.70%    failed      0.49%
 337  A0A8I6AVK8_IPR016054_1_118-200     93.15%    failed      0.81%
 338  A0A974HDB2_IPR045860_2_48-130      93.15%    passed     21.70%
 339  A0A9N9SCS8_IPR045860_1_19-109      92.49%    passed     32.11%
 340  A0AAD4RAP5_IPR045860_1_16-126      90.84%    passed     46.83%
 341  A0AAV6YYU5_IPR045860_2_112-201     92.57%    passed     29.07%
 342  A0AAV7PZR4_IPR045860_2_114-222     91.01%    passed     27.75%
 343  F6Q0C7_IPR016054_3_33-111          93.48%    failed      1.06%
 344  A0A218UKU1_IPR039457_1_6-72        94.47%    passed      8.17%
 345  A0A7K6EXR5_IPR039457_1_1-91        92.49%    failed      4.75%
 346  A0A7R9P8Q2_IPR039457_1_18-166      87.71%    passed     40.70%
 347  A0A8S1CFF1_IPR039457_1_53-150      91.91%    passed     58.06%
 348  A0A094ZV75_IPR031424_1_24-165      88.28%    passed     34.05%
 349  A0A0L8GXK5_IPR045860_1_17-112      92.08%    passed     31.25%
 350  A0A1Y3AYX1_IPR031424_1_8-70        94.80%    passed     13.19%
 351  A0A5K3FB28_IPR031424_1_38-146      91.01%    passed     20.12%
 352  A0A834XXW6_IPR045860_1_25-117      92.33%    failed      3.34%
 353  A0A8I6RRD0_IPR031424_1_24-112      92.66%    passed     13.01%
 354  A0A8J2HNT4_IPR031424_1_6-91        92.90%    passed      7.72%
 355  A0A8K0GPW3_IPR045860_1_20-142      89.85%    passed     47.41%
 356  A0A8W8K4J3_IPR031424_1_23-111      92.66%    passed     83.90%
 357  A0A914WZU6_IPR031424_1_27-149      89.85%    passed     94.28%
 358  A0A9C6XCY0_IPR031424_1_32-81       95.87%    passed     88.04%
 359  A0AAD8EN74_IPR031424_1_25-127      91.50%    passed      9.12%
 360  A0A0N5BF53_IPR045860_1_5-59        95.46%    passed     45.31%
 361  A0A0V0UBI1_IPR045860_1_1-58        95.21%    passed     96.31%
 362  A0A1I7TRJ6_IPR045860_1_37-95       95.13%    passed     79.82%
 363  A0A1I7YII5_IPR045860_1_29-124      92.08%    passed     71.28%
 364  A0A3P8PM98_IPR045860_1_30-81       95.71%    failed      1.44%
 365  A0A674NC48_IPR045860_1_26-86       94.97%    failed      0.13%
 366  A0A6F9ACW7_IPR045860_1_3-82        93.40%    failed      0.15%
 367  A0A6G1S6S7_IPR045860_1_3-110       91.09%    failed      3.07%
 368  A0A6J0DST4_IPR045860_1_34-106      93.98%    passed     67.49%
 369  A0A7M4DZ02_IPR045860_1_32-95       94.72%    passed     75.96%
 370  A0A7R9KQA6_IPR045860_1_1-104       91.42%    passed     73.86%
 371  A0A814EJY6_IPR045860_1_192-247     95.38%    passed     11.90%
 372  A0A814PF60_IPR045860_1_15-104      92.57%    failed      0.08%
 373  A0A8B6ERY4_IPR045860_1_19-100      93.23%    passed     32.49%
 374  A0A8B7DRJ4_IPR045860_1_22-104      93.15%    passed     11.58%
 375  A0A8B8EZV4_IPR045860_1_33-141      91.01%    passed     46.18%
 376  A0A8C4WMJ5_IPR045860_1_21-113      92.33%    passed     41.16%
 377  A0A8C5CHJ5_IPR045860_1_38-115      93.56%    failed      0.40%
 378  A0A8D9BNI4_IPR045860_1_20-113      92.24%    passed      7.87%
 379  A0A8J2WEI1_IPR045860_1_25-109      92.99%    failed      0.34%
 380  A0A8R2D7F4_IPR045860_1_17-111      92.16%    passed     32.17%
 381  A0A9Y3S0M1_IPR045860_1_307-377     94.14%    failed      0.06%
 382  A0AA39HM97_IPR045860_1_20-105      92.90%    passed     95.09%
 383  A0AA39M7A2_IPR045860_1_134-204     94.14%    passed     35.71%
 384  A0AAN4ZHP0_IPR045860_1_23-95       93.98%    passed     25.27%
 385  A0AAV2QD99_IPR045860_1_46-100      95.46%    failed      2.54%
 386  A0AAV4DMW8_IPR045860_1_26-88       94.80%    passed     13.64%
 387  A0AAV5TF97_IPR045860_1_2-72        94.14%    passed     49.48%
 388  A0ABD3WS81_IPR045860_1_27-79       95.63%    passed     40.43%
 389  G5CTM2_IPR045860_1_23-116          92.24%    passed     38.18%
 390  Centipede3FTx_0008_61981           88.20%    failed      3.73%
 391  Centipede3FTx_0040_60158           91.83%    passed      8.09%
 392  Centipede3FTx_0072_61981           90.43%    failed      4.50%
 393  Q2VBN1_IPR045860_1_14-85           94.06%    passed     20.33%
 394  V8N440_IPR003571_1_1-84            93.07%    passed     31.93%
 395  A0A401RYL5_IPR016054_1_20-108      92.66%    passed     37.13%
 396  A0A6P7WY53_IPR045860_2_20-94       93.81%    failed      0.33%
 397  A0A8B6HFD7_IPR016054_2_206-301     92.08%    passed     77.80%
 398  A0A8C3TZZ5_IPR045860_1_29-94       94.55%    passed     92.56%
 399  A0A914SCK2_IPR045860_1_15-108      92.24%    passed     15.32%
 400  A0A8C7AE63_IPR045860_2_121-207     92.82%    failed      0.19%
 401  A0A9D3PHI6_IPR045860_1_19-108      92.57%    failed      1.75%
 402  A0A9Q0X862_IPR045860_3_250-332     93.15%    passed     79.64%
 403  A0AA35PAI4_IPR045860_1_60-147      92.74%    passed     38.10%
 404  H9G8X6_IPR045860_2_210-286         93.65%    passed     12.19%
 405  P0DQX3_IPR045860_2_95-157          94.80%    passed     50.08%
 406  A0A0K0E8P7_IPR031424_1_39-119      93.32%    passed     28.28%
 407  A0A0T6B2U3_IPR031424_1_21-134      90.59%    passed     62.16%
 408  A0A6A0GXP2_IPR031424_1_7-107       91.67%    passed     59.81%
 409  A0A8W8K6C2_IPR031424_1_1-67        94.47%    passed     22.28%
 410  A0A914E4N2_IPR031424_1_2-122       90.02%    passed     12.30%
 411  A0AAW1URC3_IPR045860_1_18-105      92.74%    passed     12.89%
 412  A0A8C9J9W8_IPR051445_1_3-71        94.31%    failed      0.66%
 413  A0A0C9Q3W5_IPR045860_1_27-110      93.07%    passed     58.34%
 414  A0A0V0XGJ1_IPR045860_1_23-115      92.33%    passed     51.93%
 415  A0A182NM64_IPR045860_1_59-148      92.57%    failed      0.08%
 416  A0A2H1W8S6_IPR045860_1_2-65        94.72%    passed     33.12%
 417  A0A4Z2ITI9_IPR045860_1_71-144      93.89%    passed     21.80%
 418  A0A5A9PIR8_IPR045860_1_115-167     95.63%    passed     73.71%
 419  A0A653BZP5_IPR045860_1_25-99       93.81%    passed     20.78%
 420  A0A7R9BN16_IPR045860_1_18-91       93.89%    passed     52.07%
 421  A0A814PKZ4_IPR045860_1_10-63       95.54%    passed     74.67%
 422  A0A8B7DVU4_IPR045860_1_25-125      91.67%    passed     70.36%
 423  A0A8C6V709_IPR045860_1_6-88        93.15%    failed      0.19%
 424  A0A8R1I7U2_IPR045860_1_78-184      91.17%    passed     10.42%
 425  A0A8S1FAB1_IPR045860_1_32-129      91.91%    passed     93.18%
 426  A0A8S4N9T5_IPR045860_1_233-310     93.56%    passed     60.36%
 427  A0A8T2ND24_IPR045860_1_11-87       93.65%    failed      0.06%
 428  A0A915IBA4_IPR045860_1_15-123      91.01%    passed     14.01%
 429  A0A9Y3S0P4_IPR045860_1_45-132      92.74%    failed      0.62%
 430  A0AA36H4S5_IPR045860_1_16-90       93.81%    passed     28.33%
 431  A0AA85K7K8_IPR045860_1_42-119      93.56%    passed     16.63%
 432  A0AAJ7SUB0_IPR045860_1_115-209     92.16%    failed      1.45%
 433  A0AAN4ZP78_IPR045860_1_42-102      94.97%    passed      9.61%
 434  A0AAN8R2E2_IPR045860_1_20-76       95.30%    failed      2.57%
 435  A0ABD3WX44_IPR045860_1_9-65        95.30%    failed      2.68%
 436  A1BX79_IPR045860_1_1-83            93.15%    passed     47.14%
 437  F5CPE3_IPR045860_1_21-74           95.54%    failed      3.99%
 438  H2XNG7_IPR045860_1_15-107          92.33%    failed      1.15%
 439  Q4RE84_IPR045860_1_1-95            92.16%    passed     44.16%
 440  T1EUB6_IPR045860_1_52-116          94.64%    failed      0.00%
 441  Centipede3FTx_0073_61981           87.46%    failed      0.06%
 442  Centipede3FTx_0137_984703          90.92%    passed     42.28%
 443  A0A3M7P5S9_IPR045860_1_24-76       95.63%    passed     10.14%
 444  A0A821GXM4_IPR035076_1_5-65        94.97%    passed      5.50%
 445  A0A915EI99_IPR035076_1_63-120      95.21%    failed      3.56%
 446  A0A8C0LSP2_IPR016054_2_116-200     92.99%    failed      3.56%
 447  A0A8C5PIA8_IPR045860_2_118-180     94.80%    passed     14.46%
 448  A0A8T1RWM6_IPR045860_2_38-138      91.67%    failed      0.49%
 449  A0A8V5GXQ5_IPR045860_1_17-104      92.74%    passed      6.84%
 450  A0AA35QQ05_IPR045860_2_11-97       92.82%    passed     29.49%
 451  A0AA41SX92_IPR016054_5_304-383     93.40%    passed     24.31%
 452  A0A6P5AVG0_IPR039457_1_6-170       86.39%    passed     39.83%
 453  A0A8S1DAU7_IPR039457_1_17-146      89.27%    passed      8.89%
 454  A0A1D1VPY8_IPR031424_1_23-155      89.03%    failed      0.18%
 455  A0A3P6SP30_IPR045860_1_16-117      91.58%    failed      3.10%
 456  A0A6G0TK47_IPR031424_2_131-183     95.63%    passed     42.87%
 457  A0A6J2T4X2_IPR031424_1_20-104      92.99%    failed      4.43%
 458  A0A8B7Y2P5_IPR045860_1_18-113      92.08%    failed      0.00%
 459  A0A8B8F9V4_IPR031424_1_29-79       95.79%    passed     63.56%
 460  A0A8J2J8C2_IPR031424_1_34-125      92.41%    passed     19.15%
 461  A0A9X6NDI1_IPR031424_2_139-238     91.75%    passed     10.51%
 462  A0AAV8WFF7_IPR031424_1_25-136      90.76%    failed      3.21%
 463  A0A026WXJ4_IPR045860_1_1-62        94.88%    passed     91.18%
 464  A0A0L8FP07_IPR045860_1_1-84        93.07%    passed     48.82%
 465  A0A2G5SEQ4_IPR045860_1_27-106      93.40%    passed     79.22%
 466  A0A2I4AR90_IPR045860_1_16-83       94.47%    passed     45.18%
 467  A0A443SL88_IPR045860_1_4-105       91.58%    failed      0.84%
 468  A0A4U5LUR5_IPR045860_1_72-154      93.15%    passed     10.02%
 469  A0A6I9WVB5_IPR045860_1_22-100      93.48%    failed      2.12%
 470  A0A7J5XAJ6_IPR045860_1_23-97       93.81%    passed     59.11%
 471  A0A7M5WWS9_IPR045860_1_13-112      91.75%    passed     89.06%
 472  A0A7R9BZU8_IPR045860_1_6-120       90.51%    passed     25.17%
 473  A0A813QV19_IPR045860_1_43-97       95.46%    passed     17.30%
 474  A0A814ET11_IPR045860_1_41-100      95.05%    passed     28.16%
 475  A0A816AGA0_IPR045860_1_5-119       90.51%    failed      0.08%
 476  A0A816MZY2_IPR045860_1_5-95        92.49%    passed     38.85%
 477  A0A818AUG9_IPR045860_1_44-109      94.55%    passed      7.74%
 478  A0A8B8DLP4_IPR045860_1_57-131      93.81%    passed     25.91%
 479  A0A8C2ZCX5_IPR045860_1_19-91       93.98%    passed     66.50%
 480  A0A8C6LK83_IPR045860_1_27-121      92.16%    passed     63.13%
 481  A0A8C6VN86_IPR045860_1_114-200     92.82%    passed     10.91%
 482  A0A8T2JDC4_IPR045860_1_2-69        94.39%    passed     30.72%
 483  A0A913X4E7_IPR045860_1_20-110      92.49%    passed     11.67%
 484  A0A914EB87_IPR045860_1_16-93       93.56%    failed      4.88%
 485  A0A914LEF1_IPR045860_1_1-77        93.65%    passed      6.75%
 486  A0A914RYS8_IPR045860_1_15-108      92.24%    passed     49.91%
 487  A0A914VDT4_IPR045860_1_18-93       93.73%    passed     12.21%
 488  A0A922HS44_IPR045860_1_16-145      89.27%    passed     56.27%
 489  A0A9D4BW54_IPR045860_1_25-114      92.57%    passed     22.98%
 490  A0A9J6FD86_IPR045860_1_2-55        95.54%    passed     89.81%
 491  A0A9N9RXC6_IPR045860_1_55-149      92.16%    passed     13.64%
 492  A0A9P0J1I0_IPR045860_1_18-73       95.38%    passed     32.92%
 493  A0A9P1HD09_IPR045860_1_6-91        92.90%    failed      2.25%
 494  A0AAE0SFZ8_IPR045860_1_33-155      89.85%    passed     87.97%
 495  A0AAV5TMI4_IPR045860_1_11-114      91.42%    failed      2.53%
 496  A0AAV5W0D6_IPR045860_1_69-122      95.54%    passed     56.31%
 497  G0PFB6_IPR045860_1_18-98           93.32%    passed     47.44%
 498  A0A452UEK3_IPR026110_1_23-77       95.46%    failed      2.27%
 499  A0A818R344_IPR045860_1_32-104      93.98%    passed      6.42%
 500  A0A9Q1E5X7_IPR016054_1_18-93       93.73%    passed      6.20%
 501  A0A9W2ZRV3_IPR045860_1_32-114      93.15%    passed     26.02%
 502  A0AAD4YB02_IPR045860_2_49-104      95.38%    passed     18.89%
 503  W5MCJ5_IPR016054_1_20-106          92.82%    failed      0.00%
 504  A0A6F9CLJ2_IPR045860_3_137-200     94.72%    failed      2.45%
 505  A0AA97KH13_IPR045860_2_20-107      92.74%    passed     35.37%
 506  A0AAV2KTW0_IPR045860_1_114-182     94.31%    failed      0.00%
 507  A0AAV7Q087_IPR045860_1_109-190     93.23%    passed     61.34%
 508  A0ABD2NUY2_IPR045860_1_18-107      92.57%    passed     26.21%
 509  U3KML4_IPR045860_1_43-125          93.15%    passed     14.44%
 510  A0A0L8IDX6_IPR031424_1_6-77        94.06%    passed     72.13%
 511  A0A1B6LMI2_IPR031424_1_21-99       93.48%    passed     50.54%
 512  A0A1D1VSS4_IPR045860_1_22-105      93.07%    failed      4.87%
 513  A0A1I8PHK9_IPR031424_1_26-129      91.42%    passed     20.23%
 514  A0A6P7FF79_IPR031424_1_26-143      90.26%    failed      4.57%
 515  A0A7F5RC65_IPR031424_1_31-168      88.61%    passed      5.88%
 516  A0A813QWV5_IPR031424_1_56-156      91.67%    passed      5.13%
 517  A0A8D8YPC7_IPR031424_1_26-155      89.27%    passed     62.32%
 518  A0AAR5QJX6_IPR031424_1_24-175      87.46%    passed     26.31%
 519  A0ABD2N5Z7_IPR031424_1_25-145      90.02%    failed      1.99%
 520  A0A026WXM5_IPR045860_1_4-58        95.46%    passed     37.07%
 521  A0A195D3E7_IPR045860_1_5-73        94.31%    passed     72.99%
 522  A0A1L8G0F6_IPR045860_1_57-160      91.42%    failed      4.26%
 523  A0A1W0WQR3_IPR045860_1_88-180      92.33%    passed     38.77%
 524  A0A3B5MH29_IPR045860_1_152-222     94.14%    passed     18.22%
 525  A0A401P202_IPR045860_1_22-78       95.30%    passed     13.21%
 526  A0A443SPP0_IPR045860_1_6-84        93.48%    passed     36.85%
 527  A0A454XV36_IPR045860_1_21-94       93.89%    passed     16.05%
 528  A0A4U5LUZ3_IPR045860_1_15-114      91.75%    passed     11.26%
 529  A0A7R9LSG3_IPR045860_1_1-51        95.79%    passed     20.37%
 530  A0A7T8QUM6_IPR045860_1_3-92        92.57%    passed     10.39%
 531  A0A814Q5U4_IPR045860_1_24-92       94.31%    passed     19.78%
 532  A0A914RZA8_IPR045860_1_78-139      94.88%    passed      8.41%
 533  A0A915J3H9_IPR045860_1_226-306     93.32%    passed     10.01%
 534  A0A977PF39_IPR045860_1_22-126      91.34%    passed     13.10%
 535  A0A9P1N1W3_IPR045860_1_11-103      92.33%    passed     88.32%
 536  A0A9Q1I8V0_IPR045860_1_1-66        94.55%    passed     40.59%
 537  A0AA36H857_IPR045860_1_24-95       94.06%    failed      1.44%
 538  A0AA97J5B9_IPR045860_1_19-95       93.65%    passed      8.39%
 539  A0AAV2KZH7_IPR045860_1_20-82       94.80%    passed      6.59%
 540  A0AAV6ZUP7_IPR045860_1_20-81       94.88%    passed     17.62%
 541  A6MIV6_IPR045860_1_17-70           95.54%    passed     40.46%
 542  E3NNI7_IPR045860_1_39-105          94.47%    passed     39.42%
 543  G9D4E4_IPR045860_1_78-167          92.57%    passed     53.00%
 544  Q5C099_IPR045860_1_35-109          93.81%    passed     41.82%
 545  T1F491_IPR045860_1_11-97           92.82%    failed      1.96%
 546  U4UN32_IPR045860_1_66-134          94.31%    passed     23.98%
 547  Centipede3FTx_0011_61981           89.77%    passed     46.68%
 548  Centipede3FTx_0075_61981           92.74%    passed      5.77%
 549  A0A315W4P7_IPR045860_1_1-60        95.05%    passed     67.06%
 550  A0A091GPN7_IPR045860_2_95-146      95.71%    passed     67.35%
 551  G3TYI9_IPR016054_2_164-219         95.38%    passed      6.62%
 552  M7C222_IPR045860_3_8-70            94.80%    passed      9.92%
 553  A0A8T1S5D0_IPR026524_1_5-155       87.54%    failed      0.01%
 554  G3IJA7_IPR039457_1_2-85            93.07%    passed     30.77%
 555  A0A1D1VU07_IPR031424_1_29-119      92.49%    passed     61.99%
 556  A0A1S3KC57_IPR031424_1_20-112      92.33%    failed      3.60%
 557  A0A6A4II55_IPR031424_1_22-134      90.68%    failed      4.06%
 558  A0A6L2PLK9_IPR031424_1_31-84       95.54%    passed     96.59%
 559  A0A8J5UUP8_IPR031424_1_24-113      92.57%    passed     76.54%
 560  A0A9P1HMJ8_IPR031424_1_22-124      91.50%    passed     73.47%
 561  A0AAE9DKX9_IPR031424_1_24-108      92.99%    passed     51.64%
 562  A0AAV2Q359_IPR031424_1_4-107       91.42%    passed     28.22%
 563  N6U7S0_IPR031424_1_20-121          91.58%    failed      0.42%
 564  A0A0E3KK09_IPR045860_1_18-72       95.46%    passed     58.22%
 565  A0A2A6D034_IPR045860_1_57-149      92.33%    passed     92.92%
 566  A0A2K5H6W3_IPR045860_1_25-85       94.97%    passed     79.71%
 567  A0A485N7F4_IPR045860_1_1-79        93.48%    passed     31.15%
 568  A0A672HY15_IPR045860_1_43-105      94.80%    passed     61.34%
 569  A0A6P5A1G0_IPR045860_1_69-125      95.30%    passed     18.70%
 570  A0A7M5X584_IPR045860_1_21-86       94.55%    passed     47.40%
 571  A0A834Y7F0_IPR045860_1_31-132      91.58%    failed      0.47%
 572  A0A8J6AP99_IPR045860_1_159-208     95.87%    failed      2.78%
 573  A0A8M1FMM8_IPR045860_1_11-65       95.46%    passed     26.43%
 574  A0A8S3T3W9_IPR045860_1_33-92       95.05%    passed     81.79%
 575  A0A914ITD3_IPR045860_1_469-533     94.64%    passed     37.68%
 576  A0A915AQ63_IPR045860_1_14-95       93.23%    failed      1.77%
 577  A0A922HWM7_IPR045860_1_189-258     94.22%    passed     64.05%
 578  A0A9J6FJA2_IPR045860_2_260-335     93.73%    passed     30.27%
 579  A0A9P1HH40_IPR045860_1_23-110      92.74%    passed     20.11%
 580  A0AA35KPM3_IPR045860_1_104-193     92.57%    failed      4.94%
 581  A0AA36HBF4_IPR045860_1_43-111      94.31%    passed     20.46%
 582  A0AA39I7H4_IPR045860_1_20-82       94.80%    passed     11.24%
 583  A0AAU9W6W5_IPR045860_1_22-108      92.82%    failed      4.12%
 584  A0AAV7HWB9_IPR045860_3_118-180     94.80%    passed     61.73%
 585  A0AAW0MFM6_IPR045860_1_5-54        95.87%    passed     24.56%
 586  E2AU71_IPR045860_1_231-289         95.13%    passed     55.04%
 587  E4WSQ4_IPR045860_1_2-118           90.35%    passed     10.08%
 588  J7H3I1_IPR045860_1_35-132          91.91%    passed     79.37%
 589  Centipede3FTx_0012_984703          92.08%    failed      1.03%
 590  Centipede3FTx_0140_1255758         86.63%    passed      6.38%
 591  A0A8J9Z921_IPR045860_2_11-93       93.15%    failed      0.42%
 592  A0A8C9JP44_IPR045860_1_32-84       95.63%    passed     76.02%
 593  A0AA39MC99_IPR045860_1_12-92       93.32%    passed     19.91%
 594  A0AAN8BWB3_IPR045860_1_17-72       95.38%    passed     37.54%
 595  A0A2K6FUC7_IPR016054_1_130-181     95.71%    passed      8.24%
 596  A0A7J8BAY1_IPR051445_1_45-121      93.65%    passed      5.70%
 597  A0A803T097_IPR045860_2_113-189     93.65%    passed     29.53%
 598  A0A8C6G4T4_IPR016054_2_12-92       93.32%    passed      8.60%
 599  A0A8C8ZD79_IPR045860_3_211-280     94.22%    passed     14.10%
 600  A0AAV7MS16_IPR016054_1_19-100      93.23%    failed      0.44%
 601  G1U647_IPR026524_1_4-124           90.02%    failed      0.00%
 602  A0A068WMH4_IPR045860_1_37-139      91.50%    passed     80.37%
 603  A0A0T6B6S3_IPR031424_1_22-133      90.76%    passed     72.17%
 604  A0A183MZ51_IPR031424_1_26-124      91.83%    passed     22.39%
 605  A0A1Y1LGN0_IPR045860_1_34-109      93.73%    passed     10.54%
 606  A0A7F5RM31_IPR045860_1_17-109      92.33%    passed     23.96%
 607  A0A7J7K6D5_IPR031424_1_121-210     92.57%    passed     13.17%
 608  A0A9N9TL37_IPR031424_1_20-93       93.89%    passed     97.13%
 609  A0A9P0CKC3_IPR031424_1_24-121      91.91%    passed     10.19%
 610  A0AAE9ECB9_IPR031424_1_30-169      88.45%    passed      5.07%
 611  A0AAW1UZC9_IPR031424_1_19-128      90.92%    passed     33.42%
 612  V4AFQ7_IPR031424_1_44-125          93.23%    passed     59.09%
 613  A0A9W2X6I2_IPR051445_1_47-112      94.55%    passed      5.69%
 614  A0A067RRM3_IPR045860_1_1-78        93.56%    passed     25.91%
 615  A0A0N5BVY0_IPR045860_1_32-99       94.39%    passed     51.31%
 616  A0A1S3IMF4_IPR045860_1_21-96       93.73%    failed      0.08%
 617  A0A267G212_IPR045860_1_35-111      93.65%    failed      0.02%
 618  A0A2I5KCC1_IPR045860_1_22-131      90.92%    passed      5.32%
 619  A0A2P1DVD9_IPR045860_1_24-125      91.58%    passed     28.82%
 620  A0A3N0YL70_IPR045860_1_20-97       93.56%    passed     48.67%
 621  A0A401PND9_IPR045860_1_24-95       94.06%    passed     15.64%
 622  A0A4U5PGP9_IPR045860_1_12-88       93.65%    passed     10.17%
 623  A0A553NEH9_IPR045860_1_44-126      93.15%    passed     14.62%
 624  A0A5F4WEP0_IPR045860_1_159-273     90.51%    failed      4.29%
 625  A0A672L629_IPR045860_1_11-92       93.23%    passed     12.76%
 626  A0A6J8DGY3_IPR045860_1_75-168      92.24%    passed     24.26%
 627  A0A7L3V3L4_IPR045860_1_100-208     91.01%    failed      0.00%
 628  A0A8C5PT57_IPR045860_1_33-104      94.06%    passed      5.84%
 629  A0A8F8ASX3_IPR045860_1_58-126      94.31%    passed     40.49%
 630  A0A8T0BCI2_IPR045860_1_1-59        95.13%    passed     17.55%
 631  A0A915KCD7_IPR045860_1_23-123      91.67%    passed     32.38%
 632  A0A9F3W1W6_IPR045860_1_17-97       93.32%    passed     13.49%
 633  A0A9Q1AX85_IPR045860_1_8-68        94.97%    passed     33.65%
 634  A0A9X0A5Y2_IPR045860_1_18-78       94.97%    failed      2.43%
 635  A0AAD3R410_IPR045860_2_83-145      94.80%    failed      3.25%
 636  A0AAF3J618_IPR045860_1_16-105      92.57%    passed     59.62%
 637  J9ABH8_IPR045860_1_2-67            94.55%    failed      1.84%
 638  L8IZU0_IPR045860_1_26-80           95.46%    passed     36.71%
 639  T1FB38_IPR045860_1_12-101          92.57%    failed      0.79%
 640  W8AZ14_IPR045860_1_27-99           93.98%    passed     32.39%
 641  Centipede3FTx_0045_60158           88.70%    failed      2.65%
 642  Centipede3FTx_0077_61981           89.93%    failed      2.43%
 643  A0A098LYH6_IPR045860_1_13-92       93.40%    passed     15.19%
 644  A0A3B1ISK3_IPR016054_1_43-132      92.57%    failed      1.01%
 645  A0A3M7Q1X2_IPR045860_1_22-121      91.75%    failed      0.14%
 646  A0A8B6CMS2_IPR035076_1_23-72       95.87%    passed     18.03%
 647  A0A8D0BLR1_IPR045860_1_18-75       95.21%    passed     17.82%
 648  A0AAV7V326_IPR045860_1_16-126      90.84%    failed      0.00%
 649  G7PD21_IPR045860_1_47-101          95.46%    passed     24.55%
 650  A0A674J103_IPR045860_2_119-171     95.63%    passed     23.55%
 651  A0A7J8BB03_IPR051445_1_24-122      91.83%    failed      2.54%
 652  A0A8T1RYG7_IPR045860_2_119-196     93.56%    failed      1.47%
 653  A0AA97KDG8_IPR045860_1_76-156      93.32%    passed     24.29%
 654  A0AA97LL31_IPR045860_3_107-193     92.82%    failed      4.28%
 655  A0AAD1SXJ9_IPR045860_1_2-75        93.89%    passed     10.48%
 656  A0AAV7Q0A2_IPR045860_2_111-215     91.34%    passed     20.62%
 657  A0AAW1AWV1_IPR045860_6_1-70        94.22%    passed     31.92%
 658  A0AAN8G8R9_IPR039457_1_5-162       86.96%    failed      0.51%
 659  A0A8J6H8Z6_IPR031424_1_441-544     91.42%    passed     20.90%
 660  A0A9P0NU81_IPR031424_1_23-142      90.10%    passed      5.22%
 661  A0A9X6NF42_IPR031424_1_21-112      92.41%    failed      4.33%
 662  A0A0B2V4Y2_IPR045860_1_13-87       93.81%    passed     43.82%
 663  A0A0K0CWW9_IPR045860_1_1-51        95.79%    passed     52.25%
 664  A0A0N4XE99_IPR045860_1_18-91       93.89%    passed     13.70%
 665  A0A0R3PZF4_IPR045860_1_3-88        92.90%    passed      6.03%
 666  A0A0S7EPF1_IPR045860_1_52-146      92.16%    passed     64.81%
 667  A0A212CDR5_IPR045860_1_10-59       95.87%    passed     29.84%
 668  A0A261CIU9_IPR045860_1_35-107      93.98%    passed     12.49%
 669  A0A369RZI8_IPR045860_1_33-142      90.92%    passed     13.62%
 670  A0A3M6UU69_IPR045860_1_18-113      92.08%    passed      5.70%
 671  A0A3Q0IVC8_IPR045860_1_107-162     95.38%    passed     33.47%
 672  A0A4U5PGR9_IPR045860_1_10-93       93.07%    passed     19.36%
 673  A0A672L668_IPR045860_1_26-94       94.31%    passed     12.95%
 674  A0A6P7XFG3_IPR045860_1_18-96       93.48%    failed      3.29%
 675  A0A6P8F3Q9_IPR045860_1_19-116      91.91%    passed     80.24%
 676  A0A7J7J989_IPR045860_1_4-78        93.81%    passed     57.91%
 677  A0A8C3GTR2_IPR045860_1_48-144      92.00%    failed      0.34%
 678  A0A8D2L5T3_IPR045860_1_24-97       93.89%    passed     68.98%
 679  A0A8K0KJU9_IPR045860_1_171-225     95.46%    failed      3.75%
 680  A0A914VXE6_IPR045860_1_26-103      93.56%    passed      8.91%
 681  A0A9W9YVV7_IPR045860_1_17-120      91.42%    failed      1.45%
 682  A0AA36GN51_IPR045860_1_69-160      92.41%    passed     44.68%
 683  A0AAN5C818_IPR045860_1_20-96       93.65%    failed      3.28%
 684  A0AAN5I4M8_IPR045860_1_14-85       94.06%    passed     27.78%
 685  A0AAV3A1S2_IPR045860_1_26-103      93.56%    passed     49.19%
 686  A0ABD0SGT6_IPR045860_1_31-106      93.73%    failed      2.06%
 687  A0ABD2K7U0_IPR045860_1_59-155      92.00%    passed     72.95%
 688  D1ZZN3_IPR045860_1_25-95           94.14%    failed      0.02%
 689  Q91595_IPR045860_1_26-105          93.40%    passed     19.81%
 690  S4RP23_IPR045860_1_1-76            93.73%    passed     70.92%
 691  W8B4V7_IPR045860_1_35-84           95.87%    passed     34.75%
 692  A0AAV7V3C6_IPR045860_1_12-88       93.65%    failed      0.02%
 693  A0A9J7HAX0_IPR038773_1_34-166      89.27%    passed     10.94%
 694  A0A0B2W4U8_IPR016054_1_131-222     92.41%    passed      5.06%
 695  A0A151MW29_IPR045860_3_115-198     93.07%    failed      2.42%
 696  A0A212DDM8_IPR016054_2_5-77        93.98%    passed     16.05%
 697  A0A2J8IXP7_IPR016054_2_89-153      94.64%    passed      5.95%
 698  A0A8B6F514_IPR045860_1_60-144      92.99%    failed      0.03%
 699  A0A9Q1E5R8_IPR045860_2_20-79       95.05%    failed      4.15%
 700  A0AA35KNY3_IPR016054_2_22-112      92.49%    passed     21.41%
 701  A0AA35PCS3_IPR016054_2_396-445     95.87%    passed     92.26%
 702  A0AAW1AWW4_IPR045860_1_9-61        95.63%    passed     59.97%
 703  W5LVP5_IPR045860_1_3-53            95.79%    passed      9.72%
 704  A0A2U9AV81_IPR039457_1_3-54        95.71%    failed      2.73%
 705  A0A0N5CCS6_IPR031424_1_67-161      92.16%    passed     43.32%
 706  A0A7J7K703_IPR031424_1_20-92       93.98%    passed      9.00%
 707  A0A8B7YKX8_IPR031424_1_21-134      90.59%    failed      4.69%
 708  A0A8J6HAG2_IPR031424_1_268-342     93.81%    passed     20.38%
 709  A0AAJ6VZY4_IPR031424_1_28-113      92.90%    passed     42.24%
 710  A0ABD0SQC7_IPR031424_1_5-76        94.06%    passed     64.84%
 711  A0A068X2C6_IPR045860_1_1-74        93.89%    passed     58.13%
 712  A0A0B2V788_IPR045860_1_40-119      93.40%    passed     47.94%
 713  A0A139WKZ1_IPR045860_1_19-105      92.82%    passed     17.95%
 714  A0A1I7Z4P0_IPR045860_1_20-117      91.91%    passed     77.98%
 715  A0A1J1IMZ0_IPR045860_1_172-248     93.65%    failed      0.37%
 716  A0A4D9DQ93_IPR045860_1_5-88        93.07%    passed     39.52%
 717  A0A4U5M1C9_IPR045860_1_13-93       93.32%    passed     49.82%
 718  A0A5F9DD18_IPR045860_2_120-204     92.99%    failed      0.28%
 719  A0A673CMW7_IPR045860_1_1-62        94.88%    passed     90.37%
 720  A0A6I8Q673_IPR045860_1_22-78       95.30%    failed      0.05%
 721  A0A6J2WKY8_IPR045860_2_1-78        93.56%    passed      9.35%
 722  A0A6P8J5F2_IPR045860_1_29-134      91.34%    passed      9.58%
 723  A0A6P8NVL9_IPR045860_1_19-99       93.32%    failed      0.03%
 724  A0A6P8R0I9_IPR045860_1_21-122      91.58%    passed     33.63%
 725  A0A7J7K4I5_IPR045860_1_100-196     92.00%    passed     87.45%
 726  A0A7M5X657_IPR045860_1_43-96       95.54%    failed      3.14%
 727  A0A815RKE6_IPR045860_1_585-644     95.05%    passed     25.60%
 728  A0A817TEU8_IPR045860_1_40-101      94.88%    failed      1.52%
 729  A0A8B7PBL7_IPR045860_1_71-178      91.09%    failed      0.02%
 730  A0A8C4SSB6_IPR045860_1_19-84       94.55%    passed      7.39%
 731  A0A8S1GQN7_IPR045860_1_21-103      93.15%    failed      4.68%
 732  A0A9W9YWP2_IPR045860_1_22-108      92.82%    passed     10.37%
 733  A0AAF3JBN4_IPR045860_1_9-84        93.73%    failed      0.63%
 734  A0AAV6GIL3_IPR045860_1_31-81       95.79%    passed      9.11%
 735  E2B602_IPR045860_1_38-100          94.80%    passed     14.05%
 736  Q0GAB5_IPR045860_1_20-85           94.55%    passed     49.63%
 737  Centipede3FTx_0015_1255758         87.38%    passed     17.52%
 738  Centipede3FTx_0047_60158           92.74%    passed     70.88%
 739  Centipede3FTx_0111_984703          90.26%    passed     26.92%
 740  A0A2I0TLL8_IPR045860_1_6-59        95.54%    passed     15.02%
 741  A0A3P9MIP7_IPR045860_2_3-66        94.72%    passed     45.40%
 742  A0A7S1U4Z0_IPR045860_1_8-90        93.15%    failed      0.32%
 743  A0A818WR27_IPR045860_1_9-78        94.22%    failed      0.47%
 744  A0AAN8FGD8_IPR045860_1_6-82        93.65%    passed     24.21%
 745  A0AAV7V3D2_IPR045860_1_18-71       95.54%    passed     28.52%
 746  A0A3Q4BL76_IPR045860_2_19-87       94.31%    passed      7.49%
 747  A0A674J133_IPR045860_2_202-284     93.15%    failed      1.97%
 748  A0A6B0S3L6_IPR045860_2_202-274     93.98%    passed     11.30%
 749  A0A7J7JX39_IPR045860_1_15-109      92.16%    passed      5.13%
 750  A0A9D4B4C9_IPR045860_1_28-84       95.30%    passed     79.02%
 751  A0A9Q0YG57_IPR016054_1_228-322     92.16%    passed      7.51%
 752  A0A9X9LR61_IPR051445_1_18-78       94.97%    passed      8.08%
 753  A0AA35KNY3_IPR045860_3_234-311     93.56%    failed      3.53%
 754  A0AAV7PWP4_IPR045860_2_114-166     95.63%    passed     38.59%
 755  A0A1L6ZA22_IPR026524_1_1-54        95.54%    failed      4.86%
 756  A0A8C6VKX5_IPR026524_1_26-317      75.91%    passed     10.46%
 757  A0A1D1W0Z2_IPR045860_1_21-110      92.57%    passed     28.04%
 758  A0A2J7RCP2_IPR031424_1_20-94       93.81%    passed     68.43%
 759  A0A419QDL7_IPR031424_1_49-135      92.82%    passed     29.02%
 760  A0A553PQ88_IPR031424_1_65-138      93.89%    passed      9.08%
 761  A0A6A4J1W8_IPR031424_1_23-124      91.58%    passed     57.55%
 762  A0A8D9EEC0_IPR045860_1_36-100      94.64%    passed     43.68%
 763  A0A8S3ZD21_IPR045860_1_1-90        92.57%    passed     57.14%
 764  A0A9Q0MUQ9_IPR031424_1_22-152      89.19%    passed     29.85%
 765  A0AAW1KEF1_IPR031424_1_22-122      91.67%    failed      2.40%
 766  A0A0A0QVT0_IPR045860_1_1-59        95.13%    passed     76.20%
 767  A0A0B1S3M7_IPR045860_1_18-91       93.89%    passed     67.76%
 768  A0A2G8KSN0_IPR045860_1_1-52        95.71%    passed     15.87%
 769  A0A369SFB3_IPR045860_1_30-118      92.66%    passed     71.71%
 770  A0A3M6V1V9_IPR045860_1_24-100      93.65%    passed      8.35%
 771  A0A482WBZ3_IPR045860_1_23-97       93.81%    passed     37.13%
 772  A0A4U5M1E1_IPR045860_1_33-149      90.35%    passed     16.36%
 773  A0A672J2F4_IPR045860_1_20-76       95.30%    failed      0.04%
 774  A0A6F9AWL3_IPR045860_3_79-133      95.46%    passed     44.82%
 775  A0A7J8AY79_IPR045860_1_29-112      93.07%    passed     86.94%
 776  A0A7K8YTB0_IPR045860_1_7-87        93.32%    failed      0.00%
 777  A0A7M5X6C4_IPR045860_1_26-115      92.57%    failed      1.64%
 778  A0A7R8W3R3_IPR045860_1_82-181      91.75%    passed     40.54%
 779  A0A811KAY1_IPR045860_1_14-122      91.01%    passed     73.68%
 780  A0A816RLQ1_IPR045860_1_5-78        93.89%    failed      0.00%
 781  A0A821LEG1_IPR045860_2_139-203     94.64%    failed      4.37%
 782  A0A8B7PH04_IPR045860_1_27-104      93.56%    passed     14.58%
 783  A0A8C5MR88_IPR045860_1_23-95       93.98%    passed     20.24%
 784  A0A8I3WKN2_IPR045860_1_80-163      93.07%    passed     13.62%
 785  A0A8J9Z2A7_IPR045860_1_24-121      91.91%    passed      5.53%
 786  A0A913YSX5_IPR045860_1_1-83        93.48%    passed     28.69%
 787  A0A914IY65_IPR045860_1_181-248     94.39%    passed     42.52%
 788  A0A9N9T6H2_IPR045860_1_5-56        95.71%    passed     16.35%
 789  A0A9P1HRW4_IPR045860_1_35-101      94.47%    passed     19.21%
 790  A0A9W7WT82_IPR045860_1_8-63        95.38%    passed     10.27%
 791  A0AA35PDW3_IPR045860_1_17-98       93.23%    passed     19.39%
 792  A0AA97KCV8_IPR045860_1_33-91       95.13%    failed      2.49%
 793  A0AAD9Q6B2_IPR045860_1_25-107      93.15%    failed      2.50%
 794  A0AAE1Q6Z9_IPR045860_1_4-71        94.39%    passed     63.55%
 795  A0AAN7VHR4_IPR045860_1_15-112      91.91%    passed     38.38%
 796  A2BI28_IPR045860_1_15-83           94.31%    failed      2.02%
 797  T1GBA5_IPR045860_1_46-120          93.81%    passed     78.83%
 798  Centipede3FTx_0016_60158           87.87%    passed      5.01%
 799  Centipede3FTx_0080_61981           94.97%    passed     44.13%
 800  A0A454XXZ8_IPR045860_1_9-90        93.23%    failed      0.92%
 801  A0A6P7ZHU5_IPR016054_1_21-102      93.23%    failed      1.25%
 802  A0A814ASR0_IPR045860_1_26-113      92.74%    passed      7.32%
 803  A0A7J7SCZ8_IPR045860_3_211-261     95.79%    failed      3.50%
 804  A0A8J1JZC7_IPR045860_1_104-177     93.89%    passed     67.13%
 805  A0A8J1LAE3_IPR016054_1_18-111      92.24%    failed      1.29%
 806  A0A8T1S1I7_IPR045860_1_114-183     94.22%    passed      7.24%
 807  A0A8T2IRT7_IPR045860_2_115-195     93.32%    failed      0.30%
 808  A0AA40HIG7_IPR045860_1_38-190      87.38%    failed      0.00%
 809  A0AAV6ZHU2_IPR045860_2_1-71        94.14%    failed      0.46%
 810  A0A2G8LPQ2_IPR039457_1_28-79       95.71%    passed     21.46%
 811  A0A814JAT2_IPR039457_1_21-152      89.11%    failed      0.06%
 812  A0A0C9R4W4_IPR045860_1_44-107      94.72%    passed     25.00%
 813  A0A182UDP1_IPR031424_1_44-102      95.13%    passed     59.06%
 814  A0A1W0WDQ5_IPR031424_1_33-112      93.40%    failed      1.92%
 815  A0A553PQL1_IPR045860_1_17-98       93.23%    failed      0.34%
 816  A0A7G3AA29_IPR031424_1_25-147      89.85%    failed      0.02%
 817  A0A7I8VUV2_IPR031424_1_20-103      93.07%    passed     63.28%
 818  A0A8J2WFD8_IPR045860_1_38-136      91.83%    passed     48.50%
 819  A0A8S4PVE8_IPR031424_1_67-162      92.08%    passed     10.87%
 820  A0A915BLD6_IPR031424_1_24-112      92.66%    passed     20.91%
 821  A0A9J6BBX8_IPR031424_1_21-133      90.68%    failed      0.02%
 822  A0AAD5N1P7_IPR031424_1_105-184     93.40%    passed     14.93%
 823  A0AAD8AAY3_IPR045860_1_21-109      92.66%    failed      2.85%
 824  A0A0B2V963_IPR045860_1_20-161      88.28%    passed     17.24%
 825  A0A0D6LIU7_IPR045860_1_14-89       93.73%    passed     17.58%
 826  A0A0E3N0J1_IPR045860_2_115-164     95.87%    passed     56.25%
 827  A0A0N4XU23_IPR045860_1_25-89       94.64%    failed      0.42%
 828  A0A0N5CIB9_IPR045860_1_21-101      93.32%    passed     21.70%
 829  A0A177B4S8_IPR045860_1_239-330     92.41%    failed      2.98%
 830  A0A1A7YGD8_IPR045860_1_49-105      95.30%    passed     22.11%
 831  A0A1J1J8J8_IPR045860_1_28-143      90.43%    failed      3.54%
 832  A0A383VF68_IPR045860_1_50-110      94.97%    failed      2.56%
 833  A0A3Q7P0E8_IPR045860_1_12-95       93.07%    passed     19.34%
 834  A0A553P0D0_IPR045860_1_16-102      92.82%    passed     60.57%
 835  A0A672YFI7_IPR045860_1_22-86       94.64%    passed     34.39%
 836  A0A6J2X9Y7_IPR045860_1_20-106      92.82%    passed     45.95%
 837  A0A6P5AG42_IPR045860_1_44-127      93.07%    failed      1.88%
 838  A0A7M7PG63_IPR045860_1_235-318     93.07%    failed      0.47%
 839  A0A7R9MV90_IPR045860_1_1-81        93.32%    passed     99.00%
 840  A0A811KCP2_IPR045860_1_7-113       91.17%    passed     23.90%
 841  A0A814Z966_IPR045860_1_73-127      95.46%    passed     54.47%
 842  A0A8B8CBB0_IPR045860_1_86-154      94.31%    passed     15.14%
 843  A0A8C1EVR4_IPR045860_1_71-129      95.13%    passed     14.58%
 844  A0A8C1KXS0_IPR045860_1_84-135      95.71%    failed      1.17%
 845  A0A8C6Z7D6_IPR045860_1_23-78       95.38%    passed     15.74%
 846  A0A8C7ZF54_IPR045860_1_18-73       95.38%    passed     16.52%
 847  A0A8S9YT03_IPR045860_1_16-94       93.48%    failed      4.72%
 848  A0A913X5E8_IPR045860_1_141-238     91.91%    passed     36.26%
 849  A0A914SUI1_IPR045860_1_21-95       93.81%    failed      1.02%
 850  A0A9D4DCW9_IPR045860_1_128-204     93.65%    passed     49.97%
 851  A0A9Q0RI29_IPR045860_1_1-77        93.65%    passed     58.57%
 852  A0A9W9YWU5_IPR045860_2_41-125      92.99%    passed     20.21%
 853  A0AA36DFK1_IPR045860_1_24-105      93.23%    passed     60.95%
 854  A0AA85J9Z2_IPR045860_1_24-107      93.07%    passed     62.79%
 855  A0AAD9JRU8_IPR045860_1_132-199     94.39%    failed      2.07%
 856  A0AAJ7XFC9_IPR045860_1_33-108      93.73%    failed      4.23%
 857  A0AAV0A307_IPR045860_1_17-95       93.48%    failed      4.06%
 858  A0AAW0PGG7_IPR045860_2_12-74       94.80%    failed      0.35%
 859  L8YE21_IPR045860_1_1-53            95.63%    passed      6.83%
 860  Centipede3FTx_0081_61981           87.21%    failed      1.08%
 861  Centipede3FTx_0145_984703          91.83%    failed      3.76%
 862  A0AA35P1B0_IPR039237_1_1-124       89.77%    passed     22.93%
 863  A0A1S3T2Q1_IPR045860_2_23-147      89.69%    failed      0.84%
 864  A0A2I0TLQ1_IPR016054_1_21-168      87.79%    passed     16.18%
 865  A0A9D4BTS2_IPR045860_1_105-191     92.82%    passed     87.19%
 866  A6HS10_IPR045860_1_68-117          95.87%    failed      1.07%
 867  L5KM81_IPR045860_1_20-179          86.80%    failed      0.00%
 868  A0A4Z2D990_IPR045860_1_6-60        95.46%    passed     23.09%
 869  A0A672HY17_IPR045860_2_27-104      93.56%    passed     16.56%
 870  A0A6G0ITJ9_IPR045860_1_9-91        93.15%    passed     31.00%
 871  A0A8T2IS80_IPR045860_1_14-109      92.08%    passed     21.10%
 872  A0AA35VVV1_IPR016054_1_6-80        93.81%    passed     41.97%
 873  A0AA97KEJ2_IPR045860_2_1-68        94.39%    passed      9.30%
 874  A0AAD1T6T7_IPR045860_1_41-120      93.40%    failed      1.63%
 875  A0A7L0LNB4_IPR045860_1_33-97       94.64%    passed     13.15%
 876  A0AAV7UJD8_IPR045860_1_6-89        93.07%    passed     30.09%
 877  A0A7J7KIG9_IPR031424_1_23-118      92.08%    failed      2.52%
 878  A0A9P0JJI4_IPR031424_1_59-134      93.73%    passed     83.64%
 879  A0A9P0P6C9_IPR045860_1_22-118      92.00%    failed      0.89%
 880  A0A9X6RK53_IPR031424_1_34-86       95.63%    passed     49.99%
 881  A0AAD8AAZ8_IPR031424_1_21-128      91.09%    passed     19.03%
 882  A0AAV8YRX0_IPR045860_1_23-110      92.74%    passed     81.50%
 883  A0A074ZFN4_IPR045860_1_116-168     95.63%    passed      9.65%
 884  A0A0N1PIF7_IPR045860_1_2-80        93.48%    passed     40.45%
 885  A0A1D1UJY4_IPR045860_1_22-124      91.50%    passed      5.23%
 886  A0A2B4T2Y2_IPR045860_1_22-110      92.66%    passed     20.40%
 887  A0A2G8KWS2_IPR045860_1_32-136      91.34%    passed     40.69%
 888  A0A3B0JWF2_IPR045860_1_25-94       94.22%    passed     62.11%
 889  A0A3M6V5B7_IPR045860_1_32-117      92.90%    passed     87.88%
 890  A0A3Q0RTA1_IPR045860_1_21-77       95.30%    passed     73.45%
 891  A0A3S2PCT2_IPR045860_2_52-104      95.63%    passed     29.46%
 892  A0A6F9DV81_IPR045860_1_21-117      92.00%    failed      2.26%
 893  A0A7J7R911_IPR045860_1_301-379     93.48%    failed      0.00%
 894  A0A814TJZ5_IPR045860_1_12-117      91.25%    failed      4.08%
 895  A0A8C2P149_IPR045860_1_56-110      95.46%    passed     34.75%
 896  A0A8C4RAU9_IPR045860_1_25-113      92.66%    passed     50.07%
 897  A0A8C9F626_IPR045860_1_38-116      93.48%    passed     29.68%
 898  A0A8D8NQH8_IPR045860_1_2-93        92.41%    passed     36.23%
 899  A0A8S3DI61_IPR045860_1_18-78       94.97%    passed     43.30%
 900  A0A8S4PCU4_IPR045860_1_21-110      92.57%    passed     19.03%
 901  A0A915BK86_IPR045860_1_23-119      92.00%    passed     65.37%
 902  A0A9X0A6E7_IPR045860_1_115-197     93.15%    passed     30.09%
 903  A0AA36DG82_IPR045860_1_71-136      94.55%    passed     89.58%
 904  A0AAD8EEK7_IPR045860_1_3-61        95.13%    passed     10.54%
 905  A0AAD9JZG4_IPR045860_1_52-152      91.67%    failed      2.50%
 906  A0AAF3EK38_IPR045860_2_454-508     95.46%    failed      2.76%
 907  A0AAN8WWG0_IPR045860_1_52-159      91.09%    passed     16.61%
 908  A0AAU9XBH8_IPR045860_1_26-98       93.98%    passed     25.65%
 909  A0AAV2RAV7_IPR045860_1_21-125      91.34%    passed     52.18%
 910  A0AAV4HYB8_IPR045860_1_806-874     94.31%    failed      0.84%
 911  A0AAW0MKZ9_IPR045860_1_6-86        93.32%    failed      2.97%
 912  A0AAW1UIJ1_IPR045860_1_22-124      91.50%    passed     10.55%
 913  A7RR40_IPR045860_1_16-114          91.83%    passed     44.31%
 914  Centipede3FTx_0018_1255758         88.28%    failed      3.85%
 915  Centipede3FTx_0082_61981           92.00%    failed      0.09%
 916  Centipede3FTx_0114_984703          90.59%    failed      0.66%
 917  A0A7J8GR77_IPR039237_1_28-103      93.73%    failed      1.10%
 918  A0A8D2B8Y1_IPR035076_1_16-82       94.47%    failed      1.97%
 919  A0AAF3EX73_IPR045860_1_18-106      92.66%    passed     28.45%
 920  A0A452RA57_IPR038773_1_89-159      94.14%    failed      0.00%
 921  A0A6P8HNU1_IPR016054_1_22-103      93.23%    passed     32.10%
 922  A0A851KA47_IPR039457_1_1-82        93.23%    passed     33.78%
 923  A0A1B6EBJ6_IPR031424_1_5-77        93.98%    failed      3.66%
 924  A0A1W0WFV8_IPR031424_1_22-108      92.82%    passed     38.18%
 925  A0A813SHY2_IPR031424_1_40-132      92.33%    passed     41.66%
 926  A0A8S4PWZ4_IPR031424_1_125-235     90.84%    passed     12.79%
 927  A0A915DCF7_IPR031424_1_72-158      92.82%    passed     42.93%
 928  A0A9P0JQD5_IPR031424_1_24-109      92.90%    passed     47.09%
 929  A0AAD8AD41_IPR031424_1_21-105      92.99%    passed     17.60%
 930  A0AAW1L336_IPR031424_1_24-101      93.56%    passed     28.39%
 931  A0A085NDT4_IPR045860_1_28-150      89.85%    passed     56.42%
 932  A0A0K0DTX4_IPR045860_1_17-108      92.41%    failed      0.01%
 933  A0A1I7UV27_IPR045860_1_12-86       93.81%    passed     40.21%
 934  A0A267H8E8_IPR045860_1_251-319     94.31%    failed      0.87%
 935  A0A2A6B673_IPR045860_1_17-106      92.57%    passed     59.22%
 936  A0A3Q1EFH7_IPR045860_1_1-54        95.54%    passed     83.64%
 937  A0A498NQ74_IPR045860_1_77-126      95.87%    passed     31.45%
 938  A0A4U5M488_IPR045860_1_21-104      93.07%    failed      0.36%
 939  A0A553PG42_IPR045860_1_25-155      89.19%    passed     44.89%
 940  A0A5N5SJ70_IPR045860_1_66-143      93.56%    failed      1.83%
 941  A0A6F9DVC4_IPR045860_1_19-124      91.25%    passed     17.16%
 942  A0A8C5CYP2_IPR045860_1_6-99        92.24%    passed     13.02%
 943  A0A8D3AVK4_IPR045860_1_2-76        93.81%    passed     78.17%
 944  A0A8D8NQM4_IPR045860_1_50-145      92.08%    passed     24.03%
 945  A0A8S9YVM8_IPR045860_1_19-84       94.55%    passed      5.56%
 946  A0A8T2L074_IPR045860_1_47-115      94.31%    passed     19.23%
 947  A0A914FFU1_IPR045860_1_18-88       94.14%    passed      8.16%
 948  A0A914J1B6_IPR045860_1_5-69        94.64%    failed      2.21%
 949  A0A9U8EMM2_IPR045860_1_28-121      92.24%    passed     25.57%
 950  A0AA39IQY4_IPR045860_1_86-161      93.73%    passed     68.47%
 951  A0AA47N0X1_IPR045860_1_2-72        94.14%    failed      0.59%
 952  A0AAD8A6M0_IPR045860_1_2-72        94.14%    failed      3.21%
 953  A0AAD9K5S4_IPR045860_1_22-84       94.80%    passed     25.06%
 954  A0AAN8XCL9_IPR045860_1_23-72       95.87%    passed     27.05%
 955  A0AAV6ZHX9_IPR045860_2_104-184     93.32%    failed      3.47%
 956  A0AAV7JZ97_IPR045860_1_22-111      92.57%    passed     21.94%
 957  A0AAW0ML87_IPR045860_1_117-180     94.72%    failed      0.55%
 958  A0AAW1AWZ8_IPR045860_1_229-317     92.66%    passed     33.81%
 959  A7RU85_IPR045860_1_23-112          92.57%    passed     31.66%
 960  C3YF08_IPR045860_1_20-88           94.31%    failed      0.01%
 961  M4H2H9_IPR045860_1_17-79           94.80%    failed      0.14%
 962  Centipede3FTx_0019_1255758         91.50%    passed     61.94%
 963  Centipede3FTx_0083_61981           94.88%    failed      0.01%
 964  A0A6I8N2M3_IPR042339_1_9-118       90.92%    failed      0.55%
 965  A0A8J6A6H0_IPR026110_1_1-85        92.99%    failed      0.01%
 966  A0A444V7R9_IPR045860_4_17-88       94.06%    failed      0.19%
 967  A0A6B0RUV3_IPR016054_1_15-109      92.16%    failed      0.64%
 968  A0A814DSB1_IPR045860_1_26-110      92.99%    passed     12.72%
 969  A0A8C4TDL5_IPR045860_7_288-362     93.81%    failed      3.02%
 970  A0A8S3SG34_IPR045860_1_97-190      92.24%    passed     37.50%
 971  A0AAF3J2H5_IPR045860_1_22-105      93.07%    passed      5.55%
 972  A0A401PTF8_IPR045860_2_108-173     94.55%    passed     43.81%
 973  A0A6G0IXG8_IPR016054_1_34-100      94.47%    passed     14.00%
 974  A0A6P9CDN4_IPR045860_1_18-99       93.23%    passed     73.25%
 975  A0A821PA83_IPR045860_1_4-76        93.98%    passed     74.33%
 976  A0A8C0G175_IPR045860_1_86-158      93.98%    passed      7.49%
 977  A0A914DRE6_IPR045860_1_105-185     93.32%    passed     37.29%
 978  A0AAV7PWX0_IPR016054_2_30-123      92.24%    passed     20.52%
 979  A0AAX7UM57_IPR016054_2_111-197     92.82%    failed      1.03%
 980  G3UAV3_IPR016054_1_27-106          93.40%    passed      5.21%
 981  A0A1L6ZA41_IPR026524_1_10-69       95.05%    passed     49.21%
 982  A0AAD9DYH2_IPR039457_1_47-98       95.71%    passed     82.36%
 983  A0A226CXW4_IPR031424_1_209-319     90.84%    passed     28.36%
 984  A0A2K8JML4_IPR031424_1_22-151      89.27%    failed      0.50%
 985  A0A8K0DCZ5_IPR031424_1_22-127      91.25%    passed     55.55%
 986  A0A8S1DL92_IPR031424_1_27-148      89.93%    passed     43.87%
 987  A0A9P0CUQ1_IPR031424_1_6-72        94.47%    failed      2.04%
 988  A0A9X6RMU7_IPR045860_1_25-110      92.90%    passed     58.01%
 989  A0A1D1UYT9_IPR045860_1_21-129      91.01%    passed     24.86%
 990  A0A2A6B6L1_IPR045860_1_100-180     93.32%    passed     18.50%
 991  A0A2J7QX46_IPR045860_1_41-138      91.91%    failed      3.56%
 992  A0A4U5M493_IPR045860_1_38-124      92.82%    passed     23.25%
 993  A0A665TET0_IPR045860_1_28-104      93.65%    passed     74.62%
 994  A0A671NB32_IPR045860_1_16-104      92.66%    failed      0.00%
 995  A0A673LHZ0_IPR045860_1_21-85       94.64%    passed      6.12%
 996  A0A673M2A3_IPR045860_1_29-111      93.15%    passed     82.89%
 997  A0A6V7LM87_IPR045860_1_10-69       95.05%    passed     64.71%
 998  A0A814TN66_IPR045860_1_28-106      93.48%    passed     32.65%
 999  A0A8C4N7W8_IPR045860_1_1-66        94.55%    passed     28.65%
1000  A0A8C9JH24_IPR045860_1_16-78       94.80%    failed      0.18%
1001  A0A8I3NIA7_IPR045860_1_56-108      95.63%    passed      5.12%
1002  A0A8I6TGV3_IPR045860_1_38-140      91.50%    passed     38.42%
1003  A0A8T0FTV2_IPR045860_1_20-120      91.67%    passed      7.26%
1004  A0A8W8J872_IPR045860_1_62-157      92.08%    passed     93.37%
1005  A0A9J7NCX6_IPR045860_1_18-132      90.51%    failed      0.02%
1006  A0A9P1HUP2_IPR045860_1_96-187      92.41%    passed     79.20%
1007  A0A9X0A6N9_IPR045860_1_22-111      92.57%    failed      3.28%
1008  A0AA97KGB0_IPR045860_1_83-147      94.64%    passed     21.08%
1009  A0AAD9K836_IPR045860_1_33-114      93.23%    passed     64.74%
1010  A0AAU9WAK8_IPR045860_1_10-116      91.17%    failed      0.01%
1011  A0AAV2RSX4_IPR045860_1_63-119      95.30%    failed      0.51%
1012  A0AAW1AXJ7_IPR045860_1_17-75       95.13%    passed     27.68%
1013  A0ABD2XGH3_IPR045860_1_42-140      91.83%    passed     20.82%
1014  K1RXF0_IPR045860_1_16-71           95.38%    passed     87.87%
1015  Q9UAG0_IPR045860_1_135-224         92.57%    failed      4.63%
1016  Centipede3FTx_0020_1255758         94.64%    passed     51.79%
1017  Centipede3FTx_0116_1255758         92.00%    passed     14.43%
1018  A0A7J8GS23_IPR039237_1_3-72        94.22%    failed      3.54%
1019  A0A8C8TND6_IPR039237_1_1-58        95.21%    failed      4.68%
1020  A0A8U0T7Y1_IPR026110_1_1-159       87.05%    failed      0.21%
1021  A0A2I0TVD9_IPR045860_1_8-59        95.71%    failed      0.97%
1022  A0A3B5MB32_IPR045860_2_5-54        95.87%    passed     18.15%
1023  A0A835NMH4_IPR045860_2_101-189     92.66%    passed      9.55%
1024  A0A8B6DF61_IPR045860_1_105-184     93.40%    passed     50.62%
1025  A0A672HY65_IPR045860_1_120-170     95.79%    passed     26.66%
1026  A0A803K3X8_IPR045860_4_114-171     95.21%    passed     60.01%
1027  A0A8J5ZVT7_IPR045860_2_269-362     92.24%    passed      7.52%
1028  A0A914F127_IPR045860_1_16-108      92.33%    passed     63.25%
1029  A0A974CHI4_IPR045860_2_6-89        93.07%    passed     16.07%
1030  A0AA35KMQ0_IPR045860_2_112-193     93.23%    failed      2.19%
1031  A0AA35LGT7_IPR045860_3_210-288     93.48%    passed     80.56%
1032  A0AAD1WMY1_IPR016054_1_27-122      92.08%    passed     42.88%
1033  A0AAW0MGA1_IPR045860_1_22-90       94.31%    failed      0.21%
1034  A0AAW1AX84_IPR045860_3_2-64        94.80%    passed     26.19%
1035  C3YU70_IPR016054_2_188-286         91.83%    failed      0.00%
1036  A0A4D9DMT8_IPR026524_1_6-213       82.84%    failed      0.17%
1037  L9JFB6_IPR039457_1_5-119           90.51%    passed     47.40%
1038  A0A336LYX6_IPR045860_1_25-110      92.90%    passed      8.80%
1039  A0A7I8WSK8_IPR031424_1_45-161      90.35%    passed      6.48%
1040  A0A8J1TLI8_IPR031424_1_22-125      91.42%    failed      4.00%
1041  A0A9J6C081_IPR031424_1_126-224     91.83%    failed      2.08%
1042  A0A9X6RNH8_IPR031424_1_22-111      92.57%    passed      7.72%
1043  A0AA36FXT8_IPR031424_1_24-117      92.24%    failed      2.87%
1044  A0A1D1V2H0_IPR045860_1_20-126      91.17%    passed     61.42%
1045  A0A1I7ZEJ7_IPR045860_1_20-103      93.07%    passed     37.20%
1046  A0A1Y1LHT3_IPR045860_1_64-117      95.54%    passed     55.92%
1047  A0A224XN82_IPR045860_1_1-59        95.13%    passed     60.27%
1048  A0A2A6B7I4_IPR045860_1_89-188      91.75%    failed      4.06%
1049  A0A341B4I9_IPR045860_1_20-74       95.46%    passed     11.55%
1050  A0A4U5M496_IPR045860_1_122-200     93.48%    failed      3.26%
1051  A0A4U8UQC9_IPR045860_1_19-99       93.32%    passed     98.69%
1052  A0A4W3IZP1_IPR045860_1_40-134      92.16%    passed     47.13%
1053  A0A6J1P077_IPR045860_1_19-159      88.37%    passed      9.18%
1054  A0A7R9GBX8_IPR045860_1_12-89       93.56%    passed     61.16%
1055  A0A822G307_IPR045860_1_5-55        95.79%    passed     13.81%
1056  A0A8B8VNU0_IPR045860_1_12-62       95.79%    passed     48.79%
1057  A0A8C8JP42_IPR045860_1_5-83        93.48%    passed     30.77%
1058  A0A8K9X2E7_IPR045860_1_3-109       91.17%    passed      5.54%
1059  A0A8S9Z0J0_IPR045860_1_2-54        95.63%    passed     28.83%
1060  A0A8T2IKT7_IPR045860_1_5-67        94.80%    passed     15.52%
1061  A0A8W8KFK6_IPR045860_1_54-138      92.99%    passed     61.79%
1062  A0A914C4T4_IPR045860_1_15-86       94.06%    passed     57.26%
1063  A0A914TA72_IPR045860_1_17-102      92.90%    passed      5.45%
1064  A0A9Q1BN62_IPR045860_1_22-123      91.58%    failed      0.62%
1065  A0A9X0A6N9_IPR045860_2_115-182     94.39%    failed      1.40%
1066  A0AA35QPM7_IPR045860_2_116-174     95.13%    passed     25.24%
1067  A0AA36C4P5_IPR045860_1_21-91       94.14%    passed     85.28%
1068  A0AA39IR08_IPR045860_1_38-107      94.22%    passed     68.22%
1069  A0AA85JQ84_IPR045860_1_34-99       94.55%    passed     35.81%
1070  A0AAE1CIL3_IPR045860_1_10-78       94.31%    passed     15.48%
1071  A0AAF3ELR6_IPR045860_1_19-100      93.23%    passed     13.98%
1072  A0AAN5IAG8_IPR045860_1_12-103      92.41%    passed     49.93%
1073  A0AAN8GAJ9_IPR045860_1_10-70       94.97%    passed      5.47%
1074  A0AAN9YZE6_IPR045860_1_124-189     94.55%    passed     48.29%
1075  A0ABD2M0E5_IPR045860_1_14-100      92.82%    passed     28.82%
1076  Q9UAG0_IPR045860_2_314-419         91.25%    passed     17.62%
1077  A0A8C6XA92_IPR045860_1_12-61       95.87%    passed     61.55%
1078  A0A6I8ND62_IPR039237_1_1-176       85.48%    failed      0.00%
1079  A0A498MKX1_IPR016054_2_1132-1242   90.84%    failed      0.00%
1080  A0A9P1MLS2_IPR045860_1_6-104       91.83%    passed     15.74%
1081  N0E484_IPR038773_1_3-64            94.88%    passed      9.84%
1082  A0A091VEQ6_IPR016054_2_98-191      92.24%    passed     24.08%
1083  A0A0H4AC46_IPR045860_2_93-174      93.23%    passed     22.54%
1084  A0A151M3T1_IPR045860_3_143-211     94.31%    failed      0.49%
1085  A0A210Q449_IPR016054_1_222-302     93.32%    passed     20.40%
1086  A0A4U1EE55_IPR016054_1_13-72       95.05%    passed     19.34%
1087  A0A670INU0_IPR016054_1_10-99       92.57%    passed     53.91%
1088  A0A6P7YNT8_IPR045860_2_2-58        95.30%    failed      3.14%
1089  A0AAV1NYR3_IPR045860_1_19-102      93.07%    passed     64.08%
1090  A0A0N7Z8L7_IPR031424_1_1-96        92.08%    passed      8.69%
1091  A0A226D9A1_IPR031424_1_22-146      89.69%    failed      4.80%
1092  A0A430Q269_IPR031424_1_12-85       93.89%    passed     47.97%
1093  A0A7G3AEM8_IPR031424_1_22-132      90.84%    passed     32.81%
1094  A0A813T882_IPR031424_1_22-85       94.72%    passed     46.65%
1095  A0A8E0S444_IPR031424_1_11-75       94.64%    passed     73.77%
1096  A0A8J2MGA1_IPR031424_1_34-129      92.08%    passed     11.65%
1097  A0A9N9TW70_IPR045860_1_30-141      90.76%    passed     19.71%
1098  A0ABD2PTL5_IPR045860_1_26-129      91.42%    passed     35.82%
1099  A0ABD3XW80_IPR031424_1_25-99       93.81%    failed      3.08%
1100  A0A0E9SDH0_IPR045860_1_25-101      93.73%    passed     77.14%
1101  A0A183IHQ7_IPR045860_1_10-85       93.73%    passed     81.29%
1102  A0A1A9WMM2_IPR045860_1_73-127      95.46%    passed     17.11%
1103  A0A1I7ZF94_IPR045860_1_20-108      92.66%    passed     50.09%
1104  A0A1I8GI43_IPR045860_2_42-107      94.55%    passed     28.10%
1105  A0A1L8D734_IPR045860_1_10-84       93.81%    passed     37.56%
1106  A0A2K6SQ93_IPR045860_1_1-52        95.71%    passed     89.33%
1107  A0A498P1F1_IPR045860_1_142-201     95.05%    passed     20.92%
1108  A0A4U5M496_IPR045860_2_11-97       92.82%    passed     77.09%
1109  A0A674NWW4_IPR045860_1_5-63        95.13%    passed     91.00%
1110  A0A6A4XF14_IPR045860_1_165-216     95.71%    failed      4.92%
1111  A0A6S7FX41_IPR045860_1_1-90        92.57%    failed      1.48%
1112  A0A7M5XIW4_IPR045860_1_18-108      92.49%    failed      1.37%
1113  A0A813MG68_IPR045860_1_9-84        93.73%    passed     13.47%
1114  A0A813SLY4_IPR045860_1_23-93       94.14%    passed     37.64%
1115  A0A8B8VNU3_IPR045860_1_12-92       93.32%    passed      8.37%
1116  A0A8C2V8N2_IPR045860_1_66-131      94.55%    passed      8.20%
1117  A0A8C4ERD5_IPR045860_1_1-52        95.71%    passed     35.77%
1118  A0A8C5DI65_IPR045860_1_1-57        95.30%    failed      3.00%
1119  A0A8J6HG74_IPR045860_1_18-111      92.24%    failed      0.00%
1120  A0A8S1DBV9_IPR045860_1_45-144      91.75%    passed     13.68%
1121  A0A914TAE8_IPR045860_1_21-103      93.15%    passed     12.01%
1122  A0A915PPZ6_IPR045860_1_17-66       95.87%    passed     34.93%
1123  A0A9Q0S813_IPR045860_1_22-90       94.31%    failed      0.11%
1124  A0A9W9Z870_IPR045860_1_1-69        94.31%    passed      7.28%
1125  A0AAF3EMZ2_IPR045860_1_27-97       94.14%    passed     44.62%
1126  A0AAJ7RD29_IPR045860_1_25-99       93.81%    passed     12.46%
1127  A0AAN5IB82_IPR045860_1_68-152      92.99%    passed     56.62%
1128  A0ABD0LAW8_IPR045860_1_65-122      95.21%    passed     78.26%
1129  E4YHX6_IPR045860_1_49-128          93.40%    passed     31.26%
1130  Q9UAG2_IPR045860_1_225-308         93.07%    passed     15.60%
1131  A0A093PEP6_IPR045860_1_1-52        95.71%    passed     39.36%
1132  A0A814EPP6_IPR045860_1_21-86       94.55%    passed      7.50%
1133  A0A061HV01_IPR016054_1_88-181      92.24%    failed      0.69%
1134  A0A0B5GR50_IPR045860_2_18-105      92.74%    passed     77.71%
1135  A0A452FY47_IPR045860_1_120-182     94.80%    passed     12.61%
1136  A0A668TLB4_IPR045860_1_109-188     93.40%    passed     10.58%
1137  A0A6P7MES0_IPR045860_1_113-221     91.01%    passed     10.78%
1138  A0A8C2ME16_IPR045860_2_46-100      95.46%    passed     40.09%
1139  A0A8D2E104_IPR045860_3_191-240     95.87%    passed     26.30%
1140  A0A8W8KDT8_IPR016054_1_125-182     95.21%    passed     47.21%
1141  A0A9F2WG88_IPR045860_2_22-118      92.00%    passed     22.09%
1142  A0AA35KP80_IPR045860_2_111-170     95.05%    passed     79.31%
1143  A0AAW1EXL6_IPR045860_1_3-71        94.31%    passed     43.42%
1144  A0A834UG43_IPR039457_1_93-163      94.14%    failed      0.43%
1145  A0A8J9VF79_IPR039457_1_30-89       95.05%    passed     65.36%
1146  A0A1I7SHS9_IPR031424_1_20-102      93.15%    failed      1.82%
1147  A0A430Q2G9_IPR031424_1_19-82       94.72%    passed     17.72%
1148  A0AAJ7ITS2_IPR031424_1_24-150      89.52%    passed     25.54%
1149  A0AAW1NBZ3_IPR031424_1_20-132      90.68%    failed      4.35%
1150  A0ABD2QAB0_IPR031424_1_71-210      88.45%    passed     15.57%
1151  V5GYU3_IPR031424_1_27-92           94.55%    passed     68.45%
1152  A0A016WST8_IPR045860_1_76-178      91.50%    passed      7.99%
1153  A0A182DZD6_IPR045860_1_27-76       95.87%    passed     53.50%
1154  A0A1I7RK48_IPR045860_1_8-67        95.05%    passed     98.93%
1155  A0A210Q2J1_IPR045860_2_124-206     93.15%    failed      2.27%
1156  A0A2A6B8C4_IPR045860_1_55-114      95.05%    passed     22.32%
1157  A0A2G9R7K9_IPR045860_1_1-84        93.07%    failed      3.56%
1158  A0A3B4B5Q2_IPR045860_1_9-87        93.48%    passed      5.12%
1159  A0A3Q2UYB1_IPR045860_1_33-87       95.46%    passed     43.52%
1160  A0A4W3J9B0_IPR045860_1_29-103      93.81%    passed     16.77%
1161  A0A6G0HK90_IPR045860_1_45-107      94.80%    passed     23.36%
1162  A0A6P9DRR7_IPR045860_1_17-89       93.98%    failed      2.18%
1163  A0A6V7TRM7_IPR045860_1_1-58        95.21%    passed     17.52%
1164  A0A814M5W0_IPR045860_1_17-119      91.50%    passed     24.22%
1165  A0A898IKW1_IPR045860_1_12-74       94.80%    passed     36.23%
1166  A0A915BQP4_IPR045860_1_20-113      92.24%    passed     16.10%
1167  A0AA36C6F4_IPR045860_1_61-137      93.65%    passed     78.38%
1168  A0AA36M549_IPR045860_1_23-83       94.97%    failed      1.52%
1169  A0AAD9QQA3_IPR045860_1_22-102      93.32%    passed     75.77%
1170  A0AAN9Z0K7_IPR045860_1_23-109      92.82%    passed     27.09%
1171  A0AAW0MVP7_IPR045860_1_186-239     95.54%    passed     14.47%
1172  A0AAX6SC57_IPR045860_1_44-100      95.30%    failed      0.52%
1173  T2MGF9_IPR045860_1_24-129          91.25%    failed      1.66%
1174  Centipede3FTx_0119_1255758         93.89%    passed      7.77%
1175  A0A6B0S6F5_IPR016054_1_24-99       93.73%    passed     39.47%
1176  A0A504YEI6_IPR045860_1_9-67        95.13%    passed     17.17%
1177  A0A5N4CGH2_IPR045860_1_28-90       94.80%    passed     12.87%
1178  A0A9D4MDK6_IPR045860_1_34-113      93.40%    passed     17.76%
1179  A0A151NAK5_IPR016054_1_142-200     95.13%    failed      0.15%
1180  A0A8C3P577_IPR016054_1_21-108      92.74%    failed      1.13%
1181  A0AA35KMR6_IPR016054_1_148-214     94.47%    passed     43.37%
1182  A0AAV7PX70_IPR045860_2_203-292     92.57%    failed      1.19%
1183  G3UDR6_IPR051445_1_7-126           90.10%    failed      0.08%
1184  R0LJ75_IPR045860_1_76-155          93.40%    failed      4.50%
1185  S7PTS4_IPR016054_3_2-57            95.38%    passed     54.61%
1186  W5NTR4_IPR045860_1_33-127          92.16%    passed     82.59%
1187  A0A2K6PKA5_IPR039457_1_1-97        92.00%    passed     26.73%
1188  A0AAD9L2I6_IPR039457_1_14-173      86.80%    passed      7.69%
1189  A0A1D2M2Q1_IPR031424_1_32-134      91.50%    passed     64.85%
1190  A0A1S3DL79_IPR031424_1_4-65        94.88%    passed     15.62%
1191  A0A2S2QSA9_IPR031424_1_24-175      87.46%    failed      0.00%
1192  A0A6P7G9F3_IPR031424_1_22-137      90.43%    passed     11.39%
1193  A0A815BT65_IPR031424_1_24-73       95.87%    passed     23.69%
1194  A0A8J2P850_IPR031424_1_19-120      91.58%    passed     85.43%
1195  A0A8S4RWH0_IPR031424_1_13-63       95.79%    passed     66.68%
1196  A0A9P0LHQ8_IPR031424_1_25-138      90.59%    passed     61.96%
1197  A0AAV8Z602_IPR045860_1_2-95        92.24%    passed     20.82%
1198  Q176Q6_IPR031424_1_25-82           95.21%    passed     60.71%
1199  T1IWT8_IPR031424_2_22-103          93.23%    failed      0.75%
1200  A0A1B0G4Y0_IPR045860_1_7-84        93.56%    failed      2.49%
1201  A0A1D1VK48_IPR045860_1_6-74        94.31%    passed     26.56%
1202  A0A1I7ZN97_IPR045860_1_56-107      95.71%    failed      0.23%
1203  A0A1U7SQ44_IPR045860_1_105-193     92.66%    passed     38.93%
1204  A0A238BWE3_IPR045860_1_11-96       92.90%    passed     22.09%
1205  A0A261AWE7_IPR045860_1_94-209      90.43%    passed     35.91%
1206  A0A2A6B8E8_IPR045860_1_8-106       91.83%    passed     48.86%
1207  A0A2G9RKC4_IPR045860_1_26-90       94.64%    passed     17.92%
1208  A0A3B4B9F7_IPR045860_1_16-73       95.21%    passed      5.74%
1209  A0A3M6TKR6_IPR045860_1_14-123      90.92%    passed     56.06%
1210  A0A3M7QQQ6_IPR045860_1_43-114      94.06%    passed     13.41%
1211  A0A3P6SZG6_IPR045860_1_17-95       93.48%    passed     37.95%
1212  A0A3Q3X9G9_IPR045860_1_50-164      90.51%    failed      0.02%
1213  A0A5N5T244_IPR045860_1_3-68        94.55%    passed     59.13%
1214  A0A6F9BK46_IPR045860_1_9-62        95.54%    passed     68.89%
1215  A0A6P8I7G2_IPR045860_1_21-114      92.24%    passed      9.50%
1216  A0A6P8SJ10_IPR045860_2_18-80       94.80%    passed     32.66%
1217  A0A7M6DNM3_IPR045860_1_44-135      92.41%    passed     31.40%
1218  A0A811U775_IPR045860_1_1-57        95.30%    passed     67.13%
1219  A0A818HBP9_IPR045860_1_24-80       95.30%    failed      0.17%
1220  A0A8C2SA02_IPR045860_1_68-128      95.71%    passed     55.02%
1221  A0A8C4RTV8_IPR045860_1_16-97       93.23%    passed     49.78%
1222  A0A8C9FRH0_IPR045860_1_11-97       92.82%    passed      8.01%
1223  A0A8J6E8Q3_IPR045860_1_1-53        95.63%    passed     50.42%
1224  A0A8R1Y214_IPR045860_1_226-296     94.14%    failed      4.43%
1225  A0A914NHW3_IPR045860_1_204-296     92.33%    passed      8.30%
1226  A0A914THE1_IPR045860_1_6-74        94.31%    passed     29.73%
1227  A0A9J7KD64_IPR045860_1_41-149      91.01%    failed      3.05%
1228  A0A9J7Z2T9_IPR045860_1_25-103      93.48%    failed      0.11%
1229  A0A9P0GIB7_IPR045860_2_19-101      93.15%    passed     11.50%
1230  A0A9P1IQ79_IPR045860_1_15-101      92.82%    passed     58.69%
1231  A0A9X9MBQ9_IPR045860_1_41-93       95.63%    passed     40.56%
1232  A0AA35SQM2_IPR045860_1_20-119      91.75%    passed      9.83%
1233  A0AA36C7K6_IPR045860_1_52-143      92.41%    passed     22.75%
1234  A0AAN9B562_IPR045860_1_229-312     93.07%    passed     12.94%
1235  A0AAV7ME30_IPR045860_2_45-153      91.01%    passed     22.50%
1236  A0AAW1B171_IPR045860_1_3-61        95.13%    passed     19.22%
1237  A0ABD1JAD3_IPR045860_1_1-71        94.14%    passed     58.28%
1238  A0ABD2MVB5_IPR045860_1_21-108      92.74%    passed     97.14%
1239  D8LTZ0_IPR045860_1_33-93           94.97%    failed      0.42%
1240  Centipede3FTx_0120_60158           84.74%    failed      0.85%
1241  L9KLR5_IPR042339_1_1-54            95.54%    failed      0.93%
1242  A0A813PAN9_IPR045860_1_19-101      93.15%    passed     27.60%
1243  A0A7J7YNW4_IPR038773_1_1-140       88.45%    failed      0.02%
1244  A0A8C6GIG4_IPR038773_1_57-250      83.99%    failed      0.05%
1245  A0A0F7JJU4_IPR045860_2_115-190     93.73%    passed     51.24%
1246  A0A1A6HFC6_IPR045860_1_46-181      88.86%    failed      4.83%
1247  A0A401Q604_IPR045860_1_2-78        93.65%    failed      3.08%
1248  A0A670INU5_IPR045860_2_163-236     93.89%    passed     68.01%
1249  A0A6B0SDN0_IPR016054_1_1-78        93.56%    passed     40.11%
1250  A0A6P8I7U6_IPR045860_2_109-194     92.90%    passed     29.16%
1251  A0A8J1LAS0_IPR016054_1_9-64        95.38%    failed      1.52%
1252  A0AAV7Q3J4_IPR016054_1_58-128      94.14%    passed     83.29%
1253  A0A7L0RV53_IPR039457_1_2-155       87.29%    passed      5.56%
1254  A0A8C5IIX8_IPR039457_1_94-149      95.38%    failed      0.28%
1255  A0A0D8Y3R0_IPR031424_1_21-144      89.77%    passed      6.66%
1256  A0AAV8Z6D1_IPR031424_1_68-200      89.03%    passed     37.31%
1257  K1S039_IPR031424_1_78-175          91.91%    passed     11.37%
1258  A0A0M3IZ09_IPR045860_1_41-118      93.56%    passed     38.57%
1259  A0A1D1VR81_IPR045860_1_26-119      92.24%    passed     71.96%
1260  A0A1I7ZPI2_IPR045860_1_29-86       95.21%    passed     54.84%
1261  A0A1L8EZ01_IPR045860_1_18-83       94.55%    passed     11.57%
1262  A0A267E0W6_IPR045860_1_23-118      92.08%    passed     10.64%
1263  A0A3Q0R1F3_IPR045860_1_2-62        94.97%    failed      1.39%
1264  A0A556TW63_IPR045860_1_16-69       95.54%    passed     65.68%
1265  A0A671UC21_IPR045860_1_10-75       94.55%    passed     12.22%
1266  A0A6S7G4S7_IPR045860_1_1-75        93.81%    passed     62.76%
1267  A0A8B6D8I8_IPR045860_1_15-110      92.08%    passed     23.39%
1268  A0A8C5TTS8_IPR045860_1_30-112      93.15%    passed     29.95%
1269  A0A8J1U7F8_IPR045860_1_24-113      92.57%    passed     68.54%
1270  A0A8J6E8Q3_IPR045860_2_62-127      94.55%    failed      0.36%
1271  A0A8S1HML4_IPR045860_1_31-115      92.99%    passed     14.74%
1272  A0A914GSD6_IPR045860_1_1491-1597   91.17%    failed      0.22%
1273  A0A9P1ACE4_IPR045860_1_66-144      93.48%    passed     19.43%
1274  A0A9W9ZGI0_IPR045860_1_1-53        95.63%    passed     79.93%
1275  A0AA88IY44_IPR045860_1_19-98       93.40%    passed     26.69%
1276  A0AAD6BQA0_IPR045860_1_55-129      93.81%    passed      9.26%
1277  A0AAD9MV61_IPR045860_1_19-83       94.64%    passed     12.30%
1278  A0AAD9QVN7_IPR045860_1_40-125      92.90%    passed     11.61%
1279  A0AAV3Z6A2_IPR045860_1_23-99       93.65%    passed     13.57%
1280  A0AAW1KMF1_IPR045860_1_29-131      91.50%    passed     34.95%
1281  A0ABD6EHK3_IPR045860_1_20-115      92.08%    passed      7.97%
1282  Q5MPP8_IPR045860_1_18-110          92.33%    passed     52.49%
1283  Q95QW3_IPR045860_1_26-100          93.81%    failed      2.71%
1284  Centipede3FTx_0089_984703          89.93%    passed     18.69%
1285  A0A7N5P423_IPR045860_1_189-316     89.44%    failed      4.56%
1286  A0A817HP88_IPR045860_1_166-222     95.30%    passed     60.40%
1287  A0A8C4TYQ7_IPR045860_1_16-78       94.80%    passed     62.62%
1288  A0A9F5IM03_IPR016054_1_17-108      92.41%    passed     37.89%
1289  A0AAA9TGG3_IPR045860_1_42-99       95.21%    passed      6.34%
1290  A0A9D3NIU9_IPR045860_2_19-109      92.49%    failed      0.56%
1291  A0A9W3FUM6_IPR016054_2_221-281     94.97%    failed      4.89%
1292  E4YLF4_IPR039457_1_13-152          88.45%    passed     17.39%
1293  A0A0D8Y5C3_IPR031424_1_2-113       90.76%    failed      2.74%
1294  A0A0M4EAF4_IPR031424_1_3-73        94.14%    failed      4.63%
1295  A0A1I8ND66_IPR031424_1_23-119      92.00%    failed      0.94%
1296  A0A1S3GZW2_IPR031424_1_23-125      91.50%    passed     14.44%
1297  A0A1S3JP86_IPR031424_1_43-130      92.74%    passed     53.42%
1298  A0A226DSS2_IPR031424_1_23-131      91.01%    passed     38.15%
1299  A0A2A6B8J1_IPR045860_1_16-106      92.49%    passed      7.68%
1300  A0A8J2PMA0_IPR031424_1_24-141      90.26%    passed     61.58%
1301  A0A8K0FVX6_IPR031424_1_24-131      91.09%    passed     29.73%
1302  A0AAE0SAA0_IPR031424_1_25-125      91.67%    passed     13.70%
1303  E4XG26_IPR031424_1_138-231         92.24%    failed      2.97%
1304  A0A0F6QGK1_IPR045860_1_11-89       93.48%    passed     35.46%
1305  A0A0N4ZKX4_IPR045860_1_21-82       94.88%    passed     19.95%
1306  A0A151NC87_IPR045860_1_158-243     92.90%    passed     23.56%
1307  A0A1D1VT78_IPR045860_1_98-207      90.92%    passed     40.97%
1308  A0A1I7RVE4_IPR045860_1_17-110      92.24%    passed     11.56%
1309  A0A1I8HBH6_IPR045860_1_513-614     91.58%    passed      9.08%
1310  A0A2C9K422_IPR045860_1_14-69       95.38%    passed     18.70%
1311  A0A2W1BZJ9_IPR045860_1_23-86       94.72%    passed     26.99%
1312  A0A3B3SFP9_IPR045860_1_18-91       93.89%    passed     72.69%
1313  A0A3R7MKN0_IPR045860_1_4-77        93.89%    passed     68.07%
1314  A0A4U5ME25_IPR045860_1_30-128      91.83%    failed      2.73%
1315  A0A674H6K9_IPR045860_1_33-108      93.73%    passed     14.39%
1316  A0A6B0VCD7_IPR045860_1_60-143      93.07%    passed     13.32%
1317  A0A7I4YUC0_IPR045860_1_57-138      93.23%    passed     26.11%
1318  A0A7S0R1K6_IPR045860_1_55-125      94.14%    passed     68.55%
1319  A0A8J1UDI6_IPR045860_1_21-90       94.22%    passed     14.41%
1320  A0A914JL77_IPR045860_1_250-317     94.39%    passed     14.41%
1321  A0A914P0I3_IPR045860_1_7-62        95.38%    passed     75.08%
1322  A0A914WNB6_IPR045860_1_59-178      90.10%    passed     54.19%
1323  A0A915BVS1_IPR045860_1_27-134      91.09%    passed     12.49%
1324  A0A915PZ67_IPR045860_1_7-64        95.21%    passed      5.98%
1325  A0A9D4L0N9_IPR045860_1_2-57        95.38%    passed     58.69%
1326  A0A9P1IVJ9_IPR045860_1_16-107      92.41%    passed     19.12%
1327  A0AA39F6L5_IPR045860_1_16-106      92.49%    passed     26.87%
1328  A0AAE0QIX2_IPR045860_1_3-54        95.71%    passed     19.43%
1329  A0AAV2TDN9_IPR045860_1_12-108      92.00%    passed     38.34%
1330  A0AAV5UKY8_IPR045860_1_33-83       95.79%    passed     16.68%
1331  A0AAW0Q3I2_IPR045860_1_17-66       95.87%    passed     44.93%
1332  C3Z070_IPR045860_2_49-117          94.31%    passed     83.22%
1333  F6XDW5_IPR045860_1_18-102          92.99%    passed     24.09%
1334  H5ZVL1_IPR045860_1_1-59            95.13%    passed     13.54%
1335  R7U1I8_IPR045860_1_22-111          92.57%    failed      2.39%
1336  Centipede3FTx_0058_1255758         93.15%    failed      0.82%
1337  U3FVH6_IPR045860_1_13-84           94.06%    passed     59.32%
1338  A0A6J0XUD7_IPR026110_1_102-157     95.38%    passed     47.99%
1339  A0A8C2VN21_IPR026110_1_2-122       90.02%    passed      5.86%
1340  A0A498MKX1_IPR016054_7_441-529     92.66%    passed     11.70%
1341  A0A553PRQ5_IPR045860_1_2-77        93.73%    passed     43.53%
1342  A0A8C6CBQ9_IPR045860_1_66-121      95.38%    passed     27.92%
1343  A0A9Q0X962_IPR045860_1_197-275     93.48%    failed      0.51%
1344  A0AA88NKS8_IPR045860_1_19-95       93.65%    passed     29.64%
1345  A0A151M3Y2_IPR016054_1_435-494     95.05%    passed     48.23%
1346  A0A2K5VKS7_IPR045860_3_109-167     95.13%    failed      1.63%
1347  A0A401RHQ3_IPR016054_1_114-208     92.16%    failed      0.03%
1348  A0A7N5KJR1_IPR016054_1_29-125      92.00%    passed     39.47%
1349  A0AA97KF86_IPR045860_1_20-98       93.48%    failed      3.99%
1350  A0AAA9T1I4_IPR045860_1_2-62        94.97%    passed     69.61%
1351  A0AAD1T3X3_IPR045860_2_118-202     92.99%    passed     15.39%
1352  A0AAV7Q3X5_IPR045860_1_424-512     92.66%    failed      0.47%
1353  G1QG83_IPR045860_1_18-101          93.07%    failed      4.22%
1354  A0A164XA57_IPR039457_1_18-127      90.92%    passed     26.43%
1355  A0A7J7KSY4_IPR039457_1_41-163      89.85%    failed      2.92%
1356  A0A226DZ36_IPR031424_1_17-157      88.37%    passed     19.03%
1357  A0A8J1XJ26_IPR031424_1_30-163      88.94%    passed     54.63%
1358  A0A8W8NB98_IPR031424_1_30-88       95.13%    passed     68.45%
1359  A0ABD2WFA1_IPR031424_1_25-117      92.33%    failed      3.13%
1360  A0A0B1SWC8_IPR045860_1_24-116      92.33%    failed      0.01%
1361  A0A0K0E9Y5_IPR045860_1_6-97        92.41%    passed     39.70%
1362  A0A0R3RWQ8_IPR045860_1_27-98       94.06%    passed     34.20%
1363  A0A182E678_IPR045860_1_22-107      92.90%    passed     48.69%
1364  A0A1W4XFK3_IPR045860_1_18-116      91.83%    passed     71.45%
1365  A0A212EMN2_IPR045860_1_5-68        94.72%    passed     49.79%
1366  A0A2A6B9Z5_IPR045860_1_53-176      89.77%    passed     26.02%
1367  A0A3M7RCI7_IPR045860_1_169-241     93.98%    passed     21.14%
1368  A0A7E4UNJ0_IPR045860_1_19-90       94.06%    passed     70.86%
1369  A0A7S0VUB8_IPR045860_1_14-105      92.41%    failed      0.00%
1370  A0A813NKV6_IPR045860_1_19-90       94.06%    failed      2.93%
1371  A0A8J4T8B0_IPR045860_1_5-54        95.87%    passed     20.00%
1372  A0A8K0EHZ8_IPR045860_1_19-122      91.42%    failed      0.00%
1373  A0A8S4SKC7_IPR045860_1_1-54        95.54%    passed     72.42%
1374  A0A8S9ZVH1_IPR045860_1_45-126      93.23%    failed      0.89%
1375  A0A8T1MDE9_IPR045860_1_21-92       94.06%    passed      8.86%
1376  A0A913XL13_IPR045860_1_490-566     93.65%    passed     46.34%
1377  A0A9X0CE68_IPR045860_1_174-265     92.41%    passed     19.83%
1378  A0AA36CEM3_IPR045860_1_7-62        95.38%    passed     14.29%
1379  A0AAE2D5S9_IPR045860_1_40-103      94.72%    passed     77.76%
1380  A0AAF3F2F2_IPR045860_1_34-110      93.65%    failed      1.87%
1381  A0AAV2JAK8_IPR045860_1_66-133      94.39%    passed      6.05%
1382  A0AAV2TLD3_IPR045860_1_48-111      94.72%    passed     52.53%
1383  A0AAV6ZLS9_IPR045860_1_1-68        94.39%    passed     18.75%
1384  A0AAW0Y0S8_IPR045860_1_21-84       94.72%    passed     68.75%
1385  W5M4X6_IPR045860_1_87-141          95.46%    passed     24.26%
1386  Centipede3FTx_0059_1255758         90.84%    passed     14.42%
1387  Centipede3FTx_0123_60158           93.81%    passed     74.05%
1388  A0A914GLY3_IPR045860_1_8-71        94.72%    passed     69.71%
1389  A0A3Q2HYF9_IPR039237_1_66-164      91.83%    failed      0.23%
1390  A0A0K2VB75_IPR035076_1_21-72       95.71%    failed      4.15%
1391  A0A672HXW0_IPR045860_2_8-80        93.98%    passed      8.40%
1392  A0A8C0CF61_IPR045860_1_20-86       94.47%    passed     55.66%
1393  A0A1A6HP20_IPR016054_1_156-207     95.71%    passed     37.94%
1394  A0A553NSH3_IPR016054_1_20-116      92.00%    passed      7.97%
1395  A0A670ZAR9_IPR045860_2_114-165     95.71%    passed     31.48%
1396  A0A803K920_IPR045860_3_259-314     95.38%    failed      2.04%
1397  A0A8C2SBU2_IPR016054_1_26-143      92.99%    passed     24.39%
1398  A0A8C5SCC3_IPR045860_3_1-57        95.30%    passed     64.89%
1399  A0A9F7TM69_IPR045860_3_169-230     94.88%    passed     22.58%
1400  A0A9J7JYE5_IPR016054_2_119-182     94.72%    passed     26.76%
1401  A0AAD1WQB8_IPR045860_1_121-199     93.48%    passed     29.61%
1402  A0AAN7X9S9_IPR045860_2_114-187     93.89%    passed      9.94%
1403  A0AAV3A123_IPR045860_2_157-245     92.66%    passed     64.68%
1404  A0A8D0BPR5_IPR026524_1_27-111      92.99%    passed     89.58%
1405  A0AAV7Q211_IPR026524_1_4-257       79.04%    failed      0.00%
1406  Q3KUR9_IPR026524_1_16-105          92.57%    failed      0.63%
1407  A0A672TAY2_IPR039457_1_59-138      93.40%    passed      6.92%
1408  A0A1D1UPN3_IPR031424_1_15-101      92.82%    passed      8.40%
1409  A0A1D2MQ55_IPR031424_1_27-155      89.36%    passed      7.72%
1410  A0A1S3H5B0_IPR031424_1_44-162      90.18%    failed      0.86%
1411  A0A226DZC9_IPR031424_1_23-156      88.94%    failed      2.04%
1412  A0A553NCU0_IPR031424_1_23-136      90.59%    passed     91.34%
1413  A0A8I6R741_IPR031424_1_24-109      92.90%    failed      1.69%
1414  A0AAJ6ZQI6_IPR045860_1_29-136      91.09%    passed     56.17%
1415  A0AAV8VLN0_IPR045860_1_4-88        92.99%    failed      0.30%
1416  A0A0H5SL74_IPR045860_1_32-116      92.99%    failed      0.09%
1417  A0A0N4ZNP5_IPR045860_1_33-104      94.06%    failed      1.69%
1418  A0A1I7RXX3_IPR045860_1_24-95       94.06%    failed      1.73%
1419  A0A1S3Q511_IPR045860_1_112-185     93.89%    passed     73.79%
1420  A0A1W4XIE4_IPR045860_1_3-114       90.76%    passed     58.07%
1421  A0A1Y3BNV1_IPR045860_1_4-58        95.46%    passed     78.42%
1422  A0A210Q9V6_IPR045860_1_145-208     94.72%    passed     57.96%
1423  A0A267EFM8_IPR045860_1_10-73       94.72%    passed      6.10%
1424  A0A6M2DXW3_IPR045860_1_28-107      93.40%    failed      3.99%
1425  A0A6P7RFQ4_IPR045860_1_97-148      95.71%    passed     46.36%
1426  A0A6P9FLX0_IPR045860_1_12-64       95.63%    failed      3.81%
1427  A0A6S7GKF8_IPR045860_1_19-105      92.82%    failed      0.02%
1428  A0A7M5U9W9_IPR045860_1_20-115      92.08%    passed     71.16%
1429  A0A7M7RHR6_IPR045860_1_25-107      93.15%    passed     15.08%
1430  A0A814HFH1_IPR045860_1_20-93       93.89%    failed      0.14%
1431  A0A815B2Q3_IPR045860_1_17-74       95.21%    passed     82.58%
1432  A0A8R1Z2I3_IPR045860_1_12-103      92.41%    failed      0.02%
1433  A0A8S1E5R0_IPR045860_1_71-143      93.98%    failed      1.79%
1434  A0A8S9ZW77_IPR045860_1_70-150      93.32%    failed      0.73%
1435  A0A913XL18_IPR045860_1_141-238     92.00%    failed      2.18%
1436  A0A914CQB1_IPR045860_1_17-98       93.23%    passed     50.04%
1437  A0A914TZ53_IPR045860_1_12-105      92.24%    passed      7.43%
1438  A0AA35TY84_IPR045860_1_27-132      91.25%    passed     20.97%
1439  A0AAE1E257_IPR045860_1_52-119      94.39%    passed     66.88%
1440  A0AAN8AXA4_IPR045860_1_15-70       95.38%    passed     32.86%
1441  A0AAV5SJA6_IPR045860_1_15-103      92.66%    passed     61.27%
1442  A0AAV5UNV8_IPR045860_1_18-102      92.99%    failed      0.13%
1443  A0AAW0MZS0_IPR045860_1_6-59        95.54%    passed     11.18%
1444  A0ABD6EKP5_IPR045860_1_10-81       94.06%    passed     16.03%
1445  W8PW57_IPR045860_1_11-85           93.81%    failed      0.75%
1446  Centipede3FTx_0060_1255758         88.53%    failed      1.16%
1447  A0A087WQ65_IPR045860_1_41-113      93.98%    passed     23.69%
1448  A0A8C8RF92_IPR035076_1_12-82       94.14%    passed     36.98%
1449  A0A8C9CVH1_IPR045860_1_36-89       95.54%    passed     63.33%
1450  A0A9Q0Y0G3_IPR045860_1_11-69       95.13%    passed     69.81%
1451  A0AAV6ZDW4_IPR045860_1_1-58        95.21%    passed     42.60%
1452  V8NB38_IPR045860_1_64-117          95.54%    passed     13.95%
1453  N0E6I9_IPR038773_1_9-60            95.71%    failed      0.00%
1454  A0A0A0QUW4_IPR016054_1_1-63        94.80%    passed     80.62%
1455  A0A803JS12_IPR016054_2_112-204     92.33%    passed     25.42%
1456  A0A8D0HA27_IPR016054_1_45-115      94.14%    passed     22.12%
1457  A0A8J6AJV9_IPR016054_1_3-78        93.73%    passed     10.39%
1458  A0A9W2X751_IPR016054_1_12-70       95.13%    failed      3.42%
1459  A0AA97KFU8_IPR045860_1_121-207     92.82%    passed     40.43%
1460  A0AAW1AXJ9_IPR045860_1_111-193     93.15%    passed      7.50%
1461  B2D6N2_IPR045860_2_13-92           93.40%    passed     18.16%
1462  L9KKD7_IPR016054_1_225-321         92.00%    failed      0.32%
1463  A0A8C0WFM8_IPR026524_1_17-97       93.32%    passed      7.74%
1464  A0A3Q2XZN3_IPR039457_1_5-146       88.28%    passed     18.39%
1465  A0A852NKK1_IPR039457_1_3-105       91.50%    passed     58.24%
1466  A0AAW1DF26_IPR039457_1_1-73        93.98%    passed     27.38%
1467  A0A0X3PMB9_IPR045860_1_24-122      91.83%    passed     57.45%
1468  A0A210QR19_IPR031424_1_22-99       93.56%    failed      0.70%
1469  A0A3M7PFA6_IPR031424_1_20-103      93.07%    passed     10.00%
1470  A0A914AMV4_IPR031424_1_51-172      89.93%    failed      1.17%
1471  A0A914T9K7_IPR031424_1_3-71        94.31%    passed      5.85%
1472  A0A9C6SRV2_IPR031424_1_24-77       95.54%    passed     90.02%
1473  A0AA36B8V0_IPR031424_1_35-105      94.14%    passed     87.65%
1474  A0AAE0SQF5_IPR031424_1_31-121      92.49%    passed     31.36%
1475  A0AAN7SNP7_IPR031424_1_20-102      93.15%    passed     12.44%
1476  A0AAN9V7F9_IPR045860_1_16-113      91.91%    failed      4.66%
1477  A0ABD0Y7A6_IPR031424_1_20-163      88.12%    failed      0.07%
1478  T1FHP3_IPR031424_1_37-115          93.48%    failed      2.69%
1479  A0A077Z0B6_IPR045860_1_53-137      92.99%    passed     87.28%
1480  A0A0B2W0J0_IPR045860_1_2-77        93.73%    passed     71.86%
1481  A0A0C2FSU3_IPR045860_1_16-89       93.89%    passed     95.25%
1482  A0A0N4ZQ95_IPR045860_1_27-125      91.83%    passed      8.30%
1483  A0A0Q3VBE2_IPR045860_1_9-64        95.38%    passed     43.03%
1484  A0A158PC07_IPR045860_1_12-107      92.08%    failed      0.26%
1485  A0A1D1W9J0_IPR045860_1_43-95       95.63%    passed     19.67%
1486  A0A210Q9V6_IPR045860_2_2-73        94.06%    passed     13.29%
1487  A0A226DLD2_IPR045860_1_20-136      90.35%    passed     15.83%
1488  A0A7R9A6H2_IPR045860_1_25-110      92.90%    passed     34.21%
1489  A0A8C4YT57_IPR045860_1_20-104      92.99%    failed      3.31%
1490  A0A8C5QVE6_IPR045860_2_119-168     95.87%    passed     71.67%
1491  A0A8D2JIH4_IPR045860_1_26-76       95.79%    passed     71.14%
1492  A0A8I5YPA3_IPR045860_1_25-84       95.05%    passed     77.53%
1493  A0A914JTL9_IPR045860_1_20-78       95.13%    passed     48.11%
1494  A0A914X1Q0_IPR045860_1_27-104      93.56%    passed     13.83%
1495  A0A9D4LPP4_IPR045860_1_28-113      92.90%    failed      1.79%
1496  A0A9Q1GA89_IPR045860_1_6-77        94.06%    passed     67.32%
1497  A0A9W9ZP78_IPR045860_1_86-175      92.57%    passed      7.73%
1498  A0AA36GTX8_IPR045860_1_13-103      92.49%    failed      3.00%
1499  A0AA36MAJ4_IPR045860_1_38-92       95.46%    passed     14.62%
1500  A0AAD9R5Z8_IPR045860_1_15-88       93.89%    passed      7.47%
1501  A0AAE0VEQ6_IPR045860_1_404-482     93.48%    passed     65.95%
1502  A0AAU9WM84_IPR045860_1_19-113      92.16%    passed     14.41%
1503  A0AAV2TU50_IPR045860_1_16-81       94.55%    failed      0.32%
1504  A0AAV6Z364_IPR045860_1_1-75        93.81%    passed     38.58%
1505  A0ABD3UYT6_IPR045860_1_10-74       94.64%    passed     14.92%
1506  F6XPQ3_IPR045860_1_63-135          93.98%    failed      0.17%
1507  T1ILG0_IPR045860_1_12-69           95.21%    passed     19.77%
1508  V4CRU8_IPR045860_1_45-107          94.80%    passed     27.49%
1509  A0A1U7QU12_IPR042339_1_1-96        92.08%    failed      1.51%
1510  A0A484GQ91_IPR042339_1_41-118      93.56%    failed      0.00%
1511  A0A2T7NKQ0_IPR045860_1_26-95       94.22%    passed     41.67%
1512  A0A4U5PHI3_IPR045860_1_21-97       93.65%    passed      5.14%
1513  A0A674J9W8_IPR045860_1_18-67       95.87%    passed     78.55%
1514  A0A814M5N4_IPR045860_1_15-93       93.48%    failed      4.76%
1515  A0A8B8S0Q2_IPR045860_1_27-138      90.76%    passed     15.65%
1516  A0A8B9R4A5_IPR035076_1_21-80       95.05%    passed     28.38%
1517  A0A8C5MY48_IPR045860_1_3-69        94.47%    passed     46.86%
1518  A0A8C8RFB5_IPR045860_1_10-78       94.31%    passed     14.15%
1519  A0AAV6ZW00_IPR045860_1_1-50        95.87%    passed     78.13%
1520  A0A7J7F023_IPR016054_1_2-56        95.46%    passed     40.13%
1521  A0A8D0HA27_IPR045860_2_136-222     92.82%    passed     28.25%
1522  A0A9D3XGJ7_IPR016054_1_24-105      93.23%    passed     25.56%
1523  A0A9W2X751_IPR045860_2_81-138      95.21%    passed     64.60%
1524  A0AA97KFU8_IPR045860_2_16-111      92.08%    passed     60.19%
1525  A0AAV6ZEC7_IPR045860_1_20-103      93.07%    passed     21.20%
1526  A0AAV6ZZZ2_IPR045860_2_25-110      92.90%    passed     13.41%
1527  L5KM26_IPR045860_2_12-65           95.54%    passed     57.39%
1528  A0A8J2WJ03_IPR039457_1_56-169      90.59%    failed      0.44%
1529  A0A226E8M1_IPR031424_1_26-153      89.44%    passed     29.72%
1530  A0A2T7PKX3_IPR031424_1_25-116      92.41%    passed     23.87%
1531  A0A6V7GZJ9_IPR031424_1_1-65        94.64%    passed     96.75%
1532  A0A8K0FZV1_IPR031424_1_22-134      90.68%    passed     20.60%
1533  A0A914ARZ5_IPR031424_1_22-149      89.44%    passed      7.32%
1534  A0A9N9S5K3_IPR031424_1_25-135      90.84%    passed     52.91%
1535  A0A0B1TBH2_IPR045860_1_92-157      94.55%    failed      3.41%
1536  A0A147BEL1_IPR045860_2_99-162      94.97%    failed      0.97%
1537  A0A182SK22_IPR045860_1_1-53        95.63%    passed     31.07%
1538  A0A183PSY2_IPR045860_1_11-108      91.91%    failed      0.11%
1539  A0A1D2M0G9_IPR045860_1_25-112      92.74%    passed     45.36%
1540  A0A226EQQ1_IPR045860_1_66-208      88.20%    failed      3.18%
1541  A0A267EX07_IPR045860_1_483-556     93.89%    passed     11.47%
1542  A0A3M7RMB0_IPR045860_1_25-115      92.49%    failed      0.21%
1543  A0A4U5MQS9_IPR045860_1_90-198      91.01%    passed     34.61%
1544  A0A556U032_IPR045860_1_19-74       95.38%    passed     13.88%
1545  A0A673FRW7_IPR045860_1_11-80       94.22%    passed     36.25%
1546  A0A674PEQ5_IPR045860_1_11-64       95.54%    passed     43.63%
1547  A0A6F8ZMR9_IPR045860_1_28-92       94.64%    passed     86.93%
1548  A0A6G0HW87_IPR045860_2_197-292     92.08%    passed      8.39%
1549  A0A6P8IDF1_IPR045860_1_100-200     91.67%    passed     79.89%
1550  A0A7R9IYK2_IPR045860_1_3-55        95.63%    passed     54.36%
1551  A0A7S1MTA1_IPR045860_1_201-255     95.46%    passed     24.08%
1552  A0A813P492_IPR045860_1_42-98       95.30%    passed      6.50%
1553  A0A814BXE5_IPR045860_1_1-89        92.66%    failed      2.64%
1554  A0A814HVW8_IPR045860_1_25-82       95.21%    passed     29.85%
1555  A0A8B8IYC9_IPR045860_1_1-59        95.13%    failed      2.26%
1556  A0A8C5C145_IPR045860_1_1-60        95.05%    passed     95.93%
1557  A0A8D8DNS1_IPR045860_1_168-222     95.46%    passed     16.81%
1558  A0A8J0SAE6_IPR045860_1_52-129      93.56%    passed     17.66%
1559  A0A8J1UV03_IPR045860_1_161-241     93.32%    passed     53.42%
1560  A0A8J4TJW7_IPR045860_1_96-189      92.24%    failed      3.28%
1561  A0A8T2M011_IPR045860_1_18-116      91.83%    failed      0.00%
1562  A0A913WT09_IPR045860_1_501-592     92.41%    passed     25.07%
1563  A0A914X3N0_IPR045860_1_21-78       95.21%    passed     81.52%
1564  A0A915C6L5_IPR045860_1_14-103      92.57%    failed      3.99%
1565  A0A9P0MN74_IPR045860_1_27-80       95.54%    passed     58.58%
1566  A0A9Q0Y2V8_IPR045860_1_2-57        95.38%    passed     73.89%
1567  A0A9W2XH10_IPR045860_1_11-61       95.79%    passed     28.61%
1568  A0AA35KMU3_IPR045860_1_17-101      92.99%    passed     25.92%
1569  A0AA35NY78_IPR045860_1_38-107      94.22%    passed     29.73%
1570  A0AA36CJ03_IPR045860_1_2-85        93.07%    passed     39.78%
1571  A0AA36MB68_IPR045860_1_43-116      93.89%    passed     34.45%
1572  A0AAF3F6X3_IPR045860_1_12-100      92.66%    passed      7.97%
1573  A0AAU9XLM5_IPR045860_2_156-230     93.81%    failed      2.38%
1574  A0AAW1EW67_IPR045860_1_4-57        95.54%    passed      7.41%
1575  A0ABC9W934_IPR045860_1_34-134      91.67%    failed      0.36%
1576  A0ABD1D0L5_IPR045860_1_4-54        95.79%    passed      6.19%
1577  R7U8P4_IPR045860_1_2-60            95.13%    passed     40.69%
1578  Centipede3FTx_0030_61981           92.74%    failed      0.61%
1579  A0A6P5KXC8_IPR042339_1_49-144      92.08%    passed     39.29%
1580  A0A2D4G9Z1_IPR016054_1_12-109      91.91%    passed      5.30%
1581  A0A2T7P9N7_IPR016054_1_941-1028    92.74%    passed     16.25%
1582  A0A6I8R2P6_IPR045860_1_23-115      92.33%    passed     48.05%
1583  A0A6P8PTC0_IPR045860_1_12-93       93.23%    failed      0.07%
1584  A0A8C0N4C6_IPR045860_1_102-222     90.02%    failed      0.87%
1585  A0AA88TF02_IPR045860_2_1-62        94.88%    failed      0.10%
1586  A0AAW1BLL4_IPR045860_1_7-84        93.56%    passed     13.97%
1587  V8NCZ4_IPR045860_1_1-64            94.72%    passed      6.60%
1588  A0A1A6G1S1_IPR038773_1_106-159     95.54%    failed      0.02%
1589  A0A3P9DMF4_IPR045860_1_56-128      93.98%    failed      3.00%
1590  A0A6P5Q3G2_IPR016054_2_213-310     91.91%    failed      3.13%
1591  A0A8M9PKG4_IPR016054_1_18-93       93.73%    failed      0.39%
1592  A0A9F3QVY1_IPR016054_1_39-103      94.64%    passed     38.88%
1593  A0AAD1WQC3_IPR045860_2_283-370     92.74%    passed      8.80%
1594  A0AAV7Q409_IPR045860_2_1-67        94.47%    passed     20.49%
1595  A0A151NCF0_IPR026524_1_21-112      92.41%    failed      0.00%
1596  A0A8D0XLD5_IPR026524_1_11-270      78.55%    failed      0.00%
1597  A0A1S8WRH0_IPR045860_1_25-89       94.64%    passed     37.79%
1598  A0A8J1Y7G1_IPR031424_1_35-141      91.17%    failed      1.71%
1599  A0A9W2YPS7_IPR031424_1_23-136      90.59%    passed     37.79%
1600  A0AA36C4Y9_IPR031424_1_35-100      94.55%    passed     16.83%
1601  T1FTA0_IPR031424_1_23-103          93.32%    passed     50.19%
1602  T1JCJ9_IPR031424_1_125-212         92.74%    passed     29.26%
1603  A0A0M3K4U5_IPR045860_1_207-283     93.65%    passed     49.56%
1604  A0A1D2M2K8_IPR045860_1_27-112      92.90%    passed     59.62%
1605  A0A1I7X890_IPR045860_1_1-50        95.87%    passed     44.52%
1606  A0A1I8AU51_IPR045860_1_85-163      93.48%    passed     12.23%
1607  A0A1W5BE54_IPR045860_1_9-81        93.98%    failed      0.45%
1608  A0A2A6BVH5_IPR045860_1_16-105      92.57%    passed     36.58%
1609  A0A3P7DWI0_IPR045860_1_8-58        95.79%    passed     51.82%
1610  A0A4U5MVD7_IPR045860_1_36-91       95.38%    failed      0.00%
1611  A0A665TLL2_IPR045860_1_52-147      92.08%    passed      6.59%
1612  A0A672Z7F9_IPR045860_1_6-85        93.40%    failed      4.58%
1613  A0A813WVD2_IPR045860_1_66-122      95.30%    passed      6.30%
1614  A0A8B8PLF7_IPR045860_1_13-138      89.60%    failed      0.88%
1615  A0A8J1LAM8_IPR045860_1_169-254     92.90%    passed     19.74%
1616  A0A8J2RNL0_IPR045860_1_13-65       95.63%    passed     17.60%
1617  A0A8S2GH58_IPR045860_1_48-140      92.33%    passed     65.75%
1618  A0A8T2M011_IPR045860_2_117-186     94.22%    passed      6.00%
1619  A0A9D4M313_IPR045860_1_44-151      91.09%    passed     53.34%
1620  A0A9J7ZI52_IPR045860_1_135-190     95.38%    passed     51.10%
1621  A0A9X0A3X3_IPR045860_1_15-118      91.42%    failed      0.32%
1622  A0AA35U124_IPR045860_1_181-287     91.17%    passed     23.19%
1623  A0AA36CJ11_IPR045860_1_61-114      95.54%    passed     49.30%
1624  A0AAF3FA92_IPR045860_1_108-186     93.48%    passed      5.39%
1625  A0AAN7P2D6_IPR045860_1_187-237     95.79%    passed     16.13%
1626  A0AAV7Q5B8_IPR045860_1_20-109      92.57%    passed     55.10%
1627  A0ABD2NEE1_IPR045860_1_16-108      92.33%    passed     59.31%
1628  D2V2Z0_IPR045860_1_19-99           93.32%    passed     57.49%
1629  Q99473_IPR045860_1_12-70           95.13%    passed     12.31%
1630  Centipede3FTx_0031_61981           85.15%    failed      0.43%
1631  Centipede3FTx_0095_984703          89.36%    failed      0.01%
1632  A0A815C0A8_IPR045860_1_77-155      93.48%    failed      3.46%
1633  A0AAJ7T9K6_IPR045860_1_89-151      94.80%    passed     54.53%
1634  A0A2T7P9N7_IPR016054_2_2145-2238   92.24%    passed      5.53%
1635  A0A6J0ABA1_IPR045860_1_24-93       94.22%    passed     19.01%
1636  A0A7L3T2I9_IPR045860_1_1-81        93.32%    passed      9.80%
1637  A0AAD9JQH5_IPR045860_1_39-111      93.98%    failed      0.94%
1638  A0A0U1RNF3_IPR045860_1_23-73       95.79%    passed     12.02%
1639  A0A151M3Y2_IPR045860_6_748-826     93.48%    failed      2.36%
1640  A0A151NCA5_IPR045860_2_15-75       94.97%    failed      0.78%
1641  A0A1U7SB93_IPR045860_3_158-207     95.87%    failed      4.01%
1642  A0A212CED6_IPR016054_1_52-112      94.97%    passed     61.49%
1643  A0A6P8VR33_IPR045860_1_20-106      92.82%    passed     26.58%
1644  A0A836A292_IPR045860_7_308-373     94.55%    passed     13.20%
1645  A0A8C5QVD3_IPR045860_1_70-130      94.97%    failed      3.55%
1646  A0A9D3XGR2_IPR016054_1_28-118      92.49%    passed     11.27%
1647  A0A9X0A5D2_IPR016054_1_18-111      92.24%    failed      0.02%
1648  A0AAD1TA03_IPR016054_1_21-103      93.15%    failed      4.27%
1649  A0AAV2ZKP5_IPR045860_2_1-67        94.47%    passed     24.62%
1650  A0AAV6ZM70_IPR045860_1_18-105      92.74%    failed      0.12%
1651  A0AAW1V7Z3_IPR016054_2_110-175     94.55%    passed     55.10%
1652  A0A5N4CSY0_IPR026524_1_16-126      90.84%    failed      2.88%
1653  A0AAX6T0N5_IPR026524_1_200-369     85.97%    failed      0.00%
1654  A0A1I8IPG4_IPR031424_1_200-249     95.87%    passed     48.55%
1655  A0A1L8DNC4_IPR045860_1_16-118      91.50%    passed     61.14%
1656  A0A433U739_IPR031424_1_30-128      91.83%    passed     67.49%
1657  A0A482WZG1_IPR031424_1_25-150      89.60%    failed      0.01%
1658  A0A816BYK0_IPR031424_1_4-60        95.30%    passed     27.38%
1659  A0AA36CBI2_IPR031424_1_35-147      90.68%    failed      1.53%
1660  A0AA38HQJ2_IPR031424_1_19-111      92.33%    failed      1.05%
1661  A0A061HX69_IPR045860_1_480-531     95.71%    failed      1.75%
1662  A0A077Z8A9_IPR045860_1_16-98       93.15%    passed     28.26%
1663  A0A094ZQS8_IPR045860_1_45-96       95.71%    passed      6.03%
1664  A0A0V0SJT5_IPR045860_1_75-166      92.41%    passed     43.53%
1665  A0A182T5G5_IPR045860_1_171-245     93.81%    passed     17.41%
1666  A0A183U308_IPR045860_1_16-85       94.22%    passed     20.19%
1667  A0A1L8FP00_IPR045860_1_20-112      92.33%    passed     40.30%
1668  A0A2G9UTY1_IPR045860_1_78-156      93.48%    passed     23.29%
1669  A0A3M6U0A5_IPR045860_1_54-153      91.75%    passed     18.41%
1670  A0A3M7S394_IPR045860_1_25-122      91.91%    failed      0.00%
1671  A0A4S2LXJ0_IPR045860_1_22-89       94.39%    passed      8.11%
1672  A0A4V5ZXI3_IPR045860_1_5-71        94.47%    passed     86.21%
1673  A0A6G1QXP5_IPR045860_2_23-103      93.32%    failed      4.55%
1674  A0A6J8B243_IPR045860_2_16-69       95.54%    passed     30.81%
1675  A0A8C6WTV3_IPR045860_1_14-90       93.65%    passed     21.88%
1676  A0A8C7I900_IPR045860_1_10-72       94.80%    passed     49.86%
1677  A0A8J6EQB4_IPR045860_1_30-104      93.81%    passed     39.48%
1678  A0A8S2H7F1_IPR045860_1_29-105      93.65%    failed      1.09%
1679  A0A914K597_IPR045860_1_21-96       93.73%    passed     11.23%
1680  A0A921Z041_IPR045860_1_79-129      95.79%    passed     30.70%
1681  A0AA35P148_IPR045860_1_32-115      93.07%    passed     13.43%
1682  A0AA35U124_IPR045860_2_23-142      90.10%    passed      7.50%
1683  A0AA36CJ38_IPR045860_1_17-91       93.81%    passed      8.75%
1684  A0AAD4NCE5_IPR045860_1_43-148      91.25%    failed      0.45%
1685  A0AAD8CGL1_IPR045860_1_1-56        95.38%    failed      0.00%
1686  A0AAD9NDG7_IPR045860_1_16-118      91.50%    passed     34.07%
1687  A0AAE9FCQ7_IPR045860_1_31-109      93.48%    passed     56.85%
1688  A0AAN9H109_IPR045860_1_1-51        95.79%    passed     23.04%
1689  A0AAV4BL23_IPR045860_1_29-102      93.89%    passed     75.16%
1690  A0AAX7TJ66_IPR045860_1_10-64       95.46%    passed     51.12%
1691  A0AAZ1WZK1_IPR045860_1_351-406     95.38%    failed      0.89%
1692  F6YIE7_IPR045860_1_70-157          92.74%    passed     21.73%
1693  G0MQL5_IPR045860_1_12-111          91.75%    passed     76.03%
1694  H3BIN3_IPR045860_1_21-96           93.73%    passed     24.17%
1695  R7UD99_IPR045860_2_123-186         94.72%    passed     59.36%
1696  Centipede3FTx_0032_61981           88.04%    passed     17.32%
1697  Centipede3FTx_0128_1255758         83.99%    passed     21.11%
1698  A0A3B3UHZ6_IPR016054_1_19-107      92.66%    failed      2.40%
1699  A0A4U8UL41_IPR045860_1_17-101      92.99%    passed     53.29%
1700  A0AAD1W471_IPR045860_1_20-112      92.33%    failed      0.01%
1701  A0A3Q2Q2Z7_IPR045860_1_7-72        94.55%    failed      0.19%
1702  A0A6P9DEV7_IPR045860_2_16-111      92.08%    passed     21.49%
1703  A0A7N6FLY1_IPR045860_1_1-72        94.06%    failed      2.61%
1704  A0A803JTA5_IPR045860_3_14-65       95.71%    failed      4.88%
1705  A0A8C3SHN7_IPR045860_1_129-192     94.72%    failed      1.29%
1706  A0A8C5QVD3_IPR045860_2_10-61       95.71%    passed     39.28%
1707  A0AAV5TBW2_IPR045860_1_17-101      92.99%    failed      1.57%
1708  A0AAV6ZF17_IPR045860_1_1-67        94.47%    passed      6.91%
1709  A0AAW0N2N6_IPR045860_1_190-252     94.80%    failed      1.51%
1710  Q9I8P7_IPR045860_1_113-194         93.23%    passed     51.90%
1711  A0AB34HME4_IPR026524_1_1-169       86.06%    failed      0.00%
1712  A0A1D1V7I0_IPR031424_1_94-184      92.49%    passed      7.96%
1713  A0A2H1WLM9_IPR031424_1_11-81       94.14%    passed     88.77%
1714  A0A7R9QCV8_IPR031424_1_20-156      88.70%    passed     28.75%
1715  A0A0C2H646_IPR045860_1_21-117      92.00%    failed      4.85%
1716  A0A0N5A8A8_IPR045860_1_34-136      91.50%    passed     16.59%
1717  A0A182MBE3_IPR045860_1_59-119      94.97%    failed      2.77%
1718  A0A183BWE7_IPR045860_1_24-121      91.91%    failed      0.04%
1719  A0A3M6U108_IPR045860_1_1-73        93.98%    failed      0.39%
1720  A0A3M7S8Y0_IPR045860_1_20-114      92.16%    passed      8.38%
1721  A0A4C1VGM8_IPR045860_1_233-296     94.72%    passed     20.34%
1722  A0A4V5ZYF6_IPR045860_1_19-99       93.32%    passed     74.64%
1723  A0A5N4A6G8_IPR045860_1_20-98       93.48%    passed     66.49%
1724  A0A7I8V5T3_IPR045860_1_17-132      90.43%    failed      0.22%
1725  A0A7M7GRR2_IPR045860_1_31-144      90.59%    passed      9.52%
1726  A0A7R9ANT5_IPR045860_1_84-146      94.80%    passed     77.18%
1727  A0A7S3D9X3_IPR045860_1_21-86       94.55%    passed     29.41%
1728  A0A814NIW3_IPR045860_1_20-90       94.14%    failed      0.00%
1729  A0A8B7ZBH0_IPR045860_1_25-115      92.49%    passed     29.85%
1730  A0A8C3F363_IPR045860_1_18-124      91.17%    passed      9.60%
1731  A0A8J9V6N6_IPR045860_1_9-59        95.79%    passed     34.66%
1732  A0A8M1MQ92_IPR045860_1_13-67       95.46%    passed     51.37%
1733  A0A8S3Z4R5_IPR045860_1_1-86        92.90%    failed      3.92%
1734  A0A914UKU9_IPR045860_1_20-106      92.82%    passed      6.80%
1735  A0A9D4F3Z0_IPR045860_1_343-409     94.47%    passed      5.29%
1736  A0A9J7L2Y8_IPR045860_1_96-184      92.66%    passed     25.32%
1737  A0AA35VPJ0_IPR045860_1_25-111      92.82%    passed      6.06%
1738  A0AA36FZF4_IPR045860_1_1-55        95.46%    failed      3.96%
1739  A0AA36GWY8_IPR045860_1_18-97       93.40%    failed      0.71%
1740  A0AAD9NG65_IPR045860_1_230-283     95.54%    failed      0.94%
1741  A0ABD0N8X1_IPR045860_1_1-56        95.38%    passed     90.76%
1742  D2VQS4_IPR045860_1_25-111          92.82%    passed      7.91%
1743  H9G8Z4_IPR045860_1_16-101          92.90%    failed      4.64%
1744  K1PX19_IPR045860_2_81-148          94.39%    failed      0.31%
1745  L7MHT0_IPR045860_1_2-74            93.98%    passed     20.24%
1746  R7UXY0_IPR045860_1_94-150          95.30%    passed     15.43%
1747  T1J6C3_IPR045860_1_11-91           93.32%    failed      1.53%
WARNING: 1747 sequences contain more than 50% gaps/ambiguity
****  TOTAL                              93.16%  480 sequences failed composition chi2 test (p-value<5%; df=19)
Checking for duplicate sequences: done in 0.00479412 secs using 128.3% CPU

CHECKPOINT: Initial tree restored
Generating 1000 samples for ultrafast bootstrap (seed: 156327)...
CHECKPOINT: 1000 UFBoot trees and 40 UFBootSplits restored

NOTE: 2370 MB RAM (2 GB) is required!
Measuring multi-threading efficiency up to 14 CPU cores
3 trees examined
Threads: 1 / Time: 16.542 sec / Speedup: 1.000 / Efficiency: 100% / LogL: -380493
Threads: 2 / Time: 11.189 sec / Speedup: 1.478 / Efficiency: 74% / LogL: -380493
Threads: 3 / Time: 7.799 sec / Speedup: 2.121 / Efficiency: 71% / LogL: -380493
Threads: 4 / Time: 6.366 sec / Speedup: 2.599 / Efficiency: 65% / LogL: -380493
Threads: 5 / Time: 6.637 sec / Speedup: 2.492 / Efficiency: 50% / LogL: -380493
Determining AUTO threadcount: done in 48.6589 secs using 174.9% CPU
BEST NUMBER OF THREADS: 4

CHECKPOINT: Model parameters restored, LogL: -337312.812
Wrote distance file to... 
--------------------------------------------------------------------
|             INITIALIZING CANDIDATE TREE SET                      |
--------------------------------------------------------------------
CHECKPOINT: Candidate tree set restored, best LogL: -337312.812
Finish initializing candidate tree set (20)
Current best tree score: -337312.812 / CPU time: 0.000
Number of iterations: 2022
--------------------------------------------------------------------
|               OPTIMIZING CANDIDATE TREE SET                      |
--------------------------------------------------------------------
Iteration 2030 / LogL: -337405.536 / Time: 0h:16m:23s (0h:0m:33s left)
Iteration 2040 / LogL: -337326.474 / Time: 0h:35m:58s (0h:1m:3s left)
Iteration 2050 / LogL: -337340.035 / Time: 0h:54m:30s (0h:1m:19s left)
Log-likelihood cutoff on original alignment: -337832.984
Iteration 2060 / LogL: -337341.465 / Time: 1h:12m:26s (0h:1m:24s left)
Iteration 2070 / LogL: -337349.960 / Time: 1h:30m:39s (0h:1m:18s left)
Iteration 2080 / LogL: -337352.903 / Time: 1h:50m:1s (0h:1m:3s left)
Iteration 2090 / LogL: -337354.770 / Time: 2h:10m:21s (0h:0m:37s left)
Iteration 2100 / LogL: -337354.593 / Time: 2h:30m:26s (0h:0m:0s left)
Log-likelihood cutoff on original alignment: -337832.984
NOTE: Bootstrap correlation coefficient of split occurrence frequencies: 0.898
NOTE: UFBoot does not converge, continue at least 100 more iterations
Iteration 2110 / LogL: -337331.188 / Time: 2h:48m:47s (0h:7m:12s left)
Iteration 2120 / LogL: -337328.972 / Time: 3h:6m:33s (0h:7m:2s left)

******************************************************
CHECKPOINT: Resuming analysis from aln_famsa2.phy.ckp.gz

IQ-TREE version 3.0.1 for MacOS ARM 64-bit built Jun 30 2025
Developed by Bui Quang Minh, Thomas Wong, Nhan Ly-Trong, Huaiyan Ren
Contributed by Lam-Tung Nguyen, Dominik Schrempf, Chris Bielow,
Olga Chernomor, Michael Woodhams, Diep Thi Hoang, Heiko Schmidt

Host:    w198-24-v4.eduroam.dynamic.rbg.tum.de (SSE4.2, 48 GB RAM)
Command: iqtree3 -s aln_famsa2.phy -m VT+R8 -T AUTO -B 1000 --nmax 2130
Seed:    942890 (Using SPRNG - Scalable Parallel Random Number Generator)
Time:    Tue Sep  2 17:26:23 2025
Kernel:  SSE2 - auto-detect threads (14 CPU cores detected)

WARNING: Command-line argument `2130` differs from checkpoint `10000`
WARNING: Command-line differs from checkpoint!
Reading alignment file aln_famsa2.phy ... Phylip format detected
Alignment most likely contains protein sequences
Constructing alignment: done in 0.00904107 secs using 86.01% CPU
WARNING: 44 sites contain only gaps or ambiguous characters.
Alignment has 1747 sequences with 1212 columns, 1075 distinct patterns
459 parsimony-informative, 298 singleton sites, 455 constant sites
                                  Gap/Ambiguity  Composition  p-value
Analyzing sequences: done in 0.000390053 secs using 616.1% CPU
   1  Centipede3FTx_0001_61981           93.81%    passed     54.95%
   2  Centipede3FTx_0033_61981           90.10%    passed     16.99%
   3  Centipede3FTx_0129_1255758         90.26%    passed     18.88%
   4  A0AAD9K488_IPR045860_1_1-53        95.63%    failed      3.74%
   5  V9IHU1_IPR035076_1_22-80           95.13%    passed     32.86%
   6  A0A2D4PI90_IPR045860_1_3-66        94.72%    failed      0.48%
   7  A0A2Y9P282_IPR045860_2_21-157      88.70%    failed      0.52%
   8  A0A6J3DA86_IPR045860_1_21-76       95.38%    passed     13.81%
   9  A0A6P5A2A8_IPR045860_2_37-126      92.57%    passed     35.74%
  10  A0A7F8QAG4_IPR045860_1_89-140      95.71%    passed     62.94%
  11  A0A8C5QS38_IPR045860_2_242-325     93.07%    failed      2.39%
  12  A0A8R1YLV9_IPR016054_1_5-66        94.88%    passed     65.76%
  13  A0A974CDU6_IPR045860_1_17-166      87.62%    failed      0.00%
  14  A0A9F5IW75_IPR016054_1_29-135      91.17%    passed     85.57%
  15  A0AAD1TA13_IPR045860_1_11-72       94.88%    passed     21.00%
  16  A0AAN9Z724_IPR016054_1_20-119      91.75%    failed      0.09%
  17  A0AAV5TGY1_IPR045860_1_9-91        93.15%    passed      5.40%
  18  A0AAV7Q439_IPR016054_1_135-230     92.08%    passed     54.41%
  19  A6HS05_IPR051445_1_2-93            92.41%    passed     43.28%
  20  F6W179_IPR016054_1_389-462         93.89%    passed     38.72%
  21  A0ABD2F034_IPR026524_1_1-71        94.14%    failed      0.01%
  22  A0A0C2GT18_IPR031424_1_15-130      90.43%    passed     93.73%
  23  A0A0N4XEH7_IPR031424_1_22-147      89.60%    passed     78.16%
  24  A0A1D2NLN9_IPR031424_1_47-153      91.17%    passed     75.92%
  25  A0A5E4M857_IPR031424_1_22-151      89.27%    failed      0.25%
  26  A0A820IC74_IPR031424_1_22-88       94.47%    passed     72.40%
  27  A0A8S1CCR9_IPR031424_1_91-198      91.09%    passed     46.69%
  28  A0A9D4FIS8_IPR031424_1_24-87       94.72%    failed      0.18%
  29  A0AA38HY41_IPR031424_1_139-222     93.07%    passed     18.46%
  30  A0AAD7YTB9_IPR045860_1_21-123      91.50%    passed     71.47%
  31  A0AAD9PC26_IPR031424_1_20-109      92.57%    passed     63.06%
  32  A0AAE1GWL2_IPR031424_1_77-206      89.27%    passed      9.80%
  33  A0AAV4RF83_IPR031424_1_16-72       95.30%    passed     80.60%
  34  A0AAV5UID1_IPR031424_1_7-80        93.89%    passed     34.12%
  35  T1FUE6_IPR045860_2_183-273         92.49%    passed     10.61%
  36  A0A0N4V1D2_IPR045860_1_21-93       93.98%    passed     39.74%
  37  A0A1B0GXA9_IPR045860_1_21-86       94.55%    passed     39.49%
  38  A0A1X7VDD8_IPR045860_1_128-242     90.51%    passed     28.24%
  39  A0A210QJ17_IPR045860_1_35-127      92.33%    passed     17.76%
  40  A0A2I3SXH2_IPR045860_1_25-101      93.65%    passed     70.68%
  41  A0A3S1A7L4_IPR045860_1_37-138      91.58%    passed     46.64%
  42  A0A4S2M8K0_IPR045860_1_123-197     93.81%    passed     14.54%
  43  A0A4U5NHD1_IPR045860_1_2-61        95.05%    passed     29.57%
  44  A0A669BVS0_IPR045860_1_39-98       95.05%    passed     14.50%
  45  A0A6P8H3A5_IPR045860_1_18-100      93.15%    passed     11.12%
  46  A0A6P8QG64_IPR045860_1_1-66        94.55%    passed     65.59%
  47  A0A7G3AGZ0_IPR045860_1_4-85        93.23%    passed     36.80%
  48  A0A7I8VIA7_IPR045860_1_60-153      92.24%    passed     15.16%
  49  A0A7M7L7E2_IPR045860_2_145-210     94.55%    passed     88.28%
  50  A0A821DEK8_IPR045860_1_13-92       93.40%    passed     84.24%
  51  A0A8C9TGN1_IPR045860_1_85-156      94.06%    passed     22.33%
  52  A0A8J0TC19_IPR045860_1_112-201     92.57%    failed      0.83%
  53  A0A8R1E9F7_IPR045860_1_50-124      93.81%    passed     61.31%
  54  A0A8T1N1B6_IPR045860_1_24-95       94.06%    passed     15.44%
  55  A0A8T2IS40_IPR045860_2_1-69        94.31%    failed      1.40%
  56  A0A9W9Y813_IPR045860_1_3-81        93.48%    passed      9.59%
  57  A0AA35VVV8_IPR045860_1_89-139      95.79%    failed      0.53%
  58  A0AAD1W705_IPR045860_1_52-101      95.87%    passed     55.29%
  59  A0AAD9NIP8_IPR045860_1_2-77        93.73%    passed      9.94%
  60  A0AAE0VXI9_IPR045860_1_9-102       92.24%    passed     71.23%
  61  A0AAJ7SM78_IPR045860_1_2-56        95.46%    failed      3.44%
  62  A0AAN8I461_IPR045860_1_1-58        95.21%    passed     13.47%
  63  A0AAV5T1P7_IPR045860_1_14-95       93.23%    passed     31.10%
  64  A0AAV5VD36_IPR045860_1_14-96       93.15%    passed     34.56%
  65  A0AAV6Z5N0_IPR045860_1_60-145      92.90%    passed      8.98%
  66  A0ABD2NYW7_IPR045860_1_27-107      93.32%    passed      9.71%
  67  C3ZZL6_IPR045860_1_583-641         95.13%    passed     43.18%
  68  Q0GAP6_IPR045860_1_20-81           94.88%    passed     27.37%
  69  Centipede3FTx_0002_61981           89.93%    passed     25.12%
  70  Centipede3FTx_0034_61981           91.50%    passed      5.11%
  71  Centipede3FTx_0130_1255758         88.28%    failed      4.22%
  72  A0A2G5UGY6_IPR045860_1_11-84       93.89%    passed     26.34%
  73  A0A452QH48_IPR045860_1_18-78       94.97%    passed      5.30%
  74  A0A643BR30_IPR045860_1_4-67        94.72%    failed      0.06%
  75  A0A6I8RYL8_IPR045860_1_14-87       93.89%    passed      7.24%
  76  A0A8C2RF78_IPR035076_1_32-90       95.13%    passed     47.43%
  77  A0A8C3JMR5_IPR045860_1_1-66        94.55%    passed      9.90%
  78  A0AAN5DDC6_IPR045860_1_29-96       94.39%    failed      2.81%
  79  G3V0Z9_IPR045860_1_12-75           94.72%    passed     13.93%
  80  A0A096LTF5_IPR016054_2_112-188     93.65%    passed     11.57%
  81  A0A0F7JHR5_IPR045860_2_115-198     93.07%    passed     27.30%
  82  A0A0H4AC90_IPR045860_1_1-84        93.07%    passed      5.76%
  83  A0A4D9DJB4_IPR045860_4_567-619     95.63%    failed      0.32%
  84  A0A6I8PU52_IPR016054_2_217-299     93.15%    passed     31.02%
  85  A0A7J8C8R7_IPR016054_1_22-94       93.98%    passed      9.17%
  86  A0A8D0UEP2_IPR026524_1_10-132      89.85%    passed      7.51%
  87  A0A9B0U280_IPR016054_1_21-101      93.32%    failed      0.81%
  88  A0A9L0SSL3_IPR045860_2_59-112      95.54%    passed      9.49%
  89  G1UJB0_IPR045860_2_20-114          92.16%    failed      0.75%
  90  K7E0K4_IPR016054_3_208-300         92.33%    failed      0.03%
  91  M7B2W8_IPR045860_1_103-155         95.63%    failed      0.29%
  92  A0A8C3SCR7_IPR026524_1_6-286       76.82%    failed      0.00%
  93  A0A1A8RH00_IPR039457_1_5-88        93.07%    passed     24.68%
  94  A0A1D1VG99_IPR031424_1_70-203      88.94%    failed      0.00%
  95  A0A1D2NLW9_IPR031424_1_23-153      89.19%    passed     71.35%
  96  A0A226EVU9_IPR031424_1_54-155      91.58%    failed      4.09%
  97  A0A6J1WMJ4_IPR031424_1_24-133      90.92%    passed     60.72%
  98  A0AAV8VRB0_IPR031424_1_21-101      93.32%    passed     18.84%
  99  A1Z8Y5_IPR031424_1_26-123          91.91%    passed     51.52%
 100  A0A0C2MH32_IPR045860_1_1-73        93.98%    passed     96.11%
 101  A0A1D2MG66_IPR045860_1_25-115      92.49%    passed     24.44%
 102  A0A1I7Y769_IPR045860_1_19-117      91.83%    failed      0.07%
 103  A0A1I8IX46_IPR045860_1_319-392     93.89%    passed     12.87%
 104  A0A4S2MLE7_IPR045860_1_36-111      93.73%    passed     59.25%
 105  A0A4U5NI55_IPR045860_1_19-94       93.73%    passed     57.62%
 106  A0A7M5VEA9_IPR045860_1_33-105      93.98%    passed     43.47%
 107  A0A7S3G3U3_IPR045860_1_2-54        95.63%    passed     10.27%
 108  A0A834A2I1_IPR045860_1_24-95       94.06%    passed     64.48%
 109  A0A8B6GU07_IPR045860_1_11-102      92.41%    passed     13.07%
 110  A0A8C5QXT3_IPR045860_1_53-106      95.54%    passed     28.09%
 111  A0A8J5JX50_IPR045860_1_71-166      92.08%    passed     19.10%
 112  A0A8K0F306_IPR045860_1_23-130      91.09%    passed     49.12%
 113  A0A8S3ZH90_IPR045860_1_1-79        93.48%    passed     42.40%
 114  A0A914USH5_IPR045860_1_15-100      92.90%    passed     28.26%
 115  A0A915DFY2_IPR045860_1_15-80       94.55%    passed     55.51%
 116  A0A9P0DTR9_IPR045860_1_1-58        95.21%    passed     78.60%
 117  A0A9P1MMA3_IPR045860_1_27-105      93.48%    passed     10.73%
 118  A0A9W2Z002_IPR045860_1_18-92       93.81%    failed      0.00%
 119  A0A9W9YJ69_IPR045860_1_16-79       94.72%    failed      0.04%
 120  A0AA85JZT4_IPR045860_1_28-94       94.47%    failed      2.28%
 121  A0AAD9NTI8_IPR045860_1_19-83       94.64%    passed     71.20%
 122  A0AAE0W1W7_IPR045860_1_20-75       95.38%    passed     89.33%
 123  A0AAE1GRD3_IPR045860_1_32-133      91.58%    passed     12.77%
 124  A0AAV2PG25_IPR045860_1_44-99       95.38%    passed     38.36%
 125  A0AAV5VD69_IPR045860_1_14-86       93.98%    passed     44.22%
 126  A0AAV6UAT7_IPR045860_1_25-84       95.05%    passed     34.28%
 127  E0W218_IPR045860_1_19-88           94.22%    passed     26.65%
 128  M1ZMI5_IPR045860_1_3-54            95.71%    passed     17.73%
 129  R7VD63_IPR045860_1_180-235         95.38%    passed     42.34%
 130  W5MLI6_IPR045860_1_1-65            94.64%    passed     42.02%
 131  Centipede3FTx_0067_1255758         89.60%    passed      7.06%
 132  Centipede3FTx_0099_984703          92.33%    passed     16.73%
 133  A0A090LL14_IPR003571_1_32-90       95.13%    failed      2.66%
 134  A0A8C3SXJ0_IPR045860_1_14-67       95.54%    passed     72.61%
 135  A0A8C9F6M2_IPR035076_1_14-65       95.71%    passed     33.58%
 136  M3XSN1_IPR045860_1_65-143          93.48%    failed      0.23%
 137  A0A1L6Z9Y5_IPR026524_1_1-149       87.71%    failed      0.02%
 138  A0A2Y9RVA8_IPR016054_1_239-303     94.64%    passed     53.09%
 139  A0A6P7YUZ6_IPR045860_2_114-195     93.23%    passed      6.21%
 140  A0A8J6B5V3_IPR045860_2_124-181     95.21%    passed     19.31%
 141  A0AAD5KP77_IPR016054_1_20-118      91.83%    passed     87.96%
 142  A6J8Z0_IPR016054_1_69-200          89.11%    passed      5.94%
 143  G3VP90_IPR016054_3_210-302         92.33%    passed     10.66%
 144  A0A1L6Z9Z9_IPR026524_1_1-81        93.32%    passed      8.44%
 145  A0A1A8RI45_IPR039457_1_1-66        94.55%    passed      6.83%
 146  A0A7R9G4N8_IPR039457_1_19-129      90.84%    passed     74.69%
 147  A0A0L0BZ61_IPR031424_1_35-125      92.49%    passed     15.50%
 148  A0A1B0GHW8_IPR031424_1_36-128      92.33%    failed      0.08%
 149  A0A1D1VGV8_IPR031424_1_79-178      91.75%    failed      4.55%
 150  A0A226EYN6_IPR031424_1_49-136      92.74%    passed     54.20%
 151  A0A6G1SPW6_IPR031424_1_43-183      88.37%    passed     35.56%
 152  A0A834IJZ1_IPR031424_1_21-82       94.88%    passed     43.19%
 153  A0A8I6RMI4_IPR031424_1_20-124      91.34%    failed      4.99%
 154  A0A8J5MU39_IPR031424_1_24-110      92.82%    passed      6.94%
 155  A0A914WJK0_IPR031424_1_20-145      89.60%    failed      0.00%
 156  A0A9J6CMN1_IPR031424_1_155-254     91.75%    passed     51.59%
 157  A0A9N9WRV6_IPR031424_1_23-109      92.82%    passed     61.08%
 158  A0A0A0QUX4_IPR045860_1_18-69       95.71%    passed     44.12%
 159  A0A0N5AVA4_IPR045860_1_18-110      92.33%    failed      1.66%
 160  A0A1I7Y7B6_IPR045860_1_22-95       93.89%    passed     17.79%
 161  A0A1X7VMF3_IPR045860_1_25-96       94.06%    passed     72.37%
 162  A0A267FE13_IPR045860_1_77-159      93.15%    passed     13.42%
 163  A0A2I0TMY7_IPR045860_1_43-134      92.41%    passed     23.82%
 164  A0A3P7HPH2_IPR045860_1_12-82       94.14%    passed     28.79%
 165  A0A7I8WE53_IPR045860_1_16-88       93.98%    failed      0.26%
 166  A0A7M5VET2_IPR045860_1_1-98        91.91%    passed     11.51%
 167  A0A813PZ80_IPR045860_1_21-87       94.47%    failed      4.07%
 168  A0A818U6W1_IPR045860_1_9-102       92.24%    passed     26.73%
 169  A0A820SNE3_IPR045860_1_69-132      94.72%    failed      0.00%
 170  A0A8C1VYQ5_IPR045860_1_22-81       95.05%    passed     69.61%
 171  A0A8D8EYL6_IPR045860_1_27-148      89.93%    failed      4.38%
 172  A0A914IDC6_IPR045860_1_41-96       95.38%    passed     61.10%
 173  A0A914Z0P7_IPR045860_1_116-196     93.32%    passed     78.23%
 174  A0A9Q0YDX6_IPR045860_1_30-121      92.41%    passed     41.88%
 175  A0AAV5TAP5_IPR045860_1_21-102      93.23%    passed     15.80%
 176  A0AAV7T9C4_IPR045860_1_19-85       94.47%    failed      3.65%
 177  A0ABD1DX19_IPR045860_1_9-71        94.80%    passed     42.05%
 178  B4GU16_IPR045860_1_105-181         93.65%    passed      6.30%
 179  P0DPY0_IPR045860_1_22-106          92.99%    passed     33.95%
 180  Centipede3FTx_0004_61981           91.42%    passed      5.51%
 181  Centipede3FTx_0036_60158           93.98%    passed     80.59%
 182  Centipede3FTx_0100_984703          90.35%    passed     11.39%
 183  A0A8C8T5K9_IPR026110_1_35-140      91.25%    passed      8.60%
 184  A0A820L598_IPR045860_1_27-77       95.79%    failed      0.04%
 185  A0A9D3S5X7_IPR016054_1_19-113      92.16%    failed      0.04%
 186  A0AAW0MGU5_IPR016054_1_35-92       95.21%    failed      0.27%
 187  A0A6P8SIG0_IPR045860_1_116-202     92.82%    passed     54.48%
 188  A0A8C5QSE3_IPR045860_2_37-123      92.82%    failed      0.00%
 189  A0AAD9JMX5_IPR045860_1_29-114      92.90%    passed     24.70%
 190  A0AAV1Q741_IPR016054_1_29-100      94.06%    passed     21.52%
 191  A0AAW0H6Z6_IPR045860_1_18-90       93.98%    passed     16.52%
 192  A0A182SJ17_IPR045860_1_10-115      91.25%    passed     15.33%
 193  A0A1D1VGW6_IPR031424_1_24-132      91.01%    passed     11.89%
 194  A0A1V9XC70_IPR031424_1_23-117      92.16%    passed     60.44%
 195  A0A3M7SL07_IPR031424_1_3-79        93.65%    passed     54.40%
 196  A0A8S2KJM8_IPR031424_1_23-88       94.55%    passed     82.96%
 197  A0AAD8EMJ0_IPR031424_1_22-136      90.51%    failed      3.75%
 198  B4G719_IPR031424_1_24-125          91.58%    passed     43.30%
 199  E9H2D7_IPR031424_1_24-151          89.44%    failed      1.18%
 200  A0A016U7J7_IPR045860_1_34-87       95.54%    passed     37.92%
 201  A0A0C2NE02_IPR045860_1_3-88        92.90%    passed     55.22%
 202  A0A1S3H0Z1_IPR045860_1_32-107      93.73%    passed     87.26%
 203  A0A1V9XGM2_IPR045860_1_3-66        94.72%    passed     27.87%
 204  A0A1X7VNV6_IPR045860_1_29-136      91.09%    failed      4.77%
 205  A0A260Z1G3_IPR045860_1_32-105      93.89%    passed     50.40%
 206  A0A3N0XLF4_IPR045860_1_22-82       94.97%    failed      3.25%
 207  A0A4U5NZH1_IPR045860_1_19-101      93.15%    passed      8.45%
 208  A0A6A0GZJ4_IPR045860_1_10-60       95.79%    failed      4.72%
 209  A0A814D4D4_IPR045860_1_40-103      94.72%    passed     69.65%
 210  A0A814NNU2_IPR045860_1_23-125      91.50%    passed     37.56%
 211  A0A834R8A3_IPR045860_1_1-102       91.58%    passed     10.36%
 212  A0A8B7DGG4_IPR045860_1_44-134      92.49%    failed      0.59%
 213  A0A8C4LH24_IPR045860_2_26-108      93.15%    passed     59.15%
 214  A0A8X6I8W4_IPR045860_1_77-130      95.54%    passed     16.16%
 215  A0A914IDL7_IPR045860_1_43-105      94.80%    passed     21.33%
 216  A0A974HX00_IPR045860_1_27-118      92.41%    passed     20.84%
 217  A0A9D3PWW3_IPR045860_1_25-139      90.51%    passed     17.25%
 218  A0A9D4B431_IPR045860_1_7-87        93.32%    passed      6.22%
 219  A0A9Q0YFA6_IPR045860_1_37-119      93.15%    passed     25.71%
 220  A0AA35WXI3_IPR045860_1_192-289     91.91%    passed      9.16%
 221  A0AA36H002_IPR045860_1_1-57        95.30%    passed     72.37%
 222  A0AA85K4Y5_IPR045860_1_12-156      88.04%    passed      7.03%
 223  A0AA88M7S9_IPR045860_1_5-74        94.22%    failed      0.00%
 224  A0AAD9P4H3_IPR045860_1_15-76       94.88%    passed     18.13%
 225  A0AAN4ZEY9_IPR045860_1_21-99       93.48%    passed     13.96%
 226  A0AAN5DA64_IPR045860_1_36-130      92.16%    passed     22.37%
 227  A0AAN8LXL3_IPR045860_1_17-69       95.63%    failed      1.38%
 228  A0AAV5TBR6_IPR045860_1_17-112      92.08%    passed     39.25%
 229  H2L9T1_IPR045860_1_21-86           94.55%    failed      4.93%
 230  A0A5F4WGV7_IPR042339_1_1-77        93.65%    passed      6.00%
 231  V8N212_IPR045860_1_1-80            93.40%    passed     54.24%
 232  A0A6P7WSC1_IPR016054_1_21-102      93.23%    passed      7.18%
 233  A0A8C5SB45_IPR045860_1_12-76       94.64%    passed     19.83%
 234  A0ABD3WX20_IPR035076_1_66-132      94.47%    passed     29.85%
 235  A0A835ZW53_IPR038773_1_63-169      91.17%    failed      0.00%
 236  A0A4W2E290_IPR051445_1_1-105       91.34%    passed      6.39%
 237  A0A6A1Q7Y6_IPR051445_1_50-140      92.49%    passed     18.76%
 238  A0A8C8W2C3_IPR051445_1_2-76        93.81%    passed     10.55%
 239  A0A8I6AS65_IPR016054_1_152-209     95.21%    passed     24.65%
 240  A0A974CJ28_IPR045860_2_226-329     91.42%    failed      0.01%
 241  A6J8Z2_IPR016054_1_23-96           93.89%    passed     15.64%
 242  D3ZP75_IPR016054_1_20-106          92.82%    failed      1.20%
 243  R7UJ15_IPR039457_1_7-86            93.40%    failed      0.05%
 244  A0A1D1VLF0_IPR031424_1_28-136      91.01%    passed     28.60%
 245  A0A7R8X7B2_IPR045860_1_59-148      92.57%    failed      1.32%
 246  A0A814REP6_IPR031424_1_35-84       95.87%    passed     76.98%
 247  A0A834IMY6_IPR031424_1_24-126      91.50%    failed      0.37%
 248  A0A8J9Y1Z9_IPR031424_1_58-155      91.91%    failed      0.00%
 249  A0A914BR59_IPR031424_1_24-151      89.44%    failed      1.81%
 250  A0A9C6W8C0_IPR031424_1_24-106      93.15%    passed     20.09%
 251  A0A9D4HCE9_IPR031424_1_22-103      93.23%    passed     38.92%
 252  A0A9N9WWP9_IPR031424_1_24-110      92.82%    passed     38.00%
 253  A0A026WAX7_IPR045860_1_1-51        95.79%    passed     79.40%
 254  A0A336LZR2_IPR045860_1_251-335     92.99%    failed      4.67%
 255  A0A498LWD7_IPR045860_1_252-330     93.48%    failed      0.92%
 256  A0A4U1EKV4_IPR045860_1_2-61        95.05%    passed     21.16%
 257  A0A4U5NZP5_IPR045860_1_19-103      92.99%    passed     11.60%
 258  A0A671VFU8_IPR045860_1_64-113      95.87%    passed      5.88%
 259  A0A6J1LKZ0_IPR045860_1_48-147      91.75%    passed     67.64%
 260  A0A7I8X8P6_IPR045860_1_79-163      92.99%    passed     10.96%
 261  A0A814DLA7_IPR045860_1_23-81       95.13%    passed     46.60%
 262  A0A814JKT5_IPR045860_1_6-71        94.55%    passed      6.08%
 263  A0A8B7DHV2_IPR045860_1_20-110      92.49%    failed      2.59%
 264  A0A8I3PXV6_IPR045860_1_14-68       95.46%    passed     37.89%
 265  A0A8J1LF51_IPR045860_2_290-367     93.56%    passed     18.53%
 266  A0A8J5N960_IPR045860_1_12-76       94.64%    failed      1.09%
 267  A0A8S4N0F6_IPR045860_1_34-143      90.92%    failed      0.41%
 268  A0A8T1SCN7_IPR045860_1_21-98       93.56%    passed     70.95%
 269  A0A8T2IYG0_IPR045860_1_18-88       94.14%    passed     39.38%
 270  A0A8W8LHF3_IPR045860_1_41-141      91.67%    passed     45.83%
 271  A0A9J7LLU2_IPR045860_1_21-102      93.23%    passed     17.60%
 272  A0A9W9YJR1_IPR045860_1_20-117      91.91%    passed     43.07%
 273  A0A9X0D834_IPR045860_1_21-105      92.99%    passed      8.00%
 274  A0AAV4D142_IPR045860_1_32-83       95.71%    passed     19.90%
 275  A0AAV5TCP7_IPR045860_1_13-73       94.97%    passed     20.59%
 276  A0AAW1C869_IPR045860_1_16-82       94.47%    passed     11.26%
 277  A0ABD0PZK3_IPR045860_1_34-90       95.30%    passed     43.03%
 278  D3YUY5_IPR045860_1_21-76           95.38%    passed     40.20%
 279  G5CTL9_IPR045860_1_25-122          91.91%    passed     36.25%
 280  A0A8S3V659_IPR045860_1_136-212     93.65%    passed     29.09%
 281  A0A8V0Y3K6_IPR045860_1_18-91       93.89%    passed     71.44%
 282  A0AAD9QQZ4_IPR045860_1_18-112      92.16%    passed     24.51%
 283  A0AAW0MNB0_IPR045860_1_13-78       94.55%    failed      1.51%
 284  A0AB32TH96_IPR045860_2_11-62       95.71%    passed     24.43%
 285  A0A6I9MEH3_IPR038773_1_19-122      91.58%    passed     20.20%
 286  A0A125S9K5_IPR045860_1_18-108      92.49%    passed     72.27%
 287  A0A151M3Z5_IPR045860_6_222-294     93.98%    passed     72.52%
 288  A0A670IQM8_IPR016054_1_23-101      93.48%    failed      0.52%
 289  A0A6P6EZA3_IPR026524_1_1-387       68.07%    failed      0.00%
 290  A0A8I6ASR0_IPR051445_1_50-228      85.23%    failed      0.00%
 291  A0A8J6BKP1_IPR045860_1_11-96       92.90%    failed      0.24%
 292  A0A9B0WY52_IPR045860_1_22-122      91.67%    passed      9.36%
 293  A0AAF3EF36_IPR016054_1_25-131      91.17%    passed     16.35%
 294  A0AAW0PQM6_IPR045860_1_594-663     94.22%    passed     23.51%
 295  A0AAJ7X4X4_IPR039457_1_17-178      86.63%    failed      0.15%
 296  A0A7E6FPW6_IPR031424_1_22-116      92.16%    passed     24.94%
 297  A0A7J7K0Q0_IPR031424_1_36-106      94.14%    failed      0.08%
 298  A0A816N3I8_IPR031424_1_30-116      92.82%    passed     41.97%
 299  A0A820KXX8_IPR031424_1_21-92       94.06%    passed     11.45%
 300  A0A834J2M1_IPR031424_1_53-131      93.48%    passed      9.02%
 301  A0A9Q0M0P1_IPR031424_1_55-148      92.24%    passed     54.09%
 302  A0AAD8EMX0_IPR031424_1_22-137      90.43%    passed     46.44%
 303  A0AAV2AUC6_IPR031424_1_29-123      92.16%    passed     13.51%
 304  A0AAV8W3Q6_IPR031424_1_26-152      89.52%    passed      8.35%
 305  A0ABD2N2U6_IPR031424_1_24-167      88.12%    failed      0.36%
 306  A0A1W0W9F2_IPR045860_1_295-354     95.05%    passed     35.64%
 307  A0A1X7VRX7_IPR045860_1_130-204     93.81%    passed     35.26%
 308  A0A210QMG5_IPR045860_1_21-111      92.49%    passed      8.25%
 309  A0A267FLT7_IPR045860_1_40-116      93.65%    passed     12.21%
 310  A0A3B5M3Y7_IPR045860_1_54-113      95.05%    passed     34.07%
 311  A0A3M0KDK7_IPR045860_1_1076-1149   93.89%    passed     40.26%
 312  A0A6A4UZH6_IPR045860_1_69-125      95.30%    passed     10.03%
 313  A0A7J6A6K8_IPR045860_1_17-81       94.64%    passed     96.08%
 314  A0A7M7HJH9_IPR045860_1_30-120      92.49%    passed     16.77%
 315  A0A8B6BJV3_IPR045860_1_81-166      92.90%    passed     12.43%
 316  A0A8C6GS09_IPR045860_1_35-121      92.82%    passed     32.72%
 317  A0A8R1I3M6_IPR045860_1_23-72       95.87%    passed     13.64%
 318  A0A974HZ79_IPR045860_1_25-111      92.82%    passed      5.77%
 319  A0A9X0D8A0_IPR045860_1_17-104      92.74%    passed      7.41%
 320  A0AAD9USH5_IPR045860_1_5-103       91.83%    passed     65.72%
 321  A0AAF3FK35_IPR045860_1_8-93        92.90%    failed      0.27%
 322  A0AAV2Q5Q0_IPR045860_1_24-122      91.83%    passed      5.61%
 323  A0AAV6G4K1_IPR045860_2_83-145      94.80%    failed      1.51%
 324  F6ZQF4_IPR045860_1_15-103          92.66%    failed      0.00%
 325  G5CTM1_IPR045860_1_35-128          92.24%    passed     17.84%
 326  K1QMD5_IPR045860_1_5-58            95.54%    passed     17.47%
 327  N6TJ42_IPR045860_1_1-78            93.56%    passed     54.30%
 328  P25677_IPR045860_1_1-56            95.38%    passed     48.61%
 329  Centipede3FTx_0071_60158           93.73%    passed      7.16%
 330  P81946_IPR045860_1_1-59            95.13%    passed     18.99%
 331  A0A6J8CXM1_IPR045860_1_45-149      91.34%    passed     40.07%
 332  A0A6P7WY53_IPR045860_1_164-214     95.79%    passed      7.99%
 333  A0A9L0J0W8_IPR045860_1_28-147      90.10%    failed      0.06%
 334  A0A151PIJ3_IPR016054_1_181-271     92.49%    failed      0.00%
 335  A0A484GSD8_IPR016054_1_27-77       95.79%    passed     19.01%
 336  A0A8B7WI12_IPR051445_1_1-137       88.70%    failed      0.49%
 337  A0A8I6AVK8_IPR016054_1_118-200     93.15%    failed      0.81%
 338  A0A974HDB2_IPR045860_2_48-130      93.15%    passed     21.70%
 339  A0A9N9SCS8_IPR045860_1_19-109      92.49%    passed     32.11%
 340  A0AAD4RAP5_IPR045860_1_16-126      90.84%    passed     46.83%
 341  A0AAV6YYU5_IPR045860_2_112-201     92.57%    passed     29.07%
 342  A0AAV7PZR4_IPR045860_2_114-222     91.01%    passed     27.75%
 343  F6Q0C7_IPR016054_3_33-111          93.48%    failed      1.06%
 344  A0A218UKU1_IPR039457_1_6-72        94.47%    passed      8.17%
 345  A0A7K6EXR5_IPR039457_1_1-91        92.49%    failed      4.75%
 346  A0A7R9P8Q2_IPR039457_1_18-166      87.71%    passed     40.70%
 347  A0A8S1CFF1_IPR039457_1_53-150      91.91%    passed     58.06%
 348  A0A094ZV75_IPR031424_1_24-165      88.28%    passed     34.05%
 349  A0A0L8GXK5_IPR045860_1_17-112      92.08%    passed     31.25%
 350  A0A1Y3AYX1_IPR031424_1_8-70        94.80%    passed     13.19%
 351  A0A5K3FB28_IPR031424_1_38-146      91.01%    passed     20.12%
 352  A0A834XXW6_IPR045860_1_25-117      92.33%    failed      3.34%
 353  A0A8I6RRD0_IPR031424_1_24-112      92.66%    passed     13.01%
 354  A0A8J2HNT4_IPR031424_1_6-91        92.90%    passed      7.72%
 355  A0A8K0GPW3_IPR045860_1_20-142      89.85%    passed     47.41%
 356  A0A8W8K4J3_IPR031424_1_23-111      92.66%    passed     83.90%
 357  A0A914WZU6_IPR031424_1_27-149      89.85%    passed     94.28%
 358  A0A9C6XCY0_IPR031424_1_32-81       95.87%    passed     88.04%
 359  A0AAD8EN74_IPR031424_1_25-127      91.50%    passed      9.12%
 360  A0A0N5BF53_IPR045860_1_5-59        95.46%    passed     45.31%
 361  A0A0V0UBI1_IPR045860_1_1-58        95.21%    passed     96.31%
 362  A0A1I7TRJ6_IPR045860_1_37-95       95.13%    passed     79.82%
 363  A0A1I7YII5_IPR045860_1_29-124      92.08%    passed     71.28%
 364  A0A3P8PM98_IPR045860_1_30-81       95.71%    failed      1.44%
 365  A0A674NC48_IPR045860_1_26-86       94.97%    failed      0.13%
 366  A0A6F9ACW7_IPR045860_1_3-82        93.40%    failed      0.15%
 367  A0A6G1S6S7_IPR045860_1_3-110       91.09%    failed      3.07%
 368  A0A6J0DST4_IPR045860_1_34-106      93.98%    passed     67.49%
 369  A0A7M4DZ02_IPR045860_1_32-95       94.72%    passed     75.96%
 370  A0A7R9KQA6_IPR045860_1_1-104       91.42%    passed     73.86%
 371  A0A814EJY6_IPR045860_1_192-247     95.38%    passed     11.90%
 372  A0A814PF60_IPR045860_1_15-104      92.57%    failed      0.08%
 373  A0A8B6ERY4_IPR045860_1_19-100      93.23%    passed     32.49%
 374  A0A8B7DRJ4_IPR045860_1_22-104      93.15%    passed     11.58%
 375  A0A8B8EZV4_IPR045860_1_33-141      91.01%    passed     46.18%
 376  A0A8C4WMJ5_IPR045860_1_21-113      92.33%    passed     41.16%
 377  A0A8C5CHJ5_IPR045860_1_38-115      93.56%    failed      0.40%
 378  A0A8D9BNI4_IPR045860_1_20-113      92.24%    passed      7.87%
 379  A0A8J2WEI1_IPR045860_1_25-109      92.99%    failed      0.34%
 380  A0A8R2D7F4_IPR045860_1_17-111      92.16%    passed     32.17%
 381  A0A9Y3S0M1_IPR045860_1_307-377     94.14%    failed      0.06%
 382  A0AA39HM97_IPR045860_1_20-105      92.90%    passed     95.09%
 383  A0AA39M7A2_IPR045860_1_134-204     94.14%    passed     35.71%
 384  A0AAN4ZHP0_IPR045860_1_23-95       93.98%    passed     25.27%
 385  A0AAV2QD99_IPR045860_1_46-100      95.46%    failed      2.54%
 386  A0AAV4DMW8_IPR045860_1_26-88       94.80%    passed     13.64%
 387  A0AAV5TF97_IPR045860_1_2-72        94.14%    passed     49.48%
 388  A0ABD3WS81_IPR045860_1_27-79       95.63%    passed     40.43%
 389  G5CTM2_IPR045860_1_23-116          92.24%    passed     38.18%
 390  Centipede3FTx_0008_61981           88.20%    failed      3.73%
 391  Centipede3FTx_0040_60158           91.83%    passed      8.09%
 392  Centipede3FTx_0072_61981           90.43%    failed      4.50%
 393  Q2VBN1_IPR045860_1_14-85           94.06%    passed     20.33%
 394  V8N440_IPR003571_1_1-84            93.07%    passed     31.93%
 395  A0A401RYL5_IPR016054_1_20-108      92.66%    passed     37.13%
 396  A0A6P7WY53_IPR045860_2_20-94       93.81%    failed      0.33%
 397  A0A8B6HFD7_IPR016054_2_206-301     92.08%    passed     77.80%
 398  A0A8C3TZZ5_IPR045860_1_29-94       94.55%    passed     92.56%
 399  A0A914SCK2_IPR045860_1_15-108      92.24%    passed     15.32%
 400  A0A8C7AE63_IPR045860_2_121-207     92.82%    failed      0.19%
 401  A0A9D3PHI6_IPR045860_1_19-108      92.57%    failed      1.75%
 402  A0A9Q0X862_IPR045860_3_250-332     93.15%    passed     79.64%
 403  A0AA35PAI4_IPR045860_1_60-147      92.74%    passed     38.10%
 404  H9G8X6_IPR045860_2_210-286         93.65%    passed     12.19%
 405  P0DQX3_IPR045860_2_95-157          94.80%    passed     50.08%
 406  A0A0K0E8P7_IPR031424_1_39-119      93.32%    passed     28.28%
 407  A0A0T6B2U3_IPR031424_1_21-134      90.59%    passed     62.16%
 408  A0A6A0GXP2_IPR031424_1_7-107       91.67%    passed     59.81%
 409  A0A8W8K6C2_IPR031424_1_1-67        94.47%    passed     22.28%
 410  A0A914E4N2_IPR031424_1_2-122       90.02%    passed     12.30%
 411  A0AAW1URC3_IPR045860_1_18-105      92.74%    passed     12.89%
 412  A0A8C9J9W8_IPR051445_1_3-71        94.31%    failed      0.66%
 413  A0A0C9Q3W5_IPR045860_1_27-110      93.07%    passed     58.34%
 414  A0A0V0XGJ1_IPR045860_1_23-115      92.33%    passed     51.93%
 415  A0A182NM64_IPR045860_1_59-148      92.57%    failed      0.08%
 416  A0A2H1W8S6_IPR045860_1_2-65        94.72%    passed     33.12%
 417  A0A4Z2ITI9_IPR045860_1_71-144      93.89%    passed     21.80%
 418  A0A5A9PIR8_IPR045860_1_115-167     95.63%    passed     73.71%
 419  A0A653BZP5_IPR045860_1_25-99       93.81%    passed     20.78%
 420  A0A7R9BN16_IPR045860_1_18-91       93.89%    passed     52.07%
 421  A0A814PKZ4_IPR045860_1_10-63       95.54%    passed     74.67%
 422  A0A8B7DVU4_IPR045860_1_25-125      91.67%    passed     70.36%
 423  A0A8C6V709_IPR045860_1_6-88        93.15%    failed      0.19%
 424  A0A8R1I7U2_IPR045860_1_78-184      91.17%    passed     10.42%
 425  A0A8S1FAB1_IPR045860_1_32-129      91.91%    passed     93.18%
 426  A0A8S4N9T5_IPR045860_1_233-310     93.56%    passed     60.36%
 427  A0A8T2ND24_IPR045860_1_11-87       93.65%    failed      0.06%
 428  A0A915IBA4_IPR045860_1_15-123      91.01%    passed     14.01%
 429  A0A9Y3S0P4_IPR045860_1_45-132      92.74%    failed      0.62%
 430  A0AA36H4S5_IPR045860_1_16-90       93.81%    passed     28.33%
 431  A0AA85K7K8_IPR045860_1_42-119      93.56%    passed     16.63%
 432  A0AAJ7SUB0_IPR045860_1_115-209     92.16%    failed      1.45%
 433  A0AAN4ZP78_IPR045860_1_42-102      94.97%    passed      9.61%
 434  A0AAN8R2E2_IPR045860_1_20-76       95.30%    failed      2.57%
 435  A0ABD3WX44_IPR045860_1_9-65        95.30%    failed      2.68%
 436  A1BX79_IPR045860_1_1-83            93.15%    passed     47.14%
 437  F5CPE3_IPR045860_1_21-74           95.54%    failed      3.99%
 438  H2XNG7_IPR045860_1_15-107          92.33%    failed      1.15%
 439  Q4RE84_IPR045860_1_1-95            92.16%    passed     44.16%
 440  T1EUB6_IPR045860_1_52-116          94.64%    failed      0.00%
 441  Centipede3FTx_0073_61981           87.46%    failed      0.06%
 442  Centipede3FTx_0137_984703          90.92%    passed     42.28%
 443  A0A3M7P5S9_IPR045860_1_24-76       95.63%    passed     10.14%
 444  A0A821GXM4_IPR035076_1_5-65        94.97%    passed      5.50%
 445  A0A915EI99_IPR035076_1_63-120      95.21%    failed      3.56%
 446  A0A8C0LSP2_IPR016054_2_116-200     92.99%    failed      3.56%
 447  A0A8C5PIA8_IPR045860_2_118-180     94.80%    passed     14.46%
 448  A0A8T1RWM6_IPR045860_2_38-138      91.67%    failed      0.49%
 449  A0A8V5GXQ5_IPR045860_1_17-104      92.74%    passed      6.84%
 450  A0AA35QQ05_IPR045860_2_11-97       92.82%    passed     29.49%
 451  A0AA41SX92_IPR016054_5_304-383     93.40%    passed     24.31%
 452  A0A6P5AVG0_IPR039457_1_6-170       86.39%    passed     39.83%
 453  A0A8S1DAU7_IPR039457_1_17-146      89.27%    passed      8.89%
 454  A0A1D1VPY8_IPR031424_1_23-155      89.03%    failed      0.18%
 455  A0A3P6SP30_IPR045860_1_16-117      91.58%    failed      3.10%
 456  A0A6G0TK47_IPR031424_2_131-183     95.63%    passed     42.87%
 457  A0A6J2T4X2_IPR031424_1_20-104      92.99%    failed      4.43%
 458  A0A8B7Y2P5_IPR045860_1_18-113      92.08%    failed      0.00%
 459  A0A8B8F9V4_IPR031424_1_29-79       95.79%    passed     63.56%
 460  A0A8J2J8C2_IPR031424_1_34-125      92.41%    passed     19.15%
 461  A0A9X6NDI1_IPR031424_2_139-238     91.75%    passed     10.51%
 462  A0AAV8WFF7_IPR031424_1_25-136      90.76%    failed      3.21%
 463  A0A026WXJ4_IPR045860_1_1-62        94.88%    passed     91.18%
 464  A0A0L8FP07_IPR045860_1_1-84        93.07%    passed     48.82%
 465  A0A2G5SEQ4_IPR045860_1_27-106      93.40%    passed     79.22%
 466  A0A2I4AR90_IPR045860_1_16-83       94.47%    passed     45.18%
 467  A0A443SL88_IPR045860_1_4-105       91.58%    failed      0.84%
 468  A0A4U5LUR5_IPR045860_1_72-154      93.15%    passed     10.02%
 469  A0A6I9WVB5_IPR045860_1_22-100      93.48%    failed      2.12%
 470  A0A7J5XAJ6_IPR045860_1_23-97       93.81%    passed     59.11%
 471  A0A7M5WWS9_IPR045860_1_13-112      91.75%    passed     89.06%
 472  A0A7R9BZU8_IPR045860_1_6-120       90.51%    passed     25.17%
 473  A0A813QV19_IPR045860_1_43-97       95.46%    passed     17.30%
 474  A0A814ET11_IPR045860_1_41-100      95.05%    passed     28.16%
 475  A0A816AGA0_IPR045860_1_5-119       90.51%    failed      0.08%
 476  A0A816MZY2_IPR045860_1_5-95        92.49%    passed     38.85%
 477  A0A818AUG9_IPR045860_1_44-109      94.55%    passed      7.74%
 478  A0A8B8DLP4_IPR045860_1_57-131      93.81%    passed     25.91%
 479  A0A8C2ZCX5_IPR045860_1_19-91       93.98%    passed     66.50%
 480  A0A8C6LK83_IPR045860_1_27-121      92.16%    passed     63.13%
 481  A0A8C6VN86_IPR045860_1_114-200     92.82%    passed     10.91%
 482  A0A8T2JDC4_IPR045860_1_2-69        94.39%    passed     30.72%
 483  A0A913X4E7_IPR045860_1_20-110      92.49%    passed     11.67%
 484  A0A914EB87_IPR045860_1_16-93       93.56%    failed      4.88%
 485  A0A914LEF1_IPR045860_1_1-77        93.65%    passed      6.75%
 486  A0A914RYS8_IPR045860_1_15-108      92.24%    passed     49.91%
 487  A0A914VDT4_IPR045860_1_18-93       93.73%    passed     12.21%
 488  A0A922HS44_IPR045860_1_16-145      89.27%    passed     56.27%
 489  A0A9D4BW54_IPR045860_1_25-114      92.57%    passed     22.98%
 490  A0A9J6FD86_IPR045860_1_2-55        95.54%    passed     89.81%
 491  A0A9N9RXC6_IPR045860_1_55-149      92.16%    passed     13.64%
 492  A0A9P0J1I0_IPR045860_1_18-73       95.38%    passed     32.92%
 493  A0A9P1HD09_IPR045860_1_6-91        92.90%    failed      2.25%
 494  A0AAE0SFZ8_IPR045860_1_33-155      89.85%    passed     87.97%
 495  A0AAV5TMI4_IPR045860_1_11-114      91.42%    failed      2.53%
 496  A0AAV5W0D6_IPR045860_1_69-122      95.54%    passed     56.31%
 497  G0PFB6_IPR045860_1_18-98           93.32%    passed     47.44%
 498  A0A452UEK3_IPR026110_1_23-77       95.46%    failed      2.27%
 499  A0A818R344_IPR045860_1_32-104      93.98%    passed      6.42%
 500  A0A9Q1E5X7_IPR016054_1_18-93       93.73%    passed      6.20%
 501  A0A9W2ZRV3_IPR045860_1_32-114      93.15%    passed     26.02%
 502  A0AAD4YB02_IPR045860_2_49-104      95.38%    passed     18.89%
 503  W5MCJ5_IPR016054_1_20-106          92.82%    failed      0.00%
 504  A0A6F9CLJ2_IPR045860_3_137-200     94.72%    failed      2.45%
 505  A0AA97KH13_IPR045860_2_20-107      92.74%    passed     35.37%
 506  A0AAV2KTW0_IPR045860_1_114-182     94.31%    failed      0.00%
 507  A0AAV7Q087_IPR045860_1_109-190     93.23%    passed     61.34%
 508  A0ABD2NUY2_IPR045860_1_18-107      92.57%    passed     26.21%
 509  U3KML4_IPR045860_1_43-125          93.15%    passed     14.44%
 510  A0A0L8IDX6_IPR031424_1_6-77        94.06%    passed     72.13%
 511  A0A1B6LMI2_IPR031424_1_21-99       93.48%    passed     50.54%
 512  A0A1D1VSS4_IPR045860_1_22-105      93.07%    failed      4.87%
 513  A0A1I8PHK9_IPR031424_1_26-129      91.42%    passed     20.23%
 514  A0A6P7FF79_IPR031424_1_26-143      90.26%    failed      4.57%
 515  A0A7F5RC65_IPR031424_1_31-168      88.61%    passed      5.88%
 516  A0A813QWV5_IPR031424_1_56-156      91.67%    passed      5.13%
 517  A0A8D8YPC7_IPR031424_1_26-155      89.27%    passed     62.32%
 518  A0AAR5QJX6_IPR031424_1_24-175      87.46%    passed     26.31%
 519  A0ABD2N5Z7_IPR031424_1_25-145      90.02%    failed      1.99%
 520  A0A026WXM5_IPR045860_1_4-58        95.46%    passed     37.07%
 521  A0A195D3E7_IPR045860_1_5-73        94.31%    passed     72.99%
 522  A0A1L8G0F6_IPR045860_1_57-160      91.42%    failed      4.26%
 523  A0A1W0WQR3_IPR045860_1_88-180      92.33%    passed     38.77%
 524  A0A3B5MH29_IPR045860_1_152-222     94.14%    passed     18.22%
 525  A0A401P202_IPR045860_1_22-78       95.30%    passed     13.21%
 526  A0A443SPP0_IPR045860_1_6-84        93.48%    passed     36.85%
 527  A0A454XV36_IPR045860_1_21-94       93.89%    passed     16.05%
 528  A0A4U5LUZ3_IPR045860_1_15-114      91.75%    passed     11.26%
 529  A0A7R9LSG3_IPR045860_1_1-51        95.79%    passed     20.37%
 530  A0A7T8QUM6_IPR045860_1_3-92        92.57%    passed     10.39%
 531  A0A814Q5U4_IPR045860_1_24-92       94.31%    passed     19.78%
 532  A0A914RZA8_IPR045860_1_78-139      94.88%    passed      8.41%
 533  A0A915J3H9_IPR045860_1_226-306     93.32%    passed     10.01%
 534  A0A977PF39_IPR045860_1_22-126      91.34%    passed     13.10%
 535  A0A9P1N1W3_IPR045860_1_11-103      92.33%    passed     88.32%
 536  A0A9Q1I8V0_IPR045860_1_1-66        94.55%    passed     40.59%
 537  A0AA36H857_IPR045860_1_24-95       94.06%    failed      1.44%
 538  A0AA97J5B9_IPR045860_1_19-95       93.65%    passed      8.39%
 539  A0AAV2KZH7_IPR045860_1_20-82       94.80%    passed      6.59%
 540  A0AAV6ZUP7_IPR045860_1_20-81       94.88%    passed     17.62%
 541  A6MIV6_IPR045860_1_17-70           95.54%    passed     40.46%
 542  E3NNI7_IPR045860_1_39-105          94.47%    passed     39.42%
 543  G9D4E4_IPR045860_1_78-167          92.57%    passed     53.00%
 544  Q5C099_IPR045860_1_35-109          93.81%    passed     41.82%
 545  T1F491_IPR045860_1_11-97           92.82%    failed      1.96%
 546  U4UN32_IPR045860_1_66-134          94.31%    passed     23.98%
 547  Centipede3FTx_0011_61981           89.77%    passed     46.68%
 548  Centipede3FTx_0075_61981           92.74%    passed      5.77%
 549  A0A315W4P7_IPR045860_1_1-60        95.05%    passed     67.06%
 550  A0A091GPN7_IPR045860_2_95-146      95.71%    passed     67.35%
 551  G3TYI9_IPR016054_2_164-219         95.38%    passed      6.62%
 552  M7C222_IPR045860_3_8-70            94.80%    passed      9.92%
 553  A0A8T1S5D0_IPR026524_1_5-155       87.54%    failed      0.01%
 554  G3IJA7_IPR039457_1_2-85            93.07%    passed     30.77%
 555  A0A1D1VU07_IPR031424_1_29-119      92.49%    passed     61.99%
 556  A0A1S3KC57_IPR031424_1_20-112      92.33%    failed      3.60%
 557  A0A6A4II55_IPR031424_1_22-134      90.68%    failed      4.06%
 558  A0A6L2PLK9_IPR031424_1_31-84       95.54%    passed     96.59%
 559  A0A8J5UUP8_IPR031424_1_24-113      92.57%    passed     76.54%
 560  A0A9P1HMJ8_IPR031424_1_22-124      91.50%    passed     73.47%
 561  A0AAE9DKX9_IPR031424_1_24-108      92.99%    passed     51.64%
 562  A0AAV2Q359_IPR031424_1_4-107       91.42%    passed     28.22%
 563  N6U7S0_IPR031424_1_20-121          91.58%    failed      0.42%
 564  A0A0E3KK09_IPR045860_1_18-72       95.46%    passed     58.22%
 565  A0A2A6D034_IPR045860_1_57-149      92.33%    passed     92.92%
 566  A0A2K5H6W3_IPR045860_1_25-85       94.97%    passed     79.71%
 567  A0A485N7F4_IPR045860_1_1-79        93.48%    passed     31.15%
 568  A0A672HY15_IPR045860_1_43-105      94.80%    passed     61.34%
 569  A0A6P5A1G0_IPR045860_1_69-125      95.30%    passed     18.70%
 570  A0A7M5X584_IPR045860_1_21-86       94.55%    passed     47.40%
 571  A0A834Y7F0_IPR045860_1_31-132      91.58%    failed      0.47%
 572  A0A8J6AP99_IPR045860_1_159-208     95.87%    failed      2.78%
 573  A0A8M1FMM8_IPR045860_1_11-65       95.46%    passed     26.43%
 574  A0A8S3T3W9_IPR045860_1_33-92       95.05%    passed     81.79%
 575  A0A914ITD3_IPR045860_1_469-533     94.64%    passed     37.68%
 576  A0A915AQ63_IPR045860_1_14-95       93.23%    failed      1.77%
 577  A0A922HWM7_IPR045860_1_189-258     94.22%    passed     64.05%
 578  A0A9J6FJA2_IPR045860_2_260-335     93.73%    passed     30.27%
 579  A0A9P1HH40_IPR045860_1_23-110      92.74%    passed     20.11%
 580  A0AA35KPM3_IPR045860_1_104-193     92.57%    failed      4.94%
 581  A0AA36HBF4_IPR045860_1_43-111      94.31%    passed     20.46%
 582  A0AA39I7H4_IPR045860_1_20-82       94.80%    passed     11.24%
 583  A0AAU9W6W5_IPR045860_1_22-108      92.82%    failed      4.12%
 584  A0AAV7HWB9_IPR045860_3_118-180     94.80%    passed     61.73%
 585  A0AAW0MFM6_IPR045860_1_5-54        95.87%    passed     24.56%
 586  E2AU71_IPR045860_1_231-289         95.13%    passed     55.04%
 587  E4WSQ4_IPR045860_1_2-118           90.35%    passed     10.08%
 588  J7H3I1_IPR045860_1_35-132          91.91%    passed     79.37%
 589  Centipede3FTx_0012_984703          92.08%    failed      1.03%
 590  Centipede3FTx_0140_1255758         86.63%    passed      6.38%
 591  A0A8J9Z921_IPR045860_2_11-93       93.15%    failed      0.42%
 592  A0A8C9JP44_IPR045860_1_32-84       95.63%    passed     76.02%
 593  A0AA39MC99_IPR045860_1_12-92       93.32%    passed     19.91%
 594  A0AAN8BWB3_IPR045860_1_17-72       95.38%    passed     37.54%
 595  A0A2K6FUC7_IPR016054_1_130-181     95.71%    passed      8.24%
 596  A0A7J8BAY1_IPR051445_1_45-121      93.65%    passed      5.70%
 597  A0A803T097_IPR045860_2_113-189     93.65%    passed     29.53%
 598  A0A8C6G4T4_IPR016054_2_12-92       93.32%    passed      8.60%
 599  A0A8C8ZD79_IPR045860_3_211-280     94.22%    passed     14.10%
 600  A0AAV7MS16_IPR016054_1_19-100      93.23%    failed      0.44%
 601  G1U647_IPR026524_1_4-124           90.02%    failed      0.00%
 602  A0A068WMH4_IPR045860_1_37-139      91.50%    passed     80.37%
 603  A0A0T6B6S3_IPR031424_1_22-133      90.76%    passed     72.17%
 604  A0A183MZ51_IPR031424_1_26-124      91.83%    passed     22.39%
 605  A0A1Y1LGN0_IPR045860_1_34-109      93.73%    passed     10.54%
 606  A0A7F5RM31_IPR045860_1_17-109      92.33%    passed     23.96%
 607  A0A7J7K6D5_IPR031424_1_121-210     92.57%    passed     13.17%
 608  A0A9N9TL37_IPR031424_1_20-93       93.89%    passed     97.13%
 609  A0A9P0CKC3_IPR031424_1_24-121      91.91%    passed     10.19%
 610  A0AAE9ECB9_IPR031424_1_30-169      88.45%    passed      5.07%
 611  A0AAW1UZC9_IPR031424_1_19-128      90.92%    passed     33.42%
 612  V4AFQ7_IPR031424_1_44-125          93.23%    passed     59.09%
 613  A0A9W2X6I2_IPR051445_1_47-112      94.55%    passed      5.69%
 614  A0A067RRM3_IPR045860_1_1-78        93.56%    passed     25.91%
 615  A0A0N5BVY0_IPR045860_1_32-99       94.39%    passed     51.31%
 616  A0A1S3IMF4_IPR045860_1_21-96       93.73%    failed      0.08%
 617  A0A267G212_IPR045860_1_35-111      93.65%    failed      0.02%
 618  A0A2I5KCC1_IPR045860_1_22-131      90.92%    passed      5.32%
 619  A0A2P1DVD9_IPR045860_1_24-125      91.58%    passed     28.82%
 620  A0A3N0YL70_IPR045860_1_20-97       93.56%    passed     48.67%
 621  A0A401PND9_IPR045860_1_24-95       94.06%    passed     15.64%
 622  A0A4U5PGP9_IPR045860_1_12-88       93.65%    passed     10.17%
 623  A0A553NEH9_IPR045860_1_44-126      93.15%    passed     14.62%
 624  A0A5F4WEP0_IPR045860_1_159-273     90.51%    failed      4.29%
 625  A0A672L629_IPR045860_1_11-92       93.23%    passed     12.76%
 626  A0A6J8DGY3_IPR045860_1_75-168      92.24%    passed     24.26%
 627  A0A7L3V3L4_IPR045860_1_100-208     91.01%    failed      0.00%
 628  A0A8C5PT57_IPR045860_1_33-104      94.06%    passed      5.84%
 629  A0A8F8ASX3_IPR045860_1_58-126      94.31%    passed     40.49%
 630  A0A8T0BCI2_IPR045860_1_1-59        95.13%    passed     17.55%
 631  A0A915KCD7_IPR045860_1_23-123      91.67%    passed     32.38%
 632  A0A9F3W1W6_IPR045860_1_17-97       93.32%    passed     13.49%
 633  A0A9Q1AX85_IPR045860_1_8-68        94.97%    passed     33.65%
 634  A0A9X0A5Y2_IPR045860_1_18-78       94.97%    failed      2.43%
 635  A0AAD3R410_IPR045860_2_83-145      94.80%    failed      3.25%
 636  A0AAF3J618_IPR045860_1_16-105      92.57%    passed     59.62%
 637  J9ABH8_IPR045860_1_2-67            94.55%    failed      1.84%
 638  L8IZU0_IPR045860_1_26-80           95.46%    passed     36.71%
 639  T1FB38_IPR045860_1_12-101          92.57%    failed      0.79%
 640  W8AZ14_IPR045860_1_27-99           93.98%    passed     32.39%
 641  Centipede3FTx_0045_60158           88.70%    failed      2.65%
 642  Centipede3FTx_0077_61981           89.93%    failed      2.43%
 643  A0A098LYH6_IPR045860_1_13-92       93.40%    passed     15.19%
 644  A0A3B1ISK3_IPR016054_1_43-132      92.57%    failed      1.01%
 645  A0A3M7Q1X2_IPR045860_1_22-121      91.75%    failed      0.14%
 646  A0A8B6CMS2_IPR035076_1_23-72       95.87%    passed     18.03%
 647  A0A8D0BLR1_IPR045860_1_18-75       95.21%    passed     17.82%
 648  A0AAV7V326_IPR045860_1_16-126      90.84%    failed      0.00%
 649  G7PD21_IPR045860_1_47-101          95.46%    passed     24.55%
 650  A0A674J103_IPR045860_2_119-171     95.63%    passed     23.55%
 651  A0A7J8BB03_IPR051445_1_24-122      91.83%    failed      2.54%
 652  A0A8T1RYG7_IPR045860_2_119-196     93.56%    failed      1.47%
 653  A0AA97KDG8_IPR045860_1_76-156      93.32%    passed     24.29%
 654  A0AA97LL31_IPR045860_3_107-193     92.82%    failed      4.28%
 655  A0AAD1SXJ9_IPR045860_1_2-75        93.89%    passed     10.48%
 656  A0AAV7Q0A2_IPR045860_2_111-215     91.34%    passed     20.62%
 657  A0AAW1AWV1_IPR045860_6_1-70        94.22%    passed     31.92%
 658  A0AAN8G8R9_IPR039457_1_5-162       86.96%    failed      0.51%
 659  A0A8J6H8Z6_IPR031424_1_441-544     91.42%    passed     20.90%
 660  A0A9P0NU81_IPR031424_1_23-142      90.10%    passed      5.22%
 661  A0A9X6NF42_IPR031424_1_21-112      92.41%    failed      4.33%
 662  A0A0B2V4Y2_IPR045860_1_13-87       93.81%    passed     43.82%
 663  A0A0K0CWW9_IPR045860_1_1-51        95.79%    passed     52.25%
 664  A0A0N4XE99_IPR045860_1_18-91       93.89%    passed     13.70%
 665  A0A0R3PZF4_IPR045860_1_3-88        92.90%    passed      6.03%
 666  A0A0S7EPF1_IPR045860_1_52-146      92.16%    passed     64.81%
 667  A0A212CDR5_IPR045860_1_10-59       95.87%    passed     29.84%
 668  A0A261CIU9_IPR045860_1_35-107      93.98%    passed     12.49%
 669  A0A369RZI8_IPR045860_1_33-142      90.92%    passed     13.62%
 670  A0A3M6UU69_IPR045860_1_18-113      92.08%    passed      5.70%
 671  A0A3Q0IVC8_IPR045860_1_107-162     95.38%    passed     33.47%
 672  A0A4U5PGR9_IPR045860_1_10-93       93.07%    passed     19.36%
 673  A0A672L668_IPR045860_1_26-94       94.31%    passed     12.95%
 674  A0A6P7XFG3_IPR045860_1_18-96       93.48%    failed      3.29%
 675  A0A6P8F3Q9_IPR045860_1_19-116      91.91%    passed     80.24%
 676  A0A7J7J989_IPR045860_1_4-78        93.81%    passed     57.91%
 677  A0A8C3GTR2_IPR045860_1_48-144      92.00%    failed      0.34%
 678  A0A8D2L5T3_IPR045860_1_24-97       93.89%    passed     68.98%
 679  A0A8K0KJU9_IPR045860_1_171-225     95.46%    failed      3.75%
 680  A0A914VXE6_IPR045860_1_26-103      93.56%    passed      8.91%
 681  A0A9W9YVV7_IPR045860_1_17-120      91.42%    failed      1.45%
 682  A0AA36GN51_IPR045860_1_69-160      92.41%    passed     44.68%
 683  A0AAN5C818_IPR045860_1_20-96       93.65%    failed      3.28%
 684  A0AAN5I4M8_IPR045860_1_14-85       94.06%    passed     27.78%
 685  A0AAV3A1S2_IPR045860_1_26-103      93.56%    passed     49.19%
 686  A0ABD0SGT6_IPR045860_1_31-106      93.73%    failed      2.06%
 687  A0ABD2K7U0_IPR045860_1_59-155      92.00%    passed     72.95%
 688  D1ZZN3_IPR045860_1_25-95           94.14%    failed      0.02%
 689  Q91595_IPR045860_1_26-105          93.40%    passed     19.81%
 690  S4RP23_IPR045860_1_1-76            93.73%    passed     70.92%
 691  W8B4V7_IPR045860_1_35-84           95.87%    passed     34.75%
 692  A0AAV7V3C6_IPR045860_1_12-88       93.65%    failed      0.02%
 693  A0A9J7HAX0_IPR038773_1_34-166      89.27%    passed     10.94%
 694  A0A0B2W4U8_IPR016054_1_131-222     92.41%    passed      5.06%
 695  A0A151MW29_IPR045860_3_115-198     93.07%    failed      2.42%
 696  A0A212DDM8_IPR016054_2_5-77        93.98%    passed     16.05%
 697  A0A2J8IXP7_IPR016054_2_89-153      94.64%    passed      5.95%
 698  A0A8B6F514_IPR045860_1_60-144      92.99%    failed      0.03%
 699  A0A9Q1E5R8_IPR045860_2_20-79       95.05%    failed      4.15%
 700  A0AA35KNY3_IPR016054_2_22-112      92.49%    passed     21.41%
 701  A0AA35PCS3_IPR016054_2_396-445     95.87%    passed     92.26%
 702  A0AAW1AWW4_IPR045860_1_9-61        95.63%    passed     59.97%
 703  W5LVP5_IPR045860_1_3-53            95.79%    passed      9.72%
 704  A0A2U9AV81_IPR039457_1_3-54        95.71%    failed      2.73%
 705  A0A0N5CCS6_IPR031424_1_67-161      92.16%    passed     43.32%
 706  A0A7J7K703_IPR031424_1_20-92       93.98%    passed      9.00%
 707  A0A8B7YKX8_IPR031424_1_21-134      90.59%    failed      4.69%
 708  A0A8J6HAG2_IPR031424_1_268-342     93.81%    passed     20.38%
 709  A0AAJ6VZY4_IPR031424_1_28-113      92.90%    passed     42.24%
 710  A0ABD0SQC7_IPR031424_1_5-76        94.06%    passed     64.84%
 711  A0A068X2C6_IPR045860_1_1-74        93.89%    passed     58.13%
 712  A0A0B2V788_IPR045860_1_40-119      93.40%    passed     47.94%
 713  A0A139WKZ1_IPR045860_1_19-105      92.82%    passed     17.95%
 714  A0A1I7Z4P0_IPR045860_1_20-117      91.91%    passed     77.98%
 715  A0A1J1IMZ0_IPR045860_1_172-248     93.65%    failed      0.37%
 716  A0A4D9DQ93_IPR045860_1_5-88        93.07%    passed     39.52%
 717  A0A4U5M1C9_IPR045860_1_13-93       93.32%    passed     49.82%
 718  A0A5F9DD18_IPR045860_2_120-204     92.99%    failed      0.28%
 719  A0A673CMW7_IPR045860_1_1-62        94.88%    passed     90.37%
 720  A0A6I8Q673_IPR045860_1_22-78       95.30%    failed      0.05%
 721  A0A6J2WKY8_IPR045860_2_1-78        93.56%    passed      9.35%
 722  A0A6P8J5F2_IPR045860_1_29-134      91.34%    passed      9.58%
 723  A0A6P8NVL9_IPR045860_1_19-99       93.32%    failed      0.03%
 724  A0A6P8R0I9_IPR045860_1_21-122      91.58%    passed     33.63%
 725  A0A7J7K4I5_IPR045860_1_100-196     92.00%    passed     87.45%
 726  A0A7M5X657_IPR045860_1_43-96       95.54%    failed      3.14%
 727  A0A815RKE6_IPR045860_1_585-644     95.05%    passed     25.60%
 728  A0A817TEU8_IPR045860_1_40-101      94.88%    failed      1.52%
 729  A0A8B7PBL7_IPR045860_1_71-178      91.09%    failed      0.02%
 730  A0A8C4SSB6_IPR045860_1_19-84       94.55%    passed      7.39%
 731  A0A8S1GQN7_IPR045860_1_21-103      93.15%    failed      4.68%
 732  A0A9W9YWP2_IPR045860_1_22-108      92.82%    passed     10.37%
 733  A0AAF3JBN4_IPR045860_1_9-84        93.73%    failed      0.63%
 734  A0AAV6GIL3_IPR045860_1_31-81       95.79%    passed      9.11%
 735  E2B602_IPR045860_1_38-100          94.80%    passed     14.05%
 736  Q0GAB5_IPR045860_1_20-85           94.55%    passed     49.63%
 737  Centipede3FTx_0015_1255758         87.38%    passed     17.52%
 738  Centipede3FTx_0047_60158           92.74%    passed     70.88%
 739  Centipede3FTx_0111_984703          90.26%    passed     26.92%
 740  A0A2I0TLL8_IPR045860_1_6-59        95.54%    passed     15.02%
 741  A0A3P9MIP7_IPR045860_2_3-66        94.72%    passed     45.40%
 742  A0A7S1U4Z0_IPR045860_1_8-90        93.15%    failed      0.32%
 743  A0A818WR27_IPR045860_1_9-78        94.22%    failed      0.47%
 744  A0AAN8FGD8_IPR045860_1_6-82        93.65%    passed     24.21%
 745  A0AAV7V3D2_IPR045860_1_18-71       95.54%    passed     28.52%
 746  A0A3Q4BL76_IPR045860_2_19-87       94.31%    passed      7.49%
 747  A0A674J133_IPR045860_2_202-284     93.15%    failed      1.97%
 748  A0A6B0S3L6_IPR045860_2_202-274     93.98%    passed     11.30%
 749  A0A7J7JX39_IPR045860_1_15-109      92.16%    passed      5.13%
 750  A0A9D4B4C9_IPR045860_1_28-84       95.30%    passed     79.02%
 751  A0A9Q0YG57_IPR016054_1_228-322     92.16%    passed      7.51%
 752  A0A9X9LR61_IPR051445_1_18-78       94.97%    passed      8.08%
 753  A0AA35KNY3_IPR045860_3_234-311     93.56%    failed      3.53%
 754  A0AAV7PWP4_IPR045860_2_114-166     95.63%    passed     38.59%
 755  A0A1L6ZA22_IPR026524_1_1-54        95.54%    failed      4.86%
 756  A0A8C6VKX5_IPR026524_1_26-317      75.91%    passed     10.46%
 757  A0A1D1W0Z2_IPR045860_1_21-110      92.57%    passed     28.04%
 758  A0A2J7RCP2_IPR031424_1_20-94       93.81%    passed     68.43%
 759  A0A419QDL7_IPR031424_1_49-135      92.82%    passed     29.02%
 760  A0A553PQ88_IPR031424_1_65-138      93.89%    passed      9.08%
 761  A0A6A4J1W8_IPR031424_1_23-124      91.58%    passed     57.55%
 762  A0A8D9EEC0_IPR045860_1_36-100      94.64%    passed     43.68%
 763  A0A8S3ZD21_IPR045860_1_1-90        92.57%    passed     57.14%
 764  A0A9Q0MUQ9_IPR031424_1_22-152      89.19%    passed     29.85%
 765  A0AAW1KEF1_IPR031424_1_22-122      91.67%    failed      2.40%
 766  A0A0A0QVT0_IPR045860_1_1-59        95.13%    passed     76.20%
 767  A0A0B1S3M7_IPR045860_1_18-91       93.89%    passed     67.76%
 768  A0A2G8KSN0_IPR045860_1_1-52        95.71%    passed     15.87%
 769  A0A369SFB3_IPR045860_1_30-118      92.66%    passed     71.71%
 770  A0A3M6V1V9_IPR045860_1_24-100      93.65%    passed      8.35%
 771  A0A482WBZ3_IPR045860_1_23-97       93.81%    passed     37.13%
 772  A0A4U5M1E1_IPR045860_1_33-149      90.35%    passed     16.36%
 773  A0A672J2F4_IPR045860_1_20-76       95.30%    failed      0.04%
 774  A0A6F9AWL3_IPR045860_3_79-133      95.46%    passed     44.82%
 775  A0A7J8AY79_IPR045860_1_29-112      93.07%    passed     86.94%
 776  A0A7K8YTB0_IPR045860_1_7-87        93.32%    failed      0.00%
 777  A0A7M5X6C4_IPR045860_1_26-115      92.57%    failed      1.64%
 778  A0A7R8W3R3_IPR045860_1_82-181      91.75%    passed     40.54%
 779  A0A811KAY1_IPR045860_1_14-122      91.01%    passed     73.68%
 780  A0A816RLQ1_IPR045860_1_5-78        93.89%    failed      0.00%
 781  A0A821LEG1_IPR045860_2_139-203     94.64%    failed      4.37%
 782  A0A8B7PH04_IPR045860_1_27-104      93.56%    passed     14.58%
 783  A0A8C5MR88_IPR045860_1_23-95       93.98%    passed     20.24%
 784  A0A8I3WKN2_IPR045860_1_80-163      93.07%    passed     13.62%
 785  A0A8J9Z2A7_IPR045860_1_24-121      91.91%    passed      5.53%
 786  A0A913YSX5_IPR045860_1_1-83        93.48%    passed     28.69%
 787  A0A914IY65_IPR045860_1_181-248     94.39%    passed     42.52%
 788  A0A9N9T6H2_IPR045860_1_5-56        95.71%    passed     16.35%
 789  A0A9P1HRW4_IPR045860_1_35-101      94.47%    passed     19.21%
 790  A0A9W7WT82_IPR045860_1_8-63        95.38%    passed     10.27%
 791  A0AA35PDW3_IPR045860_1_17-98       93.23%    passed     19.39%
 792  A0AA97KCV8_IPR045860_1_33-91       95.13%    failed      2.49%
 793  A0AAD9Q6B2_IPR045860_1_25-107      93.15%    failed      2.50%
 794  A0AAE1Q6Z9_IPR045860_1_4-71        94.39%    passed     63.55%
 795  A0AAN7VHR4_IPR045860_1_15-112      91.91%    passed     38.38%
 796  A2BI28_IPR045860_1_15-83           94.31%    failed      2.02%
 797  T1GBA5_IPR045860_1_46-120          93.81%    passed     78.83%
 798  Centipede3FTx_0016_60158           87.87%    passed      5.01%
 799  Centipede3FTx_0080_61981           94.97%    passed     44.13%
 800  A0A454XXZ8_IPR045860_1_9-90        93.23%    failed      0.92%
 801  A0A6P7ZHU5_IPR016054_1_21-102      93.23%    failed      1.25%
 802  A0A814ASR0_IPR045860_1_26-113      92.74%    passed      7.32%
 803  A0A7J7SCZ8_IPR045860_3_211-261     95.79%    failed      3.50%
 804  A0A8J1JZC7_IPR045860_1_104-177     93.89%    passed     67.13%
 805  A0A8J1LAE3_IPR016054_1_18-111      92.24%    failed      1.29%
 806  A0A8T1S1I7_IPR045860_1_114-183     94.22%    passed      7.24%
 807  A0A8T2IRT7_IPR045860_2_115-195     93.32%    failed      0.30%
 808  A0AA40HIG7_IPR045860_1_38-190      87.38%    failed      0.00%
 809  A0AAV6ZHU2_IPR045860_2_1-71        94.14%    failed      0.46%
 810  A0A2G8LPQ2_IPR039457_1_28-79       95.71%    passed     21.46%
 811  A0A814JAT2_IPR039457_1_21-152      89.11%    failed      0.06%
 812  A0A0C9R4W4_IPR045860_1_44-107      94.72%    passed     25.00%
 813  A0A182UDP1_IPR031424_1_44-102      95.13%    passed     59.06%
 814  A0A1W0WDQ5_IPR031424_1_33-112      93.40%    failed      1.92%
 815  A0A553PQL1_IPR045860_1_17-98       93.23%    failed      0.34%
 816  A0A7G3AA29_IPR031424_1_25-147      89.85%    failed      0.02%
 817  A0A7I8VUV2_IPR031424_1_20-103      93.07%    passed     63.28%
 818  A0A8J2WFD8_IPR045860_1_38-136      91.83%    passed     48.50%
 819  A0A8S4PVE8_IPR031424_1_67-162      92.08%    passed     10.87%
 820  A0A915BLD6_IPR031424_1_24-112      92.66%    passed     20.91%
 821  A0A9J6BBX8_IPR031424_1_21-133      90.68%    failed      0.02%
 822  A0AAD5N1P7_IPR031424_1_105-184     93.40%    passed     14.93%
 823  A0AAD8AAY3_IPR045860_1_21-109      92.66%    failed      2.85%
 824  A0A0B2V963_IPR045860_1_20-161      88.28%    passed     17.24%
 825  A0A0D6LIU7_IPR045860_1_14-89       93.73%    passed     17.58%
 826  A0A0E3N0J1_IPR045860_2_115-164     95.87%    passed     56.25%
 827  A0A0N4XU23_IPR045860_1_25-89       94.64%    failed      0.42%
 828  A0A0N5CIB9_IPR045860_1_21-101      93.32%    passed     21.70%
 829  A0A177B4S8_IPR045860_1_239-330     92.41%    failed      2.98%
 830  A0A1A7YGD8_IPR045860_1_49-105      95.30%    passed     22.11%
 831  A0A1J1J8J8_IPR045860_1_28-143      90.43%    failed      3.54%
 832  A0A383VF68_IPR045860_1_50-110      94.97%    failed      2.56%
 833  A0A3Q7P0E8_IPR045860_1_12-95       93.07%    passed     19.34%
 834  A0A553P0D0_IPR045860_1_16-102      92.82%    passed     60.57%
 835  A0A672YFI7_IPR045860_1_22-86       94.64%    passed     34.39%
 836  A0A6J2X9Y7_IPR045860_1_20-106      92.82%    passed     45.95%
 837  A0A6P5AG42_IPR045860_1_44-127      93.07%    failed      1.88%
 838  A0A7M7PG63_IPR045860_1_235-318     93.07%    failed      0.47%
 839  A0A7R9MV90_IPR045860_1_1-81        93.32%    passed     99.00%
 840  A0A811KCP2_IPR045860_1_7-113       91.17%    passed     23.90%
 841  A0A814Z966_IPR045860_1_73-127      95.46%    passed     54.47%
 842  A0A8B8CBB0_IPR045860_1_86-154      94.31%    passed     15.14%
 843  A0A8C1EVR4_IPR045860_1_71-129      95.13%    passed     14.58%
 844  A0A8C1KXS0_IPR045860_1_84-135      95.71%    failed      1.17%
 845  A0A8C6Z7D6_IPR045860_1_23-78       95.38%    passed     15.74%
 846  A0A8C7ZF54_IPR045860_1_18-73       95.38%    passed     16.52%
 847  A0A8S9YT03_IPR045860_1_16-94       93.48%    failed      4.72%
 848  A0A913X5E8_IPR045860_1_141-238     91.91%    passed     36.26%
 849  A0A914SUI1_IPR045860_1_21-95       93.81%    failed      1.02%
 850  A0A9D4DCW9_IPR045860_1_128-204     93.65%    passed     49.97%
 851  A0A9Q0RI29_IPR045860_1_1-77        93.65%    passed     58.57%
 852  A0A9W9YWU5_IPR045860_2_41-125      92.99%    passed     20.21%
 853  A0AA36DFK1_IPR045860_1_24-105      93.23%    passed     60.95%
 854  A0AA85J9Z2_IPR045860_1_24-107      93.07%    passed     62.79%
 855  A0AAD9JRU8_IPR045860_1_132-199     94.39%    failed      2.07%
 856  A0AAJ7XFC9_IPR045860_1_33-108      93.73%    failed      4.23%
 857  A0AAV0A307_IPR045860_1_17-95       93.48%    failed      4.06%
 858  A0AAW0PGG7_IPR045860_2_12-74       94.80%    failed      0.35%
 859  L8YE21_IPR045860_1_1-53            95.63%    passed      6.83%
 860  Centipede3FTx_0081_61981           87.21%    failed      1.08%
 861  Centipede3FTx_0145_984703          91.83%    failed      3.76%
 862  A0AA35P1B0_IPR039237_1_1-124       89.77%    passed     22.93%
 863  A0A1S3T2Q1_IPR045860_2_23-147      89.69%    failed      0.84%
 864  A0A2I0TLQ1_IPR016054_1_21-168      87.79%    passed     16.18%
 865  A0A9D4BTS2_IPR045860_1_105-191     92.82%    passed     87.19%
 866  A6HS10_IPR045860_1_68-117          95.87%    failed      1.07%
 867  L5KM81_IPR045860_1_20-179          86.80%    failed      0.00%
 868  A0A4Z2D990_IPR045860_1_6-60        95.46%    passed     23.09%
 869  A0A672HY17_IPR045860_2_27-104      93.56%    passed     16.56%
 870  A0A6G0ITJ9_IPR045860_1_9-91        93.15%    passed     31.00%
 871  A0A8T2IS80_IPR045860_1_14-109      92.08%    passed     21.10%
 872  A0AA35VVV1_IPR016054_1_6-80        93.81%    passed     41.97%
 873  A0AA97KEJ2_IPR045860_2_1-68        94.39%    passed      9.30%
 874  A0AAD1T6T7_IPR045860_1_41-120      93.40%    failed      1.63%
 875  A0A7L0LNB4_IPR045860_1_33-97       94.64%    passed     13.15%
 876  A0AAV7UJD8_IPR045860_1_6-89        93.07%    passed     30.09%
 877  A0A7J7KIG9_IPR031424_1_23-118      92.08%    failed      2.52%
 878  A0A9P0JJI4_IPR031424_1_59-134      93.73%    passed     83.64%
 879  A0A9P0P6C9_IPR045860_1_22-118      92.00%    failed      0.89%
 880  A0A9X6RK53_IPR031424_1_34-86       95.63%    passed     49.99%
 881  A0AAD8AAZ8_IPR031424_1_21-128      91.09%    passed     19.03%
 882  A0AAV8YRX0_IPR045860_1_23-110      92.74%    passed     81.50%
 883  A0A074ZFN4_IPR045860_1_116-168     95.63%    passed      9.65%
 884  A0A0N1PIF7_IPR045860_1_2-80        93.48%    passed     40.45%
 885  A0A1D1UJY4_IPR045860_1_22-124      91.50%    passed      5.23%
 886  A0A2B4T2Y2_IPR045860_1_22-110      92.66%    passed     20.40%
 887  A0A2G8KWS2_IPR045860_1_32-136      91.34%    passed     40.69%
 888  A0A3B0JWF2_IPR045860_1_25-94       94.22%    passed     62.11%
 889  A0A3M6V5B7_IPR045860_1_32-117      92.90%    passed     87.88%
 890  A0A3Q0RTA1_IPR045860_1_21-77       95.30%    passed     73.45%
 891  A0A3S2PCT2_IPR045860_2_52-104      95.63%    passed     29.46%
 892  A0A6F9DV81_IPR045860_1_21-117      92.00%    failed      2.26%
 893  A0A7J7R911_IPR045860_1_301-379     93.48%    failed      0.00%
 894  A0A814TJZ5_IPR045860_1_12-117      91.25%    failed      4.08%
 895  A0A8C2P149_IPR045860_1_56-110      95.46%    passed     34.75%
 896  A0A8C4RAU9_IPR045860_1_25-113      92.66%    passed     50.07%
 897  A0A8C9F626_IPR045860_1_38-116      93.48%    passed     29.68%
 898  A0A8D8NQH8_IPR045860_1_2-93        92.41%    passed     36.23%
 899  A0A8S3DI61_IPR045860_1_18-78       94.97%    passed     43.30%
 900  A0A8S4PCU4_IPR045860_1_21-110      92.57%    passed     19.03%
 901  A0A915BK86_IPR045860_1_23-119      92.00%    passed     65.37%
 902  A0A9X0A6E7_IPR045860_1_115-197     93.15%    passed     30.09%
 903  A0AA36DG82_IPR045860_1_71-136      94.55%    passed     89.58%
 904  A0AAD8EEK7_IPR045860_1_3-61        95.13%    passed     10.54%
 905  A0AAD9JZG4_IPR045860_1_52-152      91.67%    failed      2.50%
 906  A0AAF3EK38_IPR045860_2_454-508     95.46%    failed      2.76%
 907  A0AAN8WWG0_IPR045860_1_52-159      91.09%    passed     16.61%
 908  A0AAU9XBH8_IPR045860_1_26-98       93.98%    passed     25.65%
 909  A0AAV2RAV7_IPR045860_1_21-125      91.34%    passed     52.18%
 910  A0AAV4HYB8_IPR045860_1_806-874     94.31%    failed      0.84%
 911  A0AAW0MKZ9_IPR045860_1_6-86        93.32%    failed      2.97%
 912  A0AAW1UIJ1_IPR045860_1_22-124      91.50%    passed     10.55%
 913  A7RR40_IPR045860_1_16-114          91.83%    passed     44.31%
 914  Centipede3FTx_0018_1255758         88.28%    failed      3.85%
 915  Centipede3FTx_0082_61981           92.00%    failed      0.09%
 916  Centipede3FTx_0114_984703          90.59%    failed      0.66%
 917  A0A7J8GR77_IPR039237_1_28-103      93.73%    failed      1.10%
 918  A0A8D2B8Y1_IPR035076_1_16-82       94.47%    failed      1.97%
 919  A0AAF3EX73_IPR045860_1_18-106      92.66%    passed     28.45%
 920  A0A452RA57_IPR038773_1_89-159      94.14%    failed      0.00%
 921  A0A6P8HNU1_IPR016054_1_22-103      93.23%    passed     32.10%
 922  A0A851KA47_IPR039457_1_1-82        93.23%    passed     33.78%
 923  A0A1B6EBJ6_IPR031424_1_5-77        93.98%    failed      3.66%
 924  A0A1W0WFV8_IPR031424_1_22-108      92.82%    passed     38.18%
 925  A0A813SHY2_IPR031424_1_40-132      92.33%    passed     41.66%
 926  A0A8S4PWZ4_IPR031424_1_125-235     90.84%    passed     12.79%
 927  A0A915DCF7_IPR031424_1_72-158      92.82%    passed     42.93%
 928  A0A9P0JQD5_IPR031424_1_24-109      92.90%    passed     47.09%
 929  A0AAD8AD41_IPR031424_1_21-105      92.99%    passed     17.60%
 930  A0AAW1L336_IPR031424_1_24-101      93.56%    passed     28.39%
 931  A0A085NDT4_IPR045860_1_28-150      89.85%    passed     56.42%
 932  A0A0K0DTX4_IPR045860_1_17-108      92.41%    failed      0.01%
 933  A0A1I7UV27_IPR045860_1_12-86       93.81%    passed     40.21%
 934  A0A267H8E8_IPR045860_1_251-319     94.31%    failed      0.87%
 935  A0A2A6B673_IPR045860_1_17-106      92.57%    passed     59.22%
 936  A0A3Q1EFH7_IPR045860_1_1-54        95.54%    passed     83.64%
 937  A0A498NQ74_IPR045860_1_77-126      95.87%    passed     31.45%
 938  A0A4U5M488_IPR045860_1_21-104      93.07%    failed      0.36%
 939  A0A553PG42_IPR045860_1_25-155      89.19%    passed     44.89%
 940  A0A5N5SJ70_IPR045860_1_66-143      93.56%    failed      1.83%
 941  A0A6F9DVC4_IPR045860_1_19-124      91.25%    passed     17.16%
 942  A0A8C5CYP2_IPR045860_1_6-99        92.24%    passed     13.02%
 943  A0A8D3AVK4_IPR045860_1_2-76        93.81%    passed     78.17%
 944  A0A8D8NQM4_IPR045860_1_50-145      92.08%    passed     24.03%
 945  A0A8S9YVM8_IPR045860_1_19-84       94.55%    passed      5.56%
 946  A0A8T2L074_IPR045860_1_47-115      94.31%    passed     19.23%
 947  A0A914FFU1_IPR045860_1_18-88       94.14%    passed      8.16%
 948  A0A914J1B6_IPR045860_1_5-69        94.64%    failed      2.21%
 949  A0A9U8EMM2_IPR045860_1_28-121      92.24%    passed     25.57%
 950  A0AA39IQY4_IPR045860_1_86-161      93.73%    passed     68.47%
 951  A0AA47N0X1_IPR045860_1_2-72        94.14%    failed      0.59%
 952  A0AAD8A6M0_IPR045860_1_2-72        94.14%    failed      3.21%
 953  A0AAD9K5S4_IPR045860_1_22-84       94.80%    passed     25.06%
 954  A0AAN8XCL9_IPR045860_1_23-72       95.87%    passed     27.05%
 955  A0AAV6ZHX9_IPR045860_2_104-184     93.32%    failed      3.47%
 956  A0AAV7JZ97_IPR045860_1_22-111      92.57%    passed     21.94%
 957  A0AAW0ML87_IPR045860_1_117-180     94.72%    failed      0.55%
 958  A0AAW1AWZ8_IPR045860_1_229-317     92.66%    passed     33.81%
 959  A7RU85_IPR045860_1_23-112          92.57%    passed     31.66%
 960  C3YF08_IPR045860_1_20-88           94.31%    failed      0.01%
 961  M4H2H9_IPR045860_1_17-79           94.80%    failed      0.14%
 962  Centipede3FTx_0019_1255758         91.50%    passed     61.94%
 963  Centipede3FTx_0083_61981           94.88%    failed      0.01%
 964  A0A6I8N2M3_IPR042339_1_9-118       90.92%    failed      0.55%
 965  A0A8J6A6H0_IPR026110_1_1-85        92.99%    failed      0.01%
 966  A0A444V7R9_IPR045860_4_17-88       94.06%    failed      0.19%
 967  A0A6B0RUV3_IPR016054_1_15-109      92.16%    failed      0.64%
 968  A0A814DSB1_IPR045860_1_26-110      92.99%    passed     12.72%
 969  A0A8C4TDL5_IPR045860_7_288-362     93.81%    failed      3.02%
 970  A0A8S3SG34_IPR045860_1_97-190      92.24%    passed     37.50%
 971  A0AAF3J2H5_IPR045860_1_22-105      93.07%    passed      5.55%
 972  A0A401PTF8_IPR045860_2_108-173     94.55%    passed     43.81%
 973  A0A6G0IXG8_IPR016054_1_34-100      94.47%    passed     14.00%
 974  A0A6P9CDN4_IPR045860_1_18-99       93.23%    passed     73.25%
 975  A0A821PA83_IPR045860_1_4-76        93.98%    passed     74.33%
 976  A0A8C0G175_IPR045860_1_86-158      93.98%    passed      7.49%
 977  A0A914DRE6_IPR045860_1_105-185     93.32%    passed     37.29%
 978  A0AAV7PWX0_IPR016054_2_30-123      92.24%    passed     20.52%
 979  A0AAX7UM57_IPR016054_2_111-197     92.82%    failed      1.03%
 980  G3UAV3_IPR016054_1_27-106          93.40%    passed      5.21%
 981  A0A1L6ZA41_IPR026524_1_10-69       95.05%    passed     49.21%
 982  A0AAD9DYH2_IPR039457_1_47-98       95.71%    passed     82.36%
 983  A0A226CXW4_IPR031424_1_209-319     90.84%    passed     28.36%
 984  A0A2K8JML4_IPR031424_1_22-151      89.27%    failed      0.50%
 985  A0A8K0DCZ5_IPR031424_1_22-127      91.25%    passed     55.55%
 986  A0A8S1DL92_IPR031424_1_27-148      89.93%    passed     43.87%
 987  A0A9P0CUQ1_IPR031424_1_6-72        94.47%    failed      2.04%
 988  A0A9X6RMU7_IPR045860_1_25-110      92.90%    passed     58.01%
 989  A0A1D1UYT9_IPR045860_1_21-129      91.01%    passed     24.86%
 990  A0A2A6B6L1_IPR045860_1_100-180     93.32%    passed     18.50%
 991  A0A2J7QX46_IPR045860_1_41-138      91.91%    failed      3.56%
 992  A0A4U5M493_IPR045860_1_38-124      92.82%    passed     23.25%
 993  A0A665TET0_IPR045860_1_28-104      93.65%    passed     74.62%
 994  A0A671NB32_IPR045860_1_16-104      92.66%    failed      0.00%
 995  A0A673LHZ0_IPR045860_1_21-85       94.64%    passed      6.12%
 996  A0A673M2A3_IPR045860_1_29-111      93.15%    passed     82.89%
 997  A0A6V7LM87_IPR045860_1_10-69       95.05%    passed     64.71%
 998  A0A814TN66_IPR045860_1_28-106      93.48%    passed     32.65%
 999  A0A8C4N7W8_IPR045860_1_1-66        94.55%    passed     28.65%
1000  A0A8C9JH24_IPR045860_1_16-78       94.80%    failed      0.18%
1001  A0A8I3NIA7_IPR045860_1_56-108      95.63%    passed      5.12%
1002  A0A8I6TGV3_IPR045860_1_38-140      91.50%    passed     38.42%
1003  A0A8T0FTV2_IPR045860_1_20-120      91.67%    passed      7.26%
1004  A0A8W8J872_IPR045860_1_62-157      92.08%    passed     93.37%
1005  A0A9J7NCX6_IPR045860_1_18-132      90.51%    failed      0.02%
1006  A0A9P1HUP2_IPR045860_1_96-187      92.41%    passed     79.20%
1007  A0A9X0A6N9_IPR045860_1_22-111      92.57%    failed      3.28%
1008  A0AA97KGB0_IPR045860_1_83-147      94.64%    passed     21.08%
1009  A0AAD9K836_IPR045860_1_33-114      93.23%    passed     64.74%
1010  A0AAU9WAK8_IPR045860_1_10-116      91.17%    failed      0.01%
1011  A0AAV2RSX4_IPR045860_1_63-119      95.30%    failed      0.51%
1012  A0AAW1AXJ7_IPR045860_1_17-75       95.13%    passed     27.68%
1013  A0ABD2XGH3_IPR045860_1_42-140      91.83%    passed     20.82%
1014  K1RXF0_IPR045860_1_16-71           95.38%    passed     87.87%
1015  Q9UAG0_IPR045860_1_135-224         92.57%    failed      4.63%
1016  Centipede3FTx_0020_1255758         94.64%    passed     51.79%
1017  Centipede3FTx_0116_1255758         92.00%    passed     14.43%
1018  A0A7J8GS23_IPR039237_1_3-72        94.22%    failed      3.54%
1019  A0A8C8TND6_IPR039237_1_1-58        95.21%    failed      4.68%
1020  A0A8U0T7Y1_IPR026110_1_1-159       87.05%    failed      0.21%
1021  A0A2I0TVD9_IPR045860_1_8-59        95.71%    failed      0.97%
1022  A0A3B5MB32_IPR045860_2_5-54        95.87%    passed     18.15%
1023  A0A835NMH4_IPR045860_2_101-189     92.66%    passed      9.55%
1024  A0A8B6DF61_IPR045860_1_105-184     93.40%    passed     50.62%
1025  A0A672HY65_IPR045860_1_120-170     95.79%    passed     26.66%
1026  A0A803K3X8_IPR045860_4_114-171     95.21%    passed     60.01%
1027  A0A8J5ZVT7_IPR045860_2_269-362     92.24%    passed      7.52%
1028  A0A914F127_IPR045860_1_16-108      92.33%    passed     63.25%
1029  A0A974CHI4_IPR045860_2_6-89        93.07%    passed     16.07%
1030  A0AA35KMQ0_IPR045860_2_112-193     93.23%    failed      2.19%
1031  A0AA35LGT7_IPR045860_3_210-288     93.48%    passed     80.56%
1032  A0AAD1WMY1_IPR016054_1_27-122      92.08%    passed     42.88%
1033  A0AAW0MGA1_IPR045860_1_22-90       94.31%    failed      0.21%
1034  A0AAW1AX84_IPR045860_3_2-64        94.80%    passed     26.19%
1035  C3YU70_IPR016054_2_188-286         91.83%    failed      0.00%
1036  A0A4D9DMT8_IPR026524_1_6-213       82.84%    failed      0.17%
1037  L9JFB6_IPR039457_1_5-119           90.51%    passed     47.40%
1038  A0A336LYX6_IPR045860_1_25-110      92.90%    passed      8.80%
1039  A0A7I8WSK8_IPR031424_1_45-161      90.35%    passed      6.48%
1040  A0A8J1TLI8_IPR031424_1_22-125      91.42%    failed      4.00%
1041  A0A9J6C081_IPR031424_1_126-224     91.83%    failed      2.08%
1042  A0A9X6RNH8_IPR031424_1_22-111      92.57%    passed      7.72%
1043  A0AA36FXT8_IPR031424_1_24-117      92.24%    failed      2.87%
1044  A0A1D1V2H0_IPR045860_1_20-126      91.17%    passed     61.42%
1045  A0A1I7ZEJ7_IPR045860_1_20-103      93.07%    passed     37.20%
1046  A0A1Y1LHT3_IPR045860_1_64-117      95.54%    passed     55.92%
1047  A0A224XN82_IPR045860_1_1-59        95.13%    passed     60.27%
1048  A0A2A6B7I4_IPR045860_1_89-188      91.75%    failed      4.06%
1049  A0A341B4I9_IPR045860_1_20-74       95.46%    passed     11.55%
1050  A0A4U5M496_IPR045860_1_122-200     93.48%    failed      3.26%
1051  A0A4U8UQC9_IPR045860_1_19-99       93.32%    passed     98.69%
1052  A0A4W3IZP1_IPR045860_1_40-134      92.16%    passed     47.13%
1053  A0A6J1P077_IPR045860_1_19-159      88.37%    passed      9.18%
1054  A0A7R9GBX8_IPR045860_1_12-89       93.56%    passed     61.16%
1055  A0A822G307_IPR045860_1_5-55        95.79%    passed     13.81%
1056  A0A8B8VNU0_IPR045860_1_12-62       95.79%    passed     48.79%
1057  A0A8C8JP42_IPR045860_1_5-83        93.48%    passed     30.77%
1058  A0A8K9X2E7_IPR045860_1_3-109       91.17%    passed      5.54%
1059  A0A8S9Z0J0_IPR045860_1_2-54        95.63%    passed     28.83%
1060  A0A8T2IKT7_IPR045860_1_5-67        94.80%    passed     15.52%
1061  A0A8W8KFK6_IPR045860_1_54-138      92.99%    passed     61.79%
1062  A0A914C4T4_IPR045860_1_15-86       94.06%    passed     57.26%
1063  A0A914TA72_IPR045860_1_17-102      92.90%    passed      5.45%
1064  A0A9Q1BN62_IPR045860_1_22-123      91.58%    failed      0.62%
1065  A0A9X0A6N9_IPR045860_2_115-182     94.39%    failed      1.40%
1066  A0AA35QPM7_IPR045860_2_116-174     95.13%    passed     25.24%
1067  A0AA36C4P5_IPR045860_1_21-91       94.14%    passed     85.28%
1068  A0AA39IR08_IPR045860_1_38-107      94.22%    passed     68.22%
1069  A0AA85JQ84_IPR045860_1_34-99       94.55%    passed     35.81%
1070  A0AAE1CIL3_IPR045860_1_10-78       94.31%    passed     15.48%
1071  A0AAF3ELR6_IPR045860_1_19-100      93.23%    passed     13.98%
1072  A0AAN5IAG8_IPR045860_1_12-103      92.41%    passed     49.93%
1073  A0AAN8GAJ9_IPR045860_1_10-70       94.97%    passed      5.47%
1074  A0AAN9YZE6_IPR045860_1_124-189     94.55%    passed     48.29%
1075  A0ABD2M0E5_IPR045860_1_14-100      92.82%    passed     28.82%
1076  Q9UAG0_IPR045860_2_314-419         91.25%    passed     17.62%
1077  A0A8C6XA92_IPR045860_1_12-61       95.87%    passed     61.55%
1078  A0A6I8ND62_IPR039237_1_1-176       85.48%    failed      0.00%
1079  A0A498MKX1_IPR016054_2_1132-1242   90.84%    failed      0.00%
1080  A0A9P1MLS2_IPR045860_1_6-104       91.83%    passed     15.74%
1081  N0E484_IPR038773_1_3-64            94.88%    passed      9.84%
1082  A0A091VEQ6_IPR016054_2_98-191      92.24%    passed     24.08%
1083  A0A0H4AC46_IPR045860_2_93-174      93.23%    passed     22.54%
1084  A0A151M3T1_IPR045860_3_143-211     94.31%    failed      0.49%
1085  A0A210Q449_IPR016054_1_222-302     93.32%    passed     20.40%
1086  A0A4U1EE55_IPR016054_1_13-72       95.05%    passed     19.34%
1087  A0A670INU0_IPR016054_1_10-99       92.57%    passed     53.91%
1088  A0A6P7YNT8_IPR045860_2_2-58        95.30%    failed      3.14%
1089  A0AAV1NYR3_IPR045860_1_19-102      93.07%    passed     64.08%
1090  A0A0N7Z8L7_IPR031424_1_1-96        92.08%    passed      8.69%
1091  A0A226D9A1_IPR031424_1_22-146      89.69%    failed      4.80%
1092  A0A430Q269_IPR031424_1_12-85       93.89%    passed     47.97%
1093  A0A7G3AEM8_IPR031424_1_22-132      90.84%    passed     32.81%
1094  A0A813T882_IPR031424_1_22-85       94.72%    passed     46.65%
1095  A0A8E0S444_IPR031424_1_11-75       94.64%    passed     73.77%
1096  A0A8J2MGA1_IPR031424_1_34-129      92.08%    passed     11.65%
1097  A0A9N9TW70_IPR045860_1_30-141      90.76%    passed     19.71%
1098  A0ABD2PTL5_IPR045860_1_26-129      91.42%    passed     35.82%
1099  A0ABD3XW80_IPR031424_1_25-99       93.81%    failed      3.08%
1100  A0A0E9SDH0_IPR045860_1_25-101      93.73%    passed     77.14%
1101  A0A183IHQ7_IPR045860_1_10-85       93.73%    passed     81.29%
1102  A0A1A9WMM2_IPR045860_1_73-127      95.46%    passed     17.11%
1103  A0A1I7ZF94_IPR045860_1_20-108      92.66%    passed     50.09%
1104  A0A1I8GI43_IPR045860_2_42-107      94.55%    passed     28.10%
1105  A0A1L8D734_IPR045860_1_10-84       93.81%    passed     37.56%
1106  A0A2K6SQ93_IPR045860_1_1-52        95.71%    passed     89.33%
1107  A0A498P1F1_IPR045860_1_142-201     95.05%    passed     20.92%
1108  A0A4U5M496_IPR045860_2_11-97       92.82%    passed     77.09%
1109  A0A674NWW4_IPR045860_1_5-63        95.13%    passed     91.00%
1110  A0A6A4XF14_IPR045860_1_165-216     95.71%    failed      4.92%
1111  A0A6S7FX41_IPR045860_1_1-90        92.57%    failed      1.48%
1112  A0A7M5XIW4_IPR045860_1_18-108      92.49%    failed      1.37%
1113  A0A813MG68_IPR045860_1_9-84        93.73%    passed     13.47%
1114  A0A813SLY4_IPR045860_1_23-93       94.14%    passed     37.64%
1115  A0A8B8VNU3_IPR045860_1_12-92       93.32%    passed      8.37%
1116  A0A8C2V8N2_IPR045860_1_66-131      94.55%    passed      8.20%
1117  A0A8C4ERD5_IPR045860_1_1-52        95.71%    passed     35.77%
1118  A0A8C5DI65_IPR045860_1_1-57        95.30%    failed      3.00%
1119  A0A8J6HG74_IPR045860_1_18-111      92.24%    failed      0.00%
1120  A0A8S1DBV9_IPR045860_1_45-144      91.75%    passed     13.68%
1121  A0A914TAE8_IPR045860_1_21-103      93.15%    passed     12.01%
1122  A0A915PPZ6_IPR045860_1_17-66       95.87%    passed     34.93%
1123  A0A9Q0S813_IPR045860_1_22-90       94.31%    failed      0.11%
1124  A0A9W9Z870_IPR045860_1_1-69        94.31%    passed      7.28%
1125  A0AAF3EMZ2_IPR045860_1_27-97       94.14%    passed     44.62%
1126  A0AAJ7RD29_IPR045860_1_25-99       93.81%    passed     12.46%
1127  A0AAN5IB82_IPR045860_1_68-152      92.99%    passed     56.62%
1128  A0ABD0LAW8_IPR045860_1_65-122      95.21%    passed     78.26%
1129  E4YHX6_IPR045860_1_49-128          93.40%    passed     31.26%
1130  Q9UAG2_IPR045860_1_225-308         93.07%    passed     15.60%
1131  A0A093PEP6_IPR045860_1_1-52        95.71%    passed     39.36%
1132  A0A814EPP6_IPR045860_1_21-86       94.55%    passed      7.50%
1133  A0A061HV01_IPR016054_1_88-181      92.24%    failed      0.69%
1134  A0A0B5GR50_IPR045860_2_18-105      92.74%    passed     77.71%
1135  A0A452FY47_IPR045860_1_120-182     94.80%    passed     12.61%
1136  A0A668TLB4_IPR045860_1_109-188     93.40%    passed     10.58%
1137  A0A6P7MES0_IPR045860_1_113-221     91.01%    passed     10.78%
1138  A0A8C2ME16_IPR045860_2_46-100      95.46%    passed     40.09%
1139  A0A8D2E104_IPR045860_3_191-240     95.87%    passed     26.30%
1140  A0A8W8KDT8_IPR016054_1_125-182     95.21%    passed     47.21%
1141  A0A9F2WG88_IPR045860_2_22-118      92.00%    passed     22.09%
1142  A0AA35KP80_IPR045860_2_111-170     95.05%    passed     79.31%
1143  A0AAW1EXL6_IPR045860_1_3-71        94.31%    passed     43.42%
1144  A0A834UG43_IPR039457_1_93-163      94.14%    failed      0.43%
1145  A0A8J9VF79_IPR039457_1_30-89       95.05%    passed     65.36%
1146  A0A1I7SHS9_IPR031424_1_20-102      93.15%    failed      1.82%
1147  A0A430Q2G9_IPR031424_1_19-82       94.72%    passed     17.72%
1148  A0AAJ7ITS2_IPR031424_1_24-150      89.52%    passed     25.54%
1149  A0AAW1NBZ3_IPR031424_1_20-132      90.68%    failed      4.35%
1150  A0ABD2QAB0_IPR031424_1_71-210      88.45%    passed     15.57%
1151  V5GYU3_IPR031424_1_27-92           94.55%    passed     68.45%
1152  A0A016WST8_IPR045860_1_76-178      91.50%    passed      7.99%
1153  A0A182DZD6_IPR045860_1_27-76       95.87%    passed     53.50%
1154  A0A1I7RK48_IPR045860_1_8-67        95.05%    passed     98.93%
1155  A0A210Q2J1_IPR045860_2_124-206     93.15%    failed      2.27%
1156  A0A2A6B8C4_IPR045860_1_55-114      95.05%    passed     22.32%
1157  A0A2G9R7K9_IPR045860_1_1-84        93.07%    failed      3.56%
1158  A0A3B4B5Q2_IPR045860_1_9-87        93.48%    passed      5.12%
1159  A0A3Q2UYB1_IPR045860_1_33-87       95.46%    passed     43.52%
1160  A0A4W3J9B0_IPR045860_1_29-103      93.81%    passed     16.77%
1161  A0A6G0HK90_IPR045860_1_45-107      94.80%    passed     23.36%
1162  A0A6P9DRR7_IPR045860_1_17-89       93.98%    failed      2.18%
1163  A0A6V7TRM7_IPR045860_1_1-58        95.21%    passed     17.52%
1164  A0A814M5W0_IPR045860_1_17-119      91.50%    passed     24.22%
1165  A0A898IKW1_IPR045860_1_12-74       94.80%    passed     36.23%
1166  A0A915BQP4_IPR045860_1_20-113      92.24%    passed     16.10%
1167  A0AA36C6F4_IPR045860_1_61-137      93.65%    passed     78.38%
1168  A0AA36M549_IPR045860_1_23-83       94.97%    failed      1.52%
1169  A0AAD9QQA3_IPR045860_1_22-102      93.32%    passed     75.77%
1170  A0AAN9Z0K7_IPR045860_1_23-109      92.82%    passed     27.09%
1171  A0AAW0MVP7_IPR045860_1_186-239     95.54%    passed     14.47%
1172  A0AAX6SC57_IPR045860_1_44-100      95.30%    failed      0.52%
1173  T2MGF9_IPR045860_1_24-129          91.25%    failed      1.66%
1174  Centipede3FTx_0119_1255758         93.89%    passed      7.77%
1175  A0A6B0S6F5_IPR016054_1_24-99       93.73%    passed     39.47%
1176  A0A504YEI6_IPR045860_1_9-67        95.13%    passed     17.17%
1177  A0A5N4CGH2_IPR045860_1_28-90       94.80%    passed     12.87%
1178  A0A9D4MDK6_IPR045860_1_34-113      93.40%    passed     17.76%
1179  A0A151NAK5_IPR016054_1_142-200     95.13%    failed      0.15%
1180  A0A8C3P577_IPR016054_1_21-108      92.74%    failed      1.13%
1181  A0AA35KMR6_IPR016054_1_148-214     94.47%    passed     43.37%
1182  A0AAV7PX70_IPR045860_2_203-292     92.57%    failed      1.19%
1183  G3UDR6_IPR051445_1_7-126           90.10%    failed      0.08%
1184  R0LJ75_IPR045860_1_76-155          93.40%    failed      4.50%
1185  S7PTS4_IPR016054_3_2-57            95.38%    passed     54.61%
1186  W5NTR4_IPR045860_1_33-127          92.16%    passed     82.59%
1187  A0A2K6PKA5_IPR039457_1_1-97        92.00%    passed     26.73%
1188  A0AAD9L2I6_IPR039457_1_14-173      86.80%    passed      7.69%
1189  A0A1D2M2Q1_IPR031424_1_32-134      91.50%    passed     64.85%
1190  A0A1S3DL79_IPR031424_1_4-65        94.88%    passed     15.62%
1191  A0A2S2QSA9_IPR031424_1_24-175      87.46%    failed      0.00%
1192  A0A6P7G9F3_IPR031424_1_22-137      90.43%    passed     11.39%
1193  A0A815BT65_IPR031424_1_24-73       95.87%    passed     23.69%
1194  A0A8J2P850_IPR031424_1_19-120      91.58%    passed     85.43%
1195  A0A8S4RWH0_IPR031424_1_13-63       95.79%    passed     66.68%
1196  A0A9P0LHQ8_IPR031424_1_25-138      90.59%    passed     61.96%
1197  A0AAV8Z602_IPR045860_1_2-95        92.24%    passed     20.82%
1198  Q176Q6_IPR031424_1_25-82           95.21%    passed     60.71%
1199  T1IWT8_IPR031424_2_22-103          93.23%    failed      0.75%
1200  A0A1B0G4Y0_IPR045860_1_7-84        93.56%    failed      2.49%
1201  A0A1D1VK48_IPR045860_1_6-74        94.31%    passed     26.56%
1202  A0A1I7ZN97_IPR045860_1_56-107      95.71%    failed      0.23%
1203  A0A1U7SQ44_IPR045860_1_105-193     92.66%    passed     38.93%
1204  A0A238BWE3_IPR045860_1_11-96       92.90%    passed     22.09%
1205  A0A261AWE7_IPR045860_1_94-209      90.43%    passed     35.91%
1206  A0A2A6B8E8_IPR045860_1_8-106       91.83%    passed     48.86%
1207  A0A2G9RKC4_IPR045860_1_26-90       94.64%    passed     17.92%
1208  A0A3B4B9F7_IPR045860_1_16-73       95.21%    passed      5.74%
1209  A0A3M6TKR6_IPR045860_1_14-123      90.92%    passed     56.06%
1210  A0A3M7QQQ6_IPR045860_1_43-114      94.06%    passed     13.41%
1211  A0A3P6SZG6_IPR045860_1_17-95       93.48%    passed     37.95%
1212  A0A3Q3X9G9_IPR045860_1_50-164      90.51%    failed      0.02%
1213  A0A5N5T244_IPR045860_1_3-68        94.55%    passed     59.13%
1214  A0A6F9BK46_IPR045860_1_9-62        95.54%    passed     68.89%
1215  A0A6P8I7G2_IPR045860_1_21-114      92.24%    passed      9.50%
1216  A0A6P8SJ10_IPR045860_2_18-80       94.80%    passed     32.66%
1217  A0A7M6DNM3_IPR045860_1_44-135      92.41%    passed     31.40%
1218  A0A811U775_IPR045860_1_1-57        95.30%    passed     67.13%
1219  A0A818HBP9_IPR045860_1_24-80       95.30%    failed      0.17%
1220  A0A8C2SA02_IPR045860_1_68-128      95.71%    passed     55.02%
1221  A0A8C4RTV8_IPR045860_1_16-97       93.23%    passed     49.78%
1222  A0A8C9FRH0_IPR045860_1_11-97       92.82%    passed      8.01%
1223  A0A8J6E8Q3_IPR045860_1_1-53        95.63%    passed     50.42%
1224  A0A8R1Y214_IPR045860_1_226-296     94.14%    failed      4.43%
1225  A0A914NHW3_IPR045860_1_204-296     92.33%    passed      8.30%
1226  A0A914THE1_IPR045860_1_6-74        94.31%    passed     29.73%
1227  A0A9J7KD64_IPR045860_1_41-149      91.01%    failed      3.05%
1228  A0A9J7Z2T9_IPR045860_1_25-103      93.48%    failed      0.11%
1229  A0A9P0GIB7_IPR045860_2_19-101      93.15%    passed     11.50%
1230  A0A9P1IQ79_IPR045860_1_15-101      92.82%    passed     58.69%
1231  A0A9X9MBQ9_IPR045860_1_41-93       95.63%    passed     40.56%
1232  A0AA35SQM2_IPR045860_1_20-119      91.75%    passed      9.83%
1233  A0AA36C7K6_IPR045860_1_52-143      92.41%    passed     22.75%
1234  A0AAN9B562_IPR045860_1_229-312     93.07%    passed     12.94%
1235  A0AAV7ME30_IPR045860_2_45-153      91.01%    passed     22.50%
1236  A0AAW1B171_IPR045860_1_3-61        95.13%    passed     19.22%
1237  A0ABD1JAD3_IPR045860_1_1-71        94.14%    passed     58.28%
1238  A0ABD2MVB5_IPR045860_1_21-108      92.74%    passed     97.14%
1239  D8LTZ0_IPR045860_1_33-93           94.97%    failed      0.42%
1240  Centipede3FTx_0120_60158           84.74%    failed      0.85%
1241  L9KLR5_IPR042339_1_1-54            95.54%    failed      0.93%
1242  A0A813PAN9_IPR045860_1_19-101      93.15%    passed     27.60%
1243  A0A7J7YNW4_IPR038773_1_1-140       88.45%    failed      0.02%
1244  A0A8C6GIG4_IPR038773_1_57-250      83.99%    failed      0.05%
1245  A0A0F7JJU4_IPR045860_2_115-190     93.73%    passed     51.24%
1246  A0A1A6HFC6_IPR045860_1_46-181      88.86%    failed      4.83%
1247  A0A401Q604_IPR045860_1_2-78        93.65%    failed      3.08%
1248  A0A670INU5_IPR045860_2_163-236     93.89%    passed     68.01%
1249  A0A6B0SDN0_IPR016054_1_1-78        93.56%    passed     40.11%
1250  A0A6P8I7U6_IPR045860_2_109-194     92.90%    passed     29.16%
1251  A0A8J1LAS0_IPR016054_1_9-64        95.38%    failed      1.52%
1252  A0AAV7Q3J4_IPR016054_1_58-128      94.14%    passed     83.29%
1253  A0A7L0RV53_IPR039457_1_2-155       87.29%    passed      5.56%
1254  A0A8C5IIX8_IPR039457_1_94-149      95.38%    failed      0.28%
1255  A0A0D8Y3R0_IPR031424_1_21-144      89.77%    passed      6.66%
1256  A0AAV8Z6D1_IPR031424_1_68-200      89.03%    passed     37.31%
1257  K1S039_IPR031424_1_78-175          91.91%    passed     11.37%
1258  A0A0M3IZ09_IPR045860_1_41-118      93.56%    passed     38.57%
1259  A0A1D1VR81_IPR045860_1_26-119      92.24%    passed     71.96%
1260  A0A1I7ZPI2_IPR045860_1_29-86       95.21%    passed     54.84%
1261  A0A1L8EZ01_IPR045860_1_18-83       94.55%    passed     11.57%
1262  A0A267E0W6_IPR045860_1_23-118      92.08%    passed     10.64%
1263  A0A3Q0R1F3_IPR045860_1_2-62        94.97%    failed      1.39%
1264  A0A556TW63_IPR045860_1_16-69       95.54%    passed     65.68%
1265  A0A671UC21_IPR045860_1_10-75       94.55%    passed     12.22%
1266  A0A6S7G4S7_IPR045860_1_1-75        93.81%    passed     62.76%
1267  A0A8B6D8I8_IPR045860_1_15-110      92.08%    passed     23.39%
1268  A0A8C5TTS8_IPR045860_1_30-112      93.15%    passed     29.95%
1269  A0A8J1U7F8_IPR045860_1_24-113      92.57%    passed     68.54%
1270  A0A8J6E8Q3_IPR045860_2_62-127      94.55%    failed      0.36%
1271  A0A8S1HML4_IPR045860_1_31-115      92.99%    passed     14.74%
1272  A0A914GSD6_IPR045860_1_1491-1597   91.17%    failed      0.22%
1273  A0A9P1ACE4_IPR045860_1_66-144      93.48%    passed     19.43%
1274  A0A9W9ZGI0_IPR045860_1_1-53        95.63%    passed     79.93%
1275  A0AA88IY44_IPR045860_1_19-98       93.40%    passed     26.69%
1276  A0AAD6BQA0_IPR045860_1_55-129      93.81%    passed      9.26%
1277  A0AAD9MV61_IPR045860_1_19-83       94.64%    passed     12.30%
1278  A0AAD9QVN7_IPR045860_1_40-125      92.90%    passed     11.61%
1279  A0AAV3Z6A2_IPR045860_1_23-99       93.65%    passed     13.57%
1280  A0AAW1KMF1_IPR045860_1_29-131      91.50%    passed     34.95%
1281  A0ABD6EHK3_IPR045860_1_20-115      92.08%    passed      7.97%
1282  Q5MPP8_IPR045860_1_18-110          92.33%    passed     52.49%
1283  Q95QW3_IPR045860_1_26-100          93.81%    failed      2.71%
1284  Centipede3FTx_0089_984703          89.93%    passed     18.69%
1285  A0A7N5P423_IPR045860_1_189-316     89.44%    failed      4.56%
1286  A0A817HP88_IPR045860_1_166-222     95.30%    passed     60.40%
1287  A0A8C4TYQ7_IPR045860_1_16-78       94.80%    passed     62.62%
1288  A0A9F5IM03_IPR016054_1_17-108      92.41%    passed     37.89%
1289  A0AAA9TGG3_IPR045860_1_42-99       95.21%    passed      6.34%
1290  A0A9D3NIU9_IPR045860_2_19-109      92.49%    failed      0.56%
1291  A0A9W3FUM6_IPR016054_2_221-281     94.97%    failed      4.89%
1292  E4YLF4_IPR039457_1_13-152          88.45%    passed     17.39%
1293  A0A0D8Y5C3_IPR031424_1_2-113       90.76%    failed      2.74%
1294  A0A0M4EAF4_IPR031424_1_3-73        94.14%    failed      4.63%
1295  A0A1I8ND66_IPR031424_1_23-119      92.00%    failed      0.94%
1296  A0A1S3GZW2_IPR031424_1_23-125      91.50%    passed     14.44%
1297  A0A1S3JP86_IPR031424_1_43-130      92.74%    passed     53.42%
1298  A0A226DSS2_IPR031424_1_23-131      91.01%    passed     38.15%
1299  A0A2A6B8J1_IPR045860_1_16-106      92.49%    passed      7.68%
1300  A0A8J2PMA0_IPR031424_1_24-141      90.26%    passed     61.58%
1301  A0A8K0FVX6_IPR031424_1_24-131      91.09%    passed     29.73%
1302  A0AAE0SAA0_IPR031424_1_25-125      91.67%    passed     13.70%
1303  E4XG26_IPR031424_1_138-231         92.24%    failed      2.97%
1304  A0A0F6QGK1_IPR045860_1_11-89       93.48%    passed     35.46%
1305  A0A0N4ZKX4_IPR045860_1_21-82       94.88%    passed     19.95%
1306  A0A151NC87_IPR045860_1_158-243     92.90%    passed     23.56%
1307  A0A1D1VT78_IPR045860_1_98-207      90.92%    passed     40.97%
1308  A0A1I7RVE4_IPR045860_1_17-110      92.24%    passed     11.56%
1309  A0A1I8HBH6_IPR045860_1_513-614     91.58%    passed      9.08%
1310  A0A2C9K422_IPR045860_1_14-69       95.38%    passed     18.70%
1311  A0A2W1BZJ9_IPR045860_1_23-86       94.72%    passed     26.99%
1312  A0A3B3SFP9_IPR045860_1_18-91       93.89%    passed     72.69%
1313  A0A3R7MKN0_IPR045860_1_4-77        93.89%    passed     68.07%
1314  A0A4U5ME25_IPR045860_1_30-128      91.83%    failed      2.73%
1315  A0A674H6K9_IPR045860_1_33-108      93.73%    passed     14.39%
1316  A0A6B0VCD7_IPR045860_1_60-143      93.07%    passed     13.32%
1317  A0A7I4YUC0_IPR045860_1_57-138      93.23%    passed     26.11%
1318  A0A7S0R1K6_IPR045860_1_55-125      94.14%    passed     68.55%
1319  A0A8J1UDI6_IPR045860_1_21-90       94.22%    passed     14.41%
1320  A0A914JL77_IPR045860_1_250-317     94.39%    passed     14.41%
1321  A0A914P0I3_IPR045860_1_7-62        95.38%    passed     75.08%
1322  A0A914WNB6_IPR045860_1_59-178      90.10%    passed     54.19%
1323  A0A915BVS1_IPR045860_1_27-134      91.09%    passed     12.49%
1324  A0A915PZ67_IPR045860_1_7-64        95.21%    passed      5.98%
1325  A0A9D4L0N9_IPR045860_1_2-57        95.38%    passed     58.69%
1326  A0A9P1IVJ9_IPR045860_1_16-107      92.41%    passed     19.12%
1327  A0AA39F6L5_IPR045860_1_16-106      92.49%    passed     26.87%
1328  A0AAE0QIX2_IPR045860_1_3-54        95.71%    passed     19.43%
1329  A0AAV2TDN9_IPR045860_1_12-108      92.00%    passed     38.34%
1330  A0AAV5UKY8_IPR045860_1_33-83       95.79%    passed     16.68%
1331  A0AAW0Q3I2_IPR045860_1_17-66       95.87%    passed     44.93%
1332  C3Z070_IPR045860_2_49-117          94.31%    passed     83.22%
1333  F6XDW5_IPR045860_1_18-102          92.99%    passed     24.09%
1334  H5ZVL1_IPR045860_1_1-59            95.13%    passed     13.54%
1335  R7U1I8_IPR045860_1_22-111          92.57%    failed      2.39%
1336  Centipede3FTx_0058_1255758         93.15%    failed      0.82%
1337  U3FVH6_IPR045860_1_13-84           94.06%    passed     59.32%
1338  A0A6J0XUD7_IPR026110_1_102-157     95.38%    passed     47.99%
1339  A0A8C2VN21_IPR026110_1_2-122       90.02%    passed      5.86%
1340  A0A498MKX1_IPR016054_7_441-529     92.66%    passed     11.70%
1341  A0A553PRQ5_IPR045860_1_2-77        93.73%    passed     43.53%
1342  A0A8C6CBQ9_IPR045860_1_66-121      95.38%    passed     27.92%
1343  A0A9Q0X962_IPR045860_1_197-275     93.48%    failed      0.51%
1344  A0AA88NKS8_IPR045860_1_19-95       93.65%    passed     29.64%
1345  A0A151M3Y2_IPR016054_1_435-494     95.05%    passed     48.23%
1346  A0A2K5VKS7_IPR045860_3_109-167     95.13%    failed      1.63%
1347  A0A401RHQ3_IPR016054_1_114-208     92.16%    failed      0.03%
1348  A0A7N5KJR1_IPR016054_1_29-125      92.00%    passed     39.47%
1349  A0AA97KF86_IPR045860_1_20-98       93.48%    failed      3.99%
1350  A0AAA9T1I4_IPR045860_1_2-62        94.97%    passed     69.61%
1351  A0AAD1T3X3_IPR045860_2_118-202     92.99%    passed     15.39%
1352  A0AAV7Q3X5_IPR045860_1_424-512     92.66%    failed      0.47%
1353  G1QG83_IPR045860_1_18-101          93.07%    failed      4.22%
1354  A0A164XA57_IPR039457_1_18-127      90.92%    passed     26.43%
1355  A0A7J7KSY4_IPR039457_1_41-163      89.85%    failed      2.92%
1356  A0A226DZ36_IPR031424_1_17-157      88.37%    passed     19.03%
1357  A0A8J1XJ26_IPR031424_1_30-163      88.94%    passed     54.63%
1358  A0A8W8NB98_IPR031424_1_30-88       95.13%    passed     68.45%
1359  A0ABD2WFA1_IPR031424_1_25-117      92.33%    failed      3.13%
1360  A0A0B1SWC8_IPR045860_1_24-116      92.33%    failed      0.01%
1361  A0A0K0E9Y5_IPR045860_1_6-97        92.41%    passed     39.70%
1362  A0A0R3RWQ8_IPR045860_1_27-98       94.06%    passed     34.20%
1363  A0A182E678_IPR045860_1_22-107      92.90%    passed     48.69%
1364  A0A1W4XFK3_IPR045860_1_18-116      91.83%    passed     71.45%
1365  A0A212EMN2_IPR045860_1_5-68        94.72%    passed     49.79%
1366  A0A2A6B9Z5_IPR045860_1_53-176      89.77%    passed     26.02%
1367  A0A3M7RCI7_IPR045860_1_169-241     93.98%    passed     21.14%
1368  A0A7E4UNJ0_IPR045860_1_19-90       94.06%    passed     70.86%
1369  A0A7S0VUB8_IPR045860_1_14-105      92.41%    failed      0.00%
1370  A0A813NKV6_IPR045860_1_19-90       94.06%    failed      2.93%
1371  A0A8J4T8B0_IPR045860_1_5-54        95.87%    passed     20.00%
1372  A0A8K0EHZ8_IPR045860_1_19-122      91.42%    failed      0.00%
1373  A0A8S4SKC7_IPR045860_1_1-54        95.54%    passed     72.42%
1374  A0A8S9ZVH1_IPR045860_1_45-126      93.23%    failed      0.89%
1375  A0A8T1MDE9_IPR045860_1_21-92       94.06%    passed      8.86%
1376  A0A913XL13_IPR045860_1_490-566     93.65%    passed     46.34%
1377  A0A9X0CE68_IPR045860_1_174-265     92.41%    passed     19.83%
1378  A0AA36CEM3_IPR045860_1_7-62        95.38%    passed     14.29%
1379  A0AAE2D5S9_IPR045860_1_40-103      94.72%    passed     77.76%
1380  A0AAF3F2F2_IPR045860_1_34-110      93.65%    failed      1.87%
1381  A0AAV2JAK8_IPR045860_1_66-133      94.39%    passed      6.05%
1382  A0AAV2TLD3_IPR045860_1_48-111      94.72%    passed     52.53%
1383  A0AAV6ZLS9_IPR045860_1_1-68        94.39%    passed     18.75%
1384  A0AAW0Y0S8_IPR045860_1_21-84       94.72%    passed     68.75%
1385  W5M4X6_IPR045860_1_87-141          95.46%    passed     24.26%
1386  Centipede3FTx_0059_1255758         90.84%    passed     14.42%
1387  Centipede3FTx_0123_60158           93.81%    passed     74.05%
1388  A0A914GLY3_IPR045860_1_8-71        94.72%    passed     69.71%
1389  A0A3Q2HYF9_IPR039237_1_66-164      91.83%    failed      0.23%
1390  A0A0K2VB75_IPR035076_1_21-72       95.71%    failed      4.15%
1391  A0A672HXW0_IPR045860_2_8-80        93.98%    passed      8.40%
1392  A0A8C0CF61_IPR045860_1_20-86       94.47%    passed     55.66%
1393  A0A1A6HP20_IPR016054_1_156-207     95.71%    passed     37.94%
1394  A0A553NSH3_IPR016054_1_20-116      92.00%    passed      7.97%
1395  A0A670ZAR9_IPR045860_2_114-165     95.71%    passed     31.48%
1396  A0A803K920_IPR045860_3_259-314     95.38%    failed      2.04%
1397  A0A8C2SBU2_IPR016054_1_26-143      92.99%    passed     24.39%
1398  A0A8C5SCC3_IPR045860_3_1-57        95.30%    passed     64.89%
1399  A0A9F7TM69_IPR045860_3_169-230     94.88%    passed     22.58%
1400  A0A9J7JYE5_IPR016054_2_119-182     94.72%    passed     26.76%
1401  A0AAD1WQB8_IPR045860_1_121-199     93.48%    passed     29.61%
1402  A0AAN7X9S9_IPR045860_2_114-187     93.89%    passed      9.94%
1403  A0AAV3A123_IPR045860_2_157-245     92.66%    passed     64.68%
1404  A0A8D0BPR5_IPR026524_1_27-111      92.99%    passed     89.58%
1405  A0AAV7Q211_IPR026524_1_4-257       79.04%    failed      0.00%
1406  Q3KUR9_IPR026524_1_16-105          92.57%    failed      0.63%
1407  A0A672TAY2_IPR039457_1_59-138      93.40%    passed      6.92%
1408  A0A1D1UPN3_IPR031424_1_15-101      92.82%    passed      8.40%
1409  A0A1D2MQ55_IPR031424_1_27-155      89.36%    passed      7.72%
1410  A0A1S3H5B0_IPR031424_1_44-162      90.18%    failed      0.86%
1411  A0A226DZC9_IPR031424_1_23-156      88.94%    failed      2.04%
1412  A0A553NCU0_IPR031424_1_23-136      90.59%    passed     91.34%
1413  A0A8I6R741_IPR031424_1_24-109      92.90%    failed      1.69%
1414  A0AAJ6ZQI6_IPR045860_1_29-136      91.09%    passed     56.17%
1415  A0AAV8VLN0_IPR045860_1_4-88        92.99%    failed      0.30%
1416  A0A0H5SL74_IPR045860_1_32-116      92.99%    failed      0.09%
1417  A0A0N4ZNP5_IPR045860_1_33-104      94.06%    failed      1.69%
1418  A0A1I7RXX3_IPR045860_1_24-95       94.06%    failed      1.73%
1419  A0A1S3Q511_IPR045860_1_112-185     93.89%    passed     73.79%
1420  A0A1W4XIE4_IPR045860_1_3-114       90.76%    passed     58.07%
1421  A0A1Y3BNV1_IPR045860_1_4-58        95.46%    passed     78.42%
1422  A0A210Q9V6_IPR045860_1_145-208     94.72%    passed     57.96%
1423  A0A267EFM8_IPR045860_1_10-73       94.72%    passed      6.10%
1424  A0A6M2DXW3_IPR045860_1_28-107      93.40%    failed      3.99%
1425  A0A6P7RFQ4_IPR045860_1_97-148      95.71%    passed     46.36%
1426  A0A6P9FLX0_IPR045860_1_12-64       95.63%    failed      3.81%
1427  A0A6S7GKF8_IPR045860_1_19-105      92.82%    failed      0.02%
1428  A0A7M5U9W9_IPR045860_1_20-115      92.08%    passed     71.16%
1429  A0A7M7RHR6_IPR045860_1_25-107      93.15%    passed     15.08%
1430  A0A814HFH1_IPR045860_1_20-93       93.89%    failed      0.14%
1431  A0A815B2Q3_IPR045860_1_17-74       95.21%    passed     82.58%
1432  A0A8R1Z2I3_IPR045860_1_12-103      92.41%    failed      0.02%
1433  A0A8S1E5R0_IPR045860_1_71-143      93.98%    failed      1.79%
1434  A0A8S9ZW77_IPR045860_1_70-150      93.32%    failed      0.73%
1435  A0A913XL18_IPR045860_1_141-238     92.00%    failed      2.18%
1436  A0A914CQB1_IPR045860_1_17-98       93.23%    passed     50.04%
1437  A0A914TZ53_IPR045860_1_12-105      92.24%    passed      7.43%
1438  A0AA35TY84_IPR045860_1_27-132      91.25%    passed     20.97%
1439  A0AAE1E257_IPR045860_1_52-119      94.39%    passed     66.88%
1440  A0AAN8AXA4_IPR045860_1_15-70       95.38%    passed     32.86%
1441  A0AAV5SJA6_IPR045860_1_15-103      92.66%    passed     61.27%
1442  A0AAV5UNV8_IPR045860_1_18-102      92.99%    failed      0.13%
1443  A0AAW0MZS0_IPR045860_1_6-59        95.54%    passed     11.18%
1444  A0ABD6EKP5_IPR045860_1_10-81       94.06%    passed     16.03%
1445  W8PW57_IPR045860_1_11-85           93.81%    failed      0.75%
1446  Centipede3FTx_0060_1255758         88.53%    failed      1.16%
1447  A0A087WQ65_IPR045860_1_41-113      93.98%    passed     23.69%
1448  A0A8C8RF92_IPR035076_1_12-82       94.14%    passed     36.98%
1449  A0A8C9CVH1_IPR045860_1_36-89       95.54%    passed     63.33%
1450  A0A9Q0Y0G3_IPR045860_1_11-69       95.13%    passed     69.81%
1451  A0AAV6ZDW4_IPR045860_1_1-58        95.21%    passed     42.60%
1452  V8NB38_IPR045860_1_64-117          95.54%    passed     13.95%
1453  N0E6I9_IPR038773_1_9-60            95.71%    failed      0.00%
1454  A0A0A0QUW4_IPR016054_1_1-63        94.80%    passed     80.62%
1455  A0A803JS12_IPR016054_2_112-204     92.33%    passed     25.42%
1456  A0A8D0HA27_IPR016054_1_45-115      94.14%    passed     22.12%
1457  A0A8J6AJV9_IPR016054_1_3-78        93.73%    passed     10.39%
1458  A0A9W2X751_IPR016054_1_12-70       95.13%    failed      3.42%
1459  A0AA97KFU8_IPR045860_1_121-207     92.82%    passed     40.43%
1460  A0AAW1AXJ9_IPR045860_1_111-193     93.15%    passed      7.50%
1461  B2D6N2_IPR045860_2_13-92           93.40%    passed     18.16%
1462  L9KKD7_IPR016054_1_225-321         92.00%    failed      0.32%
1463  A0A8C0WFM8_IPR026524_1_17-97       93.32%    passed      7.74%
1464  A0A3Q2XZN3_IPR039457_1_5-146       88.28%    passed     18.39%
1465  A0A852NKK1_IPR039457_1_3-105       91.50%    passed     58.24%
1466  A0AAW1DF26_IPR039457_1_1-73        93.98%    passed     27.38%
1467  A0A0X3PMB9_IPR045860_1_24-122      91.83%    passed     57.45%
1468  A0A210QR19_IPR031424_1_22-99       93.56%    failed      0.70%
1469  A0A3M7PFA6_IPR031424_1_20-103      93.07%    passed     10.00%
1470  A0A914AMV4_IPR031424_1_51-172      89.93%    failed      1.17%
1471  A0A914T9K7_IPR031424_1_3-71        94.31%    passed      5.85%
1472  A0A9C6SRV2_IPR031424_1_24-77       95.54%    passed     90.02%
1473  A0AA36B8V0_IPR031424_1_35-105      94.14%    passed     87.65%
1474  A0AAE0SQF5_IPR031424_1_31-121      92.49%    passed     31.36%
1475  A0AAN7SNP7_IPR031424_1_20-102      93.15%    passed     12.44%
1476  A0AAN9V7F9_IPR045860_1_16-113      91.91%    failed      4.66%
1477  A0ABD0Y7A6_IPR031424_1_20-163      88.12%    failed      0.07%
1478  T1FHP3_IPR031424_1_37-115          93.48%    failed      2.69%
1479  A0A077Z0B6_IPR045860_1_53-137      92.99%    passed     87.28%
1480  A0A0B2W0J0_IPR045860_1_2-77        93.73%    passed     71.86%
1481  A0A0C2FSU3_IPR045860_1_16-89       93.89%    passed     95.25%
1482  A0A0N4ZQ95_IPR045860_1_27-125      91.83%    passed      8.30%
1483  A0A0Q3VBE2_IPR045860_1_9-64        95.38%    passed     43.03%
1484  A0A158PC07_IPR045860_1_12-107      92.08%    failed      0.26%
1485  A0A1D1W9J0_IPR045860_1_43-95       95.63%    passed     19.67%
1486  A0A210Q9V6_IPR045860_2_2-73        94.06%    passed     13.29%
1487  A0A226DLD2_IPR045860_1_20-136      90.35%    passed     15.83%
1488  A0A7R9A6H2_IPR045860_1_25-110      92.90%    passed     34.21%
1489  A0A8C4YT57_IPR045860_1_20-104      92.99%    failed      3.31%
1490  A0A8C5QVE6_IPR045860_2_119-168     95.87%    passed     71.67%
1491  A0A8D2JIH4_IPR045860_1_26-76       95.79%    passed     71.14%
1492  A0A8I5YPA3_IPR045860_1_25-84       95.05%    passed     77.53%
1493  A0A914JTL9_IPR045860_1_20-78       95.13%    passed     48.11%
1494  A0A914X1Q0_IPR045860_1_27-104      93.56%    passed     13.83%
1495  A0A9D4LPP4_IPR045860_1_28-113      92.90%    failed      1.79%
1496  A0A9Q1GA89_IPR045860_1_6-77        94.06%    passed     67.32%
1497  A0A9W9ZP78_IPR045860_1_86-175      92.57%    passed      7.73%
1498  A0AA36GTX8_IPR045860_1_13-103      92.49%    failed      3.00%
1499  A0AA36MAJ4_IPR045860_1_38-92       95.46%    passed     14.62%
1500  A0AAD9R5Z8_IPR045860_1_15-88       93.89%    passed      7.47%
1501  A0AAE0VEQ6_IPR045860_1_404-482     93.48%    passed     65.95%
1502  A0AAU9WM84_IPR045860_1_19-113      92.16%    passed     14.41%
1503  A0AAV2TU50_IPR045860_1_16-81       94.55%    failed      0.32%
1504  A0AAV6Z364_IPR045860_1_1-75        93.81%    passed     38.58%
1505  A0ABD3UYT6_IPR045860_1_10-74       94.64%    passed     14.92%
1506  F6XPQ3_IPR045860_1_63-135          93.98%    failed      0.17%
1507  T1ILG0_IPR045860_1_12-69           95.21%    passed     19.77%
1508  V4CRU8_IPR045860_1_45-107          94.80%    passed     27.49%
1509  A0A1U7QU12_IPR042339_1_1-96        92.08%    failed      1.51%
1510  A0A484GQ91_IPR042339_1_41-118      93.56%    failed      0.00%
1511  A0A2T7NKQ0_IPR045860_1_26-95       94.22%    passed     41.67%
1512  A0A4U5PHI3_IPR045860_1_21-97       93.65%    passed      5.14%
1513  A0A674J9W8_IPR045860_1_18-67       95.87%    passed     78.55%
1514  A0A814M5N4_IPR045860_1_15-93       93.48%    failed      4.76%
1515  A0A8B8S0Q2_IPR045860_1_27-138      90.76%    passed     15.65%
1516  A0A8B9R4A5_IPR035076_1_21-80       95.05%    passed     28.38%
1517  A0A8C5MY48_IPR045860_1_3-69        94.47%    passed     46.86%
1518  A0A8C8RFB5_IPR045860_1_10-78       94.31%    passed     14.15%
1519  A0AAV6ZW00_IPR045860_1_1-50        95.87%    passed     78.13%
1520  A0A7J7F023_IPR016054_1_2-56        95.46%    passed     40.13%
1521  A0A8D0HA27_IPR045860_2_136-222     92.82%    passed     28.25%
1522  A0A9D3XGJ7_IPR016054_1_24-105      93.23%    passed     25.56%
1523  A0A9W2X751_IPR045860_2_81-138      95.21%    passed     64.60%
1524  A0AA97KFU8_IPR045860_2_16-111      92.08%    passed     60.19%
1525  A0AAV6ZEC7_IPR045860_1_20-103      93.07%    passed     21.20%
1526  A0AAV6ZZZ2_IPR045860_2_25-110      92.90%    passed     13.41%
1527  L5KM26_IPR045860_2_12-65           95.54%    passed     57.39%
1528  A0A8J2WJ03_IPR039457_1_56-169      90.59%    failed      0.44%
1529  A0A226E8M1_IPR031424_1_26-153      89.44%    passed     29.72%
1530  A0A2T7PKX3_IPR031424_1_25-116      92.41%    passed     23.87%
1531  A0A6V7GZJ9_IPR031424_1_1-65        94.64%    passed     96.75%
1532  A0A8K0FZV1_IPR031424_1_22-134      90.68%    passed     20.60%
1533  A0A914ARZ5_IPR031424_1_22-149      89.44%    passed      7.32%
1534  A0A9N9S5K3_IPR031424_1_25-135      90.84%    passed     52.91%
1535  A0A0B1TBH2_IPR045860_1_92-157      94.55%    failed      3.41%
1536  A0A147BEL1_IPR045860_2_99-162      94.97%    failed      0.97%
1537  A0A182SK22_IPR045860_1_1-53        95.63%    passed     31.07%
1538  A0A183PSY2_IPR045860_1_11-108      91.91%    failed      0.11%
1539  A0A1D2M0G9_IPR045860_1_25-112      92.74%    passed     45.36%
1540  A0A226EQQ1_IPR045860_1_66-208      88.20%    failed      3.18%
1541  A0A267EX07_IPR045860_1_483-556     93.89%    passed     11.47%
1542  A0A3M7RMB0_IPR045860_1_25-115      92.49%    failed      0.21%
1543  A0A4U5MQS9_IPR045860_1_90-198      91.01%    passed     34.61%
1544  A0A556U032_IPR045860_1_19-74       95.38%    passed     13.88%
1545  A0A673FRW7_IPR045860_1_11-80       94.22%    passed     36.25%
1546  A0A674PEQ5_IPR045860_1_11-64       95.54%    passed     43.63%
1547  A0A6F8ZMR9_IPR045860_1_28-92       94.64%    passed     86.93%
1548  A0A6G0HW87_IPR045860_2_197-292     92.08%    passed      8.39%
1549  A0A6P8IDF1_IPR045860_1_100-200     91.67%    passed     79.89%
1550  A0A7R9IYK2_IPR045860_1_3-55        95.63%    passed     54.36%
1551  A0A7S1MTA1_IPR045860_1_201-255     95.46%    passed     24.08%
1552  A0A813P492_IPR045860_1_42-98       95.30%    passed      6.50%
1553  A0A814BXE5_IPR045860_1_1-89        92.66%    failed      2.64%
1554  A0A814HVW8_IPR045860_1_25-82       95.21%    passed     29.85%
1555  A0A8B8IYC9_IPR045860_1_1-59        95.13%    failed      2.26%
1556  A0A8C5C145_IPR045860_1_1-60        95.05%    passed     95.93%
1557  A0A8D8DNS1_IPR045860_1_168-222     95.46%    passed     16.81%
1558  A0A8J0SAE6_IPR045860_1_52-129      93.56%    passed     17.66%
1559  A0A8J1UV03_IPR045860_1_161-241     93.32%    passed     53.42%
1560  A0A8J4TJW7_IPR045860_1_96-189      92.24%    failed      3.28%
1561  A0A8T2M011_IPR045860_1_18-116      91.83%    failed      0.00%
1562  A0A913WT09_IPR045860_1_501-592     92.41%    passed     25.07%
1563  A0A914X3N0_IPR045860_1_21-78       95.21%    passed     81.52%
1564  A0A915C6L5_IPR045860_1_14-103      92.57%    failed      3.99%
1565  A0A9P0MN74_IPR045860_1_27-80       95.54%    passed     58.58%
1566  A0A9Q0Y2V8_IPR045860_1_2-57        95.38%    passed     73.89%
1567  A0A9W2XH10_IPR045860_1_11-61       95.79%    passed     28.61%
1568  A0AA35KMU3_IPR045860_1_17-101      92.99%    passed     25.92%
1569  A0AA35NY78_IPR045860_1_38-107      94.22%    passed     29.73%
1570  A0AA36CJ03_IPR045860_1_2-85        93.07%    passed     39.78%
1571  A0AA36MB68_IPR045860_1_43-116      93.89%    passed     34.45%
1572  A0AAF3F6X3_IPR045860_1_12-100      92.66%    passed      7.97%
1573  A0AAU9XLM5_IPR045860_2_156-230     93.81%    failed      2.38%
1574  A0AAW1EW67_IPR045860_1_4-57        95.54%    passed      7.41%
1575  A0ABC9W934_IPR045860_1_34-134      91.67%    failed      0.36%
1576  A0ABD1D0L5_IPR045860_1_4-54        95.79%    passed      6.19%
1577  R7U8P4_IPR045860_1_2-60            95.13%    passed     40.69%
1578  Centipede3FTx_0030_61981           92.74%    failed      0.61%
1579  A0A6P5KXC8_IPR042339_1_49-144      92.08%    passed     39.29%
1580  A0A2D4G9Z1_IPR016054_1_12-109      91.91%    passed      5.30%
1581  A0A2T7P9N7_IPR016054_1_941-1028    92.74%    passed     16.25%
1582  A0A6I8R2P6_IPR045860_1_23-115      92.33%    passed     48.05%
1583  A0A6P8PTC0_IPR045860_1_12-93       93.23%    failed      0.07%
1584  A0A8C0N4C6_IPR045860_1_102-222     90.02%    failed      0.87%
1585  A0AA88TF02_IPR045860_2_1-62        94.88%    failed      0.10%
1586  A0AAW1BLL4_IPR045860_1_7-84        93.56%    passed     13.97%
1587  V8NCZ4_IPR045860_1_1-64            94.72%    passed      6.60%
1588  A0A1A6G1S1_IPR038773_1_106-159     95.54%    failed      0.02%
1589  A0A3P9DMF4_IPR045860_1_56-128      93.98%    failed      3.00%
1590  A0A6P5Q3G2_IPR016054_2_213-310     91.91%    failed      3.13%
1591  A0A8M9PKG4_IPR016054_1_18-93       93.73%    failed      0.39%
1592  A0A9F3QVY1_IPR016054_1_39-103      94.64%    passed     38.88%
1593  A0AAD1WQC3_IPR045860_2_283-370     92.74%    passed      8.80%
1594  A0AAV7Q409_IPR045860_2_1-67        94.47%    passed     20.49%
1595  A0A151NCF0_IPR026524_1_21-112      92.41%    failed      0.00%
1596  A0A8D0XLD5_IPR026524_1_11-270      78.55%    failed      0.00%
1597  A0A1S8WRH0_IPR045860_1_25-89       94.64%    passed     37.79%
1598  A0A8J1Y7G1_IPR031424_1_35-141      91.17%    failed      1.71%
1599  A0A9W2YPS7_IPR031424_1_23-136      90.59%    passed     37.79%
1600  A0AA36C4Y9_IPR031424_1_35-100      94.55%    passed     16.83%
1601  T1FTA0_IPR031424_1_23-103          93.32%    passed     50.19%
1602  T1JCJ9_IPR031424_1_125-212         92.74%    passed     29.26%
1603  A0A0M3K4U5_IPR045860_1_207-283     93.65%    passed     49.56%
1604  A0A1D2M2K8_IPR045860_1_27-112      92.90%    passed     59.62%
1605  A0A1I7X890_IPR045860_1_1-50        95.87%    passed     44.52%
1606  A0A1I8AU51_IPR045860_1_85-163      93.48%    passed     12.23%
1607  A0A1W5BE54_IPR045860_1_9-81        93.98%    failed      0.45%
1608  A0A2A6BVH5_IPR045860_1_16-105      92.57%    passed     36.58%
1609  A0A3P7DWI0_IPR045860_1_8-58        95.79%    passed     51.82%
1610  A0A4U5MVD7_IPR045860_1_36-91       95.38%    failed      0.00%
1611  A0A665TLL2_IPR045860_1_52-147      92.08%    passed      6.59%
1612  A0A672Z7F9_IPR045860_1_6-85        93.40%    failed      4.58%
1613  A0A813WVD2_IPR045860_1_66-122      95.30%    passed      6.30%
1614  A0A8B8PLF7_IPR045860_1_13-138      89.60%    failed      0.88%
1615  A0A8J1LAM8_IPR045860_1_169-254     92.90%    passed     19.74%
1616  A0A8J2RNL0_IPR045860_1_13-65       95.63%    passed     17.60%
1617  A0A8S2GH58_IPR045860_1_48-140      92.33%    passed     65.75%
1618  A0A8T2M011_IPR045860_2_117-186     94.22%    passed      6.00%
1619  A0A9D4M313_IPR045860_1_44-151      91.09%    passed     53.34%
1620  A0A9J7ZI52_IPR045860_1_135-190     95.38%    passed     51.10%
1621  A0A9X0A3X3_IPR045860_1_15-118      91.42%    failed      0.32%
1622  A0AA35U124_IPR045860_1_181-287     91.17%    passed     23.19%
1623  A0AA36CJ11_IPR045860_1_61-114      95.54%    passed     49.30%
1624  A0AAF3FA92_IPR045860_1_108-186     93.48%    passed      5.39%
1625  A0AAN7P2D6_IPR045860_1_187-237     95.79%    passed     16.13%
1626  A0AAV7Q5B8_IPR045860_1_20-109      92.57%    passed     55.10%
1627  A0ABD2NEE1_IPR045860_1_16-108      92.33%    passed     59.31%
1628  D2V2Z0_IPR045860_1_19-99           93.32%    passed     57.49%
1629  Q99473_IPR045860_1_12-70           95.13%    passed     12.31%
1630  Centipede3FTx_0031_61981           85.15%    failed      0.43%
1631  Centipede3FTx_0095_984703          89.36%    failed      0.01%
1632  A0A815C0A8_IPR045860_1_77-155      93.48%    failed      3.46%
1633  A0AAJ7T9K6_IPR045860_1_89-151      94.80%    passed     54.53%
1634  A0A2T7P9N7_IPR016054_2_2145-2238   92.24%    passed      5.53%
1635  A0A6J0ABA1_IPR045860_1_24-93       94.22%    passed     19.01%
1636  A0A7L3T2I9_IPR045860_1_1-81        93.32%    passed      9.80%
1637  A0AAD9JQH5_IPR045860_1_39-111      93.98%    failed      0.94%
1638  A0A0U1RNF3_IPR045860_1_23-73       95.79%    passed     12.02%
1639  A0A151M3Y2_IPR045860_6_748-826     93.48%    failed      2.36%
1640  A0A151NCA5_IPR045860_2_15-75       94.97%    failed      0.78%
1641  A0A1U7SB93_IPR045860_3_158-207     95.87%    failed      4.01%
1642  A0A212CED6_IPR016054_1_52-112      94.97%    passed     61.49%
1643  A0A6P8VR33_IPR045860_1_20-106      92.82%    passed     26.58%
1644  A0A836A292_IPR045860_7_308-373     94.55%    passed     13.20%
1645  A0A8C5QVD3_IPR045860_1_70-130      94.97%    failed      3.55%
1646  A0A9D3XGR2_IPR016054_1_28-118      92.49%    passed     11.27%
1647  A0A9X0A5D2_IPR016054_1_18-111      92.24%    failed      0.02%
1648  A0AAD1TA03_IPR016054_1_21-103      93.15%    failed      4.27%
1649  A0AAV2ZKP5_IPR045860_2_1-67        94.47%    passed     24.62%
1650  A0AAV6ZM70_IPR045860_1_18-105      92.74%    failed      0.12%
1651  A0AAW1V7Z3_IPR016054_2_110-175     94.55%    passed     55.10%
1652  A0A5N4CSY0_IPR026524_1_16-126      90.84%    failed      2.88%
1653  A0AAX6T0N5_IPR026524_1_200-369     85.97%    failed      0.00%
1654  A0A1I8IPG4_IPR031424_1_200-249     95.87%    passed     48.55%
1655  A0A1L8DNC4_IPR045860_1_16-118      91.50%    passed     61.14%
1656  A0A433U739_IPR031424_1_30-128      91.83%    passed     67.49%
1657  A0A482WZG1_IPR031424_1_25-150      89.60%    failed      0.01%
1658  A0A816BYK0_IPR031424_1_4-60        95.30%    passed     27.38%
1659  A0AA36CBI2_IPR031424_1_35-147      90.68%    failed      1.53%
1660  A0AA38HQJ2_IPR031424_1_19-111      92.33%    failed      1.05%
1661  A0A061HX69_IPR045860_1_480-531     95.71%    failed      1.75%
1662  A0A077Z8A9_IPR045860_1_16-98       93.15%    passed     28.26%
1663  A0A094ZQS8_IPR045860_1_45-96       95.71%    passed      6.03%
1664  A0A0V0SJT5_IPR045860_1_75-166      92.41%    passed     43.53%
1665  A0A182T5G5_IPR045860_1_171-245     93.81%    passed     17.41%
1666  A0A183U308_IPR045860_1_16-85       94.22%    passed     20.19%
1667  A0A1L8FP00_IPR045860_1_20-112      92.33%    passed     40.30%
1668  A0A2G9UTY1_IPR045860_1_78-156      93.48%    passed     23.29%
1669  A0A3M6U0A5_IPR045860_1_54-153      91.75%    passed     18.41%
1670  A0A3M7S394_IPR045860_1_25-122      91.91%    failed      0.00%
1671  A0A4S2LXJ0_IPR045860_1_22-89       94.39%    passed      8.11%
1672  A0A4V5ZXI3_IPR045860_1_5-71        94.47%    passed     86.21%
1673  A0A6G1QXP5_IPR045860_2_23-103      93.32%    failed      4.55%
1674  A0A6J8B243_IPR045860_2_16-69       95.54%    passed     30.81%
1675  A0A8C6WTV3_IPR045860_1_14-90       93.65%    passed     21.88%
1676  A0A8C7I900_IPR045860_1_10-72       94.80%    passed     49.86%
1677  A0A8J6EQB4_IPR045860_1_30-104      93.81%    passed     39.48%
1678  A0A8S2H7F1_IPR045860_1_29-105      93.65%    failed      1.09%
1679  A0A914K597_IPR045860_1_21-96       93.73%    passed     11.23%
1680  A0A921Z041_IPR045860_1_79-129      95.79%    passed     30.70%
1681  A0AA35P148_IPR045860_1_32-115      93.07%    passed     13.43%
1682  A0AA35U124_IPR045860_2_23-142      90.10%    passed      7.50%
1683  A0AA36CJ38_IPR045860_1_17-91       93.81%    passed      8.75%
1684  A0AAD4NCE5_IPR045860_1_43-148      91.25%    failed      0.45%
1685  A0AAD8CGL1_IPR045860_1_1-56        95.38%    failed      0.00%
1686  A0AAD9NDG7_IPR045860_1_16-118      91.50%    passed     34.07%
1687  A0AAE9FCQ7_IPR045860_1_31-109      93.48%    passed     56.85%
1688  A0AAN9H109_IPR045860_1_1-51        95.79%    passed     23.04%
1689  A0AAV4BL23_IPR045860_1_29-102      93.89%    passed     75.16%
1690  A0AAX7TJ66_IPR045860_1_10-64       95.46%    passed     51.12%
1691  A0AAZ1WZK1_IPR045860_1_351-406     95.38%    failed      0.89%
1692  F6YIE7_IPR045860_1_70-157          92.74%    passed     21.73%
1693  G0MQL5_IPR045860_1_12-111          91.75%    passed     76.03%
1694  H3BIN3_IPR045860_1_21-96           93.73%    passed     24.17%
1695  R7UD99_IPR045860_2_123-186         94.72%    passed     59.36%
1696  Centipede3FTx_0032_61981           88.04%    passed     17.32%
1697  Centipede3FTx_0128_1255758         83.99%    passed     21.11%
1698  A0A3B3UHZ6_IPR016054_1_19-107      92.66%    failed      2.40%
1699  A0A4U8UL41_IPR045860_1_17-101      92.99%    passed     53.29%
1700  A0AAD1W471_IPR045860_1_20-112      92.33%    failed      0.01%
1701  A0A3Q2Q2Z7_IPR045860_1_7-72        94.55%    failed      0.19%
1702  A0A6P9DEV7_IPR045860_2_16-111      92.08%    passed     21.49%
1703  A0A7N6FLY1_IPR045860_1_1-72        94.06%    failed      2.61%
1704  A0A803JTA5_IPR045860_3_14-65       95.71%    failed      4.88%
1705  A0A8C3SHN7_IPR045860_1_129-192     94.72%    failed      1.29%
1706  A0A8C5QVD3_IPR045860_2_10-61       95.71%    passed     39.28%
1707  A0AAV5TBW2_IPR045860_1_17-101      92.99%    failed      1.57%
1708  A0AAV6ZF17_IPR045860_1_1-67        94.47%    passed      6.91%
1709  A0AAW0N2N6_IPR045860_1_190-252     94.80%    failed      1.51%
1710  Q9I8P7_IPR045860_1_113-194         93.23%    passed     51.90%
1711  A0AB34HME4_IPR026524_1_1-169       86.06%    failed      0.00%
1712  A0A1D1V7I0_IPR031424_1_94-184      92.49%    passed      7.96%
1713  A0A2H1WLM9_IPR031424_1_11-81       94.14%    passed     88.77%
1714  A0A7R9QCV8_IPR031424_1_20-156      88.70%    passed     28.75%
1715  A0A0C2H646_IPR045860_1_21-117      92.00%    failed      4.85%
1716  A0A0N5A8A8_IPR045860_1_34-136      91.50%    passed     16.59%
1717  A0A182MBE3_IPR045860_1_59-119      94.97%    failed      2.77%
1718  A0A183BWE7_IPR045860_1_24-121      91.91%    failed      0.04%
1719  A0A3M6U108_IPR045860_1_1-73        93.98%    failed      0.39%
1720  A0A3M7S8Y0_IPR045860_1_20-114      92.16%    passed      8.38%
1721  A0A4C1VGM8_IPR045860_1_233-296     94.72%    passed     20.34%
1722  A0A4V5ZYF6_IPR045860_1_19-99       93.32%    passed     74.64%
1723  A0A5N4A6G8_IPR045860_1_20-98       93.48%    passed     66.49%
1724  A0A7I8V5T3_IPR045860_1_17-132      90.43%    failed      0.22%
1725  A0A7M7GRR2_IPR045860_1_31-144      90.59%    passed      9.52%
1726  A0A7R9ANT5_IPR045860_1_84-146      94.80%    passed     77.18%
1727  A0A7S3D9X3_IPR045860_1_21-86       94.55%    passed     29.41%
1728  A0A814NIW3_IPR045860_1_20-90       94.14%    failed      0.00%
1729  A0A8B7ZBH0_IPR045860_1_25-115      92.49%    passed     29.85%
1730  A0A8C3F363_IPR045860_1_18-124      91.17%    passed      9.60%
1731  A0A8J9V6N6_IPR045860_1_9-59        95.79%    passed     34.66%
1732  A0A8M1MQ92_IPR045860_1_13-67       95.46%    passed     51.37%
1733  A0A8S3Z4R5_IPR045860_1_1-86        92.90%    failed      3.92%
1734  A0A914UKU9_IPR045860_1_20-106      92.82%    passed      6.80%
1735  A0A9D4F3Z0_IPR045860_1_343-409     94.47%    passed      5.29%
1736  A0A9J7L2Y8_IPR045860_1_96-184      92.66%    passed     25.32%
1737  A0AA35VPJ0_IPR045860_1_25-111      92.82%    passed      6.06%
1738  A0AA36FZF4_IPR045860_1_1-55        95.46%    failed      3.96%
1739  A0AA36GWY8_IPR045860_1_18-97       93.40%    failed      0.71%
1740  A0AAD9NG65_IPR045860_1_230-283     95.54%    failed      0.94%
1741  A0ABD0N8X1_IPR045860_1_1-56        95.38%    passed     90.76%
1742  D2VQS4_IPR045860_1_25-111          92.82%    passed      7.91%
1743  H9G8Z4_IPR045860_1_16-101          92.90%    failed      4.64%
1744  K1PX19_IPR045860_2_81-148          94.39%    failed      0.31%
1745  L7MHT0_IPR045860_1_2-74            93.98%    passed     20.24%
1746  R7UXY0_IPR045860_1_94-150          95.30%    passed     15.43%
1747  T1J6C3_IPR045860_1_11-91           93.32%    failed      1.53%
WARNING: 1747 sequences contain more than 50% gaps/ambiguity
****  TOTAL                              93.16%  480 sequences failed composition chi2 test (p-value<5%; df=19)
Checking for duplicate sequences: done in 0.00463605 secs using 126.1% CPU

CHECKPOINT: Initial tree restored
Generating 1000 samples for ultrafast bootstrap (seed: 942890)...
CHECKPOINT: 1000 UFBoot trees and 42 UFBootSplits restored

NOTE: 2370 MB RAM (2 GB) is required!
Measuring multi-threading efficiency up to 14 CPU cores

******************************************************
CHECKPOINT: Resuming analysis from aln_famsa2.phy.ckp.gz

IQ-TREE version 3.0.1 for MacOS ARM 64-bit built Jun 30 2025
Developed by Bui Quang Minh, Thomas Wong, Nhan Ly-Trong, Huaiyan Ren
Contributed by Lam-Tung Nguyen, Dominik Schrempf, Chris Bielow,
Olga Chernomor, Michael Woodhams, Diep Thi Hoang, Heiko Schmidt

Host:    w198-24-v4.eduroam.dynamic.rbg.tum.de (SSE4.2, 48 GB RAM)
Command: iqtree3 -s aln_famsa2.phy -m VT+R8 -T AUTO -B 1000 --nmax 2120
Seed:    776256 (Using SPRNG - Scalable Parallel Random Number Generator)
Time:    Tue Sep  2 17:26:33 2025
Kernel:  SSE2 - auto-detect threads (14 CPU cores detected)

WARNING: Command-line argument `2120` differs from checkpoint `10000`
WARNING: Command-line differs from checkpoint!
Reading alignment file aln_famsa2.phy ... Phylip format detected
Alignment most likely contains protein sequences
Constructing alignment: done in 0.00910401 secs using 87.82% CPU
WARNING: 44 sites contain only gaps or ambiguous characters.
Alignment has 1747 sequences with 1212 columns, 1075 distinct patterns
459 parsimony-informative, 298 singleton sites, 455 constant sites
                                  Gap/Ambiguity  Composition  p-value
Analyzing sequences: done in 0.00036788 secs using 662.4% CPU
   1  Centipede3FTx_0001_61981           93.81%    passed     54.95%
   2  Centipede3FTx_0033_61981           90.10%    passed     16.99%
   3  Centipede3FTx_0129_1255758         90.26%    passed     18.88%
   4  A0AAD9K488_IPR045860_1_1-53        95.63%    failed      3.74%
   5  V9IHU1_IPR035076_1_22-80           95.13%    passed     32.86%
   6  A0A2D4PI90_IPR045860_1_3-66        94.72%    failed      0.48%
   7  A0A2Y9P282_IPR045860_2_21-157      88.70%    failed      0.52%
   8  A0A6J3DA86_IPR045860_1_21-76       95.38%    passed     13.81%
   9  A0A6P5A2A8_IPR045860_2_37-126      92.57%    passed     35.74%
  10  A0A7F8QAG4_IPR045860_1_89-140      95.71%    passed     62.94%
  11  A0A8C5QS38_IPR045860_2_242-325     93.07%    failed      2.39%
  12  A0A8R1YLV9_IPR016054_1_5-66        94.88%    passed     65.76%
  13  A0A974CDU6_IPR045860_1_17-166      87.62%    failed      0.00%
  14  A0A9F5IW75_IPR016054_1_29-135      91.17%    passed     85.57%
  15  A0AAD1TA13_IPR045860_1_11-72       94.88%    passed     21.00%
  16  A0AAN9Z724_IPR016054_1_20-119      91.75%    failed      0.09%
  17  A0AAV5TGY1_IPR045860_1_9-91        93.15%    passed      5.40%
  18  A0AAV7Q439_IPR016054_1_135-230     92.08%    passed     54.41%
  19  A6HS05_IPR051445_1_2-93            92.41%    passed     43.28%
  20  F6W179_IPR016054_1_389-462         93.89%    passed     38.72%
  21  A0ABD2F034_IPR026524_1_1-71        94.14%    failed      0.01%
  22  A0A0C2GT18_IPR031424_1_15-130      90.43%    passed     93.73%
  23  A0A0N4XEH7_IPR031424_1_22-147      89.60%    passed     78.16%
  24  A0A1D2NLN9_IPR031424_1_47-153      91.17%    passed     75.92%
  25  A0A5E4M857_IPR031424_1_22-151      89.27%    failed      0.25%
  26  A0A820IC74_IPR031424_1_22-88       94.47%    passed     72.40%
  27  A0A8S1CCR9_IPR031424_1_91-198      91.09%    passed     46.69%
  28  A0A9D4FIS8_IPR031424_1_24-87       94.72%    failed      0.18%
  29  A0AA38HY41_IPR031424_1_139-222     93.07%    passed     18.46%
  30  A0AAD7YTB9_IPR045860_1_21-123      91.50%    passed     71.47%
  31  A0AAD9PC26_IPR031424_1_20-109      92.57%    passed     63.06%
  32  A0AAE1GWL2_IPR031424_1_77-206      89.27%    passed      9.80%
  33  A0AAV4RF83_IPR031424_1_16-72       95.30%    passed     80.60%
  34  A0AAV5UID1_IPR031424_1_7-80        93.89%    passed     34.12%
  35  T1FUE6_IPR045860_2_183-273         92.49%    passed     10.61%
  36  A0A0N4V1D2_IPR045860_1_21-93       93.98%    passed     39.74%
  37  A0A1B0GXA9_IPR045860_1_21-86       94.55%    passed     39.49%
  38  A0A1X7VDD8_IPR045860_1_128-242     90.51%    passed     28.24%
  39  A0A210QJ17_IPR045860_1_35-127      92.33%    passed     17.76%
  40  A0A2I3SXH2_IPR045860_1_25-101      93.65%    passed     70.68%
  41  A0A3S1A7L4_IPR045860_1_37-138      91.58%    passed     46.64%
  42  A0A4S2M8K0_IPR045860_1_123-197     93.81%    passed     14.54%
  43  A0A4U5NHD1_IPR045860_1_2-61        95.05%    passed     29.57%
  44  A0A669BVS0_IPR045860_1_39-98       95.05%    passed     14.50%
  45  A0A6P8H3A5_IPR045860_1_18-100      93.15%    passed     11.12%
  46  A0A6P8QG64_IPR045860_1_1-66        94.55%    passed     65.59%
  47  A0A7G3AGZ0_IPR045860_1_4-85        93.23%    passed     36.80%
  48  A0A7I8VIA7_IPR045860_1_60-153      92.24%    passed     15.16%
  49  A0A7M7L7E2_IPR045860_2_145-210     94.55%    passed     88.28%
  50  A0A821DEK8_IPR045860_1_13-92       93.40%    passed     84.24%
  51  A0A8C9TGN1_IPR045860_1_85-156      94.06%    passed     22.33%
  52  A0A8J0TC19_IPR045860_1_112-201     92.57%    failed      0.83%
  53  A0A8R1E9F7_IPR045860_1_50-124      93.81%    passed     61.31%
  54  A0A8T1N1B6_IPR045860_1_24-95       94.06%    passed     15.44%
  55  A0A8T2IS40_IPR045860_2_1-69        94.31%    failed      1.40%
  56  A0A9W9Y813_IPR045860_1_3-81        93.48%    passed      9.59%
  57  A0AA35VVV8_IPR045860_1_89-139      95.79%    failed      0.53%
  58  A0AAD1W705_IPR045860_1_52-101      95.87%    passed     55.29%
  59  A0AAD9NIP8_IPR045860_1_2-77        93.73%    passed      9.94%
  60  A0AAE0VXI9_IPR045860_1_9-102       92.24%    passed     71.23%
  61  A0AAJ7SM78_IPR045860_1_2-56        95.46%    failed      3.44%
  62  A0AAN8I461_IPR045860_1_1-58        95.21%    passed     13.47%
  63  A0AAV5T1P7_IPR045860_1_14-95       93.23%    passed     31.10%
  64  A0AAV5VD36_IPR045860_1_14-96       93.15%    passed     34.56%
  65  A0AAV6Z5N0_IPR045860_1_60-145      92.90%    passed      8.98%
  66  A0ABD2NYW7_IPR045860_1_27-107      93.32%    passed      9.71%
  67  C3ZZL6_IPR045860_1_583-641         95.13%    passed     43.18%
  68  Q0GAP6_IPR045860_1_20-81           94.88%    passed     27.37%
  69  Centipede3FTx_0002_61981           89.93%    passed     25.12%
  70  Centipede3FTx_0034_61981           91.50%    passed      5.11%
  71  Centipede3FTx_0130_1255758         88.28%    failed      4.22%
  72  A0A2G5UGY6_IPR045860_1_11-84       93.89%    passed     26.34%
  73  A0A452QH48_IPR045860_1_18-78       94.97%    passed      5.30%
  74  A0A643BR30_IPR045860_1_4-67        94.72%    failed      0.06%
  75  A0A6I8RYL8_IPR045860_1_14-87       93.89%    passed      7.24%
  76  A0A8C2RF78_IPR035076_1_32-90       95.13%    passed     47.43%
  77  A0A8C3JMR5_IPR045860_1_1-66        94.55%    passed      9.90%
  78  A0AAN5DDC6_IPR045860_1_29-96       94.39%    failed      2.81%
  79  G3V0Z9_IPR045860_1_12-75           94.72%    passed     13.93%
  80  A0A096LTF5_IPR016054_2_112-188     93.65%    passed     11.57%
  81  A0A0F7JHR5_IPR045860_2_115-198     93.07%    passed     27.30%
  82  A0A0H4AC90_IPR045860_1_1-84        93.07%    passed      5.76%
  83  A0A4D9DJB4_IPR045860_4_567-619     95.63%    failed      0.32%
  84  A0A6I8PU52_IPR016054_2_217-299     93.15%    passed     31.02%
  85  A0A7J8C8R7_IPR016054_1_22-94       93.98%    passed      9.17%
  86  A0A8D0UEP2_IPR026524_1_10-132      89.85%    passed      7.51%
  87  A0A9B0U280_IPR016054_1_21-101      93.32%    failed      0.81%
  88  A0A9L0SSL3_IPR045860_2_59-112      95.54%    passed      9.49%
  89  G1UJB0_IPR045860_2_20-114          92.16%    failed      0.75%
  90  K7E0K4_IPR016054_3_208-300         92.33%    failed      0.03%
  91  M7B2W8_IPR045860_1_103-155         95.63%    failed      0.29%
  92  A0A8C3SCR7_IPR026524_1_6-286       76.82%    failed      0.00%
  93  A0A1A8RH00_IPR039457_1_5-88        93.07%    passed     24.68%
  94  A0A1D1VG99_IPR031424_1_70-203      88.94%    failed      0.00%
  95  A0A1D2NLW9_IPR031424_1_23-153      89.19%    passed     71.35%
  96  A0A226EVU9_IPR031424_1_54-155      91.58%    failed      4.09%
  97  A0A6J1WMJ4_IPR031424_1_24-133      90.92%    passed     60.72%
  98  A0AAV8VRB0_IPR031424_1_21-101      93.32%    passed     18.84%
  99  A1Z8Y5_IPR031424_1_26-123          91.91%    passed     51.52%
 100  A0A0C2MH32_IPR045860_1_1-73        93.98%    passed     96.11%
 101  A0A1D2MG66_IPR045860_1_25-115      92.49%    passed     24.44%
 102  A0A1I7Y769_IPR045860_1_19-117      91.83%    failed      0.07%
 103  A0A1I8IX46_IPR045860_1_319-392     93.89%    passed     12.87%
 104  A0A4S2MLE7_IPR045860_1_36-111      93.73%    passed     59.25%
 105  A0A4U5NI55_IPR045860_1_19-94       93.73%    passed     57.62%
 106  A0A7M5VEA9_IPR045860_1_33-105      93.98%    passed     43.47%
 107  A0A7S3G3U3_IPR045860_1_2-54        95.63%    passed     10.27%
 108  A0A834A2I1_IPR045860_1_24-95       94.06%    passed     64.48%
 109  A0A8B6GU07_IPR045860_1_11-102      92.41%    passed     13.07%
 110  A0A8C5QXT3_IPR045860_1_53-106      95.54%    passed     28.09%
 111  A0A8J5JX50_IPR045860_1_71-166      92.08%    passed     19.10%
 112  A0A8K0F306_IPR045860_1_23-130      91.09%    passed     49.12%
 113  A0A8S3ZH90_IPR045860_1_1-79        93.48%    passed     42.40%
 114  A0A914USH5_IPR045860_1_15-100      92.90%    passed     28.26%
 115  A0A915DFY2_IPR045860_1_15-80       94.55%    passed     55.51%
 116  A0A9P0DTR9_IPR045860_1_1-58        95.21%    passed     78.60%
 117  A0A9P1MMA3_IPR045860_1_27-105      93.48%    passed     10.73%
 118  A0A9W2Z002_IPR045860_1_18-92       93.81%    failed      0.00%
 119  A0A9W9YJ69_IPR045860_1_16-79       94.72%    failed      0.04%
 120  A0AA85JZT4_IPR045860_1_28-94       94.47%    failed      2.28%
 121  A0AAD9NTI8_IPR045860_1_19-83       94.64%    passed     71.20%
 122  A0AAE0W1W7_IPR045860_1_20-75       95.38%    passed     89.33%
 123  A0AAE1GRD3_IPR045860_1_32-133      91.58%    passed     12.77%
 124  A0AAV2PG25_IPR045860_1_44-99       95.38%    passed     38.36%
 125  A0AAV5VD69_IPR045860_1_14-86       93.98%    passed     44.22%
 126  A0AAV6UAT7_IPR045860_1_25-84       95.05%    passed     34.28%
 127  E0W218_IPR045860_1_19-88           94.22%    passed     26.65%
 128  M1ZMI5_IPR045860_1_3-54            95.71%    passed     17.73%
 129  R7VD63_IPR045860_1_180-235         95.38%    passed     42.34%
 130  W5MLI6_IPR045860_1_1-65            94.64%    passed     42.02%
 131  Centipede3FTx_0067_1255758         89.60%    passed      7.06%
 132  Centipede3FTx_0099_984703          92.33%    passed     16.73%
 133  A0A090LL14_IPR003571_1_32-90       95.13%    failed      2.66%
 134  A0A8C3SXJ0_IPR045860_1_14-67       95.54%    passed     72.61%
 135  A0A8C9F6M2_IPR035076_1_14-65       95.71%    passed     33.58%
 136  M3XSN1_IPR045860_1_65-143          93.48%    failed      0.23%
 137  A0A1L6Z9Y5_IPR026524_1_1-149       87.71%    failed      0.02%
 138  A0A2Y9RVA8_IPR016054_1_239-303     94.64%    passed     53.09%
 139  A0A6P7YUZ6_IPR045860_2_114-195     93.23%    passed      6.21%
 140  A0A8J6B5V3_IPR045860_2_124-181     95.21%    passed     19.31%
 141  A0AAD5KP77_IPR016054_1_20-118      91.83%    passed     87.96%
 142  A6J8Z0_IPR016054_1_69-200          89.11%    passed      5.94%
 143  G3VP90_IPR016054_3_210-302         92.33%    passed     10.66%
 144  A0A1L6Z9Z9_IPR026524_1_1-81        93.32%    passed      8.44%
 145  A0A1A8RI45_IPR039457_1_1-66        94.55%    passed      6.83%
 146  A0A7R9G4N8_IPR039457_1_19-129      90.84%    passed     74.69%
 147  A0A0L0BZ61_IPR031424_1_35-125      92.49%    passed     15.50%
 148  A0A1B0GHW8_IPR031424_1_36-128      92.33%    failed      0.08%
 149  A0A1D1VGV8_IPR031424_1_79-178      91.75%    failed      4.55%
 150  A0A226EYN6_IPR031424_1_49-136      92.74%    passed     54.20%
 151  A0A6G1SPW6_IPR031424_1_43-183      88.37%    passed     35.56%
 152  A0A834IJZ1_IPR031424_1_21-82       94.88%    passed     43.19%
 153  A0A8I6RMI4_IPR031424_1_20-124      91.34%    failed      4.99%
 154  A0A8J5MU39_IPR031424_1_24-110      92.82%    passed      6.94%
 155  A0A914WJK0_IPR031424_1_20-145      89.60%    failed      0.00%
 156  A0A9J6CMN1_IPR031424_1_155-254     91.75%    passed     51.59%
 157  A0A9N9WRV6_IPR031424_1_23-109      92.82%    passed     61.08%
 158  A0A0A0QUX4_IPR045860_1_18-69       95.71%    passed     44.12%
 159  A0A0N5AVA4_IPR045860_1_18-110      92.33%    failed      1.66%
 160  A0A1I7Y7B6_IPR045860_1_22-95       93.89%    passed     17.79%
 161  A0A1X7VMF3_IPR045860_1_25-96       94.06%    passed     72.37%
 162  A0A267FE13_IPR045860_1_77-159      93.15%    passed     13.42%
 163  A0A2I0TMY7_IPR045860_1_43-134      92.41%    passed     23.82%
 164  A0A3P7HPH2_IPR045860_1_12-82       94.14%    passed     28.79%
 165  A0A7I8WE53_IPR045860_1_16-88       93.98%    failed      0.26%
 166  A0A7M5VET2_IPR045860_1_1-98        91.91%    passed     11.51%
 167  A0A813PZ80_IPR045860_1_21-87       94.47%    failed      4.07%
 168  A0A818U6W1_IPR045860_1_9-102       92.24%    passed     26.73%
 169  A0A820SNE3_IPR045860_1_69-132      94.72%    failed      0.00%
 170  A0A8C1VYQ5_IPR045860_1_22-81       95.05%    passed     69.61%
 171  A0A8D8EYL6_IPR045860_1_27-148      89.93%    failed      4.38%
 172  A0A914IDC6_IPR045860_1_41-96       95.38%    passed     61.10%
 173  A0A914Z0P7_IPR045860_1_116-196     93.32%    passed     78.23%
 174  A0A9Q0YDX6_IPR045860_1_30-121      92.41%    passed     41.88%
 175  A0AAV5TAP5_IPR045860_1_21-102      93.23%    passed     15.80%
 176  A0AAV7T9C4_IPR045860_1_19-85       94.47%    failed      3.65%
 177  A0ABD1DX19_IPR045860_1_9-71        94.80%    passed     42.05%
 178  B4GU16_IPR045860_1_105-181         93.65%    passed      6.30%
 179  P0DPY0_IPR045860_1_22-106          92.99%    passed     33.95%
 180  Centipede3FTx_0004_61981           91.42%    passed      5.51%
 181  Centipede3FTx_0036_60158           93.98%    passed     80.59%
 182  Centipede3FTx_0100_984703          90.35%    passed     11.39%
 183  A0A8C8T5K9_IPR026110_1_35-140      91.25%    passed      8.60%
 184  A0A820L598_IPR045860_1_27-77       95.79%    failed      0.04%
 185  A0A9D3S5X7_IPR016054_1_19-113      92.16%    failed      0.04%
 186  A0AAW0MGU5_IPR016054_1_35-92       95.21%    failed      0.27%
 187  A0A6P8SIG0_IPR045860_1_116-202     92.82%    passed     54.48%
 188  A0A8C5QSE3_IPR045860_2_37-123      92.82%    failed      0.00%
 189  A0AAD9JMX5_IPR045860_1_29-114      92.90%    passed     24.70%
 190  A0AAV1Q741_IPR016054_1_29-100      94.06%    passed     21.52%
 191  A0AAW0H6Z6_IPR045860_1_18-90       93.98%    passed     16.52%
 192  A0A182SJ17_IPR045860_1_10-115      91.25%    passed     15.33%
 193  A0A1D1VGW6_IPR031424_1_24-132      91.01%    passed     11.89%
 194  A0A1V9XC70_IPR031424_1_23-117      92.16%    passed     60.44%
 195  A0A3M7SL07_IPR031424_1_3-79        93.65%    passed     54.40%
 196  A0A8S2KJM8_IPR031424_1_23-88       94.55%    passed     82.96%
 197  A0AAD8EMJ0_IPR031424_1_22-136      90.51%    failed      3.75%
 198  B4G719_IPR031424_1_24-125          91.58%    passed     43.30%
 199  E9H2D7_IPR031424_1_24-151          89.44%    failed      1.18%
 200  A0A016U7J7_IPR045860_1_34-87       95.54%    passed     37.92%
 201  A0A0C2NE02_IPR045860_1_3-88        92.90%    passed     55.22%
 202  A0A1S3H0Z1_IPR045860_1_32-107      93.73%    passed     87.26%
 203  A0A1V9XGM2_IPR045860_1_3-66        94.72%    passed     27.87%
 204  A0A1X7VNV6_IPR045860_1_29-136      91.09%    failed      4.77%
 205  A0A260Z1G3_IPR045860_1_32-105      93.89%    passed     50.40%
 206  A0A3N0XLF4_IPR045860_1_22-82       94.97%    failed      3.25%
 207  A0A4U5NZH1_IPR045860_1_19-101      93.15%    passed      8.45%
 208  A0A6A0GZJ4_IPR045860_1_10-60       95.79%    failed      4.72%
 209  A0A814D4D4_IPR045860_1_40-103      94.72%    passed     69.65%
 210  A0A814NNU2_IPR045860_1_23-125      91.50%    passed     37.56%
 211  A0A834R8A3_IPR045860_1_1-102       91.58%    passed     10.36%
 212  A0A8B7DGG4_IPR045860_1_44-134      92.49%    failed      0.59%
 213  A0A8C4LH24_IPR045860_2_26-108      93.15%    passed     59.15%
 214  A0A8X6I8W4_IPR045860_1_77-130      95.54%    passed     16.16%
 215  A0A914IDL7_IPR045860_1_43-105      94.80%    passed     21.33%
 216  A0A974HX00_IPR045860_1_27-118      92.41%    passed     20.84%
 217  A0A9D3PWW3_IPR045860_1_25-139      90.51%    passed     17.25%
 218  A0A9D4B431_IPR045860_1_7-87        93.32%    passed      6.22%
 219  A0A9Q0YFA6_IPR045860_1_37-119      93.15%    passed     25.71%
 220  A0AA35WXI3_IPR045860_1_192-289     91.91%    passed      9.16%
 221  A0AA36H002_IPR045860_1_1-57        95.30%    passed     72.37%
 222  A0AA85K4Y5_IPR045860_1_12-156      88.04%    passed      7.03%
 223  A0AA88M7S9_IPR045860_1_5-74        94.22%    failed      0.00%
 224  A0AAD9P4H3_IPR045860_1_15-76       94.88%    passed     18.13%
 225  A0AAN4ZEY9_IPR045860_1_21-99       93.48%    passed     13.96%
 226  A0AAN5DA64_IPR045860_1_36-130      92.16%    passed     22.37%
 227  A0AAN8LXL3_IPR045860_1_17-69       95.63%    failed      1.38%
 228  A0AAV5TBR6_IPR045860_1_17-112      92.08%    passed     39.25%
 229  H2L9T1_IPR045860_1_21-86           94.55%    failed      4.93%
 230  A0A5F4WGV7_IPR042339_1_1-77        93.65%    passed      6.00%
 231  V8N212_IPR045860_1_1-80            93.40%    passed     54.24%
 232  A0A6P7WSC1_IPR016054_1_21-102      93.23%    passed      7.18%
 233  A0A8C5SB45_IPR045860_1_12-76       94.64%    passed     19.83%
 234  A0ABD3WX20_IPR035076_1_66-132      94.47%    passed     29.85%
 235  A0A835ZW53_IPR038773_1_63-169      91.17%    failed      0.00%
 236  A0A4W2E290_IPR051445_1_1-105       91.34%    passed      6.39%
 237  A0A6A1Q7Y6_IPR051445_1_50-140      92.49%    passed     18.76%
 238  A0A8C8W2C3_IPR051445_1_2-76        93.81%    passed     10.55%
 239  A0A8I6AS65_IPR016054_1_152-209     95.21%    passed     24.65%
 240  A0A974CJ28_IPR045860_2_226-329     91.42%    failed      0.01%
 241  A6J8Z2_IPR016054_1_23-96           93.89%    passed     15.64%
 242  D3ZP75_IPR016054_1_20-106          92.82%    failed      1.20%
 243  R7UJ15_IPR039457_1_7-86            93.40%    failed      0.05%
 244  A0A1D1VLF0_IPR031424_1_28-136      91.01%    passed     28.60%
 245  A0A7R8X7B2_IPR045860_1_59-148      92.57%    failed      1.32%
 246  A0A814REP6_IPR031424_1_35-84       95.87%    passed     76.98%
 247  A0A834IMY6_IPR031424_1_24-126      91.50%    failed      0.37%
 248  A0A8J9Y1Z9_IPR031424_1_58-155      91.91%    failed      0.00%
 249  A0A914BR59_IPR031424_1_24-151      89.44%    failed      1.81%
 250  A0A9C6W8C0_IPR031424_1_24-106      93.15%    passed     20.09%
 251  A0A9D4HCE9_IPR031424_1_22-103      93.23%    passed     38.92%
 252  A0A9N9WWP9_IPR031424_1_24-110      92.82%    passed     38.00%
 253  A0A026WAX7_IPR045860_1_1-51        95.79%    passed     79.40%
 254  A0A336LZR2_IPR045860_1_251-335     92.99%    failed      4.67%
 255  A0A498LWD7_IPR045860_1_252-330     93.48%    failed      0.92%
 256  A0A4U1EKV4_IPR045860_1_2-61        95.05%    passed     21.16%
 257  A0A4U5NZP5_IPR045860_1_19-103      92.99%    passed     11.60%
 258  A0A671VFU8_IPR045860_1_64-113      95.87%    passed      5.88%
 259  A0A6J1LKZ0_IPR045860_1_48-147      91.75%    passed     67.64%
 260  A0A7I8X8P6_IPR045860_1_79-163      92.99%    passed     10.96%
 261  A0A814DLA7_IPR045860_1_23-81       95.13%    passed     46.60%
 262  A0A814JKT5_IPR045860_1_6-71        94.55%    passed      6.08%
 263  A0A8B7DHV2_IPR045860_1_20-110      92.49%    failed      2.59%
 264  A0A8I3PXV6_IPR045860_1_14-68       95.46%    passed     37.89%
 265  A0A8J1LF51_IPR045860_2_290-367     93.56%    passed     18.53%
 266  A0A8J5N960_IPR045860_1_12-76       94.64%    failed      1.09%
 267  A0A8S4N0F6_IPR045860_1_34-143      90.92%    failed      0.41%
 268  A0A8T1SCN7_IPR045860_1_21-98       93.56%    passed     70.95%
 269  A0A8T2IYG0_IPR045860_1_18-88       94.14%    passed     39.38%
 270  A0A8W8LHF3_IPR045860_1_41-141      91.67%    passed     45.83%
 271  A0A9J7LLU2_IPR045860_1_21-102      93.23%    passed     17.60%
 272  A0A9W9YJR1_IPR045860_1_20-117      91.91%    passed     43.07%
 273  A0A9X0D834_IPR045860_1_21-105      92.99%    passed      8.00%
 274  A0AAV4D142_IPR045860_1_32-83       95.71%    passed     19.90%
 275  A0AAV5TCP7_IPR045860_1_13-73       94.97%    passed     20.59%
 276  A0AAW1C869_IPR045860_1_16-82       94.47%    passed     11.26%
 277  A0ABD0PZK3_IPR045860_1_34-90       95.30%    passed     43.03%
 278  D3YUY5_IPR045860_1_21-76           95.38%    passed     40.20%
 279  G5CTL9_IPR045860_1_25-122          91.91%    passed     36.25%
 280  A0A8S3V659_IPR045860_1_136-212     93.65%    passed     29.09%
 281  A0A8V0Y3K6_IPR045860_1_18-91       93.89%    passed     71.44%
 282  A0AAD9QQZ4_IPR045860_1_18-112      92.16%    passed     24.51%
 283  A0AAW0MNB0_IPR045860_1_13-78       94.55%    failed      1.51%
 284  A0AB32TH96_IPR045860_2_11-62       95.71%    passed     24.43%
 285  A0A6I9MEH3_IPR038773_1_19-122      91.58%    passed     20.20%
 286  A0A125S9K5_IPR045860_1_18-108      92.49%    passed     72.27%
 287  A0A151M3Z5_IPR045860_6_222-294     93.98%    passed     72.52%
 288  A0A670IQM8_IPR016054_1_23-101      93.48%    failed      0.52%
 289  A0A6P6EZA3_IPR026524_1_1-387       68.07%    failed      0.00%
 290  A0A8I6ASR0_IPR051445_1_50-228      85.23%    failed      0.00%
 291  A0A8J6BKP1_IPR045860_1_11-96       92.90%    failed      0.24%
 292  A0A9B0WY52_IPR045860_1_22-122      91.67%    passed      9.36%
 293  A0AAF3EF36_IPR016054_1_25-131      91.17%    passed     16.35%
 294  A0AAW0PQM6_IPR045860_1_594-663     94.22%    passed     23.51%
 295  A0AAJ7X4X4_IPR039457_1_17-178      86.63%    failed      0.15%
 296  A0A7E6FPW6_IPR031424_1_22-116      92.16%    passed     24.94%
 297  A0A7J7K0Q0_IPR031424_1_36-106      94.14%    failed      0.08%
 298  A0A816N3I8_IPR031424_1_30-116      92.82%    passed     41.97%
 299  A0A820KXX8_IPR031424_1_21-92       94.06%    passed     11.45%
 300  A0A834J2M1_IPR031424_1_53-131      93.48%    passed      9.02%
 301  A0A9Q0M0P1_IPR031424_1_55-148      92.24%    passed     54.09%
 302  A0AAD8EMX0_IPR031424_1_22-137      90.43%    passed     46.44%
 303  A0AAV2AUC6_IPR031424_1_29-123      92.16%    passed     13.51%
 304  A0AAV8W3Q6_IPR031424_1_26-152      89.52%    passed      8.35%
 305  A0ABD2N2U6_IPR031424_1_24-167      88.12%    failed      0.36%
 306  A0A1W0W9F2_IPR045860_1_295-354     95.05%    passed     35.64%
 307  A0A1X7VRX7_IPR045860_1_130-204     93.81%    passed     35.26%
 308  A0A210QMG5_IPR045860_1_21-111      92.49%    passed      8.25%
 309  A0A267FLT7_IPR045860_1_40-116      93.65%    passed     12.21%
 310  A0A3B5M3Y7_IPR045860_1_54-113      95.05%    passed     34.07%
 311  A0A3M0KDK7_IPR045860_1_1076-1149   93.89%    passed     40.26%
 312  A0A6A4UZH6_IPR045860_1_69-125      95.30%    passed     10.03%
 313  A0A7J6A6K8_IPR045860_1_17-81       94.64%    passed     96.08%
 314  A0A7M7HJH9_IPR045860_1_30-120      92.49%    passed     16.77%
 315  A0A8B6BJV3_IPR045860_1_81-166      92.90%    passed     12.43%
 316  A0A8C6GS09_IPR045860_1_35-121      92.82%    passed     32.72%
 317  A0A8R1I3M6_IPR045860_1_23-72       95.87%    passed     13.64%
 318  A0A974HZ79_IPR045860_1_25-111      92.82%    passed      5.77%
 319  A0A9X0D8A0_IPR045860_1_17-104      92.74%    passed      7.41%
 320  A0AAD9USH5_IPR045860_1_5-103       91.83%    passed     65.72%
 321  A0AAF3FK35_IPR045860_1_8-93        92.90%    failed      0.27%
 322  A0AAV2Q5Q0_IPR045860_1_24-122      91.83%    passed      5.61%
 323  A0AAV6G4K1_IPR045860_2_83-145      94.80%    failed      1.51%
 324  F6ZQF4_IPR045860_1_15-103          92.66%    failed      0.00%
 325  G5CTM1_IPR045860_1_35-128          92.24%    passed     17.84%
 326  K1QMD5_IPR045860_1_5-58            95.54%    passed     17.47%
 327  N6TJ42_IPR045860_1_1-78            93.56%    passed     54.30%
 328  P25677_IPR045860_1_1-56            95.38%    passed     48.61%
 329  Centipede3FTx_0071_60158           93.73%    passed      7.16%
 330  P81946_IPR045860_1_1-59            95.13%    passed     18.99%
 331  A0A6J8CXM1_IPR045860_1_45-149      91.34%    passed     40.07%
 332  A0A6P7WY53_IPR045860_1_164-214     95.79%    passed      7.99%
 333  A0A9L0J0W8_IPR045860_1_28-147      90.10%    failed      0.06%
 334  A0A151PIJ3_IPR016054_1_181-271     92.49%    failed      0.00%
 335  A0A484GSD8_IPR016054_1_27-77       95.79%    passed     19.01%
 336  A0A8B7WI12_IPR051445_1_1-137       88.70%    failed      0.49%
 337  A0A8I6AVK8_IPR016054_1_118-200     93.15%    failed      0.81%
 338  A0A974HDB2_IPR045860_2_48-130      93.15%    passed     21.70%
 339  A0A9N9SCS8_IPR045860_1_19-109      92.49%    passed     32.11%
 340  A0AAD4RAP5_IPR045860_1_16-126      90.84%    passed     46.83%
 341  A0AAV6YYU5_IPR045860_2_112-201     92.57%    passed     29.07%
 342  A0AAV7PZR4_IPR045860_2_114-222     91.01%    passed     27.75%
 343  F6Q0C7_IPR016054_3_33-111          93.48%    failed      1.06%
 344  A0A218UKU1_IPR039457_1_6-72        94.47%    passed      8.17%
 345  A0A7K6EXR5_IPR039457_1_1-91        92.49%    failed      4.75%
 346  A0A7R9P8Q2_IPR039457_1_18-166      87.71%    passed     40.70%
 347  A0A8S1CFF1_IPR039457_1_53-150      91.91%    passed     58.06%
 348  A0A094ZV75_IPR031424_1_24-165      88.28%    passed     34.05%
 349  A0A0L8GXK5_IPR045860_1_17-112      92.08%    passed     31.25%
 350  A0A1Y3AYX1_IPR031424_1_8-70        94.80%    passed     13.19%
 351  A0A5K3FB28_IPR031424_1_38-146      91.01%    passed     20.12%
 352  A0A834XXW6_IPR045860_1_25-117      92.33%    failed      3.34%
 353  A0A8I6RRD0_IPR031424_1_24-112      92.66%    passed     13.01%
 354  A0A8J2HNT4_IPR031424_1_6-91        92.90%    passed      7.72%
 355  A0A8K0GPW3_IPR045860_1_20-142      89.85%    passed     47.41%
 356  A0A8W8K4J3_IPR031424_1_23-111      92.66%    passed     83.90%
 357  A0A914WZU6_IPR031424_1_27-149      89.85%    passed     94.28%
 358  A0A9C6XCY0_IPR031424_1_32-81       95.87%    passed     88.04%
 359  A0AAD8EN74_IPR031424_1_25-127      91.50%    passed      9.12%
 360  A0A0N5BF53_IPR045860_1_5-59        95.46%    passed     45.31%
 361  A0A0V0UBI1_IPR045860_1_1-58        95.21%    passed     96.31%
 362  A0A1I7TRJ6_IPR045860_1_37-95       95.13%    passed     79.82%
 363  A0A1I7YII5_IPR045860_1_29-124      92.08%    passed     71.28%
 364  A0A3P8PM98_IPR045860_1_30-81       95.71%    failed      1.44%
 365  A0A674NC48_IPR045860_1_26-86       94.97%    failed      0.13%
 366  A0A6F9ACW7_IPR045860_1_3-82        93.40%    failed      0.15%
 367  A0A6G1S6S7_IPR045860_1_3-110       91.09%    failed      3.07%
 368  A0A6J0DST4_IPR045860_1_34-106      93.98%    passed     67.49%
 369  A0A7M4DZ02_IPR045860_1_32-95       94.72%    passed     75.96%
 370  A0A7R9KQA6_IPR045860_1_1-104       91.42%    passed     73.86%
 371  A0A814EJY6_IPR045860_1_192-247     95.38%    passed     11.90%
 372  A0A814PF60_IPR045860_1_15-104      92.57%    failed      0.08%
 373  A0A8B6ERY4_IPR045860_1_19-100      93.23%    passed     32.49%
 374  A0A8B7DRJ4_IPR045860_1_22-104      93.15%    passed     11.58%
 375  A0A8B8EZV4_IPR045860_1_33-141      91.01%    passed     46.18%
 376  A0A8C4WMJ5_IPR045860_1_21-113      92.33%    passed     41.16%
 377  A0A8C5CHJ5_IPR045860_1_38-115      93.56%    failed      0.40%
 378  A0A8D9BNI4_IPR045860_1_20-113      92.24%    passed      7.87%
 379  A0A8J2WEI1_IPR045860_1_25-109      92.99%    failed      0.34%
 380  A0A8R2D7F4_IPR045860_1_17-111      92.16%    passed     32.17%
 381  A0A9Y3S0M1_IPR045860_1_307-377     94.14%    failed      0.06%
 382  A0AA39HM97_IPR045860_1_20-105      92.90%    passed     95.09%
 383  A0AA39M7A2_IPR045860_1_134-204     94.14%    passed     35.71%
 384  A0AAN4ZHP0_IPR045860_1_23-95       93.98%    passed     25.27%
 385  A0AAV2QD99_IPR045860_1_46-100      95.46%    failed      2.54%
 386  A0AAV4DMW8_IPR045860_1_26-88       94.80%    passed     13.64%
 387  A0AAV5TF97_IPR045860_1_2-72        94.14%    passed     49.48%
 388  A0ABD3WS81_IPR045860_1_27-79       95.63%    passed     40.43%
 389  G5CTM2_IPR045860_1_23-116          92.24%    passed     38.18%
 390  Centipede3FTx_0008_61981           88.20%    failed      3.73%
 391  Centipede3FTx_0040_60158           91.83%    passed      8.09%
 392  Centipede3FTx_0072_61981           90.43%    failed      4.50%
 393  Q2VBN1_IPR045860_1_14-85           94.06%    passed     20.33%
 394  V8N440_IPR003571_1_1-84            93.07%    passed     31.93%
 395  A0A401RYL5_IPR016054_1_20-108      92.66%    passed     37.13%
 396  A0A6P7WY53_IPR045860_2_20-94       93.81%    failed      0.33%
 397  A0A8B6HFD7_IPR016054_2_206-301     92.08%    passed     77.80%
 398  A0A8C3TZZ5_IPR045860_1_29-94       94.55%    passed     92.56%
 399  A0A914SCK2_IPR045860_1_15-108      92.24%    passed     15.32%
 400  A0A8C7AE63_IPR045860_2_121-207     92.82%    failed      0.19%
 401  A0A9D3PHI6_IPR045860_1_19-108      92.57%    failed      1.75%
 402  A0A9Q0X862_IPR045860_3_250-332     93.15%    passed     79.64%
 403  A0AA35PAI4_IPR045860_1_60-147      92.74%    passed     38.10%
 404  H9G8X6_IPR045860_2_210-286         93.65%    passed     12.19%
 405  P0DQX3_IPR045860_2_95-157          94.80%    passed     50.08%
 406  A0A0K0E8P7_IPR031424_1_39-119      93.32%    passed     28.28%
 407  A0A0T6B2U3_IPR031424_1_21-134      90.59%    passed     62.16%
 408  A0A6A0GXP2_IPR031424_1_7-107       91.67%    passed     59.81%
 409  A0A8W8K6C2_IPR031424_1_1-67        94.47%    passed     22.28%
 410  A0A914E4N2_IPR031424_1_2-122       90.02%    passed     12.30%
 411  A0AAW1URC3_IPR045860_1_18-105      92.74%    passed     12.89%
 412  A0A8C9J9W8_IPR051445_1_3-71        94.31%    failed      0.66%
 413  A0A0C9Q3W5_IPR045860_1_27-110      93.07%    passed     58.34%
 414  A0A0V0XGJ1_IPR045860_1_23-115      92.33%    passed     51.93%
 415  A0A182NM64_IPR045860_1_59-148      92.57%    failed      0.08%
 416  A0A2H1W8S6_IPR045860_1_2-65        94.72%    passed     33.12%
 417  A0A4Z2ITI9_IPR045860_1_71-144      93.89%    passed     21.80%
 418  A0A5A9PIR8_IPR045860_1_115-167     95.63%    passed     73.71%
 419  A0A653BZP5_IPR045860_1_25-99       93.81%    passed     20.78%
 420  A0A7R9BN16_IPR045860_1_18-91       93.89%    passed     52.07%
 421  A0A814PKZ4_IPR045860_1_10-63       95.54%    passed     74.67%
 422  A0A8B7DVU4_IPR045860_1_25-125      91.67%    passed     70.36%
 423  A0A8C6V709_IPR045860_1_6-88        93.15%    failed      0.19%
 424  A0A8R1I7U2_IPR045860_1_78-184      91.17%    passed     10.42%
 425  A0A8S1FAB1_IPR045860_1_32-129      91.91%    passed     93.18%
 426  A0A8S4N9T5_IPR045860_1_233-310     93.56%    passed     60.36%
 427  A0A8T2ND24_IPR045860_1_11-87       93.65%    failed      0.06%
 428  A0A915IBA4_IPR045860_1_15-123      91.01%    passed     14.01%
 429  A0A9Y3S0P4_IPR045860_1_45-132      92.74%    failed      0.62%
 430  A0AA36H4S5_IPR045860_1_16-90       93.81%    passed     28.33%
 431  A0AA85K7K8_IPR045860_1_42-119      93.56%    passed     16.63%
 432  A0AAJ7SUB0_IPR045860_1_115-209     92.16%    failed      1.45%
 433  A0AAN4ZP78_IPR045860_1_42-102      94.97%    passed      9.61%
 434  A0AAN8R2E2_IPR045860_1_20-76       95.30%    failed      2.57%
 435  A0ABD3WX44_IPR045860_1_9-65        95.30%    failed      2.68%
 436  A1BX79_IPR045860_1_1-83            93.15%    passed     47.14%
 437  F5CPE3_IPR045860_1_21-74           95.54%    failed      3.99%
 438  H2XNG7_IPR045860_1_15-107          92.33%    failed      1.15%
 439  Q4RE84_IPR045860_1_1-95            92.16%    passed     44.16%
 440  T1EUB6_IPR045860_1_52-116          94.64%    failed      0.00%
 441  Centipede3FTx_0073_61981           87.46%    failed      0.06%
 442  Centipede3FTx_0137_984703          90.92%    passed     42.28%
 443  A0A3M7P5S9_IPR045860_1_24-76       95.63%    passed     10.14%
 444  A0A821GXM4_IPR035076_1_5-65        94.97%    passed      5.50%
 445  A0A915EI99_IPR035076_1_63-120      95.21%    failed      3.56%
 446  A0A8C0LSP2_IPR016054_2_116-200     92.99%    failed      3.56%
 447  A0A8C5PIA8_IPR045860_2_118-180     94.80%    passed     14.46%
 448  A0A8T1RWM6_IPR045860_2_38-138      91.67%    failed      0.49%
 449  A0A8V5GXQ5_IPR045860_1_17-104      92.74%    passed      6.84%
 450  A0AA35QQ05_IPR045860_2_11-97       92.82%    passed     29.49%
 451  A0AA41SX92_IPR016054_5_304-383     93.40%    passed     24.31%
 452  A0A6P5AVG0_IPR039457_1_6-170       86.39%    passed     39.83%
 453  A0A8S1DAU7_IPR039457_1_17-146      89.27%    passed      8.89%
 454  A0A1D1VPY8_IPR031424_1_23-155      89.03%    failed      0.18%
 455  A0A3P6SP30_IPR045860_1_16-117      91.58%    failed      3.10%
 456  A0A6G0TK47_IPR031424_2_131-183     95.63%    passed     42.87%
 457  A0A6J2T4X2_IPR031424_1_20-104      92.99%    failed      4.43%
 458  A0A8B7Y2P5_IPR045860_1_18-113      92.08%    failed      0.00%
 459  A0A8B8F9V4_IPR031424_1_29-79       95.79%    passed     63.56%
 460  A0A8J2J8C2_IPR031424_1_34-125      92.41%    passed     19.15%
 461  A0A9X6NDI1_IPR031424_2_139-238     91.75%    passed     10.51%
 462  A0AAV8WFF7_IPR031424_1_25-136      90.76%    failed      3.21%
 463  A0A026WXJ4_IPR045860_1_1-62        94.88%    passed     91.18%
 464  A0A0L8FP07_IPR045860_1_1-84        93.07%    passed     48.82%
 465  A0A2G5SEQ4_IPR045860_1_27-106      93.40%    passed     79.22%
 466  A0A2I4AR90_IPR045860_1_16-83       94.47%    passed     45.18%
 467  A0A443SL88_IPR045860_1_4-105       91.58%    failed      0.84%
 468  A0A4U5LUR5_IPR045860_1_72-154      93.15%    passed     10.02%
 469  A0A6I9WVB5_IPR045860_1_22-100      93.48%    failed      2.12%
 470  A0A7J5XAJ6_IPR045860_1_23-97       93.81%    passed     59.11%
 471  A0A7M5WWS9_IPR045860_1_13-112      91.75%    passed     89.06%
 472  A0A7R9BZU8_IPR045860_1_6-120       90.51%    passed     25.17%
 473  A0A813QV19_IPR045860_1_43-97       95.46%    passed     17.30%
 474  A0A814ET11_IPR045860_1_41-100      95.05%    passed     28.16%
 475  A0A816AGA0_IPR045860_1_5-119       90.51%    failed      0.08%
 476  A0A816MZY2_IPR045860_1_5-95        92.49%    passed     38.85%
 477  A0A818AUG9_IPR045860_1_44-109      94.55%    passed      7.74%
 478  A0A8B8DLP4_IPR045860_1_57-131      93.81%    passed     25.91%
 479  A0A8C2ZCX5_IPR045860_1_19-91       93.98%    passed     66.50%
 480  A0A8C6LK83_IPR045860_1_27-121      92.16%    passed     63.13%
 481  A0A8C6VN86_IPR045860_1_114-200     92.82%    passed     10.91%
 482  A0A8T2JDC4_IPR045860_1_2-69        94.39%    passed     30.72%
 483  A0A913X4E7_IPR045860_1_20-110      92.49%    passed     11.67%
 484  A0A914EB87_IPR045860_1_16-93       93.56%    failed      4.88%
 485  A0A914LEF1_IPR045860_1_1-77        93.65%    passed      6.75%
 486  A0A914RYS8_IPR045860_1_15-108      92.24%    passed     49.91%
 487  A0A914VDT4_IPR045860_1_18-93       93.73%    passed     12.21%
 488  A0A922HS44_IPR045860_1_16-145      89.27%    passed     56.27%
 489  A0A9D4BW54_IPR045860_1_25-114      92.57%    passed     22.98%
 490  A0A9J6FD86_IPR045860_1_2-55        95.54%    passed     89.81%
 491  A0A9N9RXC6_IPR045860_1_55-149      92.16%    passed     13.64%
 492  A0A9P0J1I0_IPR045860_1_18-73       95.38%    passed     32.92%
 493  A0A9P1HD09_IPR045860_1_6-91        92.90%    failed      2.25%
 494  A0AAE0SFZ8_IPR045860_1_33-155      89.85%    passed     87.97%
 495  A0AAV5TMI4_IPR045860_1_11-114      91.42%    failed      2.53%
 496  A0AAV5W0D6_IPR045860_1_69-122      95.54%    passed     56.31%
 497  G0PFB6_IPR045860_1_18-98           93.32%    passed     47.44%
 498  A0A452UEK3_IPR026110_1_23-77       95.46%    failed      2.27%
 499  A0A818R344_IPR045860_1_32-104      93.98%    passed      6.42%
 500  A0A9Q1E5X7_IPR016054_1_18-93       93.73%    passed      6.20%
 501  A0A9W2ZRV3_IPR045860_1_32-114      93.15%    passed     26.02%
 502  A0AAD4YB02_IPR045860_2_49-104      95.38%    passed     18.89%
 503  W5MCJ5_IPR016054_1_20-106          92.82%    failed      0.00%
 504  A0A6F9CLJ2_IPR045860_3_137-200     94.72%    failed      2.45%
 505  A0AA97KH13_IPR045860_2_20-107      92.74%    passed     35.37%
 506  A0AAV2KTW0_IPR045860_1_114-182     94.31%    failed      0.00%
 507  A0AAV7Q087_IPR045860_1_109-190     93.23%    passed     61.34%
 508  A0ABD2NUY2_IPR045860_1_18-107      92.57%    passed     26.21%
 509  U3KML4_IPR045860_1_43-125          93.15%    passed     14.44%
 510  A0A0L8IDX6_IPR031424_1_6-77        94.06%    passed     72.13%
 511  A0A1B6LMI2_IPR031424_1_21-99       93.48%    passed     50.54%
 512  A0A1D1VSS4_IPR045860_1_22-105      93.07%    failed      4.87%
 513  A0A1I8PHK9_IPR031424_1_26-129      91.42%    passed     20.23%
 514  A0A6P7FF79_IPR031424_1_26-143      90.26%    failed      4.57%
 515  A0A7F5RC65_IPR031424_1_31-168      88.61%    passed      5.88%
 516  A0A813QWV5_IPR031424_1_56-156      91.67%    passed      5.13%
 517  A0A8D8YPC7_IPR031424_1_26-155      89.27%    passed     62.32%
 518  A0AAR5QJX6_IPR031424_1_24-175      87.46%    passed     26.31%
 519  A0ABD2N5Z7_IPR031424_1_25-145      90.02%    failed      1.99%
 520  A0A026WXM5_IPR045860_1_4-58        95.46%    passed     37.07%
 521  A0A195D3E7_IPR045860_1_5-73        94.31%    passed     72.99%
 522  A0A1L8G0F6_IPR045860_1_57-160      91.42%    failed      4.26%
 523  A0A1W0WQR3_IPR045860_1_88-180      92.33%    passed     38.77%
 524  A0A3B5MH29_IPR045860_1_152-222     94.14%    passed     18.22%
 525  A0A401P202_IPR045860_1_22-78       95.30%    passed     13.21%
 526  A0A443SPP0_IPR045860_1_6-84        93.48%    passed     36.85%
 527  A0A454XV36_IPR045860_1_21-94       93.89%    passed     16.05%
 528  A0A4U5LUZ3_IPR045860_1_15-114      91.75%    passed     11.26%
 529  A0A7R9LSG3_IPR045860_1_1-51        95.79%    passed     20.37%
 530  A0A7T8QUM6_IPR045860_1_3-92        92.57%    passed     10.39%
 531  A0A814Q5U4_IPR045860_1_24-92       94.31%    passed     19.78%
 532  A0A914RZA8_IPR045860_1_78-139      94.88%    passed      8.41%
 533  A0A915J3H9_IPR045860_1_226-306     93.32%    passed     10.01%
 534  A0A977PF39_IPR045860_1_22-126      91.34%    passed     13.10%
 535  A0A9P1N1W3_IPR045860_1_11-103      92.33%    passed     88.32%
 536  A0A9Q1I8V0_IPR045860_1_1-66        94.55%    passed     40.59%
 537  A0AA36H857_IPR045860_1_24-95       94.06%    failed      1.44%
 538  A0AA97J5B9_IPR045860_1_19-95       93.65%    passed      8.39%
 539  A0AAV2KZH7_IPR045860_1_20-82       94.80%    passed      6.59%
 540  A0AAV6ZUP7_IPR045860_1_20-81       94.88%    passed     17.62%
 541  A6MIV6_IPR045860_1_17-70           95.54%    passed     40.46%
 542  E3NNI7_IPR045860_1_39-105          94.47%    passed     39.42%
 543  G9D4E4_IPR045860_1_78-167          92.57%    passed     53.00%
 544  Q5C099_IPR045860_1_35-109          93.81%    passed     41.82%
 545  T1F491_IPR045860_1_11-97           92.82%    failed      1.96%
 546  U4UN32_IPR045860_1_66-134          94.31%    passed     23.98%
 547  Centipede3FTx_0011_61981           89.77%    passed     46.68%
 548  Centipede3FTx_0075_61981           92.74%    passed      5.77%
 549  A0A315W4P7_IPR045860_1_1-60        95.05%    passed     67.06%
 550  A0A091GPN7_IPR045860_2_95-146      95.71%    passed     67.35%
 551  G3TYI9_IPR016054_2_164-219         95.38%    passed      6.62%
 552  M7C222_IPR045860_3_8-70            94.80%    passed      9.92%
 553  A0A8T1S5D0_IPR026524_1_5-155       87.54%    failed      0.01%
 554  G3IJA7_IPR039457_1_2-85            93.07%    passed     30.77%
 555  A0A1D1VU07_IPR031424_1_29-119      92.49%    passed     61.99%
 556  A0A1S3KC57_IPR031424_1_20-112      92.33%    failed      3.60%
 557  A0A6A4II55_IPR031424_1_22-134      90.68%    failed      4.06%
 558  A0A6L2PLK9_IPR031424_1_31-84       95.54%    passed     96.59%
 559  A0A8J5UUP8_IPR031424_1_24-113      92.57%    passed     76.54%
 560  A0A9P1HMJ8_IPR031424_1_22-124      91.50%    passed     73.47%
 561  A0AAE9DKX9_IPR031424_1_24-108      92.99%    passed     51.64%
 562  A0AAV2Q359_IPR031424_1_4-107       91.42%    passed     28.22%
 563  N6U7S0_IPR031424_1_20-121          91.58%    failed      0.42%
 564  A0A0E3KK09_IPR045860_1_18-72       95.46%    passed     58.22%
 565  A0A2A6D034_IPR045860_1_57-149      92.33%    passed     92.92%
 566  A0A2K5H6W3_IPR045860_1_25-85       94.97%    passed     79.71%
 567  A0A485N7F4_IPR045860_1_1-79        93.48%    passed     31.15%
 568  A0A672HY15_IPR045860_1_43-105      94.80%    passed     61.34%
 569  A0A6P5A1G0_IPR045860_1_69-125      95.30%    passed     18.70%
 570  A0A7M5X584_IPR045860_1_21-86       94.55%    passed     47.40%
 571  A0A834Y7F0_IPR045860_1_31-132      91.58%    failed      0.47%
 572  A0A8J6AP99_IPR045860_1_159-208     95.87%    failed      2.78%
 573  A0A8M1FMM8_IPR045860_1_11-65       95.46%    passed     26.43%
 574  A0A8S3T3W9_IPR045860_1_33-92       95.05%    passed     81.79%
 575  A0A914ITD3_IPR045860_1_469-533     94.64%    passed     37.68%
 576  A0A915AQ63_IPR045860_1_14-95       93.23%    failed      1.77%
 577  A0A922HWM7_IPR045860_1_189-258     94.22%    passed     64.05%
 578  A0A9J6FJA2_IPR045860_2_260-335     93.73%    passed     30.27%
 579  A0A9P1HH40_IPR045860_1_23-110      92.74%    passed     20.11%
 580  A0AA35KPM3_IPR045860_1_104-193     92.57%    failed      4.94%
 581  A0AA36HBF4_IPR045860_1_43-111      94.31%    passed     20.46%
 582  A0AA39I7H4_IPR045860_1_20-82       94.80%    passed     11.24%
 583  A0AAU9W6W5_IPR045860_1_22-108      92.82%    failed      4.12%
 584  A0AAV7HWB9_IPR045860_3_118-180     94.80%    passed     61.73%
 585  A0AAW0MFM6_IPR045860_1_5-54        95.87%    passed     24.56%
 586  E2AU71_IPR045860_1_231-289         95.13%    passed     55.04%
 587  E4WSQ4_IPR045860_1_2-118           90.35%    passed     10.08%
 588  J7H3I1_IPR045860_1_35-132          91.91%    passed     79.37%
 589  Centipede3FTx_0012_984703          92.08%    failed      1.03%
 590  Centipede3FTx_0140_1255758         86.63%    passed      6.38%
 591  A0A8J9Z921_IPR045860_2_11-93       93.15%    failed      0.42%
 592  A0A8C9JP44_IPR045860_1_32-84       95.63%    passed     76.02%
 593  A0AA39MC99_IPR045860_1_12-92       93.32%    passed     19.91%
 594  A0AAN8BWB3_IPR045860_1_17-72       95.38%    passed     37.54%
 595  A0A2K6FUC7_IPR016054_1_130-181     95.71%    passed      8.24%
 596  A0A7J8BAY1_IPR051445_1_45-121      93.65%    passed      5.70%
 597  A0A803T097_IPR045860_2_113-189     93.65%    passed     29.53%
 598  A0A8C6G4T4_IPR016054_2_12-92       93.32%    passed      8.60%
 599  A0A8C8ZD79_IPR045860_3_211-280     94.22%    passed     14.10%
 600  A0AAV7MS16_IPR016054_1_19-100      93.23%    failed      0.44%
 601  G1U647_IPR026524_1_4-124           90.02%    failed      0.00%
 602  A0A068WMH4_IPR045860_1_37-139      91.50%    passed     80.37%
 603  A0A0T6B6S3_IPR031424_1_22-133      90.76%    passed     72.17%
 604  A0A183MZ51_IPR031424_1_26-124      91.83%    passed     22.39%
 605  A0A1Y1LGN0_IPR045860_1_34-109      93.73%    passed     10.54%
 606  A0A7F5RM31_IPR045860_1_17-109      92.33%    passed     23.96%
 607  A0A7J7K6D5_IPR031424_1_121-210     92.57%    passed     13.17%
 608  A0A9N9TL37_IPR031424_1_20-93       93.89%    passed     97.13%
 609  A0A9P0CKC3_IPR031424_1_24-121      91.91%    passed     10.19%
 610  A0AAE9ECB9_IPR031424_1_30-169      88.45%    passed      5.07%
 611  A0AAW1UZC9_IPR031424_1_19-128      90.92%    passed     33.42%
 612  V4AFQ7_IPR031424_1_44-125          93.23%    passed     59.09%
 613  A0A9W2X6I2_IPR051445_1_47-112      94.55%    passed      5.69%
 614  A0A067RRM3_IPR045860_1_1-78        93.56%    passed     25.91%
 615  A0A0N5BVY0_IPR045860_1_32-99       94.39%    passed     51.31%
 616  A0A1S3IMF4_IPR045860_1_21-96       93.73%    failed      0.08%
 617  A0A267G212_IPR045860_1_35-111      93.65%    failed      0.02%
 618  A0A2I5KCC1_IPR045860_1_22-131      90.92%    passed      5.32%
 619  A0A2P1DVD9_IPR045860_1_24-125      91.58%    passed     28.82%
 620  A0A3N0YL70_IPR045860_1_20-97       93.56%    passed     48.67%
 621  A0A401PND9_IPR045860_1_24-95       94.06%    passed     15.64%
 622  A0A4U5PGP9_IPR045860_1_12-88       93.65%    passed     10.17%
 623  A0A553NEH9_IPR045860_1_44-126      93.15%    passed     14.62%
 624  A0A5F4WEP0_IPR045860_1_159-273     90.51%    failed      4.29%
 625  A0A672L629_IPR045860_1_11-92       93.23%    passed     12.76%
 626  A0A6J8DGY3_IPR045860_1_75-168      92.24%    passed     24.26%
 627  A0A7L3V3L4_IPR045860_1_100-208     91.01%    failed      0.00%
 628  A0A8C5PT57_IPR045860_1_33-104      94.06%    passed      5.84%
 629  A0A8F8ASX3_IPR045860_1_58-126      94.31%    passed     40.49%
 630  A0A8T0BCI2_IPR045860_1_1-59        95.13%    passed     17.55%
 631  A0A915KCD7_IPR045860_1_23-123      91.67%    passed     32.38%
 632  A0A9F3W1W6_IPR045860_1_17-97       93.32%    passed     13.49%
 633  A0A9Q1AX85_IPR045860_1_8-68        94.97%    passed     33.65%
 634  A0A9X0A5Y2_IPR045860_1_18-78       94.97%    failed      2.43%
 635  A0AAD3R410_IPR045860_2_83-145      94.80%    failed      3.25%
 636  A0AAF3J618_IPR045860_1_16-105      92.57%    passed     59.62%
 637  J9ABH8_IPR045860_1_2-67            94.55%    failed      1.84%
 638  L8IZU0_IPR045860_1_26-80           95.46%    passed     36.71%
 639  T1FB38_IPR045860_1_12-101          92.57%    failed      0.79%
 640  W8AZ14_IPR045860_1_27-99           93.98%    passed     32.39%
 641  Centipede3FTx_0045_60158           88.70%    failed      2.65%
 642  Centipede3FTx_0077_61981           89.93%    failed      2.43%
 643  A0A098LYH6_IPR045860_1_13-92       93.40%    passed     15.19%
 644  A0A3B1ISK3_IPR016054_1_43-132      92.57%    failed      1.01%
 645  A0A3M7Q1X2_IPR045860_1_22-121      91.75%    failed      0.14%
 646  A0A8B6CMS2_IPR035076_1_23-72       95.87%    passed     18.03%
 647  A0A8D0BLR1_IPR045860_1_18-75       95.21%    passed     17.82%
 648  A0AAV7V326_IPR045860_1_16-126      90.84%    failed      0.00%
 649  G7PD21_IPR045860_1_47-101          95.46%    passed     24.55%
 650  A0A674J103_IPR045860_2_119-171     95.63%    passed     23.55%
 651  A0A7J8BB03_IPR051445_1_24-122      91.83%    failed      2.54%
 652  A0A8T1RYG7_IPR045860_2_119-196     93.56%    failed      1.47%
 653  A0AA97KDG8_IPR045860_1_76-156      93.32%    passed     24.29%
 654  A0AA97LL31_IPR045860_3_107-193     92.82%    failed      4.28%
 655  A0AAD1SXJ9_IPR045860_1_2-75        93.89%    passed     10.48%
 656  A0AAV7Q0A2_IPR045860_2_111-215     91.34%    passed     20.62%
 657  A0AAW1AWV1_IPR045860_6_1-70        94.22%    passed     31.92%
 658  A0AAN8G8R9_IPR039457_1_5-162       86.96%    failed      0.51%
 659  A0A8J6H8Z6_IPR031424_1_441-544     91.42%    passed     20.90%
 660  A0A9P0NU81_IPR031424_1_23-142      90.10%    passed      5.22%
 661  A0A9X6NF42_IPR031424_1_21-112      92.41%    failed      4.33%
 662  A0A0B2V4Y2_IPR045860_1_13-87       93.81%    passed     43.82%
 663  A0A0K0CWW9_IPR045860_1_1-51        95.79%    passed     52.25%
 664  A0A0N4XE99_IPR045860_1_18-91       93.89%    passed     13.70%
 665  A0A0R3PZF4_IPR045860_1_3-88        92.90%    passed      6.03%
 666  A0A0S7EPF1_IPR045860_1_52-146      92.16%    passed     64.81%
 667  A0A212CDR5_IPR045860_1_10-59       95.87%    passed     29.84%
 668  A0A261CIU9_IPR045860_1_35-107      93.98%    passed     12.49%
 669  A0A369RZI8_IPR045860_1_33-142      90.92%    passed     13.62%
 670  A0A3M6UU69_IPR045860_1_18-113      92.08%    passed      5.70%
 671  A0A3Q0IVC8_IPR045860_1_107-162     95.38%    passed     33.47%
 672  A0A4U5PGR9_IPR045860_1_10-93       93.07%    passed     19.36%
 673  A0A672L668_IPR045860_1_26-94       94.31%    passed     12.95%
 674  A0A6P7XFG3_IPR045860_1_18-96       93.48%    failed      3.29%
 675  A0A6P8F3Q9_IPR045860_1_19-116      91.91%    passed     80.24%
 676  A0A7J7J989_IPR045860_1_4-78        93.81%    passed     57.91%
 677  A0A8C3GTR2_IPR045860_1_48-144      92.00%    failed      0.34%
 678  A0A8D2L5T3_IPR045860_1_24-97       93.89%    passed     68.98%
 679  A0A8K0KJU9_IPR045860_1_171-225     95.46%    failed      3.75%
 680  A0A914VXE6_IPR045860_1_26-103      93.56%    passed      8.91%
 681  A0A9W9YVV7_IPR045860_1_17-120      91.42%    failed      1.45%
 682  A0AA36GN51_IPR045860_1_69-160      92.41%    passed     44.68%
 683  A0AAN5C818_IPR045860_1_20-96       93.65%    failed      3.28%
 684  A0AAN5I4M8_IPR045860_1_14-85       94.06%    passed     27.78%
 685  A0AAV3A1S2_IPR045860_1_26-103      93.56%    passed     49.19%
 686  A0ABD0SGT6_IPR045860_1_31-106      93.73%    failed      2.06%
 687  A0ABD2K7U0_IPR045860_1_59-155      92.00%    passed     72.95%
 688  D1ZZN3_IPR045860_1_25-95           94.14%    failed      0.02%
 689  Q91595_IPR045860_1_26-105          93.40%    passed     19.81%
 690  S4RP23_IPR045860_1_1-76            93.73%    passed     70.92%
 691  W8B4V7_IPR045860_1_35-84           95.87%    passed     34.75%
 692  A0AAV7V3C6_IPR045860_1_12-88       93.65%    failed      0.02%
 693  A0A9J7HAX0_IPR038773_1_34-166      89.27%    passed     10.94%
 694  A0A0B2W4U8_IPR016054_1_131-222     92.41%    passed      5.06%
 695  A0A151MW29_IPR045860_3_115-198     93.07%    failed      2.42%
 696  A0A212DDM8_IPR016054_2_5-77        93.98%    passed     16.05%
 697  A0A2J8IXP7_IPR016054_2_89-153      94.64%    passed      5.95%
 698  A0A8B6F514_IPR045860_1_60-144      92.99%    failed      0.03%
 699  A0A9Q1E5R8_IPR045860_2_20-79       95.05%    failed      4.15%
 700  A0AA35KNY3_IPR016054_2_22-112      92.49%    passed     21.41%
 701  A0AA35PCS3_IPR016054_2_396-445     95.87%    passed     92.26%
 702  A0AAW1AWW4_IPR045860_1_9-61        95.63%    passed     59.97%
 703  W5LVP5_IPR045860_1_3-53            95.79%    passed      9.72%
 704  A0A2U9AV81_IPR039457_1_3-54        95.71%    failed      2.73%
 705  A0A0N5CCS6_IPR031424_1_67-161      92.16%    passed     43.32%
 706  A0A7J7K703_IPR031424_1_20-92       93.98%    passed      9.00%
 707  A0A8B7YKX8_IPR031424_1_21-134      90.59%    failed      4.69%
 708  A0A8J6HAG2_IPR031424_1_268-342     93.81%    passed     20.38%
 709  A0AAJ6VZY4_IPR031424_1_28-113      92.90%    passed     42.24%
 710  A0ABD0SQC7_IPR031424_1_5-76        94.06%    passed     64.84%
 711  A0A068X2C6_IPR045860_1_1-74        93.89%    passed     58.13%
 712  A0A0B2V788_IPR045860_1_40-119      93.40%    passed     47.94%
 713  A0A139WKZ1_IPR045860_1_19-105      92.82%    passed     17.95%
 714  A0A1I7Z4P0_IPR045860_1_20-117      91.91%    passed     77.98%
 715  A0A1J1IMZ0_IPR045860_1_172-248     93.65%    failed      0.37%
 716  A0A4D9DQ93_IPR045860_1_5-88        93.07%    passed     39.52%
 717  A0A4U5M1C9_IPR045860_1_13-93       93.32%    passed     49.82%
 718  A0A5F9DD18_IPR045860_2_120-204     92.99%    failed      0.28%
 719  A0A673CMW7_IPR045860_1_1-62        94.88%    passed     90.37%
 720  A0A6I8Q673_IPR045860_1_22-78       95.30%    failed      0.05%
 721  A0A6J2WKY8_IPR045860_2_1-78        93.56%    passed      9.35%
 722  A0A6P8J5F2_IPR045860_1_29-134      91.34%    passed      9.58%
 723  A0A6P8NVL9_IPR045860_1_19-99       93.32%    failed      0.03%
 724  A0A6P8R0I9_IPR045860_1_21-122      91.58%    passed     33.63%
 725  A0A7J7K4I5_IPR045860_1_100-196     92.00%    passed     87.45%
 726  A0A7M5X657_IPR045860_1_43-96       95.54%    failed      3.14%
 727  A0A815RKE6_IPR045860_1_585-644     95.05%    passed     25.60%
 728  A0A817TEU8_IPR045860_1_40-101      94.88%    failed      1.52%
 729  A0A8B7PBL7_IPR045860_1_71-178      91.09%    failed      0.02%
 730  A0A8C4SSB6_IPR045860_1_19-84       94.55%    passed      7.39%
 731  A0A8S1GQN7_IPR045860_1_21-103      93.15%    failed      4.68%
 732  A0A9W9YWP2_IPR045860_1_22-108      92.82%    passed     10.37%
 733  A0AAF3JBN4_IPR045860_1_9-84        93.73%    failed      0.63%
 734  A0AAV6GIL3_IPR045860_1_31-81       95.79%    passed      9.11%
 735  E2B602_IPR045860_1_38-100          94.80%    passed     14.05%
 736  Q0GAB5_IPR045860_1_20-85           94.55%    passed     49.63%
 737  Centipede3FTx_0015_1255758         87.38%    passed     17.52%
 738  Centipede3FTx_0047_60158           92.74%    passed     70.88%
 739  Centipede3FTx_0111_984703          90.26%    passed     26.92%
 740  A0A2I0TLL8_IPR045860_1_6-59        95.54%    passed     15.02%
 741  A0A3P9MIP7_IPR045860_2_3-66        94.72%    passed     45.40%
 742  A0A7S1U4Z0_IPR045860_1_8-90        93.15%    failed      0.32%
 743  A0A818WR27_IPR045860_1_9-78        94.22%    failed      0.47%
 744  A0AAN8FGD8_IPR045860_1_6-82        93.65%    passed     24.21%
 745  A0AAV7V3D2_IPR045860_1_18-71       95.54%    passed     28.52%
 746  A0A3Q4BL76_IPR045860_2_19-87       94.31%    passed      7.49%
 747  A0A674J133_IPR045860_2_202-284     93.15%    failed      1.97%
 748  A0A6B0S3L6_IPR045860_2_202-274     93.98%    passed     11.30%
 749  A0A7J7JX39_IPR045860_1_15-109      92.16%    passed      5.13%
 750  A0A9D4B4C9_IPR045860_1_28-84       95.30%    passed     79.02%
 751  A0A9Q0YG57_IPR016054_1_228-322     92.16%    passed      7.51%
 752  A0A9X9LR61_IPR051445_1_18-78       94.97%    passed      8.08%
 753  A0AA35KNY3_IPR045860_3_234-311     93.56%    failed      3.53%
 754  A0AAV7PWP4_IPR045860_2_114-166     95.63%    passed     38.59%
 755  A0A1L6ZA22_IPR026524_1_1-54        95.54%    failed      4.86%
 756  A0A8C6VKX5_IPR026524_1_26-317      75.91%    passed     10.46%
 757  A0A1D1W0Z2_IPR045860_1_21-110      92.57%    passed     28.04%
 758  A0A2J7RCP2_IPR031424_1_20-94       93.81%    passed     68.43%
 759  A0A419QDL7_IPR031424_1_49-135      92.82%    passed     29.02%
 760  A0A553PQ88_IPR031424_1_65-138      93.89%    passed      9.08%
 761  A0A6A4J1W8_IPR031424_1_23-124      91.58%    passed     57.55%
 762  A0A8D9EEC0_IPR045860_1_36-100      94.64%    passed     43.68%
 763  A0A8S3ZD21_IPR045860_1_1-90        92.57%    passed     57.14%
 764  A0A9Q0MUQ9_IPR031424_1_22-152      89.19%    passed     29.85%
 765  A0AAW1KEF1_IPR031424_1_22-122      91.67%    failed      2.40%
 766  A0A0A0QVT0_IPR045860_1_1-59        95.13%    passed     76.20%
 767  A0A0B1S3M7_IPR045860_1_18-91       93.89%    passed     67.76%
 768  A0A2G8KSN0_IPR045860_1_1-52        95.71%    passed     15.87%
 769  A0A369SFB3_IPR045860_1_30-118      92.66%    passed     71.71%
 770  A0A3M6V1V9_IPR045860_1_24-100      93.65%    passed      8.35%
 771  A0A482WBZ3_IPR045860_1_23-97       93.81%    passed     37.13%
 772  A0A4U5M1E1_IPR045860_1_33-149      90.35%    passed     16.36%
 773  A0A672J2F4_IPR045860_1_20-76       95.30%    failed      0.04%
 774  A0A6F9AWL3_IPR045860_3_79-133      95.46%    passed     44.82%
 775  A0A7J8AY79_IPR045860_1_29-112      93.07%    passed     86.94%
 776  A0A7K8YTB0_IPR045860_1_7-87        93.32%    failed      0.00%
 777  A0A7M5X6C4_IPR045860_1_26-115      92.57%    failed      1.64%
 778  A0A7R8W3R3_IPR045860_1_82-181      91.75%    passed     40.54%
 779  A0A811KAY1_IPR045860_1_14-122      91.01%    passed     73.68%
 780  A0A816RLQ1_IPR045860_1_5-78        93.89%    failed      0.00%
 781  A0A821LEG1_IPR045860_2_139-203     94.64%    failed      4.37%
 782  A0A8B7PH04_IPR045860_1_27-104      93.56%    passed     14.58%
 783  A0A8C5MR88_IPR045860_1_23-95       93.98%    passed     20.24%
 784  A0A8I3WKN2_IPR045860_1_80-163      93.07%    passed     13.62%
 785  A0A8J9Z2A7_IPR045860_1_24-121      91.91%    passed      5.53%
 786  A0A913YSX5_IPR045860_1_1-83        93.48%    passed     28.69%
 787  A0A914IY65_IPR045860_1_181-248     94.39%    passed     42.52%
 788  A0A9N9T6H2_IPR045860_1_5-56        95.71%    passed     16.35%
 789  A0A9P1HRW4_IPR045860_1_35-101      94.47%    passed     19.21%
 790  A0A9W7WT82_IPR045860_1_8-63        95.38%    passed     10.27%
 791  A0AA35PDW3_IPR045860_1_17-98       93.23%    passed     19.39%
 792  A0AA97KCV8_IPR045860_1_33-91       95.13%    failed      2.49%
 793  A0AAD9Q6B2_IPR045860_1_25-107      93.15%    failed      2.50%
 794  A0AAE1Q6Z9_IPR045860_1_4-71        94.39%    passed     63.55%
 795  A0AAN7VHR4_IPR045860_1_15-112      91.91%    passed     38.38%
 796  A2BI28_IPR045860_1_15-83           94.31%    failed      2.02%
 797  T1GBA5_IPR045860_1_46-120          93.81%    passed     78.83%
 798  Centipede3FTx_0016_60158           87.87%    passed      5.01%
 799  Centipede3FTx_0080_61981           94.97%    passed     44.13%
 800  A0A454XXZ8_IPR045860_1_9-90        93.23%    failed      0.92%
 801  A0A6P7ZHU5_IPR016054_1_21-102      93.23%    failed      1.25%
 802  A0A814ASR0_IPR045860_1_26-113      92.74%    passed      7.32%
 803  A0A7J7SCZ8_IPR045860_3_211-261     95.79%    failed      3.50%
 804  A0A8J1JZC7_IPR045860_1_104-177     93.89%    passed     67.13%
 805  A0A8J1LAE3_IPR016054_1_18-111      92.24%    failed      1.29%
 806  A0A8T1S1I7_IPR045860_1_114-183     94.22%    passed      7.24%
 807  A0A8T2IRT7_IPR045860_2_115-195     93.32%    failed      0.30%
 808  A0AA40HIG7_IPR045860_1_38-190      87.38%    failed      0.00%
 809  A0AAV6ZHU2_IPR045860_2_1-71        94.14%    failed      0.46%
 810  A0A2G8LPQ2_IPR039457_1_28-79       95.71%    passed     21.46%
 811  A0A814JAT2_IPR039457_1_21-152      89.11%    failed      0.06%
 812  A0A0C9R4W4_IPR045860_1_44-107      94.72%    passed     25.00%
 813  A0A182UDP1_IPR031424_1_44-102      95.13%    passed     59.06%
 814  A0A1W0WDQ5_IPR031424_1_33-112      93.40%    failed      1.92%
 815  A0A553PQL1_IPR045860_1_17-98       93.23%    failed      0.34%
 816  A0A7G3AA29_IPR031424_1_25-147      89.85%    failed      0.02%
 817  A0A7I8VUV2_IPR031424_1_20-103      93.07%    passed     63.28%
 818  A0A8J2WFD8_IPR045860_1_38-136      91.83%    passed     48.50%
 819  A0A8S4PVE8_IPR031424_1_67-162      92.08%    passed     10.87%
 820  A0A915BLD6_IPR031424_1_24-112      92.66%    passed     20.91%
 821  A0A9J6BBX8_IPR031424_1_21-133      90.68%    failed      0.02%
 822  A0AAD5N1P7_IPR031424_1_105-184     93.40%    passed     14.93%
 823  A0AAD8AAY3_IPR045860_1_21-109      92.66%    failed      2.85%
 824  A0A0B2V963_IPR045860_1_20-161      88.28%    passed     17.24%
 825  A0A0D6LIU7_IPR045860_1_14-89       93.73%    passed     17.58%
 826  A0A0E3N0J1_IPR045860_2_115-164     95.87%    passed     56.25%
 827  A0A0N4XU23_IPR045860_1_25-89       94.64%    failed      0.42%
 828  A0A0N5CIB9_IPR045860_1_21-101      93.32%    passed     21.70%
 829  A0A177B4S8_IPR045860_1_239-330     92.41%    failed      2.98%
 830  A0A1A7YGD8_IPR045860_1_49-105      95.30%    passed     22.11%
 831  A0A1J1J8J8_IPR045860_1_28-143      90.43%    failed      3.54%
 832  A0A383VF68_IPR045860_1_50-110      94.97%    failed      2.56%
 833  A0A3Q7P0E8_IPR045860_1_12-95       93.07%    passed     19.34%
 834  A0A553P0D0_IPR045860_1_16-102      92.82%    passed     60.57%
 835  A0A672YFI7_IPR045860_1_22-86       94.64%    passed     34.39%
 836  A0A6J2X9Y7_IPR045860_1_20-106      92.82%    passed     45.95%
 837  A0A6P5AG42_IPR045860_1_44-127      93.07%    failed      1.88%
 838  A0A7M7PG63_IPR045860_1_235-318     93.07%    failed      0.47%
 839  A0A7R9MV90_IPR045860_1_1-81        93.32%    passed     99.00%
 840  A0A811KCP2_IPR045860_1_7-113       91.17%    passed     23.90%
 841  A0A814Z966_IPR045860_1_73-127      95.46%    passed     54.47%
 842  A0A8B8CBB0_IPR045860_1_86-154      94.31%    passed     15.14%
 843  A0A8C1EVR4_IPR045860_1_71-129      95.13%    passed     14.58%
 844  A0A8C1KXS0_IPR045860_1_84-135      95.71%    failed      1.17%
 845  A0A8C6Z7D6_IPR045860_1_23-78       95.38%    passed     15.74%
 846  A0A8C7ZF54_IPR045860_1_18-73       95.38%    passed     16.52%
 847  A0A8S9YT03_IPR045860_1_16-94       93.48%    failed      4.72%
 848  A0A913X5E8_IPR045860_1_141-238     91.91%    passed     36.26%
 849  A0A914SUI1_IPR045860_1_21-95       93.81%    failed      1.02%
 850  A0A9D4DCW9_IPR045860_1_128-204     93.65%    passed     49.97%
 851  A0A9Q0RI29_IPR045860_1_1-77        93.65%    passed     58.57%
 852  A0A9W9YWU5_IPR045860_2_41-125      92.99%    passed     20.21%
 853  A0AA36DFK1_IPR045860_1_24-105      93.23%    passed     60.95%
 854  A0AA85J9Z2_IPR045860_1_24-107      93.07%    passed     62.79%
 855  A0AAD9JRU8_IPR045860_1_132-199     94.39%    failed      2.07%
 856  A0AAJ7XFC9_IPR045860_1_33-108      93.73%    failed      4.23%
 857  A0AAV0A307_IPR045860_1_17-95       93.48%    failed      4.06%
 858  A0AAW0PGG7_IPR045860_2_12-74       94.80%    failed      0.35%
 859  L8YE21_IPR045860_1_1-53            95.63%    passed      6.83%
 860  Centipede3FTx_0081_61981           87.21%    failed      1.08%
 861  Centipede3FTx_0145_984703          91.83%    failed      3.76%
 862  A0AA35P1B0_IPR039237_1_1-124       89.77%    passed     22.93%
 863  A0A1S3T2Q1_IPR045860_2_23-147      89.69%    failed      0.84%
 864  A0A2I0TLQ1_IPR016054_1_21-168      87.79%    passed     16.18%
 865  A0A9D4BTS2_IPR045860_1_105-191     92.82%    passed     87.19%
 866  A6HS10_IPR045860_1_68-117          95.87%    failed      1.07%
 867  L5KM81_IPR045860_1_20-179          86.80%    failed      0.00%
 868  A0A4Z2D990_IPR045860_1_6-60        95.46%    passed     23.09%
 869  A0A672HY17_IPR045860_2_27-104      93.56%    passed     16.56%
 870  A0A6G0ITJ9_IPR045860_1_9-91        93.15%    passed     31.00%
 871  A0A8T2IS80_IPR045860_1_14-109      92.08%    passed     21.10%
 872  A0AA35VVV1_IPR016054_1_6-80        93.81%    passed     41.97%
 873  A0AA97KEJ2_IPR045860_2_1-68        94.39%    passed      9.30%
 874  A0AAD1T6T7_IPR045860_1_41-120      93.40%    failed      1.63%
 875  A0A7L0LNB4_IPR045860_1_33-97       94.64%    passed     13.15%
 876  A0AAV7UJD8_IPR045860_1_6-89        93.07%    passed     30.09%
 877  A0A7J7KIG9_IPR031424_1_23-118      92.08%    failed      2.52%
 878  A0A9P0JJI4_IPR031424_1_59-134      93.73%    passed     83.64%
 879  A0A9P0P6C9_IPR045860_1_22-118      92.00%    failed      0.89%
 880  A0A9X6RK53_IPR031424_1_34-86       95.63%    passed     49.99%
 881  A0AAD8AAZ8_IPR031424_1_21-128      91.09%    passed     19.03%
 882  A0AAV8YRX0_IPR045860_1_23-110      92.74%    passed     81.50%
 883  A0A074ZFN4_IPR045860_1_116-168     95.63%    passed      9.65%
 884  A0A0N1PIF7_IPR045860_1_2-80        93.48%    passed     40.45%
 885  A0A1D1UJY4_IPR045860_1_22-124      91.50%    passed      5.23%
 886  A0A2B4T2Y2_IPR045860_1_22-110      92.66%    passed     20.40%
 887  A0A2G8KWS2_IPR045860_1_32-136      91.34%    passed     40.69%
 888  A0A3B0JWF2_IPR045860_1_25-94       94.22%    passed     62.11%
 889  A0A3M6V5B7_IPR045860_1_32-117      92.90%    passed     87.88%
 890  A0A3Q0RTA1_IPR045860_1_21-77       95.30%    passed     73.45%
 891  A0A3S2PCT2_IPR045860_2_52-104      95.63%    passed     29.46%
 892  A0A6F9DV81_IPR045860_1_21-117      92.00%    failed      2.26%
 893  A0A7J7R911_IPR045860_1_301-379     93.48%    failed      0.00%
 894  A0A814TJZ5_IPR045860_1_12-117      91.25%    failed      4.08%
 895  A0A8C2P149_IPR045860_1_56-110      95.46%    passed     34.75%
 896  A0A8C4RAU9_IPR045860_1_25-113      92.66%    passed     50.07%
 897  A0A8C9F626_IPR045860_1_38-116      93.48%    passed     29.68%
 898  A0A8D8NQH8_IPR045860_1_2-93        92.41%    passed     36.23%
 899  A0A8S3DI61_IPR045860_1_18-78       94.97%    passed     43.30%
 900  A0A8S4PCU4_IPR045860_1_21-110      92.57%    passed     19.03%
 901  A0A915BK86_IPR045860_1_23-119      92.00%    passed     65.37%
 902  A0A9X0A6E7_IPR045860_1_115-197     93.15%    passed     30.09%
 903  A0AA36DG82_IPR045860_1_71-136      94.55%    passed     89.58%
 904  A0AAD8EEK7_IPR045860_1_3-61        95.13%    passed     10.54%
 905  A0AAD9JZG4_IPR045860_1_52-152      91.67%    failed      2.50%
 906  A0AAF3EK38_IPR045860_2_454-508     95.46%    failed      2.76%
 907  A0AAN8WWG0_IPR045860_1_52-159      91.09%    passed     16.61%
 908  A0AAU9XBH8_IPR045860_1_26-98       93.98%    passed     25.65%
 909  A0AAV2RAV7_IPR045860_1_21-125      91.34%    passed     52.18%
 910  A0AAV4HYB8_IPR045860_1_806-874     94.31%    failed      0.84%
 911  A0AAW0MKZ9_IPR045860_1_6-86        93.32%    failed      2.97%
 912  A0AAW1UIJ1_IPR045860_1_22-124      91.50%    passed     10.55%
 913  A7RR40_IPR045860_1_16-114          91.83%    passed     44.31%
 914  Centipede3FTx_0018_1255758         88.28%    failed      3.85%
 915  Centipede3FTx_0082_61981           92.00%    failed      0.09%
 916  Centipede3FTx_0114_984703          90.59%    failed      0.66%
 917  A0A7J8GR77_IPR039237_1_28-103      93.73%    failed      1.10%
 918  A0A8D2B8Y1_IPR035076_1_16-82       94.47%    failed      1.97%
 919  A0AAF3EX73_IPR045860_1_18-106      92.66%    passed     28.45%
 920  A0A452RA57_IPR038773_1_89-159      94.14%    failed      0.00%
 921  A0A6P8HNU1_IPR016054_1_22-103      93.23%    passed     32.10%
 922  A0A851KA47_IPR039457_1_1-82        93.23%    passed     33.78%
 923  A0A1B6EBJ6_IPR031424_1_5-77        93.98%    failed      3.66%
 924  A0A1W0WFV8_IPR031424_1_22-108      92.82%    passed     38.18%
 925  A0A813SHY2_IPR031424_1_40-132      92.33%    passed     41.66%
 926  A0A8S4PWZ4_IPR031424_1_125-235     90.84%    passed     12.79%
 927  A0A915DCF7_IPR031424_1_72-158      92.82%    passed     42.93%
 928  A0A9P0JQD5_IPR031424_1_24-109      92.90%    passed     47.09%
 929  A0AAD8AD41_IPR031424_1_21-105      92.99%    passed     17.60%
 930  A0AAW1L336_IPR031424_1_24-101      93.56%    passed     28.39%
 931  A0A085NDT4_IPR045860_1_28-150      89.85%    passed     56.42%
 932  A0A0K0DTX4_IPR045860_1_17-108      92.41%    failed      0.01%
 933  A0A1I7UV27_IPR045860_1_12-86       93.81%    passed     40.21%
 934  A0A267H8E8_IPR045860_1_251-319     94.31%    failed      0.87%
 935  A0A2A6B673_IPR045860_1_17-106      92.57%    passed     59.22%
 936  A0A3Q1EFH7_IPR045860_1_1-54        95.54%    passed     83.64%
 937  A0A498NQ74_IPR045860_1_77-126      95.87%    passed     31.45%
 938  A0A4U5M488_IPR045860_1_21-104      93.07%    failed      0.36%
 939  A0A553PG42_IPR045860_1_25-155      89.19%    passed     44.89%
 940  A0A5N5SJ70_IPR045860_1_66-143      93.56%    failed      1.83%
 941  A0A6F9DVC4_IPR045860_1_19-124      91.25%    passed     17.16%
 942  A0A8C5CYP2_IPR045860_1_6-99        92.24%    passed     13.02%
 943  A0A8D3AVK4_IPR045860_1_2-76        93.81%    passed     78.17%
 944  A0A8D8NQM4_IPR045860_1_50-145      92.08%    passed     24.03%
 945  A0A8S9YVM8_IPR045860_1_19-84       94.55%    passed      5.56%
 946  A0A8T2L074_IPR045860_1_47-115      94.31%    passed     19.23%
 947  A0A914FFU1_IPR045860_1_18-88       94.14%    passed      8.16%
 948  A0A914J1B6_IPR045860_1_5-69        94.64%    failed      2.21%
 949  A0A9U8EMM2_IPR045860_1_28-121      92.24%    passed     25.57%
 950  A0AA39IQY4_IPR045860_1_86-161      93.73%    passed     68.47%
 951  A0AA47N0X1_IPR045860_1_2-72        94.14%    failed      0.59%
 952  A0AAD8A6M0_IPR045860_1_2-72        94.14%    failed      3.21%
 953  A0AAD9K5S4_IPR045860_1_22-84       94.80%    passed     25.06%
 954  A0AAN8XCL9_IPR045860_1_23-72       95.87%    passed     27.05%
 955  A0AAV6ZHX9_IPR045860_2_104-184     93.32%    failed      3.47%
 956  A0AAV7JZ97_IPR045860_1_22-111      92.57%    passed     21.94%
 957  A0AAW0ML87_IPR045860_1_117-180     94.72%    failed      0.55%
 958  A0AAW1AWZ8_IPR045860_1_229-317     92.66%    passed     33.81%
 959  A7RU85_IPR045860_1_23-112          92.57%    passed     31.66%
 960  C3YF08_IPR045860_1_20-88           94.31%    failed      0.01%
 961  M4H2H9_IPR045860_1_17-79           94.80%    failed      0.14%
 962  Centipede3FTx_0019_1255758         91.50%    passed     61.94%
 963  Centipede3FTx_0083_61981           94.88%    failed      0.01%
 964  A0A6I8N2M3_IPR042339_1_9-118       90.92%    failed      0.55%
 965  A0A8J6A6H0_IPR026110_1_1-85        92.99%    failed      0.01%
 966  A0A444V7R9_IPR045860_4_17-88       94.06%    failed      0.19%
 967  A0A6B0RUV3_IPR016054_1_15-109      92.16%    failed      0.64%
 968  A0A814DSB1_IPR045860_1_26-110      92.99%    passed     12.72%
 969  A0A8C4TDL5_IPR045860_7_288-362     93.81%    failed      3.02%
 970  A0A8S3SG34_IPR045860_1_97-190      92.24%    passed     37.50%
 971  A0AAF3J2H5_IPR045860_1_22-105      93.07%    passed      5.55%
 972  A0A401PTF8_IPR045860_2_108-173     94.55%    passed     43.81%
 973  A0A6G0IXG8_IPR016054_1_34-100      94.47%    passed     14.00%
 974  A0A6P9CDN4_IPR045860_1_18-99       93.23%    passed     73.25%
 975  A0A821PA83_IPR045860_1_4-76        93.98%    passed     74.33%
 976  A0A8C0G175_IPR045860_1_86-158      93.98%    passed      7.49%
 977  A0A914DRE6_IPR045860_1_105-185     93.32%    passed     37.29%
 978  A0AAV7PWX0_IPR016054_2_30-123      92.24%    passed     20.52%
 979  A0AAX7UM57_IPR016054_2_111-197     92.82%    failed      1.03%
 980  G3UAV3_IPR016054_1_27-106          93.40%    passed      5.21%
 981  A0A1L6ZA41_IPR026524_1_10-69       95.05%    passed     49.21%
 982  A0AAD9DYH2_IPR039457_1_47-98       95.71%    passed     82.36%
 983  A0A226CXW4_IPR031424_1_209-319     90.84%    passed     28.36%
 984  A0A2K8JML4_IPR031424_1_22-151      89.27%    failed      0.50%
 985  A0A8K0DCZ5_IPR031424_1_22-127      91.25%    passed     55.55%
 986  A0A8S1DL92_IPR031424_1_27-148      89.93%    passed     43.87%
 987  A0A9P0CUQ1_IPR031424_1_6-72        94.47%    failed      2.04%
 988  A0A9X6RMU7_IPR045860_1_25-110      92.90%    passed     58.01%
 989  A0A1D1UYT9_IPR045860_1_21-129      91.01%    passed     24.86%
 990  A0A2A6B6L1_IPR045860_1_100-180     93.32%    passed     18.50%
 991  A0A2J7QX46_IPR045860_1_41-138      91.91%    failed      3.56%
 992  A0A4U5M493_IPR045860_1_38-124      92.82%    passed     23.25%
 993  A0A665TET0_IPR045860_1_28-104      93.65%    passed     74.62%
 994  A0A671NB32_IPR045860_1_16-104      92.66%    failed      0.00%
 995  A0A673LHZ0_IPR045860_1_21-85       94.64%    passed      6.12%
 996  A0A673M2A3_IPR045860_1_29-111      93.15%    passed     82.89%
 997  A0A6V7LM87_IPR045860_1_10-69       95.05%    passed     64.71%
 998  A0A814TN66_IPR045860_1_28-106      93.48%    passed     32.65%
 999  A0A8C4N7W8_IPR045860_1_1-66        94.55%    passed     28.65%
1000  A0A8C9JH24_IPR045860_1_16-78       94.80%    failed      0.18%
1001  A0A8I3NIA7_IPR045860_1_56-108      95.63%    passed      5.12%
1002  A0A8I6TGV3_IPR045860_1_38-140      91.50%    passed     38.42%
1003  A0A8T0FTV2_IPR045860_1_20-120      91.67%    passed      7.26%
1004  A0A8W8J872_IPR045860_1_62-157      92.08%    passed     93.37%
1005  A0A9J7NCX6_IPR045860_1_18-132      90.51%    failed      0.02%
1006  A0A9P1HUP2_IPR045860_1_96-187      92.41%    passed     79.20%
1007  A0A9X0A6N9_IPR045860_1_22-111      92.57%    failed      3.28%
1008  A0AA97KGB0_IPR045860_1_83-147      94.64%    passed     21.08%
1009  A0AAD9K836_IPR045860_1_33-114      93.23%    passed     64.74%
1010  A0AAU9WAK8_IPR045860_1_10-116      91.17%    failed      0.01%
1011  A0AAV2RSX4_IPR045860_1_63-119      95.30%    failed      0.51%
1012  A0AAW1AXJ7_IPR045860_1_17-75       95.13%    passed     27.68%
1013  A0ABD2XGH3_IPR045860_1_42-140      91.83%    passed     20.82%
1014  K1RXF0_IPR045860_1_16-71           95.38%    passed     87.87%
1015  Q9UAG0_IPR045860_1_135-224         92.57%    failed      4.63%
1016  Centipede3FTx_0020_1255758         94.64%    passed     51.79%
1017  Centipede3FTx_0116_1255758         92.00%    passed     14.43%
1018  A0A7J8GS23_IPR039237_1_3-72        94.22%    failed      3.54%
1019  A0A8C8TND6_IPR039237_1_1-58        95.21%    failed      4.68%
1020  A0A8U0T7Y1_IPR026110_1_1-159       87.05%    failed      0.21%
1021  A0A2I0TVD9_IPR045860_1_8-59        95.71%    failed      0.97%
1022  A0A3B5MB32_IPR045860_2_5-54        95.87%    passed     18.15%
1023  A0A835NMH4_IPR045860_2_101-189     92.66%    passed      9.55%
1024  A0A8B6DF61_IPR045860_1_105-184     93.40%    passed     50.62%
1025  A0A672HY65_IPR045860_1_120-170     95.79%    passed     26.66%
1026  A0A803K3X8_IPR045860_4_114-171     95.21%    passed     60.01%
1027  A0A8J5ZVT7_IPR045860_2_269-362     92.24%    passed      7.52%
1028  A0A914F127_IPR045860_1_16-108      92.33%    passed     63.25%
1029  A0A974CHI4_IPR045860_2_6-89        93.07%    passed     16.07%
1030  A0AA35KMQ0_IPR045860_2_112-193     93.23%    failed      2.19%
1031  A0AA35LGT7_IPR045860_3_210-288     93.48%    passed     80.56%
1032  A0AAD1WMY1_IPR016054_1_27-122      92.08%    passed     42.88%
1033  A0AAW0MGA1_IPR045860_1_22-90       94.31%    failed      0.21%
1034  A0AAW1AX84_IPR045860_3_2-64        94.80%    passed     26.19%
1035  C3YU70_IPR016054_2_188-286         91.83%    failed      0.00%
1036  A0A4D9DMT8_IPR026524_1_6-213       82.84%    failed      0.17%
1037  L9JFB6_IPR039457_1_5-119           90.51%    passed     47.40%
1038  A0A336LYX6_IPR045860_1_25-110      92.90%    passed      8.80%
1039  A0A7I8WSK8_IPR031424_1_45-161      90.35%    passed      6.48%
1040  A0A8J1TLI8_IPR031424_1_22-125      91.42%    failed      4.00%
1041  A0A9J6C081_IPR031424_1_126-224     91.83%    failed      2.08%
1042  A0A9X6RNH8_IPR031424_1_22-111      92.57%    passed      7.72%
1043  A0AA36FXT8_IPR031424_1_24-117      92.24%    failed      2.87%
1044  A0A1D1V2H0_IPR045860_1_20-126      91.17%    passed     61.42%
1045  A0A1I7ZEJ7_IPR045860_1_20-103      93.07%    passed     37.20%
1046  A0A1Y1LHT3_IPR045860_1_64-117      95.54%    passed     55.92%
1047  A0A224XN82_IPR045860_1_1-59        95.13%    passed     60.27%
1048  A0A2A6B7I4_IPR045860_1_89-188      91.75%    failed      4.06%
1049  A0A341B4I9_IPR045860_1_20-74       95.46%    passed     11.55%
1050  A0A4U5M496_IPR045860_1_122-200     93.48%    failed      3.26%
1051  A0A4U8UQC9_IPR045860_1_19-99       93.32%    passed     98.69%
1052  A0A4W3IZP1_IPR045860_1_40-134      92.16%    passed     47.13%
1053  A0A6J1P077_IPR045860_1_19-159      88.37%    passed      9.18%
1054  A0A7R9GBX8_IPR045860_1_12-89       93.56%    passed     61.16%
1055  A0A822G307_IPR045860_1_5-55        95.79%    passed     13.81%
1056  A0A8B8VNU0_IPR045860_1_12-62       95.79%    passed     48.79%
1057  A0A8C8JP42_IPR045860_1_5-83        93.48%    passed     30.77%
1058  A0A8K9X2E7_IPR045860_1_3-109       91.17%    passed      5.54%
1059  A0A8S9Z0J0_IPR045860_1_2-54        95.63%    passed     28.83%
1060  A0A8T2IKT7_IPR045860_1_5-67        94.80%    passed     15.52%
1061  A0A8W8KFK6_IPR045860_1_54-138      92.99%    passed     61.79%
1062  A0A914C4T4_IPR045860_1_15-86       94.06%    passed     57.26%
1063  A0A914TA72_IPR045860_1_17-102      92.90%    passed      5.45%
1064  A0A9Q1BN62_IPR045860_1_22-123      91.58%    failed      0.62%
1065  A0A9X0A6N9_IPR045860_2_115-182     94.39%    failed      1.40%
1066  A0AA35QPM7_IPR045860_2_116-174     95.13%    passed     25.24%
1067  A0AA36C4P5_IPR045860_1_21-91       94.14%    passed     85.28%
1068  A0AA39IR08_IPR045860_1_38-107      94.22%    passed     68.22%
1069  A0AA85JQ84_IPR045860_1_34-99       94.55%    passed     35.81%
1070  A0AAE1CIL3_IPR045860_1_10-78       94.31%    passed     15.48%
1071  A0AAF3ELR6_IPR045860_1_19-100      93.23%    passed     13.98%
1072  A0AAN5IAG8_IPR045860_1_12-103      92.41%    passed     49.93%
1073  A0AAN8GAJ9_IPR045860_1_10-70       94.97%    passed      5.47%
1074  A0AAN9YZE6_IPR045860_1_124-189     94.55%    passed     48.29%
1075  A0ABD2M0E5_IPR045860_1_14-100      92.82%    passed     28.82%
1076  Q9UAG0_IPR045860_2_314-419         91.25%    passed     17.62%
1077  A0A8C6XA92_IPR045860_1_12-61       95.87%    passed     61.55%
1078  A0A6I8ND62_IPR039237_1_1-176       85.48%    failed      0.00%
1079  A0A498MKX1_IPR016054_2_1132-1242   90.84%    failed      0.00%
1080  A0A9P1MLS2_IPR045860_1_6-104       91.83%    passed     15.74%
1081  N0E484_IPR038773_1_3-64            94.88%    passed      9.84%
1082  A0A091VEQ6_IPR016054_2_98-191      92.24%    passed     24.08%
1083  A0A0H4AC46_IPR045860_2_93-174      93.23%    passed     22.54%
1084  A0A151M3T1_IPR045860_3_143-211     94.31%    failed      0.49%
1085  A0A210Q449_IPR016054_1_222-302     93.32%    passed     20.40%
1086  A0A4U1EE55_IPR016054_1_13-72       95.05%    passed     19.34%
1087  A0A670INU0_IPR016054_1_10-99       92.57%    passed     53.91%
1088  A0A6P7YNT8_IPR045860_2_2-58        95.30%    failed      3.14%
1089  A0AAV1NYR3_IPR045860_1_19-102      93.07%    passed     64.08%
1090  A0A0N7Z8L7_IPR031424_1_1-96        92.08%    passed      8.69%
1091  A0A226D9A1_IPR031424_1_22-146      89.69%    failed      4.80%
1092  A0A430Q269_IPR031424_1_12-85       93.89%    passed     47.97%
1093  A0A7G3AEM8_IPR031424_1_22-132      90.84%    passed     32.81%
1094  A0A813T882_IPR031424_1_22-85       94.72%    passed     46.65%
1095  A0A8E0S444_IPR031424_1_11-75       94.64%    passed     73.77%
1096  A0A8J2MGA1_IPR031424_1_34-129      92.08%    passed     11.65%
1097  A0A9N9TW70_IPR045860_1_30-141      90.76%    passed     19.71%
1098  A0ABD2PTL5_IPR045860_1_26-129      91.42%    passed     35.82%
1099  A0ABD3XW80_IPR031424_1_25-99       93.81%    failed      3.08%
1100  A0A0E9SDH0_IPR045860_1_25-101      93.73%    passed     77.14%
1101  A0A183IHQ7_IPR045860_1_10-85       93.73%    passed     81.29%
1102  A0A1A9WMM2_IPR045860_1_73-127      95.46%    passed     17.11%
1103  A0A1I7ZF94_IPR045860_1_20-108      92.66%    passed     50.09%
1104  A0A1I8GI43_IPR045860_2_42-107      94.55%    passed     28.10%
1105  A0A1L8D734_IPR045860_1_10-84       93.81%    passed     37.56%
1106  A0A2K6SQ93_IPR045860_1_1-52        95.71%    passed     89.33%
1107  A0A498P1F1_IPR045860_1_142-201     95.05%    passed     20.92%
1108  A0A4U5M496_IPR045860_2_11-97       92.82%    passed     77.09%
1109  A0A674NWW4_IPR045860_1_5-63        95.13%    passed     91.00%
1110  A0A6A4XF14_IPR045860_1_165-216     95.71%    failed      4.92%
1111  A0A6S7FX41_IPR045860_1_1-90        92.57%    failed      1.48%
1112  A0A7M5XIW4_IPR045860_1_18-108      92.49%    failed      1.37%
1113  A0A813MG68_IPR045860_1_9-84        93.73%    passed     13.47%
1114  A0A813SLY4_IPR045860_1_23-93       94.14%    passed     37.64%
1115  A0A8B8VNU3_IPR045860_1_12-92       93.32%    passed      8.37%
1116  A0A8C2V8N2_IPR045860_1_66-131      94.55%    passed      8.20%
1117  A0A8C4ERD5_IPR045860_1_1-52        95.71%    passed     35.77%
1118  A0A8C5DI65_IPR045860_1_1-57        95.30%    failed      3.00%
1119  A0A8J6HG74_IPR045860_1_18-111      92.24%    failed      0.00%
1120  A0A8S1DBV9_IPR045860_1_45-144      91.75%    passed     13.68%
1121  A0A914TAE8_IPR045860_1_21-103      93.15%    passed     12.01%
1122  A0A915PPZ6_IPR045860_1_17-66       95.87%    passed     34.93%
1123  A0A9Q0S813_IPR045860_1_22-90       94.31%    failed      0.11%
1124  A0A9W9Z870_IPR045860_1_1-69        94.31%    passed      7.28%
1125  A0AAF3EMZ2_IPR045860_1_27-97       94.14%    passed     44.62%
1126  A0AAJ7RD29_IPR045860_1_25-99       93.81%    passed     12.46%
1127  A0AAN5IB82_IPR045860_1_68-152      92.99%    passed     56.62%
1128  A0ABD0LAW8_IPR045860_1_65-122      95.21%    passed     78.26%
1129  E4YHX6_IPR045860_1_49-128          93.40%    passed     31.26%
1130  Q9UAG2_IPR045860_1_225-308         93.07%    passed     15.60%
1131  A0A093PEP6_IPR045860_1_1-52        95.71%    passed     39.36%
1132  A0A814EPP6_IPR045860_1_21-86       94.55%    passed      7.50%
1133  A0A061HV01_IPR016054_1_88-181      92.24%    failed      0.69%
1134  A0A0B5GR50_IPR045860_2_18-105      92.74%    passed     77.71%
1135  A0A452FY47_IPR045860_1_120-182     94.80%    passed     12.61%
1136  A0A668TLB4_IPR045860_1_109-188     93.40%    passed     10.58%
1137  A0A6P7MES0_IPR045860_1_113-221     91.01%    passed     10.78%
1138  A0A8C2ME16_IPR045860_2_46-100      95.46%    passed     40.09%
1139  A0A8D2E104_IPR045860_3_191-240     95.87%    passed     26.30%
1140  A0A8W8KDT8_IPR016054_1_125-182     95.21%    passed     47.21%
1141  A0A9F2WG88_IPR045860_2_22-118      92.00%    passed     22.09%
1142  A0AA35KP80_IPR045860_2_111-170     95.05%    passed     79.31%
1143  A0AAW1EXL6_IPR045860_1_3-71        94.31%    passed     43.42%
1144  A0A834UG43_IPR039457_1_93-163      94.14%    failed      0.43%
1145  A0A8J9VF79_IPR039457_1_30-89       95.05%    passed     65.36%
1146  A0A1I7SHS9_IPR031424_1_20-102      93.15%    failed      1.82%
1147  A0A430Q2G9_IPR031424_1_19-82       94.72%    passed     17.72%
1148  A0AAJ7ITS2_IPR031424_1_24-150      89.52%    passed     25.54%
1149  A0AAW1NBZ3_IPR031424_1_20-132      90.68%    failed      4.35%
1150  A0ABD2QAB0_IPR031424_1_71-210      88.45%    passed     15.57%
1151  V5GYU3_IPR031424_1_27-92           94.55%    passed     68.45%
1152  A0A016WST8_IPR045860_1_76-178      91.50%    passed      7.99%
1153  A0A182DZD6_IPR045860_1_27-76       95.87%    passed     53.50%
1154  A0A1I7RK48_IPR045860_1_8-67        95.05%    passed     98.93%
1155  A0A210Q2J1_IPR045860_2_124-206     93.15%    failed      2.27%
1156  A0A2A6B8C4_IPR045860_1_55-114      95.05%    passed     22.32%
1157  A0A2G9R7K9_IPR045860_1_1-84        93.07%    failed      3.56%
1158  A0A3B4B5Q2_IPR045860_1_9-87        93.48%    passed      5.12%
1159  A0A3Q2UYB1_IPR045860_1_33-87       95.46%    passed     43.52%
1160  A0A4W3J9B0_IPR045860_1_29-103      93.81%    passed     16.77%
1161  A0A6G0HK90_IPR045860_1_45-107      94.80%    passed     23.36%
1162  A0A6P9DRR7_IPR045860_1_17-89       93.98%    failed      2.18%
1163  A0A6V7TRM7_IPR045860_1_1-58        95.21%    passed     17.52%
1164  A0A814M5W0_IPR045860_1_17-119      91.50%    passed     24.22%
1165  A0A898IKW1_IPR045860_1_12-74       94.80%    passed     36.23%
1166  A0A915BQP4_IPR045860_1_20-113      92.24%    passed     16.10%
1167  A0AA36C6F4_IPR045860_1_61-137      93.65%    passed     78.38%
1168  A0AA36M549_IPR045860_1_23-83       94.97%    failed      1.52%
1169  A0AAD9QQA3_IPR045860_1_22-102      93.32%    passed     75.77%
1170  A0AAN9Z0K7_IPR045860_1_23-109      92.82%    passed     27.09%
1171  A0AAW0MVP7_IPR045860_1_186-239     95.54%    passed     14.47%
1172  A0AAX6SC57_IPR045860_1_44-100      95.30%    failed      0.52%
1173  T2MGF9_IPR045860_1_24-129          91.25%    failed      1.66%
1174  Centipede3FTx_0119_1255758         93.89%    passed      7.77%
1175  A0A6B0S6F5_IPR016054_1_24-99       93.73%    passed     39.47%
1176  A0A504YEI6_IPR045860_1_9-67        95.13%    passed     17.17%
1177  A0A5N4CGH2_IPR045860_1_28-90       94.80%    passed     12.87%
1178  A0A9D4MDK6_IPR045860_1_34-113      93.40%    passed     17.76%
1179  A0A151NAK5_IPR016054_1_142-200     95.13%    failed      0.15%
1180  A0A8C3P577_IPR016054_1_21-108      92.74%    failed      1.13%
1181  A0AA35KMR6_IPR016054_1_148-214     94.47%    passed     43.37%
1182  A0AAV7PX70_IPR045860_2_203-292     92.57%    failed      1.19%
1183  G3UDR6_IPR051445_1_7-126           90.10%    failed      0.08%
1184  R0LJ75_IPR045860_1_76-155          93.40%    failed      4.50%
1185  S7PTS4_IPR016054_3_2-57            95.38%    passed     54.61%
1186  W5NTR4_IPR045860_1_33-127          92.16%    passed     82.59%
1187  A0A2K6PKA5_IPR039457_1_1-97        92.00%    passed     26.73%
1188  A0AAD9L2I6_IPR039457_1_14-173      86.80%    passed      7.69%
1189  A0A1D2M2Q1_IPR031424_1_32-134      91.50%    passed     64.85%
1190  A0A1S3DL79_IPR031424_1_4-65        94.88%    passed     15.62%
1191  A0A2S2QSA9_IPR031424_1_24-175      87.46%    failed      0.00%
1192  A0A6P7G9F3_IPR031424_1_22-137      90.43%    passed     11.39%
1193  A0A815BT65_IPR031424_1_24-73       95.87%    passed     23.69%
1194  A0A8J2P850_IPR031424_1_19-120      91.58%    passed     85.43%
1195  A0A8S4RWH0_IPR031424_1_13-63       95.79%    passed     66.68%
1196  A0A9P0LHQ8_IPR031424_1_25-138      90.59%    passed     61.96%
1197  A0AAV8Z602_IPR045860_1_2-95        92.24%    passed     20.82%
1198  Q176Q6_IPR031424_1_25-82           95.21%    passed     60.71%
1199  T1IWT8_IPR031424_2_22-103          93.23%    failed      0.75%
1200  A0A1B0G4Y0_IPR045860_1_7-84        93.56%    failed      2.49%
1201  A0A1D1VK48_IPR045860_1_6-74        94.31%    passed     26.56%
1202  A0A1I7ZN97_IPR045860_1_56-107      95.71%    failed      0.23%
1203  A0A1U7SQ44_IPR045860_1_105-193     92.66%    passed     38.93%
1204  A0A238BWE3_IPR045860_1_11-96       92.90%    passed     22.09%
1205  A0A261AWE7_IPR045860_1_94-209      90.43%    passed     35.91%
1206  A0A2A6B8E8_IPR045860_1_8-106       91.83%    passed     48.86%
1207  A0A2G9RKC4_IPR045860_1_26-90       94.64%    passed     17.92%
1208  A0A3B4B9F7_IPR045860_1_16-73       95.21%    passed      5.74%
1209  A0A3M6TKR6_IPR045860_1_14-123      90.92%    passed     56.06%
1210  A0A3M7QQQ6_IPR045860_1_43-114      94.06%    passed     13.41%
1211  A0A3P6SZG6_IPR045860_1_17-95       93.48%    passed     37.95%
1212  A0A3Q3X9G9_IPR045860_1_50-164      90.51%    failed      0.02%
1213  A0A5N5T244_IPR045860_1_3-68        94.55%    passed     59.13%
1214  A0A6F9BK46_IPR045860_1_9-62        95.54%    passed     68.89%
1215  A0A6P8I7G2_IPR045860_1_21-114      92.24%    passed      9.50%
1216  A0A6P8SJ10_IPR045860_2_18-80       94.80%    passed     32.66%
1217  A0A7M6DNM3_IPR045860_1_44-135      92.41%    passed     31.40%
1218  A0A811U775_IPR045860_1_1-57        95.30%    passed     67.13%
1219  A0A818HBP9_IPR045860_1_24-80       95.30%    failed      0.17%
1220  A0A8C2SA02_IPR045860_1_68-128      95.71%    passed     55.02%
1221  A0A8C4RTV8_IPR045860_1_16-97       93.23%    passed     49.78%
1222  A0A8C9FRH0_IPR045860_1_11-97       92.82%    passed      8.01%
1223  A0A8J6E8Q3_IPR045860_1_1-53        95.63%    passed     50.42%
1224  A0A8R1Y214_IPR045860_1_226-296     94.14%    failed      4.43%
1225  A0A914NHW3_IPR045860_1_204-296     92.33%    passed      8.30%
1226  A0A914THE1_IPR045860_1_6-74        94.31%    passed     29.73%
1227  A0A9J7KD64_IPR045860_1_41-149      91.01%    failed      3.05%
1228  A0A9J7Z2T9_IPR045860_1_25-103      93.48%    failed      0.11%
1229  A0A9P0GIB7_IPR045860_2_19-101      93.15%    passed     11.50%
1230  A0A9P1IQ79_IPR045860_1_15-101      92.82%    passed     58.69%
1231  A0A9X9MBQ9_IPR045860_1_41-93       95.63%    passed     40.56%
1232  A0AA35SQM2_IPR045860_1_20-119      91.75%    passed      9.83%
1233  A0AA36C7K6_IPR045860_1_52-143      92.41%    passed     22.75%
1234  A0AAN9B562_IPR045860_1_229-312     93.07%    passed     12.94%
1235  A0AAV7ME30_IPR045860_2_45-153      91.01%    passed     22.50%
1236  A0AAW1B171_IPR045860_1_3-61        95.13%    passed     19.22%
1237  A0ABD1JAD3_IPR045860_1_1-71        94.14%    passed     58.28%
1238  A0ABD2MVB5_IPR045860_1_21-108      92.74%    passed     97.14%
1239  D8LTZ0_IPR045860_1_33-93           94.97%    failed      0.42%
1240  Centipede3FTx_0120_60158           84.74%    failed      0.85%
1241  L9KLR5_IPR042339_1_1-54            95.54%    failed      0.93%
1242  A0A813PAN9_IPR045860_1_19-101      93.15%    passed     27.60%
1243  A0A7J7YNW4_IPR038773_1_1-140       88.45%    failed      0.02%
1244  A0A8C6GIG4_IPR038773_1_57-250      83.99%    failed      0.05%
1245  A0A0F7JJU4_IPR045860_2_115-190     93.73%    passed     51.24%
1246  A0A1A6HFC6_IPR045860_1_46-181      88.86%    failed      4.83%
1247  A0A401Q604_IPR045860_1_2-78        93.65%    failed      3.08%
1248  A0A670INU5_IPR045860_2_163-236     93.89%    passed     68.01%
1249  A0A6B0SDN0_IPR016054_1_1-78        93.56%    passed     40.11%
1250  A0A6P8I7U6_IPR045860_2_109-194     92.90%    passed     29.16%
1251  A0A8J1LAS0_IPR016054_1_9-64        95.38%    failed      1.52%
1252  A0AAV7Q3J4_IPR016054_1_58-128      94.14%    passed     83.29%
1253  A0A7L0RV53_IPR039457_1_2-155       87.29%    passed      5.56%
1254  A0A8C5IIX8_IPR039457_1_94-149      95.38%    failed      0.28%
1255  A0A0D8Y3R0_IPR031424_1_21-144      89.77%    passed      6.66%
1256  A0AAV8Z6D1_IPR031424_1_68-200      89.03%    passed     37.31%
1257  K1S039_IPR031424_1_78-175          91.91%    passed     11.37%
1258  A0A0M3IZ09_IPR045860_1_41-118      93.56%    passed     38.57%
1259  A0A1D1VR81_IPR045860_1_26-119      92.24%    passed     71.96%
1260  A0A1I7ZPI2_IPR045860_1_29-86       95.21%    passed     54.84%
1261  A0A1L8EZ01_IPR045860_1_18-83       94.55%    passed     11.57%
1262  A0A267E0W6_IPR045860_1_23-118      92.08%    passed     10.64%
1263  A0A3Q0R1F3_IPR045860_1_2-62        94.97%    failed      1.39%
1264  A0A556TW63_IPR045860_1_16-69       95.54%    passed     65.68%
1265  A0A671UC21_IPR045860_1_10-75       94.55%    passed     12.22%
1266  A0A6S7G4S7_IPR045860_1_1-75        93.81%    passed     62.76%
1267  A0A8B6D8I8_IPR045860_1_15-110      92.08%    passed     23.39%
1268  A0A8C5TTS8_IPR045860_1_30-112      93.15%    passed     29.95%
1269  A0A8J1U7F8_IPR045860_1_24-113      92.57%    passed     68.54%
1270  A0A8J6E8Q3_IPR045860_2_62-127      94.55%    failed      0.36%
1271  A0A8S1HML4_IPR045860_1_31-115      92.99%    passed     14.74%
1272  A0A914GSD6_IPR045860_1_1491-1597   91.17%    failed      0.22%
1273  A0A9P1ACE4_IPR045860_1_66-144      93.48%    passed     19.43%
1274  A0A9W9ZGI0_IPR045860_1_1-53        95.63%    passed     79.93%
1275  A0AA88IY44_IPR045860_1_19-98       93.40%    passed     26.69%
1276  A0AAD6BQA0_IPR045860_1_55-129      93.81%    passed      9.26%
1277  A0AAD9MV61_IPR045860_1_19-83       94.64%    passed     12.30%
1278  A0AAD9QVN7_IPR045860_1_40-125      92.90%    passed     11.61%
1279  A0AAV3Z6A2_IPR045860_1_23-99       93.65%    passed     13.57%
1280  A0AAW1KMF1_IPR045860_1_29-131      91.50%    passed     34.95%
1281  A0ABD6EHK3_IPR045860_1_20-115      92.08%    passed      7.97%
1282  Q5MPP8_IPR045860_1_18-110          92.33%    passed     52.49%
1283  Q95QW3_IPR045860_1_26-100          93.81%    failed      2.71%
1284  Centipede3FTx_0089_984703          89.93%    passed     18.69%
1285  A0A7N5P423_IPR045860_1_189-316     89.44%    failed      4.56%
1286  A0A817HP88_IPR045860_1_166-222     95.30%    passed     60.40%
1287  A0A8C4TYQ7_IPR045860_1_16-78       94.80%    passed     62.62%
1288  A0A9F5IM03_IPR016054_1_17-108      92.41%    passed     37.89%
1289  A0AAA9TGG3_IPR045860_1_42-99       95.21%    passed      6.34%
1290  A0A9D3NIU9_IPR045860_2_19-109      92.49%    failed      0.56%
1291  A0A9W3FUM6_IPR016054_2_221-281     94.97%    failed      4.89%
1292  E4YLF4_IPR039457_1_13-152          88.45%    passed     17.39%
1293  A0A0D8Y5C3_IPR031424_1_2-113       90.76%    failed      2.74%
1294  A0A0M4EAF4_IPR031424_1_3-73        94.14%    failed      4.63%
1295  A0A1I8ND66_IPR031424_1_23-119      92.00%    failed      0.94%
1296  A0A1S3GZW2_IPR031424_1_23-125      91.50%    passed     14.44%
1297  A0A1S3JP86_IPR031424_1_43-130      92.74%    passed     53.42%
1298  A0A226DSS2_IPR031424_1_23-131      91.01%    passed     38.15%
1299  A0A2A6B8J1_IPR045860_1_16-106      92.49%    passed      7.68%
1300  A0A8J2PMA0_IPR031424_1_24-141      90.26%    passed     61.58%
1301  A0A8K0FVX6_IPR031424_1_24-131      91.09%    passed     29.73%
1302  A0AAE0SAA0_IPR031424_1_25-125      91.67%    passed     13.70%
1303  E4XG26_IPR031424_1_138-231         92.24%    failed      2.97%
1304  A0A0F6QGK1_IPR045860_1_11-89       93.48%    passed     35.46%
1305  A0A0N4ZKX4_IPR045860_1_21-82       94.88%    passed     19.95%
1306  A0A151NC87_IPR045860_1_158-243     92.90%    passed     23.56%
1307  A0A1D1VT78_IPR045860_1_98-207      90.92%    passed     40.97%
1308  A0A1I7RVE4_IPR045860_1_17-110      92.24%    passed     11.56%
1309  A0A1I8HBH6_IPR045860_1_513-614     91.58%    passed      9.08%
1310  A0A2C9K422_IPR045860_1_14-69       95.38%    passed     18.70%
1311  A0A2W1BZJ9_IPR045860_1_23-86       94.72%    passed     26.99%
1312  A0A3B3SFP9_IPR045860_1_18-91       93.89%    passed     72.69%
1313  A0A3R7MKN0_IPR045860_1_4-77        93.89%    passed     68.07%
1314  A0A4U5ME25_IPR045860_1_30-128      91.83%    failed      2.73%
1315  A0A674H6K9_IPR045860_1_33-108      93.73%    passed     14.39%
1316  A0A6B0VCD7_IPR045860_1_60-143      93.07%    passed     13.32%
1317  A0A7I4YUC0_IPR045860_1_57-138      93.23%    passed     26.11%
1318  A0A7S0R1K6_IPR045860_1_55-125      94.14%    passed     68.55%
1319  A0A8J1UDI6_IPR045860_1_21-90       94.22%    passed     14.41%
1320  A0A914JL77_IPR045860_1_250-317     94.39%    passed     14.41%
1321  A0A914P0I3_IPR045860_1_7-62        95.38%    passed     75.08%
1322  A0A914WNB6_IPR045860_1_59-178      90.10%    passed     54.19%
1323  A0A915BVS1_IPR045860_1_27-134      91.09%    passed     12.49%
1324  A0A915PZ67_IPR045860_1_7-64        95.21%    passed      5.98%
1325  A0A9D4L0N9_IPR045860_1_2-57        95.38%    passed     58.69%
1326  A0A9P1IVJ9_IPR045860_1_16-107      92.41%    passed     19.12%
1327  A0AA39F6L5_IPR045860_1_16-106      92.49%    passed     26.87%
1328  A0AAE0QIX2_IPR045860_1_3-54        95.71%    passed     19.43%
1329  A0AAV2TDN9_IPR045860_1_12-108      92.00%    passed     38.34%
1330  A0AAV5UKY8_IPR045860_1_33-83       95.79%    passed     16.68%
1331  A0AAW0Q3I2_IPR045860_1_17-66       95.87%    passed     44.93%
1332  C3Z070_IPR045860_2_49-117          94.31%    passed     83.22%
1333  F6XDW5_IPR045860_1_18-102          92.99%    passed     24.09%
1334  H5ZVL1_IPR045860_1_1-59            95.13%    passed     13.54%
1335  R7U1I8_IPR045860_1_22-111          92.57%    failed      2.39%
1336  Centipede3FTx_0058_1255758         93.15%    failed      0.82%
1337  U3FVH6_IPR045860_1_13-84           94.06%    passed     59.32%
1338  A0A6J0XUD7_IPR026110_1_102-157     95.38%    passed     47.99%
1339  A0A8C2VN21_IPR026110_1_2-122       90.02%    passed      5.86%
1340  A0A498MKX1_IPR016054_7_441-529     92.66%    passed     11.70%
1341  A0A553PRQ5_IPR045860_1_2-77        93.73%    passed     43.53%
1342  A0A8C6CBQ9_IPR045860_1_66-121      95.38%    passed     27.92%
1343  A0A9Q0X962_IPR045860_1_197-275     93.48%    failed      0.51%
1344  A0AA88NKS8_IPR045860_1_19-95       93.65%    passed     29.64%
1345  A0A151M3Y2_IPR016054_1_435-494     95.05%    passed     48.23%
1346  A0A2K5VKS7_IPR045860_3_109-167     95.13%    failed      1.63%
1347  A0A401RHQ3_IPR016054_1_114-208     92.16%    failed      0.03%
1348  A0A7N5KJR1_IPR016054_1_29-125      92.00%    passed     39.47%
1349  A0AA97KF86_IPR045860_1_20-98       93.48%    failed      3.99%
1350  A0AAA9T1I4_IPR045860_1_2-62        94.97%    passed     69.61%
1351  A0AAD1T3X3_IPR045860_2_118-202     92.99%    passed     15.39%
1352  A0AAV7Q3X5_IPR045860_1_424-512     92.66%    failed      0.47%
1353  G1QG83_IPR045860_1_18-101          93.07%    failed      4.22%
1354  A0A164XA57_IPR039457_1_18-127      90.92%    passed     26.43%
1355  A0A7J7KSY4_IPR039457_1_41-163      89.85%    failed      2.92%
1356  A0A226DZ36_IPR031424_1_17-157      88.37%    passed     19.03%
1357  A0A8J1XJ26_IPR031424_1_30-163      88.94%    passed     54.63%
1358  A0A8W8NB98_IPR031424_1_30-88       95.13%    passed     68.45%
1359  A0ABD2WFA1_IPR031424_1_25-117      92.33%    failed      3.13%
1360  A0A0B1SWC8_IPR045860_1_24-116      92.33%    failed      0.01%
1361  A0A0K0E9Y5_IPR045860_1_6-97        92.41%    passed     39.70%
1362  A0A0R3RWQ8_IPR045860_1_27-98       94.06%    passed     34.20%
1363  A0A182E678_IPR045860_1_22-107      92.90%    passed     48.69%
1364  A0A1W4XFK3_IPR045860_1_18-116      91.83%    passed     71.45%
1365  A0A212EMN2_IPR045860_1_5-68        94.72%    passed     49.79%
1366  A0A2A6B9Z5_IPR045860_1_53-176      89.77%    passed     26.02%
1367  A0A3M7RCI7_IPR045860_1_169-241     93.98%    passed     21.14%
1368  A0A7E4UNJ0_IPR045860_1_19-90       94.06%    passed     70.86%
1369  A0A7S0VUB8_IPR045860_1_14-105      92.41%    failed      0.00%
1370  A0A813NKV6_IPR045860_1_19-90       94.06%    failed      2.93%
1371  A0A8J4T8B0_IPR045860_1_5-54        95.87%    passed     20.00%
1372  A0A8K0EHZ8_IPR045860_1_19-122      91.42%    failed      0.00%
1373  A0A8S4SKC7_IPR045860_1_1-54        95.54%    passed     72.42%
1374  A0A8S9ZVH1_IPR045860_1_45-126      93.23%    failed      0.89%
1375  A0A8T1MDE9_IPR045860_1_21-92       94.06%    passed      8.86%
1376  A0A913XL13_IPR045860_1_490-566     93.65%    passed     46.34%
1377  A0A9X0CE68_IPR045860_1_174-265     92.41%    passed     19.83%
1378  A0AA36CEM3_IPR045860_1_7-62        95.38%    passed     14.29%
1379  A0AAE2D5S9_IPR045860_1_40-103      94.72%    passed     77.76%
1380  A0AAF3F2F2_IPR045860_1_34-110      93.65%    failed      1.87%
1381  A0AAV2JAK8_IPR045860_1_66-133      94.39%    passed      6.05%
1382  A0AAV2TLD3_IPR045860_1_48-111      94.72%    passed     52.53%
1383  A0AAV6ZLS9_IPR045860_1_1-68        94.39%    passed     18.75%
1384  A0AAW0Y0S8_IPR045860_1_21-84       94.72%    passed     68.75%
1385  W5M4X6_IPR045860_1_87-141          95.46%    passed     24.26%
1386  Centipede3FTx_0059_1255758         90.84%    passed     14.42%
1387  Centipede3FTx_0123_60158           93.81%    passed     74.05%
1388  A0A914GLY3_IPR045860_1_8-71        94.72%    passed     69.71%
1389  A0A3Q2HYF9_IPR039237_1_66-164      91.83%    failed      0.23%
1390  A0A0K2VB75_IPR035076_1_21-72       95.71%    failed      4.15%
1391  A0A672HXW0_IPR045860_2_8-80        93.98%    passed      8.40%
1392  A0A8C0CF61_IPR045860_1_20-86       94.47%    passed     55.66%
1393  A0A1A6HP20_IPR016054_1_156-207     95.71%    passed     37.94%
1394  A0A553NSH3_IPR016054_1_20-116      92.00%    passed      7.97%
1395  A0A670ZAR9_IPR045860_2_114-165     95.71%    passed     31.48%
1396  A0A803K920_IPR045860_3_259-314     95.38%    failed      2.04%
1397  A0A8C2SBU2_IPR016054_1_26-143      92.99%    passed     24.39%
1398  A0A8C5SCC3_IPR045860_3_1-57        95.30%    passed     64.89%
1399  A0A9F7TM69_IPR045860_3_169-230     94.88%    passed     22.58%
1400  A0A9J7JYE5_IPR016054_2_119-182     94.72%    passed     26.76%
1401  A0AAD1WQB8_IPR045860_1_121-199     93.48%    passed     29.61%
1402  A0AAN7X9S9_IPR045860_2_114-187     93.89%    passed      9.94%
1403  A0AAV3A123_IPR045860_2_157-245     92.66%    passed     64.68%
1404  A0A8D0BPR5_IPR026524_1_27-111      92.99%    passed     89.58%
1405  A0AAV7Q211_IPR026524_1_4-257       79.04%    failed      0.00%
1406  Q3KUR9_IPR026524_1_16-105          92.57%    failed      0.63%
1407  A0A672TAY2_IPR039457_1_59-138      93.40%    passed      6.92%
1408  A0A1D1UPN3_IPR031424_1_15-101      92.82%    passed      8.40%
1409  A0A1D2MQ55_IPR031424_1_27-155      89.36%    passed      7.72%
1410  A0A1S3H5B0_IPR031424_1_44-162      90.18%    failed      0.86%
1411  A0A226DZC9_IPR031424_1_23-156      88.94%    failed      2.04%
1412  A0A553NCU0_IPR031424_1_23-136      90.59%    passed     91.34%
1413  A0A8I6R741_IPR031424_1_24-109      92.90%    failed      1.69%
1414  A0AAJ6ZQI6_IPR045860_1_29-136      91.09%    passed     56.17%
1415  A0AAV8VLN0_IPR045860_1_4-88        92.99%    failed      0.30%
1416  A0A0H5SL74_IPR045860_1_32-116      92.99%    failed      0.09%
1417  A0A0N4ZNP5_IPR045860_1_33-104      94.06%    failed      1.69%
1418  A0A1I7RXX3_IPR045860_1_24-95       94.06%    failed      1.73%
1419  A0A1S3Q511_IPR045860_1_112-185     93.89%    passed     73.79%
1420  A0A1W4XIE4_IPR045860_1_3-114       90.76%    passed     58.07%
1421  A0A1Y3BNV1_IPR045860_1_4-58        95.46%    passed     78.42%
1422  A0A210Q9V6_IPR045860_1_145-208     94.72%    passed     57.96%
1423  A0A267EFM8_IPR045860_1_10-73       94.72%    passed      6.10%
1424  A0A6M2DXW3_IPR045860_1_28-107      93.40%    failed      3.99%
1425  A0A6P7RFQ4_IPR045860_1_97-148      95.71%    passed     46.36%
1426  A0A6P9FLX0_IPR045860_1_12-64       95.63%    failed      3.81%
1427  A0A6S7GKF8_IPR045860_1_19-105      92.82%    failed      0.02%
1428  A0A7M5U9W9_IPR045860_1_20-115      92.08%    passed     71.16%
1429  A0A7M7RHR6_IPR045860_1_25-107      93.15%    passed     15.08%
1430  A0A814HFH1_IPR045860_1_20-93       93.89%    failed      0.14%
1431  A0A815B2Q3_IPR045860_1_17-74       95.21%    passed     82.58%
1432  A0A8R1Z2I3_IPR045860_1_12-103      92.41%    failed      0.02%
1433  A0A8S1E5R0_IPR045860_1_71-143      93.98%    failed      1.79%
1434  A0A8S9ZW77_IPR045860_1_70-150      93.32%    failed      0.73%
1435  A0A913XL18_IPR045860_1_141-238     92.00%    failed      2.18%
1436  A0A914CQB1_IPR045860_1_17-98       93.23%    passed     50.04%
1437  A0A914TZ53_IPR045860_1_12-105      92.24%    passed      7.43%
1438  A0AA35TY84_IPR045860_1_27-132      91.25%    passed     20.97%
1439  A0AAE1E257_IPR045860_1_52-119      94.39%    passed     66.88%
1440  A0AAN8AXA4_IPR045860_1_15-70       95.38%    passed     32.86%
1441  A0AAV5SJA6_IPR045860_1_15-103      92.66%    passed     61.27%
1442  A0AAV5UNV8_IPR045860_1_18-102      92.99%    failed      0.13%
1443  A0AAW0MZS0_IPR045860_1_6-59        95.54%    passed     11.18%
1444  A0ABD6EKP5_IPR045860_1_10-81       94.06%    passed     16.03%
1445  W8PW57_IPR045860_1_11-85           93.81%    failed      0.75%
1446  Centipede3FTx_0060_1255758         88.53%    failed      1.16%
1447  A0A087WQ65_IPR045860_1_41-113      93.98%    passed     23.69%
1448  A0A8C8RF92_IPR035076_1_12-82       94.14%    passed     36.98%
1449  A0A8C9CVH1_IPR045860_1_36-89       95.54%    passed     63.33%
1450  A0A9Q0Y0G3_IPR045860_1_11-69       95.13%    passed     69.81%
1451  A0AAV6ZDW4_IPR045860_1_1-58        95.21%    passed     42.60%
1452  V8NB38_IPR045860_1_64-117          95.54%    passed     13.95%
1453  N0E6I9_IPR038773_1_9-60            95.71%    failed      0.00%
1454  A0A0A0QUW4_IPR016054_1_1-63        94.80%    passed     80.62%
1455  A0A803JS12_IPR016054_2_112-204     92.33%    passed     25.42%
1456  A0A8D0HA27_IPR016054_1_45-115      94.14%    passed     22.12%
1457  A0A8J6AJV9_IPR016054_1_3-78        93.73%    passed     10.39%
1458  A0A9W2X751_IPR016054_1_12-70       95.13%    failed      3.42%
1459  A0AA97KFU8_IPR045860_1_121-207     92.82%    passed     40.43%
1460  A0AAW1AXJ9_IPR045860_1_111-193     93.15%    passed      7.50%
1461  B2D6N2_IPR045860_2_13-92           93.40%    passed     18.16%
1462  L9KKD7_IPR016054_1_225-321         92.00%    failed      0.32%
1463  A0A8C0WFM8_IPR026524_1_17-97       93.32%    passed      7.74%
1464  A0A3Q2XZN3_IPR039457_1_5-146       88.28%    passed     18.39%
1465  A0A852NKK1_IPR039457_1_3-105       91.50%    passed     58.24%
1466  A0AAW1DF26_IPR039457_1_1-73        93.98%    passed     27.38%
1467  A0A0X3PMB9_IPR045860_1_24-122      91.83%    passed     57.45%
1468  A0A210QR19_IPR031424_1_22-99       93.56%    failed      0.70%
1469  A0A3M7PFA6_IPR031424_1_20-103      93.07%    passed     10.00%
1470  A0A914AMV4_IPR031424_1_51-172      89.93%    failed      1.17%
1471  A0A914T9K7_IPR031424_1_3-71        94.31%    passed      5.85%
1472  A0A9C6SRV2_IPR031424_1_24-77       95.54%    passed     90.02%
1473  A0AA36B8V0_IPR031424_1_35-105      94.14%    passed     87.65%
1474  A0AAE0SQF5_IPR031424_1_31-121      92.49%    passed     31.36%
1475  A0AAN7SNP7_IPR031424_1_20-102      93.15%    passed     12.44%
1476  A0AAN9V7F9_IPR045860_1_16-113      91.91%    failed      4.66%
1477  A0ABD0Y7A6_IPR031424_1_20-163      88.12%    failed      0.07%
1478  T1FHP3_IPR031424_1_37-115          93.48%    failed      2.69%
1479  A0A077Z0B6_IPR045860_1_53-137      92.99%    passed     87.28%
1480  A0A0B2W0J0_IPR045860_1_2-77        93.73%    passed     71.86%
1481  A0A0C2FSU3_IPR045860_1_16-89       93.89%    passed     95.25%
1482  A0A0N4ZQ95_IPR045860_1_27-125      91.83%    passed      8.30%
1483  A0A0Q3VBE2_IPR045860_1_9-64        95.38%    passed     43.03%
1484  A0A158PC07_IPR045860_1_12-107      92.08%    failed      0.26%
1485  A0A1D1W9J0_IPR045860_1_43-95       95.63%    passed     19.67%
1486  A0A210Q9V6_IPR045860_2_2-73        94.06%    passed     13.29%
1487  A0A226DLD2_IPR045860_1_20-136      90.35%    passed     15.83%
1488  A0A7R9A6H2_IPR045860_1_25-110      92.90%    passed     34.21%
1489  A0A8C4YT57_IPR045860_1_20-104      92.99%    failed      3.31%
1490  A0A8C5QVE6_IPR045860_2_119-168     95.87%    passed     71.67%
1491  A0A8D2JIH4_IPR045860_1_26-76       95.79%    passed     71.14%
1492  A0A8I5YPA3_IPR045860_1_25-84       95.05%    passed     77.53%
1493  A0A914JTL9_IPR045860_1_20-78       95.13%    passed     48.11%
1494  A0A914X1Q0_IPR045860_1_27-104      93.56%    passed     13.83%
1495  A0A9D4LPP4_IPR045860_1_28-113      92.90%    failed      1.79%
1496  A0A9Q1GA89_IPR045860_1_6-77        94.06%    passed     67.32%
1497  A0A9W9ZP78_IPR045860_1_86-175      92.57%    passed      7.73%
1498  A0AA36GTX8_IPR045860_1_13-103      92.49%    failed      3.00%
1499  A0AA36MAJ4_IPR045860_1_38-92       95.46%    passed     14.62%
1500  A0AAD9R5Z8_IPR045860_1_15-88       93.89%    passed      7.47%
1501  A0AAE0VEQ6_IPR045860_1_404-482     93.48%    passed     65.95%
1502  A0AAU9WM84_IPR045860_1_19-113      92.16%    passed     14.41%
1503  A0AAV2TU50_IPR045860_1_16-81       94.55%    failed      0.32%
1504  A0AAV6Z364_IPR045860_1_1-75        93.81%    passed     38.58%
1505  A0ABD3UYT6_IPR045860_1_10-74       94.64%    passed     14.92%
1506  F6XPQ3_IPR045860_1_63-135          93.98%    failed      0.17%
1507  T1ILG0_IPR045860_1_12-69           95.21%    passed     19.77%
1508  V4CRU8_IPR045860_1_45-107          94.80%    passed     27.49%
1509  A0A1U7QU12_IPR042339_1_1-96        92.08%    failed      1.51%
1510  A0A484GQ91_IPR042339_1_41-118      93.56%    failed      0.00%
1511  A0A2T7NKQ0_IPR045860_1_26-95       94.22%    passed     41.67%
1512  A0A4U5PHI3_IPR045860_1_21-97       93.65%    passed      5.14%
1513  A0A674J9W8_IPR045860_1_18-67       95.87%    passed     78.55%
1514  A0A814M5N4_IPR045860_1_15-93       93.48%    failed      4.76%
1515  A0A8B8S0Q2_IPR045860_1_27-138      90.76%    passed     15.65%
1516  A0A8B9R4A5_IPR035076_1_21-80       95.05%    passed     28.38%
1517  A0A8C5MY48_IPR045860_1_3-69        94.47%    passed     46.86%
1518  A0A8C8RFB5_IPR045860_1_10-78       94.31%    passed     14.15%
1519  A0AAV6ZW00_IPR045860_1_1-50        95.87%    passed     78.13%
1520  A0A7J7F023_IPR016054_1_2-56        95.46%    passed     40.13%
1521  A0A8D0HA27_IPR045860_2_136-222     92.82%    passed     28.25%
1522  A0A9D3XGJ7_IPR016054_1_24-105      93.23%    passed     25.56%
1523  A0A9W2X751_IPR045860_2_81-138      95.21%    passed     64.60%
1524  A0AA97KFU8_IPR045860_2_16-111      92.08%    passed     60.19%
1525  A0AAV6ZEC7_IPR045860_1_20-103      93.07%    passed     21.20%
1526  A0AAV6ZZZ2_IPR045860_2_25-110      92.90%    passed     13.41%
1527  L5KM26_IPR045860_2_12-65           95.54%    passed     57.39%
1528  A0A8J2WJ03_IPR039457_1_56-169      90.59%    failed      0.44%
1529  A0A226E8M1_IPR031424_1_26-153      89.44%    passed     29.72%
1530  A0A2T7PKX3_IPR031424_1_25-116      92.41%    passed     23.87%
1531  A0A6V7GZJ9_IPR031424_1_1-65        94.64%    passed     96.75%
1532  A0A8K0FZV1_IPR031424_1_22-134      90.68%    passed     20.60%
1533  A0A914ARZ5_IPR031424_1_22-149      89.44%    passed      7.32%
1534  A0A9N9S5K3_IPR031424_1_25-135      90.84%    passed     52.91%
1535  A0A0B1TBH2_IPR045860_1_92-157      94.55%    failed      3.41%
1536  A0A147BEL1_IPR045860_2_99-162      94.97%    failed      0.97%
1537  A0A182SK22_IPR045860_1_1-53        95.63%    passed     31.07%
1538  A0A183PSY2_IPR045860_1_11-108      91.91%    failed      0.11%
1539  A0A1D2M0G9_IPR045860_1_25-112      92.74%    passed     45.36%
1540  A0A226EQQ1_IPR045860_1_66-208      88.20%    failed      3.18%
1541  A0A267EX07_IPR045860_1_483-556     93.89%    passed     11.47%
1542  A0A3M7RMB0_IPR045860_1_25-115      92.49%    failed      0.21%
1543  A0A4U5MQS9_IPR045860_1_90-198      91.01%    passed     34.61%
1544  A0A556U032_IPR045860_1_19-74       95.38%    passed     13.88%
1545  A0A673FRW7_IPR045860_1_11-80       94.22%    passed     36.25%
1546  A0A674PEQ5_IPR045860_1_11-64       95.54%    passed     43.63%
1547  A0A6F8ZMR9_IPR045860_1_28-92       94.64%    passed     86.93%
1548  A0A6G0HW87_IPR045860_2_197-292     92.08%    passed      8.39%
1549  A0A6P8IDF1_IPR045860_1_100-200     91.67%    passed     79.89%
1550  A0A7R9IYK2_IPR045860_1_3-55        95.63%    passed     54.36%
1551  A0A7S1MTA1_IPR045860_1_201-255     95.46%    passed     24.08%
1552  A0A813P492_IPR045860_1_42-98       95.30%    passed      6.50%
1553  A0A814BXE5_IPR045860_1_1-89        92.66%    failed      2.64%
1554  A0A814HVW8_IPR045860_1_25-82       95.21%    passed     29.85%
1555  A0A8B8IYC9_IPR045860_1_1-59        95.13%    failed      2.26%
1556  A0A8C5C145_IPR045860_1_1-60        95.05%    passed     95.93%
1557  A0A8D8DNS1_IPR045860_1_168-222     95.46%    passed     16.81%
1558  A0A8J0SAE6_IPR045860_1_52-129      93.56%    passed     17.66%
1559  A0A8J1UV03_IPR045860_1_161-241     93.32%    passed     53.42%
1560  A0A8J4TJW7_IPR045860_1_96-189      92.24%    failed      3.28%
1561  A0A8T2M011_IPR045860_1_18-116      91.83%    failed      0.00%
1562  A0A913WT09_IPR045860_1_501-592     92.41%    passed     25.07%
1563  A0A914X3N0_IPR045860_1_21-78       95.21%    passed     81.52%
1564  A0A915C6L5_IPR045860_1_14-103      92.57%    failed      3.99%
1565  A0A9P0MN74_IPR045860_1_27-80       95.54%    passed     58.58%
1566  A0A9Q0Y2V8_IPR045860_1_2-57        95.38%    passed     73.89%
1567  A0A9W2XH10_IPR045860_1_11-61       95.79%    passed     28.61%
1568  A0AA35KMU3_IPR045860_1_17-101      92.99%    passed     25.92%
1569  A0AA35NY78_IPR045860_1_38-107      94.22%    passed     29.73%
1570  A0AA36CJ03_IPR045860_1_2-85        93.07%    passed     39.78%
1571  A0AA36MB68_IPR045860_1_43-116      93.89%    passed     34.45%
1572  A0AAF3F6X3_IPR045860_1_12-100      92.66%    passed      7.97%
1573  A0AAU9XLM5_IPR045860_2_156-230     93.81%    failed      2.38%
1574  A0AAW1EW67_IPR045860_1_4-57        95.54%    passed      7.41%
1575  A0ABC9W934_IPR045860_1_34-134      91.67%    failed      0.36%
1576  A0ABD1D0L5_IPR045860_1_4-54        95.79%    passed      6.19%
1577  R7U8P4_IPR045860_1_2-60            95.13%    passed     40.69%
1578  Centipede3FTx_0030_61981           92.74%    failed      0.61%
1579  A0A6P5KXC8_IPR042339_1_49-144      92.08%    passed     39.29%
1580  A0A2D4G9Z1_IPR016054_1_12-109      91.91%    passed      5.30%
1581  A0A2T7P9N7_IPR016054_1_941-1028    92.74%    passed     16.25%
1582  A0A6I8R2P6_IPR045860_1_23-115      92.33%    passed     48.05%
1583  A0A6P8PTC0_IPR045860_1_12-93       93.23%    failed      0.07%
1584  A0A8C0N4C6_IPR045860_1_102-222     90.02%    failed      0.87%
1585  A0AA88TF02_IPR045860_2_1-62        94.88%    failed      0.10%
1586  A0AAW1BLL4_IPR045860_1_7-84        93.56%    passed     13.97%
1587  V8NCZ4_IPR045860_1_1-64            94.72%    passed      6.60%
1588  A0A1A6G1S1_IPR038773_1_106-159     95.54%    failed      0.02%
1589  A0A3P9DMF4_IPR045860_1_56-128      93.98%    failed      3.00%
1590  A0A6P5Q3G2_IPR016054_2_213-310     91.91%    failed      3.13%
1591  A0A8M9PKG4_IPR016054_1_18-93       93.73%    failed      0.39%
1592  A0A9F3QVY1_IPR016054_1_39-103      94.64%    passed     38.88%
1593  A0AAD1WQC3_IPR045860_2_283-370     92.74%    passed      8.80%
1594  A0AAV7Q409_IPR045860_2_1-67        94.47%    passed     20.49%
1595  A0A151NCF0_IPR026524_1_21-112      92.41%    failed      0.00%
1596  A0A8D0XLD5_IPR026524_1_11-270      78.55%    failed      0.00%
1597  A0A1S8WRH0_IPR045860_1_25-89       94.64%    passed     37.79%
1598  A0A8J1Y7G1_IPR031424_1_35-141      91.17%    failed      1.71%
1599  A0A9W2YPS7_IPR031424_1_23-136      90.59%    passed     37.79%
1600  A0AA36C4Y9_IPR031424_1_35-100      94.55%    passed     16.83%
1601  T1FTA0_IPR031424_1_23-103          93.32%    passed     50.19%
1602  T1JCJ9_IPR031424_1_125-212         92.74%    passed     29.26%
1603  A0A0M3K4U5_IPR045860_1_207-283     93.65%    passed     49.56%
1604  A0A1D2M2K8_IPR045860_1_27-112      92.90%    passed     59.62%
1605  A0A1I7X890_IPR045860_1_1-50        95.87%    passed     44.52%
1606  A0A1I8AU51_IPR045860_1_85-163      93.48%    passed     12.23%
1607  A0A1W5BE54_IPR045860_1_9-81        93.98%    failed      0.45%
1608  A0A2A6BVH5_IPR045860_1_16-105      92.57%    passed     36.58%
1609  A0A3P7DWI0_IPR045860_1_8-58        95.79%    passed     51.82%
1610  A0A4U5MVD7_IPR045860_1_36-91       95.38%    failed      0.00%
1611  A0A665TLL2_IPR045860_1_52-147      92.08%    passed      6.59%
1612  A0A672Z7F9_IPR045860_1_6-85        93.40%    failed      4.58%
1613  A0A813WVD2_IPR045860_1_66-122      95.30%    passed      6.30%
1614  A0A8B8PLF7_IPR045860_1_13-138      89.60%    failed      0.88%
1615  A0A8J1LAM8_IPR045860_1_169-254     92.90%    passed     19.74%
1616  A0A8J2RNL0_IPR045860_1_13-65       95.63%    passed     17.60%
1617  A0A8S2GH58_IPR045860_1_48-140      92.33%    passed     65.75%
1618  A0A8T2M011_IPR045860_2_117-186     94.22%    passed      6.00%
1619  A0A9D4M313_IPR045860_1_44-151      91.09%    passed     53.34%
1620  A0A9J7ZI52_IPR045860_1_135-190     95.38%    passed     51.10%
1621  A0A9X0A3X3_IPR045860_1_15-118      91.42%    failed      0.32%
1622  A0AA35U124_IPR045860_1_181-287     91.17%    passed     23.19%
1623  A0AA36CJ11_IPR045860_1_61-114      95.54%    passed     49.30%
1624  A0AAF3FA92_IPR045860_1_108-186     93.48%    passed      5.39%
1625  A0AAN7P2D6_IPR045860_1_187-237     95.79%    passed     16.13%
1626  A0AAV7Q5B8_IPR045860_1_20-109      92.57%    passed     55.10%
1627  A0ABD2NEE1_IPR045860_1_16-108      92.33%    passed     59.31%
1628  D2V2Z0_IPR045860_1_19-99           93.32%    passed     57.49%
1629  Q99473_IPR045860_1_12-70           95.13%    passed     12.31%
1630  Centipede3FTx_0031_61981           85.15%    failed      0.43%
1631  Centipede3FTx_0095_984703          89.36%    failed      0.01%
1632  A0A815C0A8_IPR045860_1_77-155      93.48%    failed      3.46%
1633  A0AAJ7T9K6_IPR045860_1_89-151      94.80%    passed     54.53%
1634  A0A2T7P9N7_IPR016054_2_2145-2238   92.24%    passed      5.53%
1635  A0A6J0ABA1_IPR045860_1_24-93       94.22%    passed     19.01%
1636  A0A7L3T2I9_IPR045860_1_1-81        93.32%    passed      9.80%
1637  A0AAD9JQH5_IPR045860_1_39-111      93.98%    failed      0.94%
1638  A0A0U1RNF3_IPR045860_1_23-73       95.79%    passed     12.02%
1639  A0A151M3Y2_IPR045860_6_748-826     93.48%    failed      2.36%
1640  A0A151NCA5_IPR045860_2_15-75       94.97%    failed      0.78%
1641  A0A1U7SB93_IPR045860_3_158-207     95.87%    failed      4.01%
1642  A0A212CED6_IPR016054_1_52-112      94.97%    passed     61.49%
1643  A0A6P8VR33_IPR045860_1_20-106      92.82%    passed     26.58%
1644  A0A836A292_IPR045860_7_308-373     94.55%    passed     13.20%
1645  A0A8C5QVD3_IPR045860_1_70-130      94.97%    failed      3.55%
1646  A0A9D3XGR2_IPR016054_1_28-118      92.49%    passed     11.27%
1647  A0A9X0A5D2_IPR016054_1_18-111      92.24%    failed      0.02%
1648  A0AAD1TA03_IPR016054_1_21-103      93.15%    failed      4.27%
1649  A0AAV2ZKP5_IPR045860_2_1-67        94.47%    passed     24.62%
1650  A0AAV6ZM70_IPR045860_1_18-105      92.74%    failed      0.12%
1651  A0AAW1V7Z3_IPR016054_2_110-175     94.55%    passed     55.10%
1652  A0A5N4CSY0_IPR026524_1_16-126      90.84%    failed      2.88%
1653  A0AAX6T0N5_IPR026524_1_200-369     85.97%    failed      0.00%
1654  A0A1I8IPG4_IPR031424_1_200-249     95.87%    passed     48.55%
1655  A0A1L8DNC4_IPR045860_1_16-118      91.50%    passed     61.14%
1656  A0A433U739_IPR031424_1_30-128      91.83%    passed     67.49%
1657  A0A482WZG1_IPR031424_1_25-150      89.60%    failed      0.01%
1658  A0A816BYK0_IPR031424_1_4-60        95.30%    passed     27.38%
1659  A0AA36CBI2_IPR031424_1_35-147      90.68%    failed      1.53%
1660  A0AA38HQJ2_IPR031424_1_19-111      92.33%    failed      1.05%
1661  A0A061HX69_IPR045860_1_480-531     95.71%    failed      1.75%
1662  A0A077Z8A9_IPR045860_1_16-98       93.15%    passed     28.26%
1663  A0A094ZQS8_IPR045860_1_45-96       95.71%    passed      6.03%
1664  A0A0V0SJT5_IPR045860_1_75-166      92.41%    passed     43.53%
1665  A0A182T5G5_IPR045860_1_171-245     93.81%    passed     17.41%
1666  A0A183U308_IPR045860_1_16-85       94.22%    passed     20.19%
1667  A0A1L8FP00_IPR045860_1_20-112      92.33%    passed     40.30%
1668  A0A2G9UTY1_IPR045860_1_78-156      93.48%    passed     23.29%
1669  A0A3M6U0A5_IPR045860_1_54-153      91.75%    passed     18.41%
1670  A0A3M7S394_IPR045860_1_25-122      91.91%    failed      0.00%
1671  A0A4S2LXJ0_IPR045860_1_22-89       94.39%    passed      8.11%
1672  A0A4V5ZXI3_IPR045860_1_5-71        94.47%    passed     86.21%
1673  A0A6G1QXP5_IPR045860_2_23-103      93.32%    failed      4.55%
1674  A0A6J8B243_IPR045860_2_16-69       95.54%    passed     30.81%
1675  A0A8C6WTV3_IPR045860_1_14-90       93.65%    passed     21.88%
1676  A0A8C7I900_IPR045860_1_10-72       94.80%    passed     49.86%
1677  A0A8J6EQB4_IPR045860_1_30-104      93.81%    passed     39.48%
1678  A0A8S2H7F1_IPR045860_1_29-105      93.65%    failed      1.09%
1679  A0A914K597_IPR045860_1_21-96       93.73%    passed     11.23%
1680  A0A921Z041_IPR045860_1_79-129      95.79%    passed     30.70%
1681  A0AA35P148_IPR045860_1_32-115      93.07%    passed     13.43%
1682  A0AA35U124_IPR045860_2_23-142      90.10%    passed      7.50%
1683  A0AA36CJ38_IPR045860_1_17-91       93.81%    passed      8.75%
1684  A0AAD4NCE5_IPR045860_1_43-148      91.25%    failed      0.45%
1685  A0AAD8CGL1_IPR045860_1_1-56        95.38%    failed      0.00%
1686  A0AAD9NDG7_IPR045860_1_16-118      91.50%    passed     34.07%
1687  A0AAE9FCQ7_IPR045860_1_31-109      93.48%    passed     56.85%
1688  A0AAN9H109_IPR045860_1_1-51        95.79%    passed     23.04%
1689  A0AAV4BL23_IPR045860_1_29-102      93.89%    passed     75.16%
1690  A0AAX7TJ66_IPR045860_1_10-64       95.46%    passed     51.12%
1691  A0AAZ1WZK1_IPR045860_1_351-406     95.38%    failed      0.89%
1692  F6YIE7_IPR045860_1_70-157          92.74%    passed     21.73%
1693  G0MQL5_IPR045860_1_12-111          91.75%    passed     76.03%
1694  H3BIN3_IPR045860_1_21-96           93.73%    passed     24.17%
1695  R7UD99_IPR045860_2_123-186         94.72%    passed     59.36%
1696  Centipede3FTx_0032_61981           88.04%    passed     17.32%
1697  Centipede3FTx_0128_1255758         83.99%    passed     21.11%
1698  A0A3B3UHZ6_IPR016054_1_19-107      92.66%    failed      2.40%
1699  A0A4U8UL41_IPR045860_1_17-101      92.99%    passed     53.29%
1700  A0AAD1W471_IPR045860_1_20-112      92.33%    failed      0.01%
1701  A0A3Q2Q2Z7_IPR045860_1_7-72        94.55%    failed      0.19%
1702  A0A6P9DEV7_IPR045860_2_16-111      92.08%    passed     21.49%
1703  A0A7N6FLY1_IPR045860_1_1-72        94.06%    failed      2.61%
1704  A0A803JTA5_IPR045860_3_14-65       95.71%    failed      4.88%
1705  A0A8C3SHN7_IPR045860_1_129-192     94.72%    failed      1.29%
1706  A0A8C5QVD3_IPR045860_2_10-61       95.71%    passed     39.28%
1707  A0AAV5TBW2_IPR045860_1_17-101      92.99%    failed      1.57%
1708  A0AAV6ZF17_IPR045860_1_1-67        94.47%    passed      6.91%
1709  A0AAW0N2N6_IPR045860_1_190-252     94.80%    failed      1.51%
1710  Q9I8P7_IPR045860_1_113-194         93.23%    passed     51.90%
1711  A0AB34HME4_IPR026524_1_1-169       86.06%    failed      0.00%
1712  A0A1D1V7I0_IPR031424_1_94-184      92.49%    passed      7.96%
1713  A0A2H1WLM9_IPR031424_1_11-81       94.14%    passed     88.77%
1714  A0A7R9QCV8_IPR031424_1_20-156      88.70%    passed     28.75%
1715  A0A0C2H646_IPR045860_1_21-117      92.00%    failed      4.85%
1716  A0A0N5A8A8_IPR045860_1_34-136      91.50%    passed     16.59%
1717  A0A182MBE3_IPR045860_1_59-119      94.97%    failed      2.77%
1718  A0A183BWE7_IPR045860_1_24-121      91.91%    failed      0.04%
1719  A0A3M6U108_IPR045860_1_1-73        93.98%    failed      0.39%
1720  A0A3M7S8Y0_IPR045860_1_20-114      92.16%    passed      8.38%
1721  A0A4C1VGM8_IPR045860_1_233-296     94.72%    passed     20.34%
1722  A0A4V5ZYF6_IPR045860_1_19-99       93.32%    passed     74.64%
1723  A0A5N4A6G8_IPR045860_1_20-98       93.48%    passed     66.49%
1724  A0A7I8V5T3_IPR045860_1_17-132      90.43%    failed      0.22%
1725  A0A7M7GRR2_IPR045860_1_31-144      90.59%    passed      9.52%
1726  A0A7R9ANT5_IPR045860_1_84-146      94.80%    passed     77.18%
1727  A0A7S3D9X3_IPR045860_1_21-86       94.55%    passed     29.41%
1728  A0A814NIW3_IPR045860_1_20-90       94.14%    failed      0.00%
1729  A0A8B7ZBH0_IPR045860_1_25-115      92.49%    passed     29.85%
1730  A0A8C3F363_IPR045860_1_18-124      91.17%    passed      9.60%
1731  A0A8J9V6N6_IPR045860_1_9-59        95.79%    passed     34.66%
1732  A0A8M1MQ92_IPR045860_1_13-67       95.46%    passed     51.37%
1733  A0A8S3Z4R5_IPR045860_1_1-86        92.90%    failed      3.92%
1734  A0A914UKU9_IPR045860_1_20-106      92.82%    passed      6.80%
1735  A0A9D4F3Z0_IPR045860_1_343-409     94.47%    passed      5.29%
1736  A0A9J7L2Y8_IPR045860_1_96-184      92.66%    passed     25.32%
1737  A0AA35VPJ0_IPR045860_1_25-111      92.82%    passed      6.06%
1738  A0AA36FZF4_IPR045860_1_1-55        95.46%    failed      3.96%
1739  A0AA36GWY8_IPR045860_1_18-97       93.40%    failed      0.71%
1740  A0AAD9NG65_IPR045860_1_230-283     95.54%    failed      0.94%
1741  A0ABD0N8X1_IPR045860_1_1-56        95.38%    passed     90.76%
1742  D2VQS4_IPR045860_1_25-111          92.82%    passed      7.91%
1743  H9G8Z4_IPR045860_1_16-101          92.90%    failed      4.64%
1744  K1PX19_IPR045860_2_81-148          94.39%    failed      0.31%
1745  L7MHT0_IPR045860_1_2-74            93.98%    passed     20.24%
1746  R7UXY0_IPR045860_1_94-150          95.30%    passed     15.43%
1747  T1J6C3_IPR045860_1_11-91           93.32%    failed      1.53%
WARNING: 1747 sequences contain more than 50% gaps/ambiguity
****  TOTAL                              93.16%  480 sequences failed composition chi2 test (p-value<5%; df=19)
Checking for duplicate sequences: done in 0.00455499 secs using 133.6% CPU

CHECKPOINT: Initial tree restored
Generating 1000 samples for ultrafast bootstrap (seed: 776256)...
CHECKPOINT: 1000 UFBoot trees and 42 UFBootSplits restored

NOTE: 2370 MB RAM (2 GB) is required!
Measuring multi-threading efficiency up to 14 CPU cores
3 trees examined
Threads: 1 / Time: 16.803 sec / Speedup: 1.000 / Efficiency: 100% / LogL: -380212
Threads: 2 / Time: 11.732 sec / Speedup: 1.432 / Efficiency: 72% / LogL: -380212
Threads: 3 / Time: 8.025 sec / Speedup: 2.094 / Efficiency: 70% / LogL: -380212
Threads: 4 / Time: 6.322 sec / Speedup: 2.658 / Efficiency: 66% / LogL: -380212
Threads: 5 / Time: 6.462 sec / Speedup: 2.600 / Efficiency: 52% / LogL: -380212
Threads: 6 / Time: 6.882 sec / Speedup: 2.441 / Efficiency: 41% / LogL: -380212
Determining AUTO threadcount: done in 56.3789 secs using 187.3% CPU
BEST NUMBER OF THREADS: 4

CHECKPOINT: Model parameters restored, LogL: -337312.812
Wrote distance file to... 
--------------------------------------------------------------------
|             INITIALIZING CANDIDATE TREE SET                      |
--------------------------------------------------------------------
CHECKPOINT: Candidate tree set restored, best LogL: -337312.812
Finish initializing candidate tree set (20)
Current best tree score: -337312.812 / CPU time: 0.000
Number of iterations: 2124
WARNING: bootstrap analysis did not converge. You should rerun with higher number of iterations (-nm option)
TREE SEARCH COMPLETED AFTER 2124 ITERATIONS / Time: 0h:0m:59s

--------------------------------------------------------------------
|                    FINALIZING TREE SEARCH                        |
--------------------------------------------------------------------
CHECKPOINT: Final model parameters restored
BEST SCORE FOUND : -337312.812
Creating bootstrap support values...
Split supports printed to NEXUS file aln_famsa2.phy.splits.nex
Total tree length: 2439.665

Total number of iterations: 2124
CPU time used for tree search: 0.017 sec (0h:0m:0s)
Wall-clock time used for tree search: 0.017 sec (0h:0m:0s)
Total CPU time used: 114.670 sec (0h:1m:54s)
Total wall-clock time used: 64.299 sec (0h:1m:4s)

Computing bootstrap consensus tree...
Reading input file aln_famsa2.phy.splits.nex...
1747 taxa and 29098 splits.
Consensus tree written to aln_famsa2.phy.contree
Reading input trees file aln_famsa2.phy.contree
Log-likelihood of consensus tree: -337332.164

Analysis results written to: 
  IQ-TREE report:                aln_famsa2.phy.iqtree
  Maximum-likelihood tree:       aln_famsa2.phy.treefile
  Likelihood distances:          aln_famsa2.phy.mldist

Ultrafast bootstrap approximation results written to:
  Split support values:          aln_famsa2.phy.splits.nex
  Consensus tree:                aln_famsa2.phy.contree
  Screen log file:               aln_famsa2.phy.log

Date and Time: Tue Sep  2 17:28:37 2025
