protein_id,protein_name,organism,sequence_length,domain_start,domain_end,domain_score,signature_name
A0A060WUH0,UPAR/Ly6 domain-containing protein,Oncorhynchus mykiss (Rainbow trout),228,135,205,,InterPro:IPR035076
A0A060X609,UPAR/Ly6 domain-containing protein,Oncorhynchus mykiss (Rainbow trout),207,114,184,,InterPro:IPR035076
A0A060XH26,UPAR/Ly6 domain-containing protein,Oncorhynchus mykiss (Rainbow trout),209,115,187,,InterPro:IPR035076
A0A060Y1D8,UPAR/Ly6 domain-containing protein,Oncorhynchus mykiss (Rainbow trout),150,45,123,,InterPro:IPR035076
A0A060Y2T9,UPAR/Ly6 domain-containing protein,Oncorhynchus mykiss (Rainbow trout),128,20,98,,InterPro:IPR035076
A0A060ZA58,Snake toxin/toxin-like domain-containing protein,Oncorhynchus mykiss (Rainbow trout),116,20,88,,InterPro:IPR035076
A0A061IHV1,C2H2-type domain-containing protein,Cricetulus griseus (Chinese hamster),400,64,139,,InterPro:IPR035076
A0A061IIT9,UPAR/Ly6 domain-containing protein,Cricetulus griseus (Chinese hamster),196,72,165,,InterPro:IPR035076
A0A061IJZ1,C2H2-type domain-containing protein,Cricetulus griseus (Chinese hamster),435,99,174,,InterPro:IPR035076
A0A068WGY6,Snake toxin/toxin-like domain-containing protein,Echinococcus granulosus (Hydatid tapeworm),115,22,90,,InterPro:IPR035076
A0A068YEY1,Snake toxin/toxin-like domain-containing protein,Echinococcus multilocularis (Fox tapeworm),115,22,90,,InterPro:IPR035076
A0A075AIY4,Snake toxin/toxin-like domain-containing protein,Opisthorchis viverrini,192,54,124,,InterPro:IPR035076
A0A075F9M7,Snake toxin/toxin-like domain-containing protein,Fasciola hepatica (Liver fluke),127,28,97,,InterPro:IPR035076
A0A076V5Y0,UPAR/Ly6 domain-containing protein,Sus scrofa (Pig),130,21,98,,InterPro:IPR035076
A0A087R7J0,UPAR/Ly6 domain-containing protein,Aptenodytes forsteri (Emperor penguin),103,21,97,,InterPro:IPR035076
A0A087R7J1,UPAR/Ly6 domain-containing protein,Aptenodytes forsteri (Emperor penguin),112,7,82,,InterPro:IPR035076
A0A087R7J2,UPAR/Ly6 domain-containing protein,Aptenodytes forsteri (Emperor penguin),109,5,80,,InterPro:IPR035076
A0A087R7J3,UPAR/Ly6 domain-containing protein,Aptenodytes forsteri (Emperor penguin),109,4,79,,InterPro:IPR035076
A0A087R7J4,UPAR/Ly6 domain-containing protein,Aptenodytes forsteri (Emperor penguin),110,4,81,,InterPro:IPR035076
A0A087R7J5,Snake toxin/toxin-like domain-containing protein,Aptenodytes forsteri (Emperor penguin),78,4,78,,InterPro:IPR035076
A0A087V3M0,UPAR/Ly6 domain-containing protein,Balearica regulorum gibbericeps (East African grey crowned-crane),109,4,79,,InterPro:IPR035076
A0A087V5W2,UPAR/Ly6 domain-containing protein,Balearica regulorum gibbericeps (East African grey crowned-crane),104,4,75,,InterPro:IPR035076
A0A087VG83,UPAR/Ly6 domain-containing protein,Balearica regulorum gibbericeps (East African grey crowned-crane),106,4,81,,InterPro:IPR035076
A0A087VKX6,UPAR/Ly6 domain-containing protein,Balearica regulorum gibbericeps (East African grey crowned-crane),109,5,80,,InterPro:IPR035076
A0A087VKX7,UPAR/Ly6 domain-containing protein,Balearica regulorum gibbericeps (East African grey crowned-crane),112,7,82,,InterPro:IPR035076
A0A087VKX8,UPAR/Ly6 domain-containing protein,Balearica regulorum gibbericeps (East African grey crowned-crane),86,4,80,,InterPro:IPR035076
A0A087WNS9,Snake toxin/toxin-like domain-containing protein,Mus musculus (Mouse),57,21,52,,InterPro:IPR035076
A0A087WNV7,Snake toxin/toxin-like domain-containing protein,Mus musculus (Mouse),123,61,97,,InterPro:IPR035076
A0A087WPI6,Snake toxin/toxin-like domain-containing protein,Mus musculus (Mouse),111,61,95,,InterPro:IPR035076
A0A087WPY4,UPAR/Ly6 domain-containing protein,Mus musculus (Mouse),130,21,99,,InterPro:IPR035076
A0A087WQ65,UPAR/Ly6 domain-containing protein,Mus musculus (Mouse),113,43,109,,InterPro:IPR035076
A0A087WQL5,Snake toxin/toxin-like domain-containing protein,Mus musculus (Mouse),107,47,96,,InterPro:IPR035076
A0A087WQU7,UPAR/Ly6 domain-containing protein,Mus musculus (Mouse),115,17,85,,InterPro:IPR035076
A0A087WRX0,Snake toxin/toxin-like domain-containing protein,Mus musculus (Mouse),87,23,57,,InterPro:IPR035076
A0A087WRZ2,UPAR/Ly6 domain-containing protein,Mus musculus (Mouse),117,42,116,,InterPro:IPR035076
A0A087WYG6,Snake toxin/toxin-like domain-containing protein,Homo sapiens (Human),84,21,80,,InterPro:IPR035076
A0A087WZS0,Snake toxin/toxin-like domain-containing protein,Homo sapiens (Human),82,21,77,,InterPro:IPR035076
A0A087X399,UPAR/Ly6 domain-containing protein,Poecilia formosa (Amazon molly),215,114,192,,InterPro:IPR035076
A0A087X3A4,UPAR/Ly6 domain-containing protein,Poecilia formosa (Amazon molly),202,109,179,,InterPro:IPR035076
A0A087XNA0,UPAR/Ly6 domain-containing protein,Poecilia formosa (Amazon molly),207,118,184,,InterPro:IPR035076
A0A091D3Y3,Snake toxin/toxin-like domain-containing protein,Fukomys damarensis (Damaraland mole rat),83,32,64,,InterPro:IPR035076
A0A091D6W6,Snake toxin/toxin-like domain-containing protein,Fukomys damarensis (Damaraland mole rat),103,20,96,,InterPro:IPR035076
A0A091D6W9,UPAR/Ly6 domain-containing protein,Fukomys damarensis (Damaraland mole rat),119,21,89,,InterPro:IPR035076
A0A091D8L2,UPAR/Ly6 domain-containing protein,Fukomys damarensis (Damaraland mole rat),126,20,97,,InterPro:IPR035076
A0A091D8L4,UPAR/Ly6 domain-containing protein,Fukomys damarensis (Damaraland mole rat),226,100,182,,InterPro:IPR035076
A0A091D8L9,UPAR/Ly6 domain-containing protein,Fukomys damarensis (Damaraland mole rat),130,21,98,,InterPro:IPR035076
A0A091D983,UPAR/Ly6 domain-containing protein,Fukomys damarensis (Damaraland mole rat),123,21,93,,InterPro:IPR035076
A0A091D988,Ly-6/neurotoxin-like protein 1,Fukomys damarensis (Damaraland mole rat),116,21,92,,InterPro:IPR035076
A0A091D994,Snake toxin/toxin-like domain-containing protein,Fukomys damarensis (Damaraland mole rat),223,58,133,,InterPro:IPR035076
A0A091DVJ4,UPAR/Ly6 domain-containing protein,Fukomys damarensis (Damaraland mole rat),172,63,136,,InterPro:IPR035076
A0A091GCJ1,UPAR/Ly6 domain-containing protein,Cuculus canorus (common cuckoo),109,5,80,,InterPro:IPR035076
A0A091GDP7,UPAR/Ly6 domain-containing protein,Cuculus canorus (common cuckoo),109,3,80,,InterPro:IPR035076
A0A091GFG4,UPAR/Ly6 domain-containing protein,Cuculus canorus (common cuckoo),104,4,75,,InterPro:IPR035076
A0A091GFH0,UPAR/Ly6 domain-containing protein,Cuculus canorus (common cuckoo),112,7,82,,InterPro:IPR035076
A0A091GFZ0,UPAR/Ly6 domain-containing protein,Cuculus canorus (common cuckoo),109,4,79,,InterPro:IPR035076
A0A091GWY9,UPAR/Ly6 domain-containing protein,Buceros rhinoceros silvestris,112,7,82,,InterPro:IPR035076
A0A091GZ52,UPAR/Ly6 domain-containing protein,Buceros rhinoceros silvestris,109,5,80,,InterPro:IPR035076
A0A091H189,Snake toxin/toxin-like domain-containing protein,Cuculus canorus (common cuckoo),77,3,77,,InterPro:IPR035076
A0A091H195,UPAR/Ly6 domain-containing protein,Cuculus canorus (common cuckoo),85,3,79,,InterPro:IPR035076
A0A091H366,Snake toxin/toxin-like domain-containing protein,Buceros rhinoceros silvestris,108,21,102,,InterPro:IPR035076
A0A091HAM2,Snake toxin/toxin-like domain-containing protein,Buceros rhinoceros silvestris,78,4,78,,InterPro:IPR035076
A0A091HTE4,UPAR/Ly6 domain-containing protein,Buceros rhinoceros silvestris,109,4,79,,InterPro:IPR035076
A0A091I552,Snake toxin/toxin-like domain-containing protein,Calypte anna (Anna's hummingbird),78,4,78,,InterPro:IPR035076
A0A091I558,UPAR/Ly6 domain-containing protein,Calypte anna (Anna's hummingbird),87,4,81,,InterPro:IPR035076
A0A091I657,UPAR/Ly6 domain-containing protein,Calypte anna (Anna's hummingbird),109,5,80,,InterPro:IPR035076
A0A091I899,UPAR/Ly6 domain-containing protein,Calypte anna (Anna's hummingbird),104,4,75,,InterPro:IPR035076
A0A091I8A5,UPAR/Ly6 domain-containing protein,Calypte anna (Anna's hummingbird),110,5,80,,InterPro:IPR035076
A0A091I8J6,Snake toxin/toxin-like domain-containing protein,Calypte anna (Anna's hummingbird),73,10,44,,InterPro:IPR035076
A0A091IVP8,UPAR/Ly6 domain-containing protein,Calypte anna (Anna's hummingbird),109,4,79,,InterPro:IPR035076
A0A091J7U1,UPAR/Ly6 domain-containing protein,Egretta garzetta (Little egret),109,4,79,,InterPro:IPR035076
A0A091J8U2,UPAR/Ly6 domain-containing protein,Egretta garzetta (Little egret),112,7,82,,InterPro:IPR035076
A0A091J8U7,UPAR/Ly6 domain-containing protein,Egretta garzetta (Little egret),104,4,75,,InterPro:IPR035076
A0A091JB11,UPAR/Ly6 domain-containing protein,Egretta garzetta (Little egret),109,5,80,,InterPro:IPR035076
A0A091JBF2,UPAR/Ly6 domain-containing protein,Egretta garzetta (Little egret),109,3,80,,InterPro:IPR035076
A0A091JYH7,Snake toxin/toxin-like domain-containing protein,Colius striatus (Speckled mousebird),103,4,74,,InterPro:IPR035076
A0A091JZU8,Snake toxin/toxin-like domain-containing protein,Egretta garzetta (Little egret),108,21,102,,InterPro:IPR035076
A0A091JZV2,Snake toxin/toxin-like domain-containing protein,Egretta garzetta (Little egret),78,4,78,,InterPro:IPR035076
A0A091K7R3,UPAR/Ly6 domain-containing protein,Colius striatus (Speckled mousebird),112,7,82,,InterPro:IPR035076
A0A091KDX8,UPAR/Ly6 domain-containing protein,Chlamydotis macqueenii (Macqueen's bustard),112,7,82,,InterPro:IPR035076
A0A091KFV6,UPAR/Ly6 domain-containing protein,Chlamydotis macqueenii (Macqueen's bustard),109,5,80,,InterPro:IPR035076
A0A091KJR8,UPAR/Ly6 domain-containing protein,Chlamydotis macqueenii (Macqueen's bustard),109,4,79,,InterPro:IPR035076
A0A091KQR0,UPAR/Ly6 domain-containing protein,Chlamydotis macqueenii (Macqueen's bustard),104,4,75,,InterPro:IPR035076
A0A091L1A7,UPAR/Ly6 domain-containing protein,Colius striatus (Speckled mousebird),109,4,79,,InterPro:IPR035076
A0A091L5T8,Snake toxin/toxin-like domain-containing protein,Chlamydotis macqueenii (Macqueen's bustard),108,21,102,,InterPro:IPR035076
A0A091LDK1,UPAR/Ly6 domain-containing protein,Cathartes aura (Turkey vulture),104,4,75,,InterPro:IPR035076
A0A091LFW0,UPAR/Ly6 domain-containing protein,Cathartes aura (Turkey vulture),108,3,80,,InterPro:IPR035076
A0A091LID6,UPAR/Ly6 domain-containing protein,Cathartes aura (Turkey vulture),103,21,97,,InterPro:IPR035076
A0A091LT58,UPAR/Ly6 domain-containing protein,Cariama cristata (Red-legged seriema),109,4,79,,InterPro:IPR035076
A0A091LWJ0,Snake toxin/toxin-like domain-containing protein,Cariama cristata (Red-legged seriema),78,4,78,,InterPro:IPR035076
A0A091M250,UPAR/Ly6 domain-containing protein,Cariama cristata (Red-legged seriema),109,5,80,,InterPro:IPR035076
A0A091M3C8,Snake toxin/toxin-like domain-containing protein,Cathartes aura (Turkey vulture),78,4,78,,InterPro:IPR035076
A0A091M4D5,UPAR/Ly6 domain-containing protein,Cariama cristata (Red-legged seriema),112,7,82,,InterPro:IPR035076
A0A091M8N6,UPAR/Ly6 domain-containing protein,Cathartes aura (Turkey vulture),109,4,79,,InterPro:IPR035076
A0A091MJS2,UPAR/Ly6 domain-containing protein,Acanthisitta chloris (rifleman),109,4,79,,InterPro:IPR035076
A0A091MMC4,UPAR/Ly6 domain-containing protein,Cariama cristata (Red-legged seriema),104,4,75,,InterPro:IPR035076
A0A091MPA6,Snake toxin/toxin-like domain-containing protein,Acanthisitta chloris (rifleman),107,20,98,,InterPro:IPR035076
A0A091NDM6,Snake toxin/toxin-like domain-containing protein,Acanthisitta chloris (rifleman),78,4,78,,InterPro:IPR035076
A0A091NEG9,UPAR/Ly6 domain-containing protein,Acanthisitta chloris (rifleman),112,7,82,,InterPro:IPR035076
A0A091NFX1,UPAR/Ly6 domain-containing protein,Acanthisitta chloris (rifleman),105,4,76,,InterPro:IPR035076
A0A091NIH4,Snake toxin/toxin-like domain-containing protein,Apaloderma vittatum (Bar-tailed trogon),78,4,78,,InterPro:IPR035076
A0A091NJN0,UPAR/Ly6 domain-containing protein,Apaloderma vittatum (Bar-tailed trogon),104,4,75,,InterPro:IPR035076
A0A091NPC6,UPAR/Ly6 domain-containing protein,Apaloderma vittatum (Bar-tailed trogon),119,14,89,,InterPro:IPR035076
A0A091NXF3,UPAR/Ly6 domain-containing protein,Haliaeetus albicilla (White-tailed sea-eagle),112,7,82,,InterPro:IPR035076
A0A091NZX3,UPAR/Ly6 domain-containing protein,Haliaeetus albicilla (White-tailed sea-eagle),109,5,80,,InterPro:IPR035076
A0A091P1V7,UPAR/Ly6 domain-containing protein,Haliaeetus albicilla (White-tailed sea-eagle),104,4,75,,InterPro:IPR035076
A0A091P2W5,UPAR/Ly6 domain-containing protein,Haliaeetus albicilla (White-tailed sea-eagle),111,4,81,,InterPro:IPR035076
A0A091P3P5,Snake toxin/toxin-like domain-containing protein,Haliaeetus albicilla (White-tailed sea-eagle),78,4,78,,InterPro:IPR035076
A0A091PDK3,Snake toxin/toxin-like domain-containing protein,Haliaeetus albicilla (White-tailed sea-eagle),108,21,102,,InterPro:IPR035076
A0A091PG78,UPAR/Ly6 domain-containing protein,Leptosomus discolor (Madagascar cuckoo roller),112,7,82,,InterPro:IPR035076
A0A091PH16,UPAR/Ly6 domain-containing protein,Leptosomus discolor (Madagascar cuckoo roller),109,5,80,,InterPro:IPR035076
A0A091PUQ7,Snake toxin/toxin-like domain-containing protein,Haliaeetus albicilla (White-tailed sea-eagle),51,14,46,,InterPro:IPR035076
A0A091PYP2,Snake toxin/toxin-like domain-containing protein,Leptosomus discolor (Madagascar cuckoo roller),78,4,78,,InterPro:IPR035076
A0A091Q0L0,UPAR/Ly6 domain-containing protein,Leptosomus discolor (Madagascar cuckoo roller),103,4,74,,InterPro:IPR035076
A0A091Q9B5,UPAR/Ly6 domain-containing protein,Merops nubicus (Northern carmine bee-eater),104,4,75,,InterPro:IPR035076
A0A091QAN4,UPAR/Ly6 domain-containing protein,Leptosomus discolor (Madagascar cuckoo roller),103,21,97,,InterPro:IPR035076
A0A091QBH1,UPAR/Ly6 domain-containing protein,Merops nubicus (Northern carmine bee-eater),110,4,81,,InterPro:IPR035076
A0A091R6S1,UPAR/Ly6 domain-containing protein,Mesitornis unicolor (brown roatelo),104,4,75,,InterPro:IPR035076
A0A091R741,Snake toxin/toxin-like domain-containing protein,Merops nubicus (Northern carmine bee-eater),78,4,78,,InterPro:IPR035076
A0A091RF36,UPAR/Ly6 domain-containing protein,Mesitornis unicolor (brown roatelo),109,5,80,,InterPro:IPR035076
A0A091RG39,UPAR/Ly6 domain-containing protein,Mesitornis unicolor (brown roatelo),109,3,80,,InterPro:IPR035076
A0A091RG59,Snake toxin/toxin-like domain-containing protein,Mesitornis unicolor (brown roatelo),93,10,87,,InterPro:IPR035076
A0A091RGR9,UPAR/Ly6 domain-containing protein,Mesitornis unicolor (brown roatelo),109,4,79,,InterPro:IPR035076
A0A091RGT8,UPAR/Ly6 domain-containing protein,Mesitornis unicolor (brown roatelo),112,7,82,,InterPro:IPR035076
A0A091RIM8,Snake toxin/toxin-like domain-containing protein,Mesitornis unicolor (brown roatelo),78,4,78,,InterPro:IPR035076
A0A091RML8,UPAR/Ly6 domain-containing protein,Nestor notabilis (Kea),118,13,88,,InterPro:IPR035076
A0A091RNS0,UPAR/Ly6 domain-containing protein,Nestor notabilis (Kea),115,11,86,,InterPro:IPR035076
A0A091RQD5,UPAR/Ly6 domain-containing protein,Nestor notabilis (Kea),112,7,82,,InterPro:IPR035076
A0A091S7E1,Snake toxin/toxin-like domain-containing protein,Nestor notabilis (Kea),78,4,78,,InterPro:IPR035076
A0A091SC19,UPAR/Ly6 domain-containing protein,Nestor notabilis (Kea),104,4,75,,InterPro:IPR035076
A0A091SN42,UPAR/Ly6 domain-containing protein,Pelecanus crispus (Dalmatian pelican),103,21,97,,InterPro:IPR035076
A0A091SQE0,Snake toxin/toxin-like domain-containing protein,Pelecanus crispus (Dalmatian pelican),78,4,78,,InterPro:IPR035076
A0A091SSL4,UPAR/Ly6 domain-containing protein,Pelecanus crispus (Dalmatian pelican),104,4,75,,InterPro:IPR035076
A0A091STI9,UPAR/Ly6 domain-containing protein,Pelecanus crispus (Dalmatian pelican),109,4,79,,InterPro:IPR035076
A0A091SUW0,UPAR/Ly6 domain-containing protein,Nestor notabilis (Kea),95,13,89,,InterPro:IPR035076
A0A091T2R0,UPAR/Ly6 domain-containing protein,Pelecanus crispus (Dalmatian pelican),109,4,81,,InterPro:IPR035076
A0A091TJI4,UPAR/Ly6 domain-containing protein,Phaethon lepturus (White-tailed tropicbird),109,3,80,,InterPro:IPR035076
A0A091TQW1,UPAR/Ly6 domain-containing protein,Phaethon lepturus (White-tailed tropicbird),114,10,85,,InterPro:IPR035076
A0A091TS36,UPAR/Ly6 domain-containing protein,Phaethon lepturus (White-tailed tropicbird),112,7,82,,InterPro:IPR035076
A0A091TWT8,UPAR/Ly6 domain-containing protein,Phaethon lepturus (White-tailed tropicbird),104,4,75,,InterPro:IPR035076
A0A091U1V9,UPAR/Ly6 domain-containing protein,Phoenicopterus ruber ruber,109,4,79,,InterPro:IPR035076
A0A091UHU1,UPAR/Ly6 domain-containing protein,Phoenicopterus ruber ruber,112,7,82,,InterPro:IPR035076
A0A091USG9,Snake toxin/toxin-like domain-containing protein,Phaethon lepturus (White-tailed tropicbird),108,21,102,,InterPro:IPR035076
A0A091UXC7,Snake toxin/toxin-like domain-containing protein,Phaethon lepturus (White-tailed tropicbird),78,4,78,,InterPro:IPR035076
A0A091UXZ2,UPAR/Ly6 domain-containing protein,Phaethon lepturus (White-tailed tropicbird),109,4,79,,InterPro:IPR035076
A0A091VE64,Snake toxin/toxin-like domain-containing protein,Phoenicopterus ruber ruber,108,21,102,,InterPro:IPR035076
A0A091VLC9,UPAR/Ly6 domain-containing protein,Phoenicopterus ruber ruber,108,5,80,,InterPro:IPR035076
A0A091VW31,UPAR/Ly6 domain-containing protein,Nipponia nippon (Crested ibis),110,4,81,,InterPro:IPR035076
A0A091VWN3,UPAR/Ly6 domain-containing protein,Nipponia nippon (Crested ibis),104,4,75,,InterPro:IPR035076
A0A091VWN8,UPAR/Ly6 domain-containing protein,Nipponia nippon (Crested ibis),109,5,80,,InterPro:IPR035076
A0A091VXN5,UPAR/Ly6 domain-containing protein,Nipponia nippon (Crested ibis),112,7,82,,InterPro:IPR035076
A0A091VYK2,UPAR/Ly6 domain-containing protein,Nipponia nippon (Crested ibis),109,4,79,,InterPro:IPR035076
A0A091W933,UPAR/Ly6 domain-containing protein,Opisthocomus hoazin (Hoatzin),109,4,79,,InterPro:IPR035076
A0A091W9H9,Snake toxin/toxin-like domain-containing protein,Opisthocomus hoazin (Hoatzin),78,4,78,,InterPro:IPR035076
A0A091W9I3,UPAR/Ly6 domain-containing protein,Opisthocomus hoazin (Hoatzin),112,7,82,,InterPro:IPR035076
A0A091WAQ0,Snake toxin/toxin-like domain-containing protein,Opisthocomus hoazin (Hoatzin),108,21,102,,InterPro:IPR035076
A0A091WBI6,UPAR/Ly6 domain-containing protein,Opisthocomus hoazin (Hoatzin),104,4,75,,InterPro:IPR035076
A0A091WBJ1,UPAR/Ly6 domain-containing protein,Opisthocomus hoazin (Hoatzin),122,18,93,,InterPro:IPR035076
A0A091X1Y4,Snake toxin/toxin-like domain-containing protein,Nipponia nippon (Crested ibis),78,4,78,,InterPro:IPR035076
A0A091X1Y7,Snake toxin/toxin-like domain-containing protein,Nipponia nippon (Crested ibis),108,21,102,,InterPro:IPR035076
A0A091XFX5,UPAR/Ly6 domain-containing protein,Opisthocomus hoazin (Hoatzin),110,4,81,,InterPro:IPR035076
A0A093BAY1,UPAR/Ly6 domain-containing protein,Chaetura pelagica (Chimney swift),109,5,80,,InterPro:IPR035076
A0A093BFN2,Snake toxin/toxin-like domain-containing protein,Chaetura pelagica (Chimney swift),86,2,79,,InterPro:IPR035076
A0A093BIR7,UPAR/Ly6 domain-containing protein,Chaetura pelagica (Chimney swift),109,4,79,,InterPro:IPR035076
A0A093BLY3,Snake toxin/toxin-like domain-containing protein,Chaetura pelagica (Chimney swift),78,4,78,,InterPro:IPR035076
A0A093BLY9,UPAR/Ly6 domain-containing protein,Chaetura pelagica (Chimney swift),103,21,97,,InterPro:IPR035076
A0A093BPT2,UPAR/Ly6 domain-containing protein,Pterocles gutturalis (yellow-throated sandgrouse),109,4,79,,InterPro:IPR035076
A0A093BQB8,Snake toxin/toxin-like domain-containing protein,Pterocles gutturalis (yellow-throated sandgrouse),78,4,78,,InterPro:IPR035076
A0A093BR63,UPAR/Ly6 domain-containing protein,Tauraco erythrolophus (Red-crested turaco),109,5,80,,InterPro:IPR035076
A0A093BXG6,UPAR/Ly6 domain-containing protein,Tauraco erythrolophus (Red-crested turaco),112,7,82,,InterPro:IPR035076
A0A093C1B2,UPAR/Ly6 domain-containing protein,Tauraco erythrolophus (Red-crested turaco),109,4,79,,InterPro:IPR035076
A0A093C7F3,UPAR/Ly6 domain-containing protein,Tauraco erythrolophus (Red-crested turaco),103,4,75,,InterPro:IPR035076
A0A093C9F6,UPAR/Ly6 domain-containing protein,Tauraco erythrolophus (Red-crested turaco),86,2,79,,InterPro:IPR035076
A0A093C9V8,UPAR/Ly6 domain-containing protein,Pterocles gutturalis (yellow-throated sandgrouse),112,7,82,,InterPro:IPR035076
A0A093CRA5,Snake toxin/toxin-like domain-containing protein,Tauraco erythrolophus (Red-crested turaco),78,4,78,,InterPro:IPR035076
A0A093DFT6,UPAR/Ly6 domain-containing protein,Chaetura pelagica (Chimney swift),103,4,74,,InterPro:IPR035076
A0A093DFU4,UPAR/Ly6 domain-containing protein,Chaetura pelagica (Chimney swift),112,7,82,,InterPro:IPR035076
A0A093DQQ2,UPAR/Ly6 domain-containing protein,Pterocles gutturalis (yellow-throated sandgrouse),105,4,76,,InterPro:IPR035076
A0A093EE16,UPAR/Ly6 domain-containing protein,Pterocles gutturalis (yellow-throated sandgrouse),109,5,80,,InterPro:IPR035076
A0A093ELP2,UPAR/Ly6 domain-containing protein,Tyto alba (Barn owl),109,5,80,,InterPro:IPR035076
A0A093ESL4,UPAR/Ly6 domain-containing protein,Tyto alba (Barn owl),112,7,82,,InterPro:IPR035076
A0A093ET33,UPAR/Ly6 domain-containing protein,Gavia stellata (Red-throated diver),109,5,80,,InterPro:IPR035076
A0A093F2K4,UPAR/Ly6 domain-containing protein,Gavia stellata (Red-throated diver),112,7,82,,InterPro:IPR035076
A0A093F2Z5,UPAR/Ly6 domain-containing protein,Gavia stellata (Red-throated diver),109,3,80,,InterPro:IPR035076
A0A093F884,Snake toxin/toxin-like domain-containing protein,Gavia stellata (Red-throated diver),108,21,102,,InterPro:IPR035076
A0A093F9F8,Snake toxin/toxin-like domain-containing protein,Gavia stellata (Red-throated diver),78,4,78,,InterPro:IPR035076
A0A093F9H4,UPAR/Ly6 domain-containing protein,Gavia stellata (Red-throated diver),109,4,79,,InterPro:IPR035076
A0A093FA61,Snake toxin/toxin-like domain-containing protein,Tyto alba (Barn owl),78,4,78,,InterPro:IPR035076
A0A093FJW4,UPAR/Ly6 domain-containing protein,Tyto alba (Barn owl),104,4,75,,InterPro:IPR035076
A0A093FLH2,UPAR/Ly6 domain-containing protein,Tyto alba (Barn owl),109,3,80,,InterPro:IPR035076
A0A093FT26,UPAR/Ly6 domain-containing protein,Tyto alba (Barn owl),109,4,79,,InterPro:IPR035076
A0A093G9R6,UPAR/Ly6 domain-containing protein,Dryobates pubescens (Downy woodpecker),116,11,86,,InterPro:IPR035076
A0A093GCP2,UPAR/Ly6 domain-containing protein,Dryobates pubescens (Downy woodpecker),110,5,80,,InterPro:IPR035076
A0A093GCP6,UPAR/Ly6 domain-containing protein,Dryobates pubescens (Downy woodpecker),104,4,75,,InterPro:IPR035076
A0A093GJ04,Snake toxin/toxin-like domain-containing protein,Dryobates pubescens (Downy woodpecker),90,3,84,,InterPro:IPR035076
A0A093GJ08,Snake toxin/toxin-like domain-containing protein,Dryobates pubescens (Downy woodpecker),78,4,78,,InterPro:IPR035076
A0A093GJI7,UPAR/Ly6 domain-containing protein,Dryobates pubescens (Downy woodpecker),109,5,80,,InterPro:IPR035076
A0A093I0H3,UPAR/Ly6 domain-containing protein,Struthio camelus australis,104,4,75,,InterPro:IPR035076
A0A093I0H6,UPAR/Ly6 domain-containing protein,Struthio camelus australis,109,5,80,,InterPro:IPR035076
A0A093I686,UPAR/Ly6 domain-containing protein,Eurypyga helias (Sunbittern),109,5,80,,InterPro:IPR035076
A0A093I9F4,UPAR/Ly6 domain-containing protein,Struthio camelus australis,112,4,81,,InterPro:IPR035076
A0A093I9F7,UPAR/Ly6 domain-containing protein,Struthio camelus australis,103,21,97,,InterPro:IPR035076
A0A093IBJ3,Snake toxin/toxin-like domain-containing protein,Eurypyga helias (Sunbittern),93,4,61,,InterPro:IPR035076
A0A093IBK0,UPAR/Ly6 domain-containing protein,Struthio camelus australis,119,14,89,,InterPro:IPR035076
A0A093IHE7,UPAR/Ly6 domain-containing protein,Eurypyga helias (Sunbittern),103,21,97,,InterPro:IPR035076
A0A093IJQ5,Snake toxin/toxin-like domain-containing protein,Dryobates pubescens (Downy woodpecker),110,2,79,,InterPro:IPR035076
A0A093IKF2,UPAR/Ly6 domain-containing protein,Eurypyga helias (Sunbittern),109,3,80,,InterPro:IPR035076
A0A093IPF0,Snake toxin/toxin-like domain-containing protein,Fulmarus glacialis (Northern fulmar),108,21,102,,InterPro:IPR035076
A0A093ITP2,UPAR/Ly6 domain-containing protein,Eurypyga helias (Sunbittern),112,7,82,,InterPro:IPR035076
A0A093J324,UPAR/Ly6 domain-containing protein,Fulmarus glacialis (Northern fulmar),110,4,81,,InterPro:IPR035076
A0A093JDW7,UPAR/Ly6 domain-containing protein,Fulmarus glacialis (Northern fulmar),104,4,75,,InterPro:IPR035076
A0A093JEI0,UPAR/Ly6 domain-containing protein,Fulmarus glacialis (Northern fulmar),109,4,79,,InterPro:IPR035076
A0A093KE79,Snake toxin/toxin-like domain-containing protein,Struthio camelus australis,78,4,78,,InterPro:IPR035076
A0A093KE84,UPAR/Ly6 domain-containing protein,Struthio camelus australis,112,7,82,,InterPro:IPR035076
A0A093KRC9,Snake toxin/toxin-like domain-containing protein,Eurypyga helias (Sunbittern),78,4,78,,InterPro:IPR035076
A0A093P116,UPAR/Ly6 domain-containing protein,Pygoscelis adeliae (Adelie penguin),109,4,79,,InterPro:IPR035076
A0A093P2S5,UPAR/Ly6 domain-containing protein,Pygoscelis adeliae (Adelie penguin),103,21,97,,InterPro:IPR035076
A0A093P8Z5,UPAR/Ly6 domain-containing protein,Pygoscelis adeliae (Adelie penguin),112,7,82,,InterPro:IPR035076
A0A093PEP6,Snake toxin/toxin-like domain-containing protein,Pygoscelis adeliae (Adelie penguin),52,4,38,,InterPro:IPR035076
A0A093QJ82,Snake toxin/toxin-like domain-containing protein,Manacus vitellinus (golden-collared manakin),78,4,78,,InterPro:IPR035076
A0A093QJ87,Snake toxin/toxin-like domain-containing protein,Manacus vitellinus (golden-collared manakin),91,4,85,,InterPro:IPR035076
A0A093QK95,UPAR/Ly6 domain-containing protein,Manacus vitellinus (golden-collared manakin),109,5,80,,InterPro:IPR035076
A0A093QPD2,UPAR/Ly6 domain-containing protein,Phalacrocorax carbo (Great cormorant),109,4,79,,InterPro:IPR035076
A0A093QRI6,UPAR/Ly6 domain-containing protein,Manacus vitellinus (golden-collared manakin),83,4,79,,InterPro:IPR035076
A0A093QRS9,Snake toxin/toxin-like domain-containing protein,Phalacrocorax carbo (Great cormorant),108,21,102,,InterPro:IPR035076
A0A093QWZ7,Snake toxin/toxin-like domain-containing protein,Phalacrocorax carbo (Great cormorant),78,4,78,,InterPro:IPR035076
A0A093QYH3,UPAR/Ly6 domain-containing protein,Manacus vitellinus (golden-collared manakin),105,4,76,,InterPro:IPR035076
A0A093QYH9,UPAR/Ly6 domain-containing protein,Manacus vitellinus (golden-collared manakin),112,7,82,,InterPro:IPR035076
A0A093RIH0,UPAR/Ly6 domain-containing protein,Pygoscelis adeliae (Adelie penguin),115,11,86,,InterPro:IPR035076
A0A093SX25,UPAR/Ly6 domain-containing protein,Phalacrocorax carbo (Great cormorant),104,4,75,,InterPro:IPR035076
A0A093T2Q1,UPAR/Ly6 domain-containing protein,Manacus vitellinus (golden-collared manakin),86,2,79,,InterPro:IPR035076
A0A093TH19,UPAR/Ly6 domain-containing protein,Phalacrocorax carbo (Great cormorant),110,4,81,,InterPro:IPR035076
A0A094KXV1,Snake toxin/toxin-like domain-containing protein,Antrostomus carolinensis (Chuck-will's-widow),91,4,85,,InterPro:IPR035076
A0A094KYD6,UPAR/Ly6 domain-containing protein,Antrostomus carolinensis (Chuck-will's-widow),109,3,80,,InterPro:IPR035076
A0A094KYJ5,UPAR/Ly6 domain-containing protein,Podiceps cristatus (Great crested grebe),109,4,79,,InterPro:IPR035076
A0A094L5C5,Snake toxin/toxin-like domain-containing protein,Podiceps cristatus (Great crested grebe),108,21,102,,InterPro:IPR035076
A0A094LDA7,UPAR/Ly6 domain-containing protein,Antrostomus carolinensis (Chuck-will's-widow),112,7,82,,InterPro:IPR035076
A0A094MCM1,UPAR/Ly6 domain-containing protein,Antrostomus carolinensis (Chuck-will's-widow),107,4,79,,InterPro:IPR035076
A0A094ZSP5,Snake toxin/toxin-like domain-containing protein,Schistosoma haematobium (Blood fluke),124,26,96,,InterPro:IPR035076
A0A095AUM3,Snake toxin/toxin-like domain-containing protein,Schistosoma haematobium (Blood fluke),112,15,85,,InterPro:IPR035076
A0A096LQF1,UPAR/Ly6 domain-containing protein,Poecilia formosa (Amazon molly),209,113,186,,InterPro:IPR035076
A0A096M1M4,UPAR/Ly6 domain-containing protein,Poecilia formosa (Amazon molly),199,113,176,,InterPro:IPR035076
A0A096M2V8,UPAR/Ly6 domain-containing protein,Poecilia formosa (Amazon molly),199,112,176,,InterPro:IPR035076
A0A096MJ36,UPAR/Ly6 domain-containing protein,Rattus norvegicus (Rat),115,16,84,,InterPro:IPR035076
A0A096MJS6,UPAR/Ly6 domain-containing protein,Rattus norvegicus (Rat),179,70,148,,InterPro:IPR035076
A0A096MK57,Snake toxin/toxin-like domain-containing protein,Rattus norvegicus (Rat),88,23,57,,InterPro:IPR035076
A0A096MSF9,UPAR/Ly6 domain-containing protein,Papio anubis (Olive baboon),268,164,236,,InterPro:IPR035076
A0A096MUG9,UPAR/Ly6 domain-containing protein,Papio anubis (Olive baboon),131,21,99,,InterPro:IPR035076
A0A096NF68,Snake toxin/toxin-like domain-containing protein,Papio anubis (Olive baboon),184,63,137,,InterPro:IPR035076
A0A096NGP0,UPAR/Ly6 domain-containing protein,Papio anubis (Olive baboon),127,23,100,,InterPro:IPR035076
A0A096NQH9,UPAR/Ly6 domain-containing protein,Papio anubis (Olive baboon),117,17,87,,InterPro:IPR035076
A0A097F1I7,Snake toxin/toxin-like domain-containing protein,Fasciola hepatica (Liver fluke),122,26,97,,InterPro:IPR035076
A0A097F1L5,Snake toxin/toxin-like domain-containing protein,Fasciola hepatica (Liver fluke),122,26,97,,InterPro:IPR035076
A0A097F1N1,Snake toxin/toxin-like domain-containing protein,Fasciola hepatica (Liver fluke),122,26,97,,InterPro:IPR035076
A0A098LWV2,Snake toxin/toxin-like domain-containing protein,Opheodrys aestivus,91,21,90,,InterPro:IPR035076
A0A098LWY8,Snake toxin/toxin-like domain-containing protein,Pantherophis guttatus (Corn snake),62,2,61,,InterPro:IPR035076
A0A098LWZ2,Snake toxin/toxin-like domain-containing protein,Pantherophis guttatus (Corn snake),91,21,90,,InterPro:IPR035076
A0A098LWZ6,Snake toxin/toxin-like domain-containing protein,Pantherophis guttatus (Corn snake),91,21,90,,InterPro:IPR035076
A0A098LX08,UPAR/Ly6 domain-containing protein,Pantherophis guttatus (Corn snake),127,21,98,,InterPro:IPR035076
A0A098LY58,UPAR/Ly6 domain-containing protein,Eublepharis macularius (Leopard gecko),126,21,96,,InterPro:IPR035076
A0A098LY67,Snake toxin/toxin-like domain-containing protein,Python regius (Ball python),93,21,92,,InterPro:IPR035076
A0A098LYD0,Snake toxin/toxin-like domain-containing protein,Opheodrys aestivus,91,21,90,,InterPro:IPR035076
A0A099YV38,UPAR/Ly6 domain-containing protein,Tinamus guttatus (White-throated tinamou),112,7,82,,InterPro:IPR035076
A0A099YV42,UPAR/Ly6 domain-containing protein,Tinamus guttatus (White-throated tinamou),104,5,75,,InterPro:IPR035076
A0A099YX88,UPAR/Ly6 domain-containing protein,Tinamus guttatus (White-throated tinamou),110,4,81,,InterPro:IPR035076
A0A099YXH0,UPAR/Ly6 domain-containing protein,Tinamus guttatus (White-throated tinamou),109,4,79,,InterPro:IPR035076
A0A099YYV4,Snake toxin/toxin-like domain-containing protein,Tinamus guttatus (White-throated tinamou),78,4,78,,InterPro:IPR035076
A0A099YZV6,UPAR/Ly6 domain-containing protein,Tinamus guttatus (White-throated tinamou),109,5,80,,InterPro:IPR035076
A0A0A0A8X3,UPAR/Ly6 domain-containing protein,Charadrius vociferus (Killdeer),109,4,79,,InterPro:IPR035076
A0A0A0AAC7,UPAR/Ly6 domain-containing protein,Charadrius vociferus (Killdeer),104,4,75,,InterPro:IPR035076
A0A0A0AAD1,UPAR/Ly6 domain-containing protein,Charadrius vociferus (Killdeer),112,7,82,,InterPro:IPR035076
A0A0A0AAV0,Snake toxin/toxin-like domain-containing protein,Charadrius vociferus (Killdeer),78,4,78,,InterPro:IPR035076
A0A0A0AAV4,UPAR/Ly6 domain-containing protein,Charadrius vociferus (Killdeer),103,21,97,,InterPro:IPR035076
A0A0A0ABZ2,UPAR/Ly6 domain-containing protein,Charadrius vociferus (Killdeer),110,4,81,,InterPro:IPR035076
A0A0A0ADE2,UPAR/Ly6 domain-containing protein,Charadrius vociferus (Killdeer),114,10,85,,InterPro:IPR035076
A0A0A8K8F0,Snake toxin/toxin-like domain-containing protein,Homo sapiens (Human),223,100,180,,InterPro:IPR035076
A0A0B2VQR9,Snake toxin/toxin-like domain-containing protein,Toxocara canis (Canine roundworm),165,66,126,,InterPro:IPR035076
A0A0B8RSZ2,Snake toxin/toxin-like domain-containing protein,Philothamnus irregularis (brown tree snake),127,37,89,,InterPro:IPR035076
A0A0B8RV99,Snake toxin/toxin-like domain-containing protein,Philothamnus irregularis (brown tree snake),105,37,103,,InterPro:IPR035076
A0A0B8RVA2,Snake toxin/toxin-like domain-containing protein,Philothamnus irregularis (brown tree snake),105,37,103,,InterPro:IPR035076
A0A0B8RYW4,Snake toxin/toxin-like domain-containing protein,Philothamnus irregularis (brown tree snake),105,37,103,,InterPro:IPR035076
A0A0B8RYY9,Snake toxin/toxin-like domain-containing protein,Philothamnus irregularis (brown tree snake),105,37,103,,InterPro:IPR035076
A0A0B8RZX9,Snake toxin/toxin-like domain-containing protein,Philothamnus irregularis (brown tree snake),105,37,103,,InterPro:IPR035076
A0A0B8RZY0,Snake toxin/toxin-like domain-containing protein,Philothamnus irregularis (brown tree snake),105,37,103,,InterPro:IPR035076
A0A0C5PW19,Fibrinogen C-terminal domain-containing protein,Mytilus galloprovincialis (Mediterranean mussel),428,22,95,,InterPro:IPR035076
A0A0D6L569,Snake toxin/toxin-like domain-containing protein,Ancylostoma ceylanicum,118,23,81,,InterPro:IPR035076
A0A0D8XP23,Snake toxin/toxin-like domain-containing protein,Dictyocaulus viviparus (Bovine lungworm),155,57,116,,InterPro:IPR035076
A0A0D9R9U8,Snake toxin/toxin-like domain-containing protein,Chlorocebus sabaeus (Green monkey),210,89,163,,InterPro:IPR035076
A0A0D9R9X3,UPAR/Ly6 domain-containing protein,Chlorocebus sabaeus (Green monkey),131,21,99,,InterPro:IPR035076
A0A0D9RA07,UPAR/Ly6 domain-containing protein,Chlorocebus sabaeus (Green monkey),125,21,93,,InterPro:IPR035076
A0A0D9RA23,UPAR/Ly6 domain-containing protein,Chlorocebus sabaeus (Green monkey),127,23,100,,InterPro:IPR035076
A0A0D9RA48,Snake toxin/toxin-like domain-containing protein,Chlorocebus sabaeus (Green monkey),165,42,122,,InterPro:IPR035076
A0A0D9RA72,UPAR/Ly6 domain-containing protein,Chlorocebus sabaeus (Green monkey),125,21,101,,InterPro:IPR035076
A0A0K2VB75,Snake toxin/toxin-like domain-containing protein,Lepeophtheirus salmonis (Salmon louse),93,21,72,,InterPro:IPR035076
A0A0L7KYE0,Snake toxin/toxin-like domain-containing protein,Operophtera brumata (Winter moth),99,24,90,,InterPro:IPR035076
A0A0N4T050,Snake toxin/toxin-like domain-containing protein,Brugia pahangi (Filarial nematode worm),94,3,69,,InterPro:IPR035076
A0A0N4Y7N9,Snake toxin/toxin-like domain-containing protein,Nippostrongylus brasiliensis (Rat hookworm),175,20,71,,InterPro:IPR035076
A0A0N5AXK7,Snake toxin/toxin-like domain-containing protein,Syphacia muris,143,45,104,,InterPro:IPR035076
A0A0N5DAC9,Snake toxin/toxin-like domain-containing protein,Thelazia callipaeda (Oriental eyeworm),154,53,115,,InterPro:IPR035076
A0A0N8E6G7,Snake toxin/toxin-like domain-containing protein,Daphnia magna,169,44,136,,InterPro:IPR035076
A0A0N8JV02,Snake toxin/toxin-like domain-containing protein,Scleropages formosus (Asian bonytongue),123,8,98,,InterPro:IPR035076
A0A0P6CP33,Snake toxin/toxin-like domain-containing protein,Daphnia magna,149,24,116,,InterPro:IPR035076
A0A0P6J189,Ly-6/neurotoxin-like protein 1,Heterocephalus glaber (Naked mole rat),116,21,92,,InterPro:IPR035076
A0A0P6J2F5,UPAR/Ly6 domain-containing protein,Heterocephalus glaber (Naked mole rat),134,25,98,,InterPro:IPR035076
A0A0P6JXP9,UPAR/Ly6 domain-containing protein,Heterocephalus glaber (Naked mole rat),222,113,190,,InterPro:IPR035076
A0A0P7WEB4,Snake toxin/toxin-like domain-containing protein,Scleropages formosus (Asian bonytongue),121,14,82,,InterPro:IPR035076
A0A0Q3MDD0,Snake toxin/toxin-like domain-containing protein,Amazona aestiva (Blue-fronted Amazon parrot),98,3,66,,InterPro:IPR035076
A0A0Q3MDE2,Snake toxin/toxin-like domain-containing protein,Amazona aestiva (Blue-fronted Amazon parrot),127,21,98,,InterPro:IPR035076
A0A0Q3ME66,UPAR/Ly6 domain-containing protein,Amazona aestiva (Blue-fronted Amazon parrot),124,19,94,,InterPro:IPR035076
A0A0Q3PIF1,UPAR/Ly6 domain-containing protein,Amazona aestiva (Blue-fronted Amazon parrot),225,21,59,,InterPro:IPR035076
A0A0Q3PIF1,UPAR/Ly6 domain-containing protein,Amazona aestiva (Blue-fronted Amazon parrot),225,85,173,,InterPro:IPR035076
A0A0Q3R5I0,UPAR/Ly6 domain-containing protein,Amazona aestiva (Blue-fronted Amazon parrot),127,22,97,,InterPro:IPR035076
A0A0Q3TJ93,Snake toxin/toxin-like domain-containing protein,Amazona aestiva (Blue-fronted Amazon parrot),127,21,95,,InterPro:IPR035076
A0A0Q3US67,UPAR/Ly6 domain-containing protein,Amazona aestiva (Blue-fronted Amazon parrot),126,21,96,,InterPro:IPR035076
A0A0R3RP99,Snake toxin/toxin-like domain-containing protein,Elaeophora elaphi,95,17,83,,InterPro:IPR035076
A0A0R4IAR1,UPAR/Ly6 domain-containing protein,Danio rerio (Zebrafish),198,108,175,,InterPro:IPR035076
A0A0R4IAR1,UPAR/Ly6 domain-containing protein,Danio rerio (Zebrafish),198,20,92,,InterPro:IPR035076
A0A0R4IW80,UPAR/Ly6 domain-containing protein,Danio rerio (Zebrafish),200,112,177,,InterPro:IPR035076
A0A0R4IXU5,Snake toxin/toxin-like domain-containing protein,Danio rerio (Zebrafish),87,32,87,,InterPro:IPR035076
A0A0T6B8I4,Snake toxin/toxin-like domain-containing protein,Oryctes borbonicus,145,24,116,,InterPro:IPR035076
A0A0X3NTR1,Snake toxin/toxin-like domain-containing protein,Schistocephalus solidus (Tapeworm),128,35,104,,InterPro:IPR035076
A0A0X3PP27,Snake toxin/toxin-like domain-containing protein,Schistocephalus solidus (Tapeworm),155,41,109,,InterPro:IPR035076
A0A146UWL8,Snake toxin/toxin-like domain-containing protein,Fundulus heteroclitus (Killifish),87,20,87,,InterPro:IPR035076
A0A151P856,UPAR/Ly6 domain-containing protein,Alligator mississippiensis (American alligator),123,21,98,,InterPro:IPR035076
A0A151P865,UPAR/Ly6 domain-containing protein,Alligator mississippiensis (American alligator),109,21,97,,InterPro:IPR035076
A0A151P871,UPAR/Ly6 domain-containing protein,Alligator mississippiensis (American alligator),129,21,98,,InterPro:IPR035076
A0A151P8A2,UPAR/Ly6 domain-containing protein,Alligator mississippiensis (American alligator),126,21,96,,InterPro:IPR035076
A0A151P8B2,UPAR/Ly6 domain-containing protein,Alligator mississippiensis (American alligator),125,21,94,,InterPro:IPR035076
A0A151P8D3,UPAR/Ly6 domain-containing protein,Alligator mississippiensis (American alligator),116,11,86,,InterPro:IPR035076
A0A151P8H2,UPAR/Ly6 domain-containing protein,Alligator mississippiensis (American alligator),126,21,96,,InterPro:IPR035076
A0A151P8P6,UPAR/Ly6 domain-containing protein,Alligator mississippiensis (American alligator),128,21,98,,InterPro:IPR035076
A0A151P955,Snake toxin/toxin-like domain-containing protein,Alligator mississippiensis (American alligator),125,21,94,,InterPro:IPR035076
A0A158PED4,Snake toxin/toxin-like domain-containing protein,Angiostrongylus costaricensis (Nematode worm),139,41,100,,InterPro:IPR035076
A0A162P696,Snake toxin/toxin-like domain-containing protein,Daphnia magna,149,24,116,,InterPro:IPR035076
A0A182EH79,Snake toxin/toxin-like domain-containing protein,Onchocerca ochengi (Filarial nematode worm),124,25,85,,InterPro:IPR035076
A0A183DB77,Snake toxin/toxin-like domain-containing protein,Gongylonema pulchrum,104,14,80,,InterPro:IPR035076
A0A183LDF8,Snake toxin/toxin-like domain-containing protein,Schistosoma margrebowiei,150,50,124,,InterPro:IPR035076
A0A183LF91,Snake toxin/toxin-like domain-containing protein,Schistosoma margrebowiei,73,5,45,,InterPro:IPR035076
A0A183NZU0,Snake toxin/toxin-like domain-containing protein,Schistosoma mattheei,109,11,81,,InterPro:IPR035076
A0A193CHL4,Snake toxin/toxin-like domain-containing protein,Philothamnus irregularis (brown tree snake),105,37,103,,InterPro:IPR035076
A0A193CHM0,Snake toxin/toxin-like domain-containing protein,Philothamnus irregularis (brown tree snake),105,37,103,,InterPro:IPR035076
A0A1A6GDE0,Snake toxin/toxin-like domain-containing protein,Neotoma lepida (Desert woodrat),137,2,51,,InterPro:IPR035076
A0A1A6GDG2,UPAR/Ly6 domain-containing protein,Neotoma lepida (Desert woodrat),123,19,96,,InterPro:IPR035076
A0A1A6GEI9,Ly-6/neurotoxin-like protein 1,Neotoma lepida (Desert woodrat),180,85,156,,InterPro:IPR035076
A0A1A6GEJ4,UPAR/Ly6 domain-containing protein,Neotoma lepida (Desert woodrat),197,71,150,,InterPro:IPR035076
A0A1A6GES9,UPAR/Ly6 domain-containing protein,Neotoma lepida (Desert woodrat),202,96,168,,InterPro:IPR035076
A0A1A6GES9,UPAR/Ly6 domain-containing protein,Neotoma lepida (Desert woodrat),202,13,47,,InterPro:IPR035076
A0A1A6GET3,Snake toxin/toxin-like domain-containing protein,Neotoma lepida (Desert woodrat),110,24,100,,InterPro:IPR035076
A0A1A6GG49,UPAR/Ly6 domain-containing protein,Neotoma lepida (Desert woodrat),123,21,93,,InterPro:IPR035076
A0A1A6GZI3,UPAR/Ly6 domain-containing protein,Neotoma lepida (Desert woodrat),136,27,105,,InterPro:IPR035076
A0A1A6HEF6,Snake toxin/toxin-like domain-containing protein,Neotoma lepida (Desert woodrat),248,113,188,,InterPro:IPR035076
A0A1A7WVX1,Snake toxin/toxin-like domain-containing protein,Iconisemion striatum,77,20,77,,InterPro:IPR035076
A0A1A7XC56,UPAR/Ly6 domain-containing protein,Iconisemion striatum,243,125,194,,InterPro:IPR035076
A0A1A8AU05,UPAR/Ly6 domain-containing protein,Nothobranchius furzeri (Turquoise killifish),205,113,182,,InterPro:IPR035076
A0A1A8B975,Snake toxin/toxin-like domain-containing protein,Nothobranchius furzeri (Turquoise killifish),77,20,77,,InterPro:IPR035076
A0A1A8CMB6,Snake toxin/toxin-like domain-containing protein,Nothobranchius kadleci (African annual killifish),78,21,78,,InterPro:IPR035076
A0A1A8DCA6,Snake toxin/toxin-like domain-containing protein,Nothobranchius kadleci (African annual killifish),78,21,78,,InterPro:IPR035076
A0A1A8G7U5,Snake toxin/toxin-like domain-containing protein,Nothobranchius korthausae,78,21,78,,InterPro:IPR035076
A0A1A8I9R8,Snake toxin/toxin-like domain-containing protein,Nothobranchius kuhntae (Beira killifish),78,21,78,,InterPro:IPR035076
A0A1A8IEW4,UPAR/Ly6 domain-containing protein,Nothobranchius kuhntae (Beira killifish),204,112,181,,InterPro:IPR035076
A0A1A8IJS4,Snake toxin/toxin-like domain-containing protein,Nothobranchius kuhntae (Beira killifish),97,21,89,,InterPro:IPR035076
A0A1A8MUI1,Snake toxin/toxin-like domain-containing protein,Nothobranchius pienaari,88,20,87,,InterPro:IPR035076
A0A1A8U8Z2,Snake toxin/toxin-like domain-containing protein,Nothobranchius furzeri (Turquoise killifish),88,20,87,,InterPro:IPR035076
A0A1B0B9Q4,Snake toxin/toxin-like domain-containing protein,Glossina palpalis gambiensis,137,48,115,,InterPro:IPR035076
A0A1B6JG77,Snake toxin/toxin-like domain-containing protein,Homalodisca liturata,126,1,93,,InterPro:IPR035076
A0A1D1UV34,Snake toxin/toxin-like domain-containing protein,Ramazzottius varieornatus (Water bear),190,59,145,,InterPro:IPR035076
A0A1D5PBH3,Uncharacterized protein,Gallus gallus (Chicken),126,21,96,,InterPro:IPR035076
A0A1I7RP16,Snake toxin/toxin-like domain-containing protein,Bursaphelenchus xylophilus (Pinewood nematode worm),115,25,93,,InterPro:IPR035076
A0A1I7UXU8,Snake toxin/toxin-like domain-containing protein,Caenorhabditis tropicalis,103,14,71,,InterPro:IPR035076
A0A1I7VZ37,Snake toxin/toxin-like domain-containing protein,Loa loa (Eye worm),124,25,85,,InterPro:IPR035076
A0A1I7XT67,Snake toxin/toxin-like domain-containing protein,Heterorhabditis bacteriophora (Entomopathogenic nematode),105,7,66,,InterPro:IPR035076
A0A1I7XX33,Snake toxin/toxin-like domain-containing protein,Steinernema glaseri,159,66,124,,InterPro:IPR035076
A0A1I8CZ98,Snake toxin/toxin-like domain-containing protein,Rhabditophanes sp. KR3021,172,31,95,,InterPro:IPR035076
A0A1I9GAN8,Snake toxin/toxin-like domain-containing protein,Brugia malayi (Filarial nematode worm),94,3,69,,InterPro:IPR035076
A0A1L1RJC1,Snake toxin/toxin-like domain-containing protein,Gallus gallus (Chicken),127,21,95,,InterPro:IPR035076
A0A1L8FLT4,Snake toxin/toxin-like domain-containing protein,Xenopus laevis (African clawed frog),151,27,108,,InterPro:IPR035076
A0A1L8G075,Ly6/PLAUR domain-containing protein 2,Xenopus laevis (African clawed frog),124,21,94,,InterPro:IPR035076
A0A1L8G092,Snake toxin/toxin-like domain-containing protein,Xenopus laevis (African clawed frog),132,22,92,,InterPro:IPR035076
A0A1L8G093,UPAR/Ly6 domain-containing protein,Xenopus laevis (African clawed frog),130,21,98,,InterPro:IPR035076
A0A1L8G0B0,Ly6/PLAUR domain-containing protein 2,Xenopus laevis (African clawed frog),120,21,92,,InterPro:IPR035076
A0A1L8G0B7,UPAR/Ly6 domain-containing protein,Xenopus laevis (African clawed frog),122,21,92,,InterPro:IPR035076
A0A1L8G0D8,Ly6/PLAUR domain-containing protein 2,Xenopus laevis (African clawed frog),116,21,88,,InterPro:IPR035076
A0A1S3AHD4,Snake toxin/toxin-like domain-containing protein,Erinaceus europaeus (Western European hedgehog),273,63,138,,InterPro:IPR035076
A0A1S3AHG9,Snake toxin/toxin-like domain-containing protein,Erinaceus europaeus (Western European hedgehog),95,23,93,,InterPro:IPR035076
A0A1S3AHP4,Snake toxin/toxin-like domain-containing protein,Erinaceus europaeus (Western European hedgehog),116,21,92,,InterPro:IPR035076
A0A1S3AI33,UPAR/Ly6 domain-containing protein,Erinaceus europaeus (Western European hedgehog),124,21,93,,InterPro:IPR035076
A0A1S3AI34,UPAR/Ly6 domain-containing protein,Erinaceus europaeus (Western European hedgehog),128,21,98,,InterPro:IPR035076
A0A1S3AI47,UPAR/Ly6 domain-containing protein,Erinaceus europaeus (Western European hedgehog),128,24,101,,InterPro:IPR035076
A0A1S3AI51,UPAR/Ly6 domain-containing protein,Erinaceus europaeus (Western European hedgehog),125,21,93,,InterPro:IPR035076
A0A1S3AIA8,Snake toxin/toxin-like domain-containing protein,Erinaceus europaeus (Western European hedgehog),123,21,100,,InterPro:IPR035076
A0A1S3FVK8,UPAR/Ly6 domain-containing protein,Dipodomys ordii (Ord's kangaroo rat),121,22,90,,InterPro:IPR035076
A0A1S3FVM6,UPAR/Ly6 domain-containing protein,Dipodomys ordii (Ord's kangaroo rat),124,21,93,,InterPro:IPR035076
A0A1S3FVP1,UPAR/Ly6 domain-containing protein,Dipodomys ordii (Ord's kangaroo rat),129,29,106,,InterPro:IPR035076
A0A1S3FVR8,UPAR/Ly6 domain-containing protein,Dipodomys ordii (Ord's kangaroo rat),117,15,87,,InterPro:IPR035076
A0A1S3FW38,UPAR/Ly6 domain-containing protein,Dipodomys ordii (Ord's kangaroo rat),125,24,100,,InterPro:IPR035076
A0A1S3FW51,Lymphocyte antigen 6K-like,Dipodomys ordii (Ord's kangaroo rat),160,23,77,,InterPro:IPR035076
A0A1S3FW98,UPAR/Ly6 domain-containing protein,Dipodomys ordii (Ord's kangaroo rat),134,32,104,,InterPro:IPR035076
A0A1S3FX88,UPAR/Ly6 domain-containing protein,Dipodomys ordii (Ord's kangaroo rat),140,30,107,,InterPro:IPR035076
A0A1S3FXP1,UPAR/Ly6 domain-containing protein,Dipodomys ordii (Ord's kangaroo rat),130,27,99,,InterPro:IPR035076
A0A1S3FXU6,UPAR/Ly6 domain-containing protein,Dipodomys ordii (Ord's kangaroo rat),123,21,93,,InterPro:IPR035076
A0A1S3GKP1,Snake toxin/toxin-like domain-containing protein,Dipodomys ordii (Ord's kangaroo rat),264,119,194,,InterPro:IPR035076
A0A1S3GUZ6,Ly-6/neurotoxin-like protein 1,Dipodomys ordii (Ord's kangaroo rat),116,21,92,,InterPro:IPR035076
A0A1S3N9A4,UPAR/Ly6 domain-containing protein,Salmo salar (Atlantic salmon),228,137,205,,InterPro:IPR035076
A0A1S3NA65,UPAR/Ly6 domain-containing protein,Salmo salar (Atlantic salmon),205,114,182,,InterPro:IPR035076
A0A1S3PF19,Snake toxin/toxin-like domain-containing protein,Salmo salar (Atlantic salmon),126,20,88,,InterPro:IPR035076
A0A1S3PF22,Snake toxin/toxin-like domain-containing protein,Salmo salar (Atlantic salmon),135,29,97,,InterPro:IPR035076
A0A1S3Q258,UPAR/Ly6 domain-containing protein,Salmo salar (Atlantic salmon),126,21,99,,InterPro:IPR035076
A0A1S3Q3R6,UPAR/Ly6 domain-containing protein,Salmo salar (Atlantic salmon),115,21,88,,InterPro:IPR035076
A0A1S3Q513,UPAR/Ly6 domain-containing protein,Salmo salar (Atlantic salmon),208,114,186,,InterPro:IPR035076
A0A1S3Q6H8,UPAR/Ly6 domain-containing protein,Salmo salar (Atlantic salmon),207,113,185,,InterPro:IPR035076
A0A1S3T1G5,Snake toxin/toxin-like domain-containing protein,Salmo salar (Atlantic salmon),80,22,78,,InterPro:IPR035076
A0A1S3T2Q1,UPAR/Ly6 domain-containing protein,Salmo salar (Atlantic salmon),263,154,230,,InterPro:IPR035076
A0A1S3T2R8,UPAR/Ly6 domain-containing protein,Salmo salar (Atlantic salmon),257,148,224,,InterPro:IPR035076
A0A1S8WJI0,Snake toxin/toxin-like domain-containing protein,Opisthorchis viverrini,69,9,45,,InterPro:IPR035076
A0A1S8WS93,Snake toxin/toxin-like domain-containing protein,Opisthorchis viverrini,97,1,93,,InterPro:IPR035076
A0A1U7Q6V5,UPAR/Ly6 domain-containing protein,Mesocricetus auratus (Golden hamster),136,27,105,,InterPro:IPR035076
A0A1U7QT57,Snake toxin/toxin-like domain-containing protein,Mesocricetus auratus (Golden hamster),110,24,100,,InterPro:IPR035076
A0A1U7QU12,UPAR/Ly6 domain-containing protein,Mesocricetus auratus (Golden hamster),111,21,88,,InterPro:IPR035076
A0A1U7R1G5,UPAR/Ly6 domain-containing protein,Mesocricetus auratus (Golden hamster),127,23,100,,InterPro:IPR035076
A0A1U7R1H0,UPAR/Ly6 domain-containing protein,Mesocricetus auratus (Golden hamster),174,71,143,,InterPro:IPR035076
A0A1U7R515,Snake toxin/toxin-like domain-containing protein,Mesocricetus auratus (Golden hamster),229,62,137,,InterPro:IPR035076
A0A1U7RBX1,UPAR/Ly6 domain-containing protein,Mesocricetus auratus (Golden hamster),130,24,96,,InterPro:IPR035076
A0A1U7RXS3,UPAR/Ly6 domain-containing protein,Alligator sinensis (Chinese alligator),151,34,111,,InterPro:IPR035076
A0A1U7RXS8,UPAR/Ly6 domain-containing protein,Alligator sinensis (Chinese alligator),109,21,97,,InterPro:IPR035076
A0A1U7S4M8,UPAR/Ly6 domain-containing protein,Alligator sinensis (Chinese alligator),126,21,96,,InterPro:IPR035076
A0A1U7S8K8,UPAR/Ly6 domain-containing protein,Alligator sinensis (Chinese alligator),129,21,98,,InterPro:IPR035076
A0A1U7S8L3,UPAR/Ly6 domain-containing protein,Alligator sinensis (Chinese alligator),127,22,97,,InterPro:IPR035076
A0A1U7SFY4,UPAR/Ly6 domain-containing protein,Alligator sinensis (Chinese alligator),128,21,98,,InterPro:IPR035076
A0A1U7SIJ4,Snake toxin/toxin-like domain-containing protein,Alligator sinensis (Chinese alligator),125,21,94,,InterPro:IPR035076
A0A1U7SIJ8,UPAR/Ly6 domain-containing protein,Alligator sinensis (Chinese alligator),126,21,96,,InterPro:IPR035076
A0A1U7T6S4,Snake toxin/toxin-like domain-containing protein,Carlito syrichta (Philippine tarsier),188,62,137,,InterPro:IPR035076
A0A1U7TA56,UPAR/Ly6 domain-containing protein,Carlito syrichta (Philippine tarsier),120,26,88,,InterPro:IPR035076
A0A1U7TWY9,Snake toxin/toxin-like domain-containing protein,Carlito syrichta (Philippine tarsier),142,21,87,,InterPro:IPR035076
A0A1U7U361,UPAR/Ly6 domain-containing protein,Carlito syrichta (Philippine tarsier),124,21,93,,InterPro:IPR035076
A0A1U7U4G1,UPAR/Ly6 domain-containing protein,Carlito syrichta (Philippine tarsier),130,21,98,,InterPro:IPR035076
A0A1U7U703,UPAR/Ly6 domain-containing protein,Carlito syrichta (Philippine tarsier),128,21,93,,InterPro:IPR035076
A0A1U7U708,UPAR/Ly6 domain-containing protein,Carlito syrichta (Philippine tarsier),123,21,98,,InterPro:IPR035076
A0A1U7UF73,Ly-6/neurotoxin-like protein 1,Carlito syrichta (Philippine tarsier),116,21,92,,InterPro:IPR035076
A0A1U7V3D8,Snake toxin/toxin-like domain-containing protein,Carlito syrichta (Philippine tarsier),77,12,46,,InterPro:IPR035076
A0A1U8CL48,Ly-6/neurotoxin-like protein 1,Mesocricetus auratus (Golden hamster),116,21,92,,InterPro:IPR035076
A0A1U8CM58,Snake toxin/toxin-like domain-containing protein,Mesocricetus auratus (Golden hamster),245,62,137,,InterPro:IPR035076
A0A1U8DNP4,UPAR/Ly6 domain-containing protein,Alligator sinensis (Chinese alligator),125,21,94,,InterPro:IPR035076
A0A1V4JVN7,UPAR/Ly6 domain-containing protein,Patagioenas fasciata monilis,127,21,98,,InterPro:IPR035076
A0A1V4JVP8,UPAR/Ly6 domain-containing protein,Patagioenas fasciata monilis,126,21,96,,InterPro:IPR035076
A0A1V4JVP9,UPAR/Ly6 domain-containing protein,Patagioenas fasciata monilis,124,22,94,,InterPro:IPR035076
A0A1V4JVT0,UPAR/Ly6 domain-containing protein,Patagioenas fasciata monilis,126,22,96,,InterPro:IPR035076
A0A1V4JVU7,UPAR/Ly6 domain-containing protein,Patagioenas fasciata monilis,122,21,92,,InterPro:IPR035076
A0A1V4JW24,Snake toxin/toxin-like domain-containing protein,Patagioenas fasciata monilis,141,21,96,,InterPro:IPR035076
A0A1V4JX98,UPAR/Ly6 domain-containing protein,Patagioenas fasciata monilis,126,21,96,,InterPro:IPR035076
A0A210QB00,C-type lectin domain-containing protein,Mizuhopecten yessoensis (Japanese scallop),550,61,145,,InterPro:IPR035076
A0A210QNC8,ShKT domain-containing protein,Mizuhopecten yessoensis (Japanese scallop),407,58,140,,InterPro:IPR035076
A0A212CE64,Ly-6/neurotoxin-like protein 1,Cervus elaphus hippelaphus (European red deer),116,21,92,,InterPro:IPR035076
A0A212CE77,UPAR/Ly6 domain-containing protein,Cervus elaphus hippelaphus (European red deer),128,23,100,,InterPro:IPR035076
A0A212CEC0,Snake toxin/toxin-like domain-containing protein,Cervus elaphus hippelaphus (European red deer),127,15,88,,InterPro:IPR035076
A0A212CEQ2,UPAR/Ly6 domain-containing protein,Cervus elaphus hippelaphus (European red deer),130,21,98,,InterPro:IPR035076
A0A218UGE7,UPAR/Ly6 domain-containing protein,Lonchura striata (white-rumped munia),126,21,96,,InterPro:IPR035076
A0A218UGJ7,UPAR/Ly6 domain-containing protein,Lonchura striata (white-rumped munia),202,97,172,,InterPro:IPR035076
A0A218UH18,Snake toxin/toxin-like domain-containing protein,Lonchura striata (white-rumped munia),87,23,57,,InterPro:IPR035076
A0A224YSK1,Snake toxin/toxin-like domain-containing protein,Rhipicephalus zambeziensis,143,18,110,,InterPro:IPR035076
A0A226N021,UPAR/Ly6 domain-containing protein,Callipepla squamata (Scaled quail),133,27,104,,InterPro:IPR035076
A0A226N032,UPAR/Ly6 domain-containing protein,Callipepla squamata (Scaled quail),108,3,78,,InterPro:IPR035076
A0A226N036,UPAR/Ly6 domain-containing protein,Callipepla squamata (Scaled quail),91,3,79,,InterPro:IPR035076
A0A226N049,UPAR/Ly6 domain-containing protein,Callipepla squamata (Scaled quail),122,21,92,,InterPro:IPR035076
A0A226N067,Snake toxin/toxin-like domain-containing protein,Callipepla squamata (Scaled quail),86,20,56,,InterPro:IPR035076
A0A250XV05,UPAR/Ly6 domain-containing protein,Castor canadensis (American beaver),129,21,97,,InterPro:IPR035076
A0A250XW07,Snake toxin/toxin-like domain-containing protein,Castor canadensis (American beaver),200,65,140,,InterPro:IPR035076
A0A250Y9E0,Ly-6/neurotoxin-like protein 1,Castor canadensis (American beaver),116,21,92,,InterPro:IPR035076
A0A260Z2M6,Snake toxin/toxin-like domain-containing protein,Caenorhabditis remanei,289,200,257,,InterPro:IPR035076
A0A260ZK47,Snake toxin/toxin-like domain-containing protein,Caenorhabditis remanei,206,85,144,,InterPro:IPR035076
A0A261AWN1,Snake toxin/toxin-like domain-containing protein,Caenorhabditis latens,176,55,114,,InterPro:IPR035076
A0A286XFZ8,Snake toxin/toxin-like domain-containing protein,Cavia porcellus (Guinea pig),87,15,57,,InterPro:IPR035076
A0A286XGT5,UPAR/Ly6 domain-containing protein,Cavia porcellus (Guinea pig),136,27,104,,InterPro:IPR035076
A0A286XHV7,Snake toxin/toxin-like domain-containing protein,Cavia porcellus (Guinea pig),96,13,89,,InterPro:IPR035076
A0A286XKB7,Snake toxin/toxin-like domain-containing protein,Cavia porcellus (Guinea pig),194,59,134,,InterPro:IPR035076
A0A286XLH9,Ly-6/neurotoxin-like protein 1,Cavia porcellus (Guinea pig),116,21,92,,InterPro:IPR035076
A0A286XY40,UPAR/Ly6 domain-containing protein,Cavia porcellus (Guinea pig),122,20,92,,InterPro:IPR035076
A0A287ALH7,UPAR/Ly6 domain-containing protein,Sus scrofa (Pig),157,30,111,,InterPro:IPR035076
A0A287AMR3,Prostate stem cell antigen,Sus scrofa (Pig),116,12,84,,InterPro:IPR035076
A0A287B109,Ly-6/neurotoxin-like protein 1,Sus scrofa (Pig),116,21,92,,InterPro:IPR035076
A0A287BAC4,UPAR/Ly6 domain-containing protein,Sus scrofa (Pig),127,23,100,,InterPro:IPR035076
A0A287CXF4,UPAR/Ly6 domain-containing protein,Ictidomys tridecemlineatus (Thirteen-lined ground squirrel),107,17,84,,InterPro:IPR035076
A0A2A2KQL9,Snake toxin/toxin-like domain-containing protein,Diploscapter pachys,176,55,114,,InterPro:IPR035076
A0A2A2LWG0,Snake toxin/toxin-like domain-containing protein,Diploscapter pachys,116,23,81,,InterPro:IPR035076
A0A2A6B8Q1,Snake toxin/toxin-like domain-containing protein,Pristionchus pacificus (Parasitic nematode),176,100,154,,InterPro:IPR035076
A0A2A6BPG2,Snake toxin/toxin-like domain-containing protein,Pristionchus pacificus (Parasitic nematode),155,57,116,,InterPro:IPR035076
A0A2B4RP20,UPAR/Ly6 domain-containing protein,Stylophora pistillata (Smooth cauliflower coral),205,118,198,,InterPro:IPR035076
A0A2B4SN06,Protein quiver,Stylophora pistillata (Smooth cauliflower coral),226,119,195,,InterPro:IPR035076
A0A2D0SKH5,Urokinase plasminogen activator surface receptor,Ictalurus punctatus (Channel catfish),247,149,224,,InterPro:IPR035076
A0A2D4G8U8,UPAR/Ly6 domain-containing protein,Micrurus corallinus (Brazilian coral snake),126,21,96,,InterPro:IPR035076
A0A2D4G9Z1,UPAR/Ly6 domain-containing protein,Micrurus corallinus (Brazilian coral snake),125,30,95,,InterPro:IPR035076
A0A2D4HVB6,UPAR/Ly6 domain-containing protein,Micrurus lemniscatus lemniscatus,147,42,117,,InterPro:IPR035076
A0A2D4JEH0,UPAR/Ly6 domain-containing protein,Micrurus lemniscatus lemniscatus,140,52,128,,InterPro:IPR035076
A0A2D4M764,UPAR/Ly6 domain-containing protein,Micrurus spixii (Amazon coral snake),107,31,107,,InterPro:IPR035076
A0A2G5UGY6,Snake toxin/toxin-like domain-containing protein,Caenorhabditis nigoni,142,24,83,,InterPro:IPR035076
A0A2G9QCK4,Snake toxin/toxin-like domain-containing protein,Aquarana catesbeiana (American bullfrog),91,2,61,,InterPro:IPR035076
A0A2G9R4J1,Snake toxin/toxin-like domain-containing protein,Aquarana catesbeiana (American bullfrog),91,2,61,,InterPro:IPR035076
A0A2G9RB63,UPAR/Ly6 domain-containing protein,Aquarana catesbeiana (American bullfrog),127,21,97,,InterPro:IPR035076
A0A2G9S6A5,Snake toxin/toxin-like domain-containing protein,Aquarana catesbeiana (American bullfrog),89,21,89,,InterPro:IPR035076
A0A2H4N3E7,Snake toxin/toxin-like domain-containing protein,Bothrops moojeni (Lance-headed viper),91,21,90,,InterPro:IPR035076
A0A2H6N490,Snake toxin/toxin-like domain-containing protein,Micrurus carvalhoi,109,47,108,,InterPro:IPR035076
A0A2I0MWT2,UPAR/Ly6 domain-containing protein,Columba livia (Rock dove),122,21,92,,InterPro:IPR035076
A0A2I0MWT4,Snake toxin/toxin-like domain-containing protein,Columba livia (Rock dove),207,102,177,,InterPro:IPR035076
A0A2I0MWT9,Snake toxin/toxin-like domain-containing protein,Columba livia (Rock dove),113,13,83,,InterPro:IPR035076
A0A2I0MWU1,UPAR/Ly6 domain-containing protein,Columba livia (Rock dove),127,21,98,,InterPro:IPR035076
A0A2I0MWU2,UPAR/Ly6 domain-containing protein,Columba livia (Rock dove),125,20,95,,InterPro:IPR035076
A0A2I0MWU7,UPAR/Ly6 domain-containing protein,Columba livia (Rock dove),125,21,96,,InterPro:IPR035076
A0A2I0MXZ3,UPAR/Ly6 domain-containing protein,Columba livia (Rock dove),126,22,96,,InterPro:IPR035076
A0A2I0TLL8,Snake toxin/toxin-like domain-containing protein,Limosa lapponica baueri,151,20,55,,InterPro:IPR035076
A0A2I0TLL8,Snake toxin/toxin-like domain-containing protein,Limosa lapponica baueri,151,85,121,,InterPro:IPR035076
A0A2I0TLQ1,UPAR/Ly6 domain-containing protein,Limosa lapponica baueri,221,21,59,,InterPro:IPR035076
A0A2I0TLQ1,UPAR/Ly6 domain-containing protein,Limosa lapponica baueri,221,123,158,,InterPro:IPR035076
A0A2I0TVC8,UPAR/Ly6 domain-containing protein,Limosa lapponica baueri,255,72,143,,InterPro:IPR035076
A0A2I0TVD9,Snake toxin/toxin-like domain-containing protein,Limosa lapponica baueri,86,17,56,,InterPro:IPR035076
A0A2I0TVE1,Snake toxin/toxin-like domain-containing protein,Limosa lapponica baueri,87,13,58,,InterPro:IPR035076
A0A2I2UM62,UPAR/Ly6 domain-containing protein,Felis catus (Cat),115,12,84,,InterPro:IPR035076
A0A2I2UV69,Snake toxin/toxin-like domain-containing protein,Felis catus (Cat),126,29,105,,InterPro:IPR035076
A0A2I2Y9P4,Snake toxin/toxin-like domain-containing protein,Gorilla gorilla gorilla (Western lowland gorilla),100,42,83,,InterPro:IPR035076
A0A2I2Z0K8,Snake toxin/toxin-like domain-containing protein,Gorilla gorilla gorilla (Western lowland gorilla),184,63,137,,InterPro:IPR035076
A0A2I2Z8F6,Ly-6/neurotoxin-like protein 1,Gorilla gorilla gorilla (Western lowland gorilla),116,21,92,,InterPro:IPR035076
A0A2I2ZGG4,Snake toxin/toxin-like domain-containing protein,Gorilla gorilla gorilla (Western lowland gorilla),66,21,55,,InterPro:IPR035076
A0A2I3GF26,Snake toxin/toxin-like domain-containing protein,Nomascus leucogenys (Northern white-cheeked gibbon),144,20,101,,InterPro:IPR035076
A0A2I3GHS7,Snake toxin/toxin-like domain-containing protein,Nomascus leucogenys (Northern white-cheeked gibbon),67,21,55,,InterPro:IPR035076
A0A2I3H6T0,Snake toxin/toxin-like domain-containing protein,Nomascus leucogenys (Northern white-cheeked gibbon),184,63,137,,InterPro:IPR035076
A0A2I3HI63,Ly-6/neurotoxin-like protein 1,Nomascus leucogenys (Northern white-cheeked gibbon),116,21,92,,InterPro:IPR035076
A0A2I3MIW6,Snake toxin/toxin-like domain-containing protein,Papio anubis (Olive baboon),101,42,75,,InterPro:IPR035076
A0A2I3N4N8,Ly-6/neurotoxin-like protein 1,Papio anubis (Olive baboon),116,21,92,,InterPro:IPR035076
A0A2I3SCT1,Snake toxin/toxin-like domain-containing protein,Pan troglodytes (Chimpanzee),184,63,137,,InterPro:IPR035076
A0A2I3SWT2,Snake toxin/toxin-like domain-containing protein,Pan troglodytes (Chimpanzee),66,21,55,,InterPro:IPR035076
A0A2I3TFK0,Snake toxin/toxin-like domain-containing protein,Pan troglodytes (Chimpanzee),100,42,79,,InterPro:IPR035076
A0A2J8LFK2,UPAR/Ly6 domain-containing protein,Pan troglodytes (Chimpanzee),114,12,84,,InterPro:IPR035076
A0A2J8LFL0,Snake toxin/toxin-like domain-containing protein,Pan troglodytes (Chimpanzee),82,21,53,,InterPro:IPR035076
A0A2J8LFL3,Snake toxin/toxin-like domain-containing protein,Pan troglodytes (Chimpanzee),85,42,74,,InterPro:IPR035076
A0A2J8LFM2,Snake toxin/toxin-like domain-containing protein,Pan troglodytes (Chimpanzee),66,21,55,,InterPro:IPR035076
A0A2J8LFN4,Snake toxin/toxin-like domain-containing protein,Pan troglodytes (Chimpanzee),73,21,55,,InterPro:IPR035076
A0A2J8R6U2,Snake toxin/toxin-like domain-containing protein,Pongo abelii (Sumatran orangutan),101,42,75,,InterPro:IPR035076
A0A2J8R6U3,Snake toxin/toxin-like domain-containing protein,Pongo abelii (Sumatran orangutan),85,42,74,,InterPro:IPR035076
A0A2J8R6U4,Snake toxin/toxin-like domain-containing protein,Pongo abelii (Sumatran orangutan),165,42,122,,InterPro:IPR035076
A0A2J8R6V1,Snake toxin/toxin-like domain-containing protein,Pongo abelii (Sumatran orangutan),84,21,80,,InterPro:IPR035076
A0A2J8R6V5,Ly-6/neurotoxin-like protein 1,Pongo abelii (Sumatran orangutan),116,21,92,,InterPro:IPR035076
A0A2J8R6V8,Snake toxin/toxin-like domain-containing protein,Pongo abelii (Sumatran orangutan),82,21,77,,InterPro:IPR035076
A0A2J8R6W0,Snake toxin/toxin-like domain-containing protein,Pongo abelii (Sumatran orangutan),104,21,55,,InterPro:IPR035076
A0A2J8R6W1,Snake toxin/toxin-like domain-containing protein,Pongo abelii (Sumatran orangutan),66,21,55,,InterPro:IPR035076
A0A2J8R6X5,Snake toxin/toxin-like domain-containing protein,Pongo abelii (Sumatran orangutan),66,21,55,,InterPro:IPR035076
A0A2K5C5Q1,Ly-6/neurotoxin-like protein 1,Aotus nancymaae (Ma's night monkey),116,21,92,,InterPro:IPR035076
A0A2K5C7S4,UPAR/Ly6 domain-containing protein,Aotus nancymaae (Ma's night monkey),114,12,84,,InterPro:IPR035076
A0A2K5CCX0,Snake toxin/toxin-like domain-containing protein,Aotus nancymaae (Ma's night monkey),180,59,133,,InterPro:IPR035076
A0A2K5CL20,UPAR/Ly6 domain-containing protein,Aotus nancymaae (Ma's night monkey),127,23,100,,InterPro:IPR035076
A0A2K5CQM2,UPAR/Ly6 domain-containing protein,Aotus nancymaae (Ma's night monkey),130,20,98,,InterPro:IPR035076
A0A2K5CQN3,Snake toxin/toxin-like domain-containing protein,Aotus nancymaae (Ma's night monkey),70,20,54,,InterPro:IPR035076
A0A2K5CQP4,Snake toxin/toxin-like domain-containing protein,Aotus nancymaae (Ma's night monkey),67,20,54,,InterPro:IPR035076
A0A2K5ER68,UPAR/Ly6 domain-containing protein,Aotus nancymaae (Ma's night monkey),123,21,93,,InterPro:IPR035076
A0A2K5EV11,UPAR/Ly6 domain-containing protein,Aotus nancymaae (Ma's night monkey),127,19,95,,InterPro:IPR035076
A0A2K5HZJ9,Snake toxin/toxin-like domain-containing protein,Colobus angolensis palliatus (Peters' Angolan colobus),141,63,137,,InterPro:IPR035076
A0A2K5IWA8,Snake toxin/toxin-like domain-containing protein,Colobus angolensis palliatus (Peters' Angolan colobus),66,21,55,,InterPro:IPR035076
A0A2K5IWD9,UPAR/Ly6 domain-containing protein,Colobus angolensis palliatus (Peters' Angolan colobus),123,21,93,,InterPro:IPR035076
A0A2K5IWE0,Snake toxin/toxin-like domain-containing protein,Colobus angolensis palliatus (Peters' Angolan colobus),74,21,55,,InterPro:IPR035076
A0A2K5IWP9,UPAR/Ly6 domain-containing protein,Colobus angolensis palliatus (Peters' Angolan colobus),131,21,99,,InterPro:IPR035076
A0A2K5J2I6,Snake toxin/toxin-like domain-containing protein,Colobus angolensis palliatus (Peters' Angolan colobus),66,7,40,,InterPro:IPR035076
A0A2K5J2W2,Snake toxin/toxin-like domain-containing protein,Colobus angolensis palliatus (Peters' Angolan colobus),130,7,87,,InterPro:IPR035076
A0A2K5J4M5,UPAR/Ly6 domain-containing protein,Colobus angolensis palliatus (Peters' Angolan colobus),125,23,100,,InterPro:IPR035076
A0A2K5JUZ2,UPAR/Ly6 domain-containing protein,Colobus angolensis palliatus (Peters' Angolan colobus),128,21,93,,InterPro:IPR035076
A0A2K5JVN0,Ly-6/neurotoxin-like protein 1,Colobus angolensis palliatus (Peters' Angolan colobus),116,21,92,,InterPro:IPR035076
A0A2K5KVZ4,Snake toxin/toxin-like domain-containing protein,Cercocebus atys (Sooty mangabey),168,47,121,,InterPro:IPR035076
A0A2K5KW88,Ly-6/neurotoxin-like protein 1,Cercocebus atys (Sooty mangabey),118,23,94,,InterPro:IPR035076
A0A2K5MGD5,UPAR/Ly6 domain-containing protein,Cercocebus atys (Sooty mangabey),123,21,93,,InterPro:IPR035076
A0A2K5NJ50,Snake toxin/toxin-like domain-containing protein,Cercocebus atys (Sooty mangabey),66,21,55,,InterPro:IPR035076
A0A2K5NJC5,UPAR/Ly6 domain-containing protein,Cercocebus atys (Sooty mangabey),131,21,99,,InterPro:IPR035076
A0A2K5NXF1,Snake toxin/toxin-like domain-containing protein,Cercocebus atys (Sooty mangabey),101,42,75,,InterPro:IPR035076
A0A2K5NXM5,Snake toxin/toxin-like domain-containing protein,Cercocebus atys (Sooty mangabey),165,42,122,,InterPro:IPR035076
A0A2K5P630,UPAR/Ly6 domain-containing protein,Cercocebus atys (Sooty mangabey),125,21,93,,InterPro:IPR035076
A0A2K5P862,UPAR/Ly6 domain-containing protein,Cercocebus atys (Sooty mangabey),127,23,100,,InterPro:IPR035076
A0A2K5PH04,UPAR/Ly6 domain-containing protein,Cebus imitator (Panamanian white-faced capuchin),130,26,103,,InterPro:IPR035076
A0A2K5Q335,UPAR/Ly6 domain-containing protein,Cebus imitator (Panamanian white-faced capuchin),123,21,93,,InterPro:IPR035076
A0A2K5QB01,Snake toxin/toxin-like domain-containing protein,Cebus imitator (Panamanian white-faced capuchin),183,62,136,,InterPro:IPR035076
A0A2K5QKU0,Snake toxin/toxin-like domain-containing protein,Cebus imitator (Panamanian white-faced capuchin),131,7,87,,InterPro:IPR035076
A0A2K5QKU4,Snake toxin/toxin-like domain-containing protein,Cebus imitator (Panamanian white-faced capuchin),65,7,39,,InterPro:IPR035076
A0A2K5QMV0,Secreted Ly-6/uPAR domain-containing protein 2,Cebus imitator (Panamanian white-faced capuchin),97,23,95,,InterPro:IPR035076
A0A2K5R8S9,Ly-6/neurotoxin-like protein 1,Cebus imitator (Panamanian white-faced capuchin),116,21,92,,InterPro:IPR035076
A0A2K5RT56,Snake toxin/toxin-like domain-containing protein,Cebus imitator (Panamanian white-faced capuchin),70,20,54,,InterPro:IPR035076
A0A2K5RT65,UPAR/Ly6 domain-containing protein,Cebus imitator (Panamanian white-faced capuchin),130,20,98,,InterPro:IPR035076
A0A2K5RTB9,Snake toxin/toxin-like domain-containing protein,Cebus imitator (Panamanian white-faced capuchin),67,20,54,,InterPro:IPR035076
A0A2K5S6S1,Snake toxin/toxin-like domain-containing protein,Cebus imitator (Panamanian white-faced capuchin),105,23,100,,InterPro:IPR035076
A0A2K5S878,UPAR/Ly6 domain-containing protein,Cebus imitator (Panamanian white-faced capuchin),123,21,93,,InterPro:IPR035076
A0A2K5W0X5,UPAR/Ly6 domain-containing protein,Macaca fascicularis (Crab-eating macaque),127,23,100,,InterPro:IPR035076
A0A2K5WPV4,Snake toxin/toxin-like domain-containing protein,Macaca fascicularis (Crab-eating macaque),101,42,74,,InterPro:IPR035076
A0A2K5XCM8,UPAR/Ly6 domain-containing protein,Mandrillus leucophaeus (Drill),131,21,99,,InterPro:IPR035076
A0A2K5XCN3,Snake toxin/toxin-like domain-containing protein,Mandrillus leucophaeus (Drill),66,21,55,,InterPro:IPR035076
A0A2K5XFH3,UPAR/Ly6 domain-containing protein,Mandrillus leucophaeus (Drill),127,23,100,,InterPro:IPR035076
A0A2K5XFK9,Snake toxin/toxin-like domain-containing protein,Mandrillus leucophaeus (Drill),184,63,137,,InterPro:IPR035076
A0A2K5XXP7,UPAR/Ly6 domain-containing protein,Mandrillus leucophaeus (Drill),123,21,93,,InterPro:IPR035076
A0A2K5YUV5,Snake toxin/toxin-like domain-containing protein,Mandrillus leucophaeus (Drill),66,7,40,,InterPro:IPR035076
A0A2K5YUZ4,Snake toxin/toxin-like domain-containing protein,Mandrillus leucophaeus (Drill),144,21,101,,InterPro:IPR035076
A0A2K5ZTF0,Ly-6/neurotoxin-like protein 1,Mandrillus leucophaeus (Drill),116,21,92,,InterPro:IPR035076
A0A2K5ZTZ3,UPAR/Ly6 domain-containing protein,Mandrillus leucophaeus (Drill),125,21,93,,InterPro:IPR035076
A0A2K6BUL7,UPAR/Ly6 domain-containing protein,Macaca nemestrina (Pig-tailed macaque),114,12,84,,InterPro:IPR035076
A0A2K6BZ37,Ly-6/neurotoxin-like protein 1,Macaca nemestrina (Pig-tailed macaque),118,23,94,,InterPro:IPR035076
A0A2K6CI99,Snake toxin/toxin-like domain-containing protein,Macaca nemestrina (Pig-tailed macaque),165,42,122,,InterPro:IPR035076
A0A2K6CIA4,Snake toxin/toxin-like domain-containing protein,Macaca nemestrina (Pig-tailed macaque),101,42,75,,InterPro:IPR035076
A0A2K6CIA7,Snake toxin/toxin-like domain-containing protein,Macaca nemestrina (Pig-tailed macaque),85,42,74,,InterPro:IPR035076
A0A2K6DK19,UPAR/Ly6 domain-containing protein,Macaca nemestrina (Pig-tailed macaque),127,23,100,,InterPro:IPR035076
A0A2K6DYH5,Snake toxin/toxin-like domain-containing protein,Macaca nemestrina (Pig-tailed macaque),184,63,137,,InterPro:IPR035076
A0A2K6E5X9,UPAR/Ly6 domain-containing protein,Macaca nemestrina (Pig-tailed macaque),125,21,93,,InterPro:IPR035076
A0A2K6E8L9,Snake toxin/toxin-like domain-containing protein,Macaca nemestrina (Pig-tailed macaque),66,21,55,,InterPro:IPR035076
A0A2K6E8Q3,UPAR/Ly6 domain-containing protein,Macaca nemestrina (Pig-tailed macaque),131,21,99,,InterPro:IPR035076
A0A2K6ENJ9,UPAR/Ly6 domain-containing protein,Propithecus coquereli (Coquerel's sifaka),128,21,93,,InterPro:IPR035076
A0A2K6ERK1,Snake toxin/toxin-like domain-containing protein,Propithecus coquereli (Coquerel's sifaka),101,24,100,,InterPro:IPR035076
A0A2K6ESY1,Snake toxin/toxin-like domain-containing protein,Propithecus coquereli (Coquerel's sifaka),70,30,63,,InterPro:IPR035076
A0A2K6F2A2,UPAR/Ly6 domain-containing protein,Propithecus coquereli (Coquerel's sifaka),124,21,93,,InterPro:IPR035076
A0A2K6FEK9,Snake toxin/toxin-like domain-containing protein,Propithecus coquereli (Coquerel's sifaka),60,21,55,,InterPro:IPR035076
A0A2K6FEN3,Snake toxin/toxin-like domain-containing protein,Propithecus coquereli (Coquerel's sifaka),68,21,55,,InterPro:IPR035076
A0A2K6G435,UPAR/Ly6 domain-containing protein,Propithecus coquereli (Coquerel's sifaka),127,23,100,,InterPro:IPR035076
A0A2K6G8R2,Ly-6/neurotoxin-like protein 1,Propithecus coquereli (Coquerel's sifaka),116,21,92,,InterPro:IPR035076
A0A2K6GWD7,UPAR/Ly6 domain-containing protein,Propithecus coquereli (Coquerel's sifaka),177,60,135,,InterPro:IPR035076
A0A2K6JQY9,Snake toxin/toxin-like domain-containing protein,Rhinopithecus bieti (Black snub-nosed monkey),90,24,57,,InterPro:IPR035076
A0A2K6JVU9,UPAR/Ly6 domain-containing protein,Rhinopithecus bieti (Black snub-nosed monkey),128,21,93,,InterPro:IPR035076
A0A2K6KEG1,Snake toxin/toxin-like domain-containing protein,Rhinopithecus bieti (Black snub-nosed monkey),66,21,55,,InterPro:IPR035076
A0A2K6KPA4,UPAR/Ly6 domain-containing protein,Rhinopithecus bieti (Black snub-nosed monkey),126,23,100,,InterPro:IPR035076
A0A2K6LBU1,Snake toxin/toxin-like domain-containing protein,Rhinopithecus bieti (Black snub-nosed monkey),152,37,111,,InterPro:IPR035076
A0A2K6LIA5,UPAR/Ly6 domain-containing protein,Rhinopithecus bieti (Black snub-nosed monkey),123,21,93,,InterPro:IPR035076
A0A2K6N7M5,Snake toxin/toxin-like domain-containing protein,Rhinopithecus roxellana (Golden snub-nosed monkey),184,63,137,,InterPro:IPR035076
A0A2K6N9R1,UPAR/Ly6 domain-containing protein,Rhinopithecus roxellana (Golden snub-nosed monkey),123,21,93,,InterPro:IPR035076
A0A2K6NJ21,UPAR/Ly6 domain-containing protein,Rhinopithecus roxellana (Golden snub-nosed monkey),125,23,100,,InterPro:IPR035076
A0A2K6QAM2,Snake toxin/toxin-like domain-containing protein,Rhinopithecus roxellana (Golden snub-nosed monkey),90,24,57,,InterPro:IPR035076
A0A2K6QBM7,Ly-6/neurotoxin-like protein 1,Rhinopithecus roxellana (Golden snub-nosed monkey),116,21,92,,InterPro:IPR035076
A0A2K6R9Q3,Snake toxin/toxin-like domain-containing protein,Rhinopithecus roxellana (Golden snub-nosed monkey),66,21,55,,InterPro:IPR035076
A0A2K6R9R8,UPAR/Ly6 domain-containing protein,Rhinopithecus roxellana (Golden snub-nosed monkey),131,21,99,,InterPro:IPR035076
A0A2K6RKA5,UPAR/Ly6 domain-containing protein,Rhinopithecus roxellana (Golden snub-nosed monkey),132,25,97,,InterPro:IPR035076
A0A2K6SLE7,Snake toxin/toxin-like domain-containing protein,Saimiri boliviensis boliviensis (Bolivian squirrel monkey),145,21,101,,InterPro:IPR035076
A0A2K6SXN9,UPAR/Ly6 domain-containing protein,Saimiri boliviensis boliviensis (Bolivian squirrel monkey),130,26,103,,InterPro:IPR035076
A0A2K6T5X8,UPAR/Ly6 domain-containing protein,Saimiri boliviensis boliviensis (Bolivian squirrel monkey),123,21,93,,InterPro:IPR035076
A0A2K6TCG5,Snake toxin/toxin-like domain-containing protein,Saimiri boliviensis boliviensis (Bolivian squirrel monkey),105,24,100,,InterPro:IPR035076
A0A2K6TG80,UPAR/Ly6 domain-containing protein,Saimiri boliviensis boliviensis (Bolivian squirrel monkey),122,21,93,,InterPro:IPR035076
A0A2K6UB69,Snake toxin/toxin-like domain-containing protein,Saimiri boliviensis boliviensis (Bolivian squirrel monkey),67,20,54,,InterPro:IPR035076
A0A2K6UB95,Snake toxin/toxin-like domain-containing protein,Saimiri boliviensis boliviensis (Bolivian squirrel monkey),67,20,54,,InterPro:IPR035076
A0A2K6UBA5,UPAR/Ly6 domain-containing protein,Saimiri boliviensis boliviensis (Bolivian squirrel monkey),130,20,98,,InterPro:IPR035076
A0A2K6UG81,Snake toxin/toxin-like domain-containing protein,Saimiri boliviensis boliviensis (Bolivian squirrel monkey),189,64,138,,InterPro:IPR035076
A0A2K6V419,Secreted Ly-6/uPAR domain-containing protein 2,Saimiri boliviensis boliviensis (Bolivian squirrel monkey),97,23,95,,InterPro:IPR035076
A0A2L1DHB9,Snake toxin/toxin-like domain-containing protein,Passerina cyanea (Indigo bunting),36,1,34,,InterPro:IPR035076
A0A2L1DHC5,Snake toxin/toxin-like domain-containing protein,Passerina cyanea (Indigo bunting),38,5,38,,InterPro:IPR035076
A0A2L1DHC6,Snake toxin/toxin-like domain-containing protein,Passer domesticus (House sparrow),38,1,35,,InterPro:IPR035076
A0A2L1DHC7,Snake toxin/toxin-like domain-containing protein,Fringilla coelebs (chaffinch),36,1,34,,InterPro:IPR035076
A0A2L1DHC8,Snake toxin/toxin-like domain-containing protein,Passer domesticus (House sparrow),38,5,38,,InterPro:IPR035076
A0A2L1DHD0,Snake toxin/toxin-like domain-containing protein,Fringilla coelebs (chaffinch),38,5,38,,InterPro:IPR035076
A0A2L1DHD1,Snake toxin/toxin-like domain-containing protein,Mimus polyglottos (Northern mockingbird),38,5,38,,InterPro:IPR035076
A0A2L1DHD2,Snake toxin/toxin-like domain-containing protein,Mimus polyglottos (Northern mockingbird),36,1,34,,InterPro:IPR035076
A0A2L1DHD4,Snake toxin/toxin-like domain-containing protein,Sturnus vulgaris (Starling),38,1,35,,InterPro:IPR035076
A0A2L1DHD8,Snake toxin/toxin-like domain-containing protein,Sturnus vulgaris (Starling),38,5,38,,InterPro:IPR035076
A0A2L1DHD9,Snake toxin/toxin-like domain-containing protein,Agelaius phoeniceus (Red-winged blackbird),38,5,38,,InterPro:IPR035076
A0A2L1DHE0,Snake toxin/toxin-like domain-containing protein,Agelaius phoeniceus (Red-winged blackbird),38,1,35,,InterPro:IPR035076
A0A2L1DHE1,Snake toxin/toxin-like domain-containing protein,Molothrus ater (Brown-headed cowbird),38,5,38,,InterPro:IPR035076
A0A2L1DHE5,Snake toxin/toxin-like domain-containing protein,Molothrus ater (Brown-headed cowbird),36,1,34,,InterPro:IPR035076
A0A2L1DHE9,Snake toxin/toxin-like domain-containing protein,Poecile atricapillus (Black-capped chickadee),38,4,38,,InterPro:IPR035076
A0A2L1DHF2,Snake toxin/toxin-like domain-containing protein,Poecile atricapillus (Black-capped chickadee),38,1,35,,InterPro:IPR035076
A0A2P4SHB4,UPAR/Ly6 domain-containing protein,Bambusicola thoracicus (Chinese bamboo-partridge),130,25,100,,InterPro:IPR035076
A0A2P4SPP3,UPAR/Ly6 domain-containing protein,Bambusicola thoracicus (Chinese bamboo-partridge),106,1,76,,InterPro:IPR035076
A0A2P4SRN5,UPAR/Ly6 domain-containing protein,Bambusicola thoracicus (Chinese bamboo-partridge),129,28,99,,InterPro:IPR035076
A0A2P4SSD7,Snake toxin/toxin-like domain-containing protein,Bambusicola thoracicus (Chinese bamboo-partridge),74,2,62,,InterPro:IPR035076
A0A2P4SZT6,UPAR/Ly6 domain-containing protein,Bambusicola thoracicus (Chinese bamboo-partridge),134,28,105,,InterPro:IPR035076
A0A2P4T595,UPAR/Ly6 domain-containing protein,Bambusicola thoracicus (Chinese bamboo-partridge),126,21,96,,InterPro:IPR035076
A0A2P4T5A1,Snake toxin/toxin-like domain-containing protein,Bambusicola thoracicus (Chinese bamboo-partridge),86,20,56,,InterPro:IPR035076
A0A2R5GYG0,Snake toxin/toxin-like domain-containing protein,Hondaea fermentalgiana,141,49,113,,InterPro:IPR035076
A0A2R8P502,Snake toxin/toxin-like domain-containing protein,Callithrix jacchus (White-tufted-ear marmoset),101,43,75,,InterPro:IPR035076
A0A2R8P619,Snake toxin/toxin-like domain-containing protein,Callithrix jacchus (White-tufted-ear marmoset),67,20,54,,InterPro:IPR035076
A0A2R8PDH1,Secreted Ly-6/uPAR domain-containing protein 2,Callithrix jacchus (White-tufted-ear marmoset),97,23,95,,InterPro:IPR035076
A0A2R8ZM16,UPAR/Ly6 domain-containing protein,Pan paniscus (Pygmy chimpanzee),125,23,100,,InterPro:IPR035076
A0A2R9AZY9,Snake toxin/toxin-like domain-containing protein,Pan paniscus (Pygmy chimpanzee),184,63,137,,InterPro:IPR035076
A0A2R9BDR1,Ly-6/neurotoxin-like protein 1,Pan paniscus (Pygmy chimpanzee),116,21,92,,InterPro:IPR035076
A0A2R9BDU6,UPAR/Ly6 domain-containing protein,Pan paniscus (Pygmy chimpanzee),123,21,93,,InterPro:IPR035076
A0A2R9BG19,Snake toxin/toxin-like domain-containing protein,Pan paniscus (Pygmy chimpanzee),165,42,122,,InterPro:IPR035076
A0A2R9BPL8,Snake toxin/toxin-like domain-containing protein,Pan paniscus (Pygmy chimpanzee),100,42,79,,InterPro:IPR035076
A0A2R9BRA8,Snake toxin/toxin-like domain-containing protein,Pan paniscus (Pygmy chimpanzee),66,21,55,,InterPro:IPR035076
A0A2R9BRZ1,UPAR/Ly6 domain-containing protein,Pan paniscus (Pygmy chimpanzee),131,21,99,,InterPro:IPR035076
A0A2R9C091,UPAR/Ly6 domain-containing protein,Pan paniscus (Pygmy chimpanzee),147,40,112,,InterPro:IPR035076
A0A2T7NKQ0,Snake toxin/toxin-like domain-containing protein,Pomacea canaliculata (Golden apple snail),430,30,76,,InterPro:IPR035076
A0A2T7P9N7,VWFD domain-containing protein,Pomacea canaliculata (Golden apple snail),4329,941,1014,,InterPro:IPR035076
A0A2U3V4C9,Ly-6/neurotoxin-like protein 1,Tursiops truncatus (Atlantic bottle-nosed dolphin),114,21,92,,InterPro:IPR035076
A0A2U3V9L7,UPAR/Ly6 domain-containing protein,Tursiops truncatus (Atlantic bottle-nosed dolphin),164,21,98,,InterPro:IPR035076
A0A2U3WB64,UPAR/Ly6 domain-containing protein,Odobenus rosmarus divergens (Pacific walrus),128,21,93,,InterPro:IPR035076
A0A2U3WB65,Ly-6/neurotoxin-like protein 1,Odobenus rosmarus divergens (Pacific walrus),116,21,92,,InterPro:IPR035076
A0A2U3WB72,UPAR/Ly6 domain-containing protein,Odobenus rosmarus divergens (Pacific walrus),301,198,270,,InterPro:IPR035076
A0A2U3X4C5,UPAR/Ly6 domain-containing protein,Odobenus rosmarus divergens (Pacific walrus),130,21,98,,InterPro:IPR035076
A0A2U3YR11,UPAR/Ly6 domain-containing protein,Leptonychotes weddellii (Weddell seal),126,25,101,,InterPro:IPR035076
A0A2U3YR12,UPAR/Ly6 domain-containing protein,Leptonychotes weddellii (Weddell seal),128,21,93,,InterPro:IPR035076
A0A2U3YRE4,Ly-6/neurotoxin-like protein 1,Leptonychotes weddellii (Weddell seal),116,21,92,,InterPro:IPR035076
A0A2U3YRF0,UPAR/Ly6 domain-containing protein,Leptonychotes weddellii (Weddell seal),128,24,101,,InterPro:IPR035076
A0A2U3YU38,Snake toxin/toxin-like domain-containing protein,Leptonychotes weddellii (Weddell seal),77,12,46,,InterPro:IPR035076
A0A2U3YYD3,UPAR/Ly6 domain-containing protein,Leptonychotes weddellii (Weddell seal),130,21,98,,InterPro:IPR035076
A0A2U3YYD8,Snake toxin/toxin-like domain-containing protein,Leptonychotes weddellii (Weddell seal),163,51,126,,InterPro:IPR035076
A0A2U9AZ53,Lipid scramblase CLPTM1L,Scophthalmus maximus (Turbot),586,479,558,,InterPro:IPR035076
A0A2U9BTK6,UPAR/Ly6 domain-containing protein,Scophthalmus maximus (Turbot),185,99,162,,InterPro:IPR035076
A0A2U9BU02,Snake toxin/toxin-like domain-containing protein,Scophthalmus maximus (Turbot),127,20,88,,InterPro:IPR035076
A0A2U9C5W4,UPAR/Ly6 domain-containing protein,Scophthalmus maximus (Turbot),222,115,193,,InterPro:IPR035076
A0A2Y9E5C5,UPAR/Ly6 domain-containing protein,Trichechus manatus latirostris (Florida manatee),124,21,93,,InterPro:IPR035076
A0A2Y9E5J5,UPAR/Ly6 domain-containing protein,Trichechus manatus latirostris (Florida manatee),131,23,100,,InterPro:IPR035076
A0A2Y9E5M7,Ly-6/neurotoxin-like protein 1,Trichechus manatus latirostris (Florida manatee),116,21,92,,InterPro:IPR035076
A0A2Y9E5R9,UPAR/Ly6 domain-containing protein,Trichechus manatus latirostris (Florida manatee),157,53,134,,InterPro:IPR035076
A0A2Y9E6P5,UPAR/Ly6 domain-containing protein,Trichechus manatus latirostris (Florida manatee),123,21,92,,InterPro:IPR035076
A0A2Y9E6T4,UPAR/Ly6 domain-containing protein,Trichechus manatus latirostris (Florida manatee),130,21,98,,InterPro:IPR035076
A0A2Y9FBI7,Ly-6/neurotoxin-like protein 1,Physeter macrocephalus (Sperm whale),114,21,92,,InterPro:IPR035076
A0A2Y9FBS2,UPAR/Ly6 domain-containing protein,Physeter macrocephalus (Sperm whale),128,21,93,,InterPro:IPR035076
A0A2Y9FDH3,UPAR/Ly6 domain-containing protein,Physeter macrocephalus (Sperm whale),124,21,93,,InterPro:IPR035076
A0A2Y9GXX0,Ly-6/neurotoxin-like protein 1,Neomonachus schauinslandi (Hawaiian monk seal),116,21,92,,InterPro:IPR035076
A0A2Y9GY70,UPAR/Ly6 domain-containing protein,Neomonachus schauinslandi (Hawaiian monk seal),128,21,93,,InterPro:IPR035076
A0A2Y9GYR3,UPAR/Ly6 domain-containing protein,Neomonachus schauinslandi (Hawaiian monk seal),124,21,93,,InterPro:IPR035076
A0A2Y9H2H9,UPAR/Ly6 domain-containing protein,Neomonachus schauinslandi (Hawaiian monk seal),130,21,98,,InterPro:IPR035076
A0A2Y9H3L3,UPAR/Ly6 domain-containing protein,Neomonachus schauinslandi (Hawaiian monk seal),128,24,101,,InterPro:IPR035076
A0A2Y9H3N6,Secreted Ly-6/uPAR domain-containing protein 2,Neomonachus schauinslandi (Hawaiian monk seal),95,21,93,,InterPro:IPR035076
A0A2Y9H541,Snake toxin/toxin-like domain-containing protein,Neomonachus schauinslandi (Hawaiian monk seal),172,60,135,,InterPro:IPR035076
A0A2Y9H5L6,UPAR/Ly6 domain-containing protein,Neomonachus schauinslandi (Hawaiian monk seal),126,25,101,,InterPro:IPR035076
A0A2Y9JAL2,UPAR/Ly6 domain-containing protein,Enhydra lutris kenyoni (northern sea otter),123,20,92,,InterPro:IPR035076
A0A2Y9JB28,Ly-6/neurotoxin-like protein 1,Enhydra lutris kenyoni (northern sea otter),116,21,92,,InterPro:IPR035076
A0A2Y9JCE5,Snake toxin/toxin-like domain-containing protein,Enhydra lutris kenyoni (northern sea otter),174,60,135,,InterPro:IPR035076
A0A2Y9JDG9,UPAR/Ly6 domain-containing protein,Enhydra lutris kenyoni (northern sea otter),131,21,93,,InterPro:IPR035076
A0A2Y9JEY9,UPAR/Ly6 domain-containing protein,Enhydra lutris kenyoni (northern sea otter),178,69,146,,InterPro:IPR035076
A0A2Y9JIQ7,UPAR/Ly6 domain-containing protein,Enhydra lutris kenyoni (northern sea otter),128,24,101,,InterPro:IPR035076
A0A2Y9JIU7,UPAR/Ly6 domain-containing protein,Enhydra lutris kenyoni (northern sea otter),120,21,89,,InterPro:IPR035076
A0A2Y9JJX5,Snake toxin/toxin-like domain-containing protein,Enhydra lutris kenyoni (northern sea otter),129,25,101,,InterPro:IPR035076
A0A2Y9JK68,UPAR/Ly6 domain-containing protein,Enhydra lutris kenyoni (northern sea otter),130,21,98,,InterPro:IPR035076
A0A2Y9LNB5,Snake toxin/toxin-like domain-containing protein,Delphinapterus leucas (Beluga whale),199,86,160,,InterPro:IPR035076
A0A2Y9LNC7,Ly-6/neurotoxin-like protein 1,Delphinapterus leucas (Beluga whale),114,21,92,,InterPro:IPR035076
A0A2Y9LR86,UPAR/Ly6 domain-containing protein,Delphinapterus leucas (Beluga whale),128,21,93,,InterPro:IPR035076
A0A2Y9LVY1,UPAR/Ly6 domain-containing protein,Delphinapterus leucas (Beluga whale),124,21,93,,InterPro:IPR035076
A0A2Y9M1E0,UPAR/Ly6 domain-containing protein,Delphinapterus leucas (Beluga whale),130,21,98,,InterPro:IPR035076
A0A2Z4N9S1,Snake toxin/toxin-like domain-containing protein,Philothamnus irregularis (brown tree snake),105,37,103,,InterPro:IPR035076
A0A2Z4N9S8,Snake toxin/toxin-like domain-containing protein,Philothamnus irregularis (brown tree snake),105,37,103,,InterPro:IPR035076
A0A2Z4N9X5,Snake toxin/toxin-like domain-containing protein,Philothamnus irregularis (brown tree snake),113,45,111,,InterPro:IPR035076
A0A2Z4NA19,Snake toxin/toxin-like domain-containing protein,Philothamnus irregularis (brown tree snake),91,21,90,,InterPro:IPR035076
A0A315W2J1,Snake toxin/toxin-like domain-containing protein,Gambusia affinis (Western mosquitofish),90,4,67,,InterPro:IPR035076
A0A315W4P7,Snake toxin/toxin-like domain-containing protein,Gambusia affinis (Western mosquitofish),70,2,58,,InterPro:IPR035076
A0A315W5G7,UPAR/Ly6 domain-containing protein,Gambusia affinis (Western mosquitofish),190,99,178,,InterPro:IPR035076
A0A315WD34,UPAR/Ly6 domain-containing protein,Gambusia affinis (Western mosquitofish),168,97,163,,InterPro:IPR035076
A0A337RWP8,Ly-6/neurotoxin-like protein 1,Felis catus (Cat),218,123,194,,InterPro:IPR035076
A0A337SJ42,UPAR/Ly6 domain-containing protein,Felis catus (Cat),130,21,93,,InterPro:IPR035076
A0A337ST09,UPAR/Ly6 domain-containing protein,Felis catus (Cat),178,62,137,,InterPro:IPR035076
A0A340XTG1,UPAR/Ly6 domain-containing protein,Lipotes vexillifer (Yangtze river dolphin),124,21,93,,InterPro:IPR035076
A0A340XTN0,UPAR/Ly6 domain-containing protein,Lipotes vexillifer (Yangtze river dolphin),130,21,98,,InterPro:IPR035076
A0A340XTN5,UPAR/Ly6 domain-containing protein,Lipotes vexillifer (Yangtze river dolphin),128,21,93,,InterPro:IPR035076
A0A340XTT2,Snake toxin/toxin-like domain-containing protein,Lipotes vexillifer (Yangtze river dolphin),136,41,119,,InterPro:IPR035076
A0A340XWP5,UPAR/Ly6 domain-containing protein,Lipotes vexillifer (Yangtze river dolphin),156,29,110,,InterPro:IPR035076
A0A340XWU3,Snake toxin/toxin-like domain-containing protein,Lipotes vexillifer (Yangtze river dolphin),212,99,173,,InterPro:IPR035076
A0A340XZ76,Ly-6/neurotoxin-like protein 1,Lipotes vexillifer (Yangtze river dolphin),114,21,92,,InterPro:IPR035076
A0A341B2L2,Snake toxin/toxin-like domain-containing protein,Neophocaena asiaeorientalis asiaeorientalis (Yangtze finless porpoise),199,86,160,,InterPro:IPR035076
A0A341B2Q2,Ly-6/neurotoxin-like protein 1,Neophocaena asiaeorientalis asiaeorientalis (Yangtze finless porpoise),114,21,92,,InterPro:IPR035076
A0A341B4E4,UPAR/Ly6 domain-containing protein,Neophocaena asiaeorientalis asiaeorientalis (Yangtze finless porpoise),128,21,93,,InterPro:IPR035076
A0A341B4E9,Snake toxin/toxin-like domain-containing protein,Neophocaena asiaeorientalis asiaeorientalis (Yangtze finless porpoise),209,96,170,,InterPro:IPR035076
A0A341B5X7,UPAR/Ly6 domain-containing protein,Neophocaena asiaeorientalis asiaeorientalis (Yangtze finless porpoise),124,21,93,,InterPro:IPR035076
A0A341B652,UPAR/Ly6 domain-containing protein,Neophocaena asiaeorientalis asiaeorientalis (Yangtze finless porpoise),130,21,98,,InterPro:IPR035076
A0A346CIA8,Snake toxin/toxin-like domain-containing protein,Spilotes sulphureus (Amazon puffing snake),91,21,90,,InterPro:IPR035076
A0A368FPY0,Snake toxin/toxin-like domain-containing protein,Ancylostoma caninum (Dog hookworm),118,23,81,,InterPro:IPR035076
A0A383YVN5,UPAR/Ly6 domain-containing protein,Balaenoptera acutorostrata scammoni (North Pacific minke whale),124,21,93,,InterPro:IPR035076
A0A383YVN7,Snake toxin/toxin-like domain-containing protein,Balaenoptera acutorostrata scammoni (North Pacific minke whale),204,91,165,,InterPro:IPR035076
A0A383YVP7,Snake toxin/toxin-like domain-containing protein,Balaenoptera acutorostrata scammoni (North Pacific minke whale),161,29,110,,InterPro:IPR035076
A0A383YVQ0,Snake toxin/toxin-like domain-containing protein,Balaenoptera acutorostrata scammoni (North Pacific minke whale),172,59,133,,InterPro:IPR035076
A0A383YVQ7,UPAR/Ly6 domain-containing protein,Balaenoptera acutorostrata scammoni (North Pacific minke whale),130,21,98,,InterPro:IPR035076
A0A383YVV2,Snake toxin/toxin-like domain-containing protein,Balaenoptera acutorostrata scammoni (North Pacific minke whale),203,90,164,,InterPro:IPR035076
A0A383YVW3,Ly-6/neurotoxin-like protein 1,Balaenoptera acutorostrata scammoni (North Pacific minke whale),114,21,92,,InterPro:IPR035076
A0A383YW66,Snake toxin/toxin-like domain-containing protein,Balaenoptera acutorostrata scammoni (North Pacific minke whale),213,100,174,,InterPro:IPR035076
A0A384BIA6,UPAR/Ly6 domain-containing protein,Ursus maritimus (Polar bear),174,60,135,,InterPro:IPR035076
A0A384CR43,Snake toxin/toxin-like domain-containing protein,Ursus maritimus (Polar bear),130,39,115,,InterPro:IPR035076
A0A384CR58,Secreted Ly-6/uPAR domain-containing protein 2,Ursus maritimus (Polar bear),97,23,95,,InterPro:IPR035076
A0A384CS19,Ly-6/neurotoxin-like protein 1,Ursus maritimus (Polar bear),114,21,92,,InterPro:IPR035076
A0A384CS38,Lymphocyte antigen 6D,Ursus maritimus (Polar bear),128,21,93,,InterPro:IPR035076
A0A3B1IIG1,UPAR/Ly6 domain-containing protein,Astyanax mexicanus (Blind cave fish),206,113,183,,InterPro:IPR035076
A0A3B1ISK3,UPAR/Ly6 domain-containing protein,Astyanax mexicanus (Blind cave fish),242,140,210,,InterPro:IPR035076
A0A3B1IXS7,UPAR/Ly6 domain-containing protein,Astyanax mexicanus (Blind cave fish),212,119,189,,InterPro:IPR035076
A0A3B1IYY8,Snake toxin/toxin-like domain-containing protein,Astyanax mexicanus (Blind cave fish),73,6,72,,InterPro:IPR035076
A0A3B1JIR9,Snake toxin/toxin-like domain-containing protein,Astyanax mexicanus (Blind cave fish),118,12,80,,InterPro:IPR035076
A0A3B1JK22,UPAR/Ly6 domain-containing protein,Astyanax mexicanus (Blind cave fish),214,112,182,,InterPro:IPR035076
A0A3B1JMD6,UPAR/Ly6 domain-containing protein,Astyanax mexicanus (Blind cave fish),147,55,117,,InterPro:IPR035076
A0A3B1JQ72,UPAR/Ly6 domain-containing protein,Astyanax mexicanus (Blind cave fish),127,20,98,,InterPro:IPR035076
A0A3B1JTA1,UPAR/Ly6 domain-containing protein,Astyanax mexicanus (Blind cave fish),215,112,182,,InterPro:IPR035076
A0A3B1KAW7,Snake toxin/toxin-like domain-containing protein,Astyanax mexicanus (Blind cave fish),242,140,210,,InterPro:IPR035076
A0A3B1KDA0,UPAR/Ly6 domain-containing protein,Astyanax mexicanus (Blind cave fish),214,112,182,,InterPro:IPR035076
A0A3B1KLZ3,UPAR/Ly6 domain-containing protein,Astyanax mexicanus (Blind cave fish),242,140,210,,InterPro:IPR035076
A0A3B3C2Q8,Snake toxin/toxin-like domain-containing protein,Oryzias melastigma (Marine medaka),100,25,98,,InterPro:IPR035076
A0A3B3C570,Snake toxin/toxin-like domain-containing protein,Oryzias melastigma (Marine medaka),94,19,92,,InterPro:IPR035076
A0A3B3C5Y7,UPAR/Ly6 domain-containing protein,Oryzias melastigma (Marine medaka),199,104,171,,InterPro:IPR035076
A0A3B3CGG4,UPAR/Ly6 domain-containing protein,Oryzias melastigma (Marine medaka),206,115,183,,InterPro:IPR035076
A0A3B3CGU6,UPAR/Ly6 domain-containing protein,Oryzias melastigma (Marine medaka),399,124,195,,InterPro:IPR035076
A0A3B3CH93,UPAR/Ly6 domain-containing protein,Oryzias melastigma (Marine medaka),205,19,98,,InterPro:IPR035076
A0A3B3CHM9,UPAR/Ly6 domain-containing protein,Oryzias melastigma (Marine medaka),569,124,195,,InterPro:IPR035076
A0A3B3DEL9,UPAR/Ly6 domain-containing protein,Oryzias melastigma (Marine medaka),206,120,183,,InterPro:IPR035076
A0A3B3I4N2,UPAR/Ly6 domain-containing protein,Oryzias latipes (Japanese rice fish),209,114,188,,InterPro:IPR035076
A0A3B3I5B9,Snake toxin/toxin-like domain-containing protein,Oryzias latipes (Japanese rice fish),121,45,111,,InterPro:IPR035076
A0A3B3Q4D2,Snake toxin/toxin-like domain-containing protein,Paramormyrops kingsleyae,139,21,104,,InterPro:IPR035076
A0A3B3Q5L1,Snake toxin/toxin-like domain-containing protein,Paramormyrops kingsleyae,127,32,98,,InterPro:IPR035076
A0A3B3Q5P8,UPAR/Ly6 domain-containing protein,Paramormyrops kingsleyae,125,19,96,,InterPro:IPR035076
A0A3B3RHT0,UPAR/Ly6 domain-containing protein,Paramormyrops kingsleyae,169,74,145,,InterPro:IPR035076
A0A3B3RIH9,UPAR/Ly6 domain-containing protein,Paramormyrops kingsleyae,242,149,219,,InterPro:IPR035076
A0A3B3SJV0,Snake toxin/toxin-like domain-containing protein,Paramormyrops kingsleyae,124,20,100,,InterPro:IPR035076
A0A3B3UD57,UPAR/Ly6 domain-containing protein,Poecilia latipinna (sailfin molly),117,12,90,,InterPro:IPR035076
A0A3B3UD98,Snake toxin/toxin-like domain-containing protein,Poecilia latipinna (sailfin molly),106,14,95,,InterPro:IPR035076
A0A3B3UHZ6,UPAR/Ly6 domain-containing protein,Poecilia latipinna (sailfin molly),118,19,95,,InterPro:IPR035076
A0A3B3VJU1,UPAR/Ly6 domain-containing protein,Poecilia latipinna (sailfin molly),206,116,183,,InterPro:IPR035076
A0A3B3VKJ0,Snake toxin/toxin-like domain-containing protein,Poecilia latipinna (sailfin molly),158,59,129,,InterPro:IPR035076
A0A3B3XDD9,UPAR/Ly6 domain-containing protein,Poecilia mexicana,142,58,119,,InterPro:IPR035076
A0A3B3XDI9,UPAR/Ly6 domain-containing protein,Poecilia mexicana,152,59,125,,InterPro:IPR035076
A0A3B3XT67,UPAR/Ly6 domain-containing protein,Poecilia mexicana,207,118,184,,InterPro:IPR035076
A0A3B3Y698,UPAR/Ly6 domain-containing protein,Poecilia mexicana,117,19,95,,InterPro:IPR035076
A0A3B3Y6N2,UPAR/Ly6 domain-containing protein,Poecilia mexicana,123,28,100,,InterPro:IPR035076
A0A3B3Y7I2,Snake toxin/toxin-like domain-containing protein,Poecilia mexicana,176,91,153,,InterPro:IPR035076
A0A3B3Y7I2,Snake toxin/toxin-like domain-containing protein,Poecilia mexicana,176,7,73,,InterPro:IPR035076
A0A3B3YQ22,UPAR/Ly6 domain-containing protein,Poecilia mexicana,206,116,183,,InterPro:IPR035076
A0A3B4ACZ3,UPAR/Ly6 domain-containing protein,Periophthalmus magnuspinnatus,204,111,179,,InterPro:IPR035076
A0A3B4B0B5,Snake toxin/toxin-like domain-containing protein,Periophthalmus magnuspinnatus,91,19,89,,InterPro:IPR035076
A0A3B4BD77,Snake toxin/toxin-like domain-containing protein,Periophthalmus magnuspinnatus,127,28,100,,InterPro:IPR035076
A0A3B4BKM4,UPAR/Ly6 domain-containing protein,Periophthalmus magnuspinnatus,142,56,118,,InterPro:IPR035076
A0A3B4CVN6,UPAR/Ly6 domain-containing protein,Pygocentrus nattereri (Red-bellied piranha),127,20,98,,InterPro:IPR035076
A0A3B4D3N9,UPAR/Ly6 domain-containing protein,Pygocentrus nattereri (Red-bellied piranha),206,113,183,,InterPro:IPR035076
A0A3B4D5H9,UPAR/Ly6 domain-containing protein,Pygocentrus nattereri (Red-bellied piranha),227,120,189,,InterPro:IPR035076
A0A3B4EG41,UPAR/Ly6 domain-containing protein,Pygocentrus nattereri (Red-bellied piranha),205,112,182,,InterPro:IPR035076
A0A3B4F548,Snake toxin/toxin-like domain-containing protein,Pundamilia nyererei,123,18,97,,InterPro:IPR035076
A0A3B4GKY7,Snake toxin/toxin-like domain-containing protein,Pundamilia nyererei,131,25,93,,InterPro:IPR035076
A0A3B4T6C0,Uncharacterized protein,Seriola dumerili (Greater amberjack),180,85,156,,InterPro:IPR035076
A0A3B4TF31,UPAR/Ly6 domain-containing protein,Seriola dumerili (Greater amberjack),112,26,89,,InterPro:IPR035076
A0A3B4UV42,UPAR/Ly6 domain-containing protein,Seriola dumerili (Greater amberjack),120,15,94,,InterPro:IPR035076
A0A3B4VAU6,Snake toxin/toxin-like domain-containing protein,Seriola dumerili (Greater amberjack),92,18,92,,InterPro:IPR035076
A0A3B4WA99,Snake toxin/toxin-like domain-containing protein,Seriola lalandi dorsalis,127,20,88,,InterPro:IPR035076
A0A3B4YKG3,UPAR/Ly6 domain-containing protein,Seriola lalandi dorsalis,105,19,82,,InterPro:IPR035076
A0A3B4Z7Q7,UPAR/Ly6 domain-containing protein,Stegastes partitus (bicolor damselfish),160,56,135,,InterPro:IPR035076
A0A3B4Z7U6,UPAR/Ly6 domain-containing protein,Stegastes partitus (bicolor damselfish),133,29,108,,InterPro:IPR035076
A0A3B5API4,UPAR/Ly6 domain-containing protein,Stegastes partitus (bicolor damselfish),207,114,184,,InterPro:IPR035076
A0A3B5KJS2,UPAR/Ly6 domain-containing protein,Takifugu rubripes (Japanese pufferfish),204,115,181,,InterPro:IPR035076
A0A3B5LY09,UPAR/Ly6 domain-containing protein,Xiphophorus couchianus (Monterrey platyfish),209,66,137,,InterPro:IPR035076
A0A3B5LYA3,UPAR/Ly6 domain-containing protein,Xiphophorus couchianus (Monterrey platyfish),174,80,151,,InterPro:IPR035076
A0A3B5LYC4,UPAR/Ly6 domain-containing protein,Xiphophorus couchianus (Monterrey platyfish),164,59,131,,InterPro:IPR035076
A0A3B5LYV9,UPAR/Ly6 domain-containing protein,Xiphophorus couchianus (Monterrey platyfish),184,88,156,,InterPro:IPR035076
A0A3B5M2X1,UPAR/Ly6 domain-containing protein,Xiphophorus couchianus (Monterrey platyfish),121,16,88,,InterPro:IPR035076
A0A3B5M3Y0,UPAR/Ly6 domain-containing protein,Xiphophorus couchianus (Monterrey platyfish),190,101,167,,InterPro:IPR035076
A0A3B5MB32,UPAR/Ly6 domain-containing protein,Xiphophorus couchianus (Monterrey platyfish),173,65,132,,InterPro:IPR035076
A0A3B5MF16,Snake toxin/toxin-like domain-containing protein,Xiphophorus couchianus (Monterrey platyfish),106,17,88,,InterPro:IPR035076
A0A3B5MG42,Snake toxin/toxin-like domain-containing protein,Xiphophorus couchianus (Monterrey platyfish),131,27,95,,InterPro:IPR035076
A0A3B5MKE8,UPAR/Ly6 domain-containing protein,Xiphophorus couchianus (Monterrey platyfish),106,4,80,,InterPro:IPR035076
A0A3B5MQJ0,Snake toxin/toxin-like domain-containing protein,Xiphophorus couchianus (Monterrey platyfish),90,16,86,,InterPro:IPR035076
A0A3B5PR86,UPAR/Ly6 domain-containing protein,Xiphophorus maculatus (Southern platyfish),183,105,171,,InterPro:IPR035076
A0A3B5PYL5,UPAR/Ly6 domain-containing protein,Xiphophorus maculatus (Southern platyfish),190,101,167,,InterPro:IPR035076
A0A3B5Q1G5,UPAR/Ly6 domain-containing protein,Xiphophorus maculatus (Southern platyfish),218,113,183,,InterPro:IPR035076
A0A3B5Q822,UPAR/Ly6 domain-containing protein,Xiphophorus maculatus (Southern platyfish),222,117,187,,InterPro:IPR035076
A0A3B5QHV7,UPAR/Ly6 domain-containing protein,Xiphophorus maculatus (Southern platyfish),218,113,183,,InterPro:IPR035076
A0A3B5QLT0,Snake toxin/toxin-like domain-containing protein,Xiphophorus maculatus (Southern platyfish),124,20,88,,InterPro:IPR035076
A0A3B5QLV9,UPAR/Ly6 domain-containing protein,Xiphophorus maculatus (Southern platyfish),190,90,161,,InterPro:IPR035076
A0A3B5QR19,UPAR/Ly6 domain-containing protein,Xiphophorus maculatus (Southern platyfish),204,116,182,,InterPro:IPR035076
A0A3B5QVT8,UPAR/Ly6 domain-containing protein,Xiphophorus maculatus (Southern platyfish),154,62,136,,InterPro:IPR035076
A0A3B5R0A1,UPAR/Ly6 domain-containing protein,Xiphophorus maculatus (Southern platyfish),175,81,152,,InterPro:IPR035076
A0A3B5R0X4,UPAR/Ly6 domain-containing protein,Xiphophorus maculatus (Southern platyfish),218,113,183,,InterPro:IPR035076
A0A3B5R255,UPAR/Ly6 domain-containing protein,Xiphophorus maculatus (Southern platyfish),166,66,137,,InterPro:IPR035076
A0A3B5R2K0,UPAR/Ly6 domain-containing protein,Xiphophorus maculatus (Southern platyfish),200,109,177,,InterPro:IPR035076
A0A3B5R5X0,UPAR/Ly6 domain-containing protein,Xiphophorus maculatus (Southern platyfish),217,113,182,,InterPro:IPR035076
A0A3B5R9C1,UPAR/Ly6 domain-containing protein,Xiphophorus maculatus (Southern platyfish),222,117,187,,InterPro:IPR035076
A0A3B5RB41,Snake toxin/toxin-like domain-containing protein,Xiphophorus maculatus (Southern platyfish),150,46,117,,InterPro:IPR035076
A0A3L7I3K9,UPAR/Ly6 domain-containing protein,Cricetulus griseus (Chinese hamster),124,21,93,,InterPro:IPR035076
A0A3L8SZV6,UPAR/Ly6 domain-containing protein,Chloebia gouldiae (Gouldian finch),130,24,101,,InterPro:IPR035076
A0A3L8T0G0,UPAR/Ly6 domain-containing protein,Chloebia gouldiae (Gouldian finch),243,138,213,,InterPro:IPR035076
A0A3L8T0V0,UPAR/Ly6 domain-containing protein,Chloebia gouldiae (Gouldian finch),126,21,96,,InterPro:IPR035076
A0A3L8T114,UPAR/Ly6 domain-containing protein,Chloebia gouldiae (Gouldian finch),109,21,97,,InterPro:IPR035076
A0A3L8T146,UPAR/Ly6 domain-containing protein,Chloebia gouldiae (Gouldian finch),126,21,96,,InterPro:IPR035076
A0A3L8T1I0,UPAR/Ly6 domain-containing protein,Chloebia gouldiae (Gouldian finch),126,21,96,,InterPro:IPR035076
A0A3L8T1I3,UPAR/Ly6 domain-containing protein,Chloebia gouldiae (Gouldian finch),122,21,92,,InterPro:IPR035076
A0A3M0KNA8,UPAR/Ly6 domain-containing protein,Hirundo rustica rustica,126,21,96,,InterPro:IPR035076
A0A3M0KNA9,UPAR/Ly6 domain-containing protein,Hirundo rustica rustica,451,345,419,,InterPro:IPR035076
A0A3M0KNA9,UPAR/Ly6 domain-containing protein,Hirundo rustica rustica,451,21,92,,InterPro:IPR035076
A0A3M0KNM4,UPAR/Ly6 domain-containing protein,Hirundo rustica rustica,126,21,96,,InterPro:IPR035076
A0A3M0KNN6,UPAR/Ly6 domain-containing protein,Hirundo rustica rustica,127,21,98,,InterPro:IPR035076
A0A3M0KNS9,UPAR/Ly6 domain-containing protein,Hirundo rustica rustica,126,21,96,,InterPro:IPR035076
A0A3M0KQ32,Snake toxin/toxin-like domain-containing protein,Hirundo rustica rustica,89,21,66,,InterPro:IPR035076
A0A3M0KTJ0,UPAR/Ly6 domain-containing protein,Hirundo rustica rustica,127,22,97,,InterPro:IPR035076
A0A3M6UV60,UPAR/Ly6 domain-containing protein,Pocillopora damicornis (Cauliflower coral),209,123,202,,InterPro:IPR035076
A0A3M7P5S9,Snake toxin/toxin-like domain-containing protein,Brachionus plicatilis (Marine rotifer),76,25,75,,InterPro:IPR035076
A0A3M7P7D5,Snake toxin/toxin-like domain-containing protein,Brachionus plicatilis (Marine rotifer),95,21,90,,InterPro:IPR035076
A0A3M7PIG9,Snake toxin/toxin-like domain-containing protein,Brachionus plicatilis (Marine rotifer),121,24,96,,InterPro:IPR035076
A0A3M7PKT0,UPAR/Ly6 domain-containing protein,Brachionus plicatilis (Marine rotifer),117,23,92,,InterPro:IPR035076
A0A3M7Q1X2,Snake toxin/toxin-like domain-containing protein,Brachionus plicatilis (Marine rotifer),130,23,119,,InterPro:IPR035076
A0A3M7Q6P4,Snake toxin/toxin-like domain-containing protein,Brachionus plicatilis (Marine rotifer),119,23,94,,InterPro:IPR035076
A0A3M7Q7B1,Snake toxin/toxin-like domain-containing protein,Brachionus plicatilis (Marine rotifer),107,23,89,,InterPro:IPR035076
A0A3M7QI70,Tesmin/TSO1-like CXC domain-containing protein,Brachionus plicatilis (Marine rotifer),303,23,91,,InterPro:IPR035076
A0A3M7RAU9,Snake toxin/toxin-like domain-containing protein,Brachionus plicatilis (Marine rotifer),118,25,93,,InterPro:IPR035076
A0A3M7S2J2,Snake toxin/toxin-like domain-containing protein,Brachionus plicatilis (Marine rotifer),148,69,139,,InterPro:IPR035076
A0A3M7S4T3,Snake toxin/toxin-like domain-containing protein,Brachionus plicatilis (Marine rotifer),88,21,87,,InterPro:IPR035076
A0A3M7SEF5,UPAR/Ly6 domain-containing protein,Brachionus plicatilis (Marine rotifer),201,9,77,,InterPro:IPR035076
A0A3M7SEF5,UPAR/Ly6 domain-containing protein,Brachionus plicatilis (Marine rotifer),201,106,175,,InterPro:IPR035076
A0A3M7SVS3,Snake toxin/toxin-like domain-containing protein,Brachionus plicatilis (Marine rotifer),253,137,192,,InterPro:IPR035076
A0A3M7T3T7,UPAR/Ly6 domain-containing protein,Brachionus plicatilis (Marine rotifer),433,25,93,,InterPro:IPR035076
A0A3M7T3T7,UPAR/Ly6 domain-containing protein,Brachionus plicatilis (Marine rotifer),433,347,419,,InterPro:IPR035076
A0A3M7T3T7,UPAR/Ly6 domain-containing protein,Brachionus plicatilis (Marine rotifer),433,185,253,,InterPro:IPR035076
A0A3M7T3T7,UPAR/Ly6 domain-containing protein,Brachionus plicatilis (Marine rotifer),433,105,173,,InterPro:IPR035076
A0A3M7T3T7,UPAR/Ly6 domain-containing protein,Brachionus plicatilis (Marine rotifer),433,265,333,,InterPro:IPR035076
A0A3M7T9B0,Snake toxin/toxin-like domain-containing protein,Brachionus plicatilis (Marine rotifer),204,41,92,,InterPro:IPR035076
A0A3N0XCQ7,Snake toxin/toxin-like domain-containing protein,Anabarilius grahami (Kanglang fish),76,21,75,,InterPro:IPR035076
A0A3N0XSM9,UPAR/Ly6 domain-containing protein,Anabarilius grahami (Kanglang fish),290,130,195,,InterPro:IPR035076
A0A3N0XST3,Uncharacterized protein,Anabarilius grahami (Kanglang fish),168,79,145,,InterPro:IPR035076
A0A3N0XST6,MAC-inhibitory protein,Anabarilius grahami (Kanglang fish),215,127,192,,InterPro:IPR035076
A0A3N0YBQ0,UPAR/Ly6 domain-containing protein,Anabarilius grahami (Kanglang fish),202,110,179,,InterPro:IPR035076
A0A3N0YV41,UPAR/Ly6 domain-containing protein,Anabarilius grahami (Kanglang fish),235,111,179,,InterPro:IPR035076
A0A3N0YV41,UPAR/Ly6 domain-containing protein,Anabarilius grahami (Kanglang fish),235,20,96,,InterPro:IPR035076
A0A3N0YV62,UPAR/Ly6 domain-containing protein,Anabarilius grahami (Kanglang fish),199,110,176,,InterPro:IPR035076
A0A3N0YV69,UPAR/Ly6 domain-containing protein,Anabarilius grahami (Kanglang fish),140,12,48,,InterPro:IPR035076
A0A3N0YV69,UPAR/Ly6 domain-containing protein,Anabarilius grahami (Kanglang fish),140,63,129,,InterPro:IPR035076
A0A3N0YVT3,CCHC-type domain-containing protein,Anabarilius grahami (Kanglang fish),428,339,405,,InterPro:IPR035076
A0A3N0YWG8,UPAR/Ly6 domain-containing protein,Anabarilius grahami (Kanglang fish),197,108,174,,InterPro:IPR035076
A0A3P6RAZ9,Snake toxin/toxin-like domain-containing protein,Gongylonema pulchrum,104,14,80,,InterPro:IPR035076
A0A3P7IUE3,Snake toxin/toxin-like domain-containing protein,Strongylus vulgaris (Blood worm),89,23,78,,InterPro:IPR035076
A0A3P7YT33,Snake toxin/toxin-like domain-containing protein,Heligmosomoides polygyrus (Parasitic roundworm),131,38,96,,InterPro:IPR035076
A0A3P8GC30,Snake toxin/toxin-like domain-containing protein,Schistosoma margrebowiei,110,13,83,,InterPro:IPR035076
A0A3P8R956,UPAR/Ly6 domain-containing protein,Astatotilapia calliptera (Eastern happy),201,109,178,,InterPro:IPR035076
A0A3P8R956,UPAR/Ly6 domain-containing protein,Astatotilapia calliptera (Eastern happy),201,19,94,,InterPro:IPR035076
A0A3P8T469,UPAR/Ly6 domain-containing protein,Amphiprion percula (Orange clownfish),128,19,97,,InterPro:IPR035076
A0A3P8TSK2,Snake toxin/toxin-like domain-containing protein,Amphiprion percula (Orange clownfish),105,19,82,,InterPro:IPR035076
A0A3P8V8D3,UPAR/Ly6 domain-containing protein,Cynoglossus semilaevis (Tongue sole),205,115,182,,InterPro:IPR035076
A0A3P8Z5A0,UPAR/Ly6 domain-containing protein,Esox lucius (Northern pike),131,18,102,,InterPro:IPR035076
A0A3P9C4T0,Snake toxin/toxin-like domain-containing protein,Maylandia zebra (zebra mbuna),219,127,196,,InterPro:IPR035076
A0A3P9C4T0,Snake toxin/toxin-like domain-containing protein,Maylandia zebra (zebra mbuna),219,28,112,,InterPro:IPR035076
A0A3P9C561,UPAR/Ly6 domain-containing protein,Maylandia zebra (zebra mbuna),195,19,88,,InterPro:IPR035076
A0A3P9C561,UPAR/Ly6 domain-containing protein,Maylandia zebra (zebra mbuna),195,103,172,,InterPro:IPR035076
A0A3P9CKJ2,Snake toxin/toxin-like domain-containing protein,Maylandia zebra (zebra mbuna),126,20,88,,InterPro:IPR035076
A0A3P9DHG5,Snake toxin/toxin-like domain-containing protein,Maylandia zebra (zebra mbuna),123,18,97,,InterPro:IPR035076
A0A3P9H1A8,Snake toxin/toxin-like domain-containing protein,Oryzias latipes (Japanese rice fish),106,29,104,,InterPro:IPR035076
A0A3P9H1F9,Snake toxin/toxin-like domain-containing protein,Oryzias latipes (Japanese rice fish),107,30,105,,InterPro:IPR035076
A0A3P9H3N2,UPAR/Ly6 domain-containing protein,Oryzias latipes (Japanese rice fish),209,114,188,,InterPro:IPR035076
A0A3P9H3P4,UPAR/Ly6 domain-containing protein,Oryzias latipes (Japanese rice fish),205,110,184,,InterPro:IPR035076
A0A3P9H425,UPAR/Ly6 domain-containing protein,Oryzias latipes (Japanese rice fish),230,141,207,,InterPro:IPR035076
A0A3P9IBC2,UPAR/Ly6 domain-containing protein,Oryzias latipes (Japanese rice fish),195,103,172,,InterPro:IPR035076
A0A3P9IQR6,Snake toxin/toxin-like domain-containing protein,Oryzias latipes (Japanese rice fish),118,15,83,,InterPro:IPR035076
A0A3P9ITB9,UPAR/Ly6 domain-containing protein,Oryzias latipes (Japanese rice fish),204,115,181,,InterPro:IPR035076
A0A3P9KT32,Snake toxin/toxin-like domain-containing protein,Oryzias latipes (Japanese rice fish),130,27,95,,InterPro:IPR035076
A0A3P9L3P5,UPAR/Ly6 domain-containing protein,Oryzias latipes (Japanese rice fish),131,29,101,,InterPro:IPR035076
A0A3P9L9J8,Snake toxin/toxin-like domain-containing protein,Oryzias latipes (Japanese rice fish),258,127,195,,InterPro:IPR035076
A0A3P9LS87,Snake toxin/toxin-like domain-containing protein,Oryzias latipes (Japanese rice fish),102,19,79,,InterPro:IPR035076
A0A3P9MIP7,UPAR/Ly6 domain-containing protein,Oryzias latipes (Japanese rice fish),170,75,149,,InterPro:IPR035076
A0A3P9N6F0,UPAR/Ly6 domain-containing protein,Poecilia reticulata (Guppy),156,51,123,,InterPro:IPR035076
A0A3P9N8U6,UPAR/Ly6 domain-containing protein,Poecilia reticulata (Guppy),208,119,185,,InterPro:IPR035076
A0A3P9NFM1,UPAR/Ly6 domain-containing protein,Poecilia reticulata (Guppy),208,116,185,,InterPro:IPR035076
A0A3P9NXU1,Snake toxin/toxin-like domain-containing protein,Poecilia reticulata (Guppy),98,3,72,,InterPro:IPR035076
A0A3P9P1D9,UPAR/Ly6 domain-containing protein,Poecilia reticulata (Guppy),208,116,186,,InterPro:IPR035076
A0A3P9P7U9,UPAR/Ly6 domain-containing protein,Poecilia reticulata (Guppy),206,112,176,,InterPro:IPR035076
A0A3Q0DHL8,Secreted Ly-6/uPAR domain-containing protein 2,Mesocricetus auratus (Golden hamster),131,21,53,,InterPro:IPR035076
A0A3Q0EBT9,UPAR/Ly6 domain-containing protein,Carlito syrichta (Philippine tarsier),195,24,100,,InterPro:IPR035076
A0A3Q0KD07,Snake toxin/toxin-like domain-containing protein,Schistosoma mansoni (Blood fluke),126,29,99,,InterPro:IPR035076
A0A3Q0QZB7,Snake toxin/toxin-like domain-containing protein,Amphilophus citrinellus (Midas cichlid),91,21,91,,InterPro:IPR035076
A0A3Q0R182,UPAR/Ly6 domain-containing protein,Amphilophus citrinellus (Midas cichlid),203,114,180,,InterPro:IPR035076
A0A3Q0R1E3,UPAR/Ly6 domain-containing protein,Amphilophus citrinellus (Midas cichlid),205,112,182,,InterPro:IPR035076
A0A3Q0R9C8,UPAR/Ly6 domain-containing protein,Amphilophus citrinellus (Midas cichlid),194,19,89,,InterPro:IPR035076
A0A3Q0RBA5,UPAR/Ly6 domain-containing protein,Amphilophus citrinellus (Midas cichlid),104,19,81,,InterPro:IPR035076
A0A3Q0RBV6,UPAR/Ly6 domain-containing protein,Amphilophus citrinellus (Midas cichlid),104,19,81,,InterPro:IPR035076
A0A3Q0RPV6,UPAR/Ly6 domain-containing protein,Amphilophus citrinellus (Midas cichlid),208,115,185,,InterPro:IPR035076
A0A3Q0S1S9,UPAR/Ly6 domain-containing protein,Amphilophus citrinellus (Midas cichlid),116,11,90,,InterPro:IPR035076
A0A3Q0SKH4,Snake toxin/toxin-like domain-containing protein,Amphilophus citrinellus (Midas cichlid),133,27,95,,InterPro:IPR035076
A0A3Q1EEG2,Snake toxin/toxin-like domain-containing protein,Acanthochromis polyacanthus (spiny chromis),110,24,87,,InterPro:IPR035076
A0A3Q1EX07,Snake toxin/toxin-like domain-containing protein,Acanthochromis polyacanthus (spiny chromis),210,106,175,,InterPro:IPR035076
A0A3Q1EZC9,UPAR/Ly6 domain-containing protein,Acanthochromis polyacanthus (spiny chromis),150,51,123,,InterPro:IPR035076
A0A3Q1F0P7,UPAR/Ly6 domain-containing protein,Acanthochromis polyacanthus (spiny chromis),206,114,183,,InterPro:IPR035076
A0A3Q1I0L2,UPAR/Ly6 domain-containing protein,Anabas testudineus (Climbing perch),207,114,184,,InterPro:IPR035076
A0A3Q1I3M3,Snake toxin/toxin-like domain-containing protein,Anabas testudineus (Climbing perch),87,17,87,,InterPro:IPR035076
A0A3Q1I471,UPAR/Ly6 domain-containing protein,Anabas testudineus (Climbing perch),207,114,184,,InterPro:IPR035076
A0A3Q1J0J8,UPAR/Ly6 domain-containing protein,Anabas testudineus (Climbing perch),105,19,82,,InterPro:IPR035076
A0A3Q1KFZ0,UPAR/Ly6 domain-containing protein,Anabas testudineus (Climbing perch),124,20,98,,InterPro:IPR035076
A0A3Q1MPP4,Snake toxin/toxin-like domain-containing protein,Bos taurus (Bovine),171,59,132,,InterPro:IPR035076
A0A3Q2CAQ0,UPAR/Ly6 domain-containing protein,Cyprinodon variegatus (Sheepshead minnow),202,107,180,,InterPro:IPR035076
A0A3Q2CFW6,Uncharacterized protein,Cyprinodon variegatus (Sheepshead minnow),195,106,171,,InterPro:IPR035076
A0A3Q2CUX1,Snake toxin/toxin-like domain-containing protein,Cyprinodon variegatus (Sheepshead minnow),124,20,88,,InterPro:IPR035076
A0A3Q2D4Y5,UPAR/Ly6 domain-containing protein,Cyprinodon variegatus (Sheepshead minnow),207,114,184,,InterPro:IPR035076
A0A3Q2D662,UPAR/Ly6 domain-containing protein,Cyprinodon variegatus (Sheepshead minnow),123,16,88,,InterPro:IPR035076
A0A3Q2DGA3,UPAR/Ly6 domain-containing protein,Cyprinodon variegatus (Sheepshead minnow),216,124,194,,InterPro:IPR035076
A0A3Q2G9W1,UPAR/Ly6 domain-containing protein,Cyprinodon variegatus (Sheepshead minnow),192,97,170,,InterPro:IPR035076
A0A3Q2GK76,UPAR/Ly6 domain-containing protein,Cyprinodon variegatus (Sheepshead minnow),224,141,214,,InterPro:IPR035076
A0A3Q2I773,UPAR/Ly6 domain-containing protein,Equus caballus (Horse),154,29,108,,InterPro:IPR035076
A0A3Q2L1G7,UPAR/Ly6 domain-containing protein,Equus caballus (Horse),124,23,100,,InterPro:IPR035076
A0A3Q2QH75,UPAR/Ly6 domain-containing protein,Fundulus heteroclitus (Killifish),207,114,184,,InterPro:IPR035076
A0A3Q2VA32,Snake toxin/toxin-like domain-containing protein,Haplochromis burtoni (Burton's mouthbrooder),126,20,88,,InterPro:IPR035076
A0A3Q2VU11,UPAR/Ly6 domain-containing protein,Haplochromis burtoni (Burton's mouthbrooder),202,117,184,,InterPro:IPR035076
A0A3Q2VYT3,UPAR/Ly6 domain-containing protein,Haplochromis burtoni (Burton's mouthbrooder),206,113,183,,InterPro:IPR035076
A0A3Q2WRN6,Snake toxin/toxin-like domain-containing protein,Haplochromis burtoni (Burton's mouthbrooder),123,18,97,,InterPro:IPR035076
A0A3Q2WUD2,UPAR/Ly6 domain-containing protein,Haplochromis burtoni (Burton's mouthbrooder),197,104,174,,InterPro:IPR035076
A0A3Q2XD61,UPAR/Ly6 domain-containing protein,Haplochromis burtoni (Burton's mouthbrooder),213,117,192,,InterPro:IPR035076
A0A3Q2XM39,Snake toxin/toxin-like domain-containing protein,Hippocampus comes (Tiger tail seahorse),109,9,90,,InterPro:IPR035076
A0A3Q2Y0T0,Snake toxin/toxin-like domain-containing protein,Hippocampus comes (Tiger tail seahorse),90,20,90,,InterPro:IPR035076
A0A3Q2Y742,Snake toxin/toxin-like domain-containing protein,Hippocampus comes (Tiger tail seahorse),127,20,88,,InterPro:IPR035076
A0A3Q2Z4Y9,Snake toxin/toxin-like domain-containing protein,Hippocampus comes (Tiger tail seahorse),88,20,87,,InterPro:IPR035076
A0A3Q2ZKN1,Snake toxin/toxin-like domain-containing protein,Kryptolebias marmoratus (Mangrove killifish),101,19,78,,InterPro:IPR035076
A0A3Q3AMF9,UPAR/Ly6 domain-containing protein,Kryptolebias marmoratus (Mangrove killifish),144,73,141,,InterPro:IPR035076
A0A3Q3AMK7,Snake toxin/toxin-like domain-containing protein,Kryptolebias marmoratus (Mangrove killifish),135,42,112,,InterPro:IPR035076
A0A3Q3B0M9,UPAR/Ly6 domain-containing protein,Kryptolebias marmoratus (Mangrove killifish),187,113,181,,InterPro:IPR035076
A0A3Q3B0R9,UPAR/Ly6 domain-containing protein,Kryptolebias marmoratus (Mangrove killifish),204,111,181,,InterPro:IPR035076
A0A3Q3B373,Snake toxin/toxin-like domain-containing protein,Kryptolebias marmoratus (Mangrove killifish),88,20,87,,InterPro:IPR035076
A0A3Q3B941,Phorbol-ester/DAG-type domain-containing protein,Kryptolebias marmoratus (Mangrove killifish),133,24,96,,InterPro:IPR035076
A0A3Q3BF95,Snake toxin/toxin-like domain-containing protein,Kryptolebias marmoratus (Mangrove killifish),86,20,86,,InterPro:IPR035076
A0A3Q3DDY4,Snake toxin/toxin-like domain-containing protein,Hippocampus comes (Tiger tail seahorse),118,24,91,,InterPro:IPR035076
A0A3Q3DXR1,UPAR/Ly6 domain-containing protein,Hippocampus comes (Tiger tail seahorse),125,18,97,,InterPro:IPR035076
A0A3Q3FCZ3,Snake toxin/toxin-like domain-containing protein,Labrus bergylta (ballan wrasse),137,29,97,,InterPro:IPR035076
A0A3Q3FLL7,UPAR/Ly6 domain-containing protein,Labrus bergylta (ballan wrasse),118,19,91,,InterPro:IPR035076
A0A3Q3FZ14,UPAR/Ly6 domain-containing protein,Kryptolebias marmoratus (Mangrove killifish),211,118,188,,InterPro:IPR035076
A0A3Q3GI63,UPAR/Ly6 domain-containing protein,Labrus bergylta (ballan wrasse),125,20,95,,InterPro:IPR035076
A0A3Q3GM13,UPAR/Ly6 domain-containing protein,Kryptolebias marmoratus (Mangrove killifish),123,18,97,,InterPro:IPR035076
A0A3Q3K9K7,Snake toxin/toxin-like domain-containing protein,Monopterus albus (Swamp eel),127,24,100,,InterPro:IPR035076
A0A3Q3KM21,Snake toxin/toxin-like domain-containing protein,Monopterus albus (Swamp eel),125,22,98,,InterPro:IPR035076
A0A3Q3L785,Snake toxin/toxin-like domain-containing protein,Mastacembelus armatus (zig-zag eel),92,20,90,,InterPro:IPR035076
A0A3Q3MIX5,Snake toxin/toxin-like domain-containing protein,Mastacembelus armatus (zig-zag eel),100,14,74,,InterPro:IPR035076
A0A3Q3MMR7,Snake toxin/toxin-like domain-containing protein,Mastacembelus armatus (zig-zag eel),88,20,87,,InterPro:IPR035076
A0A3Q3QFN8,Snake toxin/toxin-like domain-containing protein,Monopterus albus (Swamp eel),125,20,99,,InterPro:IPR035076
A0A3Q3SAQ4,Snake toxin/toxin-like domain-containing protein,Mastacembelus armatus (zig-zag eel),132,25,93,,InterPro:IPR035076
A0A3Q3T3S2,UPAR/Ly6 domain-containing protein,Mastacembelus armatus (zig-zag eel),132,27,106,,InterPro:IPR035076
A0A3Q4GU64,Snake toxin/toxin-like domain-containing protein,Neolamprologus brichardi (Fairy cichlid),126,20,88,,InterPro:IPR035076
A0A3Q4HPM3,Snake toxin/toxin-like domain-containing protein,Neolamprologus brichardi (Fairy cichlid),129,22,103,,InterPro:IPR035076
A0A3Q7NXW5,Snake toxin/toxin-like domain-containing protein,Callorhinus ursinus (Northern fur seal),79,14,48,,InterPro:IPR035076
A0A3Q7NYP6,Snake toxin/toxin-like domain-containing protein,Callorhinus ursinus (Northern fur seal),172,58,133,,InterPro:IPR035076
A0A3Q7P0G2,UPAR/Ly6 domain-containing protein,Callorhinus ursinus (Northern fur seal),128,21,93,,InterPro:IPR035076
A0A3Q7P9U5,Snake toxin/toxin-like domain-containing protein,Callorhinus ursinus (Northern fur seal),140,64,96,,InterPro:IPR035076
A0A3Q7P9V9,UPAR/Ly6 domain-containing protein,Callorhinus ursinus (Northern fur seal),164,57,129,,InterPro:IPR035076
A0A3Q7QDY9,UPAR/Ly6 domain-containing protein,Callorhinus ursinus (Northern fur seal),127,23,100,,InterPro:IPR035076
A0A3Q7QFP3,Ly-6/neurotoxin-like protein 1,Callorhinus ursinus (Northern fur seal),159,64,135,,InterPro:IPR035076
A0A3Q7QFQ6,Secreted Ly-6/uPAR domain-containing protein 2,Callorhinus ursinus (Northern fur seal),97,23,95,,InterPro:IPR035076
A0A3Q7QFR1,UPAR/Ly6 domain-containing protein,Callorhinus ursinus (Northern fur seal),130,21,98,,InterPro:IPR035076
A0A3Q7QGI3,Snake toxin/toxin-like domain-containing protein,Callorhinus ursinus (Northern fur seal),103,25,101,,InterPro:IPR035076
A0A3Q7R3H1,Ly-6/neurotoxin-like protein 1,Vulpes vulpes (Red fox),116,21,92,,InterPro:IPR035076
A0A3Q7R3I8,UPAR/Ly6 domain-containing protein,Vulpes vulpes (Red fox),124,21,93,,InterPro:IPR035076
A0A3Q7R5M7,UPAR/Ly6 domain-containing protein,Vulpes vulpes (Red fox),128,21,93,,InterPro:IPR035076
A0A3Q7R5Q4,Snake toxin/toxin-like domain-containing protein,Vulpes vulpes (Red fox),154,66,142,,InterPro:IPR035076
A0A3Q7RFA1,UPAR/Ly6 domain-containing protein,Vulpes vulpes (Red fox),130,26,103,,InterPro:IPR035076
A0A3Q7RM63,UPAR/Ly6 domain-containing protein,Vulpes vulpes (Red fox),130,21,98,,InterPro:IPR035076
A0A3Q7RMA3,Snake toxin/toxin-like domain-containing protein,Vulpes vulpes (Red fox),176,62,137,,InterPro:IPR035076
A0A3Q7SGL0,Secreted Ly-6/uPAR domain-containing protein 2,Vulpes vulpes (Red fox),177,103,175,,InterPro:IPR035076
A0A3Q8S4U8,Snake toxin/toxin-like domain-containing protein,Xenopus laevis (African clawed frog),87,30,87,,InterPro:IPR035076
A0A3S8RJZ9,UPAR/Ly6 domain-containing protein,Xenopus laevis (African clawed frog),126,21,96,,InterPro:IPR035076
A0A401Q2C1,UPAR/Ly6 domain-containing protein,Scyliorhinus torazame (Cloudy catshark),507,20,96,,InterPro:IPR035076
A0A401RYL5,UPAR/Ly6 domain-containing protein,Chiloscyllium punctatum (Brownbanded bambooshark),132,20,100,,InterPro:IPR035076
A0A430QDG6,Snake toxin/toxin-like domain-containing protein,Schistosoma bovis (Blood fluke),73,7,45,,InterPro:IPR035076
A0A430QN48,Snake toxin/toxin-like domain-containing protein,Schistosoma bovis (Blood fluke),68,8,41,,InterPro:IPR035076
A0A430QN72,Snake toxin/toxin-like domain-containing protein,Schistosoma bovis (Blood fluke),112,15,85,,InterPro:IPR035076
A0A437CIJ9,UPAR/Ly6 domain-containing protein,Oryzias javanicus (Javanese ricefish),205,113,184,,InterPro:IPR035076
A0A437CIK1,UPAR/Ly6 domain-containing protein,Oryzias javanicus (Javanese ricefish),202,110,179,,InterPro:IPR035076
A0A443RMV9,Snake toxin/toxin-like domain-containing protein,Dinothrombium tinctorium,132,33,125,,InterPro:IPR035076
A0A443RZ26,Snake toxin/toxin-like domain-containing protein,Leptotrombidium deliense,109,5,97,,InterPro:IPR035076
A0A444V7R9,Snake toxin/toxin-like domain-containing protein,Acipenser ruthenus (Sterlet sturgeon),337,94,162,,InterPro:IPR035076
A0A444V7R9,Snake toxin/toxin-like domain-containing protein,Acipenser ruthenus (Sterlet sturgeon),337,236,303,,InterPro:IPR035076
A0A452C3N8,Snake toxin/toxin-like domain-containing protein,Balaenoptera acutorostrata scammoni (North Pacific minke whale),194,81,155,,InterPro:IPR035076
A0A452CQ16,UPAR/Ly6 domain-containing protein,Balaenoptera acutorostrata scammoni (North Pacific minke whale),194,87,159,,InterPro:IPR035076
A0A452DRE7,UPAR/Ly6 domain-containing protein,Capra hircus (Goat),130,21,98,,InterPro:IPR035076
A0A452EJA0,Ly-6/neurotoxin-like protein 1,Capra hircus (Goat),116,21,92,,InterPro:IPR035076
A0A452EM85,UPAR/Ly6 domain-containing protein,Capra hircus (Goat),128,23,100,,InterPro:IPR035076
A0A452H3T7,UPAR/Ly6 domain-containing protein,Gopherus agassizii (Agassiz's desert tortoise),125,21,96,,InterPro:IPR035076
A0A452H3Z6,UPAR/Ly6 domain-containing protein,Gopherus agassizii (Agassiz's desert tortoise),116,17,87,,InterPro:IPR035076
A0A452H461,UPAR/Ly6 domain-containing protein,Gopherus agassizii (Agassiz's desert tortoise),120,16,93,,InterPro:IPR035076
A0A452H4A4,Snake toxin/toxin-like domain-containing protein,Gopherus agassizii (Agassiz's desert tortoise),127,21,98,,InterPro:IPR035076
A0A452I250,UPAR/Ly6 domain-containing protein,Gopherus agassizii (Agassiz's desert tortoise),126,22,96,,InterPro:IPR035076
A0A452I274,UPAR/Ly6 domain-containing protein,Gopherus agassizii (Agassiz's desert tortoise),126,21,96,,InterPro:IPR035076
A0A452IAF4,Snake toxin/toxin-like domain-containing protein,Gopherus agassizii (Agassiz's desert tortoise),110,12,80,,InterPro:IPR035076
A0A452IIQ1,UPAR/Ly6 domain-containing protein,Gopherus agassizii (Agassiz's desert tortoise),145,42,114,,InterPro:IPR035076
A0A452ILP5,UPAR/Ly6 domain-containing protein,Gopherus agassizii (Agassiz's desert tortoise),137,21,95,,InterPro:IPR035076
A0A452ILU8,UPAR/Ly6 domain-containing protein,Gopherus agassizii (Agassiz's desert tortoise),133,21,97,,InterPro:IPR035076
A0A452QDK4,UPAR/Ly6 domain-containing protein,Ursus americanus (American black bear),128,21,93,,InterPro:IPR035076
A0A452QH48,Snake toxin/toxin-like domain-containing protein,Ursus americanus (American black bear),200,21,55,,InterPro:IPR035076
A0A452QNU0,UPAR/Ly6 domain-containing protein,Ursus americanus (American black bear),174,60,135,,InterPro:IPR035076
A0A452RVP3,UPAR/Ly6 domain-containing protein,Ursus americanus (American black bear),127,23,100,,InterPro:IPR035076
A0A452RVQ7,Snake toxin/toxin-like domain-containing protein,Ursus americanus (American black bear),120,29,105,,InterPro:IPR035076
A0A452RVV3,Secreted Ly-6/uPAR domain-containing protein 2,Ursus americanus (American black bear),95,21,93,,InterPro:IPR035076
A0A452RVV5,Ly-6/neurotoxin-like protein 1,Ursus americanus (American black bear),114,21,92,,InterPro:IPR035076
A0A452T0P4,UPAR/Ly6 domain-containing protein,Ursus maritimus (Polar bear),259,145,220,,InterPro:IPR035076
A0A452T0Q1,UPAR/Ly6 domain-containing protein,Ursus maritimus (Polar bear),289,175,250,,InterPro:IPR035076
A0A452V3M2,UPAR/Ly6 domain-containing protein,Ursus maritimus (Polar bear),126,23,95,,InterPro:IPR035076
A0A452V3N4,UPAR/Ly6 domain-containing protein,Ursus maritimus (Polar bear),126,22,99,,InterPro:IPR035076
A0A452V3P5,UPAR/Ly6 domain-containing protein,Ursus maritimus (Polar bear),133,30,102,,InterPro:IPR035076
A0A452V3R0,UPAR/Ly6 domain-containing protein,Ursus maritimus (Polar bear),130,26,103,,InterPro:IPR035076
A0A452V3R4,Secreted Ly-6/uPAR domain-containing protein 2,Ursus maritimus (Polar bear),95,21,93,,InterPro:IPR035076
A0A452V3S0,UPAR/Ly6 domain-containing protein,Ursus maritimus (Polar bear),128,21,93,,InterPro:IPR035076
A0A452VLR5,Snake toxin/toxin-like domain-containing protein,Ursus maritimus (Polar bear),152,27,79,,InterPro:IPR035076
A0A454XXZ8,Snake toxin/toxin-like domain-containing protein,Pristionchus pacificus (Parasitic nematode),111,35,89,,InterPro:IPR035076
A0A455BFY8,Snake toxin/toxin-like domain-containing protein,Physeter macrocephalus (Sperm whale),107,24,100,,InterPro:IPR035076
A0A455C4X7,Snake toxin/toxin-like domain-containing protein,Physeter macrocephalus (Sperm whale),172,59,133,,InterPro:IPR035076
A0A455C5Z4,Snake toxin/toxin-like domain-containing protein,Physeter macrocephalus (Sperm whale),194,81,155,,InterPro:IPR035076
A0A455C8P8,UPAR/Ly6 domain-containing protein,Physeter macrocephalus (Sperm whale),126,21,98,,InterPro:IPR035076
A0A455CBI2,Snake toxin/toxin-like domain-containing protein,Physeter macrocephalus (Sperm whale),204,91,165,,InterPro:IPR035076
A0A480E6D0,UPAR/Ly6 domain-containing protein,Sus scrofa (Pig),125,21,93,,InterPro:IPR035076
A0A480ZXY6,UPAR/Ly6 domain-containing protein,Sus scrofa (Pig),220,111,188,,InterPro:IPR035076
A0A482WWC4,Snake toxin/toxin-like domain-containing protein,Laodelphax striatellus (Small brown planthopper),152,29,121,,InterPro:IPR035076
A0A484CHY2,UPAR/Ly6 domain-containing protein,Perca flavescens (American yellow perch),209,118,184,,InterPro:IPR035076
A0A484CIQ1,UPAR/Ly6 domain-containing protein,Perca flavescens (American yellow perch),205,114,181,,InterPro:IPR035076
A0A484CJV5,UPAR/Ly6 domain-containing protein,Perca flavescens (American yellow perch),233,117,193,,InterPro:IPR035076
A0A484DI85,Snake toxin/toxin-like domain-containing protein,Perca flavescens (American yellow perch),75,20,75,,InterPro:IPR035076
A0A484GPS3,UPAR/Ly6 domain-containing protein,Sousa chinensis (Indo-pacific humpbacked dolphin),130,21,98,,InterPro:IPR035076
A0A484GPZ7,Ly-6/neurotoxin-like protein 1,Sousa chinensis (Indo-pacific humpbacked dolphin),114,21,92,,InterPro:IPR035076
A0A484GQ91,Snake toxin/toxin-like domain-containing protein,Sousa chinensis (Indo-pacific humpbacked dolphin),118,45,83,,InterPro:IPR035076
A0A484GQI4,Snake toxin/toxin-like domain-containing protein,Sousa chinensis (Indo-pacific humpbacked dolphin),198,95,181,,InterPro:IPR035076
A0A484GQV8,Snake toxin/toxin-like domain-containing protein,Sousa chinensis (Indo-pacific humpbacked dolphin),173,60,134,,InterPro:IPR035076
A0A484GQX6,Snake toxin/toxin-like domain-containing protein,Sousa chinensis (Indo-pacific humpbacked dolphin),123,20,92,,InterPro:IPR035076
A0A484GVX4,UPAR/Ly6 domain-containing protein,Sousa chinensis (Indo-pacific humpbacked dolphin),130,21,98,,InterPro:IPR035076
A0A485MWT4,UPAR/Ly6 domain-containing protein,Lynx pardinus (Iberian lynx),130,21,98,,InterPro:IPR035076
A0A485MYX0,Snake toxin/toxin-like domain-containing protein,Lynx pardinus (Iberian lynx),175,62,137,,InterPro:IPR035076
A0A485MZW4,UPAR/Ly6 domain-containing protein,Lynx pardinus (Iberian lynx),130,21,93,,InterPro:IPR035076
A0A485PLU0,UPAR/Ly6 domain-containing protein,Lynx pardinus (Iberian lynx),206,103,175,,InterPro:IPR035076
A0A485PS80,UPAR/Ly6 domain-containing protein,Lynx pardinus (Iberian lynx),123,26,102,,InterPro:IPR035076
A0A485PX75,UPAR/Ly6 domain-containing protein,Lynx pardinus (Iberian lynx),128,24,101,,InterPro:IPR035076
A0A493T4B8,UPAR/Ly6 domain-containing protein,Anas platyrhynchos platyrhynchos (Northern mallard),124,18,95,,InterPro:IPR035076
A0A493T610,UPAR/Ly6 domain-containing protein,Anas platyrhynchos platyrhynchos (Northern mallard),127,21,98,,InterPro:IPR035076
A0A493TKM2,Snake toxin/toxin-like domain-containing protein,Anas platyrhynchos platyrhynchos (Northern mallard),170,65,139,,InterPro:IPR035076
A0A493TUJ2,UPAR/Ly6 domain-containing protein,Anas platyrhynchos platyrhynchos (Northern mallard),122,21,92,,InterPro:IPR035076
A0A493TX52,UPAR/Ly6 domain-containing protein,Anas platyrhynchos platyrhynchos (Northern mallard),126,21,96,,InterPro:IPR035076
A0A493TZM5,UPAR/Ly6 domain-containing protein,Anas platyrhynchos platyrhynchos (Northern mallard),142,21,96,,InterPro:IPR035076
A0A498LCH3,Lipid scramblase CLPTM1L,Labeo rohita (Indian major carp),497,390,468,,InterPro:IPR035076
A0A498LT07,Snake toxin/toxin-like domain-containing protein,Labeo rohita (Indian major carp),133,37,112,,InterPro:IPR035076
A0A498MEH3,Snake toxin/toxin-like domain-containing protein,Labeo rohita (Indian major carp),242,54,118,,InterPro:IPR035076
A0A498MKX1,UPAR/Ly6 domain-containing protein,Labeo rohita (Indian major carp),1451,896,962,,InterPro:IPR035076
A0A498MKX1,UPAR/Ly6 domain-containing protein,Labeo rohita (Indian major carp),1451,1132,1197,,InterPro:IPR035076
A0A498MKX1,UPAR/Ly6 domain-containing protein,Labeo rohita (Indian major carp),1451,294,359,,InterPro:IPR035076
A0A498MKX1,UPAR/Ly6 domain-containing protein,Labeo rohita (Indian major carp),1451,57,122,,InterPro:IPR035076
A0A498MKX1,UPAR/Ly6 domain-containing protein,Labeo rohita (Indian major carp),1451,173,235,,InterPro:IPR035076
A0A498MKX1,UPAR/Ly6 domain-containing protein,Labeo rohita (Indian major carp),1451,977,1042,,InterPro:IPR035076
A0A498MKX1,UPAR/Ly6 domain-containing protein,Labeo rohita (Indian major carp),1451,1330,1396,,InterPro:IPR035076
A0A498MKX1,UPAR/Ly6 domain-containing protein,Labeo rohita (Indian major carp),1451,815,880,,InterPro:IPR035076
A0A498NGS1,UPAR/Ly6 domain-containing protein,Labeo rohita (Indian major carp),539,439,505,,InterPro:IPR035076
A0A498NGS1,UPAR/Ly6 domain-containing protein,Labeo rohita (Indian major carp),539,61,126,,InterPro:IPR035076
A0A498NGS1,UPAR/Ly6 domain-containing protein,Labeo rohita (Indian major carp),539,243,308,,InterPro:IPR035076
A0A498NGS1,UPAR/Ly6 domain-containing protein,Labeo rohita (Indian major carp),539,323,388,,InterPro:IPR035076
A0A498NGS1,UPAR/Ly6 domain-containing protein,Labeo rohita (Indian major carp),539,167,228,,InterPro:IPR035076
A0A498NH11,Snake toxin/toxin-like domain-containing protein,Labeo rohita (Indian major carp),239,51,115,,InterPro:IPR035076
A0A498NIT0,RRM domain-containing protein,Labeo rohita (Indian major carp),814,645,710,,InterPro:IPR035076
A0A498NNQ4,Snake toxin/toxin-like domain-containing protein,Labeo rohita (Indian major carp),144,56,121,,InterPro:IPR035076
A0A498NNQ4,Snake toxin/toxin-like domain-containing protein,Labeo rohita (Indian major carp),144,9,41,,InterPro:IPR035076
A0A498NW97,RRM domain-containing protein,Labeo rohita (Indian major carp),484,315,380,,InterPro:IPR035076
A0A498S742,Snake toxin/toxin-like domain-containing protein,Acanthocheilonema viteae (Filarial nematode worm),124,25,85,,InterPro:IPR035076
A0A4D9DUR9,UPAR/Ly6 domain-containing protein,Platysternon megacephalum (big-headed turtle),203,97,174,,InterPro:IPR035076
A0A4D9DYC5,UPAR/Ly6 domain-containing protein,Platysternon megacephalum (big-headed turtle),131,28,100,,InterPro:IPR035076
A0A4D9E3P7,UPAR/Ly6 domain-containing protein,Platysternon megacephalum (big-headed turtle),123,21,94,,InterPro:IPR035076
A0A4D9EJ73,Snake toxin/toxin-like domain-containing protein,Platysternon megacephalum (big-headed turtle),108,21,96,,InterPro:IPR035076
A0A4E0R383,Snake toxin/toxin-like domain-containing protein,Fasciola hepatica (Liver fluke),133,37,108,,InterPro:IPR035076
A0A4E0RIF4,Snake toxin/toxin-like domain-containing protein,Fasciola hepatica (Liver fluke),138,36,109,,InterPro:IPR035076
A0A4E9F6G7,Snake toxin/toxin-like domain-containing protein,Brugia malayi (Filarial nematode worm),124,25,85,,InterPro:IPR035076
A0A4S2L018,Snake toxin/toxin-like domain-containing protein,Opisthorchis felineus,115,21,91,,InterPro:IPR035076
A0A4S2M100,Snake toxin/toxin-like domain-containing protein,Opisthorchis felineus,129,21,113,,InterPro:IPR035076
A0A4U1F4M5,Ly-6/neurotoxin-like protein 1,Monodon monoceros (Narwhal),225,14,85,,InterPro:IPR035076
A0A4U1F4Q1,Snake toxin/toxin-like domain-containing protein,Monodon monoceros (Narwhal),181,63,164,,InterPro:IPR035076
A0A4U1F4V7,UPAR/Ly6 domain-containing protein,Monodon monoceros (Narwhal),130,21,98,,InterPro:IPR035076
A0A4U1F4W2,UPAR/Ly6 domain-containing protein,Monodon monoceros (Narwhal),106,3,75,,InterPro:IPR035076
A0A4U1F4W8,UPAR/Ly6 domain-containing protein,Monodon monoceros (Narwhal),158,51,123,,InterPro:IPR035076
A0A4U1F4Z8,Snake toxin/toxin-like domain-containing protein,Monodon monoceros (Narwhal),173,60,134,,InterPro:IPR035076
A0A4U1F607,UPAR/Ly6 domain-containing protein,Monodon monoceros (Narwhal),130,21,98,,InterPro:IPR035076
A0A4U1F6P8,Snake toxin/toxin-like domain-containing protein,Monodon monoceros (Narwhal),131,2,83,,InterPro:IPR035076
A0A4U5M485,Snake toxin/toxin-like domain-containing protein,Steinernema carpocapsae (Entomopathogenic nematode),116,36,95,,InterPro:IPR035076
A0A4U5M5L7,Snake toxin/toxin-like domain-containing protein,Steinernema carpocapsae (Entomopathogenic nematode),139,20,95,,InterPro:IPR035076
A0A4U5MQN2,Snake toxin/toxin-like domain-containing protein,Steinernema carpocapsae (Entomopathogenic nematode),153,56,114,,InterPro:IPR035076
A0A4U5PHI3,Snake toxin/toxin-like domain-containing protein,Steinernema carpocapsae (Entomopathogenic nematode),123,23,96,,InterPro:IPR035076
A0A4U5V2C7,Snake toxin/toxin-like domain-containing protein,Collichthys lucidus (Big head croaker),79,21,79,,InterPro:IPR035076
A0A4U5VBY6,UPAR/Ly6 domain-containing protein,Collichthys lucidus (Big head croaker),1184,1085,1157,,InterPro:IPR035076
A0A4U8UL41,Snake toxin/toxin-like domain-containing protein,Steinernema carpocapsae (Entomopathogenic nematode),126,20,96,,InterPro:IPR035076
A0A4W2C2V3,UPAR/Ly6 domain-containing protein,Bos indicus x Bos taurus (Hybrid cattle),125,21,93,,InterPro:IPR035076
A0A4W2C5H3,Ly-6/neurotoxin-like protein 1,Bos indicus x Bos taurus (Hybrid cattle),116,21,92,,InterPro:IPR035076
A0A4W2C649,UPAR/Ly6 domain-containing protein,Bos indicus x Bos taurus (Hybrid cattle),111,12,80,,InterPro:IPR035076
A0A4W2CL51,UPAR/Ly6 domain-containing protein,Bos indicus x Bos taurus (Hybrid cattle),128,23,100,,InterPro:IPR035076
A0A4W2EFS1,Snake toxin/toxin-like domain-containing protein,Bos indicus x Bos taurus (Hybrid cattle),171,59,132,,InterPro:IPR035076
A0A4W2EFV0,Snake toxin/toxin-like domain-containing protein,Bos indicus x Bos taurus (Hybrid cattle),105,24,101,,InterPro:IPR035076
A0A4W2F4W1,UPAR/Ly6 domain-containing protein,Bos indicus x Bos taurus (Hybrid cattle),125,21,93,,InterPro:IPR035076
A0A4W2H8Y1,Snake toxin/toxin-like domain-containing protein,Bos indicus x Bos taurus (Hybrid cattle),105,24,101,,InterPro:IPR035076
A0A4W2HCS9,Snake toxin/toxin-like domain-containing protein,Bos indicus x Bos taurus (Hybrid cattle),243,117,198,,InterPro:IPR035076
A0A4W3GIJ3,UPAR/Ly6 domain-containing protein,Callorhinchus milii (Ghost shark),205,112,183,,InterPro:IPR035076
A0A4W3GIJ7,UPAR/Ly6 domain-containing protein,Callorhinchus milii (Ghost shark),203,110,181,,InterPro:IPR035076
A0A4W3GY92,Snake toxin/toxin-like domain-containing protein,Callorhinchus milii (Ghost shark),120,14,82,,InterPro:IPR035076
A0A4W4DY79,UPAR/Ly6 domain-containing protein,Electrophorus electricus (Electric eel),148,56,125,,InterPro:IPR035076
A0A4W4FSY3,Snake toxin/toxin-like domain-containing protein,Electrophorus electricus (Electric eel),134,29,97,,InterPro:IPR035076
A0A4W4GL56,UPAR/Ly6 domain-containing protein,Electrophorus electricus (Electric eel),202,110,177,,InterPro:IPR035076
A0A4W4GWZ9,Snake toxin/toxin-like domain-containing protein,Electrophorus electricus (Electric eel),83,13,83,,InterPro:IPR035076
A0A4W5K9J8,UPAR/Ly6 domain-containing protein,Hucho hucho (huchen),228,135,205,,InterPro:IPR035076
A0A4W5LZ44,Snake toxin/toxin-like domain-containing protein,Hucho hucho (huchen),126,20,88,,InterPro:IPR035076
A0A4W5M0H6,Snake toxin/toxin-like domain-containing protein,Hucho hucho (huchen),126,20,88,,InterPro:IPR035076
A0A4W5NDB2,Snake toxin/toxin-like domain-containing protein,Hucho hucho (huchen),78,5,77,,InterPro:IPR035076
A0A4W5PWE8,UPAR/Ly6 domain-containing protein,Hucho hucho (huchen),126,20,98,,InterPro:IPR035076
A0A4W5QTJ3,UPAR/Ly6 domain-containing protein,Hucho hucho (huchen),208,114,186,,InterPro:IPR035076
A0A4W5RW04,Snake toxin/toxin-like domain-containing protein,Hucho hucho (huchen),93,20,92,,InterPro:IPR035076
A0A4W6CDV2,UPAR/Ly6 domain-containing protein,Lates calcarifer (Barramundi),127,41,104,,InterPro:IPR035076
A0A4W6CT64,UPAR/Ly6 domain-containing protein,Lates calcarifer (Barramundi),207,114,184,,InterPro:IPR035076
A0A4W6CTS0,UPAR/Ly6 domain-containing protein,Lates calcarifer (Barramundi),207,114,184,,InterPro:IPR035076
A0A4W6DJ70,Snake toxin/toxin-like domain-containing protein,Lates calcarifer (Barramundi),89,28,89,,InterPro:IPR035076
A0A4W6EE08,Snake toxin/toxin-like domain-containing protein,Lates calcarifer (Barramundi),92,22,92,,InterPro:IPR035076
A0A4W6GAR0,Snake toxin/toxin-like domain-containing protein,Lates calcarifer (Barramundi),128,21,89,,InterPro:IPR035076
A0A4W6GC49,Snake toxin/toxin-like domain-containing protein,Lates calcarifer (Barramundi),127,20,88,,InterPro:IPR035076
A0A4X1SDC1,Ly-6/neurotoxin-like protein 1,Sus scrofa (Pig),154,59,130,,InterPro:IPR035076
A0A4X1SDC5,UPAR/Ly6 domain-containing protein,Sus scrofa (Pig),127,23,100,,InterPro:IPR035076
A0A4X1SE63,UPAR/Ly6 domain-containing protein,Sus scrofa (Pig),125,21,93,,InterPro:IPR035076
A0A4X1UTF4,Snake toxin/toxin-like domain-containing protein,Sus scrofa (Pig),67,21,55,,InterPro:IPR035076
A0A4X1UTL0,UPAR/Ly6 domain-containing protein,Sus scrofa (Pig),157,30,111,,InterPro:IPR035076
A0A4X1UTM1,UPAR/Ly6 domain-containing protein,Sus scrofa (Pig),128,21,93,,InterPro:IPR035076
A0A4X1UWX5,Glycosylphosphatidylinositol anchored high density lipoprotein binding protein 1,Sus scrofa (Pig),180,66,140,,InterPro:IPR035076
A0A4X1UX45,UPAR/Ly6 domain-containing protein,Sus scrofa (Pig),130,21,98,,InterPro:IPR035076
A0A4X1VXM6,Snake toxin/toxin-like domain-containing protein,Sus scrofa (Pig),127,27,95,,InterPro:IPR035076
A0A4X2JQV1,C2H2-type domain-containing protein,Vombatus ursinus (Common wombat),462,60,98,,InterPro:IPR035076
A0A4X2JYB3,UPAR/Ly6 domain-containing protein,Vombatus ursinus (Common wombat),176,60,135,,InterPro:IPR035076
A0A4X2K2K4,Snake toxin/toxin-like domain-containing protein,Vombatus ursinus (Common wombat),131,17,99,,InterPro:IPR035076
A0A4X2LGR9,UPAR/Ly6 domain-containing protein,Vombatus ursinus (Common wombat),140,40,109,,InterPro:IPR035076
A0A4X2LGS7,Ly-6/neurotoxin-like protein 1,Vombatus ursinus (Common wombat),125,22,99,,InterPro:IPR035076
A0A4X2LJP8,UPAR/Ly6 domain-containing protein,Vombatus ursinus (Common wombat),121,21,90,,InterPro:IPR035076
A0A4X2LQT7,Ly-6/neurotoxin-like protein 1,Vombatus ursinus (Common wombat),121,21,92,,InterPro:IPR035076
A0A4X2LQU2,UPAR/Ly6 domain-containing protein,Vombatus ursinus (Common wombat),137,31,108,,InterPro:IPR035076
A0A4Z2CML1,Snake toxin/toxin-like domain-containing protein,Schistosoma japonicum (Blood fluke),77,4,67,,InterPro:IPR035076
A0A4Z2CNL7,Snake toxin/toxin-like domain-containing protein,Schistosoma japonicum (Blood fluke),124,26,96,,InterPro:IPR035076
A0A4Z2D5I0,Snake toxin/toxin-like domain-containing protein,Schistosoma japonicum (Blood fluke),113,16,86,,InterPro:IPR035076
A0A4Z2DKC4,Snake toxin/toxin-like domain-containing protein,Schistosoma japonicum (Blood fluke),85,23,72,,InterPro:IPR035076
A0A4Z2G1K6,Snake toxin/toxin-like domain-containing protein,Liparis tanakae (Tanaka's snailfish),108,20,83,,InterPro:IPR035076
A0A4Z2IQQ6,UPAR/Ly6 domain-containing protein,Liparis tanakae (Tanaka's snailfish),123,17,97,,InterPro:IPR035076
A0A504YEI6,Snake toxin/toxin-like domain-containing protein,Fasciola gigantica (Giant liver fluke),85,20,61,,InterPro:IPR035076
A0A504ZF73,Snake toxin/toxin-like domain-containing protein,Fasciola gigantica (Giant liver fluke),127,28,97,,InterPro:IPR035076
A0A553MWW6,Snake toxin/toxin-like domain-containing protein,Danionella translucida,146,36,104,,InterPro:IPR035076
A0A553PRQ5,Snake toxin/toxin-like domain-containing protein,Tigriopus californicus (Marine copepod),101,6,56,,InterPro:IPR035076
A0A553QTP1,Snake toxin/toxin-like domain-containing protein,Danionella translucida,126,20,101,,InterPro:IPR035076
A0A553QXQ1,Snake toxin/toxin-like domain-containing protein,Danionella translucida,177,74,149,,InterPro:IPR035076
A0A553QYE0,UPAR/Ly6 domain-containing protein,Danionella translucida,199,111,176,,InterPro:IPR035076
A0A553R9Y3,Snake toxin/toxin-like domain-containing protein,Danionella translucida,80,21,79,,InterPro:IPR035076
A0A556TQ84,Snake toxin/toxin-like domain-containing protein,Bagarius yarrelli (Goonch),246,149,219,,InterPro:IPR035076
A0A564Y009,Snake toxin/toxin-like domain-containing protein,Hymenolepis diminuta (Rat tapeworm),143,20,112,,InterPro:IPR035076
A0A564YU71,Snake toxin/toxin-like domain-containing protein,Hymenolepis diminuta (Rat tapeworm),114,21,90,,InterPro:IPR035076
A0A5A9MZ22,Lipid scramblase CLPTM1L,Triplophysa tibetana,536,429,507,,InterPro:IPR035076
A0A5A9N8P0,Snake toxin/toxin-like domain-containing protein,Triplophysa tibetana,76,21,75,,InterPro:IPR035076
A0A5A9PCW7,UPAR/Ly6 domain-containing protein,Triplophysa tibetana,204,114,181,,InterPro:IPR035076
A0A5A9PD80,UPAR/Ly6 domain-containing protein,Triplophysa tibetana,294,113,176,,InterPro:IPR035076
A0A5A9PD92,UPAR/Ly6 domain-containing protein,Triplophysa tibetana,295,113,176,,InterPro:IPR035076
A0A5A9PDL7,UPAR/Ly6 domain-containing protein,Triplophysa tibetana,205,114,181,,InterPro:IPR035076
A0A5A9PDS7,UPAR/Ly6 domain-containing protein,Triplophysa tibetana,212,122,189,,InterPro:IPR035076
A0A5A9PF26,Snake toxin/toxin-like domain-containing protein,Triplophysa tibetana,115,20,91,,InterPro:IPR035076
A0A5A9PFK4,Snake toxin/toxin-like domain-containing protein,Triplophysa tibetana,113,20,89,,InterPro:IPR035076
A0A5A9PFQ9,Snake toxin/toxin-like domain-containing protein,Triplophysa tibetana,195,101,168,,InterPro:IPR035076
A0A5A9PHY3,UPAR/Ly6 domain-containing protein,Triplophysa tibetana,116,20,92,,InterPro:IPR035076
A0A5C6N347,UPAR/Ly6 domain-containing protein,Takifugu flavidus (sansaifugu),106,20,83,,InterPro:IPR035076
A0A5C6NHS2,Snake toxin/toxin-like domain-containing protein,Takifugu flavidus (sansaifugu),277,113,194,,InterPro:IPR035076
A0A5C6NVI9,Snake toxin/toxin-like domain-containing protein,Takifugu flavidus (sansaifugu),78,20,78,,InterPro:IPR035076
A0A5C6PKI1,UPAR/Ly6 domain-containing protein,Takifugu flavidus (sansaifugu),222,129,199,,InterPro:IPR035076
A0A5F4VQR2,UPAR/Ly6 domain-containing protein,Callithrix jacchus (White-tufted-ear marmoset),107,20,84,,InterPro:IPR035076
A0A5F4WEZ7,Snake toxin/toxin-like domain-containing protein,Callithrix jacchus (White-tufted-ear marmoset),278,157,231,,InterPro:IPR035076
A0A5F4WFB3,UPAR/Ly6 domain-containing protein,Callithrix jacchus (White-tufted-ear marmoset),194,92,164,,InterPro:IPR035076
A0A5F4WGV7,Snake toxin/toxin-like domain-containing protein,Callithrix jacchus (White-tufted-ear marmoset),187,21,77,,InterPro:IPR035076
A0A5F4WN29,UPAR/Ly6 domain-containing protein,Callithrix jacchus (White-tufted-ear marmoset),130,20,98,,InterPro:IPR035076
A0A5F5PRQ3,Snake toxin/toxin-like domain-containing protein,Equus caballus (Horse),66,21,55,,InterPro:IPR035076
A0A5F7Z939,Snake toxin/toxin-like domain-containing protein,Macaca mulatta (Rhesus macaque),338,217,291,,InterPro:IPR035076
A0A5F7ZL24,Ly-6/neurotoxin-like protein 1,Macaca mulatta (Rhesus macaque),118,23,94,,InterPro:IPR035076
A0A5F7ZL90,UPAR/Ly6 domain-containing protein,Macaca mulatta (Rhesus macaque),157,53,125,,InterPro:IPR035076
A0A5F8A4Z2,UPAR/Ly6 domain-containing protein,Macaca mulatta (Rhesus macaque),115,11,88,,InterPro:IPR035076
A0A5F8AT62,Snake toxin/toxin-like domain-containing protein,Macaca mulatta (Rhesus macaque),254,133,207,,InterPro:IPR035076
A0A5F8GZR6,Snake toxin/toxin-like domain-containing protein,Monodelphis domestica (Gray short-tailed opossum),124,22,98,,InterPro:IPR035076
A0A5F8H907,UPAR/Ly6 domain-containing protein,Monodelphis domestica (Gray short-tailed opossum),132,26,103,,InterPro:IPR035076
A0A5G2QPW9,Snake toxin/toxin-like domain-containing protein,Sus scrofa (Pig),68,21,55,,InterPro:IPR035076
A0A5G3JTB9,Snake toxin/toxin-like domain-containing protein,Xenopus tropicalis (Western clawed frog),112,25,111,,InterPro:IPR035076
A0A5J5DKB2,Snake toxin/toxin-like domain-containing protein,Etheostoma spectabile (orangethroat darter),75,20,75,,InterPro:IPR035076
A0A5K1IB80,Snake toxin/toxin-like domain-containing protein,Caenorhabditis elegans,161,70,127,,InterPro:IPR035076
A0A5K3FB48,Snake toxin/toxin-like domain-containing protein,Mesocestoides corti (Flatworm),149,20,112,,InterPro:IPR035076
A0A5K3FHG7,Snake toxin/toxin-like domain-containing protein,Mesocestoides corti (Flatworm),118,22,90,,InterPro:IPR035076
A0A5K4F8R1,Snake toxin/toxin-like domain-containing protein,Schistosoma mansoni (Blood fluke),124,24,98,,InterPro:IPR035076
A0A5N3VJX4,Snake toxin/toxin-like domain-containing protein,Muntiacus muntjak (Barking deer),150,19,78,,InterPro:IPR035076
A0A5N3W8U0,UPAR/Ly6 domain-containing protein,Muntiacus muntjak (Barking deer),128,23,100,,InterPro:IPR035076
A0A5N3W8U1,Snake toxin/toxin-like domain-containing protein,Muntiacus muntjak (Barking deer),126,24,101,,InterPro:IPR035076
A0A5N3W9G5,Ly-6/neurotoxin-like protein 1,Muntiacus muntjak (Barking deer),116,21,92,,InterPro:IPR035076
A0A5N3WAD4,UPAR/Ly6 domain-containing protein,Muntiacus muntjak (Barking deer),122,21,87,,InterPro:IPR035076
A0A5N3WG52,Snake toxin/toxin-like domain-containing protein,Muntiacus muntjak (Barking deer),172,60,133,,InterPro:IPR035076
A0A5N3WGD7,UPAR/Ly6 domain-containing protein,Muntiacus muntjak (Barking deer),130,21,98,,InterPro:IPR035076
A0A5N3WYU0,Snake toxin/toxin-like domain-containing protein,Muntiacus muntjak (Barking deer),129,21,95,,InterPro:IPR035076
A0A5N3XBC5,Snake toxin/toxin-like domain-containing protein,Muntiacus reevesi (Reeves' muntjac),126,24,101,,InterPro:IPR035076
A0A5N3XCM2,Snake toxin/toxin-like domain-containing protein,Muntiacus reevesi (Reeves' muntjac),123,21,88,,InterPro:IPR035076
A0A5N3XDD7,Snake toxin/toxin-like domain-containing protein,Muntiacus reevesi (Reeves' muntjac),172,60,133,,InterPro:IPR035076
A0A5N3XE22,Ly-6/neurotoxin-like protein 1,Muntiacus reevesi (Reeves' muntjac),116,21,92,,InterPro:IPR035076
A0A5N3XEC3,UPAR/Ly6 domain-containing protein,Muntiacus reevesi (Reeves' muntjac),128,23,100,,InterPro:IPR035076
A0A5N3XGA0,UPAR/Ly6 domain-containing protein,Muntiacus reevesi (Reeves' muntjac),128,21,93,,InterPro:IPR035076
A0A5N3XH24,UPAR/Ly6 domain-containing protein,Muntiacus reevesi (Reeves' muntjac),130,21,98,,InterPro:IPR035076
A0A5N4CGH2,Snake toxin/toxin-like domain-containing protein,Camelus dromedarius (Dromedary),113,29,70,,InterPro:IPR035076
A0A5N4CGQ1,Snake toxin/toxin-like domain-containing protein,Camelus dromedarius (Dromedary),175,62,136,,InterPro:IPR035076
A0A5N4CGY1,UPAR/Ly6 domain-containing protein,Camelus dromedarius (Dromedary),215,111,188,,InterPro:IPR035076
A0A5N4CGZ4,Snake toxin/toxin-like domain-containing protein,Camelus dromedarius (Dromedary),115,51,85,,InterPro:IPR035076
A0A5N4CH01,UPAR/Ly6 domain-containing protein,Camelus dromedarius (Dromedary),182,73,150,,InterPro:IPR035076
A0A5N4CH13,UPAR/Ly6 domain-containing protein,Camelus dromedarius (Dromedary),127,26,102,,InterPro:IPR035076
A0A5N4CH58,Ly-6/neurotoxin-like protein 1,Camelus dromedarius (Dromedary),116,21,92,,InterPro:IPR035076
A0A5N4CI61,Snake toxin/toxin-like domain-containing protein,Camelus dromedarius (Dromedary),156,29,110,,InterPro:IPR035076
A0A5N4CIL7,UPAR/Ly6 domain-containing protein,Camelus dromedarius (Dromedary),127,21,93,,InterPro:IPR035076
A0A5N5LWL9,Uncharacterized protein,Pangasianodon hypophthalmus (Striped catfish),153,55,130,,InterPro:IPR035076
A0A5N5M8E7,Snake toxin/toxin-like domain-containing protein,Pangasianodon hypophthalmus (Striped catfish),76,21,75,,InterPro:IPR035076
A0A5N5Q6A7,UPAR/Ly6 domain-containing protein,Pangasianodon hypophthalmus (Striped catfish),127,20,98,,InterPro:IPR035076
A0A643BR30,Snake toxin/toxin-like domain-containing protein,Balaenoptera physalus (Fin whale),67,34,67,,InterPro:IPR035076
A0A643BR33,Snake toxin/toxin-like domain-containing protein,Balaenoptera physalus (Fin whale),77,10,60,,InterPro:IPR035076
A0A643BR53,UPAR/Ly6 domain-containing protein,Balaenoptera physalus (Fin whale),158,51,123,,InterPro:IPR035076
A0A643BR98,UPAR/Ly6 domain-containing protein,Balaenoptera physalus (Fin whale),116,13,85,,InterPro:IPR035076
A0A643BS58,Snake toxin/toxin-like domain-containing protein,Balaenoptera physalus (Fin whale),110,2,35,,InterPro:IPR035076
A0A662YPA2,UPAR/Ly6 domain-containing protein,Acipenser ruthenus (Sterlet sturgeon),235,140,206,,InterPro:IPR035076
A0A662YPA2,UPAR/Ly6 domain-containing protein,Acipenser ruthenus (Sterlet sturgeon),235,29,108,,InterPro:IPR035076
A0A663DE88,UPAR/Ly6 domain-containing protein,Pongo abelii (Sumatran orangutan),128,21,93,,InterPro:IPR035076
A0A663E1I8,UPAR/Ly6 domain-containing protein,Aquila chrysaetos chrysaetos,126,21,96,,InterPro:IPR035076
A0A663E1J0,UPAR/Ly6 domain-containing protein,Aquila chrysaetos chrysaetos,126,21,96,,InterPro:IPR035076
A0A663E1P1,UPAR/Ly6 domain-containing protein,Aquila chrysaetos chrysaetos,127,22,97,,InterPro:IPR035076
A0A663E220,Snake toxin/toxin-like domain-containing protein,Aquila chrysaetos chrysaetos,68,21,55,,InterPro:IPR035076
A0A663E225,Snake toxin/toxin-like domain-containing protein,Aquila chrysaetos chrysaetos,67,23,57,,InterPro:IPR035076
A0A663E235,UPAR/Ly6 domain-containing protein,Aquila chrysaetos chrysaetos,122,17,92,,InterPro:IPR035076
A0A663E246,Snake toxin/toxin-like domain-containing protein,Aquila chrysaetos chrysaetos,141,35,109,,InterPro:IPR035076
A0A663E274,UPAR/Ly6 domain-containing protein,Aquila chrysaetos chrysaetos,121,13,90,,InterPro:IPR035076
A0A663E289,UPAR/Ly6 domain-containing protein,Aquila chrysaetos chrysaetos,122,21,92,,InterPro:IPR035076
A0A663LQP2,UPAR/Ly6 domain-containing protein,Athene cunicularia (Burrowing owl),130,22,97,,InterPro:IPR035076
A0A663LQP3,UPAR/Ly6 domain-containing protein,Athene cunicularia (Burrowing owl),122,21,92,,InterPro:IPR035076
A0A663LQP5,UPAR/Ly6 domain-containing protein,Athene cunicularia (Burrowing owl),118,14,88,,InterPro:IPR035076
A0A663LQP6,Snake toxin/toxin-like domain-containing protein,Athene cunicularia (Burrowing owl),127,21,95,,InterPro:IPR035076
A0A663LQQ7,UPAR/Ly6 domain-containing protein,Athene cunicularia (Burrowing owl),122,16,93,,InterPro:IPR035076
A0A663LQR1,UPAR/Ly6 domain-containing protein,Athene cunicularia (Burrowing owl),123,18,93,,InterPro:IPR035076
A0A663LQS5,UPAR/Ly6 domain-containing protein,Athene cunicularia (Burrowing owl),120,15,90,,InterPro:IPR035076
A0A665TWX9,Snake toxin/toxin-like domain-containing protein,Echeneis naucrates (Live sharksucker),127,20,88,,InterPro:IPR035076
A0A667HSK8,UPAR/Ly6 domain-containing protein,Lynx canadensis (Canada lynx),200,91,168,,InterPro:IPR035076
A0A667HTG5,Snake toxin/toxin-like domain-containing protein,Lynx canadensis (Canada lynx),101,39,80,,InterPro:IPR035076
A0A667HU90,UPAR/Ly6 domain-containing protein,Lynx canadensis (Canada lynx),129,20,92,,InterPro:IPR035076
A0A667HUJ7,Ly-6/neurotoxin-like protein 1,Lynx canadensis (Canada lynx),169,74,145,,InterPro:IPR035076
A0A667HUN2,UPAR/Ly6 domain-containing protein,Lynx canadensis (Canada lynx),128,24,101,,InterPro:IPR035076
A0A667IAE4,Secreted Ly-6/uPAR domain-containing protein 2,Lynx canadensis (Canada lynx),191,21,92,,InterPro:IPR035076
A0A667IC04,UPAR/Ly6 domain-containing protein,Lynx canadensis (Canada lynx),130,21,98,,InterPro:IPR035076
A0A667IDK0,Ly-6/neurotoxin-like protein 1,Lynx canadensis (Canada lynx),116,21,92,,InterPro:IPR035076
A0A667IVD7,Snake toxin/toxin-like domain-containing protein,Lynx canadensis (Canada lynx),136,74,132,,InterPro:IPR035076
A0A667IXH3,Snake toxin/toxin-like domain-containing protein,Lynx canadensis (Canada lynx),106,26,102,,InterPro:IPR035076
A0A667IXK7,UPAR/Ly6 domain-containing protein,Lynx canadensis (Canada lynx),206,103,175,,InterPro:IPR035076
A0A667WNH2,UPAR/Ly6 domain-containing protein,Myripristis murdjan (pinecone soldierfish),98,12,75,,InterPro:IPR035076
A0A667XBB8,Snake toxin/toxin-like domain-containing protein,Myripristis murdjan (pinecone soldierfish),92,21,92,,InterPro:IPR035076
A0A667ZGB3,UPAR/Ly6 domain-containing protein,Myripristis murdjan (pinecone soldierfish),205,111,182,,InterPro:IPR035076
A0A668RGG0,Snake toxin/toxin-like domain-containing protein,Oreochromis aureus (Israeli tilapia),88,20,87,,InterPro:IPR035076
A0A668RRT4,UPAR/Ly6 domain-containing protein,Oreochromis aureus (Israeli tilapia),194,106,171,,InterPro:IPR035076
A0A668RTN7,Snake toxin/toxin-like domain-containing protein,Oreochromis aureus (Israeli tilapia),88,20,87,,InterPro:IPR035076
A0A668RV87,Snake toxin/toxin-like domain-containing protein,Oreochromis aureus (Israeli tilapia),88,20,87,,InterPro:IPR035076
A0A668SYA4,UPAR/Ly6 domain-containing protein,Oreochromis aureus (Israeli tilapia),231,138,208,,InterPro:IPR035076
A0A668SYK2,UPAR/Ly6 domain-containing protein,Oreochromis aureus (Israeli tilapia),207,114,184,,InterPro:IPR035076
A0A668TA42,UPAR/Ly6 domain-containing protein,Oreochromis aureus (Israeli tilapia),121,16,95,,InterPro:IPR035076
A0A668TVL3,UPAR/Ly6 domain-containing protein,Oreochromis aureus (Israeli tilapia),207,114,184,,InterPro:IPR035076
A0A668V352,MAC-inhibitory protein,Oreochromis aureus (Israeli tilapia),215,121,192,,InterPro:IPR035076
A0A669BZH6,UPAR/Ly6 domain-containing protein,Oreochromis niloticus (Nile tilapia),123,18,97,,InterPro:IPR035076
A0A669CH59,Snake toxin/toxin-like domain-containing protein,Oreochromis niloticus (Nile tilapia),133,27,95,,InterPro:IPR035076
A0A669D7D8,Snake toxin/toxin-like domain-containing protein,Oreochromis niloticus (Nile tilapia),115,11,81,,InterPro:IPR035076
A0A669F095,UPAR/Ly6 domain-containing protein,Oreochromis niloticus (Nile tilapia),241,148,218,,InterPro:IPR035076
A0A669FA48,UPAR/Ly6 domain-containing protein,Oreochromis niloticus (Nile tilapia),186,93,163,,InterPro:IPR035076
A0A669P8S2,UPAR/Ly6 domain-containing protein,Phasianus colchicus (Common pheasant),130,24,101,,InterPro:IPR035076
A0A669P8S7,UPAR/Ly6 domain-containing protein,Phasianus colchicus (Common pheasant),127,22,97,,InterPro:IPR035076
A0A669PBX4,Snake toxin/toxin-like domain-containing protein,Phasianus colchicus (Common pheasant),125,21,95,,InterPro:IPR035076
A0A669PBX7,UPAR/Ly6 domain-containing protein,Phasianus colchicus (Common pheasant),126,21,96,,InterPro:IPR035076
A0A669PD69,UPAR/Ly6 domain-containing protein,Phasianus colchicus (Common pheasant),126,21,96,,InterPro:IPR035076
A0A669PFZ7,UPAR/Ly6 domain-containing protein,Phasianus colchicus (Common pheasant),122,21,92,,InterPro:IPR035076
A0A669PG03,UPAR/Ly6 domain-containing protein,Phasianus colchicus (Common pheasant),127,21,98,,InterPro:IPR035076
A0A669PG07,UPAR/Ly6 domain-containing protein,Phasianus colchicus (Common pheasant),133,28,103,,InterPro:IPR035076
A0A669PG10,UPAR/Ly6 domain-containing protein,Phasianus colchicus (Common pheasant),121,29,109,,InterPro:IPR035076
A0A670I9C8,UPAR/Ly6 domain-containing protein,Podarcis muralis (Wall lizard),120,21,83,,InterPro:IPR035076
A0A670I9D7,Snake toxin/toxin-like domain-containing protein,Podarcis muralis (Wall lizard),81,21,55,,InterPro:IPR035076
A0A670I9E1,UPAR/Ly6 domain-containing protein,Podarcis muralis (Wall lizard),132,15,83,,InterPro:IPR035076
A0A670I9F2,UPAR/Ly6 domain-containing protein,Podarcis muralis (Wall lizard),126,23,96,,InterPro:IPR035076
A0A670I9J0,Snake toxin/toxin-like domain-containing protein,Podarcis muralis (Wall lizard),68,28,61,,InterPro:IPR035076
A0A670I9L5,UPAR/Ly6 domain-containing protein,Podarcis muralis (Wall lizard),127,29,97,,InterPro:IPR035076
A0A670I9M6,UPAR/Ly6 domain-containing protein,Podarcis muralis (Wall lizard),126,21,96,,InterPro:IPR035076
A0A670I9N6,Snake toxin/toxin-like domain-containing protein,Podarcis muralis (Wall lizard),202,128,172,,InterPro:IPR035076
A0A670I9P7,UPAR/Ly6 domain-containing protein,Podarcis muralis (Wall lizard),156,51,126,,InterPro:IPR035076
A0A670I9Q0,Snake toxin/toxin-like domain-containing protein,Podarcis muralis (Wall lizard),120,20,97,,InterPro:IPR035076
A0A670I9Q4,Snake toxin/toxin-like domain-containing protein,Podarcis muralis (Wall lizard),127,21,98,,InterPro:IPR035076
A0A670I9T8,UPAR/Ly6 domain-containing protein,Podarcis muralis (Wall lizard),124,21,93,,InterPro:IPR035076
A0A670I9W4,Snake toxin/toxin-like domain-containing protein,Podarcis muralis (Wall lizard),151,47,122,,InterPro:IPR035076
A0A670ZVF9,Snake toxin/toxin-like domain-containing protein,Pseudonaja textilis (Eastern brown snake),121,25,102,,InterPro:IPR035076
A0A670ZVG3,UPAR/Ly6 domain-containing protein,Pseudonaja textilis (Eastern brown snake),136,21,97,,InterPro:IPR035076
A0A670ZVT6,UPAR/Ly6 domain-containing protein,Pseudonaja textilis (Eastern brown snake),128,36,108,,InterPro:IPR035076
A0A670ZVU1,UPAR/Ly6 domain-containing protein,Pseudonaja textilis (Eastern brown snake),124,19,94,,InterPro:IPR035076
A0A670ZVX0,UPAR/Ly6 domain-containing protein,Pseudonaja textilis (Eastern brown snake),108,2,79,,InterPro:IPR035076
A0A670ZVX5,UPAR/Ly6 domain-containing protein,Pseudonaja textilis (Eastern brown snake),122,17,92,,InterPro:IPR035076
A0A670ZW04,UPAR/Ly6 domain-containing protein,Pseudonaja textilis (Eastern brown snake),135,21,95,,InterPro:IPR035076
A0A670ZW22,Snake toxin/toxin-like domain-containing protein,Pseudonaja textilis (Eastern brown snake),68,27,57,,InterPro:IPR035076
A0A671F8H9,UPAR/Ly6 domain-containing protein,Rhinolophus ferrumequinum (Greater horseshoe bat),115,12,84,,InterPro:IPR035076
A0A671F8Q9,UPAR/Ly6 domain-containing protein,Rhinolophus ferrumequinum (Greater horseshoe bat),170,71,143,,InterPro:IPR035076
A0A671F9U2,UPAR/Ly6 domain-containing protein,Rhinolophus ferrumequinum (Greater horseshoe bat),127,20,92,,InterPro:IPR035076
A0A671FAT4,UPAR/Ly6 domain-containing protein,Rhinolophus ferrumequinum (Greater horseshoe bat),131,21,99,,InterPro:IPR035076
A0A671FEA5,UPAR/Ly6 domain-containing protein,Rhinolophus ferrumequinum (Greater horseshoe bat),122,23,95,,InterPro:IPR035076
A0A671FIA2,Ly-6/neurotoxin-like protein 1,Rhinolophus ferrumequinum (Greater horseshoe bat),245,150,221,,InterPro:IPR035076
A0A671FKB5,UPAR/Ly6 domain-containing protein,Rhinolophus ferrumequinum (Greater horseshoe bat),179,65,140,,InterPro:IPR035076
A0A671LWA6,Snake toxin/toxin-like domain-containing protein,Sinocyclocheilus anshuiensis,172,84,151,,InterPro:IPR035076
A0A671P996,UPAR/Ly6 domain-containing protein,Sinocyclocheilus anshuiensis,145,56,122,,InterPro:IPR035076
A0A671PE07,UPAR/Ly6 domain-containing protein,Sinocyclocheilus anshuiensis,155,20,54,,InterPro:IPR035076
A0A671PFH2,Snake toxin/toxin-like domain-containing protein,Sinocyclocheilus anshuiensis,147,11,44,,InterPro:IPR035076
A0A671PFH2,Snake toxin/toxin-like domain-containing protein,Sinocyclocheilus anshuiensis,147,60,124,,InterPro:IPR035076
A0A671PJ74,UPAR/Ly6 domain-containing protein,Sinocyclocheilus anshuiensis,190,101,167,,InterPro:IPR035076
A0A671PJ74,UPAR/Ly6 domain-containing protein,Sinocyclocheilus anshuiensis,190,20,85,,InterPro:IPR035076
A0A671PJ87,UPAR/Ly6 domain-containing protein,Sinocyclocheilus anshuiensis,199,110,176,,InterPro:IPR035076
A0A671PJ93,UPAR/Ly6 domain-containing protein,Sinocyclocheilus anshuiensis,185,100,162,,InterPro:IPR035076
A0A671Q404,UPAR/Ly6 domain-containing protein,Sinocyclocheilus anshuiensis,203,107,182,,InterPro:IPR035076
A0A671QGA4,MAC-inhibitory protein,Sinocyclocheilus anshuiensis,209,110,176,,InterPro:IPR035076
A0A671QGB3,Snake toxin/toxin-like domain-containing protein,Sinocyclocheilus anshuiensis,144,58,121,,InterPro:IPR035076
A0A671QGB3,Snake toxin/toxin-like domain-containing protein,Sinocyclocheilus anshuiensis,144,12,42,,InterPro:IPR035076
A0A671QGG3,UPAR/Ly6 domain-containing protein,Sinocyclocheilus anshuiensis,130,37,99,,InterPro:IPR035076
A0A671QWX3,Snake toxin/toxin-like domain-containing protein,Sinocyclocheilus anshuiensis,135,29,97,,InterPro:IPR035076
A0A671R165,UPAR/Ly6 domain-containing protein,Sinocyclocheilus anshuiensis,134,4,33,,InterPro:IPR035076
A0A671R165,UPAR/Ly6 domain-containing protein,Sinocyclocheilus anshuiensis,134,48,112,,InterPro:IPR035076
A0A671TEP5,Snake toxin/toxin-like domain-containing protein,Sparus aurata (Gilthead sea bream),129,20,88,,InterPro:IPR035076
A0A671XIT4,UPAR/Ly6 domain-containing protein,Sparus aurata (Gilthead sea bream),208,115,185,,InterPro:IPR035076
A0A671XJ26,UPAR/Ly6 domain-containing protein,Sparus aurata (Gilthead sea bream),151,62,128,,InterPro:IPR035076
A0A671Y608,Snake toxin/toxin-like domain-containing protein,Sparus aurata (Gilthead sea bream),83,21,82,,InterPro:IPR035076
A0A672H7D8,UPAR/Ly6 domain-containing protein,Salarias fasciatus (Jewelled blenny),128,23,95,,InterPro:IPR035076
A0A672HWP7,UPAR/Ly6 domain-containing protein,Salarias fasciatus (Jewelled blenny),211,116,188,,InterPro:IPR035076
A0A672HWQ3,UPAR/Ly6 domain-containing protein,Salarias fasciatus (Jewelled blenny),212,19,102,,InterPro:IPR035076
A0A672HWQ3,UPAR/Ly6 domain-containing protein,Salarias fasciatus (Jewelled blenny),212,117,189,,InterPro:IPR035076
A0A672HXW0,UPAR/Ly6 domain-containing protein,Salarias fasciatus (Jewelled blenny),177,85,154,,InterPro:IPR035076
A0A672HXX6,Uncharacterized protein,Salarias fasciatus (Jewelled blenny),146,53,120,,InterPro:IPR035076
A0A672HY60,UPAR/Ly6 domain-containing protein,Salarias fasciatus (Jewelled blenny),170,95,163,,InterPro:IPR035076
A0A672ICB4,Snake toxin/toxin-like domain-containing protein,Salarias fasciatus (Jewelled blenny),137,29,97,,InterPro:IPR035076
A0A672JYU3,Snake toxin/toxin-like domain-containing protein,Sinocyclocheilus grahami (Dianchi golden-line fish),166,56,117,,InterPro:IPR035076
A0A672K690,UPAR/Ly6 domain-containing protein,Sinocyclocheilus grahami (Dianchi golden-line fish),208,119,185,,InterPro:IPR035076
A0A672KAJ3,UPAR/Ly6 domain-containing protein,Sinocyclocheilus grahami (Dianchi golden-line fish),181,103,169,,InterPro:IPR035076
A0A672KJW9,Snake toxin/toxin-like domain-containing protein,Sinocyclocheilus grahami (Dianchi golden-line fish),157,70,134,,InterPro:IPR035076
A0A672KJW9,Snake toxin/toxin-like domain-containing protein,Sinocyclocheilus grahami (Dianchi golden-line fish),157,19,54,,InterPro:IPR035076
A0A672KLN8,UPAR/Ly6 domain-containing protein,Sinocyclocheilus grahami (Dianchi golden-line fish),147,58,124,,InterPro:IPR035076
A0A672KLN8,UPAR/Ly6 domain-containing protein,Sinocyclocheilus grahami (Dianchi golden-line fish),147,8,42,,InterPro:IPR035076
A0A672KQC5,MAC-inhibitory protein,Sinocyclocheilus grahami (Dianchi golden-line fish),200,111,177,,InterPro:IPR035076
A0A672KS24,UPAR/Ly6 domain-containing protein,Sinocyclocheilus grahami (Dianchi golden-line fish),151,5,46,,InterPro:IPR035076
A0A672KY89,Snake toxin/toxin-like domain-containing protein,Sinocyclocheilus grahami (Dianchi golden-line fish),123,34,100,,InterPro:IPR035076
A0A672KYA0,UPAR/Ly6 domain-containing protein,Sinocyclocheilus grahami (Dianchi golden-line fish),175,10,70,,InterPro:IPR035076
A0A672KYA0,UPAR/Ly6 domain-containing protein,Sinocyclocheilus grahami (Dianchi golden-line fish),175,85,152,,InterPro:IPR035076
A0A672MD65,UPAR/Ly6 domain-containing protein,Sinocyclocheilus grahami (Dianchi golden-line fish),149,65,126,,InterPro:IPR035076
A0A672MD65,UPAR/Ly6 domain-containing protein,Sinocyclocheilus grahami (Dianchi golden-line fish),149,13,50,,InterPro:IPR035076
A0A672PPE0,Snake toxin/toxin-like domain-containing protein,Sinocyclocheilus grahami (Dianchi golden-line fish),182,65,95,,InterPro:IPR035076
A0A672PR90,UPAR/Ly6 domain-containing protein,Sinocyclocheilus grahami (Dianchi golden-line fish),141,56,118,,InterPro:IPR035076
A0A672PWU8,Snake toxin/toxin-like domain-containing protein,Sinocyclocheilus grahami (Dianchi golden-line fish),132,34,99,,InterPro:IPR035076
A0A672QSN4,UPAR/Ly6 domain-containing protein,Sinocyclocheilus grahami (Dianchi golden-line fish),196,110,174,,InterPro:IPR035076
A0A672QTL1,UPAR/Ly6 domain-containing protein,Sinocyclocheilus grahami (Dianchi golden-line fish),203,107,182,,InterPro:IPR035076
A0A672SLY9,Snake toxin/toxin-like domain-containing protein,Sinocyclocheilus grahami (Dianchi golden-line fish),110,37,107,,InterPro:IPR035076
A0A672TH77,UPAR/Ly6 domain-containing protein,Strigops habroptila (Kakapo),120,15,90,,InterPro:IPR035076
A0A672TH82,Snake toxin/toxin-like domain-containing protein,Strigops habroptila (Kakapo),135,15,89,,InterPro:IPR035076
A0A672THH7,UPAR/Ly6 domain-containing protein,Strigops habroptila (Kakapo),126,21,96,,InterPro:IPR035076
A0A672TI63,Snake toxin/toxin-like domain-containing protein,Strigops habroptila (Kakapo),57,19,54,,InterPro:IPR035076
A0A672TI68,UPAR/Ly6 domain-containing protein,Strigops habroptila (Kakapo),136,30,107,,InterPro:IPR035076
A0A672TJI5,UPAR/Ly6 domain-containing protein,Strigops habroptila (Kakapo),126,21,96,,InterPro:IPR035076
A0A672TJI9,Snake toxin/toxin-like domain-containing protein,Strigops habroptila (Kakapo),143,37,98,,InterPro:IPR035076
A0A672TKV9,Snake toxin/toxin-like domain-containing protein,Strigops habroptila (Kakapo),130,58,94,,InterPro:IPR035076
A0A673AFY2,Snake toxin/toxin-like domain-containing protein,Sphaeramia orbicularis (orbiculate cardinalfish),81,11,81,,InterPro:IPR035076
A0A673AVT1,UPAR/Ly6 domain-containing protein,Sphaeramia orbicularis (orbiculate cardinalfish),221,120,198,,InterPro:IPR035076
A0A673AVW0,UPAR/Ly6 domain-containing protein,Sphaeramia orbicularis (orbiculate cardinalfish),203,2,84,,InterPro:IPR035076
A0A673AYP3,MAC-inhibitory protein,Sphaeramia orbicularis (orbiculate cardinalfish),198,104,175,,InterPro:IPR035076
A0A673AYS7,Snake toxin/toxin-like domain-containing protein,Sphaeramia orbicularis (orbiculate cardinalfish),198,102,175,,InterPro:IPR035076
A0A673AYS7,Snake toxin/toxin-like domain-containing protein,Sphaeramia orbicularis (orbiculate cardinalfish),198,14,86,,InterPro:IPR035076
A0A673FHX4,Snake toxin/toxin-like domain-containing protein,Sinocyclocheilus rhinocerous,106,27,91,,InterPro:IPR035076
A0A673FN79,UPAR/Ly6 domain-containing protein,Sinocyclocheilus rhinocerous,147,58,124,,InterPro:IPR035076
A0A673FN79,UPAR/Ly6 domain-containing protein,Sinocyclocheilus rhinocerous,147,8,42,,InterPro:IPR035076
A0A673FRI6,UPAR/Ly6 domain-containing protein,Sinocyclocheilus rhinocerous,174,85,151,,InterPro:IPR035076
A0A673FRJ2,UPAR/Ly6 domain-containing protein,Sinocyclocheilus rhinocerous,225,136,202,,InterPro:IPR035076
A0A673G3Z3,UPAR/Ly6 domain-containing protein,Sinocyclocheilus rhinocerous,149,63,125,,InterPro:IPR035076
A0A673GR78,UPAR/Ly6 domain-containing protein,Sinocyclocheilus rhinocerous,203,107,182,,InterPro:IPR035076
A0A673H2Z8,UPAR/Ly6 domain-containing protein,Sinocyclocheilus rhinocerous,183,91,161,,InterPro:IPR035076
A0A673HFQ2,Snake toxin/toxin-like domain-containing protein,Sinocyclocheilus rhinocerous,170,27,91,,InterPro:IPR035076
A0A673HWQ2,UPAR/Ly6 domain-containing protein,Sinocyclocheilus rhinocerous,141,34,112,,InterPro:IPR035076
A0A673ILJ2,UPAR/Ly6 domain-containing protein,Sinocyclocheilus rhinocerous,198,110,176,,InterPro:IPR035076
A0A673J741,UPAR/Ly6 domain-containing protein,Sinocyclocheilus rhinocerous,223,127,202,,InterPro:IPR035076
A0A673JU68,UPAR/Ly6 domain-containing protein,Sinocyclocheilus rhinocerous,149,61,122,,InterPro:IPR035076
A0A673K846,Snake toxin/toxin-like domain-containing protein,Sinocyclocheilus rhinocerous,101,12,91,,InterPro:IPR035076
A0A673LV19,Snake toxin/toxin-like domain-containing protein,Sinocyclocheilus rhinocerous,89,19,86,,InterPro:IPR035076
A0A673MFK6,UPAR/Ly6 domain-containing protein,Sinocyclocheilus rhinocerous,185,100,162,,InterPro:IPR035076
A0A673MFK6,UPAR/Ly6 domain-containing protein,Sinocyclocheilus rhinocerous,185,12,84,,InterPro:IPR035076
A0A673UIV0,UPAR/Ly6 domain-containing protein,Suricata suricatta (Meerkat),153,25,106,,InterPro:IPR035076
A0A673UIZ0,Snake toxin/toxin-like domain-containing protein,Suricata suricatta (Meerkat),227,107,188,,InterPro:IPR035076
A0A673UJD9,UPAR/Ly6 domain-containing protein,Suricata suricatta (Meerkat),130,21,98,,InterPro:IPR035076
A0A673UK95,Snake toxin/toxin-like domain-containing protein,Suricata suricatta (Meerkat),73,21,55,,InterPro:IPR035076
A0A673UL91,Snake toxin/toxin-like domain-containing protein,Suricata suricatta (Meerkat),178,64,139,,InterPro:IPR035076
A0A673VDE5,UPAR/Ly6 domain-containing protein,Suricata suricatta (Meerkat),123,26,102,,InterPro:IPR035076
A0A673VP20,Secreted Ly-6/uPAR domain-containing protein 2,Suricata suricatta (Meerkat),141,67,139,,InterPro:IPR035076
A0A673VQ39,UPAR/Ly6 domain-containing protein,Suricata suricatta (Meerkat),124,21,93,,InterPro:IPR035076
A0A673VQ90,UPAR/Ly6 domain-containing protein,Suricata suricatta (Meerkat),128,24,101,,InterPro:IPR035076
A0A673VQB3,Snake toxin/toxin-like domain-containing protein,Suricata suricatta (Meerkat),211,21,88,,InterPro:IPR035076
A0A673VQC8,UPAR/Ly6 domain-containing protein,Suricata suricatta (Meerkat),128,21,93,,InterPro:IPR035076
A0A673VQF8,UPAR/Ly6 domain-containing protein,Suricata suricatta (Meerkat),118,21,97,,InterPro:IPR035076
A0A673XRR2,UPAR/Ly6 domain-containing protein,Salmo trutta (Brown trout),228,135,205,,InterPro:IPR035076
A0A673YZR7,UPAR/Ly6 domain-containing protein,Salmo trutta (Brown trout),139,50,116,,InterPro:IPR035076
A0A674C6R3,Snake toxin/toxin-like domain-containing protein,Salmo trutta (Brown trout),126,20,88,,InterPro:IPR035076
A0A674C8C4,Snake toxin/toxin-like domain-containing protein,Salmo trutta (Brown trout),126,20,88,,InterPro:IPR035076
A0A674DA09,Snake toxin/toxin-like domain-containing protein,Salmo trutta (Brown trout),95,23,93,,InterPro:IPR035076
A0A674EN25,UPAR/Ly6 domain-containing protein,Salmo trutta (Brown trout),128,20,98,,InterPro:IPR035076
A0A674F547,Snake toxin/toxin-like domain-containing protein,Salmo trutta (Brown trout),126,20,88,,InterPro:IPR035076
A0A674F626,Snake toxin/toxin-like domain-containing protein,Salmo trutta (Brown trout),168,62,130,,InterPro:IPR035076
A0A674H0H9,UPAR/Ly6 domain-containing protein,Taeniopygia guttata (Zebra finch),123,17,94,,InterPro:IPR035076
A0A674H774,UPAR/Ly6 domain-containing protein,Taeniopygia guttata (Zebra finch),126,21,96,,InterPro:IPR035076
A0A674H8U9,UPAR/Ly6 domain-containing protein,Taeniopygia guttata (Zebra finch),185,80,155,,InterPro:IPR035076
A0A674HGK7,UPAR/Ly6 domain-containing protein,Taeniopygia guttata (Zebra finch),106,1,76,,InterPro:IPR035076
A0A674HTF5,Snake toxin/toxin-like domain-containing protein,Terrapene triunguis (Three-toed box turtle),128,63,97,,InterPro:IPR035076
A0A674HVT0,UPAR/Ly6 domain-containing protein,Terrapene triunguis (Three-toed box turtle),125,20,95,,InterPro:IPR035076
A0A674HWZ6,UPAR/Ly6 domain-containing protein,Terrapene triunguis (Three-toed box turtle),118,14,91,,InterPro:IPR035076
A0A674HXA1,UPAR/Ly6 domain-containing protein,Terrapene triunguis (Three-toed box turtle),132,17,93,,InterPro:IPR035076
A0A674HXM3,UPAR/Ly6 domain-containing protein,Terrapene triunguis (Three-toed box turtle),128,22,99,,InterPro:IPR035076
A0A674IVP4,UPAR/Ly6 domain-containing protein,Terrapene triunguis (Three-toed box turtle),145,33,112,,InterPro:IPR035076
A0A674J1V5,Snake toxin/toxin-like domain-containing protein,Terrapene triunguis (Three-toed box turtle),64,19,51,,InterPro:IPR035076
A0A674J2S9,UPAR/Ly6 domain-containing protein,Terrapene triunguis (Three-toed box turtle),161,65,131,,InterPro:IPR035076
A0A674J9W8,Snake toxin/toxin-like domain-containing protein,Terrapene triunguis (Three-toed box turtle),80,20,65,,InterPro:IPR035076
A0A674JXE4,Snake toxin/toxin-like domain-containing protein,Terrapene triunguis (Three-toed box turtle),60,10,43,,InterPro:IPR035076
A0A674K276,Snake toxin/toxin-like domain-containing protein,Terrapene triunguis (Three-toed box turtle),98,21,98,,InterPro:IPR035076
A0A674MPZ4,UPAR/Ly6 domain-containing protein,Takifugu rubripes (Japanese pufferfish),140,37,114,,InterPro:IPR035076
A0A6A1Q9X7,Snake toxin/toxin-like domain-containing protein,Balaenoptera physalus (Fin whale),95,21,55,,InterPro:IPR035076
A0A6A4SSM2,"Creatine kinase S-type, mitochondrial",Scophthalmus maximus (Turbot),515,429,492,,InterPro:IPR035076
A0A6A5DZ93,Snake toxin/toxin-like domain-containing protein,Schistosoma haematobium (Blood fluke),126,29,99,,InterPro:IPR035076
A0A6A5E0Y4,Snake toxin/toxin-like domain-containing protein,Perca fluviatilis (European perch),108,17,84,,InterPro:IPR035076
A0A6A5E1U4,UPAR/Ly6 domain-containing protein,Perca fluviatilis (European perch),194,112,179,,InterPro:IPR035076
A0A6A5EES0,UPAR/Ly6 domain-containing protein,Perca fluviatilis (European perch),207,115,184,,InterPro:IPR035076
A0A6A5EMD6,C2H2-type domain-containing protein,Perca fluviatilis (European perch),934,843,910,,InterPro:IPR035076
A0A6A5ESC7,UPAR/Ly6 domain-containing protein,Perca fluviatilis (European perch),233,116,192,,InterPro:IPR035076
A0A6A5EX85,Snake toxin/toxin-like domain-containing protein,Perca fluviatilis (European perch),75,20,75,,InterPro:IPR035076
A0A6A5F0Q3,UPAR/Ly6 domain-containing protein,Perca fluviatilis (European perch),179,89,155,,InterPro:IPR035076
A0A6A5H2U6,Snake toxin/toxin-like domain-containing protein,Caenorhabditis remanei,241,24,83,,InterPro:IPR035076
A0A6B0RU59,UPAR/Ly6 domain-containing protein,Bos mutus (wild yak),220,23,100,,InterPro:IPR035076
A0A6B0RU59,UPAR/Ly6 domain-containing protein,Bos mutus (wild yak),220,118,195,,InterPro:IPR035076
A0A6B0RU91,Snake toxin/toxin-like domain-containing protein,Bos mutus (wild yak),123,21,90,,InterPro:IPR035076
A0A6B0RUV3,UPAR/Ly6 domain-containing protein,Bos mutus (wild yak),128,15,96,,InterPro:IPR035076
A0A6B0RWQ9,UPAR/Ly6 domain-containing protein,Bos mutus (wild yak),217,110,182,,InterPro:IPR035076
A0A6B0RWQ9,UPAR/Ly6 domain-containing protein,Bos mutus (wild yak),217,14,76,,InterPro:IPR035076
A0A6B0RXW7,Snake toxin/toxin-like domain-containing protein,Bos mutus (wild yak),89,24,58,,InterPro:IPR035076
A0A6B0SIQ2,Snake toxin/toxin-like domain-containing protein,Bos mutus (wild yak),89,23,58,,InterPro:IPR035076
A0A6B9MQK1,C-type lectin domain-containing protein,Magallana gigas (Pacific oyster),259,1,76,,InterPro:IPR035076
A0A6D2VZ55,UPAR/Ly6 domain-containing protein,Pan troglodytes (Chimpanzee),131,21,99,,InterPro:IPR035076
A0A6D2X5X8,Snake toxin/toxin-like domain-containing protein,Pan troglodytes (Chimpanzee),165,42,122,,InterPro:IPR035076
A0A6D2X8E0,Snake toxin/toxin-like domain-containing protein,Pan troglodytes (Chimpanzee),100,42,79,,InterPro:IPR035076
A0A6D2XIQ3,UPAR/Ly6 domain-containing protein,Pan troglodytes (Chimpanzee),128,21,93,,InterPro:IPR035076
A0A6D2XMD0,Snake toxin/toxin-like domain-containing protein,Pan troglodytes (Chimpanzee),184,63,137,,InterPro:IPR035076
A0A6D2XN49,UPAR/Ly6 domain-containing protein,Pongo abelii (Sumatran orangutan),131,21,99,,InterPro:IPR035076
A0A6D2XRE3,Snake toxin/toxin-like domain-containing protein,Pan troglodytes (Chimpanzee),66,21,55,,InterPro:IPR035076
A0A6D2Y0K5,UPAR/Ly6 domain-containing protein,Pan troglodytes (Chimpanzee),125,23,100,,InterPro:IPR035076
A0A6F9A8Q8,Snake toxin/toxin-like domain-containing protein,Coregonus sp. 'balchen',126,20,88,,InterPro:IPR035076
A0A6F9AAQ0,UPAR/Ly6 domain-containing protein,Coregonus sp. 'balchen',122,21,95,,InterPro:IPR035076
A0A6F9AF12,Snake toxin/toxin-like domain-containing protein,Coregonus sp. 'balchen',126,20,88,,InterPro:IPR035076
A0A6F9BDC5,UPAR/Ly6 domain-containing protein,Coregonus sp. 'balchen',230,137,207,,InterPro:IPR035076
A0A6F9BDJ5,UPAR/Ly6 domain-containing protein,Coregonus sp. 'balchen',222,129,199,,InterPro:IPR035076
A0A6F9BFV0,UPAR/Ly6 domain-containing protein,Coregonus sp. 'balchen',170,54,132,,InterPro:IPR035076
A0A6F9CGU6,Snake toxin/toxin-like domain-containing protein,Coregonus sp. 'balchen',80,22,78,,InterPro:IPR035076
A0A6F9CPL4,UPAR/Ly6 domain-containing protein,Coregonus sp. 'balchen',119,11,89,,InterPro:IPR035076
A0A6G0HNC9,UPAR/Ly6 domain-containing protein,Larimichthys crocea (Large yellow croaker),2110,2012,2084,,InterPro:IPR035076
A0A6G0IBB6,UPAR/Ly6 domain-containing protein,Larimichthys crocea (Large yellow croaker),208,115,185,,InterPro:IPR035076
A0A6G0IW77,P2X purinoceptor,Larimichthys crocea (Large yellow croaker),469,411,469,,InterPro:IPR035076
A0A6G1A5U2,UPAR/Ly6 domain-containing protein,Crocuta crocuta (Spotted hyena),104,4,81,,InterPro:IPR035076
A0A6G1A5V1,UPAR/Ly6 domain-containing protein,Crocuta crocuta (Spotted hyena),123,26,102,,InterPro:IPR035076
A0A6G1A5Z9,UPAR/Ly6 domain-containing protein,Crocuta crocuta (Spotted hyena),123,6,87,,InterPro:IPR035076
A0A6G1A6H0,Ly-6/neurotoxin-like protein 1,Crocuta crocuta (Spotted hyena),158,63,134,,InterPro:IPR035076
A0A6G1A7Q7,UPAR/Ly6 domain-containing protein,Crocuta crocuta (Spotted hyena),126,18,90,,InterPro:IPR035076
A0A6G1B4W9,Snake toxin/toxin-like domain-containing protein,Crocuta crocuta (Spotted hyena),115,2,77,,InterPro:IPR035076
A0A6G1B5A0,Snake toxin/toxin-like domain-containing protein,Crocuta crocuta (Spotted hyena),97,6,87,,InterPro:IPR035076
A0A6G1B5K8,UPAR/Ly6 domain-containing protein,Crocuta crocuta (Spotted hyena),143,34,111,,InterPro:IPR035076
A0A6G1PD89,Snake toxin/toxin-like domain-containing protein,Channa argus (northern snakehead),92,21,92,,InterPro:IPR035076
A0A6G1PJG0,UPAR/Ly6 domain-containing protein,Channa argus (northern snakehead),212,117,190,,InterPro:IPR035076
A0A6G1PNI3,UPAR/Ly6 domain-containing protein,Channa argus (northern snakehead),208,115,185,,InterPro:IPR035076
A0A6G1PZZ6,Snake toxin/toxin-like domain-containing protein,Channa argus (northern snakehead),135,29,97,,InterPro:IPR035076
A0A6G1RFB5,UPAR/Ly6 domain-containing protein,Hypotaenidia okinawae,153,48,123,,InterPro:IPR035076
A0A6G1S2M9,Snake toxin/toxin-like domain-containing protein,Boiga nigriceps (black-headed cat snake),105,37,103,,InterPro:IPR035076
A0A6I8N2M3,UPAR/Ly6 domain-containing protein,Ornithorhynchus anatinus (Duckbill platypus),118,15,84,,InterPro:IPR035076
A0A6I8N3E9,UPAR/Ly6 domain-containing protein,Ornithorhynchus anatinus (Duckbill platypus),176,73,145,,InterPro:IPR035076
A0A6I8PP56,UPAR/Ly6 domain-containing protein,Xenopus tropicalis (Western clawed frog),145,40,115,,InterPro:IPR035076
A0A6I8PR13,UPAR/Ly6 domain-containing protein,Ornithorhynchus anatinus (Duckbill platypus),124,21,93,,InterPro:IPR035076
A0A6I8PV61,UPAR/Ly6 domain-containing protein,Xenopus tropicalis (Western clawed frog),154,49,124,,InterPro:IPR035076
A0A6I8Q102,Snake toxin/toxin-like domain-containing protein,Xenopus tropicalis (Western clawed frog),83,21,82,,InterPro:IPR035076
A0A6I8Q7E6,Snake toxin/toxin-like domain-containing protein,Xenopus tropicalis (Western clawed frog),86,1,58,,InterPro:IPR035076
A0A6I8QZ65,UPAR/Ly6 domain-containing protein,Xenopus tropicalis (Western clawed frog),112,13,84,,InterPro:IPR035076
A0A6I8R2P6,Snake toxin/toxin-like domain-containing protein,Xenopus tropicalis (Western clawed frog),115,27,114,,InterPro:IPR035076
A0A6I8R478,UPAR/Ly6 domain-containing protein,Xenopus tropicalis (Western clawed frog),114,13,84,,InterPro:IPR035076
A0A6I8RF41,Snake toxin/toxin-like domain-containing protein,Xenopus tropicalis (Western clawed frog),160,73,159,,InterPro:IPR035076
A0A6I8RFS5,UPAR/Ly6 domain-containing protein,Xenopus tropicalis (Western clawed frog),114,13,84,,InterPro:IPR035076
A0A6I8RYL8,Snake toxin/toxin-like domain-containing protein,Xenopus tropicalis (Western clawed frog),87,28,87,,InterPro:IPR035076
A0A6I8S7E4,Snake toxin/toxin-like domain-containing protein,Xenopus tropicalis (Western clawed frog),115,27,114,,InterPro:IPR035076
A0A6I8SBU6,Snake toxin/toxin-like domain-containing protein,Xenopus tropicalis (Western clawed frog),83,21,82,,InterPro:IPR035076
A0A6I8SDI6,UPAR/Ly6 domain-containing protein,Xenopus tropicalis (Western clawed frog),126,21,96,,InterPro:IPR035076
A0A6I8SXG5,UPAR/Ly6 domain-containing protein,Xenopus tropicalis (Western clawed frog),125,27,95,,InterPro:IPR035076
A0A6I9HSA1,UPAR/Ly6 domain-containing protein,Geospiza fortis (Medium ground-finch),126,21,96,,InterPro:IPR035076
A0A6I9HSV0,UPAR/Ly6 domain-containing protein,Geospiza fortis (Medium ground-finch),126,21,96,,InterPro:IPR035076
A0A6I9HTY3,UPAR/Ly6 domain-containing protein,Geospiza fortis (Medium ground-finch),127,21,98,,InterPro:IPR035076
A0A6I9HUK6,UPAR/Ly6 domain-containing protein,Geospiza fortis (Medium ground-finch),127,22,97,,InterPro:IPR035076
A0A6I9HUY7,UPAR/Ly6 domain-containing protein,Geospiza fortis (Medium ground-finch),126,21,96,,InterPro:IPR035076
A0A6I9HUZ2,UPAR/Ly6 domain-containing protein,Geospiza fortis (Medium ground-finch),104,3,74,,InterPro:IPR035076
A0A6I9IFP2,UPAR/Ly6 domain-containing protein,Vicugna pacos (Alpaca),130,21,98,,InterPro:IPR035076
A0A6I9IFR3,UPAR/Ly6 domain-containing protein,Vicugna pacos (Alpaca),128,21,93,,InterPro:IPR035076
A0A6I9IGE8,Ly-6/neurotoxin-like protein 1,Vicugna pacos (Alpaca),116,21,92,,InterPro:IPR035076
A0A6I9IVN7,Snake toxin/toxin-like domain-containing protein,Vicugna pacos (Alpaca),110,24,100,,InterPro:IPR035076
A0A6I9LS56,Snake toxin/toxin-like domain-containing protein,Peromyscus maniculatus bairdii (Prairie deer mouse),110,24,100,,InterPro:IPR035076
A0A6I9LS60,UPAR/Ly6 domain-containing protein,Peromyscus maniculatus bairdii (Prairie deer mouse),136,27,105,,InterPro:IPR035076
A0A6I9LS63,Snake toxin/toxin-like domain-containing protein,Peromyscus maniculatus bairdii (Prairie deer mouse),241,59,133,,InterPro:IPR035076
A0A6I9LWH4,UPAR/Ly6 domain-containing protein,Peromyscus maniculatus bairdii (Prairie deer mouse),127,21,93,,InterPro:IPR035076
A0A6I9M499,Snake toxin/toxin-like domain-containing protein,Peromyscus maniculatus bairdii (Prairie deer mouse),116,21,92,,InterPro:IPR035076
A0A6I9M4G0,UPAR/Ly6 domain-containing protein,Peromyscus maniculatus bairdii (Prairie deer mouse),111,21,88,,InterPro:IPR035076
A0A6I9M898,UPAR/Ly6 domain-containing protein,Peromyscus maniculatus bairdii (Prairie deer mouse),127,23,100,,InterPro:IPR035076
A0A6I9M8H4,UPAR/Ly6 domain-containing protein,Peromyscus maniculatus bairdii (Prairie deer mouse),123,21,93,,InterPro:IPR035076
A0A6I9NB69,Snake toxin/toxin-like domain-containing protein,Notothenia coriiceps (black rockcod),78,20,76,,InterPro:IPR035076
A0A6I9P3D7,UPAR/Ly6 domain-containing protein,Notothenia coriiceps (black rockcod),106,20,83,,InterPro:IPR035076
A0A6I9YE31,Snake toxin/toxin-like domain-containing protein,Thamnophis sirtalis,93,21,92,,InterPro:IPR035076
A0A6I9Z7H6,UPAR/Ly6 domain-containing protein,Thamnophis sirtalis,214,22,106,,InterPro:IPR035076
A0A6I9ZAH2,UPAR/Ly6 domain-containing protein,Geospiza fortis (Medium ground-finch),109,21,97,,InterPro:IPR035076
A0A6J0A889,UPAR/Ly6 domain-containing protein,Acinonyx jubatus (Cheetah),163,54,131,,InterPro:IPR035076
A0A6J0AB66,UPAR/Ly6 domain-containing protein,Acinonyx jubatus (Cheetah),124,21,93,,InterPro:IPR035076
A0A6J0ABA1,Snake toxin/toxin-like domain-containing protein,Acinonyx jubatus (Cheetah),112,29,82,,InterPro:IPR035076
A0A6J0AR14,Snake toxin/toxin-like domain-containing protein,Vicugna pacos (Alpaca),175,62,136,,InterPro:IPR035076
A0A6J0E7S0,Snake toxin/toxin-like domain-containing protein,Peromyscus maniculatus bairdii (Prairie deer mouse),178,42,90,,InterPro:IPR035076
A0A6J0E9X4,Snake toxin/toxin-like domain-containing protein,Peromyscus maniculatus bairdii (Prairie deer mouse),178,42,90,,InterPro:IPR035076
A0A6J0EA73,Secreted Ly-6/uPAR domain-containing protein 2,Peromyscus maniculatus bairdii (Prairie deer mouse),258,148,180,,InterPro:IPR035076
A0A6J0J1S5,UPAR/Ly6 domain-containing protein,Lepidothrix coronata (blue-crowned manakin),120,15,90,,InterPro:IPR035076
A0A6J0J1T0,UPAR/Ly6 domain-containing protein,Lepidothrix coronata (blue-crowned manakin),123,21,93,,InterPro:IPR035076
A0A6J0J1T5,UPAR/Ly6 domain-containing protein,Lepidothrix coronata (blue-crowned manakin),125,22,95,,InterPro:IPR035076
A0A6J0J1X6,UPAR/Ly6 domain-containing protein,Lepidothrix coronata (blue-crowned manakin),126,21,96,,InterPro:IPR035076
A0A6J0J3Q7,UPAR/Ly6 domain-containing protein,Lepidothrix coronata (blue-crowned manakin),109,21,97,,InterPro:IPR035076
A0A6J0J3R1,UPAR/Ly6 domain-containing protein,Lepidothrix coronata (blue-crowned manakin),128,23,98,,InterPro:IPR035076
A0A6J0J3T9,UPAR/Ly6 domain-containing protein,Lepidothrix coronata (blue-crowned manakin),127,21,98,,InterPro:IPR035076
A0A6J0SA87,Snake toxin/toxin-like domain-containing protein,Pogona vitticeps (central bearded dragon),197,21,96,,InterPro:IPR035076
A0A6J0V3H5,UPAR/Ly6 domain-containing protein,Pogona vitticeps (central bearded dragon),133,35,106,,InterPro:IPR035076
A0A6J0V3I0,UPAR/Ly6 domain-containing protein,Pogona vitticeps (central bearded dragon),134,28,105,,InterPro:IPR035076
A0A6J0V3I5,UPAR/Ly6 domain-containing protein,Pogona vitticeps (central bearded dragon),144,38,113,,InterPro:IPR035076
A0A6J0V3N4,UPAR/Ly6 domain-containing protein,Pogona vitticeps (central bearded dragon),119,21,92,,InterPro:IPR035076
A0A6J0V3N9,Snake toxin/toxin-like domain-containing protein,Pogona vitticeps (central bearded dragon),112,21,90,,InterPro:IPR035076
A0A6J0V5J2,UPAR/Ly6 domain-containing protein,Pogona vitticeps (central bearded dragon),98,22,97,,InterPro:IPR035076
A0A6J0V5J9,Snake toxin/toxin-like domain-containing protein,Pogona vitticeps (central bearded dragon),124,22,93,,InterPro:IPR035076
A0A6J0V7J7,UPAR/Ly6 domain-containing protein,Pogona vitticeps (central bearded dragon),161,55,132,,InterPro:IPR035076
A0A6J0V7K1,Snake toxin/toxin-like domain-containing protein,Pogona vitticeps (central bearded dragon),104,24,99,,InterPro:IPR035076
A0A6J0V7L0,UPAR/Ly6 domain-containing protein,Pogona vitticeps (central bearded dragon),126,21,96,,InterPro:IPR035076
A0A6J0V7L5,Snake toxin/toxin-like domain-containing protein,Pogona vitticeps (central bearded dragon),119,21,89,,InterPro:IPR035076
A0A6J0VA23,UPAR/Ly6 domain-containing protein,Pogona vitticeps (central bearded dragon),111,13,84,,InterPro:IPR035076
A0A6J0VA27,UPAR/Ly6 domain-containing protein,Pogona vitticeps (central bearded dragon),126,21,96,,InterPro:IPR035076
A0A6J0VB89,UPAR/Ly6 domain-containing protein,Pogona vitticeps (central bearded dragon),313,206,286,,InterPro:IPR035076
A0A6J0WG32,Snake toxin/toxin-like domain-containing protein,Odocoileus virginianus texanus,172,60,133,,InterPro:IPR035076
A0A6J0XEE4,UPAR/Ly6 domain-containing protein,Odocoileus virginianus texanus,130,21,98,,InterPro:IPR035076
A0A6J0Y249,UPAR/Ly6 domain-containing protein,Odocoileus virginianus texanus,128,23,100,,InterPro:IPR035076
A0A6J0Y251,UPAR/Ly6 domain-containing protein,Odocoileus virginianus texanus,128,21,93,,InterPro:IPR035076
A0A6J0Y317,Ly-6/neurotoxin-like protein 1,Odocoileus virginianus texanus,116,21,92,,InterPro:IPR035076
A0A6J0Y338,Snake toxin/toxin-like domain-containing protein,Odocoileus virginianus texanus,126,24,101,,InterPro:IPR035076
A0A6J1VSH2,Snake toxin/toxin-like domain-containing protein,Notechis scutatus (mainland tiger snake),104,25,99,,InterPro:IPR035076
A0A6J1VSS5,UPAR/Ly6 domain-containing protein,Notechis scutatus (mainland tiger snake),152,50,122,,InterPro:IPR035076
A0A6J1VXS3,Snake toxin/toxin-like domain-containing protein,Notechis scutatus (mainland tiger snake),109,28,101,,InterPro:IPR035076
A0A6J1VYT0,Snake toxin/toxin-like domain-containing protein,Notechis scutatus (mainland tiger snake),132,29,106,,InterPro:IPR035076
A0A6J1W0Q9,UPAR/Ly6 domain-containing protein,Notechis scutatus (mainland tiger snake),127,21,98,,InterPro:IPR035076
A0A6J1W1E9,UPAR/Ly6 domain-containing protein,Notechis scutatus (mainland tiger snake),109,4,79,,InterPro:IPR035076
A0A6J1ZPJ7,Snake toxin/toxin-like domain-containing protein,Acinonyx jubatus (Cheetah),124,27,103,,InterPro:IPR035076
A0A6J1ZPV1,UPAR/Ly6 domain-containing protein,Acinonyx jubatus (Cheetah),169,54,137,,InterPro:IPR035076
A0A6J1ZQZ0,UPAR/Ly6 domain-containing protein,Acinonyx jubatus (Cheetah),136,21,104,,InterPro:IPR035076
A0A6J1ZQZ5,UPAR/Ly6 domain-containing protein,Acinonyx jubatus (Cheetah),130,21,93,,InterPro:IPR035076
A0A6J1ZSF9,UPAR/Ly6 domain-containing protein,Acinonyx jubatus (Cheetah),153,26,107,,InterPro:IPR035076
A0A6J1ZSG1,UPAR/Ly6 domain-containing protein,Acinonyx jubatus (Cheetah),128,24,101,,InterPro:IPR035076
A0A6J1ZTQ1,UPAR/Ly6 domain-containing protein,Acinonyx jubatus (Cheetah),175,62,137,,InterPro:IPR035076
A0A6J1ZTR0,Ly-6/neurotoxin-like protein 1,Acinonyx jubatus (Cheetah),116,21,92,,InterPro:IPR035076
A0A6J1ZTR6,UPAR/Ly6 domain-containing protein,Acinonyx jubatus (Cheetah),120,21,89,,InterPro:IPR035076
A0A6J2BAL1,Ly-6/neurotoxin-like protein 1,Zalophus californianus (California sealion),172,77,148,,InterPro:IPR035076
A0A6J2BAT4,Ly-6/neurotoxin-like protein 1,Zalophus californianus (California sealion),116,21,92,,InterPro:IPR035076
A0A6J2BB83,UPAR/Ly6 domain-containing protein,Zalophus californianus (California sealion),130,21,98,,InterPro:IPR035076
A0A6J2BBA4,UPAR/Ly6 domain-containing protein,Zalophus californianus (California sealion),128,21,93,,InterPro:IPR035076
A0A6J2BBQ4,Snake toxin/toxin-like domain-containing protein,Zalophus californianus (California sealion),131,21,100,,InterPro:IPR035076
A0A6J2BGM6,Snake toxin/toxin-like domain-containing protein,Zalophus californianus (California sealion),103,25,101,,InterPro:IPR035076
A0A6J2BHQ3,UPAR/Ly6 domain-containing protein,Zalophus californianus (California sealion),127,23,100,,InterPro:IPR035076
A0A6J2F7A5,Snake toxin/toxin-like domain-containing protein,Zalophus californianus (California sealion),170,56,131,,InterPro:IPR035076
A0A6J2FDD6,Secreted Ly-6/uPAR domain-containing protein 2,Zalophus californianus (California sealion),118,44,116,,InterPro:IPR035076
A0A6J2G6M0,UPAR/Ly6 domain-containing protein,Pipra filicauda (Wire-tailed manakin),123,21,93,,InterPro:IPR035076
A0A6J2G6T7,Snake toxin/toxin-like domain-containing protein,Pipra filicauda (Wire-tailed manakin),127,21,95,,InterPro:IPR035076
A0A6J2H4N7,UPAR/Ly6 domain-containing protein,Pipra filicauda (Wire-tailed manakin),127,21,98,,InterPro:IPR035076
A0A6J2H530,UPAR/Ly6 domain-containing protein,Pipra filicauda (Wire-tailed manakin),125,22,95,,InterPro:IPR035076
A0A6J2H534,UPAR/Ly6 domain-containing protein,Pipra filicauda (Wire-tailed manakin),197,92,167,,InterPro:IPR035076
A0A6J2H587,UPAR/Ly6 domain-containing protein,Pipra filicauda (Wire-tailed manakin),128,23,98,,InterPro:IPR035076
A0A6J2H5D3,UPAR/Ly6 domain-containing protein,Pipra filicauda (Wire-tailed manakin),126,21,96,,InterPro:IPR035076
A0A6J2NAA9,UPAR/Ly6 domain-containing protein,Phyllostomus discolor (pale spear-nosed bat),128,21,93,,InterPro:IPR035076
A0A6J2NAS8,Ly-6/neurotoxin-like protein 1,Phyllostomus discolor (pale spear-nosed bat),163,68,139,,InterPro:IPR035076
A0A6J2NAT8,UPAR/Ly6 domain-containing protein,Phyllostomus discolor (pale spear-nosed bat),133,34,111,,InterPro:IPR035076
A0A6J2NCG3,UPAR/Ly6 domain-containing protein,Phyllostomus discolor (pale spear-nosed bat),131,21,99,,InterPro:IPR035076
A0A6J2NHM7,Ly-6/neurotoxin-like protein 1,Phyllostomus discolor (pale spear-nosed bat),116,21,92,,InterPro:IPR035076
A0A6J2QXU1,Snake toxin/toxin-like domain-containing protein,Cottoperca gobio (Frogmouth),79,20,78,,InterPro:IPR035076
A0A6J2QYP0,P2X purinoceptor,Cottoperca gobio (Frogmouth),425,392,422,,InterPro:IPR035076
A0A6J2R087,Snake toxin/toxin-like domain-containing protein,Cottoperca gobio (Frogmouth),83,20,75,,InterPro:IPR035076
A0A6J2WAC5,UPAR/Ly6 domain-containing protein,Chanos chanos (Milkfish),200,108,177,,InterPro:IPR035076
A0A6J3BGJ4,Snake toxin/toxin-like domain-containing protein,Vicugna pacos (Alpaca),222,29,102,,InterPro:IPR035076
A0A6J3BGR3,UPAR/Ly6 domain-containing protein,Vicugna pacos (Alpaca),127,26,102,,InterPro:IPR035076
A0A6J3BJ55,UPAR/Ly6 domain-containing protein,Vicugna pacos (Alpaca),156,29,110,,InterPro:IPR035076
A0A6J3BKL5,UPAR/Ly6 domain-containing protein,Vicugna pacos (Alpaca),185,58,139,,InterPro:IPR035076
A0A6J3CD44,Snake toxin/toxin-like domain-containing protein,Aythya fuligula (Tufted duck),126,21,95,,InterPro:IPR035076
A0A6J3CDH3,UPAR/Ly6 domain-containing protein,Aythya fuligula (Tufted duck),126,21,96,,InterPro:IPR035076
A0A6J3CHA9,UPAR/Ly6 domain-containing protein,Aythya fuligula (Tufted duck),126,21,96,,InterPro:IPR035076
A0A6J3CI16,UPAR/Ly6 domain-containing protein,Aythya fuligula (Tufted duck),127,22,97,,InterPro:IPR035076
A0A6J3CIK5,UPAR/Ly6 domain-containing protein,Aythya fuligula (Tufted duck),127,21,98,,InterPro:IPR035076
A0A6J3CJV4,UPAR/Ly6 domain-containing protein,Aythya fuligula (Tufted duck),122,21,92,,InterPro:IPR035076
A0A6J3CL17,UPAR/Ly6 domain-containing protein,Aythya fuligula (Tufted duck),126,21,96,,InterPro:IPR035076
A0A6J3FCU2,UPAR/Ly6 domain-containing protein,Sapajus apella (Brown-capped capuchin),123,21,93,,InterPro:IPR035076
A0A6J3FCX6,Snake toxin/toxin-like domain-containing protein,Sapajus apella (Brown-capped capuchin),87,22,56,,InterPro:IPR035076
A0A6J3FXV0,UPAR/Ly6 domain-containing protein,Sapajus apella (Brown-capped capuchin),107,20,84,,InterPro:IPR035076
A0A6J3FY17,UPAR/Ly6 domain-containing protein,Sapajus apella (Brown-capped capuchin),123,21,93,,InterPro:IPR035076
A0A6J3FY51,UPAR/Ly6 domain-containing protein,Sapajus apella (Brown-capped capuchin),130,26,103,,InterPro:IPR035076
A0A6J3FY58,Secreted Ly-6/uPAR domain-containing protein 2,Sapajus apella (Brown-capped capuchin),95,21,93,,InterPro:IPR035076
A0A6J3FYH6,UPAR/Ly6 domain-containing protein,Sapajus apella (Brown-capped capuchin),130,20,98,,InterPro:IPR035076
A0A6J3FYP6,Snake toxin/toxin-like domain-containing protein,Sapajus apella (Brown-capped capuchin),311,190,264,,InterPro:IPR035076
A0A6J3FZC1,Ly-6/neurotoxin-like protein 1,Sapajus apella (Brown-capped capuchin),116,21,92,,InterPro:IPR035076
A0A6J3FZD3,Snake toxin/toxin-like domain-containing protein,Sapajus apella (Brown-capped capuchin),105,23,100,,InterPro:IPR035076
A0A6J3FZD4,UPAR/Ly6 domain-containing protein,Sapajus apella (Brown-capped capuchin),159,49,127,,InterPro:IPR035076
A0A6J3FZF8,UPAR/Ly6 domain-containing protein,Sapajus apella (Brown-capped capuchin),110,20,87,,InterPro:IPR035076
A0A6J3FZN1,Snake toxin/toxin-like domain-containing protein,Sapajus apella (Brown-capped capuchin),202,81,155,,InterPro:IPR035076
A0A6J3FZV6,Snake toxin/toxin-like domain-containing protein,Sapajus apella (Brown-capped capuchin),353,232,306,,InterPro:IPR035076
A0A6J3G566,Snake toxin/toxin-like domain-containing protein,Sapajus apella (Brown-capped capuchin),144,69,101,,InterPro:IPR035076
A0A6J3Q827,UPAR/Ly6 domain-containing protein,Tursiops truncatus (Atlantic bottle-nosed dolphin),130,21,98,,InterPro:IPR035076
A0A6J3Q8P7,Snake toxin/toxin-like domain-containing protein,Tursiops truncatus (Atlantic bottle-nosed dolphin),132,29,101,,InterPro:IPR035076
A0A6J3Q8Q8,Snake toxin/toxin-like domain-containing protein,Tursiops truncatus (Atlantic bottle-nosed dolphin),126,36,109,,InterPro:IPR035076
A0A6J3Q9S1,Snake toxin/toxin-like domain-containing protein,Tursiops truncatus (Atlantic bottle-nosed dolphin),199,86,160,,InterPro:IPR035076
A0A6J3QA62,Snake toxin/toxin-like domain-containing protein,Tursiops truncatus (Atlantic bottle-nosed dolphin),209,96,170,,InterPro:IPR035076
A0A6J3QAH1,UPAR/Ly6 domain-containing protein,Tursiops truncatus (Atlantic bottle-nosed dolphin),128,21,93,,InterPro:IPR035076
A0A6J8A2C8,Snake toxin/toxin-like domain-containing protein,Mytilus coruscus (Sea mussel),155,29,99,,InterPro:IPR035076
A0A6J8ANH5,Snake toxin/toxin-like domain-containing protein,Mytilus coruscus (Sea mussel),195,23,93,,InterPro:IPR035076
A0A6J8B2D5,Snake toxin/toxin-like domain-containing protein,Mytilus coruscus (Sea mussel),397,154,226,,InterPro:IPR035076
A0A6J8C386,C-type lectin domain-containing protein,Mytilus coruscus (Sea mussel),286,96,166,,InterPro:IPR035076
A0A6J8CXM1,Snake toxin/toxin-like domain-containing protein,Mytilus coruscus (Sea mussel),219,50,129,,InterPro:IPR035076
A0A6J8D2Z5,UPAR/Ly6 domain-containing protein,Mytilus coruscus (Sea mussel),367,66,142,,InterPro:IPR035076
A0A6J8D9M8,UPAR/Ly6 domain-containing protein,Mytilus coruscus (Sea mussel),626,436,509,,InterPro:IPR035076
A0A6J8DB53,C-type lectin domain-containing protein,Mytilus coruscus (Sea mussel),426,173,243,,InterPro:IPR035076
A0A6J8DBC2,C-type lectin domain-containing protein,Mytilus coruscus (Sea mussel),552,157,232,,InterPro:IPR035076
A0A6J8DL90,Snake toxin/toxin-like domain-containing protein,Mytilus coruscus (Sea mussel),601,57,136,,InterPro:IPR035076
A0A6J8DMQ7,Snake toxin/toxin-like domain-containing protein,Mytilus coruscus (Sea mussel),456,57,136,,InterPro:IPR035076
A0A6J8DMZ5,Snake toxin/toxin-like domain-containing protein,Mytilus coruscus (Sea mussel),577,57,136,,InterPro:IPR035076
A0A6J8DPR9,Snake toxin/toxin-like domain-containing protein,Mytilus coruscus (Sea mussel),538,57,136,,InterPro:IPR035076
A0A6J8E8T0,ShKT domain-containing protein,Mytilus coruscus (Sea mussel),319,64,139,,InterPro:IPR035076
A0A6P3E739,Ly-6/neurotoxin-like protein 1,Ovis aries (Sheep),116,21,92,,InterPro:IPR035076
A0A6P3F4Y4,Ly-6/neurotoxin-like protein 1,Octodon degus (Degu),116,21,92,,InterPro:IPR035076
A0A6P3F503,UPAR/Ly6 domain-containing protein,Octodon degus (Degu),130,21,98,,InterPro:IPR035076
A0A6P3F527,UPAR/Ly6 domain-containing protein,Octodon degus (Degu),130,21,98,,InterPro:IPR035076
A0A6P3F532,UPAR/Ly6 domain-containing protein,Octodon degus (Degu),122,20,92,,InterPro:IPR035076
A0A6P3FG40,Snake toxin/toxin-like domain-containing protein,Octodon degus (Degu),119,36,112,,InterPro:IPR035076
A0A6P3FG66,UPAR/Ly6 domain-containing protein,Octodon degus (Degu),130,21,95,,InterPro:IPR035076
A0A6P3FJN7,UPAR/Ly6 domain-containing protein,Octodon degus (Degu),127,23,100,,InterPro:IPR035076
A0A6P3GUH9,Snake toxin/toxin-like domain-containing protein,Bison bison bison (North American plains bison),171,59,132,,InterPro:IPR035076
A0A6P3GZG3,UPAR/Ly6 domain-containing protein,Bison bison bison (North American plains bison),130,21,98,,InterPro:IPR035076
A0A6P3HFU6,UPAR/Ly6 domain-containing protein,Bison bison bison (North American plains bison),128,21,93,,InterPro:IPR035076
A0A6P3HR81,Snake toxin/toxin-like domain-containing protein,Bison bison bison (North American plains bison),202,100,177,,InterPro:IPR035076
A0A6P3I0C3,UPAR/Ly6 domain-containing protein,Bison bison bison (North American plains bison),128,23,100,,InterPro:IPR035076
A0A6P3I2K6,Ly-6/neurotoxin-like protein 1,Bison bison bison (North American plains bison),116,21,92,,InterPro:IPR035076
A0A6P3IXA9,UPAR/Ly6 domain-containing protein,Bison bison bison (North American plains bison),136,37,105,,InterPro:IPR035076
A0A6P3R2B4,Ly-6/neurotoxin-like protein 1,Pteropus vampyrus (Large flying fox),146,51,122,,InterPro:IPR035076
A0A6P3R8L9,UPAR/Ly6 domain-containing protein,Pteropus vampyrus (Large flying fox),131,21,99,,InterPro:IPR035076
A0A6P3R8N7,UPAR/Ly6 domain-containing protein,Pteropus vampyrus (Large flying fox),127,23,100,,InterPro:IPR035076
A0A6P3TJS8,Uncharacterized protein,Ovis aries (Sheep),128,23,100,,InterPro:IPR035076
A0A6P3VCL9,UPAR/Ly6 domain-containing protein,Octodon degus (Degu),110,20,87,,InterPro:IPR035076
A0A6P3VHW1,Urokinase plasminogen activator surface receptor-like,Clupea harengus (Atlantic herring),223,113,185,,InterPro:IPR035076
A0A6P4YZR0,Snake toxin/toxin-like domain-containing protein,Branchiostoma belcheri (Amphioxus),153,48,124,,InterPro:IPR035076
A0A6P4ZYZ8,Snake toxin/toxin-like domain-containing protein,Branchiostoma belcheri (Amphioxus),141,27,108,,InterPro:IPR035076
A0A6P5CTP9,Snake toxin/toxin-like domain-containing protein,Bos indicus (Zebu),126,24,101,,InterPro:IPR035076
A0A6P5CU70,UPAR/Ly6 domain-containing protein,Bos indicus (Zebu),128,23,100,,InterPro:IPR035076
A0A6P5CUE3,Snake toxin/toxin-like domain-containing protein,Bos indicus (Zebu),87,21,55,,InterPro:IPR035076
A0A6P5CUU0,Snake toxin/toxin-like domain-containing protein,Bos indicus (Zebu),147,84,122,,InterPro:IPR035076
A0A6P5CVM0,Snake toxin/toxin-like domain-containing protein,Bos indicus (Zebu),171,59,132,,InterPro:IPR035076
A0A6P5CVN3,UPAR/Ly6 domain-containing protein,Bos indicus (Zebu),130,21,98,,InterPro:IPR035076
A0A6P5CWQ7,Ly-6/neurotoxin-like protein 1,Bos indicus (Zebu),116,21,92,,InterPro:IPR035076
A0A6P5KXC8,UPAR/Ly6 domain-containing protein,Phascolarctos cinereus (Koala),164,54,123,,InterPro:IPR035076
A0A6P5KXD2,UPAR/Ly6 domain-containing protein,Phascolarctos cinereus (Koala),137,31,108,,InterPro:IPR035076
A0A6P5KXD8,UPAR/Ly6 domain-containing protein,Phascolarctos cinereus (Koala),127,21,95,,InterPro:IPR035076
A0A6P5KXJ8,UPAR/Ly6 domain-containing protein,Phascolarctos cinereus (Koala),177,61,136,,InterPro:IPR035076
A0A6P5KXK8,UPAR/Ly6 domain-containing protein,Phascolarctos cinereus (Koala),128,22,93,,InterPro:IPR035076
A0A6P5KXL3,Snake toxin/toxin-like domain-containing protein,Phascolarctos cinereus (Koala),113,11,87,,InterPro:IPR035076
A0A6P5KZ11,Snake toxin/toxin-like domain-containing protein,Phascolarctos cinereus (Koala),124,22,98,,InterPro:IPR035076
A0A6P5KZ16,Ly-6/neurotoxin-like protein 1,Phascolarctos cinereus (Koala),117,22,91,,InterPro:IPR035076
A0A6P5KZB8,Snake toxin/toxin-like domain-containing protein,Phascolarctos cinereus (Koala),116,24,91,,InterPro:IPR035076
A0A6P5L1H6,UPAR/Ly6 domain-containing protein,Phascolarctos cinereus (Koala),138,32,109,,InterPro:IPR035076
A0A6P5L1I6,Ly-6/neurotoxin-like protein 1,Phascolarctos cinereus (Koala),121,21,92,,InterPro:IPR035076
A0A6P5L4X3,UPAR/Ly6 domain-containing protein,Phascolarctos cinereus (Koala),126,20,97,,InterPro:IPR035076
A0A6P5L4X8,UPAR/Ly6 domain-containing protein,Phascolarctos cinereus (Koala),126,20,95,,InterPro:IPR035076
A0A6P5L4Y3,UPAR/Ly6 domain-containing protein,Phascolarctos cinereus (Koala),121,21,90,,InterPro:IPR035076
A0A6P5QXC5,Ly-6/neurotoxin-like protein 1,Mus caroli (Ryukyu mouse),116,21,92,,InterPro:IPR035076
A0A6P5QXV4,UPAR/Ly6 domain-containing protein,Mus caroli (Ryukyu mouse),228,61,136,,InterPro:IPR035076
A0A6P5R3B4,UPAR/Ly6 domain-containing protein,Mus caroli (Ryukyu mouse),136,27,105,,InterPro:IPR035076
A0A6P5R571,UPAR/Ly6 domain-containing protein,Mus caroli (Ryukyu mouse),127,23,100,,InterPro:IPR035076
A0A6P5R7X9,UPAR/Ly6 domain-containing protein,Mus caroli (Ryukyu mouse),111,21,88,,InterPro:IPR035076
A0A6P5R874,Snake toxin/toxin-like domain-containing protein,Mus caroli (Ryukyu mouse),110,24,100,,InterPro:IPR035076
A0A6P5RAE7,Snake toxin/toxin-like domain-containing protein,Mus caroli (Ryukyu mouse),123,61,105,,InterPro:IPR035076
A0A6P5RAY1,UPAR/Ly6 domain-containing protein,Mus caroli (Ryukyu mouse),123,21,93,,InterPro:IPR035076
A0A6P5RB85,UPAR/Ly6 domain-containing protein,Mus caroli (Ryukyu mouse),131,25,97,,InterPro:IPR035076
A0A6P6BLW3,UPAR/Ly6 domain-containing protein,Pteropus vampyrus (Large flying fox),127,17,95,,InterPro:IPR035076
A0A6P6BLX0,UPAR/Ly6 domain-containing protein,Pteropus vampyrus (Large flying fox),178,76,147,,InterPro:IPR035076
A0A6P6BLX0,UPAR/Ly6 domain-containing protein,Pteropus vampyrus (Large flying fox),178,6,40,,InterPro:IPR035076
A0A6P6BLZ5,Snake toxin/toxin-like domain-containing protein,Pteropus vampyrus (Large flying fox),123,8,82,,InterPro:IPR035076
A0A6P6F4V9,UPAR/Ly6 domain-containing protein,Octodon degus (Degu),120,22,90,,InterPro:IPR035076
A0A6P6F5U8,Snake toxin/toxin-like domain-containing protein,Octodon degus (Degu),195,60,135,,InterPro:IPR035076
A0A6P6HRW7,UPAR/Ly6 domain-containing protein,Puma concolor (Mountain lion),130,21,98,,InterPro:IPR035076
A0A6P6HSF4,Snake toxin/toxin-like domain-containing protein,Puma concolor (Mountain lion),121,24,100,,InterPro:IPR035076
A0A6P6HTI8,UPAR/Ly6 domain-containing protein,Puma concolor (Mountain lion),127,24,96,,InterPro:IPR035076
A0A6P6HU68,Snake toxin/toxin-like domain-containing protein,Puma concolor (Mountain lion),81,22,57,,InterPro:IPR035076
A0A6P6HUB1,UPAR/Ly6 domain-containing protein,Puma concolor (Mountain lion),128,24,101,,InterPro:IPR035076
A0A6P6IYN2,UPAR/Ly6 domain-containing protein,Carassius auratus (Goldfish),220,114,188,,InterPro:IPR035076
A0A6P6IYP1,Snake toxin/toxin-like domain-containing protein,Carassius auratus (Goldfish),152,63,129,,InterPro:IPR035076
A0A6P6IYP1,Snake toxin/toxin-like domain-containing protein,Carassius auratus (Goldfish),152,6,48,,InterPro:IPR035076
A0A6P6IYT3,UPAR/Ly6 domain-containing protein,Carassius auratus (Goldfish),199,111,176,,InterPro:IPR035076
A0A6P6J032,UPAR/Ly6 domain-containing protein,Carassius auratus (Goldfish),199,110,176,,InterPro:IPR035076
A0A6P6J3J2,MAC-inhibitory protein,Carassius auratus (Goldfish),199,110,176,,InterPro:IPR035076
A0A6P6JWE3,UPAR/Ly6 domain-containing protein,Carassius auratus (Goldfish),152,63,129,,InterPro:IPR035076
A0A6P6JWE3,UPAR/Ly6 domain-containing protein,Carassius auratus (Goldfish),152,9,48,,InterPro:IPR035076
A0A6P6JX32,UPAR/Ly6 domain-containing protein,Carassius auratus (Goldfish),199,110,176,,InterPro:IPR035076
A0A6P6JYR2,UPAR/Ly6 domain-containing protein,Carassius auratus (Goldfish),197,108,174,,InterPro:IPR035076
A0A6P6JYR2,UPAR/Ly6 domain-containing protein,Carassius auratus (Goldfish),197,20,92,,InterPro:IPR035076
A0A6P6JYX3,UPAR/Ly6 domain-containing protein,Carassius auratus (Goldfish),220,114,188,,InterPro:IPR035076
A0A6P6LHP9,Snake toxin/toxin-like domain-containing protein,Carassius auratus (Goldfish),83,28,83,,InterPro:IPR035076
A0A6P6LJG9,UPAR/Ly6 domain-containing protein,Carassius auratus (Goldfish),141,34,112,,InterPro:IPR035076
A0A6P6LZE8,Snake toxin/toxin-like domain-containing protein,Carassius auratus (Goldfish),133,44,110,,InterPro:IPR035076
A0A6P6LZF4,UPAR/Ly6 domain-containing protein,Carassius auratus (Goldfish),196,106,173,,InterPro:IPR035076
A0A6P6LZF9,UPAR/Ly6 domain-containing protein,Carassius auratus (Goldfish),199,110,176,,InterPro:IPR035076
A0A6P6LZI5,UPAR/Ly6 domain-containing protein,Carassius auratus (Goldfish),199,110,176,,InterPro:IPR035076
A0A6P6LZI7,UPAR/Ly6 domain-containing protein,Carassius auratus (Goldfish),207,104,166,,InterPro:IPR035076
A0A6P6LZI7,UPAR/Ly6 domain-containing protein,Carassius auratus (Goldfish),207,20,88,,InterPro:IPR035076
A0A6P6LZJ0,UPAR/Ly6 domain-containing protein,Carassius auratus (Goldfish),199,110,176,,InterPro:IPR035076
A0A6P6M227,UPAR/Ly6 domain-containing protein,Carassius auratus (Goldfish),189,20,90,,InterPro:IPR035076
A0A6P6M227,UPAR/Ly6 domain-containing protein,Carassius auratus (Goldfish),189,105,166,,InterPro:IPR035076
A0A6P6M4D7,MAC-inhibitory protein,Carassius auratus (Goldfish),194,106,171,,InterPro:IPR035076
A0A6P6M572,MAC-inhibitory protein,Carassius auratus (Goldfish),198,105,166,,InterPro:IPR035076
A0A6P6M577,UPAR/Ly6 domain-containing protein,Carassius auratus (Goldfish),199,110,176,,InterPro:IPR035076
A0A6P6N0Z0,UPAR/Ly6 domain-containing protein,Carassius auratus (Goldfish),196,106,173,,InterPro:IPR035076
A0A6P6N122,UPAR/Ly6 domain-containing protein,Carassius auratus (Goldfish),189,20,90,,InterPro:IPR035076
A0A6P6N122,UPAR/Ly6 domain-containing protein,Carassius auratus (Goldfish),189,105,166,,InterPro:IPR035076
A0A6P6N1J6,MAC-inhibitory protein,Carassius auratus (Goldfish),198,105,175,,InterPro:IPR035076
A0A6P6NAK3,UPAR/Ly6 domain-containing protein,Carassius auratus (Goldfish),199,110,176,,InterPro:IPR035076
A0A6P6NBB7,MAC-inhibitory protein,Carassius auratus (Goldfish),199,110,176,,InterPro:IPR035076
A0A6P6NCS0,G-protein coupled receptors family 2 profile 1 domain-containing protein,Carassius auratus (Goldfish),251,20,93,,InterPro:IPR035076
A0A6P6NCS0,G-protein coupled receptors family 2 profile 1 domain-containing protein,Carassius auratus (Goldfish),251,109,174,,InterPro:IPR035076
A0A6P6NFN1,MAC-inhibitory protein,Carassius auratus (Goldfish),262,109,175,,InterPro:IPR035076
A0A6P6NGS7,MAC-inhibitory protein,Carassius auratus (Goldfish),284,109,175,,InterPro:IPR035076
A0A6P6NHC3,Snake toxin/toxin-like domain-containing protein,Carassius auratus (Goldfish),252,35,101,,InterPro:IPR035076
A0A6P6NIR1,MAC-inhibitory protein,Carassius auratus (Goldfish),401,109,175,,InterPro:IPR035076
A0A6P6PAP8,UPAR/Ly6 domain-containing protein,Carassius auratus (Goldfish),206,19,96,,InterPro:IPR035076
A0A6P6PB68,UPAR/Ly6 domain-containing protein,Carassius auratus (Goldfish),200,111,177,,InterPro:IPR035076
A0A6P6PHI6,UPAR/Ly6 domain-containing protein,Carassius auratus (Goldfish),276,118,183,,InterPro:IPR035076
A0A6P6Q845,Snake toxin/toxin-like domain-containing protein,Carassius auratus (Goldfish),135,29,97,,InterPro:IPR035076
A0A6P6R032,Snake toxin/toxin-like domain-containing protein,Carassius auratus (Goldfish),87,32,87,,InterPro:IPR035076
A0A6P6R6C1,Urokinase plasminogen activator surface receptor-like,Carassius auratus (Goldfish),154,56,131,,InterPro:IPR035076
A0A6P7EDN3,Snake toxin/toxin-like domain-containing protein,Ovis aries (Sheep),126,24,101,,InterPro:IPR035076
A0A6P7JUZ1,Nonsense-mediated mRNA decay factor SMG9,Parambassis ranga (Indian glassy fish),598,505,575,,InterPro:IPR035076
A0A6P7JVL8,Nonsense-mediated mRNA decay factor SMG9,Parambassis ranga (Indian glassy fish),582,489,559,,InterPro:IPR035076
A0A6P7JX57,UPAR/Ly6 domain-containing protein,Parambassis ranga (Indian glassy fish),205,111,177,,InterPro:IPR035076
A0A6P7JXM9,UPAR/Ly6 domain-containing protein,Parambassis ranga (Indian glassy fish),123,18,97,,InterPro:IPR035076
A0A6P7JZZ0,UPAR/Ly6 domain-containing protein,Parambassis ranga (Indian glassy fish),198,115,178,,InterPro:IPR035076
A0A6P7K1R3,UPAR/Ly6 domain-containing protein,Parambassis ranga (Indian glassy fish),209,114,184,,InterPro:IPR035076
A0A6P7K2Z5,Snake toxin/toxin-like domain-containing protein,Parambassis ranga (Indian glassy fish),115,43,113,,InterPro:IPR035076
A0A6P7MAD8,UPAR/Ly6 domain-containing protein,Betta splendens (Siamese fighting fish),204,115,182,,InterPro:IPR035076
A0A6P7MHC6,UPAR/Ly6 domain-containing protein,Betta splendens (Siamese fighting fish),212,117,190,,InterPro:IPR035076
A0A6P7WSB6,Snake toxin/toxin-like domain-containing protein,Microcaecilia unicolor,138,24,101,,InterPro:IPR035076
A0A6P7WSC1,UPAR/Ly6 domain-containing protein,Microcaecilia unicolor,123,21,91,,InterPro:IPR035076
A0A6P7WXL4,UPAR/Ly6 domain-containing protein,Microcaecilia unicolor,120,16,91,,InterPro:IPR035076
A0A6P7WY53,Snake toxin/toxin-like domain-containing protein,Microcaecilia unicolor,237,21,74,,InterPro:IPR035076
A0A6P7WY53,Snake toxin/toxin-like domain-containing protein,Microcaecilia unicolor,237,179,213,,InterPro:IPR035076
A0A6P7X0R9,UPAR/Ly6 domain-containing protein,Microcaecilia unicolor,106,21,94,,InterPro:IPR035076
A0A6P7X680,UPAR/Ly6 domain-containing protein,Microcaecilia unicolor,124,21,95,,InterPro:IPR035076
A0A6P7X7A8,UPAR/Ly6 domain-containing protein,Microcaecilia unicolor,121,21,92,,InterPro:IPR035076
A0A6P7Z8D7,Snake toxin/toxin-like domain-containing protein,Microcaecilia unicolor,173,21,101,,InterPro:IPR035076
A0A6P7ZEH9,Snake toxin/toxin-like domain-containing protein,Microcaecilia unicolor,135,23,104,,InterPro:IPR035076
A0A6P7ZGW3,UPAR/Ly6 domain-containing protein,Microcaecilia unicolor,124,21,95,,InterPro:IPR035076
A0A6P7ZH77,UPAR/Ly6 domain-containing protein,Microcaecilia unicolor,119,21,92,,InterPro:IPR035076
A0A6P7ZHU5,UPAR/Ly6 domain-containing protein,Microcaecilia unicolor,122,21,88,,InterPro:IPR035076
A0A6P7ZLI9,UPAR/Ly6 domain-containing protein,Microcaecilia unicolor,125,21,96,,InterPro:IPR035076
A0A6P7ZLK9,UPAR/Ly6 domain-containing protein,Microcaecilia unicolor,121,21,92,,InterPro:IPR035076
A0A6P7ZLR4,UPAR/Ly6 domain-containing protein,Microcaecilia unicolor,120,21,92,,InterPro:IPR035076
A0A6P7ZUU1,Snake toxin/toxin-like domain-containing protein,Microcaecilia unicolor,139,27,108,,InterPro:IPR035076
A0A6P8EF18,Snake toxin/toxin-like domain-containing protein,Clupea harengus (Atlantic herring),88,20,88,,InterPro:IPR035076
A0A6P8FI42,Snake toxin/toxin-like domain-containing protein,Clupea harengus (Atlantic herring),212,113,188,,InterPro:IPR035076
A0A6P8H866,Snake toxin/toxin-like domain-containing protein,Actinia tenebrosa (Australian red waratah sea anemone),127,24,103,,InterPro:IPR035076
A0A6P8NFN6,Snake toxin/toxin-like domain-containing protein,Geotrypetes seraphini (Gaboon caecilian),120,21,88,,InterPro:IPR035076
A0A6P8NUQ7,Snake toxin/toxin-like domain-containing protein,Geotrypetes seraphini (Gaboon caecilian),96,21,88,,InterPro:IPR035076
A0A6P8PJ00,Snake toxin/toxin-like domain-containing protein,Geotrypetes seraphini (Gaboon caecilian),102,21,88,,InterPro:IPR035076
A0A6P8PJ75,Snake toxin/toxin-like domain-containing protein,Geotrypetes seraphini (Gaboon caecilian),134,23,100,,InterPro:IPR035076
A0A6P8PMQ1,UPAR/Ly6 domain-containing protein,Geotrypetes seraphini (Gaboon caecilian),124,21,95,,InterPro:IPR035076
A0A6P8PMV2,Snake toxin/toxin-like domain-containing protein,Geotrypetes seraphini (Gaboon caecilian),125,14,91,,InterPro:IPR035076
A0A6P8PTC0,UPAR/Ly6 domain-containing protein,Geotrypetes seraphini (Gaboon caecilian),96,21,91,,InterPro:IPR035076
A0A6P8PZB5,UPAR/Ly6 domain-containing protein,Geotrypetes seraphini (Gaboon caecilian),99,21,93,,InterPro:IPR035076
A0A6P8Q0D8,UPAR/Ly6 domain-containing protein,Geotrypetes seraphini (Gaboon caecilian),140,21,94,,InterPro:IPR035076
A0A6P8Q0E7,UPAR/Ly6 domain-containing protein,Geotrypetes seraphini (Gaboon caecilian),105,21,105,,InterPro:IPR035076
A0A6P8Q2Y8,UPAR/Ly6 domain-containing protein,Geotrypetes seraphini (Gaboon caecilian),125,22,97,,InterPro:IPR035076
A0A6P8Q3S5,Snake toxin/toxin-like domain-containing protein,Geotrypetes seraphini (Gaboon caecilian),119,21,92,,InterPro:IPR035076
A0A6P8Q3T5,UPAR/Ly6 domain-containing protein,Geotrypetes seraphini (Gaboon caecilian),119,21,92,,InterPro:IPR035076
A0A6P8QF03,UPAR/Ly6 domain-containing protein,Geotrypetes seraphini (Gaboon caecilian),308,209,280,,InterPro:IPR035076
A0A6P8QQ71,UPAR/Ly6 domain-containing protein,Geotrypetes seraphini (Gaboon caecilian),162,21,101,,InterPro:IPR035076
A0A6P8QQP9,UPAR/Ly6 domain-containing protein,Geotrypetes seraphini (Gaboon caecilian),116,21,88,,InterPro:IPR035076
A0A6P8QTZ7,UPAR/Ly6 domain-containing protein,Geotrypetes seraphini (Gaboon caecilian),125,21,96,,InterPro:IPR035076
A0A6P8QU99,UPAR/Ly6 domain-containing protein,Geotrypetes seraphini (Gaboon caecilian),127,23,98,,InterPro:IPR035076
A0A6P8QV84,UPAR/Ly6 domain-containing protein,Geotrypetes seraphini (Gaboon caecilian),127,21,92,,InterPro:IPR035076
A0A6P8UXJ4,Snake toxin/toxin-like domain-containing protein,Gymnodraco acuticeps (Antarctic dragonfish),78,20,76,,InterPro:IPR035076
A0A6P8V283,UPAR/Ly6 domain-containing protein,Gymnodraco acuticeps (Antarctic dragonfish),129,20,101,,InterPro:IPR035076
A0A6P9AWU9,UPAR/Ly6 domain-containing protein,Pantherophis guttatus (Corn snake),117,11,88,,InterPro:IPR035076
A0A6P9B029,Snake toxin/toxin-like domain-containing protein,Pantherophis guttatus (Corn snake),98,4,69,,InterPro:IPR035076
A0A6P9BW18,UPAR/Ly6 domain-containing protein,Pantherophis guttatus (Corn snake),126,21,96,,InterPro:IPR035076
A0A6P9BWX4,UPAR/Ly6 domain-containing protein,Pantherophis guttatus (Corn snake),126,21,96,,InterPro:IPR035076
A0A6P9BXG3,UPAR/Ly6 domain-containing protein,Pantherophis guttatus (Corn snake),153,51,123,,InterPro:IPR035076
A0A6P9C7G6,UPAR/Ly6 domain-containing protein,Pantherophis guttatus (Corn snake),140,37,114,,InterPro:IPR035076
A0A6P9C8D4,UPAR/Ly6 domain-containing protein,Pantherophis guttatus (Corn snake),134,31,108,,InterPro:IPR035076
A0A6P9C8D7,UPAR/Ly6 domain-containing protein,Pantherophis guttatus (Corn snake),126,21,97,,InterPro:IPR035076
A0A6P9DAJ3,Snake toxin/toxin-like domain-containing protein,Pantherophis guttatus (Corn snake),91,21,90,,InterPro:IPR035076
A0A6P9FCI0,UPAR/Ly6 domain-containing protein,Zalophus californianus (California sealion),154,30,111,,InterPro:IPR035076
A0A6S7I1P9,Snake toxin/toxin-like domain-containing protein,Paramuricea clavata (Red gorgonian),135,24,105,,InterPro:IPR035076
A0A6V7JEU5,Snake toxin/toxin-like domain-containing protein,Bracon brevicornis,39,3,36,,InterPro:IPR035076
A0A7D9L4I5,Snake toxin/toxin-like domain-containing protein,Paramuricea clavata (Red gorgonian),131,22,103,,InterPro:IPR035076
A0A7E4UPK9,Snake toxin/toxin-like domain-containing protein,Panagrellus redivivus (Microworm),108,24,103,,InterPro:IPR035076
A0A7E6E6Z7,UPAR/Ly6 domain-containing protein,Phyllostomus discolor (pale spear-nosed bat),244,130,205,,InterPro:IPR035076
A0A7F8KB68,Snake toxin/toxin-like domain-containing protein,Delphinapterus leucas (Beluga whale),141,23,124,,InterPro:IPR035076
A0A7F8KIW9,Snake toxin/toxin-like domain-containing protein,Delphinapterus leucas (Beluga whale),114,21,53,,InterPro:IPR035076
A0A7F8PVD8,Secreted Ly-6/uPAR domain-containing protein 2,Leptonychotes weddellii (Weddell seal),165,91,163,,InterPro:IPR035076
A0A7I4YX87,Snake toxin/toxin-like domain-containing protein,Haemonchus contortus (Barber pole worm),167,12,61,,InterPro:IPR035076
A0A7I5E9C6,Snake toxin/toxin-like domain-containing protein,Haemonchus contortus (Barber pole worm),130,32,91,,InterPro:IPR035076
A0A7I8V6K0,Snake toxin/toxin-like domain-containing protein,Dimorphilus gyrociliatus,148,24,116,,InterPro:IPR035076
A0A7I8W1F9,Snake toxin/toxin-like domain-containing protein,Dimorphilus gyrociliatus,158,20,111,,InterPro:IPR035076
A0A7I8XJD5,Snake toxin/toxin-like domain-containing protein,Bursaphelenchus xylophilus (Pinewood nematode worm),110,21,90,,InterPro:IPR035076
A0A7J5XS69,Snake toxin/toxin-like domain-containing protein,Dissostichus mawsoni (Antarctic cod),128,20,101,,InterPro:IPR035076
A0A7J5YES1,Snake toxin/toxin-like domain-containing protein,Dissostichus mawsoni (Antarctic cod),104,20,71,,InterPro:IPR035076
A0A7J6AZ19,UPAR/Ly6 domain-containing protein,Ameiurus melas (Black bullhead),127,20,98,,InterPro:IPR035076
A0A7J6BV54,UPAR/Ly6 domain-containing protein,Onychostoma macrolepis,383,294,360,,InterPro:IPR035076
A0A7J6BV73,Snake toxin/toxin-like domain-containing protein,Onychostoma macrolepis,101,15,45,,InterPro:IPR035076
A0A7J6BV79,Snake toxin/toxin-like domain-containing protein,Onychostoma macrolepis,161,71,138,,InterPro:IPR035076
A0A7J6BV79,Snake toxin/toxin-like domain-containing protein,Onychostoma macrolepis,161,21,56,,InterPro:IPR035076
A0A7J6BV85,Snake toxin/toxin-like domain-containing protein,Onychostoma macrolepis,151,9,48,,InterPro:IPR035076
A0A7J6BV85,Snake toxin/toxin-like domain-containing protein,Onychostoma macrolepis,151,63,128,,InterPro:IPR035076
A0A7J6BVA4,UPAR/Ly6 domain-containing protein,Onychostoma macrolepis,181,20,95,,InterPro:IPR035076
A0A7J6BVA9,Snake toxin/toxin-like domain-containing protein,Onychostoma macrolepis,235,146,212,,InterPro:IPR035076
A0A7J6BVH5,UPAR/Ly6 domain-containing protein,Onychostoma macrolepis,198,109,175,,InterPro:IPR035076
A0A7J6BVM5,UPAR/Ly6 domain-containing protein,Onychostoma macrolepis,319,230,296,,InterPro:IPR035076
A0A7J6BVV8,UPAR/Ly6 domain-containing protein,Onychostoma macrolepis,209,110,176,,InterPro:IPR035076
A0A7J6BWZ1,MAC-inhibitory protein,Onychostoma macrolepis,419,111,177,,InterPro:IPR035076
A0A7J6BX10,MAC-inhibitory protein,Onychostoma macrolepis,196,106,173,,InterPro:IPR035076
A0A7J6BX29,MAC-inhibitory protein,Onychostoma macrolepis,196,106,173,,InterPro:IPR035076
A0A7J6BZ24,UPAR/Ly6 domain-containing protein,Onychostoma macrolepis,256,148,223,,InterPro:IPR035076
A0A7J6C3C1,Snake toxin/toxin-like domain-containing protein,Onychostoma macrolepis,132,28,104,,InterPro:IPR035076
A0A7J6C911,UPAR/Ly6 domain-containing protein,Onychostoma macrolepis,127,20,98,,InterPro:IPR035076
A0A7J6CAA8,Snake toxin/toxin-like domain-containing protein,Onychostoma macrolepis,87,32,87,,InterPro:IPR035076
A0A7J6D4X9,UPAR/Ly6 domain-containing protein,Onychostoma macrolepis,117,24,90,,InterPro:IPR035076
A0A7J6D9X3,Snake toxin/toxin-like domain-containing protein,Onychostoma macrolepis,76,21,75,,InterPro:IPR035076
A0A7J6DF73,Sodefrin-like factor,Onychostoma macrolepis,300,129,194,,InterPro:IPR035076
A0A7J6DGS5,Snake toxin/toxin-like domain-containing protein,Onychostoma macrolepis,200,43,106,,InterPro:IPR035076
A0A7J6DI03,Snake toxin/toxin-like domain-containing protein,Onychostoma macrolepis,105,33,105,,InterPro:IPR035076
A0A7J7EUI8,UPAR/Ly6 domain-containing protein,Diceros bicornis minor (South-central black rhinoceros),146,43,120,,InterPro:IPR035076
A0A7J7EVN6,UPAR/Ly6 domain-containing protein,Diceros bicornis minor (South-central black rhinoceros),106,3,75,,InterPro:IPR035076
A0A7J7F771,Snake toxin/toxin-like domain-containing protein,Diceros bicornis minor (South-central black rhinoceros),147,81,116,,InterPro:IPR035076
A0A7J7F831,Ly-6/neurotoxin-like protein 1,Diceros bicornis minor (South-central black rhinoceros),116,21,92,,InterPro:IPR035076
A0A7J7F872,UPAR/Ly6 domain-containing protein,Diceros bicornis minor (South-central black rhinoceros),139,19,104,,InterPro:IPR035076
A0A7J7F9S3,UPAR/Ly6 domain-containing protein,Diceros bicornis minor (South-central black rhinoceros),148,82,117,,InterPro:IPR035076
A0A7J7F9S3,UPAR/Ly6 domain-containing protein,Diceros bicornis minor (South-central black rhinoceros),148,10,44,,InterPro:IPR035076
A0A7J7TIU9,UPAR/Ly6 domain-containing protein,Myotis myotis (Greater mouse-eared bat),127,21,92,,InterPro:IPR035076
A0A7J7TIW0,UPAR/Ly6 domain-containing protein,Myotis myotis (Greater mouse-eared bat),182,71,148,,InterPro:IPR035076
A0A7J7TIY8,Ly-6/neurotoxin-like protein 1,Myotis myotis (Greater mouse-eared bat),116,21,92,,InterPro:IPR035076
A0A7J7TJD7,UPAR/Ly6 domain-containing protein,Myotis myotis (Greater mouse-eared bat),169,58,133,,InterPro:IPR035076
A0A7J7TJQ9,UPAR/Ly6 domain-containing protein,Myotis myotis (Greater mouse-eared bat),129,21,99,,InterPro:IPR035076
A0A7J7VE46,Ly-6/neurotoxin-like protein 1,Rhinolophus ferrumequinum (Greater horseshoe bat),208,113,184,,InterPro:IPR035076
A0A7J7VE79,Snake toxin/toxin-like domain-containing protein,Rhinolophus ferrumequinum (Greater horseshoe bat),80,2,56,,InterPro:IPR035076
A0A7J7VEA2,Ly-6/neurotoxin-like protein 1,Rhinolophus ferrumequinum (Greater horseshoe bat),116,21,92,,InterPro:IPR035076
A0A7J7VEK4,UPAR/Ly6 domain-containing protein,Rhinolophus ferrumequinum (Greater horseshoe bat),102,21,96,,InterPro:IPR035076
A0A7J7VEN8,UPAR/Ly6 domain-containing protein,Rhinolophus ferrumequinum (Greater horseshoe bat),124,21,93,,InterPro:IPR035076
A0A7J7VER8,UPAR/Ly6 domain-containing protein,Rhinolophus ferrumequinum (Greater horseshoe bat),127,23,100,,InterPro:IPR035076
A0A7J7VML2,UPAR/Ly6 domain-containing protein,Pipistrellus kuhlii (Kuhl's pipistrelle),146,21,99,,InterPro:IPR035076
A0A7J7VMM4,UPAR/Ly6 domain-containing protein,Pipistrellus kuhlii (Kuhl's pipistrelle),126,23,100,,InterPro:IPR035076
A0A7J7VMQ4,UPAR/Ly6 domain-containing protein,Pipistrellus kuhlii (Kuhl's pipistrelle),124,21,93,,InterPro:IPR035076
A0A7J7VMR6,Ly-6/neurotoxin-like protein 1,Pipistrellus kuhlii (Kuhl's pipistrelle),116,21,92,,InterPro:IPR035076
A0A7J7VMX4,Snake toxin/toxin-like domain-containing protein,Pipistrellus kuhlii (Kuhl's pipistrelle),165,54,129,,InterPro:IPR035076
A0A7J7VND2,UPAR/Ly6 domain-containing protein,Pipistrellus kuhlii (Kuhl's pipistrelle),129,21,99,,InterPro:IPR035076
A0A7J8BAA5,UPAR/Ly6 domain-containing protein,Molossus molossus (Pallas' mastiff bat),172,61,136,,InterPro:IPR035076
A0A7J8BAU8,UPAR/Ly6 domain-containing protein,Molossus molossus (Pallas' mastiff bat),120,9,84,,InterPro:IPR035076
A0A7J8BB12,Snake toxin/toxin-like domain-containing protein,Molossus molossus (Pallas' mastiff bat),103,14,76,,InterPro:IPR035076
A0A7J8BBG0,Ly-6/neurotoxin-like protein 1,Molossus molossus (Pallas' mastiff bat),118,21,92,,InterPro:IPR035076
A0A7J8BBH3,UPAR/Ly6 domain-containing protein,Molossus molossus (Pallas' mastiff bat),127,21,92,,InterPro:IPR035076
A0A7J8BC05,UPAR/Ly6 domain-containing protein,Molossus molossus (Pallas' mastiff bat),131,21,99,,InterPro:IPR035076
A0A7J8C1S8,UPAR/Ly6 domain-containing protein,Rousettus aegyptiacus (Egyptian fruit bat),162,36,117,,InterPro:IPR035076
A0A7J8C1T6,Snake toxin/toxin-like domain-containing protein,Rousettus aegyptiacus (Egyptian fruit bat),172,60,134,,InterPro:IPR035076
A0A7J8C2W7,UPAR/Ly6 domain-containing protein,Rousettus aegyptiacus (Egyptian fruit bat),131,21,99,,InterPro:IPR035076
A0A7J8C310,UPAR/Ly6 domain-containing protein,Rousettus aegyptiacus (Egyptian fruit bat),127,21,93,,InterPro:IPR035076
A0A7J8C325,Ly-6/neurotoxin-like protein 1,Rousettus aegyptiacus (Egyptian fruit bat),113,18,89,,InterPro:IPR035076
A0A7J8C326,UPAR/Ly6 domain-containing protein,Rousettus aegyptiacus (Egyptian fruit bat),127,23,100,,InterPro:IPR035076
A0A7J8C3U0,UPAR/Ly6 domain-containing protein,Rousettus aegyptiacus (Egyptian fruit bat),164,60,132,,InterPro:IPR035076
A0A7J8C3W1,UPAR/Ly6 domain-containing protein,Rousettus aegyptiacus (Egyptian fruit bat),124,20,92,,InterPro:IPR035076
A0A7K4J2A9,UPAR/Ly6 domain-containing protein,Geococcyx californianus (Greater roadrunner),87,2,79,,InterPro:IPR035076
A0A7K4JBN9,UPAR/Ly6 domain-containing protein,Geococcyx californianus (Greater roadrunner),124,19,94,,InterPro:IPR035076
A0A7K4JBX6,UPAR/Ly6 domain-containing protein,Geococcyx californianus (Greater roadrunner),109,4,79,,InterPro:IPR035076
A0A7K4JMQ1,UPAR/Ly6 domain-containing protein,Geococcyx californianus (Greater roadrunner),105,24,99,,InterPro:IPR035076
A0A7K4JMR1,UPAR/Ly6 domain-containing protein,Geococcyx californianus (Greater roadrunner),107,2,77,,InterPro:IPR035076
A0A7K4JMZ9,UPAR/Ly6 domain-containing protein,Geococcyx californianus (Greater roadrunner),112,7,82,,InterPro:IPR035076
A0A7K4JTN9,Snake toxin/toxin-like domain-containing protein,Geococcyx californianus (Greater roadrunner),72,9,42,,InterPro:IPR035076
A0A7K4KN32,UPAR/Ly6 domain-containing protein,Crypturellus soui,112,7,82,,InterPro:IPR035076
A0A7K4KN33,UPAR/Ly6 domain-containing protein,Crypturellus soui,111,4,81,,InterPro:IPR035076
A0A7K4KN48,UPAR/Ly6 domain-containing protein,Crypturellus soui,109,4,79,,InterPro:IPR035076
A0A7K4KNC3,UPAR/Ly6 domain-containing protein,Crypturellus soui,107,2,77,,InterPro:IPR035076
A0A7K4KNN2,Snake toxin/toxin-like domain-containing protein,Crypturellus soui,78,4,78,,InterPro:IPR035076
A0A7K4KPS2,UPAR/Ly6 domain-containing protein,Crypturellus soui,87,2,79,,InterPro:IPR035076
A0A7K4KQ98,UPAR/Ly6 domain-containing protein,Crypturellus soui,104,5,75,,InterPro:IPR035076
A0A7K4KY65,Snake toxin/toxin-like domain-containing protein,Crypturellus soui,91,9,85,,InterPro:IPR035076
A0A7K4LIB4,UPAR/Ly6 domain-containing protein,Crypturellus undulatus,104,5,75,,InterPro:IPR035076
A0A7K4LJA1,UPAR/Ly6 domain-containing protein,Crypturellus undulatus,87,2,79,,InterPro:IPR035076
A0A7K4LJG5,Snake toxin/toxin-like domain-containing protein,Crypturellus undulatus,78,4,78,,InterPro:IPR035076
A0A7K4LRY5,Snake toxin/toxin-like domain-containing protein,Crypturellus undulatus,91,9,85,,InterPro:IPR035076
A0A7K4M1K7,UPAR/Ly6 domain-containing protein,Crypturellus undulatus,112,7,82,,InterPro:IPR035076
A0A7K4M1L3,UPAR/Ly6 domain-containing protein,Crypturellus undulatus,107,2,77,,InterPro:IPR035076
A0A7K4M1V0,UPAR/Ly6 domain-containing protein,Crypturellus undulatus,111,4,81,,InterPro:IPR035076
A0A7K4M2S9,UPAR/Ly6 domain-containing protein,Crypturellus undulatus,109,4,79,,InterPro:IPR035076
A0A7K4Q2W8,Snake toxin/toxin-like domain-containing protein,Melospiza melodia (Song sparrow),78,4,78,,InterPro:IPR035076
A0A7K4Q2X9,UPAR/Ly6 domain-containing protein,Melospiza melodia (Song sparrow),126,21,96,,InterPro:IPR035076
A0A7K4Q2Y0,UPAR/Ly6 domain-containing protein,Melospiza melodia (Song sparrow),104,4,75,,InterPro:IPR035076
A0A7K4Q2Y6,Snake toxin/toxin-like domain-containing protein,Melospiza melodia (Song sparrow),94,4,88,,InterPro:IPR035076
A0A7K4Q2Y9,UPAR/Ly6 domain-containing protein,Melospiza melodia (Song sparrow),88,2,79,,InterPro:IPR035076
A0A7K4Q300,UPAR/Ly6 domain-containing protein,Melospiza melodia (Song sparrow),110,5,80,,InterPro:IPR035076
A0A7K4Q3A3,UPAR/Ly6 domain-containing protein,Melospiza melodia (Song sparrow),112,7,82,,InterPro:IPR035076
A0A7K4Q3B4,UPAR/Ly6 domain-containing protein,Melospiza melodia (Song sparrow),109,2,79,,InterPro:IPR035076
A0A7K4QY52,Snake toxin/toxin-like domain-containing protein,Neopipo cinnamomea,78,4,78,,InterPro:IPR035076
A0A7K4QY61,UPAR/Ly6 domain-containing protein,Neopipo cinnamomea,87,2,79,,InterPro:IPR035076
A0A7K4QY64,UPAR/Ly6 domain-containing protein,Neopipo cinnamomea,97,18,91,,InterPro:IPR035076
A0A7K4QY93,UPAR/Ly6 domain-containing protein,Neopipo cinnamomea,105,4,76,,InterPro:IPR035076
A0A7K4QYA1,UPAR/Ly6 domain-containing protein,Neopipo cinnamomea,107,2,77,,InterPro:IPR035076
A0A7K4QYE9,UPAR/Ly6 domain-containing protein,Neopipo cinnamomea,108,4,79,,InterPro:IPR035076
A0A7K4QYH9,UPAR/Ly6 domain-containing protein,Neopipo cinnamomea,112,7,82,,InterPro:IPR035076
A0A7K4QYQ6,UPAR/Ly6 domain-containing protein,Neopipo cinnamomea,109,4,79,,InterPro:IPR035076
A0A7K4RRL4,Snake toxin/toxin-like domain-containing protein,Columbina picui (Picui ground-dove),99,18,99,,InterPro:IPR035076
A0A7K4RRL7,UPAR/Ly6 domain-containing protein,Columbina picui (Picui ground-dove),112,7,82,,InterPro:IPR035076
A0A7K4RRM1,UPAR/Ly6 domain-containing protein,Columbina picui (Picui ground-dove),87,2,79,,InterPro:IPR035076
A0A7K4RRN2,UPAR/Ly6 domain-containing protein,Columbina picui (Picui ground-dove),104,4,75,,InterPro:IPR035076
A0A7K4RRQ2,UPAR/Ly6 domain-containing protein,Columbina picui (Picui ground-dove),127,22,97,,InterPro:IPR035076
A0A7K4RRV7,UPAR/Ly6 domain-containing protein,Columbina picui (Picui ground-dove),126,21,96,,InterPro:IPR035076
A0A7K4RST6,Snake toxin/toxin-like domain-containing protein,Columbina picui (Picui ground-dove),79,4,79,,InterPro:IPR035076
A0A7K4RT94,UPAR/Ly6 domain-containing protein,Columbina picui (Picui ground-dove),109,2,79,,InterPro:IPR035076
A0A7K4T7R2,UPAR/Ly6 domain-containing protein,Burhinus bistriatus,110,4,80,,InterPro:IPR035076
A0A7K4T7R7,UPAR/Ly6 domain-containing protein,Burhinus bistriatus,104,4,75,,InterPro:IPR035076
A0A7K4T804,UPAR/Ly6 domain-containing protein,Burhinus bistriatus,110,5,80,,InterPro:IPR035076
A0A7K4T870,UPAR/Ly6 domain-containing protein,Burhinus bistriatus,109,4,79,,InterPro:IPR035076
A0A7K4T8R0,UPAR/Ly6 domain-containing protein,Burhinus bistriatus,109,2,79,,InterPro:IPR035076
A0A7K4TA36,UPAR/Ly6 domain-containing protein,Burhinus bistriatus,87,2,79,,InterPro:IPR035076
A0A7K4TA83,UPAR/Ly6 domain-containing protein,Burhinus bistriatus,89,4,83,,InterPro:IPR035076
A0A7K4TAE0,Snake toxin/toxin-like domain-containing protein,Burhinus bistriatus,78,4,78,,InterPro:IPR035076
A0A7K4TXB2,Snake toxin/toxin-like domain-containing protein,Sinosuthora webbiana,86,2,79,,InterPro:IPR035076
A0A7K4TXD0,UPAR/Ly6 domain-containing protein,Sinosuthora webbiana,104,4,75,,InterPro:IPR035076
A0A7K4TXV1,UPAR/Ly6 domain-containing protein,Sinosuthora webbiana,109,5,80,,InterPro:IPR035076
A0A7K4TZ77,Snake toxin/toxin-like domain-containing protein,Sinosuthora webbiana,78,4,78,,InterPro:IPR035076
A0A7K4TZB8,UPAR/Ly6 domain-containing protein,Sinosuthora webbiana,109,4,79,,InterPro:IPR035076
A0A7K4U5I3,UPAR/Ly6 domain-containing protein,Sinosuthora webbiana,107,2,77,,InterPro:IPR035076
A0A7K4U637,UPAR/Ly6 domain-containing protein,Sinosuthora webbiana,86,4,80,,InterPro:IPR035076
A0A7K4U7K6,UPAR/Ly6 domain-containing protein,Sinosuthora webbiana,112,7,82,,InterPro:IPR035076
A0A7K4VCE1,UPAR/Ly6 domain-containing protein,Emberiza fucata,109,2,79,,InterPro:IPR035076
A0A7K4VCE5,UPAR/Ly6 domain-containing protein,Emberiza fucata,112,7,82,,InterPro:IPR035076
A0A7K4VCF6,UPAR/Ly6 domain-containing protein,Emberiza fucata,126,21,96,,InterPro:IPR035076
A0A7K4VCP4,Snake toxin/toxin-like domain-containing protein,Emberiza fucata,107,17,101,,InterPro:IPR035076
A0A7K4VD13,Snake toxin/toxin-like domain-containing protein,Emberiza fucata,78,4,78,,InterPro:IPR035076
A0A7K4VD16,UPAR/Ly6 domain-containing protein,Emberiza fucata,87,2,79,,InterPro:IPR035076
A0A7K4VEN9,UPAR/Ly6 domain-containing protein,Emberiza fucata,127,22,97,,InterPro:IPR035076
A0A7K4VGV8,UPAR/Ly6 domain-containing protein,Emberiza fucata,104,4,75,,InterPro:IPR035076
A0A7K4VUB0,Snake toxin/toxin-like domain-containing protein,Emberiza fucata,60,4,59,,InterPro:IPR035076
A0A7K4WYE1,UPAR/Ly6 domain-containing protein,Tachuris rubrigastra,124,19,94,,InterPro:IPR035076
A0A7K4WYE4,UPAR/Ly6 domain-containing protein,Tachuris rubrigastra,112,7,82,,InterPro:IPR035076
A0A7K4WYV1,UPAR/Ly6 domain-containing protein,Tachuris rubrigastra,124,19,94,,InterPro:IPR035076
A0A7K4WYW2,UPAR/Ly6 domain-containing protein,Tachuris rubrigastra,107,2,77,,InterPro:IPR035076
A0A7K4WZ95,Snake toxin/toxin-like domain-containing protein,Tachuris rubrigastra,78,4,78,,InterPro:IPR035076
A0A7K4WZG8,UPAR/Ly6 domain-containing protein,Tachuris rubrigastra,87,4,81,,InterPro:IPR035076
A0A7K4X055,UPAR/Ly6 domain-containing protein,Tachuris rubrigastra,87,2,79,,InterPro:IPR035076
A0A7K4X1B0,UPAR/Ly6 domain-containing protein,Tachuris rubrigastra,105,4,76,,InterPro:IPR035076
A0A7K4XA76,UPAR/Ly6 domain-containing protein,Regulus satrapa (Golden-crowned kinglet),126,21,96,,InterPro:IPR035076
A0A7K4XAA5,Snake toxin/toxin-like domain-containing protein,Regulus satrapa (Golden-crowned kinglet),87,2,79,,InterPro:IPR035076
A0A7K4XQD4,UPAR/Ly6 domain-containing protein,Regulus satrapa (Golden-crowned kinglet),104,4,75,,InterPro:IPR035076
A0A7K4XQH3,Snake toxin/toxin-like domain-containing protein,Regulus satrapa (Golden-crowned kinglet),78,4,78,,InterPro:IPR035076
A0A7K4Y3A3,Snake toxin/toxin-like domain-containing protein,Regulus satrapa (Golden-crowned kinglet),88,4,82,,InterPro:IPR035076
A0A7K4Y3E5,UPAR/Ly6 domain-containing protein,Regulus satrapa (Golden-crowned kinglet),112,7,82,,InterPro:IPR035076
A0A7K4Y3G4,UPAR/Ly6 domain-containing protein,Regulus satrapa (Golden-crowned kinglet),109,2,79,,InterPro:IPR035076
A0A7K4Y3H6,UPAR/Ly6 domain-containing protein,Regulus satrapa (Golden-crowned kinglet),124,19,94,,InterPro:IPR035076
A0A7K4YGE9,Snake toxin/toxin-like domain-containing protein,Bucorvus abyssinicus (Northern ground-hornbill),105,20,99,,InterPro:IPR035076
A0A7K4YGF2,UPAR/Ly6 domain-containing protein,Bucorvus abyssinicus (Northern ground-hornbill),126,21,96,,InterPro:IPR035076
A0A7K4YGF7,UPAR/Ly6 domain-containing protein,Bucorvus abyssinicus (Northern ground-hornbill),112,7,82,,InterPro:IPR035076
A0A7K4YGH6,Snake toxin/toxin-like domain-containing protein,Bucorvus abyssinicus (Northern ground-hornbill),78,4,78,,InterPro:IPR035076
A0A7K4YGJ2,UPAR/Ly6 domain-containing protein,Bucorvus abyssinicus (Northern ground-hornbill),87,2,79,,InterPro:IPR035076
A0A7K4YGM0,UPAR/Ly6 domain-containing protein,Bucorvus abyssinicus (Northern ground-hornbill),109,4,79,,InterPro:IPR035076
A0A7K4YGU2,UPAR/Ly6 domain-containing protein,Bucorvus abyssinicus (Northern ground-hornbill),109,2,79,,InterPro:IPR035076
A0A7K4YMR2,UPAR/Ly6 domain-containing protein,Bucorvus abyssinicus (Northern ground-hornbill),104,4,75,,InterPro:IPR035076
A0A7K4ZMT6,UPAR/Ly6 domain-containing protein,Centropus unirufus,102,20,96,,InterPro:IPR035076
A0A7K4ZMU7,UPAR/Ly6 domain-containing protein,Centropus unirufus,109,4,79,,InterPro:IPR035076
A0A7K4ZMV2,Snake toxin/toxin-like domain-containing protein,Centropus unirufus,78,4,78,,InterPro:IPR035076
A0A7K4ZMX9,UPAR/Ly6 domain-containing protein,Centropus unirufus,87,2,79,,InterPro:IPR035076
A0A7K4ZMZ0,UPAR/Ly6 domain-containing protein,Centropus unirufus,112,7,82,,InterPro:IPR035076
A0A7K4ZNC9,UPAR/Ly6 domain-containing protein,Centropus unirufus,109,4,79,,InterPro:IPR035076
A0A7K4ZNM9,UPAR/Ly6 domain-containing protein,Centropus unirufus,104,4,75,,InterPro:IPR035076
A0A7K5B2Z6,UPAR/Ly6 domain-containing protein,Furnarius figulus,104,4,75,,InterPro:IPR035076
A0A7K5B3T0,Snake toxin/toxin-like domain-containing protein,Furnarius figulus,86,2,79,,InterPro:IPR035076
A0A7K5B412,Snake toxin/toxin-like domain-containing protein,Furnarius figulus,78,4,78,,InterPro:IPR035076
A0A7K5B4A2,UPAR/Ly6 domain-containing protein,Furnarius figulus,109,4,79,,InterPro:IPR035076
A0A7K5B9D7,UPAR/Ly6 domain-containing protein,Furnarius figulus,86,4,80,,InterPro:IPR035076
A0A7K5B9I2,UPAR/Ly6 domain-containing protein,Furnarius figulus,108,4,79,,InterPro:IPR035076
A0A7K5B9J7,UPAR/Ly6 domain-containing protein,Furnarius figulus,107,2,77,,InterPro:IPR035076
A0A7K5BBN6,UPAR/Ly6 domain-containing protein,Furnarius figulus,112,7,82,,InterPro:IPR035076
A0A7K5BWJ7,UPAR/Ly6 domain-containing protein,Motacilla alba (White wagtail),94,4,88,,InterPro:IPR035076
A0A7K5BWL6,UPAR/Ly6 domain-containing protein,Motacilla alba (White wagtail),112,7,82,,InterPro:IPR035076
A0A7K5BXE2,UPAR/Ly6 domain-containing protein,Motacilla alba (White wagtail),104,4,75,,InterPro:IPR035076
A0A7K5BXF8,UPAR/Ly6 domain-containing protein,Motacilla alba (White wagtail),126,21,96,,InterPro:IPR035076
A0A7K5BXI4,UPAR/Ly6 domain-containing protein,Motacilla alba (White wagtail),109,5,80,,InterPro:IPR035076
A0A7K5BXN2,UPAR/Ly6 domain-containing protein,Motacilla alba (White wagtail),109,2,79,,InterPro:IPR035076
A0A7K5BY70,Snake toxin/toxin-like domain-containing protein,Motacilla alba (White wagtail),78,4,78,,InterPro:IPR035076
A0A7K5BZ17,UPAR/Ly6 domain-containing protein,Motacilla alba (White wagtail),87,2,79,,InterPro:IPR035076
A0A7K5CVM4,UPAR/Ly6 domain-containing protein,Pachyramphus minor,87,4,81,,InterPro:IPR035076
A0A7K5DFW7,UPAR/Ly6 domain-containing protein,Pachyramphus minor,109,4,79,,InterPro:IPR035076
A0A7K5DG41,UPAR/Ly6 domain-containing protein,Pachyramphus minor,87,2,79,,InterPro:IPR035076
A0A7K5DGD8,UPAR/Ly6 domain-containing protein,Pachyramphus minor,109,4,79,,InterPro:IPR035076
A0A7K5DGE1,UPAR/Ly6 domain-containing protein,Pachyramphus minor,107,2,77,,InterPro:IPR035076
A0A7K5DGQ6,UPAR/Ly6 domain-containing protein,Pachyramphus minor,104,4,75,,InterPro:IPR035076
A0A7K5DHN7,UPAR/Ly6 domain-containing protein,Pachyramphus minor,112,7,82,,InterPro:IPR035076
A0A7K5DKA5,Snake toxin/toxin-like domain-containing protein,Pachyramphus minor,78,4,78,,InterPro:IPR035076
A0A7K5DVI2,UPAR/Ly6 domain-containing protein,Polioptila caerulea (Blue-grey gnatcatcher),112,7,82,,InterPro:IPR035076
A0A7K5DVJ4,UPAR/Ly6 domain-containing protein,Polioptila caerulea (Blue-grey gnatcatcher),87,4,81,,InterPro:IPR035076
A0A7K5DVP3,UPAR/Ly6 domain-containing protein,Polioptila caerulea (Blue-grey gnatcatcher),107,2,77,,InterPro:IPR035076
A0A7K5DVY9,UPAR/Ly6 domain-containing protein,Polioptila caerulea (Blue-grey gnatcatcher),126,22,97,,InterPro:IPR035076
A0A7K5DWF3,UPAR/Ly6 domain-containing protein,Polioptila caerulea (Blue-grey gnatcatcher),109,4,79,,InterPro:IPR035076
A0A7K5DXS0,Snake toxin/toxin-like domain-containing protein,Polioptila caerulea (Blue-grey gnatcatcher),78,4,78,,InterPro:IPR035076
A0A7K5DXX1,UPAR/Ly6 domain-containing protein,Polioptila caerulea (Blue-grey gnatcatcher),87,2,79,,InterPro:IPR035076
A0A7K5DZP2,UPAR/Ly6 domain-containing protein,Polioptila caerulea (Blue-grey gnatcatcher),104,4,75,,InterPro:IPR035076
A0A7K5FGF9,UPAR/Ly6 domain-containing protein,Probosciger aterrimus (Palm cockatoo),86,2,79,,InterPro:IPR035076
A0A7K5FGK7,UPAR/Ly6 domain-containing protein,Probosciger aterrimus (Palm cockatoo),107,2,77,,InterPro:IPR035076
A0A7K5FGM7,UPAR/Ly6 domain-containing protein,Probosciger aterrimus (Palm cockatoo),118,13,88,,InterPro:IPR035076
A0A7K5FGT0,UPAR/Ly6 domain-containing protein,Probosciger aterrimus (Palm cockatoo),123,22,97,,InterPro:IPR035076
A0A7K5FHB9,UPAR/Ly6 domain-containing protein,Probosciger aterrimus (Palm cockatoo),86,4,80,,InterPro:IPR035076
A0A7K5FIC9,UPAR/Ly6 domain-containing protein,Probosciger aterrimus (Palm cockatoo),112,7,82,,InterPro:IPR035076
A0A7K5FQL0,Snake toxin/toxin-like domain-containing protein,Probosciger aterrimus (Palm cockatoo),78,4,78,,InterPro:IPR035076
A0A7K5FR92,UPAR/Ly6 domain-containing protein,Probosciger aterrimus (Palm cockatoo),104,4,75,,InterPro:IPR035076
A0A7K5G9D7,UPAR/Ly6 domain-containing protein,Chunga burmeisteri (Black-legged seriema),127,22,97,,InterPro:IPR035076
A0A7K5G9D9,UPAR/Ly6 domain-containing protein,Chunga burmeisteri (Black-legged seriema),129,21,99,,InterPro:IPR035076
A0A7K5G9E5,UPAR/Ly6 domain-containing protein,Chunga burmeisteri (Black-legged seriema),87,2,79,,InterPro:IPR035076
A0A7K5G9H4,Snake toxin/toxin-like domain-containing protein,Chunga burmeisteri (Black-legged seriema),78,4,78,,InterPro:IPR035076
A0A7K5G9J1,Snake toxin/toxin-like domain-containing protein,Chunga burmeisteri (Black-legged seriema),106,19,100,,InterPro:IPR035076
A0A7K5G9M6,UPAR/Ly6 domain-containing protein,Chunga burmeisteri (Black-legged seriema),112,7,82,,InterPro:IPR035076
A0A7K5G9N3,UPAR/Ly6 domain-containing protein,Chunga burmeisteri (Black-legged seriema),109,2,79,,InterPro:IPR035076
A0A7K5G9N7,UPAR/Ly6 domain-containing protein,Chunga burmeisteri (Black-legged seriema),104,4,75,,InterPro:IPR035076
A0A7K5HX60,UPAR/Ly6 domain-containing protein,Crotophaga sulcirostris (Groove-billed ani),112,7,82,,InterPro:IPR035076
A0A7K5HX64,UPAR/Ly6 domain-containing protein,Crotophaga sulcirostris (Groove-billed ani),123,18,93,,InterPro:IPR035076
A0A7K5HX90,UPAR/Ly6 domain-containing protein,Crotophaga sulcirostris (Groove-billed ani),102,4,73,,InterPro:IPR035076
A0A7K5HX94,UPAR/Ly6 domain-containing protein,Crotophaga sulcirostris (Groove-billed ani),124,19,94,,InterPro:IPR035076
A0A7K5HXA8,Snake toxin/toxin-like domain-containing protein,Crotophaga sulcirostris (Groove-billed ani),78,4,78,,InterPro:IPR035076
A0A7K5HXF8,Snake toxin/toxin-like domain-containing protein,Crotophaga sulcirostris (Groove-billed ani),107,20,101,,InterPro:IPR035076
A0A7K5HXQ6,UPAR/Ly6 domain-containing protein,Crotophaga sulcirostris (Groove-billed ani),87,2,79,,InterPro:IPR035076
A0A7K5HYF1,UPAR/Ly6 domain-containing protein,Crotophaga sulcirostris (Groove-billed ani),107,2,77,,InterPro:IPR035076
A0A7K5IYR2,UPAR/Ly6 domain-containing protein,Toxostoma redivivum (California thrasher),107,2,77,,InterPro:IPR035076
A0A7K5IYR7,UPAR/Ly6 domain-containing protein,Toxostoma redivivum (California thrasher),112,7,82,,InterPro:IPR035076
A0A7K5IYS1,UPAR/Ly6 domain-containing protein,Toxostoma redivivum (California thrasher),105,4,76,,InterPro:IPR035076
A0A7K5IZ39,UPAR/Ly6 domain-containing protein,Toxostoma redivivum (California thrasher),109,5,80,,InterPro:IPR035076
A0A7K5IZ43,Snake toxin/toxin-like domain-containing protein,Toxostoma redivivum (California thrasher),78,4,78,,InterPro:IPR035076
A0A7K5IZE5,UPAR/Ly6 domain-containing protein,Toxostoma redivivum (California thrasher),109,4,79,,InterPro:IPR035076
A0A7K5J053,UPAR/Ly6 domain-containing protein,Toxostoma redivivum (California thrasher),87,4,81,,InterPro:IPR035076
A0A7K5J118,Snake toxin/toxin-like domain-containing protein,Toxostoma redivivum (California thrasher),86,2,79,,InterPro:IPR035076
A0A7K5K912,UPAR/Ly6 domain-containing protein,Mionectes macconnelli (McConnell's flycatcher),87,4,81,,InterPro:IPR035076
A0A7K5K913,Snake toxin/toxin-like domain-containing protein,Mionectes macconnelli (McConnell's flycatcher),78,4,78,,InterPro:IPR035076
A0A7K5K921,UPAR/Ly6 domain-containing protein,Mionectes macconnelli (McConnell's flycatcher),107,2,77,,InterPro:IPR035076
A0A7K5K944,UPAR/Ly6 domain-containing protein,Mionectes macconnelli (McConnell's flycatcher),109,4,79,,InterPro:IPR035076
A0A7K5K956,UPAR/Ly6 domain-containing protein,Mionectes macconnelli (McConnell's flycatcher),105,4,76,,InterPro:IPR035076
A0A7K5K9M2,UPAR/Ly6 domain-containing protein,Mionectes macconnelli (McConnell's flycatcher),114,9,84,,InterPro:IPR035076
A0A7K5K9V3,UPAR/Ly6 domain-containing protein,Mionectes macconnelli (McConnell's flycatcher),126,21,96,,InterPro:IPR035076
A0A7K5KAW5,Snake toxin/toxin-like domain-containing protein,Mionectes macconnelli (McConnell's flycatcher),87,2,79,,InterPro:IPR035076
A0A7K5KQI8,Snake toxin/toxin-like domain-containing protein,Vireo altiloquus (Black-whiskered vireo),78,4,78,,InterPro:IPR035076
A0A7K5KQJ4,UPAR/Ly6 domain-containing protein,Vireo altiloquus (Black-whiskered vireo),112,7,82,,InterPro:IPR035076
A0A7K5KQJ5,Snake toxin/toxin-like domain-containing protein,Vireo altiloquus (Black-whiskered vireo),87,2,79,,InterPro:IPR035076
A0A7K5KQJ8,UPAR/Ly6 domain-containing protein,Vireo altiloquus (Black-whiskered vireo),104,4,75,,InterPro:IPR035076
A0A7K5KQX5,UPAR/Ly6 domain-containing protein,Vireo altiloquus (Black-whiskered vireo),98,15,92,,InterPro:IPR035076
A0A7K5KR66,UPAR/Ly6 domain-containing protein,Vireo altiloquus (Black-whiskered vireo),110,5,80,,InterPro:IPR035076
A0A7K5KRI8,UPAR/Ly6 domain-containing protein,Vireo altiloquus (Black-whiskered vireo),107,2,77,,InterPro:IPR035076
A0A7K5KSQ7,UPAR/Ly6 domain-containing protein,Vireo altiloquus (Black-whiskered vireo),109,4,79,,InterPro:IPR035076
A0A7K5MIC4,UPAR/Ly6 domain-containing protein,Cardinalis cardinalis (Northern cardinal),112,7,82,,InterPro:IPR035076
A0A7K5MID1,UPAR/Ly6 domain-containing protein,Cardinalis cardinalis (Northern cardinal),94,4,88,,InterPro:IPR035076
A0A7K5MIH5,UPAR/Ly6 domain-containing protein,Cardinalis cardinalis (Northern cardinal),109,5,80,,InterPro:IPR035076
A0A7K5MII1,UPAR/Ly6 domain-containing protein,Cardinalis cardinalis (Northern cardinal),87,2,79,,InterPro:IPR035076
A0A7K5MIS9,UPAR/Ly6 domain-containing protein,Cardinalis cardinalis (Northern cardinal),109,4,79,,InterPro:IPR035076
A0A7K5MJI2,UPAR/Ly6 domain-containing protein,Cardinalis cardinalis (Northern cardinal),104,4,75,,InterPro:IPR035076
A0A7K5MKA9,UPAR/Ly6 domain-containing protein,Cardinalis cardinalis (Northern cardinal),107,2,77,,InterPro:IPR035076
A0A7K5MKQ8,Snake toxin/toxin-like domain-containing protein,Cardinalis cardinalis (Northern cardinal),78,4,78,,InterPro:IPR035076
A0A7K5NG74,UPAR/Ly6 domain-containing protein,Chroicocephalus maculipennis (Brown-hooded gull),87,2,79,,InterPro:IPR035076
A0A7K5NG75,UPAR/Ly6 domain-containing protein,Chroicocephalus maculipennis (Brown-hooded gull),126,21,96,,InterPro:IPR035076
A0A7K5NGL2,UPAR/Ly6 domain-containing protein,Chroicocephalus maculipennis (Brown-hooded gull),127,22,97,,InterPro:IPR035076
A0A7K5NGL3,UPAR/Ly6 domain-containing protein,Chroicocephalus maculipennis (Brown-hooded gull),112,7,82,,InterPro:IPR035076
A0A7K5NGT5,UPAR/Ly6 domain-containing protein,Chroicocephalus maculipennis (Brown-hooded gull),105,21,99,,InterPro:IPR035076
A0A7K5NIM7,Snake toxin/toxin-like domain-containing protein,Chroicocephalus maculipennis (Brown-hooded gull),78,4,78,,InterPro:IPR035076
A0A7K5NIX2,UPAR/Ly6 domain-containing protein,Chroicocephalus maculipennis (Brown-hooded gull),104,4,75,,InterPro:IPR035076
A0A7K5NJ82,UPAR/Ly6 domain-containing protein,Chroicocephalus maculipennis (Brown-hooded gull),109,2,79,,InterPro:IPR035076
A0A7K5P918,UPAR/Ly6 domain-containing protein,Erythrocercus mccallii,109,5,80,,InterPro:IPR035076
A0A7K5P922,UPAR/Ly6 domain-containing protein,Erythrocercus mccallii,112,7,82,,InterPro:IPR035076
A0A7K5P9D7,UPAR/Ly6 domain-containing protein,Erythrocercus mccallii,109,4,79,,InterPro:IPR035076
A0A7K5PA36,Snake toxin/toxin-like domain-containing protein,Erythrocercus mccallii,78,4,78,,InterPro:IPR035076
A0A7K5PAC2,UPAR/Ly6 domain-containing protein,Erythrocercus mccallii,86,4,80,,InterPro:IPR035076
A0A7K5PAV5,UPAR/Ly6 domain-containing protein,Erythrocercus mccallii,104,4,75,,InterPro:IPR035076
A0A7K5PAV8,Snake toxin/toxin-like domain-containing protein,Erythrocercus mccallii,86,2,79,,InterPro:IPR035076
A0A7K5PB49,UPAR/Ly6 domain-containing protein,Erythrocercus mccallii,107,2,77,,InterPro:IPR035076
A0A7K5QPF0,UPAR/Ly6 domain-containing protein,Prunella himalayana,126,21,96,,InterPro:IPR035076
A0A7K5QPF4,Snake toxin/toxin-like domain-containing protein,Prunella himalayana,78,4,78,,InterPro:IPR035076
A0A7K5QPG5,UPAR/Ly6 domain-containing protein,Prunella himalayana,87,2,79,,InterPro:IPR035076
A0A7K5QPM9,UPAR/Ly6 domain-containing protein,Prunella himalayana,109,2,79,,InterPro:IPR035076
A0A7K5QPN8,UPAR/Ly6 domain-containing protein,Prunella himalayana,110,5,80,,InterPro:IPR035076
A0A7K5QPT4,UPAR/Ly6 domain-containing protein,Prunella himalayana,100,17,94,,InterPro:IPR035076
A0A7K5QRT3,UPAR/Ly6 domain-containing protein,Prunella himalayana,112,7,82,,InterPro:IPR035076
A0A7K5QRU3,UPAR/Ly6 domain-containing protein,Prunella himalayana,104,4,75,,InterPro:IPR035076
A0A7K5S396,UPAR/Ly6 domain-containing protein,Lanius ludovicianus (Loggerhead shrike),109,5,80,,InterPro:IPR035076
A0A7K5S399,UPAR/Ly6 domain-containing protein,Lanius ludovicianus (Loggerhead shrike),104,4,75,,InterPro:IPR035076
A0A7K5S3B2,UPAR/Ly6 domain-containing protein,Lanius ludovicianus (Loggerhead shrike),112,7,82,,InterPro:IPR035076
A0A7K5S3B5,UPAR/Ly6 domain-containing protein,Lanius ludovicianus (Loggerhead shrike),109,4,79,,InterPro:IPR035076
A0A7K5S3W9,UPAR/Ly6 domain-containing protein,Lanius ludovicianus (Loggerhead shrike),87,4,81,,InterPro:IPR035076
A0A7K5S4P7,UPAR/Ly6 domain-containing protein,Lanius ludovicianus (Loggerhead shrike),107,2,77,,InterPro:IPR035076
A0A7K5S5Z8,Snake toxin/toxin-like domain-containing protein,Lanius ludovicianus (Loggerhead shrike),78,4,78,,InterPro:IPR035076
A0A7K5S655,Snake toxin/toxin-like domain-containing protein,Lanius ludovicianus (Loggerhead shrike),86,1,78,,InterPro:IPR035076
A0A7K5SU41,UPAR/Ly6 domain-containing protein,Urocynchramus pylzowi,104,4,75,,InterPro:IPR035076
A0A7K5SU52,UPAR/Ly6 domain-containing protein,Urocynchramus pylzowi,94,4,88,,InterPro:IPR035076
A0A7K5SU58,UPAR/Ly6 domain-containing protein,Urocynchramus pylzowi,112,7,82,,InterPro:IPR035076
A0A7K5SUC5,UPAR/Ly6 domain-containing protein,Urocynchramus pylzowi,87,2,79,,InterPro:IPR035076
A0A7K5SUD0,UPAR/Ly6 domain-containing protein,Urocynchramus pylzowi,109,5,80,,InterPro:IPR035076
A0A7K5SVQ2,Snake toxin/toxin-like domain-containing protein,Urocynchramus pylzowi,78,4,78,,InterPro:IPR035076
A0A7K5SVV4,UPAR/Ly6 domain-containing protein,Urocynchramus pylzowi,107,2,77,,InterPro:IPR035076
A0A7K5SWJ7,UPAR/Ly6 domain-containing protein,Urocynchramus pylzowi,104,4,74,,InterPro:IPR035076
A0A7K5TU57,UPAR/Ly6 domain-containing protein,Cephalopterus ornatus (Amazonian umbrellabird),107,2,77,,InterPro:IPR035076
A0A7K5TU71,UPAR/Ly6 domain-containing protein,Cephalopterus ornatus (Amazonian umbrellabird),126,21,96,,InterPro:IPR035076
A0A7K5TU85,UPAR/Ly6 domain-containing protein,Cephalopterus ornatus (Amazonian umbrellabird),112,7,82,,InterPro:IPR035076
A0A7K5TUA6,UPAR/Ly6 domain-containing protein,Cephalopterus ornatus (Amazonian umbrellabird),118,14,89,,InterPro:IPR035076
A0A7K5TWF0,Snake toxin/toxin-like domain-containing protein,Cephalopterus ornatus (Amazonian umbrellabird),78,4,78,,InterPro:IPR035076
A0A7K5TWS5,Snake toxin/toxin-like domain-containing protein,Cephalopterus ornatus (Amazonian umbrellabird),86,2,79,,InterPro:IPR035076
A0A7K5U0R5,UPAR/Ly6 domain-containing protein,Cephalopterus ornatus (Amazonian umbrellabird),94,11,88,,InterPro:IPR035076
A0A7K5UPZ5,UPAR/Ly6 domain-containing protein,Cephalopterus ornatus (Amazonian umbrellabird),105,4,76,,InterPro:IPR035076
A0A7K5UQF2,Snake toxin/toxin-like domain-containing protein,Platysteira castanea,78,4,78,,InterPro:IPR035076
A0A7K5UQF7,Snake toxin/toxin-like domain-containing protein,Platysteira castanea,87,2,79,,InterPro:IPR035076
A0A7K5UQR5,UPAR/Ly6 domain-containing protein,Platysteira castanea,112,7,82,,InterPro:IPR035076
A0A7K5URD6,UPAR/Ly6 domain-containing protein,Platysteira castanea,107,2,77,,InterPro:IPR035076
A0A7K5USR2,UPAR/Ly6 domain-containing protein,Platysteira castanea,109,5,80,,InterPro:IPR035076
A0A7K5USV1,UPAR/Ly6 domain-containing protein,Platysteira castanea,104,4,75,,InterPro:IPR035076
A0A7K5UTC9,UPAR/Ly6 domain-containing protein,Platysteira castanea,87,4,81,,InterPro:IPR035076
A0A7K5UU77,UPAR/Ly6 domain-containing protein,Platysteira castanea,109,4,79,,InterPro:IPR035076
A0A7K5WN92,Snake toxin/toxin-like domain-containing protein,Hylia prasina (green hylia),78,4,78,,InterPro:IPR035076
A0A7K5WNA2,UPAR/Ly6 domain-containing protein,Hylia prasina (green hylia),86,4,80,,InterPro:IPR035076
A0A7K5WNA9,Snake toxin/toxin-like domain-containing protein,Hylia prasina (green hylia),84,2,79,,InterPro:IPR035076
A0A7K5WNZ0,UPAR/Ly6 domain-containing protein,Hylia prasina (green hylia),109,5,80,,InterPro:IPR035076
A0A7K5WP06,UPAR/Ly6 domain-containing protein,Hylia prasina (green hylia),112,7,82,,InterPro:IPR035076
A0A7K5WQ37,UPAR/Ly6 domain-containing protein,Hylia prasina (green hylia),107,2,77,,InterPro:IPR035076
A0A7K5WQ49,UPAR/Ly6 domain-containing protein,Hylia prasina (green hylia),104,4,75,,InterPro:IPR035076
A0A7K5WRL9,UPAR/Ly6 domain-containing protein,Hylia prasina (green hylia),109,4,79,,InterPro:IPR035076
A0A7K5X8C4,Snake toxin/toxin-like domain-containing protein,Dromas ardeola,87,2,79,,InterPro:IPR035076
A0A7K5X8C7,UPAR/Ly6 domain-containing protein,Dromas ardeola,126,21,96,,InterPro:IPR035076
A0A7K5X8J2,UPAR/Ly6 domain-containing protein,Dromas ardeola,104,4,75,,InterPro:IPR035076
A0A7K5X8Z6,UPAR/Ly6 domain-containing protein,Dromas ardeola,107,2,77,,InterPro:IPR035076
A0A7K5X9N0,Snake toxin/toxin-like domain-containing protein,Dromas ardeola,78,4,78,,InterPro:IPR035076
A0A7K5X9X1,UPAR/Ly6 domain-containing protein,Dromas ardeola,103,21,97,,InterPro:IPR035076
A0A7K5XBB5,UPAR/Ly6 domain-containing protein,Dromas ardeola,127,22,97,,InterPro:IPR035076
A0A7K5XCP6,UPAR/Ly6 domain-containing protein,Dromas ardeola,112,7,82,,InterPro:IPR035076
A0A7K5YPH7,UPAR/Ly6 domain-containing protein,Pterocles burchelli,109,2,79,,InterPro:IPR035076
A0A7K5YPH9,UPAR/Ly6 domain-containing protein,Pterocles burchelli,109,3,79,,InterPro:IPR035076
A0A7K5YPI5,Snake toxin/toxin-like domain-containing protein,Pterocles burchelli,78,4,78,,InterPro:IPR035076
A0A7K5YPR3,UPAR/Ly6 domain-containing protein,Pterocles burchelli,87,2,79,,InterPro:IPR035076
A0A7K5YPU6,UPAR/Ly6 domain-containing protein,Pterocles burchelli,127,21,97,,InterPro:IPR035076
A0A7K5YPX4,Snake toxin/toxin-like domain-containing protein,Pterocles burchelli,104,19,98,,InterPro:IPR035076
A0A7K5YPY5,UPAR/Ly6 domain-containing protein,Pterocles burchelli,105,4,76,,InterPro:IPR035076
A0A7K5YRG3,UPAR/Ly6 domain-containing protein,Pterocles burchelli,112,7,82,,InterPro:IPR035076
A0A7K6A9Z3,UPAR/Ly6 domain-containing protein,Onychorhynchus coronatus (Royal flycatcher),107,2,77,,InterPro:IPR035076
A0A7K6A9Z4,UPAR/Ly6 domain-containing protein,Onychorhynchus coronatus (Royal flycatcher),112,7,82,,InterPro:IPR035076
A0A7K6AA52,UPAR/Ly6 domain-containing protein,Onychorhynchus coronatus (Royal flycatcher),109,4,79,,InterPro:IPR035076
A0A7K6AA69,Snake toxin/toxin-like domain-containing protein,Onychorhynchus coronatus (Royal flycatcher),87,2,79,,InterPro:IPR035076
A0A7K6AB69,UPAR/Ly6 domain-containing protein,Onychorhynchus coronatus (Royal flycatcher),135,30,105,,InterPro:IPR035076
A0A7K6ABI4,Snake toxin/toxin-like domain-containing protein,Onychorhynchus coronatus (Royal flycatcher),107,20,101,,InterPro:IPR035076
A0A7K6ACI7,UPAR/Ly6 domain-containing protein,Onychorhynchus coronatus (Royal flycatcher),107,4,78,,InterPro:IPR035076
A0A7K6BHH0,UPAR/Ly6 domain-containing protein,Upupa epops (Eurasian hoopoe),107,2,77,,InterPro:IPR035076
A0A7K6BIJ9,Snake toxin/toxin-like domain-containing protein,Upupa epops (Eurasian hoopoe),78,4,78,,InterPro:IPR035076
A0A7K6BIU4,UPAR/Ly6 domain-containing protein,Upupa epops (Eurasian hoopoe),86,4,80,,InterPro:IPR035076
A0A7K6BIZ0,UPAR/Ly6 domain-containing protein,Ptilonorhynchus violaceus (Satin bowerbird),86,4,80,,InterPro:IPR035076
A0A7K6BJ08,UPAR/Ly6 domain-containing protein,Ptilonorhynchus violaceus (Satin bowerbird),112,7,82,,InterPro:IPR035076
A0A7K6BJ21,UPAR/Ly6 domain-containing protein,Ptilonorhynchus violaceus (Satin bowerbird),107,2,77,,InterPro:IPR035076
A0A7K6BJ28,UPAR/Ly6 domain-containing protein,Ptilonorhynchus violaceus (Satin bowerbird),109,5,80,,InterPro:IPR035076
A0A7K6BJ79,UPAR/Ly6 domain-containing protein,Upupa epops (Eurasian hoopoe),109,4,79,,InterPro:IPR035076
A0A7K6BJ89,UPAR/Ly6 domain-containing protein,Upupa epops (Eurasian hoopoe),116,10,86,,InterPro:IPR035076
A0A7K6BJB0,UPAR/Ly6 domain-containing protein,Ptilonorhynchus violaceus (Satin bowerbird),104,4,75,,InterPro:IPR035076
A0A7K6BK39,UPAR/Ly6 domain-containing protein,Upupa epops (Eurasian hoopoe),104,4,75,,InterPro:IPR035076
A0A7K6BK63,Snake toxin/toxin-like domain-containing protein,Ptilonorhynchus violaceus (Satin bowerbird),78,4,78,,InterPro:IPR035076
A0A7K6BKE1,UPAR/Ly6 domain-containing protein,Upupa epops (Eurasian hoopoe),107,6,81,,InterPro:IPR035076
A0A7K6BKT4,UPAR/Ly6 domain-containing protein,Ptilonorhynchus violaceus (Satin bowerbird),87,2,79,,InterPro:IPR035076
A0A7K6BLZ1,UPAR/Ly6 domain-containing protein,Ptilonorhynchus violaceus (Satin bowerbird),109,4,79,,InterPro:IPR035076
A0A7K6D7N7,UPAR/Ly6 domain-containing protein,Origma solitaria,112,7,82,,InterPro:IPR035076
A0A7K6D7P8,Snake toxin/toxin-like domain-containing protein,Origma solitaria,78,4,78,,InterPro:IPR035076
A0A7K6D7Q3,UPAR/Ly6 domain-containing protein,Origma solitaria,107,2,77,,InterPro:IPR035076
A0A7K6D9K1,Snake toxin/toxin-like domain-containing protein,Origma solitaria,87,2,79,,InterPro:IPR035076
A0A7K6D9N8,UPAR/Ly6 domain-containing protein,Origma solitaria,104,4,75,,InterPro:IPR035076
A0A7K6D9Z7,UPAR/Ly6 domain-containing protein,Origma solitaria,123,18,93,,InterPro:IPR035076
A0A7K6DB22,UPAR/Ly6 domain-containing protein,Origma solitaria,126,21,96,,InterPro:IPR035076
A0A7K6EA35,UPAR/Ly6 domain-containing protein,Grantiella picta,112,7,82,,InterPro:IPR035076
A0A7K6EAG4,Snake toxin/toxin-like domain-containing protein,Grantiella picta,78,4,78,,InterPro:IPR035076
A0A7K6EAP7,Snake toxin/toxin-like domain-containing protein,Grantiella picta,87,2,79,,InterPro:IPR035076
A0A7K6EAV4,UPAR/Ly6 domain-containing protein,Grantiella picta,109,2,79,,InterPro:IPR035076
A0A7K6EAZ5,UPAR/Ly6 domain-containing protein,Grantiella picta,126,21,96,,InterPro:IPR035076
A0A7K6EBI5,UPAR/Ly6 domain-containing protein,Grantiella picta,101,18,95,,InterPro:IPR035076
A0A7K6ECQ1,UPAR/Ly6 domain-containing protein,Grantiella picta,104,4,75,,InterPro:IPR035076
A0A7K6EDY9,UPAR/Ly6 domain-containing protein,Grantiella picta,127,22,97,,InterPro:IPR035076
A0A7K6G3C2,UPAR/Ly6 domain-containing protein,Daphoenositta chrysoptera (varied sittella),104,4,75,,InterPro:IPR035076
A0A7K6G3D1,UPAR/Ly6 domain-containing protein,Daphoenositta chrysoptera (varied sittella),107,2,77,,InterPro:IPR035076
A0A7K6G3F9,UPAR/Ly6 domain-containing protein,Daphoenositta chrysoptera (varied sittella),112,7,82,,InterPro:IPR035076
A0A7K6G3H2,Snake toxin/toxin-like domain-containing protein,Daphoenositta chrysoptera (varied sittella),104,21,98,,InterPro:IPR035076
A0A7K6G3J0,Snake toxin/toxin-like domain-containing protein,Daphoenositta chrysoptera (varied sittella),86,2,79,,InterPro:IPR035076
A0A7K6G3J6,UPAR/Ly6 domain-containing protein,Daphoenositta chrysoptera (varied sittella),109,4,79,,InterPro:IPR035076
A0A7K6G3N1,UPAR/Ly6 domain-containing protein,Daphoenositta chrysoptera (varied sittella),126,22,97,,InterPro:IPR035076
A0A7K6G3T5,Snake toxin/toxin-like domain-containing protein,Daphoenositta chrysoptera (varied sittella),78,4,78,,InterPro:IPR035076
A0A7K6GCW7,Snake toxin/toxin-like domain-containing protein,Malurus elegans (Red-winged fairywren),78,4,78,,InterPro:IPR035076
A0A7K6GCY0,UPAR/Ly6 domain-containing protein,Malurus elegans (Red-winged fairywren),104,4,75,,InterPro:IPR035076
A0A7K6GXR1,UPAR/Ly6 domain-containing protein,Malurus elegans (Red-winged fairywren),99,16,93,,InterPro:IPR035076
A0A7K6GXW5,Snake toxin/toxin-like domain-containing protein,Malurus elegans (Red-winged fairywren),87,2,79,,InterPro:IPR035076
A0A7K6GXX0,UPAR/Ly6 domain-containing protein,Malurus elegans (Red-winged fairywren),109,4,79,,InterPro:IPR035076
A0A7K6GY05,UPAR/Ly6 domain-containing protein,Malurus elegans (Red-winged fairywren),112,7,82,,InterPro:IPR035076
A0A7K6GY82,UPAR/Ly6 domain-containing protein,Malurus elegans (Red-winged fairywren),109,2,79,,InterPro:IPR035076
A0A7K6GYA0,UPAR/Ly6 domain-containing protein,Malurus elegans (Red-winged fairywren),110,5,80,,InterPro:IPR035076
A0A7K6HU38,Snake toxin/toxin-like domain-containing protein,Dasyornis broadbenti (rufous bristle-bird),78,4,78,,InterPro:IPR035076
A0A7K6HU41,UPAR/Ly6 domain-containing protein,Dasyornis broadbenti (rufous bristle-bird),104,4,75,,InterPro:IPR035076
A0A7K6HU46,UPAR/Ly6 domain-containing protein,Dasyornis broadbenti (rufous bristle-bird),111,6,81,,InterPro:IPR035076
A0A7K6HU48,UPAR/Ly6 domain-containing protein,Dasyornis broadbenti (rufous bristle-bird),107,2,77,,InterPro:IPR035076
A0A7K6HU51,Snake toxin/toxin-like domain-containing protein,Dasyornis broadbenti (rufous bristle-bird),86,2,79,,InterPro:IPR035076
A0A7K6HUB1,UPAR/Ly6 domain-containing protein,Dasyornis broadbenti (rufous bristle-bird),126,22,97,,InterPro:IPR035076
A0A7K6HUB6,UPAR/Ly6 domain-containing protein,Dasyornis broadbenti (rufous bristle-bird),87,4,81,,InterPro:IPR035076
A0A7K6HV78,UPAR/Ly6 domain-containing protein,Dasyornis broadbenti (rufous bristle-bird),109,4,79,,InterPro:IPR035076
A0A7K6JJ22,UPAR/Ly6 domain-containing protein,Machaerirhynchus nigripectus,107,2,77,,InterPro:IPR035076
A0A7K6JJ38,UPAR/Ly6 domain-containing protein,Machaerirhynchus nigripectus,109,5,80,,InterPro:IPR035076
A0A7K6JJ76,UPAR/Ly6 domain-containing protein,Machaerirhynchus nigripectus,109,4,79,,InterPro:IPR035076
A0A7K6JJ92,Snake toxin/toxin-like domain-containing protein,Machaerirhynchus nigripectus,78,4,78,,InterPro:IPR035076
A0A7K6JKA4,UPAR/Ly6 domain-containing protein,Machaerirhynchus nigripectus,112,7,82,,InterPro:IPR035076
A0A7K6JKV7,UPAR/Ly6 domain-containing protein,Machaerirhynchus nigripectus,87,4,81,,InterPro:IPR035076
A0A7K6JKV8,UPAR/Ly6 domain-containing protein,Machaerirhynchus nigripectus,104,4,75,,InterPro:IPR035076
A0A7K6JLK8,Snake toxin/toxin-like domain-containing protein,Machaerirhynchus nigripectus,86,2,79,,InterPro:IPR035076
A0A7K6JRZ0,UPAR/Ly6 domain-containing protein,Oreocharis arfaki (tit berrypecker),104,4,75,,InterPro:IPR035076
A0A7K6JT12,Snake toxin/toxin-like domain-containing protein,Oreocharis arfaki (tit berrypecker),78,4,78,,InterPro:IPR035076
A0A7K6K1Y5,UPAR/Ly6 domain-containing protein,Oreocharis arfaki (tit berrypecker),110,5,80,,InterPro:IPR035076
A0A7K6K2M7,UPAR/Ly6 domain-containing protein,Oreocharis arfaki (tit berrypecker),112,7,82,,InterPro:IPR035076
A0A7K6K359,UPAR/Ly6 domain-containing protein,Oreocharis arfaki (tit berrypecker),126,21,96,,InterPro:IPR035076
A0A7K6K3M9,UPAR/Ly6 domain-containing protein,Oreocharis arfaki (tit berrypecker),109,2,79,,InterPro:IPR035076
A0A7K6K469,UPAR/Ly6 domain-containing protein,Oreocharis arfaki (tit berrypecker),87,4,81,,InterPro:IPR035076
A0A7K6KJE6,Snake toxin/toxin-like domain-containing protein,Oreocharis arfaki (tit berrypecker),87,2,79,,InterPro:IPR035076
A0A7K6LCL9,UPAR/Ly6 domain-containing protein,Falcunculus frontatus (Eastern shriketit),100,17,94,,InterPro:IPR035076
A0A7K6LCT8,Snake toxin/toxin-like domain-containing protein,Falcunculus frontatus (Eastern shriketit),87,2,79,,InterPro:IPR035076
A0A7K6LCX2,UPAR/Ly6 domain-containing protein,Falcunculus frontatus (Eastern shriketit),109,2,79,,InterPro:IPR035076
A0A7K6LD45,UPAR/Ly6 domain-containing protein,Falcunculus frontatus (Eastern shriketit),104,4,75,,InterPro:IPR035076
A0A7K6LDS1,UPAR/Ly6 domain-containing protein,Falcunculus frontatus (Eastern shriketit),112,7,82,,InterPro:IPR035076
A0A7K6LEU7,Snake toxin/toxin-like domain-containing protein,Falcunculus frontatus (Eastern shriketit),78,4,78,,InterPro:IPR035076
A0A7K6LF36,UPAR/Ly6 domain-containing protein,Falcunculus frontatus (Eastern shriketit),110,5,80,,InterPro:IPR035076
A0A7K6LFQ0,UPAR/Ly6 domain-containing protein,Falcunculus frontatus (Eastern shriketit),126,21,96,,InterPro:IPR035076
A0A7K6M041,UPAR/Ly6 domain-containing protein,Panurus biarmicus (Bearded tit),109,2,79,,InterPro:IPR035076
A0A7K6M043,UPAR/Ly6 domain-containing protein,Panurus biarmicus (Bearded tit),87,2,79,,InterPro:IPR035076
A0A7K6M072,UPAR/Ly6 domain-containing protein,Panurus biarmicus (Bearded tit),112,7,82,,InterPro:IPR035076
A0A7K6M0B7,UPAR/Ly6 domain-containing protein,Panurus biarmicus (Bearded tit),126,21,96,,InterPro:IPR035076
A0A7K6M1S4,Snake toxin/toxin-like domain-containing protein,Panurus biarmicus (Bearded tit),78,4,78,,InterPro:IPR035076
A0A7K6M1T0,UPAR/Ly6 domain-containing protein,Panurus biarmicus (Bearded tit),101,17,95,,InterPro:IPR035076
A0A7K6M2N2,UPAR/Ly6 domain-containing protein,Panurus biarmicus (Bearded tit),104,4,75,,InterPro:IPR035076
A0A7K6N4X5,UPAR/Ly6 domain-containing protein,Pedionomus torquatus (Plains-wanderer),87,2,79,,InterPro:IPR035076
A0A7K6N4Y6,UPAR/Ly6 domain-containing protein,Pedionomus torquatus (Plains-wanderer),127,21,97,,InterPro:IPR035076
A0A7K6NFW2,Snake toxin/toxin-like domain-containing protein,Pedionomus torquatus (Plains-wanderer),108,21,102,,InterPro:IPR035076
A0A7K6NH89,UPAR/Ly6 domain-containing protein,Pedionomus torquatus (Plains-wanderer),112,7,82,,InterPro:IPR035076
A0A7K6NHB5,UPAR/Ly6 domain-containing protein,Pedionomus torquatus (Plains-wanderer),109,2,79,,InterPro:IPR035076
A0A7K6NRQ4,UPAR/Ly6 domain-containing protein,Pedionomus torquatus (Plains-wanderer),104,4,75,,InterPro:IPR035076
A0A7K6NTA5,Snake toxin/toxin-like domain-containing protein,Pedionomus torquatus (Plains-wanderer),78,4,78,,InterPro:IPR035076
A0A7K6NVI7,UPAR/Ly6 domain-containing protein,Pedionomus torquatus (Plains-wanderer),127,22,97,,InterPro:IPR035076
A0A7K6P531,UPAR/Ly6 domain-containing protein,Ifrita kowaldi (blue-capped ifrita),104,4,75,,InterPro:IPR035076
A0A7K6P569,Snake toxin/toxin-like domain-containing protein,Ifrita kowaldi (blue-capped ifrita),78,4,78,,InterPro:IPR035076
A0A7K6P5B9,Snake toxin/toxin-like domain-containing protein,Ifrita kowaldi (blue-capped ifrita),86,1,78,,InterPro:IPR035076
A0A7K6P7I9,UPAR/Ly6 domain-containing protein,Ifrita kowaldi (blue-capped ifrita),100,17,94,,InterPro:IPR035076
A0A7K6PFX3,UPAR/Ly6 domain-containing protein,Ifrita kowaldi (blue-capped ifrita),109,2,79,,InterPro:IPR035076
A0A7K6PG34,UPAR/Ly6 domain-containing protein,Ifrita kowaldi (blue-capped ifrita),112,7,82,,InterPro:IPR035076
A0A7K6PGG8,UPAR/Ly6 domain-containing protein,Ifrita kowaldi (blue-capped ifrita),110,5,80,,InterPro:IPR035076
A0A7K6PGN3,UPAR/Ly6 domain-containing protein,Ifrita kowaldi (blue-capped ifrita),126,21,96,,InterPro:IPR035076
A0A7K6RB55,UPAR/Ly6 domain-containing protein,Climacteris rufus (rufous treecreeper),87,2,79,,InterPro:IPR035076
A0A7K6RB56,UPAR/Ly6 domain-containing protein,Climacteris rufus (rufous treecreeper),109,2,79,,InterPro:IPR035076
A0A7K6RB64,UPAR/Ly6 domain-containing protein,Climacteris rufus (rufous treecreeper),96,17,90,,InterPro:IPR035076
A0A7K6RB77,Snake toxin/toxin-like domain-containing protein,Climacteris rufus (rufous treecreeper),78,4,78,,InterPro:IPR035076
A0A7K6RBT4,UPAR/Ly6 domain-containing protein,Climacteris rufus (rufous treecreeper),109,4,79,,InterPro:IPR035076
A0A7K6RCJ0,UPAR/Ly6 domain-containing protein,Climacteris rufus (rufous treecreeper),112,7,82,,InterPro:IPR035076
A0A7K6RCK2,UPAR/Ly6 domain-containing protein,Climacteris rufus (rufous treecreeper),104,4,75,,InterPro:IPR035076
A0A7K6RDM0,UPAR/Ly6 domain-containing protein,Climacteris rufus (rufous treecreeper),126,21,96,,InterPro:IPR035076
A0A7K6RR35,Snake toxin/toxin-like domain-containing protein,Rhynochetos jubatus (kagu),104,17,98,,InterPro:IPR035076
A0A7K6RR40,UPAR/Ly6 domain-containing protein,Rhynochetos jubatus (kagu),110,4,80,,InterPro:IPR035076
A0A7K6RR44,UPAR/Ly6 domain-containing protein,Rhynochetos jubatus (kagu),104,4,75,,InterPro:IPR035076
A0A7K6RS71,UPAR/Ly6 domain-containing protein,Rhynochetos jubatus (kagu),109,2,79,,InterPro:IPR035076
A0A7K6RS80,UPAR/Ly6 domain-containing protein,Rhynochetos jubatus (kagu),134,20,104,,InterPro:IPR035076
A0A7K6RSJ9,UPAR/Ly6 domain-containing protein,Rhynochetos jubatus (kagu),112,7,82,,InterPro:IPR035076
A0A7K6RTH0,Snake toxin/toxin-like domain-containing protein,Rhynochetos jubatus (kagu),78,4,78,,InterPro:IPR035076
A0A7K6RTH9,Snake toxin/toxin-like domain-containing protein,Rhynochetos jubatus (kagu),87,2,79,,InterPro:IPR035076
A0A7K6T1L5,UPAR/Ly6 domain-containing protein,Caloenas nicobarica (Nicobar pigeon),126,22,97,,InterPro:IPR035076
A0A7K6T266,Snake toxin/toxin-like domain-containing protein,Caloenas nicobarica (Nicobar pigeon),86,2,79,,InterPro:IPR035076
A0A7K6T292,Snake toxin/toxin-like domain-containing protein,Caloenas nicobarica (Nicobar pigeon),79,4,79,,InterPro:IPR035076
A0A7K6T296,UPAR/Ly6 domain-containing protein,Caloenas nicobarica (Nicobar pigeon),103,4,75,,InterPro:IPR035076
A0A7K6T2B9,Snake toxin/toxin-like domain-containing protein,Caloenas nicobarica (Nicobar pigeon),108,21,102,,InterPro:IPR035076
A0A7K6T2H9,UPAR/Ly6 domain-containing protein,Caloenas nicobarica (Nicobar pigeon),107,2,77,,InterPro:IPR035076
A0A7K6T2I2,UPAR/Ly6 domain-containing protein,Caloenas nicobarica (Nicobar pigeon),112,7,82,,InterPro:IPR035076
A0A7K6T452,UPAR/Ly6 domain-containing protein,Caloenas nicobarica (Nicobar pigeon),109,4,79,,InterPro:IPR035076
A0A7K6TMN9,UPAR/Ly6 domain-containing protein,Aegotheles bennettii,103,19,97,,InterPro:IPR035076
A0A7K6TNA3,UPAR/Ly6 domain-containing protein,Aegotheles bennettii,104,4,75,,InterPro:IPR035076
A0A7K6TNB0,Snake toxin/toxin-like domain-containing protein,Aegotheles bennettii,87,2,79,,InterPro:IPR035076
A0A7K6TND2,Snake toxin/toxin-like domain-containing protein,Aegotheles bennettii,78,4,78,,InterPro:IPR035076
A0A7K6UDL3,UPAR/Ly6 domain-containing protein,Aegotheles bennettii,110,4,80,,InterPro:IPR035076
A0A7K6UHY2,UPAR/Ly6 domain-containing protein,Aegotheles bennettii,109,2,79,,InterPro:IPR035076
A0A7K6UIG6,UPAR/Ly6 domain-containing protein,Aegotheles bennettii,112,7,82,,InterPro:IPR035076
A0A7K6UJX6,UPAR/Ly6 domain-containing protein,Aegotheles bennettii,124,19,94,,InterPro:IPR035076
A0A7K6VCL3,Snake toxin/toxin-like domain-containing protein,Notiomystis cincta,78,4,78,,InterPro:IPR035076
A0A7K6VEB7,UPAR/Ly6 domain-containing protein,Notiomystis cincta,104,4,75,,InterPro:IPR035076
A0A7K6VJP8,UPAR/Ly6 domain-containing protein,Notiomystis cincta,109,2,79,,InterPro:IPR035076
A0A7K6VJQ2,UPAR/Ly6 domain-containing protein,Notiomystis cincta,126,21,96,,InterPro:IPR035076
A0A7K6VJQ4,UPAR/Ly6 domain-containing protein,Notiomystis cincta,112,7,82,,InterPro:IPR035076
A0A7K6VL09,UPAR/Ly6 domain-containing protein,Notiomystis cincta,100,17,94,,InterPro:IPR035076
A0A7K6VLM7,UPAR/Ly6 domain-containing protein,Notiomystis cincta,87,2,79,,InterPro:IPR035076
A0A7K6VM42,UPAR/Ly6 domain-containing protein,Notiomystis cincta,110,5,80,,InterPro:IPR035076
A0A7K6WTW2,Snake toxin/toxin-like domain-containing protein,Steatornis caripensis (Oilbird),78,4,78,,InterPro:IPR035076
A0A7K6WU18,UPAR/Ly6 domain-containing protein,Steatornis caripensis (Oilbird),126,21,96,,InterPro:IPR035076
A0A7K6WU44,UPAR/Ly6 domain-containing protein,Steatornis caripensis (Oilbird),123,18,93,,InterPro:IPR035076
A0A7K6WU96,Snake toxin/toxin-like domain-containing protein,Steatornis caripensis (Oilbird),106,19,100,,InterPro:IPR035076
A0A7K6WUC1,UPAR/Ly6 domain-containing protein,Steatornis caripensis (Oilbird),103,4,74,,InterPro:IPR035076
A0A7K6WV87,UPAR/Ly6 domain-containing protein,Steatornis caripensis (Oilbird),87,2,79,,InterPro:IPR035076
A0A7K6WWH7,UPAR/Ly6 domain-containing protein,Steatornis caripensis (Oilbird),109,2,79,,InterPro:IPR035076
A0A7K6WX36,UPAR/Ly6 domain-containing protein,Steatornis caripensis (Oilbird),112,7,82,,InterPro:IPR035076
A0A7K6X353,UPAR/Ly6 domain-containing protein,Promerops cafer (Cape sugarbird),110,5,80,,InterPro:IPR035076
A0A7K6X356,UPAR/Ly6 domain-containing protein,Promerops cafer (Cape sugarbird),126,21,96,,InterPro:IPR035076
A0A7K6X374,UPAR/Ly6 domain-containing protein,Promerops cafer (Cape sugarbird),87,2,79,,InterPro:IPR035076
A0A7K6X377,UPAR/Ly6 domain-containing protein,Promerops cafer (Cape sugarbird),109,2,79,,InterPro:IPR035076
A0A7K6X389,UPAR/Ly6 domain-containing protein,Promerops cafer (Cape sugarbird),104,4,75,,InterPro:IPR035076
A0A7K6X3A0,UPAR/Ly6 domain-containing protein,Promerops cafer (Cape sugarbird),112,7,82,,InterPro:IPR035076
A0A7K6X3B1,Snake toxin/toxin-like domain-containing protein,Promerops cafer (Cape sugarbird),78,4,78,,InterPro:IPR035076
A0A7K6X3E5,UPAR/Ly6 domain-containing protein,Promerops cafer (Cape sugarbird),100,17,94,,InterPro:IPR035076
A0A7K6YBF3,UPAR/Ly6 domain-containing protein,Alca torda (Razorbill),112,7,82,,InterPro:IPR035076
A0A7K6YBF6,UPAR/Ly6 domain-containing protein,Alca torda (Razorbill),104,4,75,,InterPro:IPR035076
A0A7K6YBG2,UPAR/Ly6 domain-containing protein,Alca torda (Razorbill),109,4,79,,InterPro:IPR035076
A0A7K6YBG9,UPAR/Ly6 domain-containing protein,Alca torda (Razorbill),86,2,79,,InterPro:IPR035076
A0A7K6YBI2,UPAR/Ly6 domain-containing protein,Alca torda (Razorbill),103,21,97,,InterPro:IPR035076
A0A7K6YBM6,UPAR/Ly6 domain-containing protein,Alca torda (Razorbill),126,22,97,,InterPro:IPR035076
A0A7K6YBQ1,Snake toxin/toxin-like domain-containing protein,Alca torda (Razorbill),78,4,78,,InterPro:IPR035076
A0A7K6YCC7,UPAR/Ly6 domain-containing protein,Alca torda (Razorbill),107,2,77,,InterPro:IPR035076
A0A7K6ZKJ0,UPAR/Ly6 domain-containing protein,Nothoprocta pentlandii,104,2,74,,InterPro:IPR035076
A0A7K6ZKL9,UPAR/Ly6 domain-containing protein,Nothoprocta pentlandii,112,7,82,,InterPro:IPR035076
A0A7K6ZKN9,UPAR/Ly6 domain-containing protein,Nothoprocta pentlandii,109,4,79,,InterPro:IPR035076
A0A7K6ZKZ8,UPAR/Ly6 domain-containing protein,Nothoprocta pentlandii,97,15,91,,InterPro:IPR035076
A0A7K6ZL09,Snake toxin/toxin-like domain-containing protein,Nothoprocta pentlandii,81,2,73,,InterPro:IPR035076
A0A7K6ZLL1,UPAR/Ly6 domain-containing protein,Nothoprocta pentlandii,111,4,81,,InterPro:IPR035076
A0A7K6ZLM6,UPAR/Ly6 domain-containing protein,Nothoprocta pentlandii,104,4,75,,InterPro:IPR035076
A0A7K6ZLZ4,Snake toxin/toxin-like domain-containing protein,Nothoprocta pentlandii,78,4,78,,InterPro:IPR035076
A0A7K7APY1,UPAR/Ly6 domain-containing protein,Nothoprocta ornata,97,15,91,,InterPro:IPR035076
A0A7K7APZ1,UPAR/Ly6 domain-containing protein,Nothoprocta ornata,109,4,79,,InterPro:IPR035076
A0A7K7AQ08,UPAR/Ly6 domain-containing protein,Nothoprocta ornata,112,7,82,,InterPro:IPR035076
A0A7K7AQ13,Snake toxin/toxin-like domain-containing protein,Nothoprocta ornata,81,2,73,,InterPro:IPR035076
A0A7K7AQA0,UPAR/Ly6 domain-containing protein,Nothoprocta ornata,104,2,74,,InterPro:IPR035076
A0A7K7AQE2,UPAR/Ly6 domain-containing protein,Nothoprocta ornata,111,4,81,,InterPro:IPR035076
A0A7K7AQK5,Snake toxin/toxin-like domain-containing protein,Nothoprocta ornata,78,4,78,,InterPro:IPR035076
A0A7K7AQP1,UPAR/Ly6 domain-containing protein,Nothoprocta ornata,104,4,75,,InterPro:IPR035076
A0A7K7C4G2,UPAR/Ly6 domain-containing protein,Aphelocoma coerulescens (Florida scrub-jay),86,1,78,,InterPro:IPR035076
A0A7K7C4H0,UPAR/Ly6 domain-containing protein,Aphelocoma coerulescens (Florida scrub-jay),110,5,80,,InterPro:IPR035076
A0A7K7C4H9,UPAR/Ly6 domain-containing protein,Aphelocoma coerulescens (Florida scrub-jay),126,21,96,,InterPro:IPR035076
A0A7K7C4W8,UPAR/Ly6 domain-containing protein,Aphelocoma coerulescens (Florida scrub-jay),104,4,75,,InterPro:IPR035076
A0A7K7C4X7,UPAR/Ly6 domain-containing protein,Aphelocoma coerulescens (Florida scrub-jay),109,2,79,,InterPro:IPR035076
A0A7K7C5D5,Snake toxin/toxin-like domain-containing protein,Aphelocoma coerulescens (Florida scrub-jay),78,4,78,,InterPro:IPR035076
A0A7K7C5F5,UPAR/Ly6 domain-containing protein,Aphelocoma coerulescens (Florida scrub-jay),98,15,92,,InterPro:IPR035076
A0A7K7C5I2,UPAR/Ly6 domain-containing protein,Aphelocoma coerulescens (Florida scrub-jay),112,7,82,,InterPro:IPR035076
A0A7K7D2D6,UPAR/Ly6 domain-containing protein,Pheucticus melanocephalus (Black-headed grosbeak),126,21,96,,InterPro:IPR035076
A0A7K7D2E1,UPAR/Ly6 domain-containing protein,Pheucticus melanocephalus (Black-headed grosbeak),109,2,79,,InterPro:IPR035076
A0A7K7D2I7,UPAR/Ly6 domain-containing protein,Pheucticus melanocephalus (Black-headed grosbeak),104,4,75,,InterPro:IPR035076
A0A7K7D2M4,Snake toxin/toxin-like domain-containing protein,Pheucticus melanocephalus (Black-headed grosbeak),78,4,78,,InterPro:IPR035076
A0A7K7D3T8,UPAR/Ly6 domain-containing protein,Pheucticus melanocephalus (Black-headed grosbeak),126,21,96,,InterPro:IPR035076
A0A7K7D449,UPAR/Ly6 domain-containing protein,Pheucticus melanocephalus (Black-headed grosbeak),87,2,79,,InterPro:IPR035076
A0A7K7D4D9,UPAR/Ly6 domain-containing protein,Pheucticus melanocephalus (Black-headed grosbeak),112,7,82,,InterPro:IPR035076
A0A7K7D578,UPAR/Ly6 domain-containing protein,Pheucticus melanocephalus (Black-headed grosbeak),111,21,105,,InterPro:IPR035076
A0A7K7E584,UPAR/Ly6 domain-containing protein,Sylvia atricapilla (blackcap),109,2,79,,InterPro:IPR035076
A0A7K7E5Y7,UPAR/Ly6 domain-containing protein,Sylvia atricapilla (blackcap),126,21,96,,InterPro:IPR035076
A0A7K7E657,UPAR/Ly6 domain-containing protein,Sylvia atricapilla (blackcap),110,5,80,,InterPro:IPR035076
A0A7K7E673,Snake toxin/toxin-like domain-containing protein,Sylvia atricapilla (blackcap),87,2,79,,InterPro:IPR035076
A0A7K7E6T4,Snake toxin/toxin-like domain-containing protein,Sylvia atricapilla (blackcap),78,4,78,,InterPro:IPR035076
A0A7K7E6X5,UPAR/Ly6 domain-containing protein,Sylvia atricapilla (blackcap),104,4,75,,InterPro:IPR035076
A0A7K7E711,UPAR/Ly6 domain-containing protein,Sylvia atricapilla (blackcap),112,7,82,,InterPro:IPR035076
A0A7K7E744,Snake toxin/toxin-like domain-containing protein,Sylvia atricapilla (blackcap),87,4,81,,InterPro:IPR035076
A0A7K7FM18,Snake toxin/toxin-like domain-containing protein,Chionis minor (Black-faced sheathbill),78,4,78,,InterPro:IPR035076
A0A7K7FM23,UPAR/Ly6 domain-containing protein,Chionis minor (Black-faced sheathbill),126,21,96,,InterPro:IPR035076
A0A7K7FM29,UPAR/Ly6 domain-containing protein,Chionis minor (Black-faced sheathbill),109,4,79,,InterPro:IPR035076
A0A7K7FM48,UPAR/Ly6 domain-containing protein,Chionis minor (Black-faced sheathbill),109,2,79,,InterPro:IPR035076
A0A7K7FM87,UPAR/Ly6 domain-containing protein,Chionis minor (Black-faced sheathbill),102,20,96,,InterPro:IPR035076
A0A7K7FMC0,UPAR/Ly6 domain-containing protein,Chionis minor (Black-faced sheathbill),112,7,82,,InterPro:IPR035076
A0A7K7FMR0,UPAR/Ly6 domain-containing protein,Chionis minor (Black-faced sheathbill),87,2,79,,InterPro:IPR035076
A0A7K7GNN5,UPAR/Ly6 domain-containing protein,Erithacus rubecula (European robin),86,4,80,,InterPro:IPR035076
A0A7K7GNN9,Snake toxin/toxin-like domain-containing protein,Erithacus rubecula (European robin),78,4,78,,InterPro:IPR035076
A0A7K7GNU8,UPAR/Ly6 domain-containing protein,Erithacus rubecula (European robin),112,7,82,,InterPro:IPR035076
A0A7K7GNZ1,UPAR/Ly6 domain-containing protein,Erithacus rubecula (European robin),87,2,79,,InterPro:IPR035076
A0A7K7GP82,UPAR/Ly6 domain-containing protein,Erithacus rubecula (European robin),109,2,79,,InterPro:IPR035076
A0A7K7GPA2,UPAR/Ly6 domain-containing protein,Erithacus rubecula (European robin),126,21,96,,InterPro:IPR035076
A0A7K7GPW8,UPAR/Ly6 domain-containing protein,Erithacus rubecula (European robin),104,4,75,,InterPro:IPR035076
A0A7K7GQ99,UPAR/Ly6 domain-containing protein,Erithacus rubecula (European robin),110,5,80,,InterPro:IPR035076
A0A7K7JBX7,UPAR/Ly6 domain-containing protein,Loxia curvirostra (Red crossbill),87,2,79,,InterPro:IPR035076
A0A7K7JBZ8,Snake toxin/toxin-like domain-containing protein,Loxia curvirostra (Red crossbill),110,21,104,,InterPro:IPR035076
A0A7K7JC09,UPAR/Ly6 domain-containing protein,Loxia curvirostra (Red crossbill),126,21,96,,InterPro:IPR035076
A0A7K7JC63,UPAR/Ly6 domain-containing protein,Loxia curvirostra (Red crossbill),110,5,80,,InterPro:IPR035076
A0A7K7JCK8,Snake toxin/toxin-like domain-containing protein,Loxia curvirostra (Red crossbill),78,4,78,,InterPro:IPR035076
A0A7K7JD10,UPAR/Ly6 domain-containing protein,Loxia curvirostra (Red crossbill),104,4,75,,InterPro:IPR035076
A0A7K7JD92,UPAR/Ly6 domain-containing protein,Loxia curvirostra (Red crossbill),109,2,79,,InterPro:IPR035076
A0A7K7JF62,UPAR/Ly6 domain-containing protein,Loxia curvirostra (Red crossbill),112,7,82,,InterPro:IPR035076
A0A7K7K278,UPAR/Ly6 domain-containing protein,Agelaius phoeniceus (Red-winged blackbird),110,5,80,,InterPro:IPR035076
A0A7K7K2D0,UPAR/Ly6 domain-containing protein,Agelaius phoeniceus (Red-winged blackbird),112,7,82,,InterPro:IPR035076
A0A7K7K2F0,UPAR/Ly6 domain-containing protein,Agelaius phoeniceus (Red-winged blackbird),87,2,79,,InterPro:IPR035076
A0A7K7K2P1,UPAR/Ly6 domain-containing protein,Agelaius phoeniceus (Red-winged blackbird),107,17,101,,InterPro:IPR035076
A0A7K7K2X2,Snake toxin/toxin-like domain-containing protein,Agelaius phoeniceus (Red-winged blackbird),78,4,78,,InterPro:IPR035076
A0A7K7K3W3,UPAR/Ly6 domain-containing protein,Agelaius phoeniceus (Red-winged blackbird),126,21,96,,InterPro:IPR035076
A0A7K7K4P7,UPAR/Ly6 domain-containing protein,Agelaius phoeniceus (Red-winged blackbird),109,2,79,,InterPro:IPR035076
A0A7K7KVX8,UPAR/Ly6 domain-containing protein,Asarcornis scutulata,112,7,82,,InterPro:IPR035076
A0A7K7KVZ1,UPAR/Ly6 domain-containing protein,Asarcornis scutulata,110,2,80,,InterPro:IPR035076
A0A7K7KW23,Snake toxin/toxin-like domain-containing protein,Asarcornis scutulata,108,27,102,,InterPro:IPR035076
A0A7K7KW43,UPAR/Ly6 domain-containing protein,Asarcornis scutulata,109,4,79,,InterPro:IPR035076
A0A7K7KW76,UPAR/Ly6 domain-containing protein,Asarcornis scutulata,104,4,75,,InterPro:IPR035076
A0A7K7KWN0,UPAR/Ly6 domain-containing protein,Asarcornis scutulata,87,2,79,,InterPro:IPR035076
A0A7K7KWZ9,Snake toxin/toxin-like domain-containing protein,Asarcornis scutulata,78,4,78,,InterPro:IPR035076
A0A7K7KXS6,UPAR/Ly6 domain-containing protein,Asarcornis scutulata,125,20,95,,InterPro:IPR035076
A0A7K7LZT3,UPAR/Ly6 domain-containing protein,Brachypodius melanocephalos (black-headed bulbul),112,7,82,,InterPro:IPR035076
A0A7K7M017,UPAR/Ly6 domain-containing protein,Brachypodius melanocephalos (black-headed bulbul),100,17,94,,InterPro:IPR035076
A0A7K7M0I9,UPAR/Ly6 domain-containing protein,Brachypodius melanocephalos (black-headed bulbul),109,5,80,,InterPro:IPR035076
A0A7K7M0J9,Snake toxin/toxin-like domain-containing protein,Brachypodius melanocephalos (black-headed bulbul),78,4,78,,InterPro:IPR035076
A0A7K7M104,UPAR/Ly6 domain-containing protein,Brachypodius melanocephalos (black-headed bulbul),87,2,79,,InterPro:IPR035076
A0A7K7M113,UPAR/Ly6 domain-containing protein,Brachypodius melanocephalos (black-headed bulbul),109,4,79,,InterPro:IPR035076
A0A7K7M132,UPAR/Ly6 domain-containing protein,Brachypodius melanocephalos (black-headed bulbul),109,2,79,,InterPro:IPR035076
A0A7K7M148,UPAR/Ly6 domain-containing protein,Brachypodius melanocephalos (black-headed bulbul),104,4,75,,InterPro:IPR035076
A0A7K7NMF8,UPAR/Ly6 domain-containing protein,Haliaeetus albicilla (White-tailed sea-eagle),109,4,79,,InterPro:IPR035076
A0A7K7NMG0,Snake toxin/toxin-like domain-containing protein,Haliaeetus albicilla (White-tailed sea-eagle),90,3,84,,InterPro:IPR035076
A0A7K7NMH9,UPAR/Ly6 domain-containing protein,Haliaeetus albicilla (White-tailed sea-eagle),127,21,97,,InterPro:IPR035076
A0A7K7NMK7,UPAR/Ly6 domain-containing protein,Haliaeetus albicilla (White-tailed sea-eagle),112,7,82,,InterPro:IPR035076
A0A7K7NMP8,UPAR/Ly6 domain-containing protein,Haliaeetus albicilla (White-tailed sea-eagle),109,2,79,,InterPro:IPR035076
A0A7K7NNA1,UPAR/Ly6 domain-containing protein,Haliaeetus albicilla (White-tailed sea-eagle),88,2,79,,InterPro:IPR035076
A0A7K7PUM0,Snake toxin/toxin-like domain-containing protein,Acrocephalus arundinaceus (Great reed-warbler),87,2,79,,InterPro:IPR035076
A0A7K7PUU0,Snake toxin/toxin-like domain-containing protein,Acrocephalus arundinaceus (Great reed-warbler),78,4,78,,InterPro:IPR035076
A0A7K7PX45,Snake toxin/toxin-like domain-containing protein,Acrocephalus arundinaceus (Great reed-warbler),113,21,107,,InterPro:IPR035076
A0A7K7PXF2,UPAR/Ly6 domain-containing protein,Acrocephalus arundinaceus (Great reed-warbler),112,7,82,,InterPro:IPR035076
A0A7K7Q0C3,UPAR/Ly6 domain-containing protein,Acrocephalus arundinaceus (Great reed-warbler),126,21,96,,InterPro:IPR035076
A0A7K7Q0G5,UPAR/Ly6 domain-containing protein,Acrocephalus arundinaceus (Great reed-warbler),110,5,80,,InterPro:IPR035076
A0A7K7Q184,UPAR/Ly6 domain-containing protein,Acrocephalus arundinaceus (Great reed-warbler),105,2,75,,InterPro:IPR035076
A0A7K7Q1P4,UPAR/Ly6 domain-containing protein,Acrocephalus arundinaceus (Great reed-warbler),104,4,75,,InterPro:IPR035076
A0A7K7R148,UPAR/Ly6 domain-containing protein,Poecile atricapillus (Black-capped chickadee),109,2,79,,InterPro:IPR035076
A0A7K7R155,UPAR/Ly6 domain-containing protein,Poecile atricapillus (Black-capped chickadee),104,4,75,,InterPro:IPR035076
A0A7K7R162,UPAR/Ly6 domain-containing protein,Poecile atricapillus (Black-capped chickadee),126,21,96,,InterPro:IPR035076
A0A7K7R168,UPAR/Ly6 domain-containing protein,Poecile atricapillus (Black-capped chickadee),109,19,103,,InterPro:IPR035076
A0A7K7R1D0,Snake toxin/toxin-like domain-containing protein,Poecile atricapillus (Black-capped chickadee),78,4,78,,InterPro:IPR035076
A0A7K7R2H3,UPAR/Ly6 domain-containing protein,Poecile atricapillus (Black-capped chickadee),126,21,96,,InterPro:IPR035076
A0A7K7R2U7,UPAR/Ly6 domain-containing protein,Poecile atricapillus (Black-capped chickadee),112,7,82,,InterPro:IPR035076
A0A7K7R2V9,UPAR/Ly6 domain-containing protein,Poecile atricapillus (Black-capped chickadee),87,2,79,,InterPro:IPR035076
A0A7K7RJQ1,UPAR/Ly6 domain-containing protein,Nesospiza acunhae,104,4,75,,InterPro:IPR035076
A0A7K7RJQ9,UPAR/Ly6 domain-containing protein,Nesospiza acunhae,126,21,96,,InterPro:IPR035076
A0A7K7RJV6,UPAR/Ly6 domain-containing protein,Nesospiza acunhae,112,7,82,,InterPro:IPR035076
A0A7K7RJX1,Snake toxin/toxin-like domain-containing protein,Nesospiza acunhae,111,21,105,,InterPro:IPR035076
A0A7K7RKA6,UPAR/Ly6 domain-containing protein,Nesospiza acunhae,109,2,79,,InterPro:IPR035076
A0A7K7RKK6,Snake toxin/toxin-like domain-containing protein,Nesospiza acunhae,78,4,78,,InterPro:IPR035076
A0A7K7RLM6,UPAR/Ly6 domain-containing protein,Nesospiza acunhae,110,5,80,,InterPro:IPR035076
A0A7K7RM28,UPAR/Ly6 domain-containing protein,Nesospiza acunhae,87,2,79,,InterPro:IPR035076
A0A7K7SQ68,UPAR/Ly6 domain-containing protein,Sapayoa aenigma (broad-billed sapayoa),105,4,76,,InterPro:IPR035076
A0A7K7SQA5,UPAR/Ly6 domain-containing protein,Sapayoa aenigma (broad-billed sapayoa),125,20,95,,InterPro:IPR035076
A0A7K7SQB5,UPAR/Ly6 domain-containing protein,Sapayoa aenigma (broad-billed sapayoa),109,4,79,,InterPro:IPR035076
A0A7K7SQC5,UPAR/Ly6 domain-containing protein,Sapayoa aenigma (broad-billed sapayoa),99,17,93,,InterPro:IPR035076
A0A7K7SR70,UPAR/Ly6 domain-containing protein,Sapayoa aenigma (broad-billed sapayoa),109,2,79,,InterPro:IPR035076
A0A7K7SSF6,Snake toxin/toxin-like domain-containing protein,Sapayoa aenigma (broad-billed sapayoa),78,4,78,,InterPro:IPR035076
A0A7K7SSJ0,UPAR/Ly6 domain-containing protein,Sapayoa aenigma (broad-billed sapayoa),112,7,82,,InterPro:IPR035076
A0A7K7ST95,UPAR/Ly6 domain-containing protein,Sapayoa aenigma (broad-billed sapayoa),87,2,79,,InterPro:IPR035076
A0A7K7TMR5,UPAR/Ly6 domain-containing protein,Ibidorhyncha struthersii,102,20,96,,InterPro:IPR035076
A0A7K7TMR7,UPAR/Ly6 domain-containing protein,Ibidorhyncha struthersii,112,7,82,,InterPro:IPR035076
A0A7K7TMR8,Snake toxin/toxin-like domain-containing protein,Ibidorhyncha struthersii,78,4,78,,InterPro:IPR035076
A0A7K7TMS1,UPAR/Ly6 domain-containing protein,Ibidorhyncha struthersii,109,4,79,,InterPro:IPR035076
A0A7K7TMZ4,UPAR/Ly6 domain-containing protein,Ibidorhyncha struthersii,87,2,79,,InterPro:IPR035076
A0A7K7TND1,UPAR/Ly6 domain-containing protein,Ibidorhyncha struthersii,109,2,79,,InterPro:IPR035076
A0A7K7TQ65,UPAR/Ly6 domain-containing protein,Ibidorhyncha struthersii,104,4,75,,InterPro:IPR035076
A0A7K7TQK9,UPAR/Ly6 domain-containing protein,Ibidorhyncha struthersii,126,20,96,,InterPro:IPR035076
A0A7K7VMX7,UPAR/Ly6 domain-containing protein,Eudromia elegans (Elegant crested-tinamou),112,7,82,,InterPro:IPR035076
A0A7K7VMY2,UPAR/Ly6 domain-containing protein,Eudromia elegans (Elegant crested-tinamou),109,2,79,,InterPro:IPR035076
A0A7K7VMY6,UPAR/Ly6 domain-containing protein,Eudromia elegans (Elegant crested-tinamou),127,21,97,,InterPro:IPR035076
A0A7K7VNF3,Snake toxin/toxin-like domain-containing protein,Eudromia elegans (Elegant crested-tinamou),78,4,78,,InterPro:IPR035076
A0A7K7VPB1,UPAR/Ly6 domain-containing protein,Eudromia elegans (Elegant crested-tinamou),87,2,79,,InterPro:IPR035076
A0A7K7VQ27,UPAR/Ly6 domain-containing protein,Eudromia elegans (Elegant crested-tinamou),104,5,75,,InterPro:IPR035076
A0A7K7VQ80,UPAR/Ly6 domain-containing protein,Eudromia elegans (Elegant crested-tinamou),129,22,99,,InterPro:IPR035076
A0A7K7VQP7,UPAR/Ly6 domain-containing protein,Eudromia elegans (Elegant crested-tinamou),91,9,85,,InterPro:IPR035076
A0A7K7WIM4,UPAR/Ly6 domain-containing protein,Nothocercus julius,104,5,75,,InterPro:IPR035076
A0A7K7WIM6,UPAR/Ly6 domain-containing protein,Nothocercus julius,112,7,82,,InterPro:IPR035076
A0A7K7WIM7,UPAR/Ly6 domain-containing protein,Nothocercus julius,91,9,85,,InterPro:IPR035076
A0A7K7WIN4,UPAR/Ly6 domain-containing protein,Nothocercus julius,109,4,79,,InterPro:IPR035076
A0A7K7WIP6,UPAR/Ly6 domain-containing protein,Nothocercus julius,110,2,80,,InterPro:IPR035076
A0A7K7WIP8,UPAR/Ly6 domain-containing protein,Nothocercus julius,111,4,81,,InterPro:IPR035076
A0A7K7WIQ0,Snake toxin/toxin-like domain-containing protein,Nothocercus julius,78,4,78,,InterPro:IPR035076
A0A7K7WIV2,Snake toxin/toxin-like domain-containing protein,Nothocercus julius,87,2,79,,InterPro:IPR035076
A0A7K7X1G0,Snake toxin/toxin-like domain-containing protein,Mohoua ochrocephala,87,2,79,,InterPro:IPR035076
A0A7K7X1J3,UPAR/Ly6 domain-containing protein,Mohoua ochrocephala,126,21,96,,InterPro:IPR035076
A0A7K7X1J8,UPAR/Ly6 domain-containing protein,Mohoua ochrocephala,107,2,77,,InterPro:IPR035076
A0A7K7X1M6,UPAR/Ly6 domain-containing protein,Mohoua ochrocephala,112,7,82,,InterPro:IPR035076
A0A7K7X2B1,UPAR/Ly6 domain-containing protein,Mohoua ochrocephala,107,17,101,,InterPro:IPR035076
A0A7K7X460,Snake toxin/toxin-like domain-containing protein,Mohoua ochrocephala,78,4,78,,InterPro:IPR035076
A0A7K7X4A8,UPAR/Ly6 domain-containing protein,Mohoua ochrocephala,104,4,75,,InterPro:IPR035076
A0A7K7YKU3,UPAR/Ly6 domain-containing protein,Thryothorus ludovicianus (Carolina wren),109,4,79,,InterPro:IPR035076
A0A7K7YKU8,UPAR/Ly6 domain-containing protein,Thryothorus ludovicianus (Carolina wren),87,4,81,,InterPro:IPR035076
A0A7K7YL28,UPAR/Ly6 domain-containing protein,Thryothorus ludovicianus (Carolina wren),109,5,80,,InterPro:IPR035076
A0A7K7YL54,UPAR/Ly6 domain-containing protein,Thryothorus ludovicianus (Carolina wren),112,7,82,,InterPro:IPR035076
A0A7K7YL55,UPAR/Ly6 domain-containing protein,Thryothorus ludovicianus (Carolina wren),107,2,77,,InterPro:IPR035076
A0A7K7YLD1,Snake toxin/toxin-like domain-containing protein,Thryothorus ludovicianus (Carolina wren),78,4,78,,InterPro:IPR035076
A0A7K7YLS6,UPAR/Ly6 domain-containing protein,Thryothorus ludovicianus (Carolina wren),104,4,75,,InterPro:IPR035076
A0A7K7YN48,UPAR/Ly6 domain-containing protein,Thryothorus ludovicianus (Carolina wren),87,2,79,,InterPro:IPR035076
A0A7K7ZWH9,Snake toxin/toxin-like domain-containing protein,Melanocharis versteri (Fan-tailed berrypecker),78,4,78,,InterPro:IPR035076
A0A7K7ZWN2,UPAR/Ly6 domain-containing protein,Melanocharis versteri (Fan-tailed berrypecker),104,4,75,,InterPro:IPR035076
A0A7K7ZXP6,Snake toxin/toxin-like domain-containing protein,Melanocharis versteri (Fan-tailed berrypecker),87,2,79,,InterPro:IPR035076
A0A7K8A1C0,UPAR/Ly6 domain-containing protein,Melanocharis versteri (Fan-tailed berrypecker),109,5,80,,InterPro:IPR035076
A0A7K8A1T3,UPAR/Ly6 domain-containing protein,Melanocharis versteri (Fan-tailed berrypecker),107,2,77,,InterPro:IPR035076
A0A7K8A380,UPAR/Ly6 domain-containing protein,Melanocharis versteri (Fan-tailed berrypecker),109,4,79,,InterPro:IPR035076
A0A7K8A4X3,UPAR/Ly6 domain-containing protein,Melanocharis versteri (Fan-tailed berrypecker),112,7,82,,InterPro:IPR035076
A0A7K8A716,Snake toxin/toxin-like domain-containing protein,Melanocharis versteri (Fan-tailed berrypecker),98,4,92,,InterPro:IPR035076
A0A7K8B5K7,UPAR/Ly6 domain-containing protein,Cnemophilus loriae (Loria's bird-of-paradise),109,4,79,,InterPro:IPR035076
A0A7K8B5M0,UPAR/Ly6 domain-containing protein,Cnemophilus loriae (Loria's bird-of-paradise),104,21,98,,InterPro:IPR035076
A0A7K8B5R1,UPAR/Ly6 domain-containing protein,Cnemophilus loriae (Loria's bird-of-paradise),111,6,81,,InterPro:IPR035076
A0A7K8B5R2,UPAR/Ly6 domain-containing protein,Cnemophilus loriae (Loria's bird-of-paradise),107,2,77,,InterPro:IPR035076
A0A7K8B5S4,Snake toxin/toxin-like domain-containing protein,Cnemophilus loriae (Loria's bird-of-paradise),87,2,79,,InterPro:IPR035076
A0A7K8B5W9,UPAR/Ly6 domain-containing protein,Cnemophilus loriae (Loria's bird-of-paradise),109,5,80,,InterPro:IPR035076
A0A7K8B7M5,UPAR/Ly6 domain-containing protein,Cnemophilus loriae (Loria's bird-of-paradise),104,4,75,,InterPro:IPR035076
A0A7K8BBE6,Snake toxin/toxin-like domain-containing protein,Cnemophilus loriae (Loria's bird-of-paradise),78,4,78,,InterPro:IPR035076
A0A7K8BFN0,UPAR/Ly6 domain-containing protein,Rhagologus leucostigma,109,4,79,,InterPro:IPR035076
A0A7K8BFN8,UPAR/Ly6 domain-containing protein,Rhagologus leucostigma,107,2,77,,InterPro:IPR035076
A0A7K8BFT3,UPAR/Ly6 domain-containing protein,Rhagologus leucostigma,109,5,80,,InterPro:IPR035076
A0A7K8BGL5,Snake toxin/toxin-like domain-containing protein,Rhagologus leucostigma,86,2,79,,InterPro:IPR035076
A0A7K8BHM2,Snake toxin/toxin-like domain-containing protein,Rhagologus leucostigma,78,4,78,,InterPro:IPR035076
A0A7K8BI92,UPAR/Ly6 domain-containing protein,Rhagologus leucostigma,104,4,75,,InterPro:IPR035076
A0A7K8BL52,UPAR/Ly6 domain-containing protein,Rhagologus leucostigma,112,7,82,,InterPro:IPR035076
A0A7K8BL62,Snake toxin/toxin-like domain-containing protein,Rhagologus leucostigma,87,4,81,,InterPro:IPR035076
A0A7K8CP29,UPAR/Ly6 domain-containing protein,Eulacestoma nigropectus (wattled ploughbill),112,7,82,,InterPro:IPR035076
A0A7K8CP34,Snake toxin/toxin-like domain-containing protein,Eulacestoma nigropectus (wattled ploughbill),78,4,78,,InterPro:IPR035076
A0A7K8CP57,UPAR/Ly6 domain-containing protein,Eulacestoma nigropectus (wattled ploughbill),126,22,97,,InterPro:IPR035076
A0A7K8CP80,UPAR/Ly6 domain-containing protein,Eulacestoma nigropectus (wattled ploughbill),109,4,79,,InterPro:IPR035076
A0A7K8CQS4,UPAR/Ly6 domain-containing protein,Eulacestoma nigropectus (wattled ploughbill),104,4,75,,InterPro:IPR035076
A0A7K8CR97,UPAR/Ly6 domain-containing protein,Eulacestoma nigropectus (wattled ploughbill),87,4,81,,InterPro:IPR035076
A0A7K8CSV3,UPAR/Ly6 domain-containing protein,Eulacestoma nigropectus (wattled ploughbill),107,2,77,,InterPro:IPR035076
A0A7K8DRB2,UPAR/Ly6 domain-containing protein,Leucopsar rothschildi (Bali myna),104,4,75,,InterPro:IPR035076
A0A7K8DRC9,Snake toxin/toxin-like domain-containing protein,Leucopsar rothschildi (Bali myna),86,2,79,,InterPro:IPR035076
A0A7K8DRQ2,UPAR/Ly6 domain-containing protein,Leucopsar rothschildi (Bali myna),107,2,77,,InterPro:IPR035076
A0A7K8DTP7,UPAR/Ly6 domain-containing protein,Leucopsar rothschildi (Bali myna),112,7,82,,InterPro:IPR035076
A0A7K8DTR4,UPAR/Ly6 domain-containing protein,Leucopsar rothschildi (Bali myna),109,4,79,,InterPro:IPR035076
A0A7K8DU38,UPAR/Ly6 domain-containing protein,Leucopsar rothschildi (Bali myna),109,5,80,,InterPro:IPR035076
A0A7K8DUP3,UPAR/Ly6 domain-containing protein,Leucopsar rothschildi (Bali myna),87,4,81,,InterPro:IPR035076
A0A7K8FDC5,UPAR/Ly6 domain-containing protein,Struthidea cinerea,109,4,79,,InterPro:IPR035076
A0A7K8FDC8,UPAR/Ly6 domain-containing protein,Struthidea cinerea,107,2,77,,InterPro:IPR035076
A0A7K8FDD5,UPAR/Ly6 domain-containing protein,Struthidea cinerea,87,4,81,,InterPro:IPR035076
A0A7K8FDJ2,UPAR/Ly6 domain-containing protein,Struthidea cinerea,104,4,75,,InterPro:IPR035076
A0A7K8FDM2,UPAR/Ly6 domain-containing protein,Struthidea cinerea,112,7,82,,InterPro:IPR035076
A0A7K8FDW4,UPAR/Ly6 domain-containing protein,Struthidea cinerea,109,5,80,,InterPro:IPR035076
A0A7K8FEA2,Snake toxin/toxin-like domain-containing protein,Struthidea cinerea,86,1,78,,InterPro:IPR035076
A0A7K8FEK8,Snake toxin/toxin-like domain-containing protein,Struthidea cinerea,78,4,78,,InterPro:IPR035076
A0A7K8G846,Snake toxin/toxin-like domain-containing protein,Orthonyx spaldingii (Chowchilla),86,2,79,,InterPro:IPR035076
A0A7K8G860,Snake toxin/toxin-like domain-containing protein,Orthonyx spaldingii (Chowchilla),78,4,78,,InterPro:IPR035076
A0A7K8G863,UPAR/Ly6 domain-containing protein,Orthonyx spaldingii (Chowchilla),112,7,82,,InterPro:IPR035076
A0A7K8G877,UPAR/Ly6 domain-containing protein,Orthonyx spaldingii (Chowchilla),104,4,75,,InterPro:IPR035076
A0A7K8G8A2,UPAR/Ly6 domain-containing protein,Orthonyx spaldingii (Chowchilla),109,5,80,,InterPro:IPR035076
A0A7K8G8H2,UPAR/Ly6 domain-containing protein,Orthonyx spaldingii (Chowchilla),87,4,81,,InterPro:IPR035076
A0A7K8G8J6,UPAR/Ly6 domain-containing protein,Orthonyx spaldingii (Chowchilla),126,22,97,,InterPro:IPR035076
A0A7K8G9K2,UPAR/Ly6 domain-containing protein,Orthonyx spaldingii (Chowchilla),109,4,79,,InterPro:IPR035076
A0A7K8HFC1,UPAR/Ly6 domain-containing protein,Aleadryas rufinucha (rufous-naped whistler),112,7,82,,InterPro:IPR035076
A0A7K8HFN6,UPAR/Ly6 domain-containing protein,Aleadryas rufinucha (rufous-naped whistler),104,4,75,,InterPro:IPR035076
A0A7K8HG54,Snake toxin/toxin-like domain-containing protein,Aleadryas rufinucha (rufous-naped whistler),87,2,79,,InterPro:IPR035076
A0A7K8HG89,UPAR/Ly6 domain-containing protein,Aleadryas rufinucha (rufous-naped whistler),109,2,79,,InterPro:IPR035076
A0A7K8HGA7,UPAR/Ly6 domain-containing protein,Aleadryas rufinucha (rufous-naped whistler),110,5,80,,InterPro:IPR035076
A0A7K8HGQ3,UPAR/Ly6 domain-containing protein,Aleadryas rufinucha (rufous-naped whistler),126,21,96,,InterPro:IPR035076
A0A7K8HI24,UPAR/Ly6 domain-containing protein,Aleadryas rufinucha (rufous-naped whistler),107,17,101,,InterPro:IPR035076
A0A7K8HIX6,Snake toxin/toxin-like domain-containing protein,Aleadryas rufinucha (rufous-naped whistler),78,4,78,,InterPro:IPR035076
A0A7K8J6J4,UPAR/Ly6 domain-containing protein,Chaetorhynchus papuensis (pygmy drongo),110,5,80,,InterPro:IPR035076
A0A7K8J6K4,UPAR/Ly6 domain-containing protein,Chaetorhynchus papuensis (pygmy drongo),109,2,79,,InterPro:IPR035076
A0A7K8J7K5,UPAR/Ly6 domain-containing protein,Chaetorhynchus papuensis (pygmy drongo),105,4,76,,InterPro:IPR035076
A0A7K8JBB5,Snake toxin/toxin-like domain-containing protein,Chaetorhynchus papuensis (pygmy drongo),78,4,78,,InterPro:IPR035076
A0A7K8JBG5,Snake toxin/toxin-like domain-containing protein,Chaetorhynchus papuensis (pygmy drongo),86,1,78,,InterPro:IPR035076
A0A7K8JC70,UPAR/Ly6 domain-containing protein,Chaetorhynchus papuensis (pygmy drongo),112,7,82,,InterPro:IPR035076
A0A7K8JCC5,UPAR/Ly6 domain-containing protein,Chaetorhynchus papuensis (pygmy drongo),100,17,94,,InterPro:IPR035076
A0A7K8JFM1,UPAR/Ly6 domain-containing protein,Chaetorhynchus papuensis (pygmy drongo),124,19,94,,InterPro:IPR035076
A0A7K8K5Y8,Snake toxin/toxin-like domain-containing protein,Lophotis ruficrista,78,4,78,,InterPro:IPR035076
A0A7K8KAW8,UPAR/Ly6 domain-containing protein,Lophotis ruficrista,126,21,96,,InterPro:IPR035076
A0A7K8KB16,UPAR/Ly6 domain-containing protein,Lophotis ruficrista,104,4,75,,InterPro:IPR035076
A0A7K8KB27,UPAR/Ly6 domain-containing protein,Lophotis ruficrista,109,4,79,,InterPro:IPR035076
A0A7K8KBQ1,UPAR/Ly6 domain-containing protein,Lophotis ruficrista,112,7,82,,InterPro:IPR035076
A0A7K8KCU4,Snake toxin/toxin-like domain-containing protein,Lophotis ruficrista,107,20,101,,InterPro:IPR035076
A0A7K8KDA5,UPAR/Ly6 domain-containing protein,Lophotis ruficrista,109,2,79,,InterPro:IPR035076
A0A7K8KHU6,UPAR/Ly6 domain-containing protein,Lophotis ruficrista,87,2,79,,InterPro:IPR035076
A0A7K8L0G7,UPAR/Ly6 domain-containing protein,Ardeotis kori,109,4,79,,InterPro:IPR035076
A0A7K8L0R2,UPAR/Ly6 domain-containing protein,Ardeotis kori,87,2,79,,InterPro:IPR035076
A0A7K8L0Y1,UPAR/Ly6 domain-containing protein,Ardeotis kori,112,7,82,,InterPro:IPR035076
A0A7K8L177,UPAR/Ly6 domain-containing protein,Ardeotis kori,104,4,75,,InterPro:IPR035076
A0A7K8L2Z3,Snake toxin/toxin-like domain-containing protein,Ardeotis kori,106,19,100,,InterPro:IPR035076
A0A7K8L534,UPAR/Ly6 domain-containing protein,Ardeotis kori,126,21,96,,InterPro:IPR035076
A0A7K8L7B0,UPAR/Ly6 domain-containing protein,Ardeotis kori,109,2,79,,InterPro:IPR035076
A0A7K8MHE5,Snake toxin/toxin-like domain-containing protein,Ptilorrhoa leucosticta,87,2,79,,InterPro:IPR035076
A0A7K8MJB1,UPAR/Ly6 domain-containing protein,Ptilorrhoa leucosticta,104,4,75,,InterPro:IPR035076
A0A7K8MM05,UPAR/Ly6 domain-containing protein,Ptilorrhoa leucosticta,112,7,82,,InterPro:IPR035076
A0A7K8MNN0,UPAR/Ly6 domain-containing protein,Ptilorrhoa leucosticta,109,2,79,,InterPro:IPR035076
A0A7K8MRC5,UPAR/Ly6 domain-containing protein,Ptilorrhoa leucosticta,129,24,99,,InterPro:IPR035076
A0A7K8MRM6,UPAR/Ly6 domain-containing protein,Ptilorrhoa leucosticta,101,18,95,,InterPro:IPR035076
A0A7K8MS16,UPAR/Ly6 domain-containing protein,Ptilorrhoa leucosticta,126,21,96,,InterPro:IPR035076
A0A7K8NLY3,Snake toxin/toxin-like domain-containing protein,Casuarius casuarius (Southern cassowary),102,20,96,,InterPro:IPR035076
A0A7K8NLY7,UPAR/Ly6 domain-containing protein,Casuarius casuarius (Southern cassowary),104,2,74,,InterPro:IPR035076
A0A7K8NLZ4,UPAR/Ly6 domain-containing protein,Casuarius casuarius (Southern cassowary),104,4,75,,InterPro:IPR035076
A0A7K8NM02,UPAR/Ly6 domain-containing protein,Casuarius casuarius (Southern cassowary),126,21,96,,InterPro:IPR035076
A0A7K8NM43,UPAR/Ly6 domain-containing protein,Casuarius casuarius (Southern cassowary),112,7,82,,InterPro:IPR035076
A0A7K8NMA2,UPAR/Ly6 domain-containing protein,Casuarius casuarius (Southern cassowary),107,2,77,,InterPro:IPR035076
A0A7K8NN04,UPAR/Ly6 domain-containing protein,Casuarius casuarius (Southern cassowary),87,2,79,,InterPro:IPR035076
A0A7K8NN56,Snake toxin/toxin-like domain-containing protein,Casuarius casuarius (Southern cassowary),78,4,78,,InterPro:IPR035076
A0A7K8PEC9,UPAR/Ly6 domain-containing protein,Cochlearius cochlearius (Boat-billed heron),87,2,79,,InterPro:IPR035076
A0A7K8PED3,Snake toxin/toxin-like domain-containing protein,Cochlearius cochlearius (Boat-billed heron),78,4,78,,InterPro:IPR035076
A0A7K8PEF2,UPAR/Ly6 domain-containing protein,Cochlearius cochlearius (Boat-billed heron),109,2,79,,InterPro:IPR035076
A0A7K8PEV4,UPAR/Ly6 domain-containing protein,Cochlearius cochlearius (Boat-billed heron),104,4,75,,InterPro:IPR035076
A0A7K8PFM8,UPAR/Ly6 domain-containing protein,Cochlearius cochlearius (Boat-billed heron),112,7,82,,InterPro:IPR035076
A0A7K8PG13,UPAR/Ly6 domain-containing protein,Cochlearius cochlearius (Boat-billed heron),109,4,79,,InterPro:IPR035076
A0A7K8PG51,UPAR/Ly6 domain-containing protein,Cochlearius cochlearius (Boat-billed heron),110,4,80,,InterPro:IPR035076
A0A7K8PG62,Snake toxin/toxin-like domain-containing protein,Cochlearius cochlearius (Boat-billed heron),107,20,101,,InterPro:IPR035076
A0A7K8R437,UPAR/Ly6 domain-containing protein,Smithornis capensis,107,2,77,,InterPro:IPR035076
A0A7K8R452,UPAR/Ly6 domain-containing protein,Smithornis capensis,91,9,85,,InterPro:IPR035076
A0A7K8R4P4,UPAR/Ly6 domain-containing protein,Smithornis capensis,109,4,79,,InterPro:IPR035076
A0A7K8R5K8,UPAR/Ly6 domain-containing protein,Smithornis capensis,104,4,75,,InterPro:IPR035076
A0A7K8R643,Snake toxin/toxin-like domain-containing protein,Smithornis capensis,84,2,76,,InterPro:IPR035076
A0A7K8R6R4,UPAR/Ly6 domain-containing protein,Smithornis capensis,112,7,82,,InterPro:IPR035076
A0A7K8R714,UPAR/Ly6 domain-containing protein,Smithornis capensis,109,4,79,,InterPro:IPR035076
A0A7K8RIJ3,UPAR/Ly6 domain-containing protein,Rhodinocichla rosea,110,2,80,,InterPro:IPR035076
A0A7K8RIR1,UPAR/Ly6 domain-containing protein,Rhodinocichla rosea,112,7,82,,InterPro:IPR035076
A0A7K8RKA4,UPAR/Ly6 domain-containing protein,Rhodinocichla rosea,104,4,75,,InterPro:IPR035076
A0A7K8RKF4,UPAR/Ly6 domain-containing protein,Rhodinocichla rosea,110,5,80,,InterPro:IPR035076
A0A7K8RKV0,Snake toxin/toxin-like domain-containing protein,Rhodinocichla rosea,111,21,105,,InterPro:IPR035076
A0A7K8RKV9,UPAR/Ly6 domain-containing protein,Rhodinocichla rosea,87,2,79,,InterPro:IPR035076
A0A7K8RKX4,UPAR/Ly6 domain-containing protein,Rhodinocichla rosea,126,21,96,,InterPro:IPR035076
A0A7K8RKY3,Snake toxin/toxin-like domain-containing protein,Rhodinocichla rosea,78,4,78,,InterPro:IPR035076
A0A7K8TC20,UPAR/Ly6 domain-containing protein,Nyctibius bracteatus (Rufous potoo),127,22,97,,InterPro:IPR035076
A0A7K8TC90,UPAR/Ly6 domain-containing protein,Nyctibius bracteatus (Rufous potoo),109,2,79,,InterPro:IPR035076
A0A7K8TCC5,UPAR/Ly6 domain-containing protein,Nyctibius bracteatus (Rufous potoo),112,7,82,,InterPro:IPR035076
A0A7K8TDH1,Snake toxin/toxin-like domain-containing protein,Nyctibius bracteatus (Rufous potoo),91,4,85,,InterPro:IPR035076
A0A7K8TEN8,Snake toxin/toxin-like domain-containing protein,Nyctibius bracteatus (Rufous potoo),87,2,79,,InterPro:IPR035076
A0A7K8TES4,UPAR/Ly6 domain-containing protein,Nyctibius bracteatus (Rufous potoo),127,21,97,,InterPro:IPR035076
A0A7K8THP3,UPAR/Ly6 domain-containing protein,Nyctibius bracteatus (Rufous potoo),104,4,75,,InterPro:IPR035076
A0A7K8TJB5,Snake toxin/toxin-like domain-containing protein,Nyctibius bracteatus (Rufous potoo),78,4,78,,InterPro:IPR035076
A0A7K8TNU2,UPAR/Ly6 domain-containing protein,Oceanites oceanicus (Wilson's storm petrel),87,2,79,,InterPro:IPR035076
A0A7K8TNU9,UPAR/Ly6 domain-containing protein,Oceanites oceanicus (Wilson's storm petrel),109,2,79,,InterPro:IPR035076
A0A7K8TNV7,UPAR/Ly6 domain-containing protein,Oceanites oceanicus (Wilson's storm petrel),104,4,75,,InterPro:IPR035076
A0A7K8TNW7,Snake toxin/toxin-like domain-containing protein,Oceanites oceanicus (Wilson's storm petrel),78,4,78,,InterPro:IPR035076
A0A7K8TPL5,UPAR/Ly6 domain-containing protein,Oceanites oceanicus (Wilson's storm petrel),127,22,97,,InterPro:IPR035076
A0A7K8TQC4,Snake toxin/toxin-like domain-containing protein,Oceanites oceanicus (Wilson's storm petrel),107,20,101,,InterPro:IPR035076
A0A7K8TR38,UPAR/Ly6 domain-containing protein,Oceanites oceanicus (Wilson's storm petrel),112,7,82,,InterPro:IPR035076
A0A7K8TRC6,UPAR/Ly6 domain-containing protein,Oceanites oceanicus (Wilson's storm petrel),125,20,95,,InterPro:IPR035076
A0A7K8V740,UPAR/Ly6 domain-containing protein,Ciccaba nigrolineata,104,4,75,,InterPro:IPR035076
A0A7K8V743,UPAR/Ly6 domain-containing protein,Ciccaba nigrolineata,112,7,82,,InterPro:IPR035076
A0A7K8V749,Snake toxin/toxin-like domain-containing protein,Ciccaba nigrolineata,108,21,102,,InterPro:IPR035076
A0A7K8V776,UPAR/Ly6 domain-containing protein,Ciccaba nigrolineata,109,4,79,,InterPro:IPR035076
A0A7K8V7M6,UPAR/Ly6 domain-containing protein,Ciccaba nigrolineata,107,2,77,,InterPro:IPR035076
A0A7K8V8Y2,Snake toxin/toxin-like domain-containing protein,Ciccaba nigrolineata,86,2,79,,InterPro:IPR035076
A0A7K8V9J5,Snake toxin/toxin-like domain-containing protein,Ciccaba nigrolineata,78,4,78,,InterPro:IPR035076
A0A7K8V9W3,UPAR/Ly6 domain-containing protein,Ciccaba nigrolineata,108,4,79,,InterPro:IPR035076
A0A7K8W6U5,Snake toxin/toxin-like domain-containing protein,Sclerurus mexicanus (tawny-throated leaftosser),86,2,79,,InterPro:IPR035076
A0A7K8W6X1,UPAR/Ly6 domain-containing protein,Sclerurus mexicanus (tawny-throated leaftosser),112,7,82,,InterPro:IPR035076
A0A7K8W6Y1,UPAR/Ly6 domain-containing protein,Sclerurus mexicanus (tawny-throated leaftosser),86,4,80,,InterPro:IPR035076
A0A7K8W6Z7,Snake toxin/toxin-like domain-containing protein,Sclerurus mexicanus (tawny-throated leaftosser),78,4,78,,InterPro:IPR035076
A0A7K8W710,UPAR/Ly6 domain-containing protein,Sclerurus mexicanus (tawny-throated leaftosser),109,4,79,,InterPro:IPR035076
A0A7K8W728,UPAR/Ly6 domain-containing protein,Sclerurus mexicanus (tawny-throated leaftosser),126,22,97,,InterPro:IPR035076
A0A7K8W764,UPAR/Ly6 domain-containing protein,Sclerurus mexicanus (tawny-throated leaftosser),107,2,77,,InterPro:IPR035076
A0A7K8W7B4,UPAR/Ly6 domain-containing protein,Sclerurus mexicanus (tawny-throated leaftosser),104,4,75,,InterPro:IPR035076
A0A7K8Y470,UPAR/Ly6 domain-containing protein,Eubucco bourcierii (red-headed barbet),112,8,83,,InterPro:IPR035076
A0A7K8Y474,Snake toxin/toxin-like domain-containing protein,Eubucco bourcierii (red-headed barbet),78,4,78,,InterPro:IPR035076
A0A7K8Y4T0,UPAR/Ly6 domain-containing protein,Eubucco bourcierii (red-headed barbet),109,4,79,,InterPro:IPR035076
A0A7K8Y5A1,Snake toxin/toxin-like domain-containing protein,Eubucco bourcierii (red-headed barbet),88,2,79,,InterPro:IPR035076
A0A7K8Y5X0,Snake toxin/toxin-like domain-containing protein,Eubucco bourcierii (red-headed barbet),90,3,84,,InterPro:IPR035076
A0A7K8Y646,UPAR/Ly6 domain-containing protein,Eubucco bourcierii (red-headed barbet),104,4,75,,InterPro:IPR035076
A0A7K8Y694,UPAR/Ly6 domain-containing protein,Eubucco bourcierii (red-headed barbet),107,2,77,,InterPro:IPR035076
A0A7K8Y6F5,UPAR/Ly6 domain-containing protein,Eubucco bourcierii (red-headed barbet),112,7,82,,InterPro:IPR035076
A0A7K8YPR2,UPAR/Ly6 domain-containing protein,Sakesphorus luctuosus,86,4,80,,InterPro:IPR035076
A0A7K8YPR3,UPAR/Ly6 domain-containing protein,Sakesphorus luctuosus,105,4,76,,InterPro:IPR035076
A0A7K8YQB5,UPAR/Ly6 domain-containing protein,Sakesphorus luctuosus,127,23,98,,InterPro:IPR035076
A0A7K8YQK7,UPAR/Ly6 domain-containing protein,Sakesphorus luctuosus,107,2,77,,InterPro:IPR035076
A0A7K8YQP8,UPAR/Ly6 domain-containing protein,Sakesphorus luctuosus,109,4,79,,InterPro:IPR035076
A0A7K8YR67,Snake toxin/toxin-like domain-containing protein,Sakesphorus luctuosus,78,4,78,,InterPro:IPR035076
A0A7K8YRB5,UPAR/Ly6 domain-containing protein,Sakesphorus luctuosus,111,7,82,,InterPro:IPR035076
A0A7K8YS14,Snake toxin/toxin-like domain-containing protein,Sakesphorus luctuosus,86,2,79,,InterPro:IPR035076
A0A7K9A0Y0,UPAR/Ly6 domain-containing protein,Grallaria varia (variegated antpitta),86,4,80,,InterPro:IPR035076
A0A7K9A0Y4,UPAR/Ly6 domain-containing protein,Grallaria varia (variegated antpitta),109,4,79,,InterPro:IPR035076
A0A7K9A1I7,Snake toxin/toxin-like domain-containing protein,Grallaria varia (variegated antpitta),78,4,78,,InterPro:IPR035076
A0A7K9A228,UPAR/Ly6 domain-containing protein,Grallaria varia (variegated antpitta),104,4,75,,InterPro:IPR035076
A0A7K9A239,UPAR/Ly6 domain-containing protein,Grallaria varia (variegated antpitta),112,7,82,,InterPro:IPR035076
A0A7K9A2K0,UPAR/Ly6 domain-containing protein,Grallaria varia (variegated antpitta),107,2,77,,InterPro:IPR035076
A0A7K9A387,UPAR/Ly6 domain-containing protein,Grallaria varia (variegated antpitta),114,10,85,,InterPro:IPR035076
A0A7K9A3R6,Snake toxin/toxin-like domain-containing protein,Grallaria varia (variegated antpitta),86,2,79,,InterPro:IPR035076
A0A7K9AFQ1,UPAR/Ly6 domain-containing protein,Dromaius novaehollandiae (Emu),104,4,75,,InterPro:IPR035076
A0A7K9AFT8,Snake toxin/toxin-like domain-containing protein,Dromaius novaehollandiae (Emu),78,4,78,,InterPro:IPR035076
A0A7K9AFV5,UPAR/Ly6 domain-containing protein,Dromaius novaehollandiae (Emu),128,21,98,,InterPro:IPR035076
A0A7K9AFZ7,UPAR/Ly6 domain-containing protein,Dromaius novaehollandiae (Emu),104,2,74,,InterPro:IPR035076
A0A7K9AGQ3,UPAR/Ly6 domain-containing protein,Dromaius novaehollandiae (Emu),112,7,82,,InterPro:IPR035076
A0A7K9AGR3,UPAR/Ly6 domain-containing protein,Dromaius novaehollandiae (Emu),109,4,79,,InterPro:IPR035076
A0A7K9AGU4,UPAR/Ly6 domain-containing protein,Dromaius novaehollandiae (Emu),87,2,79,,InterPro:IPR035076
A0A7K9AH94,UPAR/Ly6 domain-containing protein,Dromaius novaehollandiae (Emu),102,20,96,,InterPro:IPR035076
A0A7K9CLT3,Snake toxin/toxin-like domain-containing protein,Psilopogon haemacephalus (coppersmith barbet),90,3,84,,InterPro:IPR035076
A0A7K9CLU8,UPAR/Ly6 domain-containing protein,Psilopogon haemacephalus (coppersmith barbet),109,2,79,,InterPro:IPR035076
A0A7K9CM30,UPAR/Ly6 domain-containing protein,Psilopogon haemacephalus (coppersmith barbet),106,2,79,,InterPro:IPR035076
A0A7K9CN67,Snake toxin/toxin-like domain-containing protein,Psilopogon haemacephalus (coppersmith barbet),78,4,78,,InterPro:IPR035076
A0A7K9CN80,UPAR/Ly6 domain-containing protein,Psilopogon haemacephalus (coppersmith barbet),105,5,76,,InterPro:IPR035076
A0A7K9CN88,UPAR/Ly6 domain-containing protein,Psilopogon haemacephalus (coppersmith barbet),109,4,79,,InterPro:IPR035076
A0A7K9CP07,UPAR/Ly6 domain-containing protein,Psilopogon haemacephalus (coppersmith barbet),110,4,80,,InterPro:IPR035076
A0A7K9CPL8,UPAR/Ly6 domain-containing protein,Psilopogon haemacephalus (coppersmith barbet),112,9,82,,InterPro:IPR035076
A0A7K9DH51,UPAR/Ly6 domain-containing protein,Hemiprocne comata,112,7,82,,InterPro:IPR035076
A0A7K9DHL3,UPAR/Ly6 domain-containing protein,Hemiprocne comata,122,21,92,,InterPro:IPR035076
A0A7K9DHP9,Snake toxin/toxin-like domain-containing protein,Hemiprocne comata,87,2,79,,InterPro:IPR035076
A0A7K9DHR5,UPAR/Ly6 domain-containing protein,Hemiprocne comata,107,2,77,,InterPro:IPR035076
A0A7K9DIE7,Snake toxin/toxin-like domain-containing protein,Hemiprocne comata,104,17,98,,InterPro:IPR035076
A0A7K9DIV5,UPAR/Ly6 domain-containing protein,Hemiprocne comata,109,4,79,,InterPro:IPR035076
A0A7K9DIV6,Snake toxin/toxin-like domain-containing protein,Hemiprocne comata,78,4,78,,InterPro:IPR035076
A0A7K9DKK4,UPAR/Ly6 domain-containing protein,Hemiprocne comata,127,21,97,,InterPro:IPR035076
A0A7K9DWQ6,Snake toxin/toxin-like domain-containing protein,Baryphthengus martii (Rufous motmot),90,3,84,,InterPro:IPR035076
A0A7K9DWR0,UPAR/Ly6 domain-containing protein,Baryphthengus martii (Rufous motmot),110,5,80,,InterPro:IPR035076
A0A7K9DX15,UPAR/Ly6 domain-containing protein,Baryphthengus martii (Rufous motmot),109,2,79,,InterPro:IPR035076
A0A7K9DX80,UPAR/Ly6 domain-containing protein,Baryphthengus martii (Rufous motmot),109,4,79,,InterPro:IPR035076
A0A7K9DZK4,UPAR/Ly6 domain-containing protein,Baryphthengus martii (Rufous motmot),112,7,82,,InterPro:IPR035076
A0A7K9EKU3,UPAR/Ly6 domain-containing protein,Baryphthengus martii (Rufous motmot),105,4,75,,InterPro:IPR035076
A0A7K9EKV1,UPAR/Ly6 domain-containing protein,Baryphthengus martii (Rufous motmot),87,2,79,,InterPro:IPR035076
A0A7K9EKV5,Snake toxin/toxin-like domain-containing protein,Baryphthengus martii (Rufous motmot),78,4,78,,InterPro:IPR035076
A0A7K9FF71,UPAR/Ly6 domain-containing protein,Stercorarius parasiticus (Parasitic jaeger),104,4,75,,InterPro:IPR035076
A0A7K9FGU6,Snake toxin/toxin-like domain-containing protein,Stercorarius parasiticus (Parasitic jaeger),78,4,78,,InterPro:IPR035076
A0A7K9FP88,UPAR/Ly6 domain-containing protein,Stercorarius parasiticus (Parasitic jaeger),109,2,79,,InterPro:IPR035076
A0A7K9FPA4,UPAR/Ly6 domain-containing protein,Stercorarius parasiticus (Parasitic jaeger),112,7,82,,InterPro:IPR035076
A0A7K9FPH2,UPAR/Ly6 domain-containing protein,Stercorarius parasiticus (Parasitic jaeger),126,21,96,,InterPro:IPR035076
A0A7K9FQ43,UPAR/Ly6 domain-containing protein,Stercorarius parasiticus (Parasitic jaeger),127,22,97,,InterPro:IPR035076
A0A7K9FQU7,UPAR/Ly6 domain-containing protein,Stercorarius parasiticus (Parasitic jaeger),103,21,97,,InterPro:IPR035076
A0A7K9FQY7,UPAR/Ly6 domain-containing protein,Stercorarius parasiticus (Parasitic jaeger),87,2,79,,InterPro:IPR035076
A0A7K9GLT4,UPAR/Ly6 domain-containing protein,Loxia leucoptera (White-winged crossbill),107,2,77,,InterPro:IPR035076
A0A7K9GM32,UPAR/Ly6 domain-containing protein,Loxia leucoptera (White-winged crossbill),87,2,79,,InterPro:IPR035076
A0A7K9GMV7,UPAR/Ly6 domain-containing protein,Loxia leucoptera (White-winged crossbill),112,7,82,,InterPro:IPR035076
A0A7K9GNT8,UPAR/Ly6 domain-containing protein,Loxia leucoptera (White-winged crossbill),126,22,97,,InterPro:IPR035076
A0A7K9GNU6,UPAR/Ly6 domain-containing protein,Loxia leucoptera (White-winged crossbill),109,4,79,,InterPro:IPR035076
A0A7K9GNY8,Snake toxin/toxin-like domain-containing protein,Loxia leucoptera (White-winged crossbill),78,4,78,,InterPro:IPR035076
A0A7K9GPA8,UPAR/Ly6 domain-containing protein,Loxia leucoptera (White-winged crossbill),104,4,75,,InterPro:IPR035076
A0A7K9GPB9,UPAR/Ly6 domain-containing protein,Loxia leucoptera (White-winged crossbill),94,4,88,,InterPro:IPR035076
A0A7K9H861,UPAR/Ly6 domain-containing protein,Bucco capensis (collared puffbird),103,21,97,,InterPro:IPR035076
A0A7K9HR59,Snake toxin/toxin-like domain-containing protein,Bucco capensis (collared puffbird),77,3,77,,InterPro:IPR035076
A0A7K9HRK6,Snake toxin/toxin-like domain-containing protein,Bucco capensis (collared puffbird),86,2,79,,InterPro:IPR035076
A0A7K9HTC5,UPAR/Ly6 domain-containing protein,Bucco capensis (collared puffbird),103,4,75,,InterPro:IPR035076
A0A7K9I7F2,UPAR/Ly6 domain-containing protein,Bucco capensis (collared puffbird),107,2,77,,InterPro:IPR035076
A0A7K9I7F7,UPAR/Ly6 domain-containing protein,Bucco capensis (collared puffbird),127,19,97,,InterPro:IPR035076
A0A7K9I9G5,UPAR/Ly6 domain-containing protein,Bucco capensis (collared puffbird),108,3,79,,InterPro:IPR035076
A0A7K9I9L2,UPAR/Ly6 domain-containing protein,Bucco capensis (collared puffbird),112,7,82,,InterPro:IPR035076
A0A7K9IP74,Snake toxin/toxin-like domain-containing protein,Myiagra hebetior,78,4,78,,InterPro:IPR035076
A0A7K9IPK7,UPAR/Ly6 domain-containing protein,Myiagra hebetior,109,4,79,,InterPro:IPR035076
A0A7K9IQ41,UPAR/Ly6 domain-containing protein,Myiagra hebetior,112,7,82,,InterPro:IPR035076
A0A7K9IRT7,Snake toxin/toxin-like domain-containing protein,Myiagra hebetior,86,1,78,,InterPro:IPR035076
A0A7K9IRU4,UPAR/Ly6 domain-containing protein,Myiagra hebetior,107,2,77,,InterPro:IPR035076
A0A7K9IS81,UPAR/Ly6 domain-containing protein,Myiagra hebetior,109,5,80,,InterPro:IPR035076
A0A7K9ISR7,UPAR/Ly6 domain-containing protein,Myiagra hebetior,104,4,75,,InterPro:IPR035076
A0A7K9IST3,UPAR/Ly6 domain-containing protein,Myiagra hebetior,96,13,90,,InterPro:IPR035076
A0A7K9JWU3,UPAR/Ly6 domain-containing protein,Dicaeum eximium,104,2,79,,InterPro:IPR035076
A0A7K9JYL0,UPAR/Ly6 domain-containing protein,Dicaeum eximium,104,4,75,,InterPro:IPR035076
A0A7K9JZE3,Snake toxin/toxin-like domain-containing protein,Dicaeum eximium,78,4,78,,InterPro:IPR035076
A0A7K9KEU5,UPAR/Ly6 domain-containing protein,Dicaeum eximium,112,7,82,,InterPro:IPR035076
A0A7K9KFM0,UPAR/Ly6 domain-containing protein,Dicaeum eximium,126,21,96,,InterPro:IPR035076
A0A7K9KHJ3,UPAR/Ly6 domain-containing protein,Dicaeum eximium,110,5,80,,InterPro:IPR035076
A0A7K9KHK6,UPAR/Ly6 domain-containing protein,Dicaeum eximium,125,21,96,,InterPro:IPR035076
A0A7K9KHL8,Snake toxin/toxin-like domain-containing protein,Dicaeum eximium,99,16,93,,InterPro:IPR035076
A0A7K9LMS7,UPAR/Ly6 domain-containing protein,Rhabdornis inornatus,104,4,75,,InterPro:IPR035076
A0A7K9LMT5,Snake toxin/toxin-like domain-containing protein,Rhabdornis inornatus,86,2,79,,InterPro:IPR035076
A0A7K9LMU6,Snake toxin/toxin-like domain-containing protein,Rhabdornis inornatus,78,4,78,,InterPro:IPR035076
A0A7K9LMU9,UPAR/Ly6 domain-containing protein,Rhabdornis inornatus,87,4,81,,InterPro:IPR035076
A0A7K9LMW3,UPAR/Ly6 domain-containing protein,Rhabdornis inornatus,107,2,77,,InterPro:IPR035076
A0A7K9LMZ4,UPAR/Ly6 domain-containing protein,Rhabdornis inornatus,112,7,82,,InterPro:IPR035076
A0A7K9LN97,UPAR/Ly6 domain-containing protein,Rhabdornis inornatus,109,4,79,,InterPro:IPR035076
A0A7K9LPX3,UPAR/Ly6 domain-containing protein,Rhabdornis inornatus,109,5,80,,InterPro:IPR035076
A0A7K9MT80,UPAR/Ly6 domain-containing protein,Oceanodroma tethys (Wedge-rumped storm-petrel),104,4,75,,InterPro:IPR035076
A0A7K9MTJ0,Snake toxin/toxin-like domain-containing protein,Oceanodroma tethys (Wedge-rumped storm-petrel),78,4,78,,InterPro:IPR035076
A0A7K9MTL3,UPAR/Ly6 domain-containing protein,Oceanodroma tethys (Wedge-rumped storm-petrel),86,2,79,,InterPro:IPR035076
A0A7K9MVI6,UPAR/Ly6 domain-containing protein,Oceanodroma tethys (Wedge-rumped storm-petrel),109,4,79,,InterPro:IPR035076
A0A7K9MVJ9,Snake toxin/toxin-like domain-containing protein,Oceanodroma tethys (Wedge-rumped storm-petrel),108,21,102,,InterPro:IPR035076
A0A7K9MVZ2,UPAR/Ly6 domain-containing protein,Oceanodroma tethys (Wedge-rumped storm-petrel),108,4,79,,InterPro:IPR035076
A0A7K9MW15,UPAR/Ly6 domain-containing protein,Oceanodroma tethys (Wedge-rumped storm-petrel),112,7,82,,InterPro:IPR035076
A0A7K9MWD4,UPAR/Ly6 domain-containing protein,Oceanodroma tethys (Wedge-rumped storm-petrel),109,2,79,,InterPro:IPR035076
A0A7K9NGP7,Snake toxin/toxin-like domain-containing protein,Edolisoma coerulescens,87,2,79,,InterPro:IPR035076
A0A7K9NGP9,UPAR/Ly6 domain-containing protein,Edolisoma coerulescens,109,2,79,,InterPro:IPR035076
A0A7K9NGR0,UPAR/Ly6 domain-containing protein,Edolisoma coerulescens,126,21,96,,InterPro:IPR035076
A0A7K9NH36,Snake toxin/toxin-like domain-containing protein,Edolisoma coerulescens,100,17,94,,InterPro:IPR035076
A0A7K9NHE6,UPAR/Ly6 domain-containing protein,Edolisoma coerulescens,112,7,82,,InterPro:IPR035076
A0A7K9NHG1,UPAR/Ly6 domain-containing protein,Edolisoma coerulescens,104,4,75,,InterPro:IPR035076
A0A7K9NHK4,Snake toxin/toxin-like domain-containing protein,Edolisoma coerulescens,78,4,78,,InterPro:IPR035076
A0A7K9PS35,UPAR/Ly6 domain-containing protein,Pachycephala philippinensis (yellow-belllied whistler),117,2,87,,InterPro:IPR035076
A0A7K9PS42,UPAR/Ly6 domain-containing protein,Pachycephala philippinensis (yellow-belllied whistler),109,4,79,,InterPro:IPR035076
A0A7K9PS66,Snake toxin/toxin-like domain-containing protein,Pachycephala philippinensis (yellow-belllied whistler),87,2,79,,InterPro:IPR035076
A0A7K9PS98,Snake toxin/toxin-like domain-containing protein,Pachycephala philippinensis (yellow-belllied whistler),78,4,78,,InterPro:IPR035076
A0A7K9PSC5,UPAR/Ly6 domain-containing protein,Pachycephala philippinensis (yellow-belllied whistler),112,7,82,,InterPro:IPR035076
A0A7K9PSQ4,UPAR/Ly6 domain-containing protein,Pachycephala philippinensis (yellow-belllied whistler),107,17,101,,InterPro:IPR035076
A0A7K9PSV4,UPAR/Ly6 domain-containing protein,Pachycephala philippinensis (yellow-belllied whistler),104,4,75,,InterPro:IPR035076
A0A7K9PTS9,UPAR/Ly6 domain-containing protein,Pachycephala philippinensis (yellow-belllied whistler),127,22,97,,InterPro:IPR035076
A0A7K9R332,UPAR/Ly6 domain-containing protein,Irena cyanogastra (Philippine fairy-bluebird),109,4,79,,InterPro:IPR035076
A0A7K9R344,Snake toxin/toxin-like domain-containing protein,Irena cyanogastra (Philippine fairy-bluebird),78,4,78,,InterPro:IPR035076
A0A7K9R350,UPAR/Ly6 domain-containing protein,Irena cyanogastra (Philippine fairy-bluebird),112,7,82,,InterPro:IPR035076
A0A7K9R378,UPAR/Ly6 domain-containing protein,Irena cyanogastra (Philippine fairy-bluebird),96,13,90,,InterPro:IPR035076
A0A7K9R3Q9,UPAR/Ly6 domain-containing protein,Irena cyanogastra (Philippine fairy-bluebird),104,4,75,,InterPro:IPR035076
A0A7K9R3V1,UPAR/Ly6 domain-containing protein,Irena cyanogastra (Philippine fairy-bluebird),107,2,77,,InterPro:IPR035076
A0A7K9R3W4,UPAR/Ly6 domain-containing protein,Irena cyanogastra (Philippine fairy-bluebird),126,22,97,,InterPro:IPR035076
A0A7K9R544,Snake toxin/toxin-like domain-containing protein,Irena cyanogastra (Philippine fairy-bluebird),86,2,79,,InterPro:IPR035076
A0A7K9RQ82,UPAR/Ly6 domain-containing protein,Sterrhoptilus dennistouni,112,7,82,,InterPro:IPR035076
A0A7K9RQ83,UPAR/Ly6 domain-containing protein,Sterrhoptilus dennistouni,109,2,79,,InterPro:IPR035076
A0A7K9RQ90,UPAR/Ly6 domain-containing protein,Sterrhoptilus dennistouni,104,4,75,,InterPro:IPR035076
A0A7K9RQI7,Snake toxin/toxin-like domain-containing protein,Sterrhoptilus dennistouni,87,2,79,,InterPro:IPR035076
A0A7K9RRI6,UPAR/Ly6 domain-containing protein,Sterrhoptilus dennistouni,110,4,80,,InterPro:IPR035076
A0A7K9RSA2,UPAR/Ly6 domain-containing protein,Sterrhoptilus dennistouni,109,4,79,,InterPro:IPR035076
A0A7K9RSG6,UPAR/Ly6 domain-containing protein,Sterrhoptilus dennistouni,106,21,100,,InterPro:IPR035076
A0A7K9T7H5,UPAR/Ly6 domain-containing protein,Galbula dea,108,3,79,,InterPro:IPR035076
A0A7K9T7I9,UPAR/Ly6 domain-containing protein,Galbula dea,107,2,77,,InterPro:IPR035076
A0A7K9T7S0,UPAR/Ly6 domain-containing protein,Galbula dea,104,4,75,,InterPro:IPR035076
A0A7K9T7U1,UPAR/Ly6 domain-containing protein,Galbula dea,86,2,79,,InterPro:IPR035076
A0A7K9T829,UPAR/Ly6 domain-containing protein,Galbula dea,85,3,79,,InterPro:IPR035076
A0A7K9T8P6,UPAR/Ly6 domain-containing protein,Galbula dea,109,4,79,,InterPro:IPR035076
A0A7K9T9M9,Snake toxin/toxin-like domain-containing protein,Galbula dea,78,4,78,,InterPro:IPR035076
A0A7K9T9Y8,UPAR/Ly6 domain-containing protein,Galbula dea,112,7,82,,InterPro:IPR035076
A0A7K9U961,UPAR/Ly6 domain-containing protein,Chloroceryle aenea (American pygmy kingfisher),86,2,79,,InterPro:IPR035076
A0A7K9U967,UPAR/Ly6 domain-containing protein,Chloroceryle aenea (American pygmy kingfisher),126,22,97,,InterPro:IPR035076
A0A7K9U971,UPAR/Ly6 domain-containing protein,Chloroceryle aenea (American pygmy kingfisher),112,7,82,,InterPro:IPR035076
A0A7K9U979,UPAR/Ly6 domain-containing protein,Chloroceryle aenea (American pygmy kingfisher),105,4,75,,InterPro:IPR035076
A0A7K9U9C4,UPAR/Ly6 domain-containing protein,Chloroceryle aenea (American pygmy kingfisher),103,21,97,,InterPro:IPR035076
A0A7K9U9S9,Snake toxin/toxin-like domain-containing protein,Chloroceryle aenea (American pygmy kingfisher),78,4,78,,InterPro:IPR035076
A0A7K9UA79,UPAR/Ly6 domain-containing protein,Chloroceryle aenea (American pygmy kingfisher),109,4,79,,InterPro:IPR035076
A0A7K9UBC3,UPAR/Ly6 domain-containing protein,Chloroceryle aenea (American pygmy kingfisher),107,2,77,,InterPro:IPR035076
A0A7K9VP19,UPAR/Ly6 domain-containing protein,Anseranas semipalmata (Magpie goose),86,2,79,,InterPro:IPR035076
A0A7K9VP22,UPAR/Ly6 domain-containing protein,Anseranas semipalmata (Magpie goose),109,2,79,,InterPro:IPR035076
A0A7K9VP29,UPAR/Ly6 domain-containing protein,Anseranas semipalmata (Magpie goose),112,7,82,,InterPro:IPR035076
A0A7K9VP32,UPAR/Ly6 domain-containing protein,Anseranas semipalmata (Magpie goose),104,21,98,,InterPro:IPR035076
A0A7K9VP44,UPAR/Ly6 domain-containing protein,Anseranas semipalmata (Magpie goose),104,4,75,,InterPro:IPR035076
A0A7K9VP98,UPAR/Ly6 domain-containing protein,Anseranas semipalmata (Magpie goose),118,13,88,,InterPro:IPR035076
A0A7K9VPF8,UPAR/Ly6 domain-containing protein,Anseranas semipalmata (Magpie goose),108,4,79,,InterPro:IPR035076
A0A7K9VPG9,Snake toxin/toxin-like domain-containing protein,Anseranas semipalmata (Magpie goose),78,4,78,,InterPro:IPR035076
A0A7K9VYT3,Snake toxin/toxin-like domain-containing protein,Rhipidura dahli,78,4,78,,InterPro:IPR035076
A0A7K9VYT8,UPAR/Ly6 domain-containing protein,Rhipidura dahli,103,21,97,,InterPro:IPR035076
A0A7K9VYU1,UPAR/Ly6 domain-containing protein,Rhipidura dahli,109,5,80,,InterPro:IPR035076
A0A7K9VYX2,Snake toxin/toxin-like domain-containing protein,Rhipidura dahli,85,1,78,,InterPro:IPR035076
A0A7K9VZ31,UPAR/Ly6 domain-containing protein,Rhipidura dahli,112,7,82,,InterPro:IPR035076
A0A7K9VZ67,UPAR/Ly6 domain-containing protein,Rhipidura dahli,104,4,75,,InterPro:IPR035076
A0A7K9VZ82,UPAR/Ly6 domain-containing protein,Rhipidura dahli,118,13,88,,InterPro:IPR035076
A0A7K9VZP1,UPAR/Ly6 domain-containing protein,Rhipidura dahli,107,2,77,,InterPro:IPR035076
A0A7K9X517,UPAR/Ly6 domain-containing protein,Psophia crepitans (common trumpeter),104,4,75,,InterPro:IPR035076
A0A7K9X555,UPAR/Ly6 domain-containing protein,Psophia crepitans (common trumpeter),126,22,97,,InterPro:IPR035076
A0A7K9X587,Snake toxin/toxin-like domain-containing protein,Psophia crepitans (common trumpeter),86,2,79,,InterPro:IPR035076
A0A7K9X5A1,UPAR/Ly6 domain-containing protein,Psophia crepitans (common trumpeter),118,14,89,,InterPro:IPR035076
A0A7K9X5B0,UPAR/Ly6 domain-containing protein,Psophia crepitans (common trumpeter),91,4,85,,InterPro:IPR035076
A0A7K9X6A7,Snake toxin/toxin-like domain-containing protein,Psophia crepitans (common trumpeter),78,4,78,,InterPro:IPR035076
A0A7K9X6V1,UPAR/Ly6 domain-containing protein,Psophia crepitans (common trumpeter),107,2,77,,InterPro:IPR035076
A0A7K9X774,UPAR/Ly6 domain-containing protein,Psophia crepitans (common trumpeter),112,7,82,,InterPro:IPR035076
A0A7K9Y665,UPAR/Ly6 domain-containing protein,Odontophorus gujanensis (marbled wood quail),104,4,75,,InterPro:IPR035076
A0A7K9YB97,Snake toxin/toxin-like domain-containing protein,Odontophorus gujanensis (marbled wood quail),78,4,78,,InterPro:IPR035076
A0A7K9YQT2,UPAR/Ly6 domain-containing protein,Odontophorus gujanensis (marbled wood quail),98,19,92,,InterPro:IPR035076
A0A7K9YQT7,UPAR/Ly6 domain-containing protein,Odontophorus gujanensis (marbled wood quail),110,2,80,,InterPro:IPR035076
A0A7K9YQT8,UPAR/Ly6 domain-containing protein,Odontophorus gujanensis (marbled wood quail),128,24,99,,InterPro:IPR035076
A0A7K9YTH8,UPAR/Ly6 domain-containing protein,Odontophorus gujanensis (marbled wood quail),106,4,81,,InterPro:IPR035076
A0A7K9YTY9,UPAR/Ly6 domain-containing protein,Odontophorus gujanensis (marbled wood quail),112,7,82,,InterPro:IPR035076
A0A7K9YXP3,UPAR/Ly6 domain-containing protein,Odontophorus gujanensis (marbled wood quail),112,4,82,,InterPro:IPR035076
A0A7L0A4A3,UPAR/Ly6 domain-containing protein,Dicrurus megarhynchus,112,7,82,,InterPro:IPR035076
A0A7L0A4F9,Snake toxin/toxin-like domain-containing protein,Dicrurus megarhynchus,78,4,78,,InterPro:IPR035076
A0A7L0A4H9,UPAR/Ly6 domain-containing protein,Dicrurus megarhynchus,109,5,80,,InterPro:IPR035076
A0A7L0A4K0,Snake toxin/toxin-like domain-containing protein,Dicrurus megarhynchus,86,1,78,,InterPro:IPR035076
A0A7L0A4K9,UPAR/Ly6 domain-containing protein,Dicrurus megarhynchus,104,4,75,,InterPro:IPR035076
A0A7L0A7K0,UPAR/Ly6 domain-containing protein,Dicrurus megarhynchus,107,2,77,,InterPro:IPR035076
A0A7L0AAC2,UPAR/Ly6 domain-containing protein,Dicrurus megarhynchus,94,4,88,,InterPro:IPR035076
A0A7L0AEU6,UPAR/Ly6 domain-containing protein,Ciconia maguari,108,4,79,,InterPro:IPR035076
A0A7L0AEX0,UPAR/Ly6 domain-containing protein,Ciconia maguari,112,7,82,,InterPro:IPR035076
A0A7L0AF24,Snake toxin/toxin-like domain-containing protein,Ciconia maguari,86,2,79,,InterPro:IPR035076
A0A7L0AGI9,UPAR/Ly6 domain-containing protein,Dicrurus megarhynchus,109,4,79,,InterPro:IPR035076
A0A7L0AGM5,Snake toxin/toxin-like domain-containing protein,Ciconia maguari,78,4,78,,InterPro:IPR035076
A0A7L0AGU2,UPAR/Ly6 domain-containing protein,Ciconia maguari,104,4,75,,InterPro:IPR035076
A0A7L0AH74,UPAR/Ly6 domain-containing protein,Ciconia maguari,107,2,77,,InterPro:IPR035076
A0A7L0AIF2,Snake toxin/toxin-like domain-containing protein,Ciconia maguari,108,21,102,,InterPro:IPR035076
A0A7L0AL03,UPAR/Ly6 domain-containing protein,Ciconia maguari,109,4,79,,InterPro:IPR035076
A0A7L0BWX9,UPAR/Ly6 domain-containing protein,Spizaetus tyrannus (black hawk-eagle),127,21,97,,InterPro:IPR035076
A0A7L0BWY3,UPAR/Ly6 domain-containing protein,Spizaetus tyrannus (black hawk-eagle),101,19,95,,InterPro:IPR035076
A0A7L0BY46,Snake toxin/toxin-like domain-containing protein,Spizaetus tyrannus (black hawk-eagle),78,4,78,,InterPro:IPR035076
A0A7L0BY53,UPAR/Ly6 domain-containing protein,Spizaetus tyrannus (black hawk-eagle),109,2,79,,InterPro:IPR035076
A0A7L0BZA8,UPAR/Ly6 domain-containing protein,Spizaetus tyrannus (black hawk-eagle),104,4,75,,InterPro:IPR035076
A0A7L0BZB8,UPAR/Ly6 domain-containing protein,Spizaetus tyrannus (black hawk-eagle),112,7,82,,InterPro:IPR035076
A0A7L0C5L2,UPAR/Ly6 domain-containing protein,Spizaetus tyrannus (black hawk-eagle),88,2,79,,InterPro:IPR035076
A0A7L0CDC3,UPAR/Ly6 domain-containing protein,Spizaetus tyrannus (black hawk-eagle),126,22,97,,InterPro:IPR035076
A0A7L0D6H0,UPAR/Ly6 domain-containing protein,Rostratula benghalensis (greater painted-snipe),89,4,83,,InterPro:IPR035076
A0A7L0D6X8,UPAR/Ly6 domain-containing protein,Rostratula benghalensis (greater painted-snipe),127,21,97,,InterPro:IPR035076
A0A7L0D7R7,UPAR/Ly6 domain-containing protein,Rostratula benghalensis (greater painted-snipe),109,2,79,,InterPro:IPR035076
A0A7L0D8F0,UPAR/Ly6 domain-containing protein,Rostratula benghalensis (greater painted-snipe),112,7,82,,InterPro:IPR035076
A0A7L0DEC5,Snake toxin/toxin-like domain-containing protein,Rostratula benghalensis (greater painted-snipe),78,4,78,,InterPro:IPR035076
A0A7L0DED4,UPAR/Ly6 domain-containing protein,Rostratula benghalensis (greater painted-snipe),87,2,79,,InterPro:IPR035076
A0A7L0DJG1,UPAR/Ly6 domain-containing protein,Rostratula benghalensis (greater painted-snipe),104,5,75,,InterPro:IPR035076
A0A7L0DJG3,UPAR/Ly6 domain-containing protein,Rostratula benghalensis (greater painted-snipe),127,22,97,,InterPro:IPR035076
A0A7L0EH24,Snake toxin/toxin-like domain-containing protein,Trogon melanurus (Black-tailed trogon),88,2,80,,InterPro:IPR035076
A0A7L0EH27,UPAR/Ly6 domain-containing protein,Trogon melanurus (Black-tailed trogon),112,7,82,,InterPro:IPR035076
A0A7L0EH39,UPAR/Ly6 domain-containing protein,Trogon melanurus (Black-tailed trogon),104,17,98,,InterPro:IPR035076
A0A7L0EHB6,UPAR/Ly6 domain-containing protein,Trogon melanurus (Black-tailed trogon),109,2,79,,InterPro:IPR035076
A0A7L0EHM6,UPAR/Ly6 domain-containing protein,Trogon melanurus (Black-tailed trogon),104,4,75,,InterPro:IPR035076
A0A7L0EHP9,Snake toxin/toxin-like domain-containing protein,Trogon melanurus (Black-tailed trogon),96,4,96,,InterPro:IPR035076
A0A7L0EHS4,UPAR/Ly6 domain-containing protein,Trogon melanurus (Black-tailed trogon),127,21,97,,InterPro:IPR035076
A0A7L0EIA9,UPAR/Ly6 domain-containing protein,Trogon melanurus (Black-tailed trogon),127,21,97,,InterPro:IPR035076
A0A7L0FJX8,UPAR/Ly6 domain-containing protein,Corythaixoides concolor (Grey go-away-bird),124,19,94,,InterPro:IPR035076
A0A7L0FJY6,UPAR/Ly6 domain-containing protein,Corythaixoides concolor (Grey go-away-bird),111,6,81,,InterPro:IPR035076
A0A7L0FKE6,UPAR/Ly6 domain-containing protein,Corythaixoides concolor (Grey go-away-bird),109,2,79,,InterPro:IPR035076
A0A7L0FKF9,UPAR/Ly6 domain-containing protein,Corythaixoides concolor (Grey go-away-bird),110,4,80,,InterPro:IPR035076
A0A7L0FLW6,Snake toxin/toxin-like domain-containing protein,Corythaixoides concolor (Grey go-away-bird),78,4,78,,InterPro:IPR035076
A0A7L0FLX3,UPAR/Ly6 domain-containing protein,Corythaixoides concolor (Grey go-away-bird),87,2,79,,InterPro:IPR035076
A0A7L0FM43,UPAR/Ly6 domain-containing protein,Corythaixoides concolor (Grey go-away-bird),104,4,75,,InterPro:IPR035076
A0A7L0FND7,UPAR/Ly6 domain-containing protein,Corythaixoides concolor (Grey go-away-bird),102,19,96,,InterPro:IPR035076
A0A7L0GCV5,Snake toxin/toxin-like domain-containing protein,Herpetotheres cachinnans (Laughing falcon),78,4,78,,InterPro:IPR035076
A0A7L0GCW9,UPAR/Ly6 domain-containing protein,Herpetotheres cachinnans (Laughing falcon),109,2,79,,InterPro:IPR035076
A0A7L0GDR0,UPAR/Ly6 domain-containing protein,Herpetotheres cachinnans (Laughing falcon),87,2,79,,InterPro:IPR035076
A0A7L0GFG9,UPAR/Ly6 domain-containing protein,Herpetotheres cachinnans (Laughing falcon),112,7,82,,InterPro:IPR035076
A0A7L0GFN2,UPAR/Ly6 domain-containing protein,Herpetotheres cachinnans (Laughing falcon),109,4,79,,InterPro:IPR035076
A0A7L0GFN9,Snake toxin/toxin-like domain-containing protein,Herpetotheres cachinnans (Laughing falcon),106,19,100,,InterPro:IPR035076
A0A7L0GFV5,UPAR/Ly6 domain-containing protein,Herpetotheres cachinnans (Laughing falcon),127,21,97,,InterPro:IPR035076
A0A7L0GG81,Snake toxin/toxin-like domain-containing protein,Herpetotheres cachinnans (Laughing falcon),104,4,75,,InterPro:IPR035076
A0A7L0HUD1,UPAR/Ly6 domain-containing protein,Arenaria interpres (Ruddy turnstone),109,4,79,,InterPro:IPR035076
A0A7L0HUH2,Snake toxin/toxin-like domain-containing protein,Arenaria interpres (Ruddy turnstone),69,6,39,,InterPro:IPR035076
A0A7L0HV82,UPAR/Ly6 domain-containing protein,Arenaria interpres (Ruddy turnstone),107,2,77,,InterPro:IPR035076
A0A7L0HVY2,UPAR/Ly6 domain-containing protein,Arenaria interpres (Ruddy turnstone),126,22,97,,InterPro:IPR035076
A0A7L0HWB2,UPAR/Ly6 domain-containing protein,Arenaria interpres (Ruddy turnstone),112,7,82,,InterPro:IPR035076
A0A7L0HWX4,UPAR/Ly6 domain-containing protein,Arenaria interpres (Ruddy turnstone),103,21,97,,InterPro:IPR035076
A0A7L0HWY7,UPAR/Ly6 domain-containing protein,Arenaria interpres (Ruddy turnstone),86,2,79,,InterPro:IPR035076
A0A7L0HXF2,Snake toxin/toxin-like domain-containing protein,Arenaria interpres (Ruddy turnstone),78,4,78,,InterPro:IPR035076
A0A7L0JDD8,UPAR/Ly6 domain-containing protein,Piprites chloris (Wing-barred manakin),105,4,76,,InterPro:IPR035076
A0A7L0JDE9,UPAR/Ly6 domain-containing protein,Piprites chloris (Wing-barred manakin),126,22,97,,InterPro:IPR035076
A0A7L0JDZ6,UPAR/Ly6 domain-containing protein,Piprites chloris (Wing-barred manakin),86,4,80,,InterPro:IPR035076
A0A7L0JES5,UPAR/Ly6 domain-containing protein,Piprites chloris (Wing-barred manakin),109,4,79,,InterPro:IPR035076
A0A7L0JFB0,Snake toxin/toxin-like domain-containing protein,Piprites chloris (Wing-barred manakin),86,2,79,,InterPro:IPR035076
A0A7L0JFF5,Snake toxin/toxin-like domain-containing protein,Piprites chloris (Wing-barred manakin),78,4,78,,InterPro:IPR035076
A0A7L0JG20,UPAR/Ly6 domain-containing protein,Piprites chloris (Wing-barred manakin),107,2,77,,InterPro:IPR035076
A0A7L0JGW8,UPAR/Ly6 domain-containing protein,Piprites chloris (Wing-barred manakin),109,5,80,,InterPro:IPR035076
A0A7L0K2G2,UPAR/Ly6 domain-containing protein,Chauna torquata (Southern screamer),112,7,82,,InterPro:IPR035076
A0A7L0K2J7,UPAR/Ly6 domain-containing protein,Chauna torquata (Southern screamer),126,21,96,,InterPro:IPR035076
A0A7L0K324,UPAR/Ly6 domain-containing protein,Chauna torquata (Southern screamer),107,2,77,,InterPro:IPR035076
A0A7L0K357,Snake toxin/toxin-like domain-containing protein,Chauna torquata (Southern screamer),78,4,78,,InterPro:IPR035076
A0A7L0K4Y0,UPAR/Ly6 domain-containing protein,Chauna torquata (Southern screamer),109,4,79,,InterPro:IPR035076
A0A7L0K5N7,UPAR/Ly6 domain-containing protein,Chauna torquata (Southern screamer),105,4,76,,InterPro:IPR035076
A0A7L0K5R9,UPAR/Ly6 domain-containing protein,Chauna torquata (Southern screamer),106,27,100,,InterPro:IPR035076
A0A7L0K6K1,UPAR/Ly6 domain-containing protein,Chauna torquata (Southern screamer),87,2,79,,InterPro:IPR035076
A0A7L0L086,Snake toxin/toxin-like domain-containing protein,Sylvietta virens (Green crombec),78,4,78,,InterPro:IPR035076
A0A7L0L096,UPAR/Ly6 domain-containing protein,Sylvietta virens (Green crombec),127,22,97,,InterPro:IPR035076
A0A7L0L0D2,UPAR/Ly6 domain-containing protein,Sylvietta virens (Green crombec),87,2,79,,InterPro:IPR035076
A0A7L0L0F2,UPAR/Ly6 domain-containing protein,Sylvietta virens (Green crombec),126,21,96,,InterPro:IPR035076
A0A7L0L169,UPAR/Ly6 domain-containing protein,Sylvietta virens (Green crombec),104,4,75,,InterPro:IPR035076
A0A7L0L1U5,UPAR/Ly6 domain-containing protein,Sylvietta virens (Green crombec),109,2,79,,InterPro:IPR035076
A0A7L0L401,UPAR/Ly6 domain-containing protein,Sylvietta virens (Green crombec),112,7,82,,InterPro:IPR035076
A0A7L0L538,Snake toxin/toxin-like domain-containing protein,Sylvietta virens (Green crombec),87,4,81,,InterPro:IPR035076
A0A7L0MJ94,Snake toxin/toxin-like domain-containing protein,Amazona guildingii,91,4,85,,InterPro:IPR035076
A0A7L0MJA4,Snake toxin/toxin-like domain-containing protein,Amazona guildingii,78,4,78,,InterPro:IPR035076
A0A7L0MJH7,UPAR/Ly6 domain-containing protein,Amazona guildingii,112,7,82,,InterPro:IPR035076
A0A7L0MJI4,Snake toxin/toxin-like domain-containing protein,Amazona guildingii,86,2,79,,InterPro:IPR035076
A0A7L0MJP5,UPAR/Ly6 domain-containing protein,Amazona guildingii,113,2,83,,InterPro:IPR035076
A0A7L0MJW7,UPAR/Ly6 domain-containing protein,Amazona guildingii,104,4,75,,InterPro:IPR035076
A0A7L0MJW8,UPAR/Ly6 domain-containing protein,Amazona guildingii,109,4,79,,InterPro:IPR035076
A0A7L0MKC2,UPAR/Ly6 domain-containing protein,Amazona guildingii,105,4,79,,InterPro:IPR035076
A0A7L0N865,UPAR/Ly6 domain-containing protein,Formicarius rufipectus,112,2,82,,InterPro:IPR035076
A0A7L0N872,UPAR/Ly6 domain-containing protein,Formicarius rufipectus,112,7,82,,InterPro:IPR035076
A0A7L0N880,UPAR/Ly6 domain-containing protein,Formicarius rufipectus,127,22,97,,InterPro:IPR035076
A0A7L0N8E2,UPAR/Ly6 domain-containing protein,Formicarius rufipectus,104,17,98,,InterPro:IPR035076
A0A7L0N8F1,Snake toxin/toxin-like domain-containing protein,Formicarius rufipectus,78,4,78,,InterPro:IPR035076
A0A7L0N9C1,UPAR/Ly6 domain-containing protein,Formicarius rufipectus,104,4,75,,InterPro:IPR035076
A0A7L0N9P3,UPAR/Ly6 domain-containing protein,Formicarius rufipectus,87,2,79,,InterPro:IPR035076
A0A7L0NAC9,UPAR/Ly6 domain-containing protein,Formicarius rufipectus,126,21,96,,InterPro:IPR035076
A0A7L0P4K1,Snake toxin/toxin-like domain-containing protein,Mesembrinibis cayennensis,87,2,79,,InterPro:IPR035076
A0A7L0P4N7,UPAR/Ly6 domain-containing protein,Mesembrinibis cayennensis,109,4,79,,InterPro:IPR035076
A0A7L0P4V4,UPAR/Ly6 domain-containing protein,Mesembrinibis cayennensis,109,2,79,,InterPro:IPR035076
A0A7L0P688,UPAR/Ly6 domain-containing protein,Mesembrinibis cayennensis,110,4,80,,InterPro:IPR035076
A0A7L0P7D7,UPAR/Ly6 domain-containing protein,Mesembrinibis cayennensis,112,7,82,,InterPro:IPR035076
A0A7L0P828,Snake toxin/toxin-like domain-containing protein,Mesembrinibis cayennensis,91,4,85,,InterPro:IPR035076
A0A7L0PIE3,Snake toxin/toxin-like domain-containing protein,Mesembrinibis cayennensis,78,4,78,,InterPro:IPR035076
A0A7L0PKV4,UPAR/Ly6 domain-containing protein,Mesembrinibis cayennensis,104,4,75,,InterPro:IPR035076
A0A7L0QWJ0,UPAR/Ly6 domain-containing protein,Setophaga kirtlandii (Kirtland's warbler),98,16,92,,InterPro:IPR035076
A0A7L0QX59,UPAR/Ly6 domain-containing protein,Setophaga kirtlandii (Kirtland's warbler),107,2,77,,InterPro:IPR035076
A0A7L0QZ91,UPAR/Ly6 domain-containing protein,Setophaga kirtlandii (Kirtland's warbler),104,4,75,,InterPro:IPR035076
A0A7L0QZ93,Snake toxin/toxin-like domain-containing protein,Setophaga kirtlandii (Kirtland's warbler),78,4,78,,InterPro:IPR035076
A0A7L0R1H6,UPAR/Ly6 domain-containing protein,Setophaga kirtlandii (Kirtland's warbler),87,2,79,,InterPro:IPR035076
A0A7L0R229,UPAR/Ly6 domain-containing protein,Setophaga kirtlandii (Kirtland's warbler),112,7,82,,InterPro:IPR035076
A0A7L0R2S2,UPAR/Ly6 domain-containing protein,Setophaga kirtlandii (Kirtland's warbler),126,21,96,,InterPro:IPR035076
A0A7L0RRJ1,UPAR/Ly6 domain-containing protein,Glaucidium brasilianum (Ferruginous pygmy-owl),104,4,75,,InterPro:IPR035076
A0A7L0RSE7,UPAR/Ly6 domain-containing protein,Glaucidium brasilianum (Ferruginous pygmy-owl),87,2,79,,InterPro:IPR035076
A0A7L0RSF7,UPAR/Ly6 domain-containing protein,Glaucidium brasilianum (Ferruginous pygmy-owl),125,20,95,,InterPro:IPR035076
A0A7L0RT43,UPAR/Ly6 domain-containing protein,Glaucidium brasilianum (Ferruginous pygmy-owl),107,5,77,,InterPro:IPR035076
A0A7L0RT81,UPAR/Ly6 domain-containing protein,Glaucidium brasilianum (Ferruginous pygmy-owl),109,2,79,,InterPro:IPR035076
A0A7L0RT87,Snake toxin/toxin-like domain-containing protein,Glaucidium brasilianum (Ferruginous pygmy-owl),78,4,78,,InterPro:IPR035076
A0A7L0RVM6,Snake toxin/toxin-like domain-containing protein,Glaucidium brasilianum (Ferruginous pygmy-owl),106,19,100,,InterPro:IPR035076
A0A7L0RVU1,UPAR/Ly6 domain-containing protein,Glaucidium brasilianum (Ferruginous pygmy-owl),112,7,82,,InterPro:IPR035076
A0A7L0TCZ3,UPAR/Ly6 domain-containing protein,Podilymbus podiceps (Pied-billed grebe),109,4,79,,InterPro:IPR035076
A0A7L0TE04,UPAR/Ly6 domain-containing protein,Podilymbus podiceps (Pied-billed grebe),104,4,75,,InterPro:IPR035076
A0A7L0TE15,UPAR/Ly6 domain-containing protein,Podilymbus podiceps (Pied-billed grebe),127,21,97,,InterPro:IPR035076
A0A7L0TET6,Snake toxin/toxin-like domain-containing protein,Podilymbus podiceps (Pied-billed grebe),78,4,78,,InterPro:IPR035076
A0A7L0TFN2,UPAR/Ly6 domain-containing protein,Podilymbus podiceps (Pied-billed grebe),87,2,79,,InterPro:IPR035076
A0A7L0TG07,UPAR/Ly6 domain-containing protein,Podilymbus podiceps (Pied-billed grebe),109,2,79,,InterPro:IPR035076
A0A7L0TGT5,Snake toxin/toxin-like domain-containing protein,Podilymbus podiceps (Pied-billed grebe),106,19,100,,InterPro:IPR035076
A0A7L0TIH6,UPAR/Ly6 domain-containing protein,Podilymbus podiceps (Pied-billed grebe),112,7,82,,InterPro:IPR035076
A0A7L0U9X9,UPAR/Ly6 domain-containing protein,Chordeiles acutipennis (Lesser nighthawk),98,19,92,,InterPro:IPR035076
A0A7L0UA01,UPAR/Ly6 domain-containing protein,Chordeiles acutipennis (Lesser nighthawk),127,21,97,,InterPro:IPR035076
A0A7L0UA12,UPAR/Ly6 domain-containing protein,Chordeiles acutipennis (Lesser nighthawk),112,7,82,,InterPro:IPR035076
A0A7L0UAU3,UPAR/Ly6 domain-containing protein,Chordeiles acutipennis (Lesser nighthawk),104,2,74,,InterPro:IPR035076
A0A7L0UB59,Snake toxin/toxin-like domain-containing protein,Chordeiles acutipennis (Lesser nighthawk),78,4,78,,InterPro:IPR035076
A0A7L0UC81,UPAR/Ly6 domain-containing protein,Chordeiles acutipennis (Lesser nighthawk),126,21,96,,InterPro:IPR035076
A0A7L0UCN1,UPAR/Ly6 domain-containing protein,Chordeiles acutipennis (Lesser nighthawk),104,4,75,,InterPro:IPR035076
A0A7L0UDQ9,UPAR/Ly6 domain-containing protein,Chordeiles acutipennis (Lesser nighthawk),87,2,79,,InterPro:IPR035076
A0A7L0VGC9,UPAR/Ly6 domain-containing protein,Leptocoma aspasia,87,4,81,,InterPro:IPR035076
A0A7L0VGD0,UPAR/Ly6 domain-containing protein,Leptocoma aspasia,109,2,79,,InterPro:IPR035076
A0A7L0VGE4,Snake toxin/toxin-like domain-containing protein,Leptocoma aspasia,78,4,78,,InterPro:IPR035076
A0A7L0VGF2,UPAR/Ly6 domain-containing protein,Leptocoma aspasia,106,5,76,,InterPro:IPR035076
A0A7L0VGQ3,UPAR/Ly6 domain-containing protein,Leptocoma aspasia,104,4,75,,InterPro:IPR035076
A0A7L0VGV6,UPAR/Ly6 domain-containing protein,Leptocoma aspasia,112,7,82,,InterPro:IPR035076
A0A7L0VGW8,UPAR/Ly6 domain-containing protein,Leptocoma aspasia,126,21,96,,InterPro:IPR035076
A0A7L0VGY1,Snake toxin/toxin-like domain-containing protein,Leptocoma aspasia,87,2,79,,InterPro:IPR035076
A0A7L0WL98,Snake toxin/toxin-like domain-containing protein,Alectura lathami (Australian brush turkey),78,4,78,,InterPro:IPR035076
A0A7L0WLA5,UPAR/Ly6 domain-containing protein,Alectura lathami (Australian brush turkey),104,22,98,,InterPro:IPR035076
A0A7L0WLF4,UPAR/Ly6 domain-containing protein,Alectura lathami (Australian brush turkey),108,4,79,,InterPro:IPR035076
A0A7L0WLK1,UPAR/Ly6 domain-containing protein,Alectura lathami (Australian brush turkey),109,4,79,,InterPro:IPR035076
A0A7L0WMM7,UPAR/Ly6 domain-containing protein,Alectura lathami (Australian brush turkey),86,2,79,,InterPro:IPR035076
A0A7L0WMP0,UPAR/Ly6 domain-containing protein,Alectura lathami (Australian brush turkey),107,2,77,,InterPro:IPR035076
A0A7L0WMV9,UPAR/Ly6 domain-containing protein,Alectura lathami (Australian brush turkey),112,7,82,,InterPro:IPR035076
A0A7L0XP53,UPAR/Ly6 domain-containing protein,Tyrannus savana (Fork-tailed flycatcher),110,4,81,,InterPro:IPR035076
A0A7L0XUM0,UPAR/Ly6 domain-containing protein,Tyrannus savana (Fork-tailed flycatcher),119,14,89,,InterPro:IPR035076
A0A7L0XUN5,UPAR/Ly6 domain-containing protein,Tyrannus savana (Fork-tailed flycatcher),87,4,81,,InterPro:IPR035076
A0A7L0XUQ1,UPAR/Ly6 domain-containing protein,Tyrannus savana (Fork-tailed flycatcher),107,2,77,,InterPro:IPR035076
A0A7L0XXC7,Snake toxin/toxin-like domain-containing protein,Tyrannus savana (Fork-tailed flycatcher),78,4,78,,InterPro:IPR035076
A0A7L0XXD0,UPAR/Ly6 domain-containing protein,Tyrannus savana (Fork-tailed flycatcher),112,7,82,,InterPro:IPR035076
A0A7L0XY21,UPAR/Ly6 domain-containing protein,Tyrannus savana (Fork-tailed flycatcher),109,4,79,,InterPro:IPR035076
A0A7L0Y0A2,Snake toxin/toxin-like domain-containing protein,Tyrannus savana (Fork-tailed flycatcher),69,6,39,,InterPro:IPR035076
A0A7L0Y0W5,UPAR/Ly6 domain-containing protein,Tyrannus savana (Fork-tailed flycatcher),87,2,79,,InterPro:IPR035076
A0A7L0Z1G9,UPAR/Ly6 domain-containing protein,Ploceus nigricollis,104,4,75,,InterPro:IPR035076
A0A7L0Z1L1,UPAR/Ly6 domain-containing protein,Ploceus nigricollis,112,7,82,,InterPro:IPR035076
A0A7L0Z1M4,Snake toxin/toxin-like domain-containing protein,Ploceus nigricollis,78,4,78,,InterPro:IPR035076
A0A7L0Z1Z8,UPAR/Ly6 domain-containing protein,Ploceus nigricollis,107,2,77,,InterPro:IPR035076
A0A7L0Z3Z2,UPAR/Ly6 domain-containing protein,Ploceus nigricollis,87,4,81,,InterPro:IPR035076
A0A7L0Z4K5,UPAR/Ly6 domain-containing protein,Ploceus nigricollis,109,4,79,,InterPro:IPR035076
A0A7L0Z6F2,UPAR/Ly6 domain-containing protein,Ploceus nigricollis,87,2,79,,InterPro:IPR035076
A0A7L0Z7X3,UPAR/Ly6 domain-containing protein,Ploceus nigricollis,109,5,80,,InterPro:IPR035076
A0A7L0ZHF2,Snake toxin/toxin-like domain-containing protein,Oxyruncus cristatus (sharpbill),91,4,85,,InterPro:IPR035076
A0A7L0ZHF3,Snake toxin/toxin-like domain-containing protein,Oxyruncus cristatus (sharpbill),86,2,79,,InterPro:IPR035076
A0A7L0ZI58,UPAR/Ly6 domain-containing protein,Oxyruncus cristatus (sharpbill),126,22,97,,InterPro:IPR035076
A0A7L0ZJ60,UPAR/Ly6 domain-containing protein,Oxyruncus cristatus (sharpbill),105,4,76,,InterPro:IPR035076
A0A7L0ZKA8,UPAR/Ly6 domain-containing protein,Oxyruncus cristatus (sharpbill),112,7,82,,InterPro:IPR035076
A0A7L0ZMN6,UPAR/Ly6 domain-containing protein,Oxyruncus cristatus (sharpbill),109,4,79,,InterPro:IPR035076
A0A7L0ZPR6,Snake toxin/toxin-like domain-containing protein,Oxyruncus cristatus (sharpbill),78,4,78,,InterPro:IPR035076
A0A7L0ZQM7,UPAR/Ly6 domain-containing protein,Oxyruncus cristatus (sharpbill),107,2,77,,InterPro:IPR035076
A0A7L1B657,UPAR/Ly6 domain-containing protein,Gymnorhina tibicen (Australian magpie),109,4,80,,InterPro:IPR035076
A0A7L1B6I7,UPAR/Ly6 domain-containing protein,Gymnorhina tibicen (Australian magpie),107,2,77,,InterPro:IPR035076
A0A7L1B794,Snake toxin/toxin-like domain-containing protein,Gymnorhina tibicen (Australian magpie),78,4,78,,InterPro:IPR035076
A0A7L1B7H2,UPAR/Ly6 domain-containing protein,Gymnorhina tibicen (Australian magpie),104,21,98,,InterPro:IPR035076
A0A7L1B7Z7,UPAR/Ly6 domain-containing protein,Gymnorhina tibicen (Australian magpie),104,4,75,,InterPro:IPR035076
A0A7L1BD80,UPAR/Ly6 domain-containing protein,Gymnorhina tibicen (Australian magpie),109,4,79,,InterPro:IPR035076
A0A7L1BDQ6,Snake toxin/toxin-like domain-containing protein,Gymnorhina tibicen (Australian magpie),86,2,79,,InterPro:IPR035076
A0A7L1BHF1,UPAR/Ly6 domain-containing protein,Gymnorhina tibicen (Australian magpie),112,7,82,,InterPro:IPR035076
A0A7L1BQL3,UPAR/Ly6 domain-containing protein,Illadopsis cleaveri (blackcap illadopsis),86,2,79,,InterPro:IPR035076
A0A7L1BSG5,Snake toxin/toxin-like domain-containing protein,Illadopsis cleaveri (blackcap illadopsis),78,4,78,,InterPro:IPR035076
A0A7L1BTY3,UPAR/Ly6 domain-containing protein,Illadopsis cleaveri (blackcap illadopsis),87,4,81,,InterPro:IPR035076
A0A7L1BXT2,UPAR/Ly6 domain-containing protein,Illadopsis cleaveri (blackcap illadopsis),104,4,75,,InterPro:IPR035076
A0A7L1CCW4,UPAR/Ly6 domain-containing protein,Illadopsis cleaveri (blackcap illadopsis),125,21,96,,InterPro:IPR035076
A0A7L1CEB6,UPAR/Ly6 domain-containing protein,Illadopsis cleaveri (blackcap illadopsis),109,4,79,,InterPro:IPR035076
A0A7L1CME7,UPAR/Ly6 domain-containing protein,Serilophus lunatus (silver-breasted broadbill),104,4,75,,InterPro:IPR035076
A0A7L1CRU6,UPAR/Ly6 domain-containing protein,Illadopsis cleaveri (blackcap illadopsis),109,4,80,,InterPro:IPR035076
A0A7L1DHD5,Snake toxin/toxin-like domain-containing protein,Serilophus lunatus (silver-breasted broadbill),86,2,79,,InterPro:IPR035076
A0A7L1DHG3,UPAR/Ly6 domain-containing protein,Serilophus lunatus (silver-breasted broadbill),126,22,97,,InterPro:IPR035076
A0A7L1DHM5,UPAR/Ly6 domain-containing protein,Serilophus lunatus (silver-breasted broadbill),109,4,79,,InterPro:IPR035076
A0A7L1DHY6,UPAR/Ly6 domain-containing protein,Serilophus lunatus (silver-breasted broadbill),85,3,79,,InterPro:IPR035076
A0A7L1DIE0,UPAR/Ly6 domain-containing protein,Serilophus lunatus (silver-breasted broadbill),109,2,79,,InterPro:IPR035076
A0A7L1DIU7,UPAR/Ly6 domain-containing protein,Serilophus lunatus (silver-breasted broadbill),112,7,82,,InterPro:IPR035076
A0A7L1EBA4,UPAR/Ly6 domain-containing protein,Oenanthe oenanthe (Northern wheatear),112,7,82,,InterPro:IPR035076
A0A7L1EBB3,UPAR/Ly6 domain-containing protein,Oenanthe oenanthe (Northern wheatear),126,21,96,,InterPro:IPR035076
A0A7L1EBN8,UPAR/Ly6 domain-containing protein,Oenanthe oenanthe (Northern wheatear),87,2,79,,InterPro:IPR035076
A0A7L1EBU5,UPAR/Ly6 domain-containing protein,Oenanthe oenanthe (Northern wheatear),86,4,80,,InterPro:IPR035076
A0A7L1ECD0,UPAR/Ly6 domain-containing protein,Oenanthe oenanthe (Northern wheatear),109,2,79,,InterPro:IPR035076
A0A7L1EDM2,UPAR/Ly6 domain-containing protein,Oenanthe oenanthe (Northern wheatear),110,5,80,,InterPro:IPR035076
A0A7L1ETD9,UPAR/Ly6 domain-containing protein,Oenanthe oenanthe (Northern wheatear),104,4,75,,InterPro:IPR035076
A0A7L1EVV1,Snake toxin/toxin-like domain-containing protein,Oenanthe oenanthe (Northern wheatear),78,4,78,,InterPro:IPR035076
A0A7L1EZZ7,UPAR/Ly6 domain-containing protein,Sylvia borin (Garden warbler),107,2,77,,InterPro:IPR035076
A0A7L1F004,Snake toxin/toxin-like domain-containing protein,Sylvia borin (Garden warbler),86,2,79,,InterPro:IPR035076
A0A7L1F008,UPAR/Ly6 domain-containing protein,Sylvia borin (Garden warbler),109,5,80,,InterPro:IPR035076
A0A7L1F023,UPAR/Ly6 domain-containing protein,Sylvia borin (Garden warbler),109,4,79,,InterPro:IPR035076
A0A7L1F1M0,ShKT domain-containing protein,Sylvia borin (Garden warbler),87,4,81,,InterPro:IPR035076
A0A7L1F229,UPAR/Ly6 domain-containing protein,Sylvia borin (Garden warbler),104,4,75,,InterPro:IPR035076
A0A7L1F2C2,Snake toxin/toxin-like domain-containing protein,Sylvia borin (Garden warbler),78,4,78,,InterPro:IPR035076
A0A7L1F2D2,UPAR/Ly6 domain-containing protein,Sylvia borin (Garden warbler),112,7,82,,InterPro:IPR035076
A0A7L1GG98,UPAR/Ly6 domain-containing protein,Indicator maculatus (spotted honeyguide),104,4,75,,InterPro:IPR035076
A0A7L1GHI8,Snake toxin/toxin-like domain-containing protein,Indicator maculatus (spotted honeyguide),78,4,78,,InterPro:IPR035076
A0A7L1GRC8,UPAR/Ly6 domain-containing protein,Indicator maculatus (spotted honeyguide),124,19,94,,InterPro:IPR035076
A0A7L1GS34,UPAR/Ly6 domain-containing protein,Indicator maculatus (spotted honeyguide),109,2,79,,InterPro:IPR035076
A0A7L1GS51,Snake toxin/toxin-like domain-containing protein,Indicator maculatus (spotted honeyguide),89,2,79,,InterPro:IPR035076
A0A7L1GSP5,UPAR/Ly6 domain-containing protein,Indicator maculatus (spotted honeyguide),112,7,82,,InterPro:IPR035076
A0A7L1GTH6,Snake toxin/toxin-like domain-containing protein,Indicator maculatus (spotted honeyguide),100,21,94,,InterPro:IPR035076
A0A7L1GTZ7,UPAR/Ly6 domain-containing protein,Indicator maculatus (spotted honeyguide),127,21,97,,InterPro:IPR035076
A0A7L1HIH6,UPAR/Ly6 domain-containing protein,Nycticryphes semicollaris,109,2,79,,InterPro:IPR035076
A0A7L1HIX0,UPAR/Ly6 domain-containing protein,Nycticryphes semicollaris,109,4,79,,InterPro:IPR035076
A0A7L1HJ11,Snake toxin/toxin-like domain-containing protein,Nycticryphes semicollaris,90,4,84,,InterPro:IPR035076
A0A7L1HJN9,UPAR/Ly6 domain-containing protein,Nycticryphes semicollaris,112,7,82,,InterPro:IPR035076
A0A7L1HZD1,UPAR/Ly6 domain-containing protein,Nycticryphes semicollaris,127,21,97,,InterPro:IPR035076
A0A7L1HZF4,Snake toxin/toxin-like domain-containing protein,Nycticryphes semicollaris,78,4,78,,InterPro:IPR035076
A0A7L1HZJ1,UPAR/Ly6 domain-containing protein,Nycticryphes semicollaris,104,4,75,,InterPro:IPR035076
A0A7L1I2K2,UPAR/Ly6 domain-containing protein,Nycticryphes semicollaris,87,2,79,,InterPro:IPR035076
A0A7L1JBR7,Snake toxin/toxin-like domain-containing protein,Smutsornis africanus (Double-banded courser),78,4,78,,InterPro:IPR035076
A0A7L1JBR8,UPAR/Ly6 domain-containing protein,Smutsornis africanus (Double-banded courser),112,7,82,,InterPro:IPR035076
A0A7L1JC81,Snake toxin/toxin-like domain-containing protein,Smutsornis africanus (Double-banded courser),86,2,79,,InterPro:IPR035076
A0A7L1JCA2,UPAR/Ly6 domain-containing protein,Smutsornis africanus (Double-banded courser),107,2,77,,InterPro:IPR035076
A0A7L1JCY6,UPAR/Ly6 domain-containing protein,Smutsornis africanus (Double-banded courser),126,22,97,,InterPro:IPR035076
A0A7L1JEB2,UPAR/Ly6 domain-containing protein,Smutsornis africanus (Double-banded courser),103,21,97,,InterPro:IPR035076
A0A7L1JEM7,UPAR/Ly6 domain-containing protein,Smutsornis africanus (Double-banded courser),109,4,79,,InterPro:IPR035076
A0A7L1JF00,UPAR/Ly6 domain-containing protein,Rynchops niger (Black skimmer),108,4,79,,InterPro:IPR035076
A0A7L1JFF1,UPAR/Ly6 domain-containing protein,Smutsornis africanus (Double-banded courser),104,4,75,,InterPro:IPR035076
A0A7L1JGH9,UPAR/Ly6 domain-containing protein,Rynchops niger (Black skimmer),109,4,79,,InterPro:IPR035076
A0A7L1JHR8,Snake toxin/toxin-like domain-containing protein,Rynchops niger (Black skimmer),86,2,79,,InterPro:IPR035076
A0A7L1JPQ8,UPAR/Ly6 domain-containing protein,Rynchops niger (Black skimmer),107,2,77,,InterPro:IPR035076
A0A7L1JQA6,UPAR/Ly6 domain-containing protein,Rynchops niger (Black skimmer),103,21,97,,InterPro:IPR035076
A0A7L1JQF7,UPAR/Ly6 domain-containing protein,Rynchops niger (Black skimmer),112,7,82,,InterPro:IPR035076
A0A7L1JWV3,UPAR/Ly6 domain-containing protein,Rynchops niger (Black skimmer),104,4,75,,InterPro:IPR035076
A0A7L1JY30,Snake toxin/toxin-like domain-containing protein,Rynchops niger (Black skimmer),78,4,78,,InterPro:IPR035076
A0A7L1LBM5,UPAR/Ly6 domain-containing protein,Himantopus himantopus (Black-winged stilt),112,7,82,,InterPro:IPR035076
A0A7L1LBN2,UPAR/Ly6 domain-containing protein,Himantopus himantopus (Black-winged stilt),109,2,79,,InterPro:IPR035076
A0A7L1LBN3,UPAR/Ly6 domain-containing protein,Himantopus himantopus (Black-winged stilt),109,4,79,,InterPro:IPR035076
A0A7L1LBN6,UPAR/Ly6 domain-containing protein,Himantopus himantopus (Black-winged stilt),105,20,99,,InterPro:IPR035076
A0A7L1LBP1,Snake toxin/toxin-like domain-containing protein,Himantopus himantopus (Black-winged stilt),78,4,78,,InterPro:IPR035076
A0A7L1LBQ6,UPAR/Ly6 domain-containing protein,Himantopus himantopus (Black-winged stilt),104,4,75,,InterPro:IPR035076
A0A7L1LBX3,UPAR/Ly6 domain-containing protein,Himantopus himantopus (Black-winged stilt),119,14,89,,InterPro:IPR035076
A0A7L1LBY6,UPAR/Ly6 domain-containing protein,Himantopus himantopus (Black-winged stilt),87,2,79,,InterPro:IPR035076
A0A7L1M981,UPAR/Ly6 domain-containing protein,Bombycilla garrulus (Bohemian waxwing),107,5,80,,InterPro:IPR035076
A0A7L1M995,UPAR/Ly6 domain-containing protein,Bombycilla garrulus (Bohemian waxwing),112,7,82,,InterPro:IPR035076
A0A7L1M9A5,UPAR/Ly6 domain-containing protein,Bombycilla garrulus (Bohemian waxwing),107,2,77,,InterPro:IPR035076
A0A7L1M9C9,UPAR/Ly6 domain-containing protein,Bombycilla garrulus (Bohemian waxwing),86,4,80,,InterPro:IPR035076
A0A7L1M9V7,UPAR/Ly6 domain-containing protein,Bombycilla garrulus (Bohemian waxwing),105,4,76,,InterPro:IPR035076
A0A7L1M9Z0,UPAR/Ly6 domain-containing protein,Bombycilla garrulus (Bohemian waxwing),109,4,79,,InterPro:IPR035076
A0A7L1MB83,UPAR/Ly6 domain-containing protein,Bombycilla garrulus (Bohemian waxwing),86,2,79,,InterPro:IPR035076
A0A7L1MC61,Snake toxin/toxin-like domain-containing protein,Bombycilla garrulus (Bohemian waxwing),78,4,78,,InterPro:IPR035076
A0A7L1MXG1,UPAR/Ly6 domain-containing protein,Rhinopomastus cyanomelas (Common scimitarbill),109,2,79,,InterPro:IPR035076
A0A7L1MXM6,Snake toxin/toxin-like domain-containing protein,Rhinopomastus cyanomelas (Common scimitarbill),86,2,79,,InterPro:IPR035076
A0A7L1MY93,UPAR/Ly6 domain-containing protein,Rhinopomastus cyanomelas (Common scimitarbill),109,5,80,,InterPro:IPR035076
A0A7L1MYL5,UPAR/Ly6 domain-containing protein,Rhinopomastus cyanomelas (Common scimitarbill),109,4,79,,InterPro:IPR035076
A0A7L1MYM5,UPAR/Ly6 domain-containing protein,Rhinopomastus cyanomelas (Common scimitarbill),104,4,75,,InterPro:IPR035076
A0A7L1MYN7,UPAR/Ly6 domain-containing protein,Rhinopomastus cyanomelas (Common scimitarbill),103,21,97,,InterPro:IPR035076
A0A7L1MZ91,UPAR/Ly6 domain-containing protein,Rhinopomastus cyanomelas (Common scimitarbill),112,7,82,,InterPro:IPR035076
A0A7L1N0C1,Snake toxin/toxin-like domain-containing protein,Rhinopomastus cyanomelas (Common scimitarbill),78,4,78,,InterPro:IPR035076
A0A7L1PLD9,UPAR/Ly6 domain-containing protein,Oriolus oriolus (Eurasian golden oriole),87,4,81,,InterPro:IPR035076
A0A7L1PLF5,UPAR/Ly6 domain-containing protein,Oriolus oriolus (Eurasian golden oriole),112,7,82,,InterPro:IPR035076
A0A7L1PLZ8,UPAR/Ly6 domain-containing protein,Oriolus oriolus (Eurasian golden oriole),107,2,77,,InterPro:IPR035076
A0A7L1PPC9,UPAR/Ly6 domain-containing protein,Oriolus oriolus (Eurasian golden oriole),109,5,80,,InterPro:IPR035076
A0A7L1Q349,Snake toxin/toxin-like domain-containing protein,Oriolus oriolus (Eurasian golden oriole),78,4,78,,InterPro:IPR035076
A0A7L1Q4M9,UPAR/Ly6 domain-containing protein,Cisticola juncidis,109,4,79,,InterPro:IPR035076
A0A7L1Q4N3,UPAR/Ly6 domain-containing protein,Cisticola juncidis,109,5,80,,InterPro:IPR035076
A0A7L1Q508,UPAR/Ly6 domain-containing protein,Cisticola juncidis,112,7,82,,InterPro:IPR035076
A0A7L1Q5T1,Snake toxin/toxin-like domain-containing protein,Oriolus oriolus (Eurasian golden oriole),86,2,79,,InterPro:IPR035076
A0A7L1Q6M3,UPAR/Ly6 domain-containing protein,Oriolus oriolus (Eurasian golden oriole),72,4,72,,InterPro:IPR035076
A0A7L1Q6R4,UPAR/Ly6 domain-containing protein,Cisticola juncidis,107,2,77,,InterPro:IPR035076
A0A7L1Q771,UPAR/Ly6 domain-containing protein,Cisticola juncidis,94,4,88,,InterPro:IPR035076
A0A7L1Q7D6,UPAR/Ly6 domain-containing protein,Oriolus oriolus (Eurasian golden oriole),104,4,75,,InterPro:IPR035076
A0A7L1Q8X4,UPAR/Ly6 domain-containing protein,Cisticola juncidis,87,2,79,,InterPro:IPR035076
A0A7L1QWP3,Snake toxin/toxin-like domain-containing protein,Cisticola juncidis,78,4,78,,InterPro:IPR035076
A0A7L1QWQ4,UPAR/Ly6 domain-containing protein,Cisticola juncidis,104,4,75,,InterPro:IPR035076
A0A7L1S777,UPAR/Ly6 domain-containing protein,Helopsaltes ochotensis (Middendorff's grasshopper-warbler),112,7,82,,InterPro:IPR035076
A0A7L1S782,UPAR/Ly6 domain-containing protein,Helopsaltes ochotensis (Middendorff's grasshopper-warbler),109,4,79,,InterPro:IPR035076
A0A7L1S8Z8,Snake toxin/toxin-like domain-containing protein,Helopsaltes ochotensis (Middendorff's grasshopper-warbler),78,14,48,,InterPro:IPR035076
A0A7L1S9T2,UPAR/Ly6 domain-containing protein,Helopsaltes ochotensis (Middendorff's grasshopper-warbler),86,4,80,,InterPro:IPR035076
A0A7L1SDH6,Snake toxin/toxin-like domain-containing protein,Helopsaltes ochotensis (Middendorff's grasshopper-warbler),84,2,79,,InterPro:IPR035076
A0A7L1SFG5,UPAR/Ly6 domain-containing protein,Helopsaltes ochotensis (Middendorff's grasshopper-warbler),107,2,77,,InterPro:IPR035076
A0A7L1SZC1,UPAR/Ly6 domain-containing protein,Aramus guarauna (Limpkin),107,2,77,,InterPro:IPR035076
A0A7L1SZD2,Snake toxin/toxin-like domain-containing protein,Aramus guarauna (Limpkin),91,4,85,,InterPro:IPR035076
A0A7L1SZI1,Snake toxin/toxin-like domain-containing protein,Aramus guarauna (Limpkin),78,4,78,,InterPro:IPR035076
A0A7L1T018,UPAR/Ly6 domain-containing protein,Aramus guarauna (Limpkin),86,2,79,,InterPro:IPR035076
A0A7L1T026,UPAR/Ly6 domain-containing protein,Aramus guarauna (Limpkin),112,7,82,,InterPro:IPR035076
A0A7L1T0M9,UPAR/Ly6 domain-containing protein,Aramus guarauna (Limpkin),104,4,75,,InterPro:IPR035076
A0A7L1T513,UPAR/Ly6 domain-containing protein,Aramus guarauna (Limpkin),126,22,97,,InterPro:IPR035076
A0A7L1T8G3,UPAR/Ly6 domain-containing protein,Aramus guarauna (Limpkin),109,4,79,,InterPro:IPR035076
A0A7L1TPS2,UPAR/Ly6 domain-containing protein,Phainopepla nitens (Phainopepla),87,2,79,,InterPro:IPR035076
A0A7L1TPU1,UPAR/Ly6 domain-containing protein,Phainopepla nitens (Phainopepla),104,2,74,,InterPro:IPR035076
A0A7L1TPU6,UPAR/Ly6 domain-containing protein,Phainopepla nitens (Phainopepla),126,21,96,,InterPro:IPR035076
A0A7L1TQ06,UPAR/Ly6 domain-containing protein,Phainopepla nitens (Phainopepla),105,4,76,,InterPro:IPR035076
A0A7L1TRY5,UPAR/Ly6 domain-containing protein,Phainopepla nitens (Phainopepla),87,4,81,,InterPro:IPR035076
A0A7L1TS52,UPAR/Ly6 domain-containing protein,Phainopepla nitens (Phainopepla),110,5,80,,InterPro:IPR035076
A0A7L1TSD7,Snake toxin/toxin-like domain-containing protein,Phainopepla nitens (Phainopepla),78,4,78,,InterPro:IPR035076
A0A7L1TU58,UPAR/Ly6 domain-containing protein,Phainopepla nitens (Phainopepla),112,7,82,,InterPro:IPR035076
A0A7L1VH74,UPAR/Ly6 domain-containing protein,Sitta europaea (Eurasian nuthatch),107,2,77,,InterPro:IPR035076
A0A7L1VH94,UPAR/Ly6 domain-containing protein,Sitta europaea (Eurasian nuthatch),87,4,81,,InterPro:IPR035076
A0A7L1VHA2,UPAR/Ly6 domain-containing protein,Sitta europaea (Eurasian nuthatch),104,4,75,,InterPro:IPR035076
A0A7L1VHD0,Snake toxin/toxin-like domain-containing protein,Sitta europaea (Eurasian nuthatch),78,4,78,,InterPro:IPR035076
A0A7L1VHF0,UPAR/Ly6 domain-containing protein,Sitta europaea (Eurasian nuthatch),87,2,79,,InterPro:IPR035076
A0A7L1VHG0,UPAR/Ly6 domain-containing protein,Sitta europaea (Eurasian nuthatch),109,4,79,,InterPro:IPR035076
A0A7L1VHZ9,UPAR/Ly6 domain-containing protein,Sitta europaea (Eurasian nuthatch),110,7,80,,InterPro:IPR035076
A0A7L1VIW8,UPAR/Ly6 domain-containing protein,Sitta europaea (Eurasian nuthatch),109,5,80,,InterPro:IPR035076
A0A7L1WIQ2,UPAR/Ly6 domain-containing protein,Certhia brachydactyla (short-toed tree-creeper),126,22,97,,InterPro:IPR035076
A0A7L1WIQ4,Snake toxin/toxin-like domain-containing protein,Certhia brachydactyla (short-toed tree-creeper),78,4,78,,InterPro:IPR035076
A0A7L1WIS2,UPAR/Ly6 domain-containing protein,Certhia brachydactyla (short-toed tree-creeper),112,7,82,,InterPro:IPR035076
A0A7L1WJA6,UPAR/Ly6 domain-containing protein,Certhia brachydactyla (short-toed tree-creeper),87,2,79,,InterPro:IPR035076
A0A7L1WKE7,UPAR/Ly6 domain-containing protein,Certhia brachydactyla (short-toed tree-creeper),107,2,77,,InterPro:IPR035076
A0A7L1WKR3,UPAR/Ly6 domain-containing protein,Certhia brachydactyla (short-toed tree-creeper),87,4,81,,InterPro:IPR035076
A0A7L1WLF4,UPAR/Ly6 domain-containing protein,Certhia brachydactyla (short-toed tree-creeper),109,4,79,,InterPro:IPR035076
A0A7L1WM31,UPAR/Ly6 domain-containing protein,Certhia brachydactyla (short-toed tree-creeper),106,5,76,,InterPro:IPR035076
A0A7L1XVJ0,UPAR/Ly6 domain-containing protein,Thinocorus orbignyianus,104,4,75,,InterPro:IPR035076
A0A7L1XVV3,Snake toxin/toxin-like domain-containing protein,Thinocorus orbignyianus,86,2,79,,InterPro:IPR035076
A0A7L1XW02,Snake toxin/toxin-like domain-containing protein,Thinocorus orbignyianus,78,4,78,,InterPro:IPR035076
A0A7L1XX91,UPAR/Ly6 domain-containing protein,Thinocorus orbignyianus,103,21,97,,InterPro:IPR035076
A0A7L1XYD6,UPAR/Ly6 domain-containing protein,Thinocorus orbignyianus,126,21,96,,InterPro:IPR035076
A0A7L1XZB0,UPAR/Ly6 domain-containing protein,Thinocorus orbignyianus,109,4,79,,InterPro:IPR035076
A0A7L1XZC1,UPAR/Ly6 domain-containing protein,Thinocorus orbignyianus,112,7,82,,InterPro:IPR035076
A0A7L1Y044,UPAR/Ly6 domain-containing protein,Thinocorus orbignyianus,109,2,79,,InterPro:IPR035076
A0A7L1YEZ6,UPAR/Ly6 domain-containing protein,Scytalopus superciliaris,104,4,75,,InterPro:IPR035076
A0A7L1YRN7,UPAR/Ly6 domain-containing protein,Scytalopus superciliaris,109,4,79,,InterPro:IPR035076
A0A7L1YRN9,Snake toxin/toxin-like domain-containing protein,Scytalopus superciliaris,78,4,78,,InterPro:IPR035076
A0A7L1YRP4,UPAR/Ly6 domain-containing protein,Scytalopus superciliaris,112,7,82,,InterPro:IPR035076
A0A7L1YUY0,UPAR/Ly6 domain-containing protein,Scytalopus superciliaris,87,4,81,,InterPro:IPR035076
A0A7L1YW31,Snake toxin/toxin-like domain-containing protein,Scytalopus superciliaris,87,2,79,,InterPro:IPR035076
A0A7L1YWK3,Snake toxin/toxin-like domain-containing protein,Scytalopus superciliaris,100,1,71,,InterPro:IPR035076
A0A7L1YWL8,UPAR/Ly6 domain-containing protein,Scytalopus superciliaris,123,2,93,,InterPro:IPR035076
A0A7L1ZEG5,UPAR/Ly6 domain-containing protein,Leiothrix lutea (Red-billed leiothrix),109,5,80,,InterPro:IPR035076
A0A7L1ZEZ5,Snake toxin/toxin-like domain-containing protein,Leiothrix lutea (Red-billed leiothrix),76,4,76,,InterPro:IPR035076
A0A7L1ZHP2,UPAR/Ly6 domain-containing protein,Leiothrix lutea (Red-billed leiothrix),104,4,75,,InterPro:IPR035076
A0A7L1ZIP2,UPAR/Ly6 domain-containing protein,Leiothrix lutea (Red-billed leiothrix),107,2,77,,InterPro:IPR035076
A0A7L2AUK1,UPAR/Ly6 domain-containing protein,Heliornis fulica (sungrebe),86,2,79,,InterPro:IPR035076
A0A7L2AUK4,UPAR/Ly6 domain-containing protein,Heliornis fulica (sungrebe),109,5,80,,InterPro:IPR035076
A0A7L2AUL7,UPAR/Ly6 domain-containing protein,Heliornis fulica (sungrebe),111,6,81,,InterPro:IPR035076
A0A7L2AUM1,UPAR/Ly6 domain-containing protein,Heliornis fulica (sungrebe),103,21,97,,InterPro:IPR035076
A0A7L2AUV0,UPAR/Ly6 domain-containing protein,Heliornis fulica (sungrebe),109,4,79,,InterPro:IPR035076
A0A7L2AXU2,UPAR/Ly6 domain-containing protein,Heliornis fulica (sungrebe),104,4,75,,InterPro:IPR035076
A0A7L2AZ49,UPAR/Ly6 domain-containing protein,Heliornis fulica (sungrebe),107,2,77,,InterPro:IPR035076
A0A7L2AZN2,Snake toxin/toxin-like domain-containing protein,Heliornis fulica (sungrebe),78,4,78,,InterPro:IPR035076
A0A7L2BZK2,UPAR/Ly6 domain-containing protein,Alaudala cheleensis (Asian short-toed lark),104,4,75,,InterPro:IPR035076
A0A7L2CAH7,UPAR/Ly6 domain-containing protein,Alaudala cheleensis (Asian short-toed lark),110,5,80,,InterPro:IPR035076
A0A7L2CAJ0,UPAR/Ly6 domain-containing protein,Alaudala cheleensis (Asian short-toed lark),109,2,79,,InterPro:IPR035076
A0A7L2CAK2,UPAR/Ly6 domain-containing protein,Alaudala cheleensis (Asian short-toed lark),102,17,96,,InterPro:IPR035076
A0A7L2CAS0,UPAR/Ly6 domain-containing protein,Alaudala cheleensis (Asian short-toed lark),109,4,79,,InterPro:IPR035076
A0A7L2CCN5,UPAR/Ly6 domain-containing protein,Alaudala cheleensis (Asian short-toed lark),87,2,79,,InterPro:IPR035076
A0A7L2CEE1,Snake toxin/toxin-like domain-containing protein,Alaudala cheleensis (Asian short-toed lark),78,4,78,,InterPro:IPR035076
A0A7L2CF38,UPAR/Ly6 domain-containing protein,Alaudala cheleensis (Asian short-toed lark),112,7,82,,InterPro:IPR035076
A0A7L2CPC1,UPAR/Ly6 domain-containing protein,Catharus fuscescens (Veery),107,2,77,,InterPro:IPR035076
A0A7L2CPC8,UPAR/Ly6 domain-containing protein,Catharus fuscescens (Veery),112,7,82,,InterPro:IPR035076
A0A7L2CPD2,UPAR/Ly6 domain-containing protein,Catharus fuscescens (Veery),109,5,80,,InterPro:IPR035076
A0A7L2CSB6,Snake toxin/toxin-like domain-containing protein,Catharus fuscescens (Veery),78,4,78,,InterPro:IPR035076
A0A7L2CSC1,Snake toxin/toxin-like domain-containing protein,Catharus fuscescens (Veery),86,2,79,,InterPro:IPR035076
A0A7L2D8G2,UPAR/Ly6 domain-containing protein,Catharus fuscescens (Veery),104,4,75,,InterPro:IPR035076
A0A7L2DE78,Snake toxin/toxin-like domain-containing protein,Catharus fuscescens (Veery),66,21,55,,InterPro:IPR035076
A0A7L2DLQ6,UPAR/Ly6 domain-containing protein,Catharus fuscescens (Veery),109,4,79,,InterPro:IPR035076
A0A7L2DSJ9,UPAR/Ly6 domain-containing protein,Anthoscopus minutus (Southern penduline-tit),112,7,82,,InterPro:IPR035076
A0A7L2DSK1,Snake toxin/toxin-like domain-containing protein,Anthoscopus minutus (Southern penduline-tit),78,4,78,,InterPro:IPR035076
A0A7L2DSL1,UPAR/Ly6 domain-containing protein,Anthoscopus minutus (Southern penduline-tit),104,4,75,,InterPro:IPR035076
A0A7L2DSS2,UPAR/Ly6 domain-containing protein,Anthoscopus minutus (Southern penduline-tit),109,4,79,,InterPro:IPR035076
A0A7L2DT56,UPAR/Ly6 domain-containing protein,Anthoscopus minutus (Southern penduline-tit),87,4,81,,InterPro:IPR035076
A0A7L2DTI9,UPAR/Ly6 domain-containing protein,Anthoscopus minutus (Southern penduline-tit),109,5,80,,InterPro:IPR035076
A0A7L2DTM3,UPAR/Ly6 domain-containing protein,Anthoscopus minutus (Southern penduline-tit),110,2,80,,InterPro:IPR035076
A0A7L2DU64,Snake toxin/toxin-like domain-containing protein,Anthoscopus minutus (Southern penduline-tit),86,2,79,,InterPro:IPR035076
A0A7L2FHR5,Snake toxin/toxin-like domain-containing protein,Quiscalus mexicanus (Great-tailed grackle),78,4,78,,InterPro:IPR035076
A0A7L2FHS8,Snake toxin/toxin-like domain-containing protein,Quiscalus mexicanus (Great-tailed grackle),69,6,39,,InterPro:IPR035076
A0A7L2FHW5,UPAR/Ly6 domain-containing protein,Quiscalus mexicanus (Great-tailed grackle),87,2,79,,InterPro:IPR035076
A0A7L2FIP0,UPAR/Ly6 domain-containing protein,Quiscalus mexicanus (Great-tailed grackle),126,21,96,,InterPro:IPR035076
A0A7L2FQH5,UPAR/Ly6 domain-containing protein,Quiscalus mexicanus (Great-tailed grackle),94,4,88,,InterPro:IPR035076
A0A7L2FQM6,UPAR/Ly6 domain-containing protein,Quiscalus mexicanus (Great-tailed grackle),109,5,80,,InterPro:IPR035076
A0A7L2FRA6,UPAR/Ly6 domain-containing protein,Quiscalus mexicanus (Great-tailed grackle),107,2,77,,InterPro:IPR035076
A0A7L2FUW4,UPAR/Ly6 domain-containing protein,Quiscalus mexicanus (Great-tailed grackle),112,7,82,,InterPro:IPR035076
A0A7L2GKQ0,UPAR/Ly6 domain-containing protein,Nyctibius grandis (Great potoo),104,4,75,,InterPro:IPR035076
A0A7L2GLD4,Snake toxin/toxin-like domain-containing protein,Nyctibius grandis (Great potoo),78,4,78,,InterPro:IPR035076
A0A7L2GMF6,UPAR/Ly6 domain-containing protein,Nyctibius grandis (Great potoo),108,3,79,,InterPro:IPR035076
A0A7L2GMG2,Snake toxin/toxin-like domain-containing protein,Nyctibius grandis (Great potoo),85,4,80,,InterPro:IPR035076
A0A7L2GPC1,UPAR/Ly6 domain-containing protein,Nyctibius grandis (Great potoo),112,7,82,,InterPro:IPR035076
A0A7L2GQ75,UPAR/Ly6 domain-containing protein,Nyctibius grandis (Great potoo),107,2,77,,InterPro:IPR035076
A0A7L2GRC5,UPAR/Ly6 domain-containing protein,Nyctibius grandis (Great potoo),109,4,79,,InterPro:IPR035076
A0A7L2GTA6,Snake toxin/toxin-like domain-containing protein,Nyctibius grandis (Great potoo),86,2,79,,InterPro:IPR035076
A0A7L2HT18,Snake toxin/toxin-like domain-containing protein,Sagittarius serpentarius (Secretary bird),78,4,78,,InterPro:IPR035076
A0A7L2HUS5,UPAR/Ly6 domain-containing protein,Sagittarius serpentarius (Secretary bird),86,2,79,,InterPro:IPR035076
A0A7L2HUU3,UPAR/Ly6 domain-containing protein,Sagittarius serpentarius (Secretary bird),119,14,89,,InterPro:IPR035076
A0A7L2HVX3,Snake toxin/toxin-like domain-containing protein,Sagittarius serpentarius (Secretary bird),108,21,102,,InterPro:IPR035076
A0A7L2HW62,UPAR/Ly6 domain-containing protein,Sagittarius serpentarius (Secretary bird),107,2,77,,InterPro:IPR035076
A0A7L2HYH6,UPAR/Ly6 domain-containing protein,Sagittarius serpentarius (Secretary bird),112,7,82,,InterPro:IPR035076
A0A7L2HYS4,UPAR/Ly6 domain-containing protein,Sagittarius serpentarius (Secretary bird),126,22,97,,InterPro:IPR035076
A0A7L2I1X6,UPAR/Ly6 domain-containing protein,Sagittarius serpentarius (Secretary bird),104,4,75,,InterPro:IPR035076
A0A7L2IQS9,Snake toxin/toxin-like domain-containing protein,Semnornis frantzii,78,4,78,,InterPro:IPR035076
A0A7L2IR49,Snake toxin/toxin-like domain-containing protein,Semnornis frantzii,102,2,79,,InterPro:IPR035076
A0A7L2IR62,UPAR/Ly6 domain-containing protein,Semnornis frantzii,125,20,95,,InterPro:IPR035076
A0A7L2IR80,Snake toxin/toxin-like domain-containing protein,Semnornis frantzii,108,21,102,,InterPro:IPR035076
A0A7L2IR85,UPAR/Ly6 domain-containing protein,Semnornis frantzii,112,7,82,,InterPro:IPR035076
A0A7L2IRH9,Snake toxin/toxin-like domain-containing protein,Semnornis frantzii,69,6,39,,InterPro:IPR035076
A0A7L2IRN1,UPAR/Ly6 domain-containing protein,Semnornis frantzii,110,4,80,,InterPro:IPR035076
A0A7L2JB45,UPAR/Ly6 domain-containing protein,Cinclus mexicanus (American dipper),105,4,76,,InterPro:IPR035076
A0A7L2JM27,UPAR/Ly6 domain-containing protein,Cinclus mexicanus (American dipper),126,21,96,,InterPro:IPR035076
A0A7L2JM31,UPAR/Ly6 domain-containing protein,Cinclus mexicanus (American dipper),110,5,80,,InterPro:IPR035076
A0A7L2JNI1,UPAR/Ly6 domain-containing protein,Cinclus mexicanus (American dipper),109,2,79,,InterPro:IPR035076
A0A7L2JQ58,UPAR/Ly6 domain-containing protein,Cinclus mexicanus (American dipper),100,17,94,,InterPro:IPR035076
A0A7L2JQY5,UPAR/Ly6 domain-containing protein,Cinclus mexicanus (American dipper),112,7,82,,InterPro:IPR035076
A0A7L2JS33,Snake toxin/toxin-like domain-containing protein,Cinclus mexicanus (American dipper),78,4,78,,InterPro:IPR035076
A0A7L2JW28,UPAR/Ly6 domain-containing protein,Cinclus mexicanus (American dipper),87,2,79,,InterPro:IPR035076
A0A7L2KZV0,UPAR/Ly6 domain-containing protein,Zosterops hypoxanthus,112,7,82,,InterPro:IPR035076
A0A7L2KZV1,UPAR/Ly6 domain-containing protein,Zosterops hypoxanthus,109,4,79,,InterPro:IPR035076
A0A7L2L004,UPAR/Ly6 domain-containing protein,Zosterops hypoxanthus,104,4,75,,InterPro:IPR035076
A0A7L2L0D6,UPAR/Ly6 domain-containing protein,Zosterops hypoxanthus,110,5,80,,InterPro:IPR035076
A0A7L2L0F7,Snake toxin/toxin-like domain-containing protein,Zosterops hypoxanthus,87,2,79,,InterPro:IPR035076
A0A7L2L0K7,UPAR/Ly6 domain-containing protein,Zosterops hypoxanthus,109,2,79,,InterPro:IPR035076
A0A7L2L0L8,Snake toxin/toxin-like domain-containing protein,Zosterops hypoxanthus,78,4,78,,InterPro:IPR035076
A0A7L2L0R0,Snake toxin/toxin-like domain-containing protein,Zosterops hypoxanthus,106,21,100,,InterPro:IPR035076
A0A7L2LQ25,Snake toxin/toxin-like domain-containing protein,Hippolais icterina (icterine warbler),86,2,79,,InterPro:IPR035076
A0A7L2LQB7,Snake toxin/toxin-like domain-containing protein,Hippolais icterina (icterine warbler),78,4,78,,InterPro:IPR035076
A0A7L2LS39,UPAR/Ly6 domain-containing protein,Hippolais icterina (icterine warbler),104,4,75,,InterPro:IPR035076
A0A7L2M6I6,UPAR/Ly6 domain-containing protein,Hippolais icterina (icterine warbler),125,21,96,,InterPro:IPR035076
A0A7L2M6J9,UPAR/Ly6 domain-containing protein,Hippolais icterina (icterine warbler),109,4,79,,InterPro:IPR035076
A0A7L2M6S9,UPAR/Ly6 domain-containing protein,Hippolais icterina (icterine warbler),112,7,82,,InterPro:IPR035076
A0A7L2M7G0,Snake toxin/toxin-like domain-containing protein,Hippolais icterina (icterine warbler),113,16,107,,InterPro:IPR035076
A0A7L2M7P8,UPAR/Ly6 domain-containing protein,Hippolais icterina (icterine warbler),109,5,80,,InterPro:IPR035076
A0A7L2MDW7,UPAR/Ly6 domain-containing protein,Rhadina sibilatrix,107,2,77,,InterPro:IPR035076
A0A7L2ME42,UPAR/Ly6 domain-containing protein,Rhadina sibilatrix,87,4,81,,InterPro:IPR035076
A0A7L2ME69,UPAR/Ly6 domain-containing protein,Rhadina sibilatrix,109,4,79,,InterPro:IPR035076
A0A7L2MER9,UPAR/Ly6 domain-containing protein,Rhadina sibilatrix,112,7,82,,InterPro:IPR035076
A0A7L2MF17,UPAR/Ly6 domain-containing protein,Rhadina sibilatrix,126,22,97,,InterPro:IPR035076
A0A7L2N197,Snake toxin/toxin-like domain-containing protein,Rhadina sibilatrix,78,4,78,,InterPro:IPR035076
A0A7L2N2F7,UPAR/Ly6 domain-containing protein,Rhadina sibilatrix,104,4,75,,InterPro:IPR035076
A0A7L2N2J0,Snake toxin/toxin-like domain-containing protein,Rhadina sibilatrix,87,2,79,,InterPro:IPR035076
A0A7L2NMC3,UPAR/Ly6 domain-containing protein,Pycnonotus jocosus (Red-whiskered bulbul),112,7,82,,InterPro:IPR035076
A0A7L2NMI8,UPAR/Ly6 domain-containing protein,Pycnonotus jocosus (Red-whiskered bulbul),107,2,77,,InterPro:IPR035076
A0A7L2NMP0,UPAR/Ly6 domain-containing protein,Pycnonotus jocosus (Red-whiskered bulbul),124,22,97,,InterPro:IPR035076
A0A7L2NMV9,UPAR/Ly6 domain-containing protein,Pycnonotus jocosus (Red-whiskered bulbul),86,4,80,,InterPro:IPR035076
A0A7L2NNE0,UPAR/Ly6 domain-containing protein,Pycnonotus jocosus (Red-whiskered bulbul),109,4,79,,InterPro:IPR035076
A0A7L2NP63,Snake toxin/toxin-like domain-containing protein,Pycnonotus jocosus (Red-whiskered bulbul),87,2,79,,InterPro:IPR035076
A0A7L2P6S8,Snake toxin/toxin-like domain-containing protein,Pycnonotus jocosus (Red-whiskered bulbul),78,4,78,,InterPro:IPR035076
A0A7L2PHR1,UPAR/Ly6 domain-containing protein,Pycnonotus jocosus (Red-whiskered bulbul),104,4,75,,InterPro:IPR035076
A0A7L2PK61,UPAR/Ly6 domain-containing protein,Hypocryptadius cinnamomeus,87,2,79,,InterPro:IPR035076
A0A7L2PKC2,UPAR/Ly6 domain-containing protein,Hypocryptadius cinnamomeus,104,4,75,,InterPro:IPR035076
A0A7L2PKQ2,Snake toxin/toxin-like domain-containing protein,Hypocryptadius cinnamomeus,78,4,78,,InterPro:IPR035076
A0A7L2PPR2,Snake toxin/toxin-like domain-containing protein,Hypocryptadius cinnamomeus,96,4,90,,InterPro:IPR035076
A0A7L2PPV8,UPAR/Ly6 domain-containing protein,Hypocryptadius cinnamomeus,112,7,82,,InterPro:IPR035076
A0A7L2PPW2,UPAR/Ly6 domain-containing protein,Hypocryptadius cinnamomeus,109,4,79,,InterPro:IPR035076
A0A7L2PRL1,UPAR/Ly6 domain-containing protein,Hypocryptadius cinnamomeus,109,5,80,,InterPro:IPR035076
A0A7L2PS23,UPAR/Ly6 domain-containing protein,Hypocryptadius cinnamomeus,107,2,77,,InterPro:IPR035076
A0A7L2QSM7,UPAR/Ly6 domain-containing protein,Oxylabes madagascariensis (white-throated Oxylabes),112,7,82,,InterPro:IPR035076
A0A7L2QSV2,UPAR/Ly6 domain-containing protein,Oxylabes madagascariensis (white-throated Oxylabes),110,5,80,,InterPro:IPR035076
A0A7L2QTJ2,UPAR/Ly6 domain-containing protein,Oxylabes madagascariensis (white-throated Oxylabes),109,2,79,,InterPro:IPR035076
A0A7L2QUG5,Snake toxin/toxin-like domain-containing protein,Oxylabes madagascariensis (white-throated Oxylabes),87,2,79,,InterPro:IPR035076
A0A7L2QVZ4,Snake toxin/toxin-like domain-containing protein,Oxylabes madagascariensis (white-throated Oxylabes),65,21,55,,InterPro:IPR035076
A0A7L2R5H8,Snake toxin/toxin-like domain-containing protein,Oxylabes madagascariensis (white-throated Oxylabes),69,6,39,,InterPro:IPR035076
A0A7L2RCY9,Snake toxin/toxin-like domain-containing protein,Neodrepanis coruscans (wattled asity),102,19,96,,InterPro:IPR035076
A0A7L2RJF5,UPAR/Ly6 domain-containing protein,Neodrepanis coruscans (wattled asity),104,4,75,,InterPro:IPR035076
A0A7L2RM73,UPAR/Ly6 domain-containing protein,Neodrepanis coruscans (wattled asity),87,2,79,,InterPro:IPR035076
A0A7L2RNJ3,UPAR/Ly6 domain-containing protein,Neodrepanis coruscans (wattled asity),109,4,79,,InterPro:IPR035076
A0A7L2RPT8,UPAR/Ly6 domain-containing protein,Neodrepanis coruscans (wattled asity),109,2,79,,InterPro:IPR035076
A0A7L2RQ57,UPAR/Ly6 domain-containing protein,Neodrepanis coruscans (wattled asity),112,7,82,,InterPro:IPR035076
A0A7L2RQJ4,UPAR/Ly6 domain-containing protein,Neodrepanis coruscans (wattled asity),109,4,79,,InterPro:IPR035076
A0A7L2S6D6,Snake toxin/toxin-like domain-containing protein,Mystacornis crossleyi,78,4,78,,InterPro:IPR035076
A0A7L2S7L2,UPAR/Ly6 domain-containing protein,Mystacornis crossleyi,126,21,96,,InterPro:IPR035076
A0A7L2S8A7,Snake toxin/toxin-like domain-containing protein,Mystacornis crossleyi,87,2,79,,InterPro:IPR035076
A0A7L2S8P0,UPAR/Ly6 domain-containing protein,Mystacornis crossleyi,127,22,97,,InterPro:IPR035076
A0A7L2S909,UPAR/Ly6 domain-containing protein,Mystacornis crossleyi,109,2,79,,InterPro:IPR035076
A0A7L2S926,UPAR/Ly6 domain-containing protein,Mystacornis crossleyi,112,7,82,,InterPro:IPR035076
A0A7L2SPG9,Snake toxin/toxin-like domain-containing protein,Mystacornis crossleyi,69,6,39,,InterPro:IPR035076
A0A7L2T7H9,UPAR/Ly6 domain-containing protein,Pomatostomus ruficeps (Chestnut-crowned babbler),112,7,82,,InterPro:IPR035076
A0A7L2T8U3,UPAR/Ly6 domain-containing protein,Pomatostomus ruficeps (Chestnut-crowned babbler),107,2,77,,InterPro:IPR035076
A0A7L2T8V1,UPAR/Ly6 domain-containing protein,Pomatostomus ruficeps (Chestnut-crowned babbler),109,4,79,,InterPro:IPR035076
A0A7L2TAA6,UPAR/Ly6 domain-containing protein,Pomatostomus ruficeps (Chestnut-crowned babbler),109,5,80,,InterPro:IPR035076
A0A7L2TAP6,Snake toxin/toxin-like domain-containing protein,Pomatostomus ruficeps (Chestnut-crowned babbler),78,4,78,,InterPro:IPR035076
A0A7L2TC05,UPAR/Ly6 domain-containing protein,Pomatostomus ruficeps (Chestnut-crowned babbler),104,4,75,,InterPro:IPR035076
A0A7L2TJL7,Snake toxin/toxin-like domain-containing protein,Pomatostomus ruficeps (Chestnut-crowned babbler),66,21,55,,InterPro:IPR035076
A0A7L2UU86,Snake toxin/toxin-like domain-containing protein,Balaeniceps rex (Shoebill),78,4,78,,InterPro:IPR035076
A0A7L2UUA0,UPAR/Ly6 domain-containing protein,Balaeniceps rex (Shoebill),112,7,82,,InterPro:IPR035076
A0A7L2UUR1,UPAR/Ly6 domain-containing protein,Balaeniceps rex (Shoebill),104,4,75,,InterPro:IPR035076
A0A7L2UUR6,UPAR/Ly6 domain-containing protein,Balaeniceps rex (Shoebill),107,2,77,,InterPro:IPR035076
A0A7L2UV33,Snake toxin/toxin-like domain-containing protein,Balaeniceps rex (Shoebill),107,20,101,,InterPro:IPR035076
A0A7L2UV59,UPAR/Ly6 domain-containing protein,Balaeniceps rex (Shoebill),87,2,79,,InterPro:IPR035076
A0A7L2UVB0,UPAR/Ly6 domain-containing protein,Balaeniceps rex (Shoebill),127,22,97,,InterPro:IPR035076
A0A7L2UWY8,UPAR/Ly6 domain-containing protein,Balaeniceps rex (Shoebill),109,4,79,,InterPro:IPR035076
A0A7L2V3U9,UPAR/Ly6 domain-containing protein,Brachypteracias leptosomus (short-legged ground-roller),109,4,79,,InterPro:IPR035076
A0A7L2V460,UPAR/Ly6 domain-containing protein,Brachypteracias leptosomus (short-legged ground-roller),108,21,102,,InterPro:IPR035076
A0A7L2V4P5,UPAR/Ly6 domain-containing protein,Brachypteracias leptosomus (short-legged ground-roller),112,7,82,,InterPro:IPR035076
A0A7L2V514,Snake toxin/toxin-like domain-containing protein,Brachypteracias leptosomus (short-legged ground-roller),87,2,79,,InterPro:IPR035076
A0A7L2V5A7,UPAR/Ly6 domain-containing protein,Brachypteracias leptosomus (short-legged ground-roller),127,21,97,,InterPro:IPR035076
A0A7L2V6L7,UPAR/Ly6 domain-containing protein,Brachypteracias leptosomus (short-legged ground-roller),104,4,75,,InterPro:IPR035076
A0A7L2V790,UPAR/Ly6 domain-containing protein,Brachypteracias leptosomus (short-legged ground-roller),109,2,79,,InterPro:IPR035076
A0A7L2X165,Snake toxin/toxin-like domain-containing protein,Pandion haliaetus (Osprey),91,4,85,,InterPro:IPR035076
A0A7L2X1J8,UPAR/Ly6 domain-containing protein,Pandion haliaetus (Osprey),104,4,75,,InterPro:IPR035076
A0A7L2X1S6,Snake toxin/toxin-like domain-containing protein,Pandion haliaetus (Osprey),78,4,78,,InterPro:IPR035076
A0A7L2X225,UPAR/Ly6 domain-containing protein,Pandion haliaetus (Osprey),126,21,96,,InterPro:IPR035076
A0A7L2X2E3,UPAR/Ly6 domain-containing protein,Pandion haliaetus (Osprey),127,22,97,,InterPro:IPR035076
A0A7L2X371,UPAR/Ly6 domain-containing protein,Pandion haliaetus (Osprey),87,2,79,,InterPro:IPR035076
A0A7L2X401,UPAR/Ly6 domain-containing protein,Pandion haliaetus (Osprey),112,7,82,,InterPro:IPR035076
A0A7L2X668,UPAR/Ly6 domain-containing protein,Pandion haliaetus (Osprey),109,2,79,,InterPro:IPR035076
A0A7L2X9N0,UPAR/Ly6 domain-containing protein,Erpornis zantholeuca,104,4,75,,InterPro:IPR035076
A0A7L2X9N7,UPAR/Ly6 domain-containing protein,Erpornis zantholeuca,109,4,79,,InterPro:IPR035076
A0A7L2XAG0,UPAR/Ly6 domain-containing protein,Erpornis zantholeuca,87,2,79,,InterPro:IPR035076
A0A7L2XAG4,Snake toxin/toxin-like domain-containing protein,Erpornis zantholeuca,78,8,78,,InterPro:IPR035076
A0A7L2XJM1,UPAR/Ly6 domain-containing protein,Erpornis zantholeuca,109,5,80,,InterPro:IPR035076
A0A7L2XJN3,UPAR/Ly6 domain-containing protein,Erpornis zantholeuca,111,6,81,,InterPro:IPR035076
A0A7L2XMJ8,UPAR/Ly6 domain-containing protein,Erpornis zantholeuca,107,2,77,,InterPro:IPR035076
A0A7L2XQ41,UPAR/Ly6 domain-containing protein,Erpornis zantholeuca,87,4,81,,InterPro:IPR035076
A0A7L2YF05,UPAR/Ly6 domain-containing protein,Jacana jacana (Wattled jacana),104,4,75,,InterPro:IPR035076
A0A7L2YVD3,UPAR/Ly6 domain-containing protein,Jacana jacana (Wattled jacana),125,22,97,,InterPro:IPR035076
A0A7L2YVD4,Snake toxin/toxin-like domain-containing protein,Jacana jacana (Wattled jacana),78,4,78,,InterPro:IPR035076
A0A7L2YXU2,UPAR/Ly6 domain-containing protein,Jacana jacana (Wattled jacana),112,7,82,,InterPro:IPR035076
A0A7L2YYA5,UPAR/Ly6 domain-containing protein,Jacana jacana (Wattled jacana),109,4,79,,InterPro:IPR035076
A0A7L2YYU9,UPAR/Ly6 domain-containing protein,Jacana jacana (Wattled jacana),103,21,97,,InterPro:IPR035076
A0A7L2Z0Q2,UPAR/Ly6 domain-containing protein,Jacana jacana (Wattled jacana),86,2,79,,InterPro:IPR035076
A0A7L2Z2Z4,UPAR/Ly6 domain-containing protein,Jacana jacana (Wattled jacana),107,2,77,,InterPro:IPR035076
A0A7L2ZH25,UPAR/Ly6 domain-containing protein,Prunella fulvescens (Brown accentor),104,4,75,,InterPro:IPR035076
A0A7L2ZL25,UPAR/Ly6 domain-containing protein,Prunella fulvescens (Brown accentor),112,7,82,,InterPro:IPR035076
A0A7L2ZN30,UPAR/Ly6 domain-containing protein,Prunella fulvescens (Brown accentor),87,2,79,,InterPro:IPR035076
A0A7L2ZNF1,Snake toxin/toxin-like domain-containing protein,Prunella fulvescens (Brown accentor),78,4,78,,InterPro:IPR035076
A0A7L2ZPJ1,UPAR/Ly6 domain-containing protein,Prunella fulvescens (Brown accentor),126,21,96,,InterPro:IPR035076
A0A7L2ZQY4,UPAR/Ly6 domain-containing protein,Prunella fulvescens (Brown accentor),110,5,80,,InterPro:IPR035076
A0A7L2ZSC7,UPAR/Ly6 domain-containing protein,Prunella fulvescens (Brown accentor),100,17,94,,InterPro:IPR035076
A0A7L2ZT11,UPAR/Ly6 domain-containing protein,Prunella fulvescens (Brown accentor),110,2,80,,InterPro:IPR035076
A0A7L3AM43,UPAR/Ly6 domain-containing protein,Syrrhaptes paradoxus (Pallas's sandgrouse),105,4,76,,InterPro:IPR035076
A0A7L3ANJ1,Snake toxin/toxin-like domain-containing protein,Syrrhaptes paradoxus (Pallas's sandgrouse),78,4,78,,InterPro:IPR035076
A0A7L3AX65,UPAR/Ly6 domain-containing protein,Syrrhaptes paradoxus (Pallas's sandgrouse),87,2,79,,InterPro:IPR035076
A0A7L3AXJ3,UPAR/Ly6 domain-containing protein,Syrrhaptes paradoxus (Pallas's sandgrouse),110,4,80,,InterPro:IPR035076
A0A7L3B748,UPAR/Ly6 domain-containing protein,Syrrhaptes paradoxus (Pallas's sandgrouse),109,3,79,,InterPro:IPR035076
A0A7L3BAA3,UPAR/Ly6 domain-containing protein,Syrrhaptes paradoxus (Pallas's sandgrouse),109,2,79,,InterPro:IPR035076
A0A7L3BB07,Snake toxin/toxin-like domain-containing protein,Syrrhaptes paradoxus (Pallas's sandgrouse),104,19,98,,InterPro:IPR035076
A0A7L3BCG0,UPAR/Ly6 domain-containing protein,Syrrhaptes paradoxus (Pallas's sandgrouse),112,7,82,,InterPro:IPR035076
A0A7L3CGR4,UPAR/Ly6 domain-containing protein,Pelecanoides urinatrix (Common diving petrel),104,5,75,,InterPro:IPR035076
A0A7L3CI04,Snake toxin/toxin-like domain-containing protein,Pelecanoides urinatrix (Common diving petrel),78,4,78,,InterPro:IPR035076
A0A7L3CJB8,Snake toxin/toxin-like domain-containing protein,Pelecanoides urinatrix (Common diving petrel),109,22,103,,InterPro:IPR035076
A0A7L3CJC4,UPAR/Ly6 domain-containing protein,Pelecanoides urinatrix (Common diving petrel),87,2,79,,InterPro:IPR035076
A0A7L3CJC9,UPAR/Ly6 domain-containing protein,Pelecanoides urinatrix (Common diving petrel),124,16,94,,InterPro:IPR035076
A0A7L3CJF0,UPAR/Ly6 domain-containing protein,Pelecanoides urinatrix (Common diving petrel),109,4,79,,InterPro:IPR035076
A0A7L3CJQ1,UPAR/Ly6 domain-containing protein,Pelecanoides urinatrix (Common diving petrel),112,7,82,,InterPro:IPR035076
A0A7L3CJU1,UPAR/Ly6 domain-containing protein,Pelecanoides urinatrix (Common diving petrel),109,2,79,,InterPro:IPR035076
A0A7L3D9A8,UPAR/Ly6 domain-containing protein,Pluvianellus socialis (Magellanic plover),107,25,101,,InterPro:IPR035076
A0A7L3D9B4,UPAR/Ly6 domain-containing protein,Pluvianellus socialis (Magellanic plover),109,2,79,,InterPro:IPR035076
A0A7L3D9E8,UPAR/Ly6 domain-containing protein,Pluvianellus socialis (Magellanic plover),112,7,82,,InterPro:IPR035076
A0A7L3DBK9,UPAR/Ly6 domain-containing protein,Pluvianellus socialis (Magellanic plover),127,22,97,,InterPro:IPR035076
A0A7L3DCV3,UPAR/Ly6 domain-containing protein,Pluvianellus socialis (Magellanic plover),87,2,79,,InterPro:IPR035076
A0A7L3DFD5,UPAR/Ly6 domain-containing protein,Pluvianellus socialis (Magellanic plover),109,4,79,,InterPro:IPR035076
A0A7L3DKL6,Snake toxin/toxin-like domain-containing protein,Pluvianellus socialis (Magellanic plover),78,4,78,,InterPro:IPR035076
A0A7L3DLK7,UPAR/Ly6 domain-containing protein,Pluvianellus socialis (Magellanic plover),104,4,75,,InterPro:IPR035076
A0A7L3EBQ0,Snake toxin/toxin-like domain-containing protein,Chaetops frenatus (Rufous rock-jumper),78,4,78,,InterPro:IPR035076
A0A7L3EBQ3,UPAR/Ly6 domain-containing protein,Chaetops frenatus (Rufous rock-jumper),104,4,75,,InterPro:IPR035076
A0A7L3EBR1,UPAR/Ly6 domain-containing protein,Chaetops frenatus (Rufous rock-jumper),110,5,80,,InterPro:IPR035076
A0A7L3EC15,UPAR/Ly6 domain-containing protein,Chaetops frenatus (Rufous rock-jumper),126,21,96,,InterPro:IPR035076
A0A7L3EDP0,Snake toxin/toxin-like domain-containing protein,Chaetops frenatus (Rufous rock-jumper),87,2,79,,InterPro:IPR035076
A0A7L3EE55,UPAR/Ly6 domain-containing protein,Chaetops frenatus (Rufous rock-jumper),110,2,80,,InterPro:IPR035076
A0A7L3EFT2,Snake toxin/toxin-like domain-containing protein,Chaetops frenatus (Rufous rock-jumper),100,17,94,,InterPro:IPR035076
A0A7L3EG28,UPAR/Ly6 domain-containing protein,Chaetops frenatus (Rufous rock-jumper),112,7,82,,InterPro:IPR035076
A0A7L3EXF2,UPAR/Ly6 domain-containing protein,Zapornia atra (Henderson crake),105,4,76,,InterPro:IPR035076
A0A7L3F275,UPAR/Ly6 domain-containing protein,Zapornia atra (Henderson crake),107,2,77,,InterPro:IPR035076
A0A7L3F2M6,UPAR/Ly6 domain-containing protein,Zapornia atra (Henderson crake),94,4,81,,InterPro:IPR035076
A0A7L3F6J7,UPAR/Ly6 domain-containing protein,Zapornia atra (Henderson crake),112,7,82,,InterPro:IPR035076
A0A7L3F6V6,UPAR/Ly6 domain-containing protein,Zapornia atra (Henderson crake),108,4,79,,InterPro:IPR035076
A0A7L3FAQ4,UPAR/Ly6 domain-containing protein,Zapornia atra (Henderson crake),87,4,81,,InterPro:IPR035076
A0A7L3FMR6,Snake toxin/toxin-like domain-containing protein,Zapornia atra (Henderson crake),78,4,78,,InterPro:IPR035076
A0A7L3G1M6,UPAR/Ly6 domain-containing protein,Zapornia atra (Henderson crake),109,4,79,,InterPro:IPR035076
A0A7L3G4V3,UPAR/Ly6 domain-containing protein,Anhinga rufa (African darter),109,4,79,,InterPro:IPR035076
A0A7L3G710,Snake toxin/toxin-like domain-containing protein,Anhinga rufa (African darter),78,4,78,,InterPro:IPR035076
A0A7L3G7P5,UPAR/Ly6 domain-containing protein,Anhinga rufa (African darter),109,4,79,,InterPro:IPR035076
A0A7L3G852,Snake toxin/toxin-like domain-containing protein,Anhinga rufa (African darter),108,21,102,,InterPro:IPR035076
A0A7L3GAI3,UPAR/Ly6 domain-containing protein,Anhinga rufa (African darter),112,7,82,,InterPro:IPR035076
A0A7L3GC53,UPAR/Ly6 domain-containing protein,Anhinga rufa (African darter),109,2,79,,InterPro:IPR035076
A0A7L3GKW3,UPAR/Ly6 domain-containing protein,Anhinga rufa (African darter),87,2,79,,InterPro:IPR035076
A0A7L3GZU5,UPAR/Ly6 domain-containing protein,Buphagus erythrorhynchus (red-billed oxpecker),100,17,94,,InterPro:IPR035076
A0A7L3HBG9,UPAR/Ly6 domain-containing protein,Buphagus erythrorhynchus (red-billed oxpecker),118,5,88,,InterPro:IPR035076
A0A7L3HBH3,UPAR/Ly6 domain-containing protein,Buphagus erythrorhynchus (red-billed oxpecker),104,4,75,,InterPro:IPR035076
A0A7L3HC62,Snake toxin/toxin-like domain-containing protein,Buphagus erythrorhynchus (red-billed oxpecker),87,2,79,,InterPro:IPR035076
A0A7L3HCH8,UPAR/Ly6 domain-containing protein,Buphagus erythrorhynchus (red-billed oxpecker),126,21,96,,InterPro:IPR035076
A0A7L3HCU1,Snake toxin/toxin-like domain-containing protein,Buphagus erythrorhynchus (red-billed oxpecker),78,4,78,,InterPro:IPR035076
A0A7L3HEI9,UPAR/Ly6 domain-containing protein,Buphagus erythrorhynchus (red-billed oxpecker),109,2,79,,InterPro:IPR035076
A0A7L3HEN4,UPAR/Ly6 domain-containing protein,Buphagus erythrorhynchus (red-billed oxpecker),112,7,82,,InterPro:IPR035076
A0A7L3HLQ7,Snake toxin/toxin-like domain-containing protein,Buphagus erythrorhynchus (red-billed oxpecker),69,6,39,,InterPro:IPR035076
A0A7L3I277,UPAR/Ly6 domain-containing protein,Pardalotus punctatus (spotted pardalote),109,2,79,,InterPro:IPR035076
A0A7L3I415,UPAR/Ly6 domain-containing protein,Pardalotus punctatus (spotted pardalote),112,7,82,,InterPro:IPR035076
A0A7L3I4G8,UPAR/Ly6 domain-containing protein,Pardalotus punctatus (spotted pardalote),110,5,80,,InterPro:IPR035076
A0A7L3IHR1,UPAR/Ly6 domain-containing protein,Pardalotus punctatus (spotted pardalote),104,4,75,,InterPro:IPR035076
A0A7L3IJM9,UPAR/Ly6 domain-containing protein,Pardalotus punctatus (spotted pardalote),126,21,96,,InterPro:IPR035076
A0A7L3ILS8,Snake toxin/toxin-like domain-containing protein,Pardalotus punctatus (spotted pardalote),87,2,79,,InterPro:IPR035076
A0A7L3J4X8,UPAR/Ly6 domain-containing protein,Thalassarche chlororhynchos (Atlantic yellow-nosed albatross),112,7,82,,InterPro:IPR035076
A0A7L3J4Y7,UPAR/Ly6 domain-containing protein,Thalassarche chlororhynchos (Atlantic yellow-nosed albatross),126,22,97,,InterPro:IPR035076
A0A7L3J584,Snake toxin/toxin-like domain-containing protein,Thalassarche chlororhynchos (Atlantic yellow-nosed albatross),108,21,102,,InterPro:IPR035076
A0A7L3J9I6,UPAR/Ly6 domain-containing protein,Thalassarche chlororhynchos (Atlantic yellow-nosed albatross),107,2,77,,InterPro:IPR035076
A0A7L3JQB4,UPAR/Ly6 domain-containing protein,Thalassarche chlororhynchos (Atlantic yellow-nosed albatross),104,4,75,,InterPro:IPR035076
A0A7L3JRF3,UPAR/Ly6 domain-containing protein,Thalassarche chlororhynchos (Atlantic yellow-nosed albatross),109,4,79,,InterPro:IPR035076
A0A7L3JSC2,Snake toxin/toxin-like domain-containing protein,Thalassarche chlororhynchos (Atlantic yellow-nosed albatross),78,4,78,,InterPro:IPR035076
A0A7L3JTG1,UPAR/Ly6 domain-containing protein,Thalassarche chlororhynchos (Atlantic yellow-nosed albatross),86,2,79,,InterPro:IPR035076
A0A7L3KR08,UPAR/Ly6 domain-containing protein,Drymodes brunneopygia,103,21,97,,InterPro:IPR035076
A0A7L3KR09,UPAR/Ly6 domain-containing protein,Drymodes brunneopygia,117,2,87,,InterPro:IPR035076
A0A7L3KR35,UPAR/Ly6 domain-containing protein,Drymodes brunneopygia,87,2,79,,InterPro:IPR035076
A0A7L3KR66,UPAR/Ly6 domain-containing protein,Drymodes brunneopygia,101,4,71,,InterPro:IPR035076
A0A7L3KRH7,UPAR/Ly6 domain-containing protein,Drymodes brunneopygia,104,4,75,,InterPro:IPR035076
A0A7L3KRH9,Snake toxin/toxin-like domain-containing protein,Drymodes brunneopygia,78,4,78,,InterPro:IPR035076
A0A7L3KS99,UPAR/Ly6 domain-containing protein,Drymodes brunneopygia,112,7,82,,InterPro:IPR035076
A0A7L3KSP1,UPAR/Ly6 domain-containing protein,Drymodes brunneopygia,111,6,81,,InterPro:IPR035076
A0A7L3L7J6,Snake toxin/toxin-like domain-containing protein,Turnix velox (Little buttonquail),78,4,78,,InterPro:IPR035076
A0A7L3LJ91,UPAR/Ly6 domain-containing protein,Turnix velox (Little buttonquail),110,4,80,,InterPro:IPR035076
A0A7L3LKW7,Snake toxin/toxin-like domain-containing protein,Turnix velox (Little buttonquail),87,2,79,,InterPro:IPR035076
A0A7L3LQJ1,UPAR/Ly6 domain-containing protein,Turnix velox (Little buttonquail),112,7,82,,InterPro:IPR035076
A0A7L3MD31,Snake toxin/toxin-like domain-containing protein,Horornis vulcanius,87,2,79,,InterPro:IPR035076
A0A7L3MED1,UPAR/Ly6 domain-containing protein,Horornis vulcanius,110,5,80,,InterPro:IPR035076
A0A7L3MFP8,UPAR/Ly6 domain-containing protein,Horornis vulcanius,109,2,79,,InterPro:IPR035076
A0A7L3ML29,Snake toxin/toxin-like domain-containing protein,Horornis vulcanius,67,4,37,,InterPro:IPR035076
A0A7L3MN82,UPAR/Ly6 domain-containing protein,Horornis vulcanius,126,21,96,,InterPro:IPR035076
A0A7L3N553,Snake toxin/toxin-like domain-containing protein,Oreotrochilus melanogaster,78,4,78,,InterPro:IPR035076
A0A7L3N9X7,UPAR/Ly6 domain-containing protein,Oreotrochilus melanogaster,112,7,82,,InterPro:IPR035076
A0A7L3NBH0,Snake toxin/toxin-like domain-containing protein,Oreotrochilus melanogaster,93,3,64,,InterPro:IPR035076
A0A7L3NCG2,UPAR/Ly6 domain-containing protein,Oreotrochilus melanogaster,108,4,79,,InterPro:IPR035076
A0A7L3NHB1,UPAR/Ly6 domain-containing protein,Oreotrochilus melanogaster,86,4,80,,InterPro:IPR035076
A0A7L3NHI9,UPAR/Ly6 domain-containing protein,Oreotrochilus melanogaster,86,2,79,,InterPro:IPR035076
A0A7L3NLZ1,UPAR/Ly6 domain-containing protein,Oreotrochilus melanogaster,109,4,79,,InterPro:IPR035076
A0A7L3NS74,UPAR/Ly6 domain-containing protein,Oreotrochilus melanogaster,107,2,77,,InterPro:IPR035076
A0A7L3P2V8,UPAR/Ly6 domain-containing protein,Xiphorhynchus elegans (elegant woodcreeper),87,2,79,,InterPro:IPR035076
A0A7L3P2Y8,UPAR/Ly6 domain-containing protein,Xiphorhynchus elegans (elegant woodcreeper),132,27,102,,InterPro:IPR035076
A0A7L3P317,UPAR/Ly6 domain-containing protein,Xiphorhynchus elegans (elegant woodcreeper),109,2,79,,InterPro:IPR035076
A0A7L3P3L4,Snake toxin/toxin-like domain-containing protein,Xiphorhynchus elegans (elegant woodcreeper),104,17,98,,InterPro:IPR035076
A0A7L3P5A6,UPAR/Ly6 domain-containing protein,Xiphorhynchus elegans (elegant woodcreeper),109,4,79,,InterPro:IPR035076
A0A7L3P8C5,UPAR/Ly6 domain-containing protein,Xiphorhynchus elegans (elegant woodcreeper),112,7,82,,InterPro:IPR035076
A0A7L3P967,Snake toxin/toxin-like domain-containing protein,Xiphorhynchus elegans (elegant woodcreeper),78,4,78,,InterPro:IPR035076
A0A7L3PC70,UPAR/Ly6 domain-containing protein,Xiphorhynchus elegans (elegant woodcreeper),104,4,75,,InterPro:IPR035076
A0A7L3QAJ5,UPAR/Ly6 domain-containing protein,Cettia cetti,104,4,75,,InterPro:IPR035076
A0A7L3QBX6,Snake toxin/toxin-like domain-containing protein,Cettia cetti,78,4,78,,InterPro:IPR035076
A0A7L3QCI1,UPAR/Ly6 domain-containing protein,Cettia cetti,109,2,79,,InterPro:IPR035076
A0A7L3QDL2,Snake toxin/toxin-like domain-containing protein,Cettia cetti,107,17,101,,InterPro:IPR035076
A0A7L3QFF3,UPAR/Ly6 domain-containing protein,Cettia cetti,125,20,95,,InterPro:IPR035076
A0A7L3QGZ3,UPAR/Ly6 domain-containing protein,Cettia cetti,112,7,82,,InterPro:IPR035076
A0A7L3R1W9,Snake toxin/toxin-like domain-containing protein,Cettia cetti,87,2,79,,InterPro:IPR035076
A0A7L3R1Z7,UPAR/Ly6 domain-containing protein,Cettia cetti,109,4,79,,InterPro:IPR035076
A0A7L3R4J5,UPAR/Ly6 domain-containing protein,Cepphus grylle (Black guillemot),103,21,97,,InterPro:IPR035076
A0A7L3R4Q5,UPAR/Ly6 domain-containing protein,Cepphus grylle (Black guillemot),126,21,96,,InterPro:IPR035076
A0A7L3R4R1,UPAR/Ly6 domain-containing protein,Cepphus grylle (Black guillemot),112,7,82,,InterPro:IPR035076
A0A7L3R4U2,UPAR/Ly6 domain-containing protein,Cepphus grylle (Black guillemot),104,4,75,,InterPro:IPR035076
A0A7L3R599,Snake toxin/toxin-like domain-containing protein,Cepphus grylle (Black guillemot),78,4,78,,InterPro:IPR035076
A0A7L3R6P9,UPAR/Ly6 domain-containing protein,Cepphus grylle (Black guillemot),109,4,79,,InterPro:IPR035076
A0A7L3R7T2,UPAR/Ly6 domain-containing protein,Cepphus grylle (Black guillemot),109,2,79,,InterPro:IPR035076
A0A7L3T2D1,UPAR/Ly6 domain-containing protein,Rissa tridactyla (Black-legged kittiwake),109,4,79,,InterPro:IPR035076
A0A7L3T2I9,Snake toxin/toxin-like domain-containing protein,Rissa tridactyla (Black-legged kittiwake),87,2,79,,InterPro:IPR035076
A0A7L3T2V1,UPAR/Ly6 domain-containing protein,Rissa tridactyla (Black-legged kittiwake),105,21,99,,InterPro:IPR035076
A0A7L3T2Z4,UPAR/Ly6 domain-containing protein,Rissa tridactyla (Black-legged kittiwake),104,4,75,,InterPro:IPR035076
A0A7L3T3P5,UPAR/Ly6 domain-containing protein,Rissa tridactyla (Black-legged kittiwake),109,2,79,,InterPro:IPR035076
A0A7L3T3V6,UPAR/Ly6 domain-containing protein,Rissa tridactyla (Black-legged kittiwake),112,7,82,,InterPro:IPR035076
A0A7L3T3Z9,Snake toxin/toxin-like domain-containing protein,Rissa tridactyla (Black-legged kittiwake),78,4,78,,InterPro:IPR035076
A0A7L3T5J1,UPAR/Ly6 domain-containing protein,Rissa tridactyla (Black-legged kittiwake),126,21,96,,InterPro:IPR035076
A0A7L3TT47,Snake toxin/toxin-like domain-containing protein,Uria aalge (Common mure),78,4,78,,InterPro:IPR035076
A0A7L3TT55,UPAR/Ly6 domain-containing protein,Uria aalge (Common mure),109,2,79,,InterPro:IPR035076
A0A7L3TT59,UPAR/Ly6 domain-containing protein,Uria aalge (Common mure),103,21,97,,InterPro:IPR035076
A0A7L3TT85,UPAR/Ly6 domain-containing protein,Uria aalge (Common mure),126,21,96,,InterPro:IPR035076
A0A7L3TTF0,UPAR/Ly6 domain-containing protein,Uria aalge (Common mure),109,4,79,,InterPro:IPR035076
A0A7L3TTX9,UPAR/Ly6 domain-containing protein,Uria aalge (Common mure),87,2,79,,InterPro:IPR035076
A0A7L3VX75,UPAR/Ly6 domain-containing protein,Molothrus ater (Brown-headed cowbird),126,21,96,,InterPro:IPR035076
A0A7L3VX83,Snake toxin/toxin-like domain-containing protein,Molothrus ater (Brown-headed cowbird),78,4,78,,InterPro:IPR035076
A0A7L3VYI6,UPAR/Ly6 domain-containing protein,Molothrus ater (Brown-headed cowbird),104,4,75,,InterPro:IPR035076
A0A7L3VYM6,UPAR/Ly6 domain-containing protein,Molothrus ater (Brown-headed cowbird),110,5,80,,InterPro:IPR035076
A0A7L3VZQ2,UPAR/Ly6 domain-containing protein,Molothrus ater (Brown-headed cowbird),109,2,79,,InterPro:IPR035076
A0A7L3VZR2,UPAR/Ly6 domain-containing protein,Molothrus ater (Brown-headed cowbird),87,2,79,,InterPro:IPR035076
A0A7L3W025,UPAR/Ly6 domain-containing protein,Molothrus ater (Brown-headed cowbird),107,17,101,,InterPro:IPR035076
A0A7L3W034,UPAR/Ly6 domain-containing protein,Molothrus ater (Brown-headed cowbird),112,7,82,,InterPro:IPR035076
A0A7L3WAX6,UPAR/Ly6 domain-containing protein,Atlantisia rogersi (Inaccessible Island rail),101,18,95,,InterPro:IPR035076
A0A7L3WHH6,Snake toxin/toxin-like domain-containing protein,Atlantisia rogersi (Inaccessible Island rail),69,6,39,,InterPro:IPR035076
A0A7L3WVF9,UPAR/Ly6 domain-containing protein,Atlantisia rogersi (Inaccessible Island rail),123,18,93,,InterPro:IPR035076
A0A7L3X967,UPAR/Ly6 domain-containing protein,Calonectris borealis (Cory's shearwater),109,4,79,,InterPro:IPR035076
A0A7L3XAS0,UPAR/Ly6 domain-containing protein,Calonectris borealis (Cory's shearwater),87,2,79,,InterPro:IPR035076
A0A7L3XGU9,UPAR/Ly6 domain-containing protein,Calonectris borealis (Cory's shearwater),104,4,75,,InterPro:IPR035076
A0A7L3XM26,UPAR/Ly6 domain-containing protein,Calonectris borealis (Cory's shearwater),112,7,82,,InterPro:IPR035076
A0A7L3XM55,UPAR/Ly6 domain-containing protein,Calonectris borealis (Cory's shearwater),109,4,79,,InterPro:IPR035076
A0A7L3XPR5,UPAR/Ly6 domain-containing protein,Calonectris borealis (Cory's shearwater),109,2,79,,InterPro:IPR035076
A0A7L3Y4H5,Snake toxin/toxin-like domain-containing protein,Calonectris borealis (Cory's shearwater),78,4,78,,InterPro:IPR035076
A0A7L3Y6Q0,UPAR/Ly6 domain-containing protein,Calonectris borealis (Cory's shearwater),102,20,96,,InterPro:IPR035076
A0A7L3YXV3,Snake toxin/toxin-like domain-containing protein,Fregetta grallaria (White-bellied storm-petrel),78,4,78,,InterPro:IPR035076
A0A7L3YXV5,UPAR/Ly6 domain-containing protein,Fregetta grallaria (White-bellied storm-petrel),112,7,82,,InterPro:IPR035076
A0A7L3YYF9,Snake toxin/toxin-like domain-containing protein,Fregetta grallaria (White-bellied storm-petrel),107,20,101,,InterPro:IPR035076
A0A7L3YZI6,UPAR/Ly6 domain-containing protein,Fregetta grallaria (White-bellied storm-petrel),109,4,79,,InterPro:IPR035076
A0A7L3Z0G0,UPAR/Ly6 domain-containing protein,Fregetta grallaria (White-bellied storm-petrel),109,2,79,,InterPro:IPR035076
A0A7L3Z0M1,UPAR/Ly6 domain-containing protein,Fregetta grallaria (White-bellied storm-petrel),87,2,79,,InterPro:IPR035076
A0A7L3Z193,UPAR/Ly6 domain-containing protein,Fregetta grallaria (White-bellied storm-petrel),104,4,75,,InterPro:IPR035076
A0A7L3ZMM5,Snake toxin/toxin-like domain-containing protein,Circaetus pectoralis (black-chested snake-eagle),106,19,100,,InterPro:IPR035076
A0A7L3ZMX0,UPAR/Ly6 domain-containing protein,Circaetus pectoralis (black-chested snake-eagle),112,7,82,,InterPro:IPR035076
A0A7L3ZNJ8,Snake toxin/toxin-like domain-containing protein,Circaetus pectoralis (black-chested snake-eagle),88,2,79,,InterPro:IPR035076
A0A7L3ZPJ1,UPAR/Ly6 domain-containing protein,Circaetus pectoralis (black-chested snake-eagle),109,2,79,,InterPro:IPR035076
A0A7L3ZPK1,UPAR/Ly6 domain-containing protein,Circaetus pectoralis (black-chested snake-eagle),127,21,97,,InterPro:IPR035076
A0A7L3ZQG7,UPAR/Ly6 domain-containing protein,Circaetus pectoralis (black-chested snake-eagle),104,4,75,,InterPro:IPR035076
A0A7L3ZRD5,Snake toxin/toxin-like domain-containing protein,Circaetus pectoralis (black-chested snake-eagle),78,4,78,,InterPro:IPR035076
A0A7L3ZRE6,UPAR/Ly6 domain-containing protein,Circaetus pectoralis (black-chested snake-eagle),109,4,79,,InterPro:IPR035076
A0A7L4B7T8,UPAR/Ly6 domain-containing protein,Phaetusa simplex (large-billed tern),101,19,95,,InterPro:IPR035076
A0A7L4B7V6,UPAR/Ly6 domain-containing protein,Phaetusa simplex (large-billed tern),112,7,82,,InterPro:IPR035076
A0A7L4B9J9,UPAR/Ly6 domain-containing protein,Phaetusa simplex (large-billed tern),107,2,77,,InterPro:IPR035076
A0A7L4BAK8,UPAR/Ly6 domain-containing protein,Phaetusa simplex (large-billed tern),87,2,79,,InterPro:IPR035076
A0A7L4BFI9,Snake toxin/toxin-like domain-containing protein,Phaetusa simplex (large-billed tern),78,4,78,,InterPro:IPR035076
A0A7L4BHR5,UPAR/Ly6 domain-containing protein,Phaetusa simplex (large-billed tern),104,4,75,,InterPro:IPR035076
A0A7L4BLP1,UPAR/Ly6 domain-containing protein,Phaetusa simplex (large-billed tern),109,4,79,,InterPro:IPR035076
A0A7L4BLQ5,UPAR/Ly6 domain-containing protein,Phaetusa simplex (large-billed tern),126,21,96,,InterPro:IPR035076
A0A7L4C7K2,UPAR/Ly6 domain-containing protein,Nyctiprogne leucopyga,109,4,79,,InterPro:IPR035076
A0A7L4C7K6,UPAR/Ly6 domain-containing protein,Nyctiprogne leucopyga,104,4,75,,InterPro:IPR035076
A0A7L4C7R3,UPAR/Ly6 domain-containing protein,Nyctiprogne leucopyga,86,2,79,,InterPro:IPR035076
A0A7L4C7R6,Snake toxin/toxin-like domain-containing protein,Nyctiprogne leucopyga,91,4,85,,InterPro:IPR035076
A0A7L4C7W5,UPAR/Ly6 domain-containing protein,Nyctiprogne leucopyga,107,2,77,,InterPro:IPR035076
A0A7L4C855,UPAR/Ly6 domain-containing protein,Nyctiprogne leucopyga,112,7,82,,InterPro:IPR035076
A0A7L4C8A9,Snake toxin/toxin-like domain-containing protein,Nyctiprogne leucopyga,78,4,78,,InterPro:IPR035076
A0A7L4C9P7,UPAR/Ly6 domain-containing protein,Nyctiprogne leucopyga,106,3,79,,InterPro:IPR035076
A0A7L4DC39,UPAR/Ly6 domain-containing protein,Eurystomus gularis,104,4,75,,InterPro:IPR035076
A0A7L4DC71,Snake toxin/toxin-like domain-containing protein,Eurystomus gularis,78,4,78,,InterPro:IPR035076
A0A7L4DCR7,Snake toxin/toxin-like domain-containing protein,Eurystomus gularis,91,4,85,,InterPro:IPR035076
A0A7L4DDQ6,UPAR/Ly6 domain-containing protein,Eurystomus gularis,109,4,79,,InterPro:IPR035076
A0A7L4DE49,UPAR/Ly6 domain-containing protein,Eurystomus gularis,108,4,79,,InterPro:IPR035076
A0A7L4DEG8,UPAR/Ly6 domain-containing protein,Eurystomus gularis,111,6,81,,InterPro:IPR035076
A0A7L4DF32,UPAR/Ly6 domain-containing protein,Eurystomus gularis,106,2,77,,InterPro:IPR035076
A0A7L4DF77,Snake toxin/toxin-like domain-containing protein,Eurystomus gularis,86,2,79,,InterPro:IPR035076
A0A7L4EE62,UPAR/Ly6 domain-containing protein,Hirundo rustica (Barn swallow),110,5,80,,InterPro:IPR035076
A0A7L4EED1,UPAR/Ly6 domain-containing protein,Hirundo rustica (Barn swallow),101,18,95,,InterPro:IPR035076
A0A7L4EEP1,UPAR/Ly6 domain-containing protein,Hirundo rustica (Barn swallow),113,2,83,,InterPro:IPR035076
A0A7L4EEY3,Snake toxin/toxin-like domain-containing protein,Hirundo rustica (Barn swallow),78,4,78,,InterPro:IPR035076
A0A7L4EG77,UPAR/Ly6 domain-containing protein,Hirundo rustica (Barn swallow),104,4,75,,InterPro:IPR035076
A0A7L4EGN6,UPAR/Ly6 domain-containing protein,Hirundo rustica (Barn swallow),112,7,82,,InterPro:IPR035076
A0A7L4EHB1,Snake toxin/toxin-like domain-containing protein,Hirundo rustica (Barn swallow),87,2,79,,InterPro:IPR035076
A0A7L4EHT6,UPAR/Ly6 domain-containing protein,Hirundo rustica (Barn swallow),126,21,96,,InterPro:IPR035076
A0A7L4G756,UPAR/Ly6 domain-containing protein,Pampusana beccarii (Western bronze ground-dove),104,4,75,,InterPro:IPR035076
A0A7L4G779,Snake toxin/toxin-like domain-containing protein,Pampusana beccarii (Western bronze ground-dove),79,4,79,,InterPro:IPR035076
A0A7L4G7A0,UPAR/Ly6 domain-containing protein,Pampusana beccarii (Western bronze ground-dove),126,21,96,,InterPro:IPR035076
A0A7L4G7J2,UPAR/Ly6 domain-containing protein,Pampusana beccarii (Western bronze ground-dove),126,21,96,,InterPro:IPR035076
A0A7L4G7M1,UPAR/Ly6 domain-containing protein,Pampusana beccarii (Western bronze ground-dove),109,2,79,,InterPro:IPR035076
A0A7L4G8N2,Snake toxin/toxin-like domain-containing protein,Pampusana beccarii (Western bronze ground-dove),87,2,79,,InterPro:IPR035076
A0A7L4G9U2,UPAR/Ly6 domain-containing protein,Pampusana beccarii (Western bronze ground-dove),112,7,82,,InterPro:IPR035076
A0A7L4GA38,Snake toxin/toxin-like domain-containing protein,Pampusana beccarii (Western bronze ground-dove),106,19,100,,InterPro:IPR035076
A0A7L4GHJ7,UPAR/Ly6 domain-containing protein,Podargus strigoides (Tawny frogmouth),112,7,82,,InterPro:IPR035076
A0A7L4GHJ9,UPAR/Ly6 domain-containing protein,Podargus strigoides (Tawny frogmouth),126,21,96,,InterPro:IPR035076
A0A7L4GHM3,UPAR/Ly6 domain-containing protein,Podargus strigoides (Tawny frogmouth),125,19,95,,InterPro:IPR035076
A0A7L4GII0,Snake toxin/toxin-like domain-containing protein,Podargus strigoides (Tawny frogmouth),78,4,78,,InterPro:IPR035076
A0A7L4GIJ5,UPAR/Ly6 domain-containing protein,Podargus strigoides (Tawny frogmouth),104,4,75,,InterPro:IPR035076
A0A7L4GIU8,UPAR/Ly6 domain-containing protein,Podargus strigoides (Tawny frogmouth),87,2,79,,InterPro:IPR035076
A0A7L4GK39,UPAR/Ly6 domain-containing protein,Podargus strigoides (Tawny frogmouth),107,2,77,,InterPro:IPR035076
A0A7L4GKD4,Snake toxin/toxin-like domain-containing protein,Podargus strigoides (Tawny frogmouth),90,4,84,,InterPro:IPR035076
A0A7L4HFU5,UPAR/Ly6 domain-containing protein,Scopus umbretta (Hammerkop),104,4,75,,InterPro:IPR035076
A0A7L4HH30,UPAR/Ly6 domain-containing protein,Scopus umbretta (Hammerkop),87,2,79,,InterPro:IPR035076
A0A7L4HJA1,Snake toxin/toxin-like domain-containing protein,Scopus umbretta (Hammerkop),78,4,78,,InterPro:IPR035076
A0A7L4HY32,UPAR/Ly6 domain-containing protein,Scopus umbretta (Hammerkop),127,21,97,,InterPro:IPR035076
A0A7L4HY71,UPAR/Ly6 domain-containing protein,Scopus umbretta (Hammerkop),107,2,77,,InterPro:IPR035076
A0A7L4HYX1,UPAR/Ly6 domain-containing protein,Scopus umbretta (Hammerkop),112,7,82,,InterPro:IPR035076
A0A7L4HZM7,UPAR/Ly6 domain-containing protein,Scopus umbretta (Hammerkop),124,19,94,,InterPro:IPR035076
A0A7L4I014,Snake toxin/toxin-like domain-containing protein,Scopus umbretta (Hammerkop),107,20,101,,InterPro:IPR035076
A0A7L4J9P6,Snake toxin/toxin-like domain-containing protein,Pomatorhinus ruficollis (streak-breasted scimitar babbler),104,4,75,,InterPro:IPR035076
A0A7L4J9Y7,Snake toxin/toxin-like domain-containing protein,Pomatorhinus ruficollis (streak-breasted scimitar babbler),87,2,79,,InterPro:IPR035076
A0A7L4JBY4,UPAR/Ly6 domain-containing protein,Pomatorhinus ruficollis (streak-breasted scimitar babbler),112,7,82,,InterPro:IPR035076
A0A7L4JBZ5,Snake toxin/toxin-like domain-containing protein,Pomatorhinus ruficollis (streak-breasted scimitar babbler),78,4,78,,InterPro:IPR035076
A0A7L4JC99,UPAR/Ly6 domain-containing protein,Pomatorhinus ruficollis (streak-breasted scimitar babbler),106,21,100,,InterPro:IPR035076
A0A7L4JEU2,UPAR/Ly6 domain-containing protein,Pomatorhinus ruficollis (streak-breasted scimitar babbler),109,2,79,,InterPro:IPR035076
A0A7L4JFE5,UPAR/Ly6 domain-containing protein,Pomatorhinus ruficollis (streak-breasted scimitar babbler),109,4,79,,InterPro:IPR035076
A0A7L4K757,Snake toxin/toxin-like domain-containing protein,Ceuthmochares aereus,87,2,79,,InterPro:IPR035076
A0A7L4K8J3,UPAR/Ly6 domain-containing protein,Ceuthmochares aereus,104,4,75,,InterPro:IPR035076
A0A7L4K8S0,UPAR/Ly6 domain-containing protein,Ceuthmochares aereus,112,7,82,,InterPro:IPR035076
A0A7L4KAW5,Snake toxin/toxin-like domain-containing protein,Ceuthmochares aereus,106,19,100,,InterPro:IPR035076
A0A7L4KBX3,UPAR/Ly6 domain-containing protein,Ceuthmochares aereus,109,4,79,,InterPro:IPR035076
A0A7L4KEP8,UPAR/Ly6 domain-containing protein,Ceuthmochares aereus,121,16,91,,InterPro:IPR035076
A0A7L4L4P8,UPAR/Ly6 domain-containing protein,Callaeas wilsoni (North Island kokako),107,2,77,,InterPro:IPR035076
A0A7L4L4Q3,UPAR/Ly6 domain-containing protein,Callaeas wilsoni (North Island kokako),104,4,75,,InterPro:IPR035076
A0A7L4L4Q5,UPAR/Ly6 domain-containing protein,Callaeas wilsoni (North Island kokako),126,21,96,,InterPro:IPR035076
A0A7L4L4S4,Snake toxin/toxin-like domain-containing protein,Callaeas wilsoni (North Island kokako),87,2,79,,InterPro:IPR035076
A0A7L4L4T7,Snake toxin/toxin-like domain-containing protein,Callaeas wilsoni (North Island kokako),78,4,78,,InterPro:IPR035076
A0A7L4L4X0,UPAR/Ly6 domain-containing protein,Callaeas wilsoni (North Island kokako),112,7,82,,InterPro:IPR035076
A0A7L4L5D3,UPAR/Ly6 domain-containing protein,Callaeas wilsoni (North Island kokako),100,17,94,,InterPro:IPR035076
A0A7L4L7L3,UPAR/Ly6 domain-containing protein,Callaeas wilsoni (North Island kokako),126,21,96,,InterPro:IPR035076
A0A7L4M9K2,UPAR/Ly6 domain-containing protein,Glareola pratincola (Collared pratincole),104,4,75,,InterPro:IPR035076
A0A7L4MAF1,Snake toxin/toxin-like domain-containing protein,Glareola pratincola (Collared pratincole),87,2,79,,InterPro:IPR035076
A0A7L4MAN8,UPAR/Ly6 domain-containing protein,Glareola pratincola (Collared pratincole),127,21,97,,InterPro:IPR035076
A0A7L4MEK5,Snake toxin/toxin-like domain-containing protein,Glareola pratincola (Collared pratincole),78,4,78,,InterPro:IPR035076
A0A7L4MGC3,UPAR/Ly6 domain-containing protein,Glareola pratincola (Collared pratincole),109,2,79,,InterPro:IPR035076
A0A7L4MHN8,UPAR/Ly6 domain-containing protein,Glareola pratincola (Collared pratincole),103,21,97,,InterPro:IPR035076
A0A7L4MJE2,UPAR/Ly6 domain-containing protein,Glareola pratincola (Collared pratincole),109,4,79,,InterPro:IPR035076
A0A7L4MLU3,UPAR/Ly6 domain-containing protein,Glareola pratincola (Collared pratincole),112,7,82,,InterPro:IPR035076
A0A7L4N9N6,UPAR/Ly6 domain-containing protein,Ceyx cyanopectus (Indigo-banded kingfisher),105,4,75,,InterPro:IPR035076
A0A7L4NDB4,Snake toxin/toxin-like domain-containing protein,Ceyx cyanopectus (Indigo-banded kingfisher),78,4,78,,InterPro:IPR035076
A0A7L4NER0,UPAR/Ly6 domain-containing protein,Ceyx cyanopectus (Indigo-banded kingfisher),126,21,96,,InterPro:IPR035076
A0A7L4NEU0,UPAR/Ly6 domain-containing protein,Ceyx cyanopectus (Indigo-banded kingfisher),87,2,79,,InterPro:IPR035076
A0A7L4NFW4,Snake toxin/toxin-like domain-containing protein,Ceyx cyanopectus (Indigo-banded kingfisher),112,25,106,,InterPro:IPR035076
A0A7L4NLJ8,UPAR/Ly6 domain-containing protein,Ceyx cyanopectus (Indigo-banded kingfisher),109,4,79,,InterPro:IPR035076
A0A7M4F4M7,UPAR/Ly6 domain-containing protein,Crocodylus porosus (Saltwater crocodile),132,27,102,,InterPro:IPR035076
A0A7M4F4X9,Snake toxin/toxin-like domain-containing protein,Crocodylus porosus (Saltwater crocodile),122,23,100,,InterPro:IPR035076
A0A7M4F506,UPAR/Ly6 domain-containing protein,Crocodylus porosus (Saltwater crocodile),125,21,94,,InterPro:IPR035076
A0A7M4F520,UPAR/Ly6 domain-containing protein,Crocodylus porosus (Saltwater crocodile),122,17,92,,InterPro:IPR035076
A0A7M4F660,UPAR/Ly6 domain-containing protein,Crocodylus porosus (Saltwater crocodile),129,21,95,,InterPro:IPR035076
A0A7M4F7J9,Snake toxin/toxin-like domain-containing protein,Crocodylus porosus (Saltwater crocodile),121,21,90,,InterPro:IPR035076
A0A7M4FZQ3,UPAR/Ly6 domain-containing protein,Crocodylus porosus (Saltwater crocodile),118,23,100,,InterPro:IPR035076
A0A7M4G012,UPAR/Ly6 domain-containing protein,Crocodylus porosus (Saltwater crocodile),133,37,103,,InterPro:IPR035076
A0A7M5V2I7,Snake toxin/toxin-like domain-containing protein,Clytia hemisphaerica,117,23,100,,InterPro:IPR035076
A0A7N4NQZ4,Snake toxin/toxin-like domain-containing protein,Sarcophilus harrisii (Tasmanian devil),124,22,98,,InterPro:IPR035076
A0A7N4NVL1,UPAR/Ly6 domain-containing protein,Sarcophilus harrisii (Tasmanian devil),169,68,137,,InterPro:IPR035076
A0A7N4P7J7,Snake toxin/toxin-like domain-containing protein,Sarcophilus harrisii (Tasmanian devil),130,25,100,,InterPro:IPR035076
A0A7N4PH60,Ly-6/neurotoxin-like protein 1,Sarcophilus harrisii (Tasmanian devil),121,21,92,,InterPro:IPR035076
A0A7N4UXV2,UPAR/Ly6 domain-containing protein,Sarcophilus harrisii (Tasmanian devil),127,21,95,,InterPro:IPR035076
A0A7N4UZB0,UPAR/Ly6 domain-containing protein,Sarcophilus harrisii (Tasmanian devil),119,18,87,,InterPro:IPR035076
A0A7N4V5L1,UPAR/Ly6 domain-containing protein,Sarcophilus harrisii (Tasmanian devil),178,61,136,,InterPro:IPR035076
A0A7N5JM21,Snake toxin/toxin-like domain-containing protein,Ailuropoda melanoleuca (Giant panda),66,21,55,,InterPro:IPR035076
A0A7N5JND0,UPAR/Ly6 domain-containing protein,Ailuropoda melanoleuca (Giant panda),122,21,96,,InterPro:IPR035076
A0A7N5JNM4,UPAR/Ly6 domain-containing protein,Ailuropoda melanoleuca (Giant panda),304,190,265,,InterPro:IPR035076
A0A7N5JS89,Snake toxin/toxin-like domain-containing protein,Ailuropoda melanoleuca (Giant panda),67,21,55,,InterPro:IPR035076
A0A7N5KDU5,UPAR/Ly6 domain-containing protein,Ailuropoda melanoleuca (Giant panda),128,21,93,,InterPro:IPR035076
A0A7N5KG31,UPAR/Ly6 domain-containing protein,Ailuropoda melanoleuca (Giant panda),258,151,223,,InterPro:IPR035076
A0A7N5KI10,Snake toxin/toxin-like domain-containing protein,Ailuropoda melanoleuca (Giant panda),67,21,55,,InterPro:IPR035076
A0A7N5P423,Snake toxin/toxin-like domain-containing protein,Ailuropoda melanoleuca (Giant panda),351,190,224,,InterPro:IPR035076
A0A7N5P423,Snake toxin/toxin-like domain-containing protein,Ailuropoda melanoleuca (Giant panda),351,278,312,,InterPro:IPR035076
A0A7N5P869,Ly-6/neurotoxin-like protein 1,Ailuropoda melanoleuca (Giant panda),114,21,92,,InterPro:IPR035076
A0A7N5ZUC8,Snake toxin/toxin-like domain-containing protein,Anabas testudineus (Climbing perch),90,20,90,,InterPro:IPR035076
A0A7N6AJP7,UPAR/Ly6 domain-containing protein,Anabas testudineus (Climbing perch),207,114,184,,InterPro:IPR035076
A0A7N6FJK5,UPAR/Ly6 domain-containing protein,Anabas testudineus (Climbing perch),245,114,181,,InterPro:IPR035076
A0A7N9CG56,UPAR/Ly6 domain-containing protein,Macaca fascicularis (Crab-eating macaque),123,22,91,,InterPro:IPR035076
A0A7N9CJE2,Snake toxin/toxin-like domain-containing protein,Macaca fascicularis (Crab-eating macaque),177,23,92,,InterPro:IPR035076
A0A7N9CPV3,Snake toxin/toxin-like domain-containing protein,Macaca fascicularis (Crab-eating macaque),165,42,122,,InterPro:IPR035076
A0A7N9CQ74,UPAR/Ly6 domain-containing protein,Macaca fascicularis (Crab-eating macaque),114,12,84,,InterPro:IPR035076
A0A7N9D041,UPAR/Ly6 domain-containing protein,Macaca fascicularis (Crab-eating macaque),143,23,57,,InterPro:IPR035076
A0A7N9D2U2,UPAR/Ly6 domain-containing protein,Macaca fascicularis (Crab-eating macaque),141,42,114,,InterPro:IPR035076
A0A7N9DEF5,Snake toxin/toxin-like domain-containing protein,Macaca fascicularis (Crab-eating macaque),425,304,378,,InterPro:IPR035076
A0A7N9IAF5,Snake toxin/toxin-like domain-containing protein,Macaca fascicularis (Crab-eating macaque),343,222,296,,InterPro:IPR035076
A0A7R5L5R2,UPAR/Ly6 domain-containing protein,Pipra filicauda (Wire-tailed manakin),142,54,130,,InterPro:IPR035076
A0A7R8GZ22,Protein quiver,Lepeophtheirus salmonis (Salmon louse),279,21,72,,InterPro:IPR035076
A0A7R8GZ46,Snake toxin/toxin-like domain-containing protein,Lepeophtheirus salmonis (Salmon louse),238,20,71,,InterPro:IPR035076
A0A7R8GZS9,Snake toxin/toxin-like domain-containing protein,Lepeophtheirus salmonis (Salmon louse),239,21,72,,InterPro:IPR035076
A0A7R9F9I1,Snake toxin/toxin-like domain-containing protein,Timema bartmani,214,39,106,,InterPro:IPR035076
A0A7R9IQQ9,Snake toxin/toxin-like domain-containing protein,Timema tahoe,214,39,106,,InterPro:IPR035076
A0A7R9QP74,Snake toxin/toxin-like domain-containing protein,Oppiella nova,77,6,64,,InterPro:IPR035076
A0A7S1U4Z0,Snake toxin/toxin-like domain-containing protein,Phaeomonas parva,142,27,89,,InterPro:IPR035076
A0A7S3LVF5,Snake toxin/toxin-like domain-containing protein,Palpitomonas bilix,114,20,89,,InterPro:IPR035076
A0A803J2Q1,UPAR/Ly6 domain-containing protein,Xenopus tropicalis (Western clawed frog),126,21,96,,InterPro:IPR035076
A0A803JE71,Snake toxin/toxin-like domain-containing protein,Xenopus tropicalis (Western clawed frog),83,21,82,,InterPro:IPR035076
A0A803JJY5,Snake toxin/toxin-like domain-containing protein,Xenopus tropicalis (Western clawed frog),83,21,82,,InterPro:IPR035076
A0A803JVX7,UPAR/Ly6 domain-containing protein,Xenopus tropicalis (Western clawed frog),145,40,115,,InterPro:IPR035076
A0A803JW80,Snake toxin/toxin-like domain-containing protein,Xenopus tropicalis (Western clawed frog),48,2,31,,InterPro:IPR035076
A0A803JXQ3,UPAR/Ly6 domain-containing protein,Xenopus tropicalis (Western clawed frog),125,20,95,,InterPro:IPR035076
A0A803JYD1,Snake toxin/toxin-like domain-containing protein,Xenopus tropicalis (Western clawed frog),79,32,63,,InterPro:IPR035076
A0A803K1G0,Snake toxin/toxin-like domain-containing protein,Xenopus tropicalis (Western clawed frog),83,21,82,,InterPro:IPR035076
A0A803K2A3,Snake toxin/toxin-like domain-containing protein,Xenopus tropicalis (Western clawed frog),83,21,82,,InterPro:IPR035076
A0A803K8S8,UPAR/Ly6 domain-containing protein,Xenopus tropicalis (Western clawed frog),114,13,84,,InterPro:IPR035076
A0A803KE06,Snake toxin/toxin-like domain-containing protein,Xenopus tropicalis (Western clawed frog),83,21,82,,InterPro:IPR035076
A0A803KET1,Snake toxin/toxin-like domain-containing protein,Xenopus tropicalis (Western clawed frog),84,21,83,,InterPro:IPR035076
A0A803SPG0,UPAR/Ly6 domain-containing protein,Anolis carolinensis (Green anole),124,19,94,,InterPro:IPR035076
A0A803SUY0,UPAR/Ly6 domain-containing protein,Anolis carolinensis (Green anole),134,28,105,,InterPro:IPR035076
A0A803SX93,UPAR/Ly6 domain-containing protein,Anolis carolinensis (Green anole),126,21,96,,InterPro:IPR035076
A0A803T8Q0,UPAR/Ly6 domain-containing protein,Anolis carolinensis (Green anole),289,20,51,,InterPro:IPR035076
A0A803THN4,Snake toxin/toxin-like domain-containing protein,Anolis carolinensis (Green anole),67,23,57,,InterPro:IPR035076
A0A803TJ73,UPAR/Ly6 domain-containing protein,Anolis carolinensis (Green anole),130,28,100,,InterPro:IPR035076
A0A803TLH1,UPAR/Ly6 domain-containing protein,Anolis carolinensis (Green anole),123,21,93,,InterPro:IPR035076
A0A803VR80,UPAR/Ly6 domain-containing protein,Ficedula albicollis (Collared flycatcher),174,69,144,,InterPro:IPR035076
A0A803VWQ9,UPAR/Ly6 domain-containing protein,Ficedula albicollis (Collared flycatcher),122,17,92,,InterPro:IPR035076
A0A803XNI8,Snake toxin/toxin-like domain-containing protein,Meleagris gallopavo (Wild turkey),126,21,95,,InterPro:IPR035076
A0A803XY71,UPAR/Ly6 domain-containing protein,Meleagris gallopavo (Wild turkey),127,21,98,,InterPro:IPR035076
A0A803YMP9,UPAR/Ly6 domain-containing protein,Meleagris gallopavo (Wild turkey),109,21,97,,InterPro:IPR035076
A0A811L5L6,Snake toxin/toxin-like domain-containing protein,Bursaphelenchus okinawaensis,115,19,91,,InterPro:IPR035076
A0A811L5Z4,Snake toxin/toxin-like domain-containing protein,Bursaphelenchus okinawaensis,101,12,80,,InterPro:IPR035076
A0A811L8Q8,Snake toxin/toxin-like domain-containing protein,Bursaphelenchus okinawaensis,104,22,82,,InterPro:IPR035076
A0A811ZXL8,UPAR/Ly6 domain-containing protein,Nyctereutes procyonoides (Raccoon dog),130,26,103,,InterPro:IPR035076
A0A811ZXT1,Snake toxin/toxin-like domain-containing protein,Nyctereutes procyonoides (Raccoon dog),113,25,101,,InterPro:IPR035076
A0A811ZYB4,Secreted Ly-6/uPAR domain-containing protein 2,Nyctereutes procyonoides (Raccoon dog),95,21,93,,InterPro:IPR035076
A0A811ZYL6,UPAR/Ly6 domain-containing protein,Nyctereutes procyonoides (Raccoon dog),119,21,89,,InterPro:IPR035076
A0A811ZZB3,UPAR/Ly6 domain-containing protein,Nyctereutes procyonoides (Raccoon dog),124,21,93,,InterPro:IPR035076
A0A811ZZL7,UPAR/Ly6 domain-containing protein,Nyctereutes procyonoides (Raccoon dog),130,21,98,,InterPro:IPR035076
A0A811ZZM4,UPAR/Ly6 domain-containing protein,Nyctereutes procyonoides (Raccoon dog),128,21,93,,InterPro:IPR035076
A0A811ZZT1,Ly-6/neurotoxin-like protein 1,Nyctereutes procyonoides (Raccoon dog),116,21,92,,InterPro:IPR035076
A0A812A058,Snake toxin/toxin-like domain-containing protein,Nyctereutes procyonoides (Raccoon dog),205,91,166,,InterPro:IPR035076
A0A813M308,Snake toxin/toxin-like domain-containing protein,Brachionus calyciflorus,202,104,177,,InterPro:IPR035076
A0A813M308,Snake toxin/toxin-like domain-containing protein,Brachionus calyciflorus,202,26,96,,InterPro:IPR035076
A0A813MQH7,Snake toxin/toxin-like domain-containing protein,Brachionus calyciflorus,108,10,80,,InterPro:IPR035076
A0A813NAN6,Snake toxin/toxin-like domain-containing protein,Adineta ricciae (Rotifer),123,28,99,,InterPro:IPR035076
A0A813NM26,Snake toxin/toxin-like domain-containing protein,Brachionus calyciflorus,129,22,90,,InterPro:IPR035076
A0A813P019,Snake toxin/toxin-like domain-containing protein,Brachionus calyciflorus,119,49,105,,InterPro:IPR035076
A0A813PAN9,Snake toxin/toxin-like domain-containing protein,Brachionus calyciflorus,108,23,99,,InterPro:IPR035076
A0A813PP28,Snake toxin/toxin-like domain-containing protein,Brachionus calyciflorus,127,25,99,,InterPro:IPR035076
A0A813Q1J8,Snake toxin/toxin-like domain-containing protein,Brachionus calyciflorus,115,20,89,,InterPro:IPR035076
A0A813QTI5,Snake toxin/toxin-like domain-containing protein,Brachionus calyciflorus,114,21,90,,InterPro:IPR035076
A0A813QZ24,Snake toxin/toxin-like domain-containing protein,Rotaria sordida,118,26,91,,InterPro:IPR035076
A0A813RMX7,Snake toxin/toxin-like domain-containing protein,Adineta ricciae (Rotifer),140,26,102,,InterPro:IPR035076
A0A813U179,Snake toxin/toxin-like domain-containing protein,Adineta steineri,133,26,102,,InterPro:IPR035076
A0A813UYC3,Snake toxin/toxin-like domain-containing protein,Brachionus calyciflorus,93,23,93,,InterPro:IPR035076
A0A813V367,Snake toxin/toxin-like domain-containing protein,Rotaria sordida,137,32,104,,InterPro:IPR035076
A0A813W6N6,Snake toxin/toxin-like domain-containing protein,Brachionus calyciflorus,125,31,101,,InterPro:IPR035076
A0A813WFI4,Snake toxin/toxin-like domain-containing protein,Brachionus calyciflorus,143,21,98,,InterPro:IPR035076
A0A813WGK5,Snake toxin/toxin-like domain-containing protein,Rotaria sordida,99,27,98,,InterPro:IPR035076
A0A813X058,Snake toxin/toxin-like domain-containing protein,Rotaria sordida,99,27,98,,InterPro:IPR035076
A0A813X3U6,Snake toxin/toxin-like domain-containing protein,Brachionus calyciflorus,121,26,95,,InterPro:IPR035076
A0A813XA05,Snake toxin/toxin-like domain-containing protein,Brachionus calyciflorus,114,20,89,,InterPro:IPR035076
A0A813XHA2,Snake toxin/toxin-like domain-containing protein,Brachionus calyciflorus,116,23,91,,InterPro:IPR035076
A0A813XKR2,Snake toxin/toxin-like domain-containing protein,Brachionus calyciflorus,109,37,84,,InterPro:IPR035076
A0A813XQD6,UPAR/Ly6 domain-containing protein,Brachionus calyciflorus,122,25,95,,InterPro:IPR035076
A0A813XS53,Snake toxin/toxin-like domain-containing protein,Rotaria sordida,134,34,106,,InterPro:IPR035076
A0A813YCB4,Snake toxin/toxin-like domain-containing protein,Adineta ricciae (Rotifer),119,23,99,,InterPro:IPR035076
A0A813YVA6,Snake toxin/toxin-like domain-containing protein,Brachionus calyciflorus,124,27,95,,InterPro:IPR035076
A0A813YW18,Snake toxin/toxin-like domain-containing protein,Rotaria sordida,118,26,91,,InterPro:IPR035076
A0A813ZD58,Snake toxin/toxin-like domain-containing protein,Rotaria sordida,118,26,91,,InterPro:IPR035076
A0A813ZH07,Snake toxin/toxin-like domain-containing protein,Brachionus calyciflorus,164,21,90,,InterPro:IPR035076
A0A813ZRW5,Snake toxin/toxin-like domain-containing protein,Rotaria sp. Silwood1,742,638,711,,InterPro:IPR035076
A0A814ASR0,Snake toxin/toxin-like domain-containing protein,Brachionus calyciflorus,224,29,109,,InterPro:IPR035076
A0A814B1R6,Snake toxin/toxin-like domain-containing protein,Rotaria sp. Silwood1,137,33,104,,InterPro:IPR035076
A0A814BKY7,Snake toxin/toxin-like domain-containing protein,Brachionus calyciflorus,207,52,126,,InterPro:IPR035076
A0A814DSB1,Snake toxin/toxin-like domain-containing protein,Brachionus calyciflorus,111,28,108,,InterPro:IPR035076
A0A814DVU7,Snake toxin/toxin-like domain-containing protein,Brachionus calyciflorus,99,27,98,,InterPro:IPR035076
A0A814DY05,Snake toxin/toxin-like domain-containing protein,Brachionus calyciflorus,104,25,93,,InterPro:IPR035076
A0A814EPP6,Snake toxin/toxin-like domain-containing protein,Brachionus calyciflorus,184,26,85,,InterPro:IPR035076
A0A814FUF5,Snake toxin/toxin-like domain-containing protein,Rotaria magnacalcarata,118,20,91,,InterPro:IPR035076
A0A814GNJ4,Snake toxin/toxin-like domain-containing protein,Brachionus calyciflorus,190,102,153,,InterPro:IPR035076
A0A814H315,Snake toxin/toxin-like domain-containing protein,Brachionus calyciflorus,97,44,96,,InterPro:IPR035076
A0A814HKF3,Snake toxin/toxin-like domain-containing protein,Brachionus calyciflorus,115,22,91,,InterPro:IPR035076
A0A814J0L7,Snake toxin/toxin-like domain-containing protein,Brachionus calyciflorus,128,23,97,,InterPro:IPR035076
A0A814JU22,Snake toxin/toxin-like domain-containing protein,Rotaria sp. Silwood1,742,638,711,,InterPro:IPR035076
A0A814M5N4,Snake toxin/toxin-like domain-containing protein,Brachionus calyciflorus,107,23,92,,InterPro:IPR035076
A0A814MDZ6,Snake toxin/toxin-like domain-containing protein,Rotaria magnacalcarata,128,27,103,,InterPro:IPR035076
A0A814MY11,Snake toxin/toxin-like domain-containing protein,Brachionus calyciflorus,120,37,88,,InterPro:IPR035076
A0A814PW49,Snake toxin/toxin-like domain-containing protein,Brachionus calyciflorus,122,22,90,,InterPro:IPR035076
A0A814QFT3,Snake toxin/toxin-like domain-containing protein,Adineta ricciae (Rotifer),123,28,99,,InterPro:IPR035076
A0A814RWG3,Snake toxin/toxin-like domain-containing protein,Brachionus calyciflorus,136,45,111,,InterPro:IPR035076
A0A814TW76,Snake toxin/toxin-like domain-containing protein,Adineta ricciae (Rotifer),132,26,104,,InterPro:IPR035076
A0A814Y0H2,Snake toxin/toxin-like domain-containing protein,Rotaria sp. Silwood1,128,31,103,,InterPro:IPR035076
A0A814YG89,Snake toxin/toxin-like domain-containing protein,Rotaria sordida,115,13,87,,InterPro:IPR035076
A0A814YI08,Snake toxin/toxin-like domain-containing protein,Rotaria sordida,129,27,101,,InterPro:IPR035076
A0A814Z0C2,Snake toxin/toxin-like domain-containing protein,Rotaria sordida,129,27,101,,InterPro:IPR035076
A0A814ZND5,Snake toxin/toxin-like domain-containing protein,Rotaria sordida,130,26,99,,InterPro:IPR035076
A0A814ZSY1,Snake toxin/toxin-like domain-containing protein,Rotaria sordida,134,34,106,,InterPro:IPR035076
A0A815IKZ7,Snake toxin/toxin-like domain-containing protein,Adineta steineri,133,26,102,,InterPro:IPR035076
A0A815JSS8,Snake toxin/toxin-like domain-containing protein,Rotaria sordida,131,31,103,,InterPro:IPR035076
A0A815KNW2,Snake toxin/toxin-like domain-containing protein,Rotaria magnacalcarata,125,25,97,,InterPro:IPR035076
A0A815P4A2,Snake toxin/toxin-like domain-containing protein,Adineta steineri,116,26,91,,InterPro:IPR035076
A0A815PAI1,Snake toxin/toxin-like domain-containing protein,Adineta steineri,182,26,91,,InterPro:IPR035076
A0A815T7E1,Snake toxin/toxin-like domain-containing protein,Adineta steineri,118,26,91,,InterPro:IPR035076
A0A815U662,Snake toxin/toxin-like domain-containing protein,Rotaria magnacalcarata,134,33,106,,InterPro:IPR035076
A0A815WW45,Snake toxin/toxin-like domain-containing protein,Rotaria magnacalcarata,131,29,102,,InterPro:IPR035076
A0A816B6Q4,Snake toxin/toxin-like domain-containing protein,Adineta ricciae (Rotifer),132,26,104,,InterPro:IPR035076
A0A816DA11,Snake toxin/toxin-like domain-containing protein,Rotaria magnacalcarata,125,25,97,,InterPro:IPR035076
A0A816ET63,Snake toxin/toxin-like domain-containing protein,Adineta steineri,120,25,92,,InterPro:IPR035076
A0A816LJM5,Snake toxin/toxin-like domain-containing protein,Rotaria magnacalcarata,125,25,97,,InterPro:IPR035076
A0A816LUQ1,Snake toxin/toxin-like domain-containing protein,Rotaria magnacalcarata,131,29,102,,InterPro:IPR035076
A0A816SWG3,Snake toxin/toxin-like domain-containing protein,Rotaria magnacalcarata,134,33,106,,InterPro:IPR035076
A0A817BVH5,Snake toxin/toxin-like domain-containing protein,Rotaria sp. Silwood2,451,386,420,,InterPro:IPR035076
A0A817DQ25,Snake toxin/toxin-like domain-containing protein,Rotaria sp. Silwood2,115,19,87,,InterPro:IPR035076
A0A817HP88,Snake toxin/toxin-like domain-containing protein,Rotaria sp. Silwood2,251,186,220,,InterPro:IPR035076
A0A817P5C6,Snake toxin/toxin-like domain-containing protein,Rotaria socialis,131,31,102,,InterPro:IPR035076
A0A817TT10,Snake toxin/toxin-like domain-containing protein,Rotaria socialis,125,25,97,,InterPro:IPR035076
A0A817UKN4,Snake toxin/toxin-like domain-containing protein,Rotaria socialis,194,93,166,,InterPro:IPR035076
A0A817UNG4,Snake toxin/toxin-like domain-containing protein,Rotaria socialis,125,25,97,,InterPro:IPR035076
A0A817WJV9,Snake toxin/toxin-like domain-containing protein,Rotaria socialis,194,93,166,,InterPro:IPR035076
A0A817WJW8,Snake toxin/toxin-like domain-containing protein,Rotaria socialis,125,25,97,,InterPro:IPR035076
A0A817X9B5,Snake toxin/toxin-like domain-containing protein,Rotaria socialis,134,33,106,,InterPro:IPR035076
A0A817ZVK5,Snake toxin/toxin-like domain-containing protein,Rotaria sp. Silwood1,119,11,83,,InterPro:IPR035076
A0A818APG8,Snake toxin/toxin-like domain-containing protein,Rotaria socialis,121,19,95,,InterPro:IPR035076
A0A818DL08,Snake toxin/toxin-like domain-containing protein,Rotaria sp. Silwood1,132,28,101,,InterPro:IPR035076
A0A818H758,Snake toxin/toxin-like domain-containing protein,Rotaria socialis,118,20,91,,InterPro:IPR035076
A0A818IE83,Snake toxin/toxin-like domain-containing protein,Rotaria socialis,121,19,95,,InterPro:IPR035076
A0A818IRV0,Snake toxin/toxin-like domain-containing protein,Adineta steineri,117,10,86,,InterPro:IPR035076
A0A818L3B7,Snake toxin/toxin-like domain-containing protein,Rotaria sordida,81,9,80,,InterPro:IPR035076
A0A818M053,Snake toxin/toxin-like domain-containing protein,Rotaria sp. Silwood1,105,27,101,,InterPro:IPR035076
A0A818PXL8,Snake toxin/toxin-like domain-containing protein,Rotaria sordida,99,27,98,,InterPro:IPR035076
A0A818R344,Snake toxin/toxin-like domain-containing protein,Adineta steineri,124,32,103,,InterPro:IPR035076
A0A818R688,Snake toxin/toxin-like domain-containing protein,Rotaria sp. Silwood1,276,174,248,,InterPro:IPR035076
A0A818S4T2,Snake toxin/toxin-like domain-containing protein,Rotaria sp. Silwood1,68,7,40,,InterPro:IPR035076
A0A818TK00,Snake toxin/toxin-like domain-containing protein,Adineta steineri,124,32,103,,InterPro:IPR035076
A0A818VB06,Snake toxin/toxin-like domain-containing protein,Rotaria sordida,131,31,103,,InterPro:IPR035076
A0A818VZH5,Snake toxin/toxin-like domain-containing protein,Adineta steineri,133,26,102,,InterPro:IPR035076
A0A818WR27,Snake toxin/toxin-like domain-containing protein,Adineta steineri,102,10,75,,InterPro:IPR035076
A0A818WVY2,Snake toxin/toxin-like domain-containing protein,Rotaria sordida,131,31,103,,InterPro:IPR035076
A0A818YA24,Snake toxin/toxin-like domain-containing protein,Rotaria magnacalcarata,128,28,103,,InterPro:IPR035076
A0A818YI93,Snake toxin/toxin-like domain-containing protein,Rotaria socialis,99,27,98,,InterPro:IPR035076
A0A818ZQB4,Snake toxin/toxin-like domain-containing protein,Adineta steineri,133,26,102,,InterPro:IPR035076
A0A819C4T8,Snake toxin/toxin-like domain-containing protein,Rotaria magnacalcarata,125,25,97,,InterPro:IPR035076
A0A819DNG2,Snake toxin/toxin-like domain-containing protein,Rotaria sordida,137,32,104,,InterPro:IPR035076
A0A819F3U3,Snake toxin/toxin-like domain-containing protein,Rotaria sp. Silwood1,106,14,79,,InterPro:IPR035076
A0A819FIU2,Snake toxin/toxin-like domain-containing protein,Rotaria sp. Silwood2,158,58,130,,InterPro:IPR035076
A0A819FKE3,Snake toxin/toxin-like domain-containing protein,Rotaria sp. Silwood2,300,235,269,,InterPro:IPR035076
A0A819FTE7,Snake toxin/toxin-like domain-containing protein,Adineta steineri,120,25,92,,InterPro:IPR035076
A0A819LK33,Snake toxin/toxin-like domain-containing protein,Rotaria sp. Silwood2,137,32,104,,InterPro:IPR035076
A0A819N783,Snake toxin/toxin-like domain-containing protein,Adineta steineri,120,25,92,,InterPro:IPR035076
A0A819NXA1,Snake toxin/toxin-like domain-containing protein,Rotaria magnacalcarata,111,10,83,,InterPro:IPR035076
A0A820CBU5,Snake toxin/toxin-like domain-containing protein,Rotaria sp. Silwood2,94,32,66,,InterPro:IPR035076
A0A820CG08,Snake toxin/toxin-like domain-containing protein,Rotaria sp. Silwood2,703,638,672,,InterPro:IPR035076
A0A820D0Q3,Snake toxin/toxin-like domain-containing protein,Adineta steineri,124,32,103,,InterPro:IPR035076
A0A820EQE4,Snake toxin/toxin-like domain-containing protein,Adineta steineri,124,32,103,,InterPro:IPR035076
A0A820F434,Snake toxin/toxin-like domain-containing protein,Rotaria sp. Silwood2,128,32,103,,InterPro:IPR035076
A0A820G7G3,Snake toxin/toxin-like domain-containing protein,Rotaria sordida,110,8,82,,InterPro:IPR035076
A0A820HM71,Snake toxin/toxin-like domain-containing protein,Rotaria sordida,117,9,81,,InterPro:IPR035076
A0A820K910,Snake toxin/toxin-like domain-containing protein,Adineta steineri,110,3,79,,InterPro:IPR035076
A0A820L598,Snake toxin/toxin-like domain-containing protein,Adineta steineri,97,26,73,,InterPro:IPR035076
A0A820P709,Snake toxin/toxin-like domain-containing protein,Adineta steineri,82,11,58,,InterPro:IPR035076
A0A820SCW8,Snake toxin/toxin-like domain-containing protein,Rotaria socialis,193,93,165,,InterPro:IPR035076
A0A820SX69,Snake toxin/toxin-like domain-containing protein,Rotaria sp. Silwood2,128,31,103,,InterPro:IPR035076
A0A820ZSN0,Snake toxin/toxin-like domain-containing protein,Rotaria sp. Silwood1,816,712,785,,InterPro:IPR035076
A0A821EBB2,Snake toxin/toxin-like domain-containing protein,Rotaria sp. Silwood1,816,712,785,,InterPro:IPR035076
A0A821GXM4,Snake toxin/toxin-like domain-containing protein,Rotaria socialis,71,5,65,,InterPro:IPR035076
A0A821PJE7,Snake toxin/toxin-like domain-containing protein,Rotaria sp. Silwood1,129,27,101,,InterPro:IPR035076
A0A821V032,Snake toxin/toxin-like domain-containing protein,Rotaria sp. Silwood1,115,23,88,,InterPro:IPR035076
A0A821ZN35,Snake toxin/toxin-like domain-containing protein,Rotaria sp. Silwood1,105,8,80,,InterPro:IPR035076
A0A821ZY23,Snake toxin/toxin-like domain-containing protein,Rotaria sp. Silwood1,256,154,228,,InterPro:IPR035076
A0A822B9Y6,Snake toxin/toxin-like domain-containing protein,Rotaria sp. Silwood1,129,27,101,,InterPro:IPR035076
A0A833ZP93,UPAR/Ly6 domain-containing protein,Phyllostomus discolor (pale spear-nosed bat),128,21,93,,InterPro:IPR035076
A0A833ZWI5,Snake toxin/toxin-like domain-containing protein,Phyllostomus discolor (pale spear-nosed bat),80,2,56,,InterPro:IPR035076
A0A833ZWJ5,Snake toxin/toxin-like domain-containing protein,Phyllostomus discolor (pale spear-nosed bat),82,23,58,,InterPro:IPR035076
A0A833ZZN5,UPAR/Ly6 domain-containing protein,Phyllostomus discolor (pale spear-nosed bat),122,23,100,,InterPro:IPR035076
A0A834L3C6,UPAR/Ly6 domain-containing protein,Oryzias melastigma (Marine medaka),192,104,167,,InterPro:IPR035076
A0A835NMH4,UPAR/Ly6 domain-containing protein,Lamprotornis superbus,1164,244,319,,InterPro:IPR035076
A0A835NMH4,UPAR/Ly6 domain-containing protein,Lamprotornis superbus,1164,141,185,,InterPro:IPR035076
A0A835NMY6,UPAR/Ly6 domain-containing protein,Lamprotornis superbus,456,62,139,,InterPro:IPR035076
A0A835NPB9,Snake toxin/toxin-like domain-containing protein,Lamprotornis superbus,205,8,41,,InterPro:IPR035076
A0A835NPN2,UPAR/Ly6 domain-containing protein,Lamprotornis superbus,326,221,296,,InterPro:IPR035076
A0A835NPN2,UPAR/Ly6 domain-containing protein,Lamprotornis superbus,326,6,81,,InterPro:IPR035076
A0A835ZYH2,UPAR/Ly6 domain-containing protein,Ovis aries (Sheep),315,83,141,,InterPro:IPR035076
A0A835ZYH2,UPAR/Ly6 domain-containing protein,Ovis aries (Sheep),315,208,280,,InterPro:IPR035076
A0A836D089,UPAR/Ly6 domain-containing protein,Ovis aries (Sheep),187,78,155,,InterPro:IPR035076
A0A850T8T8,Snake toxin/toxin-like domain-containing protein,Grus americana (Whooping crane),112,25,106,,InterPro:IPR035076
A0A850T8U7,UPAR/Ly6 domain-containing protein,Grus americana (Whooping crane),109,4,79,,InterPro:IPR035076
A0A850TBL2,UPAR/Ly6 domain-containing protein,Grus americana (Whooping crane),87,2,79,,InterPro:IPR035076
A0A850TD16,UPAR/Ly6 domain-containing protein,Grus americana (Whooping crane),127,21,97,,InterPro:IPR035076
A0A850TFA0,UPAR/Ly6 domain-containing protein,Grus americana (Whooping crane),107,2,77,,InterPro:IPR035076
A0A850THN3,UPAR/Ly6 domain-containing protein,Grus americana (Whooping crane),112,7,82,,InterPro:IPR035076
A0A850THW4,UPAR/Ly6 domain-containing protein,Grus americana (Whooping crane),104,4,75,,InterPro:IPR035076
A0A850TJQ1,Snake toxin/toxin-like domain-containing protein,Grus americana (Whooping crane),78,4,78,,InterPro:IPR035076
A0A850UWW1,UPAR/Ly6 domain-containing protein,Chloropsis hardwickii,109,2,79,,InterPro:IPR035076
A0A850UX21,UPAR/Ly6 domain-containing protein,Chloropsis hardwickii,110,5,80,,InterPro:IPR035076
A0A850UXX8,UPAR/Ly6 domain-containing protein,Chloropsis hardwickii,112,7,82,,InterPro:IPR035076
A0A850UZ54,Snake toxin/toxin-like domain-containing protein,Chloropsis hardwickii,78,4,78,,InterPro:IPR035076
A0A850V0M0,UPAR/Ly6 domain-containing protein,Chloropsis hardwickii,104,4,75,,InterPro:IPR035076
A0A850V1Y2,Snake toxin/toxin-like domain-containing protein,Chloropsis hardwickii,100,17,94,,InterPro:IPR035076
A0A850V3M1,UPAR/Ly6 domain-containing protein,Chloropsis hardwickii,126,21,96,,InterPro:IPR035076
A0A850V3P3,UPAR/Ly6 domain-containing protein,Chloropsis hardwickii,87,2,79,,InterPro:IPR035076
A0A850VNF7,UPAR/Ly6 domain-containing protein,Fregata magnificens (Magnificent frigatebird),112,7,82,,InterPro:IPR035076
A0A850VNK2,UPAR/Ly6 domain-containing protein,Fregata magnificens (Magnificent frigatebird),107,2,77,,InterPro:IPR035076
A0A850VT81,UPAR/Ly6 domain-containing protein,Fregata magnificens (Magnificent frigatebird),126,22,97,,InterPro:IPR035076
A0A850VT89,UPAR/Ly6 domain-containing protein,Fregata magnificens (Magnificent frigatebird),103,21,97,,InterPro:IPR035076
A0A850VUC1,Snake toxin/toxin-like domain-containing protein,Fregata magnificens (Magnificent frigatebird),78,4,78,,InterPro:IPR035076
A0A850VUX4,UPAR/Ly6 domain-containing protein,Fregata magnificens (Magnificent frigatebird),109,4,79,,InterPro:IPR035076
A0A850VZ13,UPAR/Ly6 domain-containing protein,Fregata magnificens (Magnificent frigatebird),104,4,75,,InterPro:IPR035076
A0A850WBY8,Snake toxin/toxin-like domain-containing protein,Fregata magnificens (Magnificent frigatebird),86,2,79,,InterPro:IPR035076
A0A850WYU0,UPAR/Ly6 domain-containing protein,Piaya cayana (Common squirrel cuckoo),109,4,79,,InterPro:IPR035076
A0A850X2M6,Snake toxin/toxin-like domain-containing protein,Piaya cayana (Common squirrel cuckoo),78,4,78,,InterPro:IPR035076
A0A850X6B4,UPAR/Ly6 domain-containing protein,Piaya cayana (Common squirrel cuckoo),109,4,79,,InterPro:IPR035076
A0A850X6D8,UPAR/Ly6 domain-containing protein,Piaya cayana (Common squirrel cuckoo),106,4,81,,InterPro:IPR035076
A0A850X9I0,UPAR/Ly6 domain-containing protein,Piaya cayana (Common squirrel cuckoo),104,4,75,,InterPro:IPR035076
A0A850XCP1,UPAR/Ly6 domain-containing protein,Piaya cayana (Common squirrel cuckoo),86,4,80,,InterPro:IPR035076
A0A850XG75,UPAR/Ly6 domain-containing protein,Piaya cayana (Common squirrel cuckoo),109,2,79,,InterPro:IPR035076
A0A850XM60,UPAR/Ly6 domain-containing protein,Piaya cayana (Common squirrel cuckoo),112,7,82,,InterPro:IPR035076
A0A850Y4C0,UPAR/Ly6 domain-containing protein,Aegithalos caudatus (Long-tailed tit),107,2,77,,InterPro:IPR035076
A0A850Y4C9,UPAR/Ly6 domain-containing protein,Aegithalos caudatus (Long-tailed tit),112,7,82,,InterPro:IPR035076
A0A850Y5T3,UPAR/Ly6 domain-containing protein,Aegithalos caudatus (Long-tailed tit),94,4,88,,InterPro:IPR035076
A0A850Y6X5,UPAR/Ly6 domain-containing protein,Aegithalos caudatus (Long-tailed tit),104,4,75,,InterPro:IPR035076
A0A850Y6Y5,UPAR/Ly6 domain-containing protein,Aegithalos caudatus (Long-tailed tit),109,5,80,,InterPro:IPR035076
A0A850YAS2,Snake toxin/toxin-like domain-containing protein,Aegithalos caudatus (Long-tailed tit),78,4,78,,InterPro:IPR035076
A0A850YAS9,UPAR/Ly6 domain-containing protein,Aegithalos caudatus (Long-tailed tit),109,4,79,,InterPro:IPR035076
A0A850YIM7,Snake toxin/toxin-like domain-containing protein,Aegithalos caudatus (Long-tailed tit),86,2,79,,InterPro:IPR035076
A0A850Z4T6,UPAR/Ly6 domain-containing protein,Tichodroma muraria,109,2,79,,InterPro:IPR035076
A0A850ZBK4,UPAR/Ly6 domain-containing protein,Tichodroma muraria,110,7,80,,InterPro:IPR035076
A0A850ZBS9,UPAR/Ly6 domain-containing protein,Tichodroma muraria,100,17,94,,InterPro:IPR035076
A0A850ZDZ7,UPAR/Ly6 domain-containing protein,Tichodroma muraria,109,4,79,,InterPro:IPR035076
A0A850ZEF6,UPAR/Ly6 domain-containing protein,Tichodroma muraria,104,4,75,,InterPro:IPR035076
A0A850ZFY3,Snake toxin/toxin-like domain-containing protein,Tichodroma muraria,78,4,78,,InterPro:IPR035076
A0A850ZFZ7,UPAR/Ly6 domain-containing protein,Tichodroma muraria,110,5,80,,InterPro:IPR035076
A0A850ZSI5,Snake toxin/toxin-like domain-containing protein,Tichodroma muraria,87,2,79,,InterPro:IPR035076
A0A850ZT14,Snake toxin/toxin-like domain-containing protein,Tichodroma muraria,69,6,39,,InterPro:IPR035076
A0A850ZXK2,UPAR/Ly6 domain-containing protein,Sula dactylatra (Masked booby),112,7,82,,InterPro:IPR035076
A0A850ZZZ7,UPAR/Ly6 domain-containing protein,Sula dactylatra (Masked booby),109,4,79,,InterPro:IPR035076
A0A851A0E4,UPAR/Ly6 domain-containing protein,Sula dactylatra (Masked booby),107,2,77,,InterPro:IPR035076
A0A851A0F5,UPAR/Ly6 domain-containing protein,Sula dactylatra (Masked booby),126,22,97,,InterPro:IPR035076
A0A851A1Y3,UPAR/Ly6 domain-containing protein,Sula dactylatra (Masked booby),85,2,79,,InterPro:IPR035076
A0A851ADA9,Snake toxin/toxin-like domain-containing protein,Sula dactylatra (Masked booby),108,21,102,,InterPro:IPR035076
A0A851AEK8,UPAR/Ly6 domain-containing protein,Sula dactylatra (Masked booby),104,4,75,,InterPro:IPR035076
A0A851AHL3,Snake toxin/toxin-like domain-containing protein,Sula dactylatra (Masked booby),78,4,78,,InterPro:IPR035076
A0A851AV54,UPAR/Ly6 domain-containing protein,Picathartes gymnocephalus (White-necked rockfowl),112,7,82,,InterPro:IPR035076
A0A851AYP3,UPAR/Ly6 domain-containing protein,Picathartes gymnocephalus (White-necked rockfowl),87,4,81,,InterPro:IPR035076
A0A851B1A8,Snake toxin/toxin-like domain-containing protein,Picathartes gymnocephalus (White-necked rockfowl),78,4,78,,InterPro:IPR035076
A0A851B2A1,UPAR/Ly6 domain-containing protein,Picathartes gymnocephalus (White-necked rockfowl),109,2,79,,InterPro:IPR035076
A0A851B784,UPAR/Ly6 domain-containing protein,Picathartes gymnocephalus (White-necked rockfowl),104,4,75,,InterPro:IPR035076
A0A851B796,UPAR/Ly6 domain-containing protein,Picathartes gymnocephalus (White-necked rockfowl),126,21,96,,InterPro:IPR035076
A0A851BE34,UPAR/Ly6 domain-containing protein,Picathartes gymnocephalus (White-necked rockfowl),127,21,97,,InterPro:IPR035076
A0A851BJZ8,Snake toxin/toxin-like domain-containing protein,Picathartes gymnocephalus (White-necked rockfowl),87,2,79,,InterPro:IPR035076
A0A851CE51,UPAR/Ly6 domain-containing protein,Calyptomena viridis (Lesser green broadbill),105,4,76,,InterPro:IPR035076
A0A851CGM7,UPAR/Ly6 domain-containing protein,Calyptomena viridis (Lesser green broadbill),87,2,79,,InterPro:IPR035076
A0A851CGY3,Snake toxin/toxin-like domain-containing protein,Calyptomena viridis (Lesser green broadbill),78,4,78,,InterPro:IPR035076
A0A851CPH2,UPAR/Ly6 domain-containing protein,Calyptomena viridis (Lesser green broadbill),112,7,82,,InterPro:IPR035076
A0A851CQ80,UPAR/Ly6 domain-containing protein,Calyptomena viridis (Lesser green broadbill),125,20,95,,InterPro:IPR035076
A0A851CQU3,UPAR/Ly6 domain-containing protein,Calyptomena viridis (Lesser green broadbill),132,27,102,,InterPro:IPR035076
A0A851CR74,UPAR/Ly6 domain-containing protein,Calyptomena viridis (Lesser green broadbill),90,3,84,,InterPro:IPR035076
A0A851CRY9,UPAR/Ly6 domain-containing protein,Calyptomena viridis (Lesser green broadbill),109,2,79,,InterPro:IPR035076
A0A851D1U4,Snake toxin/toxin-like domain-containing protein,Todus mexicanus (Puerto Rican tody),91,4,85,,InterPro:IPR035076
A0A851DDV9,UPAR/Ly6 domain-containing protein,Todus mexicanus (Puerto Rican tody),109,4,79,,InterPro:IPR035076
A0A851DL97,UPAR/Ly6 domain-containing protein,Todus mexicanus (Puerto Rican tody),105,4,75,,InterPro:IPR035076
A0A851DMY6,Snake toxin/toxin-like domain-containing protein,Todus mexicanus (Puerto Rican tody),78,4,78,,InterPro:IPR035076
A0A851DN84,UPAR/Ly6 domain-containing protein,Todus mexicanus (Puerto Rican tody),112,7,82,,InterPro:IPR035076
A0A851DR01,UPAR/Ly6 domain-containing protein,Todus mexicanus (Puerto Rican tody),87,2,79,,InterPro:IPR035076
A0A851EBD9,UPAR/Ly6 domain-containing protein,Dryoscopus gambensis,104,4,75,,InterPro:IPR035076
A0A851EMU4,UPAR/Ly6 domain-containing protein,Dryoscopus gambensis,109,5,80,,InterPro:IPR035076
A0A851ENI5,UPAR/Ly6 domain-containing protein,Dryoscopus gambensis,87,4,81,,InterPro:IPR035076
A0A851ERM9,UPAR/Ly6 domain-containing protein,Dryoscopus gambensis,109,4,79,,InterPro:IPR035076
A0A851ESI4,Snake toxin/toxin-like domain-containing protein,Dryoscopus gambensis,78,4,78,,InterPro:IPR035076
A0A851ET93,UPAR/Ly6 domain-containing protein,Dryoscopus gambensis,112,7,82,,InterPro:IPR035076
A0A851ETW0,UPAR/Ly6 domain-containing protein,Dryoscopus gambensis,107,2,77,,InterPro:IPR035076
A0A851EWF1,Snake toxin/toxin-like domain-containing protein,Dryoscopus gambensis,86,2,79,,InterPro:IPR035076
A0A851EYP0,UPAR/Ly6 domain-containing protein,Pitta sordida (Hooded pitta),104,4,75,,InterPro:IPR035076
A0A851F0D1,UPAR/Ly6 domain-containing protein,Pitta sordida (Hooded pitta),109,4,79,,InterPro:IPR035076
A0A851F4P3,UPAR/Ly6 domain-containing protein,Pitta sordida (Hooded pitta),108,4,79,,InterPro:IPR035076
A0A851F587,UPAR/Ly6 domain-containing protein,Pitta sordida (Hooded pitta),112,7,82,,InterPro:IPR035076
A0A851F5P3,Snake toxin/toxin-like domain-containing protein,Pitta sordida (Hooded pitta),78,4,78,,InterPro:IPR035076
A0A851F650,UPAR/Ly6 domain-containing protein,Pitta sordida (Hooded pitta),87,2,79,,InterPro:IPR035076
A0A851F8B8,UPAR/Ly6 domain-containing protein,Pitta sordida (Hooded pitta),107,2,77,,InterPro:IPR035076
A0A851F8T0,UPAR/Ly6 domain-containing protein,Pitta sordida (Hooded pitta),99,17,93,,InterPro:IPR035076
A0A851IS57,UPAR/Ly6 domain-containing protein,Donacobius atricapilla,100,17,94,,InterPro:IPR035076
A0A851IWN7,UPAR/Ly6 domain-containing protein,Donacobius atricapilla,112,7,82,,InterPro:IPR035076
A0A851IYL2,UPAR/Ly6 domain-containing protein,Donacobius atricapilla,110,5,80,,InterPro:IPR035076
A0A851IZA9,UPAR/Ly6 domain-containing protein,Donacobius atricapilla,109,2,79,,InterPro:IPR035076
A0A851JC02,Snake toxin/toxin-like domain-containing protein,Donacobius atricapilla,87,2,79,,InterPro:IPR035076
A0A851JHL8,UPAR/Ly6 domain-containing protein,Donacobius atricapilla,104,4,75,,InterPro:IPR035076
A0A851JJT8,Snake toxin/toxin-like domain-containing protein,Donacobius atricapilla,78,4,78,,InterPro:IPR035076
A0A851JRN5,UPAR/Ly6 domain-containing protein,Donacobius atricapilla,126,21,96,,InterPro:IPR035076
A0A851KY65,UPAR/Ly6 domain-containing protein,Vidua chalybeata (Village indigobird),104,4,75,,InterPro:IPR035076
A0A851L1R3,UPAR/Ly6 domain-containing protein,Vidua chalybeata (Village indigobird),126,21,96,,InterPro:IPR035076
A0A851L1V1,UPAR/Ly6 domain-containing protein,Vidua chalybeata (Village indigobird),110,5,80,,InterPro:IPR035076
A0A851L2K4,UPAR/Ly6 domain-containing protein,Vidua chalybeata (Village indigobird),87,2,79,,InterPro:IPR035076
A0A851L2U1,UPAR/Ly6 domain-containing protein,Vidua chalybeata (Village indigobird),100,17,94,,InterPro:IPR035076
A0A851L395,UPAR/Ly6 domain-containing protein,Vidua chalybeata (Village indigobird),112,7,82,,InterPro:IPR035076
A0A851L3A4,Snake toxin/toxin-like domain-containing protein,Vidua chalybeata (Village indigobird),78,4,78,,InterPro:IPR035076
A0A851L432,UPAR/Ly6 domain-containing protein,Vidua chalybeata (Village indigobird),109,2,79,,InterPro:IPR035076
A0A851LN86,UPAR/Ly6 domain-containing protein,Corythaeola cristata (Great blue turaco),109,2,79,,InterPro:IPR035076
A0A851LR49,UPAR/Ly6 domain-containing protein,Corythaeola cristata (Great blue turaco),110,4,80,,InterPro:IPR035076
A0A851LS44,UPAR/Ly6 domain-containing protein,Corythaeola cristata (Great blue turaco),104,4,75,,InterPro:IPR035076
A0A851LSC3,UPAR/Ly6 domain-containing protein,Corythaeola cristata (Great blue turaco),87,2,79,,InterPro:IPR035076
A0A851LTK7,UPAR/Ly6 domain-containing protein,Corythaeola cristata (Great blue turaco),111,6,81,,InterPro:IPR035076
A0A851LTU2,UPAR/Ly6 domain-containing protein,Corythaeola cristata (Great blue turaco),127,22,97,,InterPro:IPR035076
A0A851LY25,Snake toxin/toxin-like domain-containing protein,Corythaeola cristata (Great blue turaco),78,4,78,,InterPro:IPR035076
A0A851LZL4,UPAR/Ly6 domain-containing protein,Corythaeola cristata (Great blue turaco),93,10,87,,InterPro:IPR035076
A0A851MXH2,UPAR/Ly6 domain-containing protein,Campylorhamphus procurvoides,107,2,77,,InterPro:IPR035076
A0A851N0I9,UPAR/Ly6 domain-containing protein,Campylorhamphus procurvoides,109,4,79,,InterPro:IPR035076
A0A851N121,Snake toxin/toxin-like domain-containing protein,Campylorhamphus procurvoides,78,4,78,,InterPro:IPR035076
A0A851N6I9,Snake toxin/toxin-like domain-containing protein,Campylorhamphus procurvoides,85,1,78,,InterPro:IPR035076
A0A851N725,UPAR/Ly6 domain-containing protein,Campylorhamphus procurvoides,86,4,80,,InterPro:IPR035076
A0A851N8A7,UPAR/Ly6 domain-containing protein,Campylorhamphus procurvoides,112,7,82,,InterPro:IPR035076
A0A851NA66,UPAR/Ly6 domain-containing protein,Campylorhamphus procurvoides,108,4,79,,InterPro:IPR035076
A0A851NBG8,UPAR/Ly6 domain-containing protein,Campylorhamphus procurvoides,104,4,75,,InterPro:IPR035076
A0A851P202,Snake toxin/toxin-like domain-containing protein,Penelope pileata,86,2,79,,InterPro:IPR035076
A0A851P2Y6,UPAR/Ly6 domain-containing protein,Penelope pileata,107,2,77,,InterPro:IPR035076
A0A851P3B3,UPAR/Ly6 domain-containing protein,Penelope pileata,109,4,79,,InterPro:IPR035076
A0A851P3C3,UPAR/Ly6 domain-containing protein,Penelope pileata,104,4,75,,InterPro:IPR035076
A0A851P9L3,UPAR/Ly6 domain-containing protein,Penelope pileata,103,21,97,,InterPro:IPR035076
A0A851P9M3,Snake toxin/toxin-like domain-containing protein,Penelope pileata,78,4,78,,InterPro:IPR035076
A0A851PBX4,UPAR/Ly6 domain-containing protein,Penelope pileata,112,7,82,,InterPro:IPR035076
A0A851PCL0,UPAR/Ly6 domain-containing protein,Penelope pileata,126,22,97,,InterPro:IPR035076
A0A851PTR0,UPAR/Ly6 domain-containing protein,Anhinga anhinga (Anhinga),104,4,75,,InterPro:IPR035076
A0A851PZL4,UPAR/Ly6 domain-containing protein,Anhinga anhinga (Anhinga),109,2,79,,InterPro:IPR035076
A0A851Q0Q1,Snake toxin/toxin-like domain-containing protein,Anhinga anhinga (Anhinga),78,4,78,,InterPro:IPR035076
A0A851Q0U9,UPAR/Ly6 domain-containing protein,Anhinga anhinga (Anhinga),109,4,79,,InterPro:IPR035076
A0A851Q3U9,Snake toxin/toxin-like domain-containing protein,Anhinga anhinga (Anhinga),108,21,102,,InterPro:IPR035076
A0A851Q4T3,UPAR/Ly6 domain-containing protein,Anhinga anhinga (Anhinga),112,7,82,,InterPro:IPR035076
A0A851Q6P2,UPAR/Ly6 domain-containing protein,Anhinga anhinga (Anhinga),109,4,79,,InterPro:IPR035076
A0A851Q6R4,UPAR/Ly6 domain-containing protein,Anhinga anhinga (Anhinga),87,2,79,,InterPro:IPR035076
A0A851R9W3,Snake toxin/toxin-like domain-containing protein,Tychaedon coryphoeus (Karoo scrub-robin),78,4,78,,InterPro:IPR035076
A0A851RA28,UPAR/Ly6 domain-containing protein,Tychaedon coryphoeus (Karoo scrub-robin),109,2,79,,InterPro:IPR035076
A0A851RDG0,UPAR/Ly6 domain-containing protein,Tychaedon coryphoeus (Karoo scrub-robin),104,4,75,,InterPro:IPR035076
A0A851RFK3,UPAR/Ly6 domain-containing protein,Tychaedon coryphoeus (Karoo scrub-robin),126,21,96,,InterPro:IPR035076
A0A851RGL2,UPAR/Ly6 domain-containing protein,Tychaedon coryphoeus (Karoo scrub-robin),99,17,93,,InterPro:IPR035076
A0A851RI34,UPAR/Ly6 domain-containing protein,Tychaedon coryphoeus (Karoo scrub-robin),112,7,82,,InterPro:IPR035076
A0A851RIX8,UPAR/Ly6 domain-containing protein,Tychaedon coryphoeus (Karoo scrub-robin),87,2,79,,InterPro:IPR035076
A0A851RKD2,UPAR/Ly6 domain-containing protein,Tychaedon coryphoeus (Karoo scrub-robin),109,4,79,,InterPro:IPR035076
A0A851RXR9,Snake toxin/toxin-like domain-containing protein,Certhia familiaris (Eurasian treecreeper),78,4,78,,InterPro:IPR035076
A0A851RZA4,UPAR/Ly6 domain-containing protein,Certhia familiaris (Eurasian treecreeper),127,22,97,,InterPro:IPR035076
A0A851S297,UPAR/Ly6 domain-containing protein,Certhia familiaris (Eurasian treecreeper),100,17,94,,InterPro:IPR035076
A0A851S516,UPAR/Ly6 domain-containing protein,Certhia familiaris (Eurasian treecreeper),110,5,80,,InterPro:IPR035076
A0A851S5X7,UPAR/Ly6 domain-containing protein,Certhia familiaris (Eurasian treecreeper),112,7,82,,InterPro:IPR035076
A0A851S672,UPAR/Ly6 domain-containing protein,Certhia familiaris (Eurasian treecreeper),109,2,79,,InterPro:IPR035076
A0A851S7A0,UPAR/Ly6 domain-containing protein,Certhia familiaris (Eurasian treecreeper),104,4,75,,InterPro:IPR035076
A0A851S899,UPAR/Ly6 domain-containing protein,Certhia familiaris (Eurasian treecreeper),87,2,79,,InterPro:IPR035076
A0A851TIQ6,Snake toxin/toxin-like domain-containing protein,Nothocercus nigrocapillus,87,2,79,,InterPro:IPR035076
A0A851TIR1,UPAR/Ly6 domain-containing protein,Nothocercus nigrocapillus,111,4,81,,InterPro:IPR035076
A0A851TIR5,Snake toxin/toxin-like domain-containing protein,Nothocercus nigrocapillus,78,4,78,,InterPro:IPR035076
A0A851TIS4,UPAR/Ly6 domain-containing protein,Nothocercus nigrocapillus,121,16,91,,InterPro:IPR035076
A0A851TKF1,UPAR/Ly6 domain-containing protein,Nothocercus nigrocapillus,104,5,75,,InterPro:IPR035076
A0A851TKU8,UPAR/Ly6 domain-containing protein,Nothocercus nigrocapillus,91,9,85,,InterPro:IPR035076
A0A851TKW4,UPAR/Ly6 domain-containing protein,Nothocercus nigrocapillus,110,2,80,,InterPro:IPR035076
A0A851TL77,UPAR/Ly6 domain-containing protein,Nothocercus nigrocapillus,112,7,82,,InterPro:IPR035076
A0A851U9C1,UPAR/Ly6 domain-containing protein,Elachura formosa (spotted wren-babbler),104,4,75,,InterPro:IPR035076
A0A851UAY9,UPAR/Ly6 domain-containing protein,Elachura formosa (spotted wren-babbler),87,2,79,,InterPro:IPR035076
A0A851UC45,UPAR/Ly6 domain-containing protein,Elachura formosa (spotted wren-babbler),110,5,80,,InterPro:IPR035076
A0A851UCI6,UPAR/Ly6 domain-containing protein,Elachura formosa (spotted wren-babbler),112,7,82,,InterPro:IPR035076
A0A851UCJ6,Snake toxin/toxin-like domain-containing protein,Elachura formosa (spotted wren-babbler),78,4,78,,InterPro:IPR035076
A0A851UCL2,Snake toxin/toxin-like domain-containing protein,Elachura formosa (spotted wren-babbler),103,17,97,,InterPro:IPR035076
A0A851UCY2,UPAR/Ly6 domain-containing protein,Elachura formosa (spotted wren-babbler),126,21,96,,InterPro:IPR035076
A0A851UEX2,UPAR/Ly6 domain-containing protein,Elachura formosa (spotted wren-babbler),109,2,79,,InterPro:IPR035076
A0A851USQ2,UPAR/Ly6 domain-containing protein,Copsychus sechellarum,104,4,75,,InterPro:IPR035076
A0A851UVA8,Snake toxin/toxin-like domain-containing protein,Copsychus sechellarum,78,4,78,,InterPro:IPR035076
A0A851UVB6,UPAR/Ly6 domain-containing protein,Copsychus sechellarum,126,21,96,,InterPro:IPR035076
A0A851UWK3,UPAR/Ly6 domain-containing protein,Copsychus sechellarum,87,2,79,,InterPro:IPR035076
A0A851UWL4,UPAR/Ly6 domain-containing protein,Copsychus sechellarum,99,17,93,,InterPro:IPR035076
A0A851UYP0,UPAR/Ly6 domain-containing protein,Copsychus sechellarum,110,5,80,,InterPro:IPR035076
A0A851UYY8,UPAR/Ly6 domain-containing protein,Copsychus sechellarum,112,7,82,,InterPro:IPR035076
A0A851V016,UPAR/Ly6 domain-containing protein,Copsychus sechellarum,109,2,79,,InterPro:IPR035076
A0A851X2K8,UPAR/Ly6 domain-containing protein,Corvus moneduloides (New Caledonian crow),109,2,79,,InterPro:IPR035076
A0A851X504,UPAR/Ly6 domain-containing protein,Corvus moneduloides (New Caledonian crow),127,22,97,,InterPro:IPR035076
A0A851X6L3,UPAR/Ly6 domain-containing protein,Corvus moneduloides (New Caledonian crow),86,1,78,,InterPro:IPR035076
A0A851XBQ3,UPAR/Ly6 domain-containing protein,Corvus moneduloides (New Caledonian crow),104,4,75,,InterPro:IPR035076
A0A851XBS5,Snake toxin/toxin-like domain-containing protein,Corvus moneduloides (New Caledonian crow),78,4,78,,InterPro:IPR035076
A0A851XDH5,UPAR/Ly6 domain-containing protein,Corvus moneduloides (New Caledonian crow),126,21,96,,InterPro:IPR035076
A0A851XDI8,UPAR/Ly6 domain-containing protein,Corvus moneduloides (New Caledonian crow),100,17,94,,InterPro:IPR035076
A0A851XHW4,UPAR/Ly6 domain-containing protein,Corvus moneduloides (New Caledonian crow),112,7,82,,InterPro:IPR035076
A0A851XS56,UPAR/Ly6 domain-containing protein,Eolophus roseicapilla (Galah cockatoo),104,4,75,,InterPro:IPR035076
A0A851XV43,UPAR/Ly6 domain-containing protein,Eolophus roseicapilla (Galah cockatoo),112,7,82,,InterPro:IPR035076
A0A851XV70,UPAR/Ly6 domain-containing protein,Eolophus roseicapilla (Galah cockatoo),107,20,101,,InterPro:IPR035076
A0A851XYB2,UPAR/Ly6 domain-containing protein,Eolophus roseicapilla (Galah cockatoo),125,20,95,,InterPro:IPR035076
A0A851Y129,UPAR/Ly6 domain-containing protein,Eolophus roseicapilla (Galah cockatoo),87,2,79,,InterPro:IPR035076
A0A851Y359,UPAR/Ly6 domain-containing protein,Eolophus roseicapilla (Galah cockatoo),109,2,79,,InterPro:IPR035076
A0A851Y6L9,UPAR/Ly6 domain-containing protein,Eolophus roseicapilla (Galah cockatoo),109,4,79,,InterPro:IPR035076
A0A851Y9I9,Snake toxin/toxin-like domain-containing protein,Eolophus roseicapilla (Galah cockatoo),78,4,78,,InterPro:IPR035076
A0A851YIA4,UPAR/Ly6 domain-containing protein,Halcyon senegalensis,112,7,82,,InterPro:IPR035076
A0A851YIA5,UPAR/Ly6 domain-containing protein,Halcyon senegalensis,126,21,96,,InterPro:IPR035076
A0A851YM16,Snake toxin/toxin-like domain-containing protein,Halcyon senegalensis,78,4,78,,InterPro:IPR035076
A0A851YQD3,UPAR/Ly6 domain-containing protein,Halcyon senegalensis,91,4,85,,InterPro:IPR035076
A0A851YU15,UPAR/Ly6 domain-containing protein,Halcyon senegalensis,105,4,75,,InterPro:IPR035076
A0A851YVL8,UPAR/Ly6 domain-containing protein,Halcyon senegalensis,109,2,79,,InterPro:IPR035076
A0A851Z1G6,UPAR/Ly6 domain-containing protein,Halcyon senegalensis,125,20,95,,InterPro:IPR035076
A0A851Z799,Snake toxin/toxin-like domain-containing protein,Halcyon senegalensis,87,2,79,,InterPro:IPR035076
A0A851ZWF3,UPAR/Ly6 domain-containing protein,Calcarius ornatus (Chestnut-collared longspur),126,21,96,,InterPro:IPR035076
A0A852A440,UPAR/Ly6 domain-containing protein,Calcarius ornatus (Chestnut-collared longspur),87,2,79,,InterPro:IPR035076
A0A852A581,UPAR/Ly6 domain-containing protein,Calcarius ornatus (Chestnut-collared longspur),109,2,79,,InterPro:IPR035076
A0A852A5U6,UPAR/Ly6 domain-containing protein,Calcarius ornatus (Chestnut-collared longspur),127,22,97,,InterPro:IPR035076
A0A852AA08,UPAR/Ly6 domain-containing protein,Calcarius ornatus (Chestnut-collared longspur),104,4,75,,InterPro:IPR035076
A0A852AA99,UPAR/Ly6 domain-containing protein,Calcarius ornatus (Chestnut-collared longspur),112,7,82,,InterPro:IPR035076
A0A852AAG3,UPAR/Ly6 domain-containing protein,Chloropsis cyanopogon,110,5,80,,InterPro:IPR035076
A0A852ADE8,Snake toxin/toxin-like domain-containing protein,Calcarius ornatus (Chestnut-collared longspur),78,4,78,,InterPro:IPR035076
A0A852AGX1,UPAR/Ly6 domain-containing protein,Chloropsis cyanopogon,112,7,82,,InterPro:IPR035076
A0A852AJN9,UPAR/Ly6 domain-containing protein,Chloropsis cyanopogon,109,2,79,,InterPro:IPR035076
A0A852AK21,UPAR/Ly6 domain-containing protein,Chloropsis cyanopogon,100,17,94,,InterPro:IPR035076
A0A852AKZ2,UPAR/Ly6 domain-containing protein,Chloropsis cyanopogon,87,2,79,,InterPro:IPR035076
A0A852AR56,UPAR/Ly6 domain-containing protein,Chloropsis cyanopogon,104,4,75,,InterPro:IPR035076
A0A852AV39,Snake toxin/toxin-like domain-containing protein,Chloropsis cyanopogon,78,4,78,,InterPro:IPR035076
A0A852B3M4,UPAR/Ly6 domain-containing protein,Chloropsis cyanopogon,126,21,96,,InterPro:IPR035076
A0A852C577,UPAR/Ly6 domain-containing protein,Ramphastos sulfuratus,104,4,75,,InterPro:IPR035076
A0A852C788,UPAR/Ly6 domain-containing protein,Ramphastos sulfuratus,89,2,79,,InterPro:IPR035076
A0A852C8B5,UPAR/Ly6 domain-containing protein,Ramphastos sulfuratus,127,21,97,,InterPro:IPR035076
A0A852C9J5,Snake toxin/toxin-like domain-containing protein,Ramphastos sulfuratus,78,4,78,,InterPro:IPR035076
A0A852CM01,UPAR/Ly6 domain-containing protein,Ramphastos sulfuratus,112,7,82,,InterPro:IPR035076
A0A852CM12,UPAR/Ly6 domain-containing protein,Ramphastos sulfuratus,127,22,97,,InterPro:IPR035076
A0A852CQ90,UPAR/Ly6 domain-containing protein,Ramphastos sulfuratus,102,20,96,,InterPro:IPR035076
A0A852CRD4,UPAR/Ly6 domain-containing protein,Ramphastos sulfuratus,109,2,79,,InterPro:IPR035076
A0A852DF41,UPAR/Ly6 domain-containing protein,Passerina amoena (Lazuli bunting),105,4,76,,InterPro:IPR035076
A0A852DHA9,UPAR/Ly6 domain-containing protein,Passerina amoena (Lazuli bunting),87,2,79,,InterPro:IPR035076
A0A852DJC2,UPAR/Ly6 domain-containing protein,Passerina amoena (Lazuli bunting),109,2,79,,InterPro:IPR035076
A0A852DKA3,UPAR/Ly6 domain-containing protein,Passerina amoena (Lazuli bunting),112,7,82,,InterPro:IPR035076
A0A852DL50,UPAR/Ly6 domain-containing protein,Passerina amoena (Lazuli bunting),126,21,96,,InterPro:IPR035076
A0A852DLR9,Snake toxin/toxin-like domain-containing protein,Passerina amoena (Lazuli bunting),78,4,78,,InterPro:IPR035076
A0A852DQ73,UPAR/Ly6 domain-containing protein,Passerina amoena (Lazuli bunting),111,21,105,,InterPro:IPR035076
A0A852DQR2,UPAR/Ly6 domain-containing protein,Passerina amoena (Lazuli bunting),110,5,80,,InterPro:IPR035076
A0A852EHR6,Snake toxin/toxin-like domain-containing protein,Vidua macroura (Pin-tailed whydah),78,4,78,,InterPro:IPR035076
A0A852EHU9,UPAR/Ly6 domain-containing protein,Vidua macroura (Pin-tailed whydah),87,2,79,,InterPro:IPR035076
A0A852EIK1,UPAR/Ly6 domain-containing protein,Vidua macroura (Pin-tailed whydah),104,4,75,,InterPro:IPR035076
A0A852EJK5,UPAR/Ly6 domain-containing protein,Vidua macroura (Pin-tailed whydah),112,7,82,,InterPro:IPR035076
A0A852EJW6,UPAR/Ly6 domain-containing protein,Vidua macroura (Pin-tailed whydah),107,2,77,,InterPro:IPR035076
A0A852EMV0,UPAR/Ly6 domain-containing protein,Vidua macroura (Pin-tailed whydah),87,4,81,,InterPro:IPR035076
A0A852ENK2,UPAR/Ly6 domain-containing protein,Vidua macroura (Pin-tailed whydah),109,4,79,,InterPro:IPR035076
A0A852EUR7,UPAR/Ly6 domain-containing protein,Vidua macroura (Pin-tailed whydah),109,5,80,,InterPro:IPR035076
A0A852EX66,UPAR/Ly6 domain-containing protein,Peucedramus taeniatus (Olive warbler),109,4,79,,InterPro:IPR035076
A0A852EXJ4,Snake toxin/toxin-like domain-containing protein,Peucedramus taeniatus (Olive warbler),94,4,88,,InterPro:IPR035076
A0A852F2I9,UPAR/Ly6 domain-containing protein,Peucedramus taeniatus (Olive warbler),107,2,77,,InterPro:IPR035076
A0A852F3N0,UPAR/Ly6 domain-containing protein,Peucedramus taeniatus (Olive warbler),104,4,75,,InterPro:IPR035076
A0A852F3S0,Snake toxin/toxin-like domain-containing protein,Peucedramus taeniatus (Olive warbler),78,4,78,,InterPro:IPR035076
A0A852F3W6,UPAR/Ly6 domain-containing protein,Peucedramus taeniatus (Olive warbler),109,5,80,,InterPro:IPR035076
A0A852F5M4,UPAR/Ly6 domain-containing protein,Peucedramus taeniatus (Olive warbler),112,7,82,,InterPro:IPR035076
A0A852FA75,Snake toxin/toxin-like domain-containing protein,Peucedramus taeniatus (Olive warbler),86,2,79,,InterPro:IPR035076
A0A852G6D5,Snake toxin/toxin-like domain-containing protein,Larus smithsonianus (American herring gull),78,4,78,,InterPro:IPR035076
A0A852G7H8,UPAR/Ly6 domain-containing protein,Larus smithsonianus (American herring gull),126,21,96,,InterPro:IPR035076
A0A852G7R8,UPAR/Ly6 domain-containing protein,Larus smithsonianus (American herring gull),104,4,75,,InterPro:IPR035076
A0A852G9N2,UPAR/Ly6 domain-containing protein,Larus smithsonianus (American herring gull),105,21,99,,InterPro:IPR035076
A0A852GDY0,UPAR/Ly6 domain-containing protein,Larus smithsonianus (American herring gull),127,22,97,,InterPro:IPR035076
A0A852GH86,UPAR/Ly6 domain-containing protein,Larus smithsonianus (American herring gull),109,2,79,,InterPro:IPR035076
A0A852GHN4,UPAR/Ly6 domain-containing protein,Larus smithsonianus (American herring gull),112,7,82,,InterPro:IPR035076
A0A852GYX9,UPAR/Ly6 domain-containing protein,Larus smithsonianus (American herring gull),87,2,79,,InterPro:IPR035076
A0A852HTG3,UPAR/Ly6 domain-containing protein,Nicator chloris,112,7,82,,InterPro:IPR035076
A0A852HUH3,UPAR/Ly6 domain-containing protein,Nicator chloris,126,21,96,,InterPro:IPR035076
A0A852HUI4,Snake toxin/toxin-like domain-containing protein,Nicator chloris,78,4,78,,InterPro:IPR035076
A0A852HXF5,UPAR/Ly6 domain-containing protein,Nicator chloris,104,4,75,,InterPro:IPR035076
A0A852I179,UPAR/Ly6 domain-containing protein,Nicator chloris,110,5,80,,InterPro:IPR035076
A0A852I5P6,Snake toxin/toxin-like domain-containing protein,Nicator chloris,87,4,81,,InterPro:IPR035076
A0A852I9S0,UPAR/Ly6 domain-containing protein,Nicator chloris,109,2,79,,InterPro:IPR035076
A0A852IA67,UPAR/Ly6 domain-containing protein,Tricholaema leucomelas (pied barbet),109,2,79,,InterPro:IPR035076
A0A852ID84,UPAR/Ly6 domain-containing protein,Nicator chloris,87,2,79,,InterPro:IPR035076
A0A852ID98,Snake toxin/toxin-like domain-containing protein,Tricholaema leucomelas (pied barbet),89,2,79,,InterPro:IPR035076
A0A852IE62,UPAR/Ly6 domain-containing protein,Tricholaema leucomelas (pied barbet),104,4,75,,InterPro:IPR035076
A0A852IHK8,UPAR/Ly6 domain-containing protein,Tricholaema leucomelas (pied barbet),112,7,82,,InterPro:IPR035076
A0A852IN57,UPAR/Ly6 domain-containing protein,Tricholaema leucomelas (pied barbet),116,11,86,,InterPro:IPR035076
A0A852IN97,Snake toxin/toxin-like domain-containing protein,Tricholaema leucomelas (pied barbet),78,4,78,,InterPro:IPR035076
A0A852IPR0,Snake toxin/toxin-like domain-containing protein,Tricholaema leucomelas (pied barbet),107,20,101,,InterPro:IPR035076
A0A852IW80,UPAR/Ly6 domain-containing protein,Tricholaema leucomelas (pied barbet),127,21,97,,InterPro:IPR035076
A0A852JGY9,UPAR/Ly6 domain-containing protein,Spizella passerina (Chipping sparrow),126,21,96,,InterPro:IPR035076
A0A852JGZ0,UPAR/Ly6 domain-containing protein,Spizella passerina (Chipping sparrow),88,2,79,,InterPro:IPR035076
A0A852JGZ3,Snake toxin/toxin-like domain-containing protein,Spizella passerina (Chipping sparrow),78,4,78,,InterPro:IPR035076
A0A852JNG6,UPAR/Ly6 domain-containing protein,Spizella passerina (Chipping sparrow),109,2,79,,InterPro:IPR035076
A0A852JP27,UPAR/Ly6 domain-containing protein,Spizella passerina (Chipping sparrow),112,7,82,,InterPro:IPR035076
A0A852JZA4,UPAR/Ly6 domain-containing protein,Spizella passerina (Chipping sparrow),104,4,75,,InterPro:IPR035076
A0A852JZW5,UPAR/Ly6 domain-containing protein,Spizella passerina (Chipping sparrow),106,4,75,,InterPro:IPR035076
A0A852KBS2,UPAR/Ly6 domain-containing protein,Urocolius indicus (Red-faced mousebird),111,2,81,,InterPro:IPR035076
A0A852KEQ8,Snake toxin/toxin-like domain-containing protein,Urocolius indicus (Red-faced mousebird),109,22,103,,InterPro:IPR035076
A0A852KG13,UPAR/Ly6 domain-containing protein,Urocolius indicus (Red-faced mousebird),109,4,79,,InterPro:IPR035076
A0A852KG67,UPAR/Ly6 domain-containing protein,Urocolius indicus (Red-faced mousebird),112,7,82,,InterPro:IPR035076
A0A852L5K6,Snake toxin/toxin-like domain-containing protein,Urocolius indicus (Red-faced mousebird),103,4,74,,InterPro:IPR035076
A0A852L808,Snake toxin/toxin-like domain-containing protein,Urocolius indicus (Red-faced mousebird),78,4,78,,InterPro:IPR035076
A0A852LDS9,UPAR/Ly6 domain-containing protein,Urocolius indicus (Red-faced mousebird),109,4,79,,InterPro:IPR035076
A0A852LEC1,Snake toxin/toxin-like domain-containing protein,Urocolius indicus (Red-faced mousebird),88,3,79,,InterPro:IPR035076
A0A852LRX5,UPAR/Ly6 domain-containing protein,Centropus bengalensis (lesser coucal),87,2,79,,InterPro:IPR035076
A0A852LW18,UPAR/Ly6 domain-containing protein,Centropus bengalensis (lesser coucal),126,21,96,,InterPro:IPR035076
A0A852LYI7,Snake toxin/toxin-like domain-containing protein,Centropus bengalensis (lesser coucal),78,4,78,,InterPro:IPR035076
A0A852LZ24,UPAR/Ly6 domain-containing protein,Centropus bengalensis (lesser coucal),109,4,79,,InterPro:IPR035076
A0A852M3G7,UPAR/Ly6 domain-containing protein,Centropus bengalensis (lesser coucal),104,4,75,,InterPro:IPR035076
A0A852M3P4,UPAR/Ly6 domain-containing protein,Centropus bengalensis (lesser coucal),112,7,82,,InterPro:IPR035076
A0A852M4Y6,UPAR/Ly6 domain-containing protein,Centropus bengalensis (lesser coucal),96,14,90,,InterPro:IPR035076
A0A852NEK3,UPAR/Ly6 domain-containing protein,Atrichornis clamosus,104,4,75,,InterPro:IPR035076
A0A852NI61,UPAR/Ly6 domain-containing protein,Atrichornis clamosus,87,2,79,,InterPro:IPR035076
A0A852NL57,UPAR/Ly6 domain-containing protein,Atrichornis clamosus,107,2,77,,InterPro:IPR035076
A0A852NSC6,UPAR/Ly6 domain-containing protein,Atrichornis clamosus,109,4,79,,InterPro:IPR035076
A0A852NSH7,UPAR/Ly6 domain-containing protein,Atrichornis clamosus,109,4,79,,InterPro:IPR035076
A0A852NSI7,UPAR/Ly6 domain-containing protein,Atrichornis clamosus,112,7,82,,InterPro:IPR035076
A0A852NW74,Snake toxin/toxin-like domain-containing protein,Atrichornis clamosus,78,4,78,,InterPro:IPR035076
A0A852NWC8,UPAR/Ly6 domain-containing protein,Atrichornis clamosus,100,17,94,,InterPro:IPR035076
A0A8B6CLC7,Snake toxin/toxin-like domain-containing protein,Mytilus galloprovincialis (Mediterranean mussel),133,23,104,,InterPro:IPR035076
A0A8B6CMS2,Snake toxin/toxin-like domain-containing protein,Mytilus galloprovincialis (Mediterranean mussel),80,23,72,,InterPro:IPR035076
A0A8B6CVN5,Snake toxin/toxin-like domain-containing protein,Mytilus galloprovincialis (Mediterranean mussel),536,121,193,,InterPro:IPR035076
A0A8B6DA82,UPAR/Ly6 domain-containing protein,Mytilus galloprovincialis (Mediterranean mussel),533,370,450,,InterPro:IPR035076
A0A8B6DAA4,C-type lectin domain-containing protein,Mytilus galloprovincialis (Mediterranean mussel),623,371,451,,InterPro:IPR035076
A0A8B6DF61,MAM domain-containing protein,Mytilus galloprovincialis (Mediterranean mussel),600,106,178,,InterPro:IPR035076
A0A8B6DFF8,UPAR/Ly6 domain-containing protein,Mytilus galloprovincialis (Mediterranean mussel),122,9,82,,InterPro:IPR035076
A0A8B6DG85,Snake toxin/toxin-like domain-containing protein,Mytilus galloprovincialis (Mediterranean mussel),198,21,94,,InterPro:IPR035076
A0A8B6DIM9,MAM domain-containing protein,Mytilus galloprovincialis (Mediterranean mussel),622,109,181,,InterPro:IPR035076
A0A8B6ESZ5,Snake toxin/toxin-like domain-containing protein,Mytilus galloprovincialis (Mediterranean mussel),354,100,183,,InterPro:IPR035076
A0A8B6ETG8,Snake toxin/toxin-like domain-containing protein,Mytilus galloprovincialis (Mediterranean mussel),315,61,144,,InterPro:IPR035076
A0A8B6FBL0,C-type lectin domain-containing protein,Mytilus galloprovincialis (Mediterranean mussel),393,12,88,,InterPro:IPR035076
A0A8B6FJ28,Snake toxin/toxin-like domain-containing protein,Mytilus galloprovincialis (Mediterranean mussel),312,61,140,,InterPro:IPR035076
A0A8B6FJS8,Snake toxin/toxin-like domain-containing protein,Mytilus galloprovincialis (Mediterranean mussel),254,19,89,,InterPro:IPR035076
A0A8B6FM81,Snake toxin/toxin-like domain-containing protein,Mytilus galloprovincialis (Mediterranean mussel),231,47,130,,InterPro:IPR035076
A0A8B6FML4,Snake toxin/toxin-like domain-containing protein,Mytilus galloprovincialis (Mediterranean mussel),320,69,148,,InterPro:IPR035076
A0A8B6FP74,Snake toxin/toxin-like domain-containing protein,Mytilus galloprovincialis (Mediterranean mussel),220,61,144,,InterPro:IPR035076
A0A8B6G592,UPAR/Ly6 domain-containing protein,Mytilus galloprovincialis (Mediterranean mussel),402,59,135,,InterPro:IPR035076
A0A8B6G592,UPAR/Ly6 domain-containing protein,Mytilus galloprovincialis (Mediterranean mussel),402,205,284,,InterPro:IPR035076
A0A8B6GBJ6,C-type lectin domain-containing protein,Mytilus galloprovincialis (Mediterranean mussel),296,8,78,,InterPro:IPR035076
A0A8B6H0G9,C-type lectin domain-containing protein,Mytilus galloprovincialis (Mediterranean mussel),438,57,133,,InterPro:IPR035076
A0A8B6H4I7,Snake toxin/toxin-like domain-containing protein,Mytilus galloprovincialis (Mediterranean mussel),178,25,95,,InterPro:IPR035076
A0A8B6H551,Snake toxin/toxin-like domain-containing protein,Mytilus galloprovincialis (Mediterranean mussel),214,25,95,,InterPro:IPR035076
A0A8B6HFD7,C-type lectin domain-containing protein,Mytilus galloprovincialis (Mediterranean mussel),456,64,139,,InterPro:IPR035076
A0A8B6HG09,Snake toxin/toxin-like domain-containing protein,Mytilus galloprovincialis (Mediterranean mussel),480,60,135,,InterPro:IPR035076
A0A8B6HG09,Snake toxin/toxin-like domain-containing protein,Mytilus galloprovincialis (Mediterranean mussel),480,263,342,,InterPro:IPR035076
A0A8B6HG12,C-type lectin domain-containing protein,Mytilus galloprovincialis (Mediterranean mussel),643,251,326,,InterPro:IPR035076
A0A8B6HGE5,C-type lectin domain-containing protein,Mytilus galloprovincialis (Mediterranean mussel),451,191,270,,InterPro:IPR035076
A0A8B6HGE5,C-type lectin domain-containing protein,Mytilus galloprovincialis (Mediterranean mussel),451,45,121,,InterPro:IPR035076
A0A8B6HGI1,Snake toxin/toxin-like domain-containing protein,Mytilus galloprovincialis (Mediterranean mussel),482,60,135,,InterPro:IPR035076
A0A8B6HH20,C-type lectin domain-containing protein,Mytilus galloprovincialis (Mediterranean mussel),418,20,96,,InterPro:IPR035076
A0A8B6HI11,C-type lectin domain-containing protein,Mytilus galloprovincialis (Mediterranean mussel),457,59,135,,InterPro:IPR035076
A0A8B6HMP4,C-type lectin domain-containing protein,Mytilus galloprovincialis (Mediterranean mussel),427,26,101,,InterPro:IPR035076
A0A8B6HNX8,C-type lectin domain-containing protein,Mytilus galloprovincialis (Mediterranean mussel),464,207,277,,InterPro:IPR035076
A0A8B6HS80,Snake toxin/toxin-like domain-containing protein,Mytilus galloprovincialis (Mediterranean mussel),151,57,133,,InterPro:IPR035076
A0A8B6ZSL1,UPAR/Ly6 domain-containing protein,Orycteropus afer afer,120,21,93,,InterPro:IPR035076
A0A8B6ZSP5,UPAR/Ly6 domain-containing protein,Orycteropus afer afer,127,23,100,,InterPro:IPR035076
A0A8B6ZSS0,UPAR/Ly6 domain-containing protein,Orycteropus afer afer,119,21,89,,InterPro:IPR035076
A0A8B6ZSS3,UPAR/Ly6 domain-containing protein,Orycteropus afer afer,179,53,135,,InterPro:IPR035076
A0A8B6ZXK4,Ly-6/neurotoxin-like protein 1,Orycteropus afer afer,116,21,92,,InterPro:IPR035076
A0A8B6ZXN5,UPAR/Ly6 domain-containing protein,Orycteropus afer afer,129,20,97,,InterPro:IPR035076
A0A8B6ZXP0,Snake toxin/toxin-like domain-containing protein,Orycteropus afer afer,340,25,100,,InterPro:IPR035076
A0A8B7B2C6,UPAR/Ly6 domain-containing protein,Orycteropus afer afer,449,322,397,,InterPro:IPR035076
A0A8B7DI15,Snake toxin/toxin-like domain-containing protein,Hydra vulgaris (Hydra),144,27,115,,InterPro:IPR035076
A0A8B7FIK6,UPAR/Ly6 domain-containing protein,Microcebus murinus (Gray mouse lemur),130,21,98,,InterPro:IPR035076
A0A8B7HKM8,UPAR/Ly6 domain-containing protein,Microcebus murinus (Gray mouse lemur),124,21,93,,InterPro:IPR035076
A0A8B7HN27,Ly-6/neurotoxin-like protein 1,Microcebus murinus (Gray mouse lemur),116,21,92,,InterPro:IPR035076
A0A8B7IN42,UPAR/Ly6 domain-containing protein,Apteryx mantelli mantelli,127,21,98,,InterPro:IPR035076
A0A8B7IN61,UPAR/Ly6 domain-containing protein,Apteryx mantelli mantelli,203,96,171,,InterPro:IPR035076
A0A8B7IN79,UPAR/Ly6 domain-containing protein,Apteryx mantelli mantelli,109,21,97,,InterPro:IPR035076
A0A8B7INE1,UPAR/Ly6 domain-containing protein,Apteryx mantelli mantelli,122,21,92,,InterPro:IPR035076
A0A8B7INF2,UPAR/Ly6 domain-containing protein,Apteryx mantelli mantelli,127,22,97,,InterPro:IPR035076
A0A8B7IPN6,UPAR/Ly6 domain-containing protein,Apteryx mantelli mantelli,176,71,146,,InterPro:IPR035076
A0A8B7IRR9,UPAR/Ly6 domain-containing protein,Apteryx mantelli mantelli,149,21,96,,InterPro:IPR035076
A0A8B7K654,UPAR/Ly6 domain-containing protein,Camelus ferus (Wild bactrian camel),128,21,93,,InterPro:IPR035076
A0A8B7KD11,Snake toxin/toxin-like domain-containing protein,Camelus ferus (Wild bactrian camel),145,62,95,,InterPro:IPR035076
A0A8B7SIV2,Ly-6/neurotoxin-like protein 1,Hipposideros armiger (Great Himalayan leaf-nosed bat),168,73,144,,InterPro:IPR035076
A0A8B7SIV3,Ly-6/neurotoxin-like protein 1,Hipposideros armiger (Great Himalayan leaf-nosed bat),116,21,92,,InterPro:IPR035076
A0A8B7SIW8,Snake toxin/toxin-like domain-containing protein,Hipposideros armiger (Great Himalayan leaf-nosed bat),125,21,92,,InterPro:IPR035076
A0A8B7SJ08,Snake toxin/toxin-like domain-containing protein,Hipposideros armiger (Great Himalayan leaf-nosed bat),195,94,156,,InterPro:IPR035076
A0A8B7SJ09,Snake toxin/toxin-like domain-containing protein,Hipposideros armiger (Great Himalayan leaf-nosed bat),162,48,123,,InterPro:IPR035076
A0A8B7SJ22,UPAR/Ly6 domain-containing protein,Hipposideros armiger (Great Himalayan leaf-nosed bat),155,29,110,,InterPro:IPR035076
A0A8B7SKX8,UPAR/Ly6 domain-containing protein,Hipposideros armiger (Great Himalayan leaf-nosed bat),127,23,100,,InterPro:IPR035076
A0A8B7SL25,Snake toxin/toxin-like domain-containing protein,Hipposideros armiger (Great Himalayan leaf-nosed bat),208,94,169,,InterPro:IPR035076
A0A8B7SLG6,UPAR/Ly6 domain-containing protein,Hipposideros armiger (Great Himalayan leaf-nosed bat),127,21,92,,InterPro:IPR035076
A0A8B7SMS0,UPAR/Ly6 domain-containing protein,Hipposideros armiger (Great Himalayan leaf-nosed bat),131,21,99,,InterPro:IPR035076
A0A8B7SMW9,Snake toxin/toxin-like domain-containing protein,Hipposideros armiger (Great Himalayan leaf-nosed bat),202,88,163,,InterPro:IPR035076
A0A8B7TXV7,UPAR/Ly6 domain-containing protein,Castor canadensis (American beaver),124,23,100,,InterPro:IPR035076
A0A8B7TYR6,Snake toxin/toxin-like domain-containing protein,Castor canadensis (American beaver),201,24,100,,InterPro:IPR035076
A0A8B7U3I4,UPAR/Ly6 domain-containing protein,Castor canadensis (American beaver),128,21,93,,InterPro:IPR035076
A0A8B7V2P2,Snake toxin/toxin-like domain-containing protein,Castor canadensis (American beaver),206,71,146,,InterPro:IPR035076
A0A8B7V4L0,UPAR/Ly6 domain-containing protein,Castor canadensis (American beaver),129,21,97,,InterPro:IPR035076
A0A8B7V5F2,Snake toxin/toxin-like domain-containing protein,Castor canadensis (American beaver),170,35,110,,InterPro:IPR035076
A0A8B8A707,ShKT domain-containing protein,Crassostrea virginica (Eastern oyster),442,58,124,,InterPro:IPR035076
A0A8B8A743,ShKT domain-containing protein,Crassostrea virginica (Eastern oyster),216,58,124,,InterPro:IPR035076
A0A8B8A9A4,C-type lectin domain-containing protein,Crassostrea virginica (Eastern oyster),489,63,130,,InterPro:IPR035076
A0A8B8AAQ4,ShKT domain-containing protein,Crassostrea virginica (Eastern oyster),442,58,124,,InterPro:IPR035076
A0A8B8AC98,C-type lectin domain-containing protein,Crassostrea virginica (Eastern oyster),462,58,132,,InterPro:IPR035076
A0A8B8AC99,C-type lectin domain-containing protein,Crassostrea virginica (Eastern oyster),464,58,132,,InterPro:IPR035076
A0A8B8AEJ6,C-type lectin domain-containing protein,Crassostrea virginica (Eastern oyster),456,59,126,,InterPro:IPR035076
A0A8B8AH29,C-type lectin domain-containing protein,Crassostrea virginica (Eastern oyster),489,63,130,,InterPro:IPR035076
A0A8B8AH96,C-type lectin domain-containing protein,Crassostrea virginica (Eastern oyster),461,58,132,,InterPro:IPR035076
A0A8B8AJT7,C-type lectin domain-containing protein,Crassostrea virginica (Eastern oyster),468,58,138,,InterPro:IPR035076
A0A8B8AJX4,C-type lectin domain-containing protein,Crassostrea virginica (Eastern oyster),469,59,139,,InterPro:IPR035076
A0A8B8AN83,C-type lectin domain-containing protein,Crassostrea virginica (Eastern oyster),284,25,98,,InterPro:IPR035076
A0A8B8ANM6,C-type lectin domain-containing protein,Crassostrea virginica (Eastern oyster),272,25,98,,InterPro:IPR035076
A0A8B8BWB6,Snake toxin/toxin-like domain-containing protein,Crassostrea virginica (Eastern oyster),199,123,195,,InterPro:IPR035076
A0A8B8CA87,Snake toxin/toxin-like domain-containing protein,Crassostrea virginica (Eastern oyster),140,28,109,,InterPro:IPR035076
A0A8B8EU03,UPAR/Ly6 domain-containing protein,Crassostrea virginica (Eastern oyster),3730,3033,3101,,InterPro:IPR035076
A0A8B8EU06,UPAR/Ly6 domain-containing protein,Crassostrea virginica (Eastern oyster),3858,3161,3229,,InterPro:IPR035076
A0A8B8EU08,UPAR/Ly6 domain-containing protein,Crassostrea virginica (Eastern oyster),3719,3022,3090,,InterPro:IPR035076
A0A8B8EU09,UPAR/Ly6 domain-containing protein,Crassostrea virginica (Eastern oyster),3730,3033,3101,,InterPro:IPR035076
A0A8B8EU12,UPAR/Ly6 domain-containing protein,Crassostrea virginica (Eastern oyster),3730,3033,3101,,InterPro:IPR035076
A0A8B8EU14,UPAR/Ly6 domain-containing protein,Crassostrea virginica (Eastern oyster),3719,3022,3090,,InterPro:IPR035076
A0A8B8EU18,UPAR/Ly6 domain-containing protein,Crassostrea virginica (Eastern oyster),3719,3022,3090,,InterPro:IPR035076
A0A8B8EU57,UPAR/Ly6 domain-containing protein,Crassostrea virginica (Eastern oyster),3730,3033,3101,,InterPro:IPR035076
A0A8B8EU61,UPAR/Ly6 domain-containing protein,Crassostrea virginica (Eastern oyster),3719,3022,3090,,InterPro:IPR035076
A0A8B8EUT5,UPAR/Ly6 domain-containing protein,Crassostrea virginica (Eastern oyster),3731,3034,3102,,InterPro:IPR035076
A0A8B8EUU1,UPAR/Ly6 domain-containing protein,Crassostrea virginica (Eastern oyster),3730,3033,3101,,InterPro:IPR035076
A0A8B8EUU6,Snake toxin/toxin-like domain-containing protein,Crassostrea virginica (Eastern oyster),3087,2518,2586,,InterPro:IPR035076
A0A8B8S063,Snake toxin/toxin-like domain-containing protein,Camelus ferus (Wild bactrian camel),87,22,56,,InterPro:IPR035076
A0A8B8S0A2,UPAR/Ly6 domain-containing protein,Camelus ferus (Wild bactrian camel),130,21,98,,InterPro:IPR035076
A0A8B8S0B1,Snake toxin/toxin-like domain-containing protein,Camelus ferus (Wild bactrian camel),156,29,110,,InterPro:IPR035076
A0A8B8S0G9,Snake toxin/toxin-like domain-containing protein,Camelus ferus (Wild bactrian camel),210,21,94,,InterPro:IPR035076
A0A8B8S0Q2,Snake toxin/toxin-like domain-containing protein,Camelus ferus (Wild bactrian camel),164,28,135,,InterPro:IPR035076
A0A8B8S1N1,Snake toxin/toxin-like domain-containing protein,Camelus ferus (Wild bactrian camel),185,58,139,,InterPro:IPR035076
A0A8B8S1T1,Snake toxin/toxin-like domain-containing protein,Camelus ferus (Wild bactrian camel),154,41,115,,InterPro:IPR035076
A0A8B8S1V4,Ly-6/neurotoxin-like protein 1,Camelus ferus (Wild bactrian camel),116,21,92,,InterPro:IPR035076
A0A8B8S1Y4,Snake toxin/toxin-like domain-containing protein,Camelus ferus (Wild bactrian camel),323,196,277,,InterPro:IPR035076
A0A8B8S347,Snake toxin/toxin-like domain-containing protein,Camelus ferus (Wild bactrian camel),174,61,135,,InterPro:IPR035076
A0A8B8S3E3,Snake toxin/toxin-like domain-containing protein,Camelus ferus (Wild bactrian camel),175,62,136,,InterPro:IPR035076
A0A8B8VN94,Snake toxin/toxin-like domain-containing protein,Balaenoptera musculus (Blue whale),194,81,155,,InterPro:IPR035076
A0A8B8VN97,Snake toxin/toxin-like domain-containing protein,Balaenoptera musculus (Blue whale),204,91,165,,InterPro:IPR035076
A0A8B8VNA2,Snake toxin/toxin-like domain-containing protein,Balaenoptera musculus (Blue whale),172,59,133,,InterPro:IPR035076
A0A8B8VNK7,UPAR/Ly6 domain-containing protein,Balaenoptera musculus (Blue whale),124,21,93,,InterPro:IPR035076
A0A8B8VNL4,UPAR/Ly6 domain-containing protein,Balaenoptera musculus (Blue whale),130,21,98,,InterPro:IPR035076
A0A8B8VNU5,Snake toxin/toxin-like domain-containing protein,Balaenoptera musculus (Blue whale),103,21,53,,InterPro:IPR035076
A0A8B8VP16,Snake toxin/toxin-like domain-containing protein,Balaenoptera musculus (Blue whale),213,100,174,,InterPro:IPR035076
A0A8B8VP45,Snake toxin/toxin-like domain-containing protein,Balaenoptera musculus (Blue whale),203,90,164,,InterPro:IPR035076
A0A8B8VPF6,UPAR/Ly6 domain-containing protein,Balaenoptera musculus (Blue whale),128,21,93,,InterPro:IPR035076
A0A8B8VPK7,Ly-6/neurotoxin-like protein 1,Balaenoptera musculus (Blue whale),114,21,92,,InterPro:IPR035076
A0A8B8VQ86,Snake toxin/toxin-like domain-containing protein,Balaenoptera musculus (Blue whale),161,29,110,,InterPro:IPR035076
A0A8B8VQA1,Snake toxin/toxin-like domain-containing protein,Balaenoptera musculus (Blue whale),136,50,126,,InterPro:IPR035076
A0A8B9BRM6,UPAR/Ly6 domain-containing protein,Anser brachyrhynchus (Pink-footed goose),122,21,92,,InterPro:IPR035076
A0A8B9BRN8,UPAR/Ly6 domain-containing protein,Anser brachyrhynchus (Pink-footed goose),124,18,95,,InterPro:IPR035076
A0A8B9BRQ3,UPAR/Ly6 domain-containing protein,Anser brachyrhynchus (Pink-footed goose),126,21,96,,InterPro:IPR035076
A0A8B9BRS6,UPAR/Ly6 domain-containing protein,Anser brachyrhynchus (Pink-footed goose),127,22,97,,InterPro:IPR035076
A0A8B9BS26,Snake toxin/toxin-like domain-containing protein,Anser brachyrhynchus (Pink-footed goose),124,18,92,,InterPro:IPR035076
A0A8B9BS43,UPAR/Ly6 domain-containing protein,Anser brachyrhynchus (Pink-footed goose),132,27,102,,InterPro:IPR035076
A0A8B9BS58,UPAR/Ly6 domain-containing protein,Anser brachyrhynchus (Pink-footed goose),125,20,95,,InterPro:IPR035076
A0A8B9BSJ7,UPAR/Ly6 domain-containing protein,Anser brachyrhynchus (Pink-footed goose),121,21,97,,InterPro:IPR035076
A0A8B9DRJ1,UPAR/Ly6 domain-containing protein,Anser cygnoides (Swan goose),126,21,96,,InterPro:IPR035076
A0A8B9DRQ1,UPAR/Ly6 domain-containing protein,Anser cygnoides (Swan goose),122,21,92,,InterPro:IPR035076
A0A8B9DRR1,UPAR/Ly6 domain-containing protein,Anser cygnoides (Swan goose),124,18,95,,InterPro:IPR035076
A0A8B9DSD2,Snake toxin/toxin-like domain-containing protein,Anser cygnoides (Swan goose),185,62,113,,InterPro:IPR035076
A0A8B9DSD2,Snake toxin/toxin-like domain-containing protein,Anser cygnoides (Swan goose),185,21,55,,InterPro:IPR035076
A0A8B9DT85,Snake toxin/toxin-like domain-containing protein,Anser cygnoides (Swan goose),114,18,92,,InterPro:IPR035076
A0A8B9DUG1,UPAR/Ly6 domain-containing protein,Anser cygnoides (Swan goose),132,27,102,,InterPro:IPR035076
A0A8B9ETP5,Snake toxin/toxin-like domain-containing protein,Amazona collaria (yellow-billed parrot),121,29,103,,InterPro:IPR035076
A0A8B9EU47,UPAR/Ly6 domain-containing protein,Amazona collaria (yellow-billed parrot),121,33,109,,InterPro:IPR035076
A0A8B9EUQ2,UPAR/Ly6 domain-containing protein,Amazona collaria (yellow-billed parrot),116,10,87,,InterPro:IPR035076
A0A8B9EVS0,Snake toxin/toxin-like domain-containing protein,Amazona collaria (yellow-billed parrot),114,17,91,,InterPro:IPR035076
A0A8B9EW16,UPAR/Ly6 domain-containing protein,Amazona collaria (yellow-billed parrot),126,21,96,,InterPro:IPR035076
A0A8B9EWZ4,Snake toxin/toxin-like domain-containing protein,Amazona collaria (yellow-billed parrot),126,61,95,,InterPro:IPR035076
A0A8B9EXZ8,UPAR/Ly6 domain-containing protein,Amazona collaria (yellow-billed parrot),126,21,96,,InterPro:IPR035076
A0A8B9EYU9,Snake toxin/toxin-like domain-containing protein,Amazona collaria (yellow-billed parrot),84,22,71,,InterPro:IPR035076
A0A8B9F0H6,UPAR/Ly6 domain-containing protein,Amazona collaria (yellow-billed parrot),115,10,85,,InterPro:IPR035076
A0A8B9GQB4,UPAR/Ly6 domain-containing protein,Astyanax mexicanus (Blind cave fish),153,50,120,,InterPro:IPR035076
A0A8B9IJ06,UPAR/Ly6 domain-containing protein,Anser cygnoides (Swan goose),126,21,96,,InterPro:IPR035076
A0A8B9IJ10,UPAR/Ly6 domain-containing protein,Anser cygnoides (Swan goose),123,13,89,,InterPro:IPR035076
A0A8B9IR62,UPAR/Ly6 domain-containing protein,Amazona collaria (yellow-billed parrot),150,45,120,,InterPro:IPR035076
A0A8B9IRG9,UPAR/Ly6 domain-containing protein,Amazona collaria (yellow-billed parrot),126,21,96,,InterPro:IPR035076
A0A8B9L301,Snake toxin/toxin-like domain-containing protein,Astyanax mexicanus (Blind cave fish),136,35,103,,InterPro:IPR035076
A0A8B9MTV1,Snake toxin/toxin-like domain-containing protein,Accipiter nisus (Eurasian sparrowhawk),127,21,95,,InterPro:IPR035076
A0A8B9MTX2,UPAR/Ly6 domain-containing protein,Accipiter nisus (Eurasian sparrowhawk),268,163,238,,InterPro:IPR035076
A0A8B9MVB1,UPAR/Ly6 domain-containing protein,Accipiter nisus (Eurasian sparrowhawk),126,21,96,,InterPro:IPR035076
A0A8B9MVM0,UPAR/Ly6 domain-containing protein,Accipiter nisus (Eurasian sparrowhawk),127,22,97,,InterPro:IPR035076
A0A8B9MXX3,UPAR/Ly6 domain-containing protein,Accipiter nisus (Eurasian sparrowhawk),117,12,87,,InterPro:IPR035076
A0A8B9NI33,Snake toxin/toxin-like domain-containing protein,Accipiter nisus (Eurasian sparrowhawk),140,40,73,,InterPro:IPR035076
A0A8B9Q5C0,UPAR/Ly6 domain-containing protein,Apteryx owenii (Little spotted kiwi),113,8,83,,InterPro:IPR035076
A0A8B9Q5E1,UPAR/Ly6 domain-containing protein,Apteryx owenii (Little spotted kiwi),127,21,96,,InterPro:IPR035076
A0A8B9Q655,UPAR/Ly6 domain-containing protein,Apteryx owenii (Little spotted kiwi),117,16,87,,InterPro:IPR035076
A0A8B9Q7L5,UPAR/Ly6 domain-containing protein,Apteryx owenii (Little spotted kiwi),123,18,93,,InterPro:IPR035076
A0A8B9Q7M3,UPAR/Ly6 domain-containing protein,Apteryx owenii (Little spotted kiwi),127,21,97,,InterPro:IPR035076
A0A8B9QHA1,UPAR/Ly6 domain-containing protein,Apteryx owenii (Little spotted kiwi),116,10,87,,InterPro:IPR035076
A0A8B9QQU8,UPAR/Ly6 domain-containing protein,Anas platyrhynchos (Mallard),113,9,89,,InterPro:IPR035076
A0A8B9QQZ1,Snake toxin/toxin-like domain-containing protein,Anas platyrhynchos (Mallard),170,65,139,,InterPro:IPR035076
A0A8B9QSB7,UPAR/Ly6 domain-containing protein,Anas platyrhynchos (Mallard),182,21,96,,InterPro:IPR035076
A0A8B9QSC7,UPAR/Ly6 domain-containing protein,Anas platyrhynchos (Mallard),143,21,98,,InterPro:IPR035076
A0A8B9QTJ3,UPAR/Ly6 domain-containing protein,Anas platyrhynchos (Mallard),173,21,98,,InterPro:IPR035076
A0A8B9QUE4,UPAR/Ly6 domain-containing protein,Anas platyrhynchos (Mallard),126,21,96,,InterPro:IPR035076
A0A8B9QVX9,UPAR/Ly6 domain-containing protein,Anas platyrhynchos (Mallard),122,21,92,,InterPro:IPR035076
A0A8B9R4A5,Snake toxin/toxin-like domain-containing protein,Anas platyrhynchos (Mallard),170,21,80,,InterPro:IPR035076
A0A8B9RPK1,UPAR/Ly6 domain-containing protein,Accipiter nisus (Eurasian sparrowhawk),109,21,97,,InterPro:IPR035076
A0A8B9RV96,UPAR/Ly6 domain-containing protein,Accipiter nisus (Eurasian sparrowhawk),128,21,98,,InterPro:IPR035076
A0A8B9SBQ1,UPAR/Ly6 domain-containing protein,Apteryx owenii (Little spotted kiwi),126,19,94,,InterPro:IPR035076
A0A8B9SG48,UPAR/Ly6 domain-containing protein,Anas platyrhynchos (Mallard),126,21,96,,InterPro:IPR035076
A0A8B9SH65,UPAR/Ly6 domain-containing protein,Anas platyrhynchos (Mallard),106,1,76,,InterPro:IPR035076
A0A8B9U9E2,UPAR/Ly6 domain-containing protein,Anas zonorhyncha (Eastern spot-billed duck),120,14,90,,InterPro:IPR035076
A0A8B9VTL9,UPAR/Ly6 domain-containing protein,Anas zonorhyncha (Eastern spot-billed duck),126,21,96,,InterPro:IPR035076
A0A8B9VTN6,UPAR/Ly6 domain-containing protein,Anas zonorhyncha (Eastern spot-billed duck),127,21,98,,InterPro:IPR035076
A0A8B9VU52,UPAR/Ly6 domain-containing protein,Anas zonorhyncha (Eastern spot-billed duck),182,21,96,,InterPro:IPR035076
A0A8B9VV10,UPAR/Ly6 domain-containing protein,Anas zonorhyncha (Eastern spot-billed duck),122,21,92,,InterPro:IPR035076
A0A8B9VV18,UPAR/Ly6 domain-containing protein,Anas zonorhyncha (Eastern spot-billed duck),127,22,97,,InterPro:IPR035076
A0A8B9VVX7,Snake toxin/toxin-like domain-containing protein,Anas zonorhyncha (Eastern spot-billed duck),170,65,139,,InterPro:IPR035076
A0A8B9WFJ5,UPAR/Ly6 domain-containing protein,Bos mutus grunniens (Wild yak),111,12,80,,InterPro:IPR035076
A0A8B9WFT3,Snake toxin/toxin-like domain-containing protein,Bos mutus grunniens (Wild yak),141,39,116,,InterPro:IPR035076
A0A8B9WHA5,UPAR/Ly6 domain-containing protein,Bos mutus grunniens (Wild yak),169,62,134,,InterPro:IPR035076
A0A8B9WHW9,UPAR/Ly6 domain-containing protein,Bos mutus grunniens (Wild yak),158,21,126,,InterPro:IPR035076
A0A8B9WJ74,UPAR/Ly6 domain-containing protein,Bos mutus grunniens (Wild yak),130,21,98,,InterPro:IPR035076
A0A8B9WKG3,Snake toxin/toxin-like domain-containing protein,Bos mutus grunniens (Wild yak),224,124,199,,InterPro:IPR035076
A0A8B9WKW9,UPAR/Ly6 domain-containing protein,Bos mutus grunniens (Wild yak),125,21,93,,InterPro:IPR035076
A0A8B9WMD9,Ly-6/neurotoxin-like protein 1,Bos mutus grunniens (Wild yak),116,21,92,,InterPro:IPR035076
A0A8C0A0A9,UPAR/Ly6 domain-containing protein,Anas zonorhyncha (Eastern spot-billed duck),121,15,92,,InterPro:IPR035076
A0A8C0A114,UPAR/Ly6 domain-containing protein,Anas zonorhyncha (Eastern spot-billed duck),126,21,96,,InterPro:IPR035076
A0A8C0A579,UPAR/Ly6 domain-containing protein,Bos mutus grunniens (Wild yak),128,23,100,,InterPro:IPR035076
A0A8C0BLA1,UPAR/Ly6 domain-containing protein,Buteo japonicus,120,13,90,,InterPro:IPR035076
A0A8C0BLA4,UPAR/Ly6 domain-containing protein,Buteo japonicus,171,66,141,,InterPro:IPR035076
A0A8C0BLM4,Snake toxin/toxin-like domain-containing protein,Buteo japonicus,84,16,54,,InterPro:IPR035076
A0A8C0BLM5,UPAR/Ly6 domain-containing protein,Buteo japonicus,126,21,96,,InterPro:IPR035076
A0A8C0BLV7,UPAR/Ly6 domain-containing protein,Buteo japonicus,122,21,92,,InterPro:IPR035076
A0A8C0BLW8,Snake toxin/toxin-like domain-containing protein,Buteo japonicus,127,21,95,,InterPro:IPR035076
A0A8C0BN21,UPAR/Ly6 domain-containing protein,Buteo japonicus,130,25,100,,InterPro:IPR035076
A0A8C0BNK6,UPAR/Ly6 domain-containing protein,Buteo japonicus,115,10,85,,InterPro:IPR035076
A0A8C0BNT6,Snake toxin/toxin-like domain-containing protein,Buteo japonicus,133,48,102,,InterPro:IPR035076
A0A8C0CF61,Snake toxin/toxin-like domain-containing protein,Balaenoptera musculus (Blue whale),121,21,56,,InterPro:IPR035076
A0A8C0D9V9,Snake toxin/toxin-like domain-containing protein,Balaenoptera musculus (Blue whale),174,60,134,,InterPro:IPR035076
A0A8C0DBP4,Snake toxin/toxin-like domain-containing protein,Balaenoptera musculus (Blue whale),70,21,55,,InterPro:IPR035076
A0A8C0DFW3,UPAR/Ly6 domain-containing protein,Balaenoptera musculus (Blue whale),115,12,84,,InterPro:IPR035076
A0A8C0ECE6,UPAR/Ly6 domain-containing protein,Bubo bubo (Eurasian eagle-owl),159,54,129,,InterPro:IPR035076
A0A8C0ECW4,Snake toxin/toxin-like domain-containing protein,Bubo bubo (Eurasian eagle-owl),111,18,85,,InterPro:IPR035076
A0A8C0ECY7,UPAR/Ly6 domain-containing protein,Bubo bubo (Eurasian eagle-owl),126,21,96,,InterPro:IPR035076
A0A8C0ED07,Snake toxin/toxin-like domain-containing protein,Bubo bubo (Eurasian eagle-owl),72,16,58,,InterPro:IPR035076
A0A8C0ED19,UPAR/Ly6 domain-containing protein,Bubo bubo (Eurasian eagle-owl),142,37,112,,InterPro:IPR035076
A0A8C0ED49,UPAR/Ly6 domain-containing protein,Bubo bubo (Eurasian eagle-owl),124,18,95,,InterPro:IPR035076
A0A8C0EER1,UPAR/Ly6 domain-containing protein,Bubo bubo (Eurasian eagle-owl),122,21,92,,InterPro:IPR035076
A0A8C0EIQ2,UPAR/Ly6 domain-containing protein,Bubo bubo (Eurasian eagle-owl),120,15,90,,InterPro:IPR035076
A0A8C0GQD8,UPAR/Ly6 domain-containing protein,Chelonoidis abingdonii (Abingdon island giant tortoise),145,42,114,,InterPro:IPR035076
A0A8C0GQF6,UPAR/Ly6 domain-containing protein,Chelonoidis abingdonii (Abingdon island giant tortoise),125,21,96,,InterPro:IPR035076
A0A8C0GQW2,UPAR/Ly6 domain-containing protein,Chelonoidis abingdonii (Abingdon island giant tortoise),119,15,92,,InterPro:IPR035076
A0A8C0GRN7,UPAR/Ly6 domain-containing protein,Chelonoidis abingdonii (Abingdon island giant tortoise),126,22,96,,InterPro:IPR035076
A0A8C0GSH9,UPAR/Ly6 domain-containing protein,Chelonoidis abingdonii (Abingdon island giant tortoise),130,26,103,,InterPro:IPR035076
A0A8C0GSJ7,UPAR/Ly6 domain-containing protein,Chelonoidis abingdonii (Abingdon island giant tortoise),126,21,96,,InterPro:IPR035076
A0A8C0GT33,UPAR/Ly6 domain-containing protein,Chelonoidis abingdonii (Abingdon island giant tortoise),138,31,109,,InterPro:IPR035076
A0A8C0GUB2,Snake toxin/toxin-like domain-containing protein,Chelonoidis abingdonii (Abingdon island giant tortoise),125,20,96,,InterPro:IPR035076
A0A8C0GUX1,UPAR/Ly6 domain-containing protein,Chelonoidis abingdonii (Abingdon island giant tortoise),125,21,96,,InterPro:IPR035076
A0A8C0H2D2,UPAR/Ly6 domain-containing protein,Chelonoidis abingdonii (Abingdon island giant tortoise),136,17,93,,InterPro:IPR035076
A0A8C0HP20,UPAR/Ly6 domain-containing protein,Buteo japonicus,126,21,96,,InterPro:IPR035076
A0A8C0I3X4,UPAR/Ly6 domain-containing protein,Balaenoptera musculus (Blue whale),130,21,98,,InterPro:IPR035076
A0A8C0I8T7,Snake toxin/toxin-like domain-containing protein,Bubo bubo (Eurasian eagle-owl),127,21,95,,InterPro:IPR035076
A0A8C0IQ75,UPAR/Ly6 domain-containing protein,Chelonoidis abingdonii (Abingdon island giant tortoise),125,21,96,,InterPro:IPR035076
A0A8C0KX57,Ly-6/neurotoxin-like protein 1,Canis lupus dingo (dingo),116,21,92,,InterPro:IPR035076
A0A8C0KYH2,Snake toxin/toxin-like domain-containing protein,Canis lupus dingo (dingo),119,24,98,,InterPro:IPR035076
A0A8C0KYI3,UPAR/Ly6 domain-containing protein,Canis lupus dingo (dingo),128,21,93,,InterPro:IPR035076
A0A8C0L1I4,UPAR/Ly6 domain-containing protein,Canis lupus dingo (dingo),124,21,93,,InterPro:IPR035076
A0A8C0L1Z8,Snake toxin/toxin-like domain-containing protein,Canis lupus dingo (dingo),113,25,101,,InterPro:IPR035076
A0A8C0L203,Secreted Ly-6/uPAR domain-containing protein 2,Canis lupus dingo (dingo),95,21,93,,InterPro:IPR035076
A0A8C0L232,UPAR/Ly6 domain-containing protein,Canis lupus dingo (dingo),153,24,107,,InterPro:IPR035076
A0A8C0L4N2,Snake toxin/toxin-like domain-containing protein,Canis lupus dingo (dingo),201,87,162,,InterPro:IPR035076
A0A8C0MX46,UPAR/Ly6 domain-containing protein,Canis lupus familiaris (Dog),115,12,84,,InterPro:IPR035076
A0A8C0MX96,Snake toxin/toxin-like domain-containing protein,Canis lupus familiaris (Dog),113,25,101,,InterPro:IPR035076
A0A8C0N4C6,Snake toxin/toxin-like domain-containing protein,Canis lupus familiaris (Dog),232,103,137,,InterPro:IPR035076
A0A8C0N4C6,Snake toxin/toxin-like domain-containing protein,Canis lupus familiaris (Dog),232,144,220,,InterPro:IPR035076
A0A8C0N4T8,Secreted Ly-6/uPAR domain-containing protein 2,Canis lupus familiaris (Dog),158,84,156,,InterPro:IPR035076
A0A8C0NDG5,UPAR/Ly6 domain-containing protein,Canis lupus familiaris (Dog),155,26,109,,InterPro:IPR035076
A0A8C0P8X9,UPAR/Ly6 domain-containing protein,Canis lupus familiaris (Dog),130,21,98,,InterPro:IPR035076
A0A8C0P969,Snake toxin/toxin-like domain-containing protein,Canis lupus familiaris (Dog),201,87,162,,InterPro:IPR035076
A0A8C0PD75,Snake toxin/toxin-like domain-containing protein,Canis lupus familiaris (Dog),71,21,55,,InterPro:IPR035076
A0A8C0R3P5,UPAR/Ly6 domain-containing protein,Canis lupus dingo (dingo),130,21,98,,InterPro:IPR035076
A0A8C0RHX7,UPAR/Ly6 domain-containing protein,Canis lupus familiaris (Dog),224,117,189,,InterPro:IPR035076
A0A8C0RHZ3,UPAR/Ly6 domain-containing protein,Canis lupus familiaris (Dog),128,21,93,,InterPro:IPR035076
A0A8C0S564,Snake toxin/toxin-like domain-containing protein,Canis lupus familiaris (Dog),103,25,101,,InterPro:IPR035076
A0A8C0S5D7,Secreted Ly-6/uPAR domain-containing protein 2,Canis lupus familiaris (Dog),96,22,94,,InterPro:IPR035076
A0A8C0S5E8,UPAR/Ly6 domain-containing protein,Canis lupus familiaris (Dog),126,22,99,,InterPro:IPR035076
A0A8C0S5P9,Ly-6/neurotoxin-like protein 1,Canis lupus familiaris (Dog),116,21,92,,InterPro:IPR035076
A0A8C0S8U8,UPAR/Ly6 domain-containing protein,Canis lupus familiaris (Dog),130,21,98,,InterPro:IPR035076
A0A8C0S9C4,Snake toxin/toxin-like domain-containing protein,Canis lupus familiaris (Dog),68,21,55,,InterPro:IPR035076
A0A8C0S9L8,Snake toxin/toxin-like domain-containing protein,Canis lupus familiaris (Dog),175,61,136,,InterPro:IPR035076
A0A8C0URK6,UPAR/Ly6 domain-containing protein,Cyanistes caeruleus (Eurasian blue tit),182,77,152,,InterPro:IPR035076
A0A8C0US24,UPAR/Ly6 domain-containing protein,Cyanistes caeruleus (Eurasian blue tit),131,25,102,,InterPro:IPR035076
A0A8C0USI9,UPAR/Ly6 domain-containing protein,Cyanistes caeruleus (Eurasian blue tit),126,21,96,,InterPro:IPR035076
A0A8C0UUA9,Snake toxin/toxin-like domain-containing protein,Cyanistes caeruleus (Eurasian blue tit),127,21,95,,InterPro:IPR035076
A0A8C0UVH1,UPAR/Ly6 domain-containing protein,Cyanistes caeruleus (Eurasian blue tit),122,17,92,,InterPro:IPR035076
A0A8C0UVX9,UPAR/Ly6 domain-containing protein,Cyanistes caeruleus (Eurasian blue tit),122,21,92,,InterPro:IPR035076
A0A8C0UW73,UPAR/Ly6 domain-containing protein,Cyanistes caeruleus (Eurasian blue tit),127,21,98,,InterPro:IPR035076
A0A8C0V085,UPAR/Ly6 domain-containing protein,Cyanistes caeruleus (Eurasian blue tit),106,1,76,,InterPro:IPR035076
A0A8C0X0U1,UPAR/Ly6 domain-containing protein,Castor canadensis (American beaver),111,21,88,,InterPro:IPR035076
A0A8C0XIA0,UPAR/Ly6 domain-containing protein,Castor canadensis (American beaver),130,23,95,,InterPro:IPR035076
A0A8C0XL20,Snake toxin/toxin-like domain-containing protein,Castor canadensis (American beaver),88,14,57,,InterPro:IPR035076
A0A8C0XMC9,Snake toxin/toxin-like domain-containing protein,Castor canadensis (American beaver),125,24,100,,InterPro:IPR035076
A0A8C0XN19,UPAR/Ly6 domain-containing protein,Castor canadensis (American beaver),123,21,93,,InterPro:IPR035076
A0A8C0XNN7,Ly-6/neurotoxin-like protein 1,Castor canadensis (American beaver),116,21,92,,InterPro:IPR035076
A0A8C0ZDP0,UPAR/Ly6 domain-containing protein,Cyanistes caeruleus (Eurasian blue tit),126,21,96,,InterPro:IPR035076
A0A8C0ZDW4,UPAR/Ly6 domain-containing protein,Cyanistes caeruleus (Eurasian blue tit),127,22,97,,InterPro:IPR035076
A0A8C0ZY53,UPAR/Ly6 domain-containing protein,Castor canadensis (American beaver),334,206,288,,InterPro:IPR035076
A0A8C1AZD9,UPAR/Ly6 domain-containing protein,Cyprinus carpio carpio,197,110,174,,InterPro:IPR035076
A0A8C1AZY3,MAC-inhibitory protein,Cyprinus carpio carpio,200,110,177,,InterPro:IPR035076
A0A8C1BE09,UPAR/Ly6 domain-containing protein,Cyprinus carpio carpio,218,129,195,,InterPro:IPR035076
A0A8C1BE09,UPAR/Ly6 domain-containing protein,Cyprinus carpio carpio,218,23,105,,InterPro:IPR035076
A0A8C1C5R0,UPAR/Ly6 domain-containing protein,Cyprinus carpio carpio,199,110,176,,InterPro:IPR035076
A0A8C1CGB4,Snake toxin/toxin-like domain-containing protein,Cyprinus carpio carpio,140,8,40,,InterPro:IPR035076
A0A8C1CGB4,Snake toxin/toxin-like domain-containing protein,Cyprinus carpio carpio,140,56,117,,InterPro:IPR035076
A0A8C1CWQ8,UPAR/Ly6 domain-containing protein,Cyprinus carpio carpio,123,16,94,,InterPro:IPR035076
A0A8C1DDM5,Snake toxin/toxin-like domain-containing protein,Cyprinus carpio carpio,202,109,175,,InterPro:IPR035076
A0A8C1DDM5,Snake toxin/toxin-like domain-containing protein,Cyprinus carpio carpio,202,20,96,,InterPro:IPR035076
A0A8C1DGT3,UPAR/Ly6 domain-containing protein,Cyprinus carpio carpio,219,130,196,,InterPro:IPR035076
A0A8C1DGT3,UPAR/Ly6 domain-containing protein,Cyprinus carpio carpio,219,21,90,,InterPro:IPR035076
A0A8C1EES3,Lymphocyte antigen 6 family member M6,Cyprinus carpio carpio,199,110,176,,InterPro:IPR035076
A0A8C1EJ02,UPAR/Ly6 domain-containing protein,Cyprinus carpio carpio,159,69,136,,InterPro:IPR035076
A0A8C1EJ02,UPAR/Ly6 domain-containing protein,Cyprinus carpio carpio,159,24,54,,InterPro:IPR035076
A0A8C1EYB5,UPAR/Ly6 domain-containing protein,Cyprinus carpio carpio,209,113,188,,InterPro:IPR035076
A0A8C1EZ38,UPAR/Ly6 domain-containing protein,Cyprinus carpio carpio,221,112,187,,InterPro:IPR035076
A0A8C1EZ38,UPAR/Ly6 domain-containing protein,Cyprinus carpio carpio,221,20,96,,InterPro:IPR035076
A0A8C1HJ42,Snake toxin/toxin-like domain-containing protein,Cyprinus carpio carpio,121,20,74,,InterPro:IPR035076
A0A8C1HRU2,UPAR/Ly6 domain-containing protein,Cyprinus carpio carpio,221,49,114,,InterPro:IPR035076
A0A8C1HRU8,UPAR/Ly6 domain-containing protein,Cyprinus carpio carpio,301,129,194,,InterPro:IPR035076
A0A8C1HUM8,UPAR/Ly6 domain-containing protein,Cyprinus carpio carpio,196,106,173,,InterPro:IPR035076
A0A8C1HYA1,Vacuolar fusion protein MON1 homolog,Cyprinus carpio carpio,699,527,594,,InterPro:IPR035076
A0A8C1HYA1,Vacuolar fusion protein MON1 homolog,Cyprinus carpio carpio,699,603,676,,InterPro:IPR035076
A0A8C1IK20,UPAR/Ly6 domain-containing protein,Cyprinus carpio (Common carp),199,110,175,,InterPro:IPR035076
A0A8C1IM35,UPAR/Ly6 domain-containing protein,Cyprinus carpio (Common carp),193,100,166,,InterPro:IPR035076
A0A8C1K275,Snake toxin/toxin-like domain-containing protein,Cyprinus carpio (Common carp),86,18,77,,InterPro:IPR035076
A0A8C1KXT1,UPAR/Ly6 domain-containing protein,Cyprinus carpio (Common carp),199,110,176,,InterPro:IPR035076
A0A8C1L0K4,UPAR/Ly6 domain-containing protein,Cyprinus carpio (Common carp),199,110,176,,InterPro:IPR035076
A0A8C1L0L3,UPAR/Ly6 domain-containing protein,Cyprinus carpio (Common carp),198,109,175,,InterPro:IPR035076
A0A8C1L1X3,Snake toxin/toxin-like domain-containing protein,Cyprinus carpio (Common carp),92,20,74,,InterPro:IPR035076
A0A8C1L2B7,Snake toxin/toxin-like domain-containing protein,Cyprinus carpio (Common carp),88,16,70,,InterPro:IPR035076
A0A8C1LPT7,UPAR/Ly6 domain-containing protein,Cyprinus carpio (Common carp),146,13,42,,InterPro:IPR035076
A0A8C1LPT7,UPAR/Ly6 domain-containing protein,Cyprinus carpio (Common carp),146,57,123,,InterPro:IPR035076
A0A8C1LXU9,UPAR/Ly6 domain-containing protein,Cyprinus carpio (Common carp),206,34,99,,InterPro:IPR035076
A0A8C1M249,UPAR/Ly6 domain-containing protein,Cyprinus carpio (Common carp),209,113,188,,InterPro:IPR035076
A0A8C1MZN8,MAC-inhibitory protein,Cyprinus carpio (Common carp),263,106,172,,InterPro:IPR035076
A0A8C1N0I3,UPAR/Ly6 domain-containing protein,Cyprinus carpio (Common carp),199,111,176,,InterPro:IPR035076
A0A8C1N0I3,UPAR/Ly6 domain-containing protein,Cyprinus carpio (Common carp),199,24,94,,InterPro:IPR035076
A0A8C1N245,MAC-inhibitory protein,Cyprinus carpio (Common carp),263,106,172,,InterPro:IPR035076
A0A8C1N329,UPAR/Ly6 domain-containing protein,Cyprinus carpio (Common carp),227,121,187,,InterPro:IPR035076
A0A8C1N6N7,MAC-inhibitory protein,Cyprinus carpio (Common carp),225,105,171,,InterPro:IPR035076
A0A8C1N6P8,MAC-inhibitory protein,Cyprinus carpio (Common carp),195,107,172,,InterPro:IPR035076
A0A8C1N6R0,UPAR/Ly6 domain-containing protein,Cyprinus carpio (Common carp),196,106,173,,InterPro:IPR035076
A0A8C1N6S0,UPAR/Ly6 domain-containing protein,Cyprinus carpio (Common carp),212,123,189,,InterPro:IPR035076
A0A8C1NUX1,UPAR/Ly6 domain-containing protein,Cyprinus carpio (Common carp),208,112,187,,InterPro:IPR035076
A0A8C1NUX1,UPAR/Ly6 domain-containing protein,Cyprinus carpio (Common carp),208,20,96,,InterPro:IPR035076
A0A8C1P975,Snake toxin/toxin-like domain-containing protein,Cyprinus carpio (Common carp),226,137,203,,InterPro:IPR035076
A0A8C1P975,Snake toxin/toxin-like domain-containing protein,Cyprinus carpio (Common carp),226,31,113,,InterPro:IPR035076
A0A8C1PX91,UPAR/Ly6 domain-containing protein,Cyprinus carpio (Common carp),197,110,174,,InterPro:IPR035076
A0A8C1PYD7,MAC-inhibitory protein,Cyprinus carpio (Common carp),200,110,177,,InterPro:IPR035076
A0A8C1PZU9,Sodefrin-like factor,Cyprinus carpio (Common carp),184,121,182,,InterPro:IPR035076
A0A8C1Q523,UPAR/Ly6 domain-containing protein,Cyprinus carpio (Common carp),194,107,171,,InterPro:IPR035076
A0A8C1R1A3,UPAR/Ly6 domain-containing protein,Cyprinus carpio (Common carp),286,20,93,,InterPro:IPR035076
A0A8C1R1A3,UPAR/Ly6 domain-containing protein,Cyprinus carpio (Common carp),286,109,175,,InterPro:IPR035076
A0A8C1R3G2,UPAR/Ly6 domain-containing protein,Cyprinus carpio (Common carp),137,48,114,,InterPro:IPR035076
A0A8C1RBW2,UPAR/Ly6 domain-containing protein,Cyprinus carpio (Common carp),217,105,171,,InterPro:IPR035076
A0A8C1RBW2,UPAR/Ly6 domain-containing protein,Cyprinus carpio (Common carp),217,20,89,,InterPro:IPR035076
A0A8C1RHP8,UPAR/Ly6 domain-containing protein,Cyprinus carpio (Common carp),110,17,86,,InterPro:IPR035076
A0A8C1SAG0,UPAR/Ly6 domain-containing protein,Cyprinus carpio (Common carp),199,110,176,,InterPro:IPR035076
A0A8C1SHX6,UPAR/Ly6 domain-containing protein,Cyprinus carpio (Common carp),196,107,173,,InterPro:IPR035076
A0A8C1SN27,Snake toxin/toxin-like domain-containing protein,Cyprinus carpio (Common carp),86,18,77,,InterPro:IPR035076
A0A8C1T5M2,UPAR/Ly6 domain-containing protein,Cyprinus carpio (Common carp),187,85,151,,InterPro:IPR035076
A0A8C1TK25,UPAR/Ly6 domain-containing protein,Cyprinus carpio (Common carp),127,20,98,,InterPro:IPR035076
A0A8C1TZJ1,UPAR/Ly6 domain-containing protein,Cyprinus carpio (Common carp),145,6,36,,InterPro:IPR035076
A0A8C1TZJ1,UPAR/Ly6 domain-containing protein,Cyprinus carpio (Common carp),145,51,115,,InterPro:IPR035076
A0A8C1WWG5,MAC-inhibitory protein,Cyprinus carpio (Common carp),294,109,175,,InterPro:IPR035076
A0A8C1XR85,Uncharacterized protein,Cyprinus carpio (Common carp),227,30,68,,InterPro:IPR035076
A0A8C1XWR0,Snake toxin/toxin-like domain-containing protein,Cyprinus carpio (Common carp),226,137,203,,InterPro:IPR035076
A0A8C1XWR0,Snake toxin/toxin-like domain-containing protein,Cyprinus carpio (Common carp),226,31,113,,InterPro:IPR035076
A0A8C1ZXZ9,UPAR/Ly6 domain-containing protein,Cyprinus carpio (Common carp),209,113,188,,InterPro:IPR035076
A0A8C2A2H1,Snake toxin/toxin-like domain-containing protein,Cyprinus carpio (Common carp),143,47,104,,InterPro:IPR035076
A0A8C2AG71,UPAR/Ly6 domain-containing protein,Cyprinus carpio (Common carp),197,110,174,,InterPro:IPR035076
A0A8C2AG91,MAC-inhibitory protein,Cyprinus carpio (Common carp),194,105,171,,InterPro:IPR035076
A0A8C2AGD3,UPAR/Ly6 domain-containing protein,Cyprinus carpio (Common carp),198,24,94,,InterPro:IPR035076
A0A8C2AGD3,UPAR/Ly6 domain-containing protein,Cyprinus carpio (Common carp),198,109,175,,InterPro:IPR035076
A0A8C2AHB0,UPAR/Ly6 domain-containing protein,Cyprinus carpio (Common carp),199,110,176,,InterPro:IPR035076
A0A8C2AHV0,MAC-inhibitory protein,Cyprinus carpio (Common carp),259,106,172,,InterPro:IPR035076
A0A8C2AI76,MAC-inhibitory protein,Cyprinus carpio (Common carp),191,102,168,,InterPro:IPR035076
A0A8C2AIL2,UPAR/Ly6 domain-containing protein,Cyprinus carpio (Common carp),196,106,173,,InterPro:IPR035076
A0A8C2AJA0,Snake toxin/toxin-like domain-containing protein,Cyprinus carpio (Common carp),195,55,90,,InterPro:IPR035076
A0A8C2AJA0,Snake toxin/toxin-like domain-containing protein,Cyprinus carpio (Common carp),195,106,172,,InterPro:IPR035076
A0A8C2B7N1,UPAR/Ly6 domain-containing protein,Cyprinus carpio (Common carp),197,100,170,,InterPro:IPR035076
A0A8C2BYK1,MAC-inhibitory protein,Cyprinus carpio (Common carp),194,105,171,,InterPro:IPR035076
A0A8C2D2B9,UPAR/Ly6 domain-containing protein,Cyprinus carpio (Common carp),199,110,176,,InterPro:IPR035076
A0A8C2D3E9,UPAR/Ly6 domain-containing protein,Cyprinus carpio (Common carp),143,56,120,,InterPro:IPR035076
A0A8C2D9V1,UPAR/Ly6 domain-containing protein,Cyprinus carpio (Common carp),198,109,175,,InterPro:IPR035076
A0A8C2F0R1,UPAR/Ly6 domain-containing protein,Cyprinus carpio (Common carp),301,129,194,,InterPro:IPR035076
A0A8C2F1B1,UPAR/Ly6 domain-containing protein,Cyprinus carpio (Common carp),275,129,194,,InterPro:IPR035076
A0A8C2F2G3,UPAR/Ly6 domain-containing protein,Cyprinus carpio (Common carp),257,85,150,,InterPro:IPR035076
A0A8C2F2G3,UPAR/Ly6 domain-containing protein,Cyprinus carpio (Common carp),257,30,68,,InterPro:IPR035076
A0A8C2F7Y8,UPAR/Ly6 domain-containing protein,Cyprinus carpio (Common carp),387,20,93,,InterPro:IPR035076
A0A8C2F7Y8,UPAR/Ly6 domain-containing protein,Cyprinus carpio (Common carp),387,109,175,,InterPro:IPR035076
A0A8C2FM68,UPAR/Ly6 domain-containing protein,Cyprinus carpio (Common carp),209,113,188,,InterPro:IPR035076
A0A8C2GMI2,UPAR/Ly6 domain-containing protein,Cyprinus carpio (Common carp),206,117,183,,InterPro:IPR035076
A0A8C2HA06,Snake toxin/toxin-like domain-containing protein,Cyprinus carpio (Common carp),179,17,91,,InterPro:IPR035076
A0A8C2HXB9,Snake toxin/toxin-like domain-containing protein,Cyprinus carpio (Common carp),86,18,77,,InterPro:IPR035076
A0A8C2J909,UPAR/Ly6 domain-containing protein,Cyprinus carpio (Common carp),152,63,129,,InterPro:IPR035076
A0A8C2J909,UPAR/Ly6 domain-containing protein,Cyprinus carpio (Common carp),152,17,48,,InterPro:IPR035076
A0A8C2JVP2,UPAR/Ly6 domain-containing protein,Cyprinus carpio (Common carp),138,53,117,,InterPro:IPR035076
A0A8C2JVP2,UPAR/Ly6 domain-containing protein,Cyprinus carpio (Common carp),138,8,38,,InterPro:IPR035076
A0A8C2JWX1,UPAR/Ly6 domain-containing protein,Cyprinus carpio (Common carp),227,121,187,,InterPro:IPR035076
A0A8C2JXC7,UPAR/Ly6 domain-containing protein,Cyprinus carpio (Common carp),200,110,177,,InterPro:IPR035076
A0A8C2JXD6,UPAR/Ly6 domain-containing protein,Cyprinus carpio (Common carp),210,121,187,,InterPro:IPR035076
A0A8C2JYX0,UPAR/Ly6 domain-containing protein,Cyprinus carpio (Common carp),196,106,173,,InterPro:IPR035076
A0A8C2K0C7,UPAR/Ly6 domain-containing protein,Cyprinus carpio (Common carp),227,121,187,,InterPro:IPR035076
A0A8C2K199,MAC-inhibitory protein,Cyprinus carpio (Common carp),267,106,172,,InterPro:IPR035076
A0A8C2K1A7,UPAR/Ly6 domain-containing protein,Cyprinus carpio (Common carp),227,121,187,,InterPro:IPR035076
A0A8C2K1G7,Snake toxin/toxin-like domain-containing protein,Cyprinus carpio (Common carp),195,55,90,,InterPro:IPR035076
A0A8C2K1G7,Snake toxin/toxin-like domain-containing protein,Cyprinus carpio (Common carp),195,106,172,,InterPro:IPR035076
A0A8C2KJD9,Snake toxin/toxin-like domain-containing protein,Cyprinus carpio (Common carp),226,137,203,,InterPro:IPR035076
A0A8C2KJD9,Snake toxin/toxin-like domain-containing protein,Cyprinus carpio (Common carp),226,31,113,,InterPro:IPR035076
A0A8C2LY04,UPAR/Ly6 domain-containing protein,Cricetulus griseus (Chinese hamster),111,21,88,,InterPro:IPR035076
A0A8C2M0U9,UPAR/Ly6 domain-containing protein,Cricetulus griseus (Chinese hamster),136,27,105,,InterPro:IPR035076
A0A8C2M414,Snake toxin/toxin-like domain-containing protein,Cricetulus griseus (Chinese hamster),88,23,57,,InterPro:IPR035076
A0A8C2MCZ1,UPAR/Ly6 domain-containing protein,Cricetulus griseus (Chinese hamster),127,21,93,,InterPro:IPR035076
A0A8C2MPT4,Snake toxin/toxin-like domain-containing protein,Cricetulus griseus (Chinese hamster),229,62,137,,InterPro:IPR035076
A0A8C2MSB3,Snake toxin/toxin-like domain-containing protein,Cricetulus griseus (Chinese hamster),112,62,95,,InterPro:IPR035076
A0A8C2Q2N1,UPAR/Ly6 domain-containing protein,Cyprinus carpio (Common carp),197,110,174,,InterPro:IPR035076
A0A8C2Q2N3,UPAR/Ly6 domain-containing protein,Cyprinus carpio (Common carp),192,20,88,,InterPro:IPR035076
A0A8C2Q2N3,UPAR/Ly6 domain-containing protein,Cyprinus carpio (Common carp),192,103,169,,InterPro:IPR035076
A0A8C2Q2Y8,Snake toxin/toxin-like domain-containing protein,Cyprinus carpio (Common carp),140,8,40,,InterPro:IPR035076
A0A8C2Q2Y8,Snake toxin/toxin-like domain-containing protein,Cyprinus carpio (Common carp),140,56,117,,InterPro:IPR035076
A0A8C2RDY1,Snake toxin/toxin-like domain-containing protein,Capra hircus (Goat),137,35,112,,InterPro:IPR035076
A0A8C2RF78,Snake toxin/toxin-like domain-containing protein,Capra hircus (Goat),132,32,90,,InterPro:IPR035076
A0A8C2RNN2,Snake toxin/toxin-like domain-containing protein,Capra hircus (Goat),126,24,101,,InterPro:IPR035076
A0A8C2RP78,Snake toxin/toxin-like domain-containing protein,Capra hircus (Goat),306,164,198,,InterPro:IPR035076
A0A8C2RP78,Snake toxin/toxin-like domain-containing protein,Capra hircus (Goat),306,204,281,,InterPro:IPR035076
A0A8C2RQ41,Snake toxin/toxin-like domain-containing protein,Capra hircus (Goat),71,21,55,,InterPro:IPR035076
A0A8C2RQ57,UPAR/Ly6 domain-containing protein,Capra hircus (Goat),239,134,211,,InterPro:IPR035076
A0A8C2RQ67,UPAR/Ly6 domain-containing protein,Capra hircus (Goat),269,164,241,,InterPro:IPR035076
A0A8C2RRW6,UPAR/Ly6 domain-containing protein,Capra hircus (Goat),211,21,98,,InterPro:IPR035076
A0A8C2RU28,Snake toxin/toxin-like domain-containing protein,Capra hircus (Goat),172,60,133,,InterPro:IPR035076
A0A8C2TDV8,UPAR/Ly6 domain-containing protein,Coturnix japonica (Japanese quail),116,11,86,,InterPro:IPR035076
A0A8C2TDY8,UPAR/Ly6 domain-containing protein,Coturnix japonica (Japanese quail),122,22,92,,InterPro:IPR035076
A0A8C2TDZ6,UPAR/Ly6 domain-containing protein,Coturnix japonica (Japanese quail),155,50,125,,InterPro:IPR035076
A0A8C2TE59,Snake toxin/toxin-like domain-containing protein,Coturnix japonica (Japanese quail),212,106,180,,InterPro:IPR035076
A0A8C2TFR3,UPAR/Ly6 domain-containing protein,Coturnix japonica (Japanese quail),193,88,163,,InterPro:IPR035076
A0A8C2TFR3,UPAR/Ly6 domain-containing protein,Coturnix japonica (Japanese quail),193,21,81,,InterPro:IPR035076
A0A8C2TGD5,UPAR/Ly6 domain-containing protein,Coturnix japonica (Japanese quail),208,103,178,,InterPro:IPR035076
A0A8C2TGP1,UPAR/Ly6 domain-containing protein,Coturnix japonica (Japanese quail),128,23,98,,InterPro:IPR035076
A0A8C2TGW1,Snake toxin/toxin-like domain-containing protein,Coturnix japonica (Japanese quail),127,21,98,,InterPro:IPR035076
A0A8C2THM4,UPAR/Ly6 domain-containing protein,Coturnix japonica (Japanese quail),121,27,95,,InterPro:IPR035076
A0A8C2TIV6,UPAR/Ly6 domain-containing protein,Coturnix japonica (Japanese quail),127,22,97,,InterPro:IPR035076
A0A8C2VAE8,UPAR/Ly6 domain-containing protein,Chinchilla lanigera (Long-tailed chinchilla),129,23,100,,InterPro:IPR035076
A0A8C2VD64,UPAR/Ly6 domain-containing protein,Chinchilla lanigera (Long-tailed chinchilla),122,20,92,,InterPro:IPR035076
A0A8C2VHD8,Snake toxin/toxin-like domain-containing protein,Chinchilla lanigera (Long-tailed chinchilla),188,53,128,,InterPro:IPR035076
A0A8C2VN78,UPAR/Ly6 domain-containing protein,Chinchilla lanigera (Long-tailed chinchilla),168,32,113,,InterPro:IPR035076
A0A8C2VND7,Ly-6/neurotoxin-like protein 1,Chinchilla lanigera (Long-tailed chinchilla),116,21,92,,InterPro:IPR035076
A0A8C2VSC8,UPAR/Ly6 domain-containing protein,Chinchilla lanigera (Long-tailed chinchilla),136,27,104,,InterPro:IPR035076
A0A8C2VTS1,UPAR/Ly6 domain-containing protein,Chinchilla lanigera (Long-tailed chinchilla),136,27,104,,InterPro:IPR035076
A0A8C2VUG9,UPAR/Ly6 domain-containing protein,Chinchilla lanigera (Long-tailed chinchilla),129,21,94,,InterPro:IPR035076
A0A8C2W2S6,Snake toxin/toxin-like domain-containing protein,Chinchilla lanigera (Long-tailed chinchilla),83,21,57,,InterPro:IPR035076
A0A8C2X1U6,UPAR/Ly6 domain-containing protein,Cyclopterus lumpus (Lumpsucker),144,38,118,,InterPro:IPR035076
A0A8C2XY91,UPAR/Ly6 domain-containing protein,Capra hircus (Goat),128,21,93,,InterPro:IPR035076
A0A8C2XYD0,UPAR/Ly6 domain-containing protein,Capra hircus (Goat),190,85,162,,InterPro:IPR035076
A0A8C2YAH1,UPAR/Ly6 domain-containing protein,Coturnix japonica (Japanese quail),187,82,157,,InterPro:IPR035076
A0A8C2YAL9,UPAR/Ly6 domain-containing protein,Coturnix japonica (Japanese quail),189,82,157,,InterPro:IPR035076
A0A8C2YNK1,Snake toxin/toxin-like domain-containing protein,Chinchilla lanigera (Long-tailed chinchilla),119,36,112,,InterPro:IPR035076
A0A8C2YRH9,Snake toxin/toxin-like domain-containing protein,Chinchilla lanigera (Long-tailed chinchilla),110,20,87,,InterPro:IPR035076
A0A8C2Z9T1,UPAR/Ly6 domain-containing protein,Cyclopterus lumpus (Lumpsucker),205,113,182,,InterPro:IPR035076
A0A8C3BM36,Snake toxin/toxin-like domain-containing protein,Cairina moschata (Muscovy duck),170,65,139,,InterPro:IPR035076
A0A8C3BM59,UPAR/Ly6 domain-containing protein,Cairina moschata (Muscovy duck),127,22,97,,InterPro:IPR035076
A0A8C3BMF0,UPAR/Ly6 domain-containing protein,Cairina moschata (Muscovy duck),109,21,97,,InterPro:IPR035076
A0A8C3BMK5,UPAR/Ly6 domain-containing protein,Cairina moschata (Muscovy duck),127,21,98,,InterPro:IPR035076
A0A8C3BNZ4,UPAR/Ly6 domain-containing protein,Cairina moschata (Muscovy duck),122,17,92,,InterPro:IPR035076
A0A8C3BPT8,UPAR/Ly6 domain-containing protein,Cairina moschata (Muscovy duck),124,18,95,,InterPro:IPR035076
A0A8C3BRU4,UPAR/Ly6 domain-containing protein,Cairina moschata (Muscovy duck),122,21,92,,InterPro:IPR035076
A0A8C3BS43,UPAR/Ly6 domain-containing protein,Cairina moschata (Muscovy duck),212,107,182,,InterPro:IPR035076
A0A8C3DQ56,Uncharacterized protein,Corvus moneduloides (New Caledonian crow),126,21,96,,InterPro:IPR035076
A0A8C3DRV7,Uncharacterized protein,Corvus moneduloides (New Caledonian crow),122,21,92,,InterPro:IPR035076
A0A8C3DSL4,Uncharacterized protein,Corvus moneduloides (New Caledonian crow),121,16,91,,InterPro:IPR035076
A0A8C3DT94,Uncharacterized protein,Corvus moneduloides (New Caledonian crow),126,21,96,,InterPro:IPR035076
A0A8C3FTY9,Uncharacterized protein,Chrysemys picta bellii (Western painted turtle),125,21,96,,InterPro:IPR035076
A0A8C3GGR4,UPAR/Ly6 domain-containing protein,Cairina moschata (Muscovy duck),226,21,96,,InterPro:IPR035076
A0A8C3GW68,Snake toxin/toxin-like domain-containing protein,Corvus moneduloides (New Caledonian crow),127,21,95,,InterPro:IPR035076
A0A8C3GWU0,Uncharacterized protein,Corvus moneduloides (New Caledonian crow),127,21,98,,InterPro:IPR035076
A0A8C3I1A5,UPAR/Ly6 domain-containing protein,Chrysemys picta bellii (Western painted turtle),123,19,94,,InterPro:IPR035076
A0A8C3I1A9,Snake toxin/toxin-like domain-containing protein,Chrysemys picta bellii (Western painted turtle),134,69,105,,InterPro:IPR035076
A0A8C3I1E1,Uncharacterized protein,Chrysemys picta bellii (Western painted turtle),125,21,96,,InterPro:IPR035076
A0A8C3I1G7,Uncharacterized protein,Chrysemys picta bellii (Western painted turtle),126,22,96,,InterPro:IPR035076
A0A8C3I1Y0,UPAR/Ly6 domain-containing protein,Chrysemys picta bellii (Western painted turtle),125,21,96,,InterPro:IPR035076
A0A8C3I1Y4,Uncharacterized protein,Chrysemys picta bellii (Western painted turtle),125,21,96,,InterPro:IPR035076
A0A8C3I305,UPAR/Ly6 domain-containing protein,Chrysemys picta bellii (Western painted turtle),122,27,98,,InterPro:IPR035076
A0A8C3I315,UPAR/Ly6 domain-containing protein,Chrysemys picta bellii (Western painted turtle),120,19,96,,InterPro:IPR035076
A0A8C3I464,UPAR/Ly6 domain-containing protein,Chrysemys picta bellii (Western painted turtle),116,11,86,,InterPro:IPR035076
A0A8C3I475,UPAR/Ly6 domain-containing protein,Chrysemys picta bellii (Western painted turtle),144,42,114,,InterPro:IPR035076
A0A8C3IME5,Snake toxin/toxin-like domain-containing protein,Chrysemys picta bellii (Western painted turtle),89,21,88,,InterPro:IPR035076
A0A8C3JMN0,UPAR/Ly6 domain-containing protein,Calidris pygmaea (Spoon-billed sandpiper),128,22,98,,InterPro:IPR035076
A0A8C3JMR5,Snake toxin/toxin-like domain-containing protein,Calidris pygmaea (Spoon-billed sandpiper),93,3,63,,InterPro:IPR035076
A0A8C3JN23,UPAR/Ly6 domain-containing protein,Calidris pygmaea (Spoon-billed sandpiper),126,21,96,,InterPro:IPR035076
A0A8C3JNW0,UPAR/Ly6 domain-containing protein,Calidris pygmaea (Spoon-billed sandpiper),138,23,98,,InterPro:IPR035076
A0A8C3JNX0,UPAR/Ly6 domain-containing protein,Calidris pygmaea (Spoon-billed sandpiper),126,21,96,,InterPro:IPR035076
A0A8C3JP13,UPAR/Ly6 domain-containing protein,Calidris pygmaea (Spoon-billed sandpiper),133,27,104,,InterPro:IPR035076
A0A8C3JSS1,UPAR/Ly6 domain-containing protein,Calidris pygmaea (Spoon-billed sandpiper),254,149,224,,InterPro:IPR035076
A0A8C3JSV4,Snake toxin/toxin-like domain-containing protein,Calidris pygmaea (Spoon-billed sandpiper),127,21,95,,InterPro:IPR035076
A0A8C3KWI8,UPAR/Ly6 domain-containing protein,Chrysolophus pictus (Golden pheasant),117,16,87,,InterPro:IPR035076
A0A8C3KY43,UPAR/Ly6 domain-containing protein,Chrysolophus pictus (Golden pheasant),175,50,125,,InterPro:IPR035076
A0A8C3KYK5,UPAR/Ly6 domain-containing protein,Chrysolophus pictus (Golden pheasant),127,22,97,,InterPro:IPR035076
A0A8C3L1Q4,UPAR/Ly6 domain-containing protein,Chrysolophus pictus (Golden pheasant),141,21,96,,InterPro:IPR035076
A0A8C3L498,UPAR/Ly6 domain-containing protein,Chrysolophus pictus (Golden pheasant),126,21,96,,InterPro:IPR035076
A0A8C3LUM1,Snake toxin/toxin-like domain-containing protein,Chrysolophus pictus (Golden pheasant),142,41,109,,InterPro:IPR035076
A0A8C3MGK1,Snake toxin/toxin-like domain-containing protein,Geospiza parvula (Small tree-finch),145,27,103,,InterPro:IPR035076
A0A8C3MHI6,Uncharacterized protein,Geospiza parvula (Small tree-finch),129,21,99,,InterPro:IPR035076
A0A8C3MJN2,Uncharacterized protein,Geospiza parvula (Small tree-finch),133,28,103,,InterPro:IPR035076
A0A8C3P9X3,Uncharacterized protein,Chrysemys picta bellii (Western painted turtle),126,21,96,,InterPro:IPR035076
A0A8C3P9Y5,Snake toxin/toxin-like domain-containing protein,Chrysemys picta bellii (Western painted turtle),120,17,94,,InterPro:IPR035076
A0A8C3PL36,UPAR/Ly6 domain-containing protein,Calidris pygmaea (Spoon-billed sandpiper),133,27,104,,InterPro:IPR035076
A0A8C3PV41,UPAR/Ly6 domain-containing protein,Chrysolophus pictus (Golden pheasant),127,21,98,,InterPro:IPR035076
A0A8C3PVH5,Snake toxin/toxin-like domain-containing protein,Chrysolophus pictus (Golden pheasant),127,21,95,,InterPro:IPR035076
A0A8C3Q617,Uncharacterized protein,Geospiza parvula (Small tree-finch),125,20,95,,InterPro:IPR035076
A0A8C3Q629,Uncharacterized protein,Geospiza parvula (Small tree-finch),126,21,96,,InterPro:IPR035076
A0A8C3Q6K2,Uncharacterized protein,Geospiza parvula (Small tree-finch),121,15,92,,InterPro:IPR035076
A0A8C3Q6L0,Uncharacterized protein,Geospiza parvula (Small tree-finch),139,34,109,,InterPro:IPR035076
A0A8C3Q6M8,Snake toxin/toxin-like domain-containing protein,Geospiza parvula (Small tree-finch),70,18,52,,InterPro:IPR035076
A0A8C3QWV3,UPAR/Ly6 domain-containing protein,Cyanoderma ruficeps (rufous-capped babbler),122,21,92,,InterPro:IPR035076
A0A8C3QWY2,UPAR/Ly6 domain-containing protein,Cyanoderma ruficeps (rufous-capped babbler),113,10,80,,InterPro:IPR035076
A0A8C3QWZ3,UPAR/Ly6 domain-containing protein,Cyanoderma ruficeps (rufous-capped babbler),127,21,97,,InterPro:IPR035076
A0A8C3QXS2,UPAR/Ly6 domain-containing protein,Cyanoderma ruficeps (rufous-capped babbler),126,21,96,,InterPro:IPR035076
A0A8C3QY71,UPAR/Ly6 domain-containing protein,Cyanoderma ruficeps (rufous-capped babbler),123,18,93,,InterPro:IPR035076
A0A8C3QYP0,UPAR/Ly6 domain-containing protein,Cyanoderma ruficeps (rufous-capped babbler),125,22,99,,InterPro:IPR035076
A0A8C3QYT6,Snake toxin/toxin-like domain-containing protein,Cyanoderma ruficeps (rufous-capped babbler),127,21,95,,InterPro:IPR035076
A0A8C3SKI5,Snake toxin/toxin-like domain-containing protein,Chelydra serpentina (Snapping turtle),61,17,50,,InterPro:IPR035076
A0A8C3STP8,Snake toxin/toxin-like domain-containing protein,Chelydra serpentina (Snapping turtle),59,13,49,,InterPro:IPR035076
A0A8C3SVF1,Snake toxin/toxin-like domain-containing protein,Chelydra serpentina (Snapping turtle),131,25,102,,InterPro:IPR035076
A0A8C3SXJ0,Snake toxin/toxin-like domain-containing protein,Chelydra serpentina (Snapping turtle),68,17,66,,InterPro:IPR035076
A0A8C3SXT0,UPAR/Ly6 domain-containing protein,Chelydra serpentina (Snapping turtle),153,34,111,,InterPro:IPR035076
A0A8C3SY98,Snake toxin/toxin-like domain-containing protein,Chelydra serpentina (Snapping turtle),74,11,52,,InterPro:IPR035076
A0A8C3T1E6,UPAR/Ly6 domain-containing protein,Chelydra serpentina (Snapping turtle),131,27,101,,InterPro:IPR035076
A0A8C3TZY6,UPAR/Ly6 domain-containing protein,Catharus ustulatus (Russet-backed thrush),122,21,92,,InterPro:IPR035076
A0A8C3TZZ5,Snake toxin/toxin-like domain-containing protein,Catharus ustulatus (Russet-backed thrush),94,30,67,,InterPro:IPR035076
A0A8C3U214,UPAR/Ly6 domain-containing protein,Catharus ustulatus (Russet-backed thrush),126,21,96,,InterPro:IPR035076
A0A8C3U3H4,UPAR/Ly6 domain-containing protein,Catharus ustulatus (Russet-backed thrush),125,19,96,,InterPro:IPR035076
A0A8C3U3I4,UPAR/Ly6 domain-containing protein,Catharus ustulatus (Russet-backed thrush),126,21,96,,InterPro:IPR035076
A0A8C3U4K5,UPAR/Ly6 domain-containing protein,Catharus ustulatus (Russet-backed thrush),126,21,96,,InterPro:IPR035076
A0A8C3WCT9,UPAR/Ly6 domain-containing protein,Catagonus wagneri (Chacoan peccary),128,21,93,,InterPro:IPR035076
A0A8C3WE00,Snake toxin/toxin-like domain-containing protein,Catagonus wagneri (Chacoan peccary),69,21,55,,InterPro:IPR035076
A0A8C3WE38,Snake toxin/toxin-like domain-containing protein,Catagonus wagneri (Chacoan peccary),178,62,136,,InterPro:IPR035076
A0A8C3WI24,UPAR/Ly6 domain-containing protein,Catagonus wagneri (Chacoan peccary),127,23,100,,InterPro:IPR035076
A0A8C3WJ89,UPAR/Ly6 domain-containing protein,Catagonus wagneri (Chacoan peccary),115,12,84,,InterPro:IPR035076
A0A8C3WN10,UPAR/Ly6 domain-containing protein,Catagonus wagneri (Chacoan peccary),130,21,98,,InterPro:IPR035076
A0A8C3XS52,UPAR/Ly6 domain-containing protein,Chelydra serpentina (Snapping turtle),105,14,91,,InterPro:IPR035076
A0A8C3XSA6,UPAR/Ly6 domain-containing protein,Chelydra serpentina (Snapping turtle),121,17,91,,InterPro:IPR035076
A0A8C3XST4,Snake toxin/toxin-like domain-containing protein,Chelydra serpentina (Snapping turtle),155,82,124,,InterPro:IPR035076
A0A8C3XZT4,Snake toxin/toxin-like domain-containing protein,Catharus ustulatus (Russet-backed thrush),106,7,81,,InterPro:IPR035076
A0A8C3YIH1,Ly-6/neurotoxin-like protein 1,Catagonus wagneri (Chacoan peccary),116,21,92,,InterPro:IPR035076
A0A8C3ZT87,UPAR/Ly6 domain-containing protein,Denticeps clupeoides (denticle herring),126,21,99,,InterPro:IPR035076
A0A8C4DPT5,Urokinase plasminogen activator surface receptor,Dicentrarchus labrax (European seabass),206,113,183,,InterPro:IPR035076
A0A8C4KNB8,UPAR/Ly6 domain-containing protein,Dromaius novaehollandiae (Emu),122,21,92,,InterPro:IPR035076
A0A8C4KPM4,UPAR/Ly6 domain-containing protein,Dromaius novaehollandiae (Emu),129,24,99,,InterPro:IPR035076
A0A8C4KSS0,UPAR/Ly6 domain-containing protein,Dromaius novaehollandiae (Emu),124,18,95,,InterPro:IPR035076
A0A8C4KU33,UPAR/Ly6 domain-containing protein,Dromaius novaehollandiae (Emu),266,161,236,,InterPro:IPR035076
A0A8C4KY00,UPAR/Ly6 domain-containing protein,Dromaius novaehollandiae (Emu),131,24,99,,InterPro:IPR035076
A0A8C4KY11,UPAR/Ly6 domain-containing protein,Dromaius novaehollandiae (Emu),126,21,103,,InterPro:IPR035076
A0A8C4LL71,Snake toxin/toxin-like domain-containing protein,Equus asinus asinus,176,62,137,,InterPro:IPR035076
A0A8C4MR09,UPAR/Ly6 domain-containing protein,Equus asinus (Donkey),124,23,100,,InterPro:IPR035076
A0A8C4MTX1,UPAR/Ly6 domain-containing protein,Equus asinus asinus,124,21,93,,InterPro:IPR035076
A0A8C4MUG5,Ly-6/neurotoxin-like protein 1,Equus asinus asinus,116,21,92,,InterPro:IPR035076
A0A8C4MYM1,Ly-6/neurotoxin-like protein 1,Equus asinus asinus,160,65,136,,InterPro:IPR035076
A0A8C4N274,UPAR/Ly6 domain-containing protein,Equus asinus asinus,246,139,211,,InterPro:IPR035076
A0A8C4N8H3,Snake toxin/toxin-like domain-containing protein,Eptatretus burgeri (Inshore hagfish),122,28,95,,InterPro:IPR035076
A0A8C4PEM1,UPAR/Ly6 domain-containing protein,Dromaius novaehollandiae (Emu),126,21,96,,InterPro:IPR035076
A0A8C4PEV4,UPAR/Ly6 domain-containing protein,Dromaius novaehollandiae (Emu),126,21,96,,InterPro:IPR035076
A0A8C4PL27,UPAR/Ly6 domain-containing protein,Equus asinus asinus,131,21,99,,InterPro:IPR035076
A0A8C4PU36,UPAR/Ly6 domain-containing protein,Equus asinus asinus,129,26,103,,InterPro:IPR035076
A0A8C4RJY1,Snake toxin/toxin-like domain-containing protein,Erpetoichthys calabaricus (Rope fish),174,67,135,,InterPro:IPR035076
A0A8C4TB09,UPAR/Ly6 domain-containing protein,Erpetoichthys calabaricus (Rope fish),205,120,182,,InterPro:IPR035076
A0A8C4TDL5,UPAR/Ly6 domain-containing protein,Erpetoichthys calabaricus (Rope fish),721,462,528,,InterPro:IPR035076
A0A8C4TT05,UPAR/Ly6 domain-containing protein,Falco tinnunculus (Common kestrel),126,21,96,,InterPro:IPR035076
A0A8C4TTJ7,UPAR/Ly6 domain-containing protein,Falco tinnunculus (Common kestrel),126,21,96,,InterPro:IPR035076
A0A8C4TVN0,Snake toxin/toxin-like domain-containing protein,Falco tinnunculus (Common kestrel),131,37,102,,InterPro:IPR035076
A0A8C4TWM5,Snake toxin/toxin-like domain-containing protein,Falco tinnunculus (Common kestrel),127,21,95,,InterPro:IPR035076
A0A8C4TYQ7,Snake toxin/toxin-like domain-containing protein,Falco tinnunculus (Common kestrel),80,19,60,,InterPro:IPR035076
A0A8C4TYR6,UPAR/Ly6 domain-containing protein,Falco tinnunculus (Common kestrel),109,21,97,,InterPro:IPR035076
A0A8C4TZ07,Snake toxin/toxin-like domain-containing protein,Falco tinnunculus (Common kestrel),122,21,92,,InterPro:IPR035076
A0A8C4U1I6,UPAR/Ly6 domain-containing protein,Falco tinnunculus (Common kestrel),126,21,96,,InterPro:IPR035076
A0A8C4YEQ8,UPAR/Ly6 domain-containing protein,Gopherus evgoodei (Goodes thornscrub tortoise),125,21,96,,InterPro:IPR035076
A0A8C4YF75,UPAR/Ly6 domain-containing protein,Gopherus evgoodei (Goodes thornscrub tortoise),126,22,96,,InterPro:IPR035076
A0A8C4YFH0,UPAR/Ly6 domain-containing protein,Gopherus evgoodei (Goodes thornscrub tortoise),121,17,94,,InterPro:IPR035076
A0A8C4YFT7,Snake toxin/toxin-like domain-containing protein,Gopherus evgoodei (Goodes thornscrub tortoise),142,36,113,,InterPro:IPR035076
A0A8C4YFW4,Snake toxin/toxin-like domain-containing protein,Gopherus evgoodei (Goodes thornscrub tortoise),61,19,53,,InterPro:IPR035076
A0A8C4YFW6,UPAR/Ly6 domain-containing protein,Gopherus evgoodei (Goodes thornscrub tortoise),125,21,96,,InterPro:IPR035076
A0A8C4YG24,Snake toxin/toxin-like domain-containing protein,Gopherus evgoodei (Goodes thornscrub tortoise),58,17,51,,InterPro:IPR035076
A0A8C4YG95,UPAR/Ly6 domain-containing protein,Gopherus evgoodei (Goodes thornscrub tortoise),126,24,99,,InterPro:IPR035076
A0A8C4ZZ26,Snake toxin/toxin-like domain-containing protein,Gadus morhua (Atlantic cod),115,8,85,,InterPro:IPR035076
A0A8C5D5I2,Snake toxin/toxin-like domain-containing protein,Gouania willdenowi (Blunt-snouted clingfish),105,19,87,,InterPro:IPR035076
A0A8C5DI57,UPAR/Ly6 domain-containing protein,Gouania willdenowi (Blunt-snouted clingfish),167,66,141,,InterPro:IPR035076
A0A8C5DLT6,UPAR/Ly6 domain-containing protein,Gouania willdenowi (Blunt-snouted clingfish),167,66,141,,InterPro:IPR035076
A0A8C5F059,Snake toxin/toxin-like domain-containing protein,Gopherus evgoodei (Goodes thornscrub tortoise),65,15,49,,InterPro:IPR035076
A0A8C5F063,UPAR/Ly6 domain-containing protein,Gopherus evgoodei (Goodes thornscrub tortoise),115,12,86,,InterPro:IPR035076
A0A8C5HGI1,Snake toxin/toxin-like domain-containing protein,Gouania willdenowi (Blunt-snouted clingfish),128,20,88,,InterPro:IPR035076
A0A8C5HYE5,Snake toxin/toxin-like domain-containing protein,Gouania willdenowi (Blunt-snouted clingfish),108,18,90,,InterPro:IPR035076
A0A8C5I5S0,Snake toxin/toxin-like domain-containing protein,Gouania willdenowi (Blunt-snouted clingfish),94,20,90,,InterPro:IPR035076
A0A8C5I705,Snake toxin/toxin-like domain-containing protein,Gouania willdenowi (Blunt-snouted clingfish),94,20,90,,InterPro:IPR035076
A0A8C5IGN6,UPAR/Ly6 domain-containing protein,Junco hyemalis (Dark-eyed junco),126,21,96,,InterPro:IPR035076
A0A8C5IGN7,UPAR/Ly6 domain-containing protein,Junco hyemalis (Dark-eyed junco),110,21,91,,InterPro:IPR035076
A0A8C5IGU5,UPAR/Ly6 domain-containing protein,Junco hyemalis (Dark-eyed junco),122,15,92,,InterPro:IPR035076
A0A8C5IIC3,UPAR/Ly6 domain-containing protein,Junco hyemalis (Dark-eyed junco),126,21,96,,InterPro:IPR035076
A0A8C5IJH3,UPAR/Ly6 domain-containing protein,Junco hyemalis (Dark-eyed junco),122,21,92,,InterPro:IPR035076
A0A8C5IKG1,Snake toxin/toxin-like domain-containing protein,Junco hyemalis (Dark-eyed junco),127,21,95,,InterPro:IPR035076
A0A8C5IKI0,UPAR/Ly6 domain-containing protein,Junco hyemalis (Dark-eyed junco),126,21,96,,InterPro:IPR035076
A0A8C5KCA5,Ly-6/neurotoxin-like protein 1,Jaculus jaculus (Lesser Egyptian jerboa),116,21,92,,InterPro:IPR035076
A0A8C5KHE8,UPAR/Ly6 domain-containing protein,Jaculus jaculus (Lesser Egyptian jerboa),127,21,93,,InterPro:IPR035076
A0A8C5KJ13,Snake toxin/toxin-like domain-containing protein,Jaculus jaculus (Lesser Egyptian jerboa),107,63,97,,InterPro:IPR035076
A0A8C5KLR5,Snake toxin/toxin-like domain-containing protein,Jaculus jaculus (Lesser Egyptian jerboa),206,63,138,,InterPro:IPR035076
A0A8C5KRZ7,UPAR/Ly6 domain-containing protein,Jaculus jaculus (Lesser Egyptian jerboa),133,26,102,,InterPro:IPR035076
A0A8C5L038,UPAR/Ly6 domain-containing protein,Jaculus jaculus (Lesser Egyptian jerboa),127,23,100,,InterPro:IPR035076
A0A8C5L0N5,UPAR/Ly6 domain-containing protein,Jaculus jaculus (Lesser Egyptian jerboa),112,21,88,,InterPro:IPR035076
A0A8C5L4P1,UPAR/Ly6 domain-containing protein,Jaculus jaculus (Lesser Egyptian jerboa),110,24,100,,InterPro:IPR035076
A0A8C5MWT2,Snake toxin/toxin-like domain-containing protein,Leptobrachium leishanense (Leishan spiny toad),135,22,99,,InterPro:IPR035076
A0A8C5MY48,Snake toxin/toxin-like domain-containing protein,Leptobrachium leishanense (Leishan spiny toad),87,20,67,,InterPro:IPR035076
A0A8C5MZY8,Snake toxin/toxin-like domain-containing protein,Leptobrachium leishanense (Leishan spiny toad),57,14,46,,InterPro:IPR035076
A0A8C5NJM5,UPAR/Ly6 domain-containing protein,Junco hyemalis (Dark-eyed junco),127,22,97,,InterPro:IPR035076
A0A8C5NV27,UPAR/Ly6 domain-containing protein,Jaculus jaculus (Lesser Egyptian jerboa),123,21,93,,InterPro:IPR035076
A0A8C5NY55,Snake toxin/toxin-like domain-containing protein,Jaculus jaculus (Lesser Egyptian jerboa),88,23,57,,InterPro:IPR035076
A0A8C5NZ25,Snake toxin/toxin-like domain-containing protein,Jaculus jaculus (Lesser Egyptian jerboa),126,63,97,,InterPro:IPR035076
A0A8C5RL96,UPAR/Ly6 domain-containing protein,Laticauda laticaudata (Blue-ringed sea krait),109,4,79,,InterPro:IPR035076
A0A8C5RLI8,UPAR/Ly6 domain-containing protein,Laticauda laticaudata (Blue-ringed sea krait),130,25,100,,InterPro:IPR035076
A0A8C5RVX3,UPAR/Ly6 domain-containing protein,Laticauda laticaudata (Blue-ringed sea krait),135,29,106,,InterPro:IPR035076
A0A8C5RXQ7,UPAR/Ly6 domain-containing protein,Laticauda laticaudata (Blue-ringed sea krait),127,21,98,,InterPro:IPR035076
A0A8C5SB45,Snake toxin/toxin-like domain-containing protein,Laticauda laticaudata (Blue-ringed sea krait),98,21,72,,InterPro:IPR035076
A0A8C5SDE3,Snake toxin/toxin-like domain-containing protein,Laticauda laticaudata (Blue-ringed sea krait),66,22,56,,InterPro:IPR035076
A0A8C5T6G9,UPAR/Ly6 domain-containing protein,Malurus cyaneus samueli,126,21,96,,InterPro:IPR035076
A0A8C5T6K3,Snake toxin/toxin-like domain-containing protein,Malurus cyaneus samueli,127,22,96,,InterPro:IPR035076
A0A8C5T6L4,UPAR/Ly6 domain-containing protein,Malurus cyaneus samueli,126,21,96,,InterPro:IPR035076
A0A8C5T746,UPAR/Ly6 domain-containing protein,Malurus cyaneus samueli,121,15,92,,InterPro:IPR035076
A0A8C5T767,UPAR/Ly6 domain-containing protein,Malurus cyaneus samueli,138,33,108,,InterPro:IPR035076
A0A8C5T776,UPAR/Ly6 domain-containing protein,Malurus cyaneus samueli,130,23,99,,InterPro:IPR035076
A0A8C5V230,UPAR/Ly6 domain-containing protein,Microcebus murinus (Gray mouse lemur),177,60,135,,InterPro:IPR035076
A0A8C5VE09,UPAR/Ly6 domain-containing protein,Microcebus murinus (Gray mouse lemur),128,21,93,,InterPro:IPR035076
A0A8C5XAT1,UPAR/Ly6 domain-containing protein,Microcebus murinus (Gray mouse lemur),134,30,107,,InterPro:IPR035076
A0A8C5YDR3,Snake toxin/toxin-like domain-containing protein,Microcebus murinus (Gray mouse lemur),68,21,55,,InterPro:IPR035076
A0A8C5YXD0,UPAR/Ly6 domain-containing protein,Marmota marmota marmota (Alpine marmot),123,21,93,,InterPro:IPR035076
A0A8C5YXZ7,UPAR/Ly6 domain-containing protein,Marmota marmota marmota (Alpine marmot),127,23,100,,InterPro:IPR035076
A0A8C5YY14,Snake toxin/toxin-like domain-containing protein,Marmota marmota marmota (Alpine marmot),88,22,57,,InterPro:IPR035076
A0A8C5YYB1,UPAR/Ly6 domain-containing protein,Marmota marmota marmota (Alpine marmot),280,58,132,,InterPro:IPR035076
A0A8C5YZR0,UPAR/Ly6 domain-containing protein,Marmota marmota marmota (Alpine marmot),136,27,104,,InterPro:IPR035076
A0A8C5Z060,Ly-6/neurotoxin-like protein 1,Marmota marmota marmota (Alpine marmot),116,21,92,,InterPro:IPR035076
A0A8C6AFJ5,UPAR/Ly6 domain-containing protein,Marmota marmota marmota (Alpine marmot),106,16,83,,InterPro:IPR035076
A0A8C6BIZ2,Snake toxin/toxin-like domain-containing protein,Monodon monoceros (Narwhal),84,21,68,,InterPro:IPR035076
A0A8C6C4T5,Ly-6/neurotoxin-like protein 1,Monodon monoceros (Narwhal),114,21,92,,InterPro:IPR035076
A0A8C6C5M1,UPAR/Ly6 domain-containing protein,Monodon monoceros (Narwhal),128,21,93,,InterPro:IPR035076
A0A8C6C5N7,Snake toxin/toxin-like domain-containing protein,Monodon monoceros (Narwhal),67,21,55,,InterPro:IPR035076
A0A8C6C691,Snake toxin/toxin-like domain-containing protein,Monodon monoceros (Narwhal),199,86,160,,InterPro:IPR035076
A0A8C6C6F0,UPAR/Ly6 domain-containing protein,Monodon monoceros (Narwhal),115,12,84,,InterPro:IPR035076
A0A8C6C7H4,Snake toxin/toxin-like domain-containing protein,Monodon monoceros (Narwhal),196,67,148,,InterPro:IPR035076
A0A8C6CBQ9,Snake toxin/toxin-like domain-containing protein,Monodon monoceros (Narwhal),135,67,100,,InterPro:IPR035076
A0A8C6CBY9,Snake toxin/toxin-like domain-containing protein,Monodon monoceros (Narwhal),109,24,102,,InterPro:IPR035076
A0A8C6DNG5,Ly-6/neurotoxin-like protein 1,Moschus moschiferus (Siberian musk deer),116,21,92,,InterPro:IPR035076
A0A8C6DNS2,Snake toxin/toxin-like domain-containing protein,Moschus moschiferus (Siberian musk deer),141,39,116,,InterPro:IPR035076
A0A8C6DPC1,UPAR/Ly6 domain-containing protein,Moschus moschiferus (Siberian musk deer),130,21,98,,InterPro:IPR035076
A0A8C6DUT0,Snake toxin/toxin-like domain-containing protein,Moschus moschiferus (Siberian musk deer),72,21,56,,InterPro:IPR035076
A0A8C6EPR5,Snake toxin/toxin-like domain-containing protein,Marmota marmota marmota (Alpine marmot),111,24,100,,InterPro:IPR035076
A0A8C6EPR9,UPAR/Ly6 domain-containing protein,Marmota marmota marmota (Alpine marmot),127,21,93,,InterPro:IPR035076
A0A8C6FNH2,UPAR/Ly6 domain-containing protein,Moschus moschiferus (Siberian musk deer),128,23,100,,InterPro:IPR035076
A0A8C6FNV0,UPAR/Ly6 domain-containing protein,Moschus moschiferus (Siberian musk deer),125,21,93,,InterPro:IPR035076
A0A8C6FQW6,Snake toxin/toxin-like domain-containing protein,Moschus moschiferus (Siberian musk deer),171,59,132,,InterPro:IPR035076
A0A8C6FZ35,Snake toxin/toxin-like domain-containing protein,Moschus moschiferus (Siberian musk deer),105,19,83,,InterPro:IPR035076
A0A8C6G7I8,UPAR/Ly6 domain-containing protein,Mus spicilegus (Steppe mouse),104,14,81,,InterPro:IPR035076
A0A8C6HI32,Snake toxin/toxin-like domain-containing protein,Mus spicilegus (Steppe mouse),87,23,57,,InterPro:IPR035076
A0A8C6HIM2,Ly-6/neurotoxin-like protein 1,Mus spicilegus (Steppe mouse),116,21,92,,InterPro:IPR035076
A0A8C6HIU6,UPAR/Ly6 domain-containing protein,Mus spicilegus (Steppe mouse),123,21,93,,InterPro:IPR035076
A0A8C6HJI3,UPAR/Ly6 domain-containing protein,Mus spicilegus (Steppe mouse),127,21,93,,InterPro:IPR035076
A0A8C6HL63,UPAR/Ly6 domain-containing protein,Mus spicilegus (Steppe mouse),127,23,100,,InterPro:IPR035076
A0A8C6HL74,Snake toxin/toxin-like domain-containing protein,Mus spicilegus (Steppe mouse),110,24,100,,InterPro:IPR035076
A0A8C6HQB9,UPAR/Ly6 domain-containing protein,Mus spicilegus (Steppe mouse),228,61,136,,InterPro:IPR035076
A0A8C6I431,UPAR/Ly6 domain-containing protein,Mus spicilegus (Steppe mouse),136,27,105,,InterPro:IPR035076
A0A8C6IUD3,Uncharacterized protein,Melopsittacus undulatus (Budgerigar),122,17,92,,InterPro:IPR035076
A0A8C6IVT7,Uncharacterized protein,Melopsittacus undulatus (Budgerigar),126,21,96,,InterPro:IPR035076
A0A8C6IXP7,Uncharacterized protein,Melopsittacus undulatus (Budgerigar),126,21,96,,InterPro:IPR035076
A0A8C6IYK2,Uncharacterized protein,Melopsittacus undulatus (Budgerigar),118,10,87,,InterPro:IPR035076
A0A8C6L991,Snake toxin/toxin-like domain-containing protein,Nothobranchius furzeri (Turquoise killifish),119,21,93,,InterPro:IPR035076
A0A8C6LE90,Snake toxin/toxin-like domain-containing protein,Nothobranchius furzeri (Turquoise killifish),88,20,87,,InterPro:IPR035076
A0A8C6LRG6,Snake toxin/toxin-like domain-containing protein,Nothobranchius furzeri (Turquoise killifish),118,14,92,,InterPro:IPR035076
A0A8C6NPM7,Snake toxin/toxin-like domain-containing protein,Nothobranchius furzeri (Turquoise killifish),88,20,87,,InterPro:IPR035076
A0A8C6P8G6,UPAR/Ly6 domain-containing protein,Nothobranchius furzeri (Turquoise killifish),239,148,218,,InterPro:IPR035076
A0A8C6P8I6,UPAR/Ly6 domain-containing protein,Nothobranchius furzeri (Turquoise killifish),232,152,221,,InterPro:IPR035076
A0A8C6P8N7,UPAR/Ly6 domain-containing protein,Nothobranchius furzeri (Turquoise killifish),267,175,244,,InterPro:IPR035076
A0A8C6QEL9,Secreted Ly-6/uPAR domain-containing protein 2,Nannospalax galili (Northern Israeli blind subterranean mole rat),131,21,53,,InterPro:IPR035076
A0A8C6QHP8,Snake toxin/toxin-like domain-containing protein,Nannospalax galili (Northern Israeli blind subterranean mole rat),116,21,92,,InterPro:IPR035076
A0A8C6QMG7,Snake toxin/toxin-like domain-containing protein,Nannospalax galili (Northern Israeli blind subterranean mole rat),113,63,97,,InterPro:IPR035076
A0A8C6QMX6,Snake toxin/toxin-like domain-containing protein,Nannospalax galili (Northern Israeli blind subterranean mole rat),230,63,138,,InterPro:IPR035076
A0A8C6QS20,UPAR/Ly6 domain-containing protein,Nannospalax galili (Northern Israeli blind subterranean mole rat),111,21,88,,InterPro:IPR035076
A0A8C6R088,UPAR/Ly6 domain-containing protein,Nannospalax galili (Northern Israeli blind subterranean mole rat),126,22,99,,InterPro:IPR035076
A0A8C6R6N2,Snake toxin/toxin-like domain-containing protein,Nannospalax galili (Northern Israeli blind subterranean mole rat),110,24,100,,InterPro:IPR035076
A0A8C6RBI4,UPAR/Ly6 domain-containing protein,Nannospalax galili (Northern Israeli blind subterranean mole rat),136,27,105,,InterPro:IPR035076
A0A8C6RJ89,Snake toxin/toxin-like domain-containing protein,Nannospalax galili (Northern Israeli blind subterranean mole rat),88,15,57,,InterPro:IPR035076
A0A8C6RKS9,UPAR/Ly6 domain-containing protein,Nannospalax galili (Northern Israeli blind subterranean mole rat),126,21,93,,InterPro:IPR035076
A0A8C6SKC0,UPAR/Ly6 domain-containing protein,Neogobius melanostomus (round goby),141,51,116,,InterPro:IPR035076
A0A8C6SSQ3,UPAR/Ly6 domain-containing protein,Neogobius melanostomus (round goby),181,89,154,,InterPro:IPR035076
A0A8C6TYK6,Snake toxin/toxin-like domain-containing protein,Neogobius melanostomus (round goby),91,21,91,,InterPro:IPR035076
A0A8C6VTY1,UPAR/Ly6 domain-containing protein,Nothobranchius furzeri (Turquoise killifish),244,152,221,,InterPro:IPR035076
A0A8C6W3Y0,Snake toxin/toxin-like domain-containing protein,Nannospalax galili (Northern Israeli blind subterranean mole rat),123,63,97,,InterPro:IPR035076
A0A8C6W9T4,UPAR/Ly6 domain-containing protein,Nannospalax galili (Northern Israeli blind subterranean mole rat),122,21,93,,InterPro:IPR035076
A0A8C6XF02,Snake toxin/toxin-like domain-containing protein,Naja naja (Indian cobra),109,43,78,,InterPro:IPR035076
A0A8C6XFQ0,UPAR/Ly6 domain-containing protein,Naja naja (Indian cobra),127,22,97,,InterPro:IPR035076
A0A8C6XFZ2,UPAR/Ly6 domain-containing protein,Naja naja (Indian cobra),173,21,53,,InterPro:IPR035076
A0A8C6XFZ2,UPAR/Ly6 domain-containing protein,Naja naja (Indian cobra),173,61,130,,InterPro:IPR035076
A0A8C6XG49,Snake toxin/toxin-like domain-containing protein,Naja naja (Indian cobra),71,28,56,,InterPro:IPR035076
A0A8C6Y153,Snake toxin/toxin-like domain-containing protein,Naja naja (Indian cobra),92,21,91,,InterPro:IPR035076
A0A8C6ZV88,UPAR/Ly6 domain-containing protein,Nothoprocta perdicaria (Chilean tinamou),126,25,96,,InterPro:IPR035076
A0A8C6ZVA5,UPAR/Ly6 domain-containing protein,Nothoprocta perdicaria (Chilean tinamou),126,21,96,,InterPro:IPR035076
A0A8C6ZZK8,UPAR/Ly6 domain-containing protein,Nothoprocta perdicaria (Chilean tinamou),126,21,96,,InterPro:IPR035076
A0A8C7A108,UPAR/Ly6 domain-containing protein,Nothoprocta perdicaria (Chilean tinamou),126,21,96,,InterPro:IPR035076
A0A8C7A373,Snake toxin/toxin-like domain-containing protein,Nothoprocta perdicaria (Chilean tinamou),142,21,105,,InterPro:IPR035076
A0A8C7A3F7,Snake toxin/toxin-like domain-containing protein,Nothoprocta perdicaria (Chilean tinamou),124,22,94,,InterPro:IPR035076
A0A8C7A4L9,UPAR/Ly6 domain-containing protein,Nothoprocta perdicaria (Chilean tinamou),129,23,100,,InterPro:IPR035076
A0A8C7AHC4,UPAR/Ly6 domain-containing protein,Neovison vison (American mink),156,27,110,,InterPro:IPR035076
A0A8C7AUD7,Snake toxin/toxin-like domain-containing protein,Neovison vison (American mink),178,61,136,,InterPro:IPR035076
A0A8C7B7I3,UPAR/Ly6 domain-containing protein,Neovison vison (American mink),120,16,93,,InterPro:IPR035076
A0A8C7B950,Ly-6/neurotoxin-like protein 1,Neovison vison (American mink),116,21,92,,InterPro:IPR035076
A0A8C7B957,Secreted Ly-6/uPAR domain-containing protein 2,Neovison vison (American mink),95,21,93,,InterPro:IPR035076
A0A8C7BB17,UPAR/Ly6 domain-containing protein,Neovison vison (American mink),128,21,93,,InterPro:IPR035076
A0A8C7BCN2,Snake toxin/toxin-like domain-containing protein,Neovison vison (American mink),105,25,101,,InterPro:IPR035076
A0A8C7BK77,UPAR/Ly6 domain-containing protein,Neovison vison (American mink),133,29,106,,InterPro:IPR035076
A0A8C7C9D9,Snake toxin/toxin-like domain-containing protein,Oncorhynchus kisutch (Coho salmon),168,62,130,,InterPro:IPR035076
A0A8C7D9B2,UPAR/Ly6 domain-containing protein,Oncorhynchus kisutch (Coho salmon),151,43,121,,InterPro:IPR035076
A0A8C7DYW7,UPAR/Ly6 domain-containing protein,Naja naja (Indian cobra),123,22,92,,InterPro:IPR035076
A0A8C7EHT2,UPAR/Ly6 domain-containing protein,Nothoprocta perdicaria (Chilean tinamou),112,6,81,,InterPro:IPR035076
A0A8C7EI06,UPAR/Ly6 domain-containing protein,Nothoprocta perdicaria (Chilean tinamou),118,12,87,,InterPro:IPR035076
A0A8C7ERX0,UPAR/Ly6 domain-containing protein,Neovison vison (American mink),115,12,84,,InterPro:IPR035076
A0A8C7FQE3,UPAR/Ly6 domain-containing protein,Oncorhynchus kisutch (Coho salmon),219,112,182,,InterPro:IPR035076
A0A8C7LF51,Snake toxin/toxin-like domain-containing protein,Oncorhynchus kisutch (Coho salmon),126,20,88,,InterPro:IPR035076
A0A8C7R2I5,Snake toxin/toxin-like domain-containing protein,Oncorhynchus mykiss (Rainbow trout),126,20,102,,InterPro:IPR035076
A0A8C7R5A6,UPAR/Ly6 domain-containing protein,Oncorhynchus mykiss (Rainbow trout),125,17,95,,InterPro:IPR035076
A0A8C7VKD4,Snake toxin/toxin-like domain-containing protein,Oncorhynchus mykiss (Rainbow trout),135,29,97,,InterPro:IPR035076
A0A8C7VL86,Snake toxin/toxin-like domain-containing protein,Oncorhynchus mykiss (Rainbow trout),124,17,97,,InterPro:IPR035076
A0A8C7WT53,UPAR/Ly6 domain-containing protein,Oryzias sinensis (Chinese medaka),200,114,177,,InterPro:IPR035076
A0A8C7X0X6,UPAR/Ly6 domain-containing protein,Oryzias sinensis (Chinese medaka),197,105,174,,InterPro:IPR035076
A0A8C7X225,UPAR/Ly6 domain-containing protein,Oryzias sinensis (Chinese medaka),184,92,161,,InterPro:IPR035076
A0A8C7Y0U4,UPAR/Ly6 domain-containing protein,Oryzias sinensis (Chinese medaka),205,113,182,,InterPro:IPR035076
A0A8C8AI37,UPAR/Ly6 domain-containing protein,Otus sunia (Oriental scops-owl),121,17,95,,InterPro:IPR035076
A0A8C8AI47,Snake toxin/toxin-like domain-containing protein,Otus sunia (Oriental scops-owl),68,22,56,,InterPro:IPR035076
A0A8C8AI65,UPAR/Ly6 domain-containing protein,Otus sunia (Oriental scops-owl),126,21,96,,InterPro:IPR035076
A0A8C8AK94,UPAR/Ly6 domain-containing protein,Otus sunia (Oriental scops-owl),126,21,96,,InterPro:IPR035076
A0A8C8AKT7,Snake toxin/toxin-like domain-containing protein,Otus sunia (Oriental scops-owl),116,14,79,,InterPro:IPR035076
A0A8C8ALE9,UPAR/Ly6 domain-containing protein,Otus sunia (Oriental scops-owl),122,21,92,,InterPro:IPR035076
A0A8C8C3U1,Snake toxin/toxin-like domain-containing protein,Oncorhynchus tshawytscha (Chinook salmon),93,20,92,,InterPro:IPR035076
A0A8C8E7F9,UPAR/Ly6 domain-containing protein,Otus sunia (Oriental scops-owl),126,21,96,,InterPro:IPR035076
A0A8C8E7G5,UPAR/Ly6 domain-containing protein,Otus sunia (Oriental scops-owl),115,11,88,,InterPro:IPR035076
A0A8C8GQI3,UPAR/Ly6 domain-containing protein,Oncorhynchus tshawytscha (Chinook salmon),124,17,97,,InterPro:IPR035076
A0A8C8IN54,Snake toxin/toxin-like domain-containing protein,Oncorhynchus tshawytscha (Chinook salmon),168,62,130,,InterPro:IPR035076
A0A8C8JJE6,UPAR/Ly6 domain-containing protein,Oncorhynchus tshawytscha (Chinook salmon),228,135,205,,InterPro:IPR035076
A0A8C8RF92,Snake toxin/toxin-like domain-containing protein,Pelusios castaneus (West African mud turtle),113,12,82,,InterPro:IPR035076
A0A8C8RFB5,Snake toxin/toxin-like domain-containing protein,Pelusios castaneus (West African mud turtle),85,11,45,,InterPro:IPR035076
A0A8C8RFK6,UPAR/Ly6 domain-containing protein,Pelusios castaneus (West African mud turtle),125,11,94,,InterPro:IPR035076
A0A8C8RFX3,UPAR/Ly6 domain-containing protein,Pelusios castaneus (West African mud turtle),124,21,94,,InterPro:IPR035076
A0A8C8RFY2,Snake toxin/toxin-like domain-containing protein,Pelusios castaneus (West African mud turtle),72,21,53,,InterPro:IPR035076
A0A8C8RG10,UPAR/Ly6 domain-containing protein,Pelusios castaneus (West African mud turtle),146,40,117,,InterPro:IPR035076
A0A8C8RG18,UPAR/Ly6 domain-containing protein,Pelusios castaneus (West African mud turtle),123,17,94,,InterPro:IPR035076
A0A8C8RGC8,Snake toxin/toxin-like domain-containing protein,Pelusios castaneus (West African mud turtle),115,13,90,,InterPro:IPR035076
A0A8C8RGV6,UPAR/Ly6 domain-containing protein,Pelusios castaneus (West African mud turtle),126,21,96,,InterPro:IPR035076
A0A8C8RH01,UPAR/Ly6 domain-containing protein,Pelusios castaneus (West African mud turtle),108,14,91,,InterPro:IPR035076
A0A8C8RHP4,Snake toxin/toxin-like domain-containing protein,Pelusios castaneus (West African mud turtle),102,38,71,,InterPro:IPR035076
A0A8C8RHX5,UPAR/Ly6 domain-containing protein,Pelusios castaneus (West African mud turtle),119,17,89,,InterPro:IPR035076
A0A8C8TDP1,Snake toxin/toxin-like domain-containing protein,Peromyscus maniculatus bairdii (Prairie deer mouse),88,23,57,,InterPro:IPR035076
A0A8C8TKJ8,Snake toxin/toxin-like domain-containing protein,Peromyscus maniculatus bairdii (Prairie deer mouse),225,59,133,,InterPro:IPR035076
A0A8C8TRI0,Snake toxin/toxin-like domain-containing protein,Peromyscus maniculatus bairdii (Prairie deer mouse),108,59,91,,InterPro:IPR035076
A0A8C8VXQ8,Snake toxin/toxin-like domain-containing protein,Peromyscus maniculatus bairdii (Prairie deer mouse),158,22,70,,InterPro:IPR035076
A0A8C8W9X2,Snake toxin/toxin-like domain-containing protein,Panthera leo (Lion),66,21,55,,InterPro:IPR035076
A0A8C8WA64,Snake toxin/toxin-like domain-containing protein,Panthera leo (Lion),178,62,137,,InterPro:IPR035076
A0A8C8WAF7,UPAR/Ly6 domain-containing protein,Panthera leo (Lion),128,24,101,,InterPro:IPR035076
A0A8C8WAH2,UPAR/Ly6 domain-containing protein,Panthera leo (Lion),130,21,98,,InterPro:IPR035076
A0A8C8WAL4,UPAR/Ly6 domain-containing protein,Panthera leo (Lion),152,25,106,,InterPro:IPR035076
A0A8C8WAM1,Ly-6/neurotoxin-like protein 1,Panthera leo (Lion),116,21,92,,InterPro:IPR035076
A0A8C8WAS1,UPAR/Ly6 domain-containing protein,Panthera leo (Lion),130,21,93,,InterPro:IPR035076
A0A8C8YDJ3,UPAR/Ly6 domain-containing protein,Prolemur simus (Greater bamboo lemur),177,60,135,,InterPro:IPR035076
A0A8C8YEF2,UPAR/Ly6 domain-containing protein,Prolemur simus (Greater bamboo lemur),144,18,100,,InterPro:IPR035076
A0A8C8YFH7,Snake toxin/toxin-like domain-containing protein,Prolemur simus (Greater bamboo lemur),126,16,88,,InterPro:IPR035076
A0A8C9AAN2,UPAR/Ly6 domain-containing protein,Prolemur simus (Greater bamboo lemur),115,12,84,,InterPro:IPR035076
A0A8C9AIC0,Ly-6/neurotoxin-like protein 1,Prolemur simus (Greater bamboo lemur),116,21,92,,InterPro:IPR035076
A0A8C9AID1,UPAR/Ly6 domain-containing protein,Prolemur simus (Greater bamboo lemur),128,21,93,,InterPro:IPR035076
A0A8C9AL39,UPAR/Ly6 domain-containing protein,Prolemur simus (Greater bamboo lemur),127,23,100,,InterPro:IPR035076
A0A8C9BHX2,UPAR/Ly6 domain-containing protein,Phocoena sinus (Vaquita),130,21,98,,InterPro:IPR035076
A0A8C9BM66,Snake toxin/toxin-like domain-containing protein,Phocoena sinus (Vaquita),156,21,96,,InterPro:IPR035076
A0A8C9C999,Snake toxin/toxin-like domain-containing protein,Phocoena sinus (Vaquita),112,21,99,,InterPro:IPR035076
A0A8C9CBU7,UPAR/Ly6 domain-containing protein,Phocoena sinus (Vaquita),130,21,98,,InterPro:IPR035076
A0A8C9CFR5,UPAR/Ly6 domain-containing protein,Phocoena sinus (Vaquita),115,12,84,,InterPro:IPR035076
A0A8C9CJK0,Snake toxin/toxin-like domain-containing protein,Phocoena sinus (Vaquita),101,21,94,,InterPro:IPR035076
A0A8C9CSB2,Ly-6/neurotoxin-like protein 1,Phocoena sinus (Vaquita),114,21,92,,InterPro:IPR035076
A0A8C9CSR9,Snake toxin/toxin-like domain-containing protein,Phocoena sinus (Vaquita),90,31,87,,InterPro:IPR035076
A0A8C9CVC9,Snake toxin/toxin-like domain-containing protein,Panthera leo (Lion),67,21,55,,InterPro:IPR035076
A0A8C9CVH1,Snake toxin/toxin-like domain-containing protein,Panthera leo (Lion),91,37,73,,InterPro:IPR035076
A0A8C9CVK8,Secreted Ly-6/uPAR domain-containing protein 2,Panthera leo (Lion),113,39,111,,InterPro:IPR035076
A0A8C9CVN8,Snake toxin/toxin-like domain-containing protein,Panthera leo (Lion),106,26,102,,InterPro:IPR035076
A0A8C9E5Y9,UPAR/Ly6 domain-containing protein,Phocoena sinus (Vaquita),128,21,93,,InterPro:IPR035076
A0A8C9F1Z8,UPAR/Ly6 domain-containing protein,Pavo cristatus (Indian peafowl),128,21,96,,InterPro:IPR035076
A0A8C9F205,Snake toxin/toxin-like domain-containing protein,Pavo cristatus (Indian peafowl),128,24,99,,InterPro:IPR035076
A0A8C9F2R7,UPAR/Ly6 domain-containing protein,Pavo cristatus (Indian peafowl),127,22,97,,InterPro:IPR035076
A0A8C9F4G2,UPAR/Ly6 domain-containing protein,Pavo cristatus (Indian peafowl),116,11,86,,InterPro:IPR035076
A0A8C9F6M2,Snake toxin/toxin-like domain-containing protein,Pavo cristatus (Indian peafowl),103,14,65,,InterPro:IPR035076
A0A8C9FTV2,Snake toxin/toxin-like domain-containing protein,Pavo cristatus (Indian peafowl),58,19,53,,InterPro:IPR035076
A0A8C9G5D9,UPAR/Ly6 domain-containing protein,Pavo cristatus (Indian peafowl),113,8,83,,InterPro:IPR035076
A0A8C9HUF9,Snake toxin/toxin-like domain-containing protein,Piliocolobus tephrosceles (Ugandan red Colobus),303,182,256,,InterPro:IPR035076
A0A8C9HVB3,Snake toxin/toxin-like domain-containing protein,Piliocolobus tephrosceles (Ugandan red Colobus),208,87,161,,InterPro:IPR035076
A0A8C9HWB6,UPAR/Ly6 domain-containing protein,Piliocolobus tephrosceles (Ugandan red Colobus),160,53,125,,InterPro:IPR035076
A0A8C9HZV9,UPAR/Ly6 domain-containing protein,Piliocolobus tephrosceles (Ugandan red Colobus),216,106,184,,InterPro:IPR035076
A0A8C9I048,UPAR/Ly6 domain-containing protein,Piliocolobus tephrosceles (Ugandan red Colobus),126,23,100,,InterPro:IPR035076
A0A8C9I0A9,Ly-6/neurotoxin-like protein 1,Piliocolobus tephrosceles (Ugandan red Colobus),116,21,92,,InterPro:IPR035076
A0A8C9I3D0,Snake toxin/toxin-like domain-containing protein,Piliocolobus tephrosceles (Ugandan red Colobus),165,42,122,,InterPro:IPR035076
A0A8C9JGW8,UPAR/Ly6 domain-containing protein,Panthera tigris altaica (Siberian tiger),124,21,93,,InterPro:IPR035076
A0A8C9JP44,Snake toxin/toxin-like domain-containing protein,Panthera tigris altaica (Siberian tiger),105,46,81,,InterPro:IPR035076
A0A8C9KP96,UPAR/Ly6 domain-containing protein,Serinus canaria (Island canary),126,21,96,,InterPro:IPR035076
A0A8C9KPZ7,UPAR/Ly6 domain-containing protein,Serinus canaria (Island canary),109,21,97,,InterPro:IPR035076
A0A8C9KUD9,UPAR/Ly6 domain-containing protein,Serinus canaria (Island canary),127,22,97,,InterPro:IPR035076
A0A8C9KVD4,UPAR/Ly6 domain-containing protein,Serinus canaria (Island canary),184,79,154,,InterPro:IPR035076
A0A8C9KWR4,Snake toxin/toxin-like domain-containing protein,Panthera tigris altaica (Siberian tiger),175,62,137,,InterPro:IPR035076
A0A8C9L0S7,UPAR/Ly6 domain-containing protein,Serinus canaria (Island canary),126,21,96,,InterPro:IPR035076
A0A8C9L0T3,UPAR/Ly6 domain-containing protein,Serinus canaria (Island canary),189,83,160,,InterPro:IPR035076
A0A8C9L2H7,UPAR/Ly6 domain-containing protein,Serinus canaria (Island canary),161,56,131,,InterPro:IPR035076
A0A8C9L2I9,UPAR/Ly6 domain-containing protein,Serinus canaria (Island canary),139,34,109,,InterPro:IPR035076
A0A8C9L4Z6,Snake toxin/toxin-like domain-containing protein,Serinus canaria (Island canary),127,21,95,,InterPro:IPR035076
A0A8C9L505,UPAR/Ly6 domain-containing protein,Serinus canaria (Island canary),122,21,92,,InterPro:IPR035076
A0A8C9L8R5,Snake toxin/toxin-like domain-containing protein,Pavo cristatus (Indian peafowl),79,18,53,,InterPro:IPR035076
A0A8C9LDC4,UPAR/Ly6 domain-containing protein,Pavo cristatus (Indian peafowl),126,21,96,,InterPro:IPR035076
A0A8C9LTA8,UPAR/Ly6 domain-containing protein,Piliocolobus tephrosceles (Ugandan red Colobus),114,12,84,,InterPro:IPR035076
A0A8C9LTV0,Snake toxin/toxin-like domain-containing protein,Piliocolobus tephrosceles (Ugandan red Colobus),66,21,55,,InterPro:IPR035076
A0A8C9M4F8,UPAR/Ly6 domain-containing protein,Panthera tigris altaica (Siberian tiger),128,23,100,,InterPro:IPR035076
A0A8C9M859,UPAR/Ly6 domain-containing protein,Panthera tigris altaica (Siberian tiger),130,21,98,,InterPro:IPR035076
A0A8C9MDR4,UPAR/Ly6 domain-containing protein,Serinus canaria (Island canary),137,31,108,,InterPro:IPR035076
A0A8C9Q299,Snake toxin/toxin-like domain-containing protein,Spermophilus dauricus (Daurian ground squirrel),232,58,132,,InterPro:IPR035076
A0A8C9Q8Y6,UPAR/Ly6 domain-containing protein,Spermophilus dauricus (Daurian ground squirrel),114,24,91,,InterPro:IPR035076
A0A8C9QBE8,Ly-6/neurotoxin-like protein 1,Spermophilus dauricus (Daurian ground squirrel),116,21,92,,InterPro:IPR035076
A0A8C9QBY8,Snake toxin/toxin-like domain-containing protein,Spermophilus dauricus (Daurian ground squirrel),126,21,57,,InterPro:IPR035076
A0A8C9QDB1,UPAR/Ly6 domain-containing protein,Spermophilus dauricus (Daurian ground squirrel),123,21,93,,InterPro:IPR035076
A0A8C9QDC4,Snake toxin/toxin-like domain-containing protein,Spermophilus dauricus (Daurian ground squirrel),111,24,100,,InterPro:IPR035076
A0A8C9RN70,MAC-inhibitory protein,Scleropages formosus (Asian bonytongue),215,123,192,,InterPro:IPR035076
A0A8C9UR82,UPAR/Ly6 domain-containing protein,Spermophilus dauricus (Daurian ground squirrel),136,27,104,,InterPro:IPR035076
A0A8C9USU2,UPAR/Ly6 domain-containing protein,Spermophilus dauricus (Daurian ground squirrel),127,23,100,,InterPro:IPR035076
A0A8C9XVP9,UPAR/Ly6 domain-containing protein,Sander lucioperca (Pike-perch),197,108,173,,InterPro:IPR035076
A0A8C9ZP46,UPAR/Ly6 domain-containing protein,Sander lucioperca (Pike-perch),158,81,145,,InterPro:IPR035076
A0A8D0AY28,Snake toxin/toxin-like domain-containing protein,Salvator merianae (Argentine black and white tegu),116,45,86,,InterPro:IPR035076
A0A8D0BLF1,UPAR/Ly6 domain-containing protein,Salvator merianae (Argentine black and white tegu),115,7,77,,InterPro:IPR035076
A0A8D0BLG9,UPAR/Ly6 domain-containing protein,Salvator merianae (Argentine black and white tegu),184,79,154,,InterPro:IPR035076
A0A8D0BLR1,Snake toxin/toxin-like domain-containing protein,Salvator merianae (Argentine black and white tegu),133,19,53,,InterPro:IPR035076
A0A8D0BMH6,UPAR/Ly6 domain-containing protein,Salvator merianae (Argentine black and white tegu),139,29,105,,InterPro:IPR035076
A0A8D0BMJ2,Snake toxin/toxin-like domain-containing protein,Salvator merianae (Argentine black and white tegu),117,11,88,,InterPro:IPR035076
A0A8D0BMS3,Snake toxin/toxin-like domain-containing protein,Salvator merianae (Argentine black and white tegu),117,17,94,,InterPro:IPR035076
A0A8D0BUW5,UPAR/Ly6 domain-containing protein,Salvator merianae (Argentine black and white tegu),126,21,96,,InterPro:IPR035076
A0A8D0CWN2,UPAR/Ly6 domain-containing protein,Sander lucioperca (Pike-perch),151,62,127,,InterPro:IPR035076
A0A8D0D312,UPAR/Ly6 domain-containing protein,Sander lucioperca (Pike-perch),207,116,184,,InterPro:IPR035076
A0A8D0D5H5,UPAR/Ly6 domain-containing protein,Sander lucioperca (Pike-perch),207,116,184,,InterPro:IPR035076
A0A8D0EQC6,Snake toxin/toxin-like domain-containing protein,Strix occidentalis caurina (northern spotted owl),68,21,56,,InterPro:IPR035076
A0A8D0EQK6,UPAR/Ly6 domain-containing protein,Strix occidentalis caurina (northern spotted owl),123,18,93,,InterPro:IPR035076
A0A8D0ESB1,UPAR/Ly6 domain-containing protein,Strix occidentalis caurina (northern spotted owl),120,15,90,,InterPro:IPR035076
A0A8D0ESK4,Snake toxin/toxin-like domain-containing protein,Strix occidentalis caurina (northern spotted owl),64,22,56,,InterPro:IPR035076
A0A8D0ETE2,Snake toxin/toxin-like domain-containing protein,Strix occidentalis caurina (northern spotted owl),72,16,58,,InterPro:IPR035076
A0A8D0GG70,UPAR/Ly6 domain-containing protein,Sphenodon punctatus (Tuatara),127,22,97,,InterPro:IPR035076
A0A8D0GM36,UPAR/Ly6 domain-containing protein,Sphenodon punctatus (Tuatara),125,28,105,,InterPro:IPR035076
A0A8D0KRW7,Snake toxin/toxin-like domain-containing protein,Strix occidentalis caurina (northern spotted owl),133,27,101,,InterPro:IPR035076
A0A8D0KSB7,UPAR/Ly6 domain-containing protein,Strix occidentalis caurina (northern spotted owl),122,18,95,,InterPro:IPR035076
A0A8D0N7V8,UPAR/Ly6 domain-containing protein,Sus scrofa (Pig),220,111,188,,InterPro:IPR035076
A0A8D0RKF3,UPAR/Ly6 domain-containing protein,Sus scrofa (Pig),128,21,93,,InterPro:IPR035076
A0A8D0T4H9,Snake toxin/toxin-like domain-containing protein,Sus scrofa (Pig),68,21,55,,InterPro:IPR035076
A0A8D0UNY8,UPAR/Ly6 domain-containing protein,Sus scrofa (Pig),125,21,93,,InterPro:IPR035076
A0A8D0V4F2,UPAR/Ly6 domain-containing protein,Sus scrofa (Pig),220,111,188,,InterPro:IPR035076
A0A8D0V4F3,Snake toxin/toxin-like domain-containing protein,Sus scrofa (Pig),191,21,55,,InterPro:IPR035076
A0A8D0V4F5,UPAR/Ly6 domain-containing protein,Sus scrofa (Pig),130,21,98,,InterPro:IPR035076
A0A8D0YTB3,UPAR/Ly6 domain-containing protein,Sus scrofa (Pig),388,279,356,,InterPro:IPR035076
A0A8D1D9K7,Snake toxin/toxin-like domain-containing protein,Sus scrofa (Pig),173,21,55,,InterPro:IPR035076
A0A8D1G3Q8,UPAR/Ly6 domain-containing protein,Sus scrofa (Pig),125,21,93,,InterPro:IPR035076
A0A8D1GMK3,Lymphocyte antigen 6 family member D,Sus scrofa (Pig),128,21,93,,InterPro:IPR035076
A0A8D1GPA4,UPAR/Ly6 domain-containing protein,Sus scrofa (Pig),552,443,520,,InterPro:IPR035076
A0A8D1GPI8,Ly-6/neurotoxin-like protein 1,Sus scrofa (Pig),155,60,131,,InterPro:IPR035076
A0A8D1GWJ9,Ly-6/neurotoxin-like protein 1,Sus scrofa (Pig),116,21,92,,InterPro:IPR035076
A0A8D1J9D7,UPAR/Ly6 domain-containing protein,Sus scrofa (Pig),125,21,93,,InterPro:IPR035076
A0A8D1KR02,UPAR/Ly6 domain-containing protein,Sus scrofa (Pig),388,279,356,,InterPro:IPR035076
A0A8D1KZJ7,Snake toxin/toxin-like domain-containing protein,Sus scrofa (Pig),132,32,100,,InterPro:IPR035076
A0A8D1LQN5,Snake toxin/toxin-like domain-containing protein,Sus scrofa (Pig),132,32,100,,InterPro:IPR035076
A0A8D1N875,Snake toxin/toxin-like domain-containing protein,Sus scrofa (Pig),191,21,55,,InterPro:IPR035076
A0A8D1USX5,Snake toxin/toxin-like domain-containing protein,Sus scrofa (Pig),191,21,55,,InterPro:IPR035076
A0A8D1Y1M2,UPAR/Ly6 domain-containing protein,Sus scrofa (Pig),125,21,93,,InterPro:IPR035076
A0A8D2B7P0,Snake toxin/toxin-like domain-containing protein,Sciurus vulgaris (Eurasian red squirrel),120,30,96,,InterPro:IPR035076
A0A8D2B8Y1,Snake toxin/toxin-like domain-containing protein,Sciurus vulgaris (Eurasian red squirrel),106,16,82,,InterPro:IPR035076
A0A8D2BCA6,UPAR/Ly6 domain-containing protein,Sus scrofa (Pig),180,66,140,,InterPro:IPR035076
A0A8D2DN11,UPAR/Ly6 domain-containing protein,Sciurus vulgaris (Eurasian red squirrel),106,16,83,,InterPro:IPR035076
A0A8D2DSH6,Snake toxin/toxin-like domain-containing protein,Sciurus vulgaris (Eurasian red squirrel),74,21,55,,InterPro:IPR035076
A0A8D2DSN9,UPAR/Ly6 domain-containing protein,Sciurus vulgaris (Eurasian red squirrel),127,23,100,,InterPro:IPR035076
A0A8D2DSQ6,UPAR/Ly6 domain-containing protein,Sciurus vulgaris (Eurasian red squirrel),114,12,84,,InterPro:IPR035076
A0A8D2DTU1,UPAR/Ly6 domain-containing protein,Sciurus vulgaris (Eurasian red squirrel),125,24,100,,InterPro:IPR035076
A0A8D2DU54,UPAR/Ly6 domain-containing protein,Sciurus vulgaris (Eurasian red squirrel),130,21,98,,InterPro:IPR035076
A0A8D2DVE5,Snake toxin/toxin-like domain-containing protein,Sciurus vulgaris (Eurasian red squirrel),107,21,72,,InterPro:IPR035076
A0A8D2FBW9,Snake toxin/toxin-like domain-containing protein,Theropithecus gelada (Gelada baboon),84,42,74,,InterPro:IPR035076
A0A8D2FF98,UPAR/Ly6 domain-containing protein,Theropithecus gelada (Gelada baboon),114,12,84,,InterPro:IPR035076
A0A8D2FFE3,UPAR/Ly6 domain-containing protein,Theropithecus gelada (Gelada baboon),125,21,93,,InterPro:IPR035076
A0A8D2FFG0,Snake toxin/toxin-like domain-containing protein,Theropithecus gelada (Gelada baboon),101,42,75,,InterPro:IPR035076
A0A8D2FFJ7,Snake toxin/toxin-like domain-containing protein,Theropithecus gelada (Gelada baboon),66,21,55,,InterPro:IPR035076
A0A8D2FFS9,Snake toxin/toxin-like domain-containing protein,Theropithecus gelada (Gelada baboon),186,65,139,,InterPro:IPR035076
A0A8D2FH28,Snake toxin/toxin-like domain-containing protein,Theropithecus gelada (Gelada baboon),165,42,122,,InterPro:IPR035076
A0A8D2FHG5,Ly-6/neurotoxin-like protein 1,Theropithecus gelada (Gelada baboon),116,21,92,,InterPro:IPR035076
A0A8D2FIJ5,UPAR/Ly6 domain-containing protein,Theropithecus gelada (Gelada baboon),127,23,100,,InterPro:IPR035076
A0A8D2FJ48,UPAR/Ly6 domain-containing protein,Theropithecus gelada (Gelada baboon),131,21,99,,InterPro:IPR035076
A0A8D2GYX0,Secreted Ly-6/uPAR domain-containing protein 2,Urocitellus parryii (Arctic ground squirrel),170,21,90,,InterPro:IPR035076
A0A8D2H623,UPAR/Ly6 domain-containing protein,Urocitellus parryii (Arctic ground squirrel),127,23,100,,InterPro:IPR035076
A0A8D2H9K1,UPAR/Ly6 domain-containing protein,Urocitellus parryii (Arctic ground squirrel),127,21,93,,InterPro:IPR035076
A0A8D2H9S9,UPAR/Ly6 domain-containing protein,Urocitellus parryii (Arctic ground squirrel),123,21,93,,InterPro:IPR035076
A0A8D2H9U9,Snake toxin/toxin-like domain-containing protein,Urocitellus parryii (Arctic ground squirrel),111,24,100,,InterPro:IPR035076
A0A8D2H9Y5,Snake toxin/toxin-like domain-containing protein,Urocitellus parryii (Arctic ground squirrel),88,23,57,,InterPro:IPR035076
A0A8D2IED2,UPAR/Ly6 domain-containing protein,Urocitellus parryii (Arctic ground squirrel),136,27,104,,InterPro:IPR035076
A0A8D2JRF5,UPAR/Ly6 domain-containing protein,Sciurus vulgaris (Eurasian red squirrel),127,21,93,,InterPro:IPR035076
A0A8D2JRU7,Ly-6/neurotoxin-like protein 1,Sciurus vulgaris (Eurasian red squirrel),116,21,92,,InterPro:IPR035076
A0A8D2KPV3,Snake toxin/toxin-like domain-containing protein,Urocitellus parryii (Arctic ground squirrel),282,60,134,,InterPro:IPR035076
A0A8D2LQ59,UPAR/Ly6 domain-containing protein,Varanus komodoensis (Komodo dragon),133,28,103,,InterPro:IPR035076
A0A8D2LQ70,UPAR/Ly6 domain-containing protein,Varanus komodoensis (Komodo dragon),126,21,96,,InterPro:IPR035076
A0A8D2LQE2,Snake toxin/toxin-like domain-containing protein,Varanus komodoensis (Komodo dragon),122,13,91,,InterPro:IPR035076
A0A8D2LRH4,UPAR/Ly6 domain-containing protein,Varanus komodoensis (Komodo dragon),126,21,96,,InterPro:IPR035076
A0A8D2LRW6,UPAR/Ly6 domain-containing protein,Varanus komodoensis (Komodo dragon),118,16,93,,InterPro:IPR035076
A0A8D2LS62,Snake toxin/toxin-like domain-containing protein,Varanus komodoensis (Komodo dragon),125,27,90,,InterPro:IPR035076
A0A8D2LSS4,UPAR/Ly6 domain-containing protein,Varanus komodoensis (Komodo dragon),108,7,82,,InterPro:IPR035076
A0A8D2LSV9,UPAR/Ly6 domain-containing protein,Varanus komodoensis (Komodo dragon),126,20,97,,InterPro:IPR035076
A0A8D2N4Y6,UPAR/Ly6 domain-containing protein,Zonotrichia albicollis (White-throated sparrow),115,15,92,,InterPro:IPR035076
A0A8D2N6U4,UPAR/Ly6 domain-containing protein,Zonotrichia albicollis (White-throated sparrow),146,41,116,,InterPro:IPR035076
A0A8D2N6V0,UPAR/Ly6 domain-containing protein,Zonotrichia albicollis (White-throated sparrow),126,21,96,,InterPro:IPR035076
A0A8D2N7E1,UPAR/Ly6 domain-containing protein,Zonotrichia albicollis (White-throated sparrow),139,21,97,,InterPro:IPR035076
A0A8D2N9R9,UPAR/Ly6 domain-containing protein,Zonotrichia albicollis (White-throated sparrow),122,21,92,,InterPro:IPR035076
A0A8D2NA16,Snake toxin/toxin-like domain-containing protein,Zonotrichia albicollis (White-throated sparrow),118,16,90,,InterPro:IPR035076
A0A8D2P2W8,UPAR/Ly6 domain-containing protein,Zosterops lateralis melanops,122,21,92,,InterPro:IPR035076
A0A8D2P2X5,Snake toxin/toxin-like domain-containing protein,Zosterops lateralis melanops,74,22,57,,InterPro:IPR035076
A0A8D2P377,UPAR/Ly6 domain-containing protein,Zosterops lateralis melanops,127,21,96,,InterPro:IPR035076
A0A8D2P4F0,UPAR/Ly6 domain-containing protein,Zosterops lateralis melanops,120,15,90,,InterPro:IPR035076
A0A8D2P5I1,Snake toxin/toxin-like domain-containing protein,Zosterops lateralis melanops,200,94,168,,InterPro:IPR035076
A0A8D2P7G5,UPAR/Ly6 domain-containing protein,Zosterops lateralis melanops,121,15,92,,InterPro:IPR035076
A0A8D2Q7T7,UPAR/Ly6 domain-containing protein,Varanus komodoensis (Komodo dragon),125,13,90,,InterPro:IPR035076
A0A8D2Q865,UPAR/Ly6 domain-containing protein,Varanus komodoensis (Komodo dragon),112,7,82,,InterPro:IPR035076
A0A8D2QI30,UPAR/Ly6 domain-containing protein,Zonotrichia albicollis (White-throated sparrow),158,53,128,,InterPro:IPR035076
A0A8D2QPF4,UPAR/Ly6 domain-containing protein,Zosterops lateralis melanops,126,21,96,,InterPro:IPR035076
A0A8D2ZFV5,UPAR/Ly6 domain-containing protein,Scophthalmus maximus (Turbot),208,115,185,,InterPro:IPR035076
A0A8D3DI84,Snake toxin/toxin-like domain-containing protein,Scophthalmus maximus (Turbot),134,27,95,,InterPro:IPR035076
A0A8E0RNA5,Snake toxin/toxin-like domain-containing protein,Fasciolopsis buskii,105,1,93,,InterPro:IPR035076
A0A8E0RNT7,Snake toxin/toxin-like domain-containing protein,Fasciolopsis buskii,137,36,108,,InterPro:IPR035076
A0A8E0RTD8,Snake toxin/toxin-like domain-containing protein,Fasciolopsis buskii,116,17,86,,InterPro:IPR035076
A0A8E0S4D6,Snake toxin/toxin-like domain-containing protein,Fasciolopsis buskii,107,11,82,,InterPro:IPR035076
A0A8I3NIQ2,UPAR/Ly6 domain-containing protein,Canis lupus familiaris (Dog),511,402,479,,InterPro:IPR035076
A0A8I3NJ68,Secreted Ly-6/uPAR domain-containing protein 2,Canis lupus familiaris (Dog),158,84,156,,InterPro:IPR035076
A0A8I3NJB5,Snake toxin/toxin-like domain-containing protein,Canis lupus familiaris (Dog),350,236,311,,InterPro:IPR035076
A0A8I3NMZ6,LY6/PLAUR domain containing 2,Canis lupus familiaris (Dog),139,35,112,,InterPro:IPR035076
A0A8I3NRC1,Snake toxin/toxin-like domain-containing protein,Canis lupus familiaris (Dog),71,21,55,,InterPro:IPR035076
A0A8I3NT88,Secreted Ly-6/uPAR domain-containing protein 2,Canis lupus familiaris (Dog),96,22,94,,InterPro:IPR035076
A0A8I3NTH0,Uncharacterized protein,Canis lupus familiaris (Dog),224,117,189,,InterPro:IPR035076
A0A8I3NVD7,LY6/PLAUR domain containing 2,Canis lupus familiaris (Dog),130,26,103,,InterPro:IPR035076
A0A8I3P2E2,Uncharacterized protein,Canis lupus familiaris (Dog),128,21,93,,InterPro:IPR035076
A0A8I3RXW9,Prostate stem cell antigen,Canis lupus familiaris (Dog),115,12,84,,InterPro:IPR035076
A0A8I3RXX7,Snake toxin/toxin-like domain-containing protein,Canis lupus familiaris (Dog),103,25,101,,InterPro:IPR035076
A0A8I3S144,Snake toxin/toxin-like domain-containing protein,Canis lupus familiaris (Dog),201,87,162,,InterPro:IPR035076
A0A8I3W4K5,UPAR/Ly6 domain-containing protein,Callithrix jacchus (White-tufted-ear marmoset),127,23,100,,InterPro:IPR035076
A0A8I3WF27,Ly-6/neurotoxin-like protein 1,Callithrix jacchus (White-tufted-ear marmoset),180,85,156,,InterPro:IPR035076
A0A8I3WFN4,Snake toxin/toxin-like domain-containing protein,Callithrix jacchus (White-tufted-ear marmoset),282,161,235,,InterPro:IPR035076
A0A8I3WH28,Snake toxin/toxin-like domain-containing protein,Callithrix jacchus (White-tufted-ear marmoset),70,20,54,,InterPro:IPR035076
A0A8I3WQS5,Snake toxin/toxin-like domain-containing protein,Callithrix jacchus (White-tufted-ear marmoset),167,43,123,,InterPro:IPR035076
A0A8I4A202,Snake toxin/toxin-like domain-containing protein,Callithrix jacchus (White-tufted-ear marmoset),105,23,100,,InterPro:IPR035076
A0A8I5ND93,UPAR/Ly6 domain-containing protein,Papio anubis (Olive baboon),538,428,506,,InterPro:IPR035076
A0A8I5R7M3,Snake toxin/toxin-like domain-containing protein,Papio anubis (Olive baboon),165,42,122,,InterPro:IPR035076
A0A8I5T699,Snake toxin/toxin-like domain-containing protein,Pongo abelii (Sumatran orangutan),72,21,55,,InterPro:IPR035076
A0A8I6A8F0,UPAR/Ly6 domain-containing protein,Rattus norvegicus (Rat),113,11,83,,InterPro:IPR035076
A0A8I6ABZ1,UPAR/Ly6 domain-containing protein,Rattus norvegicus (Rat),165,63,135,,InterPro:IPR035076
A0A8J0QSL2,UPAR/Ly6 domain-containing protein,Xenopus tropicalis (Western clawed frog),215,21,101,,InterPro:IPR035076
A0A8J0QUI2,Snake toxin/toxin-like domain-containing protein,Xenopus tropicalis (Western clawed frog),112,25,111,,InterPro:IPR035076
A0A8J0QWK2,Snake toxin/toxin-like domain-containing protein,Xenopus tropicalis (Western clawed frog),112,25,111,,InterPro:IPR035076
A0A8J0QYT6,Snake toxin/toxin-like domain-containing protein,Xenopus tropicalis (Western clawed frog),112,25,111,,InterPro:IPR035076
A0A8J0R489,UPAR/Ly6 domain-containing protein,Xenopus tropicalis (Western clawed frog),126,21,96,,InterPro:IPR035076
A0A8J0R645,UPAR/Ly6 domain-containing protein,Xenopus tropicalis (Western clawed frog),119,21,91,,InterPro:IPR035076
A0A8J0R7L1,Snake toxin/toxin-like domain-containing protein,Xenopus tropicalis (Western clawed frog),118,21,88,,InterPro:IPR035076
A0A8J0T8H0,Snake toxin/toxin-like domain-containing protein,Xenopus laevis (African clawed frog),154,46,115,,InterPro:IPR035076
A0A8J0VJ07,UPAR/Ly6 domain-containing protein,Xenopus laevis (African clawed frog),186,84,159,,InterPro:IPR035076
A0A8J1IVG4,Snake toxin/toxin-like domain-containing protein,Xenopus tropicalis (Western clawed frog),83,21,82,,InterPro:IPR035076
A0A8J1IWU3,Snake toxin/toxin-like domain-containing protein,Xenopus tropicalis (Western clawed frog),84,21,83,,InterPro:IPR035076
A0A8J1JPU6,UPAR/Ly6 domain-containing protein,Xenopus tropicalis (Western clawed frog),202,101,172,,InterPro:IPR035076
A0A8J1JPU6,UPAR/Ly6 domain-containing protein,Xenopus tropicalis (Western clawed frog),202,21,92,,InterPro:IPR035076
A0A8J1JQZ0,UPAR/Ly6 domain-containing protein,Xenopus tropicalis (Western clawed frog),120,21,92,,InterPro:IPR035076
A0A8J1JR48,Snake toxin/toxin-like domain-containing protein,Xenopus tropicalis (Western clawed frog),97,21,74,,InterPro:IPR035076
A0A8J1JR53,UPAR/Ly6 domain-containing protein,Xenopus tropicalis (Western clawed frog),122,21,92,,InterPro:IPR035076
A0A8J1JRA3,Snake toxin/toxin-like domain-containing protein,Xenopus tropicalis (Western clawed frog),130,21,98,,InterPro:IPR035076
A0A8J1JRT4,UPAR/Ly6 domain-containing protein,Xenopus tropicalis (Western clawed frog),143,40,113,,InterPro:IPR035076
A0A8J1JT28,UPAR/Ly6 domain-containing protein,Xenopus tropicalis (Western clawed frog),137,40,109,,InterPro:IPR035076
A0A8J1JTI6,Snake toxin/toxin-like domain-containing protein,Xenopus tropicalis (Western clawed frog),130,22,92,,InterPro:IPR035076
A0A8J1JTK1,UPAR/Ly6 domain-containing protein,Xenopus tropicalis (Western clawed frog),122,21,92,,InterPro:IPR035076
A0A8J1JTW0,UPAR/Ly6 domain-containing protein,Xenopus tropicalis (Western clawed frog),202,102,172,,InterPro:IPR035076
A0A8J1JTW0,UPAR/Ly6 domain-containing protein,Xenopus tropicalis (Western clawed frog),202,21,92,,InterPro:IPR035076
A0A8J1JUL3,UPAR/Ly6 domain-containing protein,Xenopus tropicalis (Western clawed frog),125,21,94,,InterPro:IPR035076
A0A8J1JUM9,UPAR/Ly6 domain-containing protein,Xenopus tropicalis (Western clawed frog),120,21,90,,InterPro:IPR035076
A0A8J1JUU1,UPAR/Ly6 domain-containing protein,Xenopus tropicalis (Western clawed frog),112,14,84,,InterPro:IPR035076
A0A8J1JV71,UPAR/Ly6 domain-containing protein,Xenopus tropicalis (Western clawed frog),123,22,96,,InterPro:IPR035076
A0A8J1KZ81,UPAR/Ly6 domain-containing protein,Xenopus laevis (African clawed frog),120,21,92,,InterPro:IPR035076
A0A8J1KZ84,UPAR/Ly6 domain-containing protein,Xenopus laevis (African clawed frog),122,21,92,,InterPro:IPR035076
A0A8J1L334,UPAR/Ly6 domain-containing protein,Xenopus laevis (African clawed frog),125,20,95,,InterPro:IPR035076
A0A8J1L3S8,Snake toxin/toxin-like domain-containing protein,Xenopus laevis (African clawed frog),129,20,97,,InterPro:IPR035076
A0A8J1L3U4,UPAR/Ly6 domain-containing protein,Xenopus laevis (African clawed frog),124,21,94,,InterPro:IPR035076
A0A8J1LWQ5,Snake toxin/toxin-like domain-containing protein,Xenopus laevis (African clawed frog),83,29,82,,InterPro:IPR035076
A0A8J2NK45,Snake toxin/toxin-like domain-containing protein,Allacma fusca,100,31,96,,InterPro:IPR035076
A0A8J2PX90,Snake toxin/toxin-like domain-containing protein,Cercopithifilaria johnstoni,141,40,102,,InterPro:IPR035076
A0A8J4ID80,UPAR/Ly6 domain-containing protein,Spheniscus mendiculus (Galapagos penguin),101,20,95,,InterPro:IPR035076
A0A8J4IDH0,Snake toxin/toxin-like domain-containing protein,Spheniscus mendiculus (Galapagos penguin),87,2,79,,InterPro:IPR035076
A0A8J4IDJ9,UPAR/Ly6 domain-containing protein,Spheniscus mendiculus (Galapagos penguin),109,4,79,,InterPro:IPR035076
A0A8J4IDL7,Snake toxin/toxin-like domain-containing protein,Spheniscus mendiculus (Galapagos penguin),78,4,78,,InterPro:IPR035076
A0A8J4IEN9,UPAR/Ly6 domain-containing protein,Spheniscus mendiculus (Galapagos penguin),112,7,82,,InterPro:IPR035076
A0A8J4J3N8,UPAR/Ly6 domain-containing protein,Eudyptes sclateri (Erect-crested penguin),109,4,79,,InterPro:IPR035076
A0A8J4J3R1,UPAR/Ly6 domain-containing protein,Eudyptes sclateri (Erect-crested penguin),87,2,79,,InterPro:IPR035076
A0A8J4J3S2,UPAR/Ly6 domain-containing protein,Eudyptes sclateri (Erect-crested penguin),101,20,95,,InterPro:IPR035076
A0A8J4J5I4,UPAR/Ly6 domain-containing protein,Eudyptes sclateri (Erect-crested penguin),112,7,82,,InterPro:IPR035076
A0A8J4J5Q8,UPAR/Ly6 domain-containing protein,Eudyptes sclateri (Erect-crested penguin),109,4,79,,InterPro:IPR035076
A0A8J4JSG2,UPAR/Ly6 domain-containing protein,Eudyptula minor (Little blue penguin),112,7,82,,InterPro:IPR035076
A0A8J4JTP6,UPAR/Ly6 domain-containing protein,Eudyptula minor (Little blue penguin),101,20,95,,InterPro:IPR035076
A0A8J4JTQ2,UPAR/Ly6 domain-containing protein,Eudyptula minor (Little blue penguin),127,22,97,,InterPro:IPR035076
A0A8J4JUJ1,UPAR/Ly6 domain-containing protein,Eudyptula minor (Little blue penguin),87,2,79,,InterPro:IPR035076
A0A8J4JVS8,UPAR/Ly6 domain-containing protein,Eudyptula minor (Little blue penguin),109,4,79,,InterPro:IPR035076
A0A8J4JW40,UPAR/Ly6 domain-containing protein,Eudyptula minor (Little blue penguin),101,20,95,,InterPro:IPR035076
A0A8J4JWW8,UPAR/Ly6 domain-containing protein,Eudyptula minor (Little blue penguin),112,7,82,,InterPro:IPR035076
A0A8J4JY54,UPAR/Ly6 domain-containing protein,Eudyptula minor (Little blue penguin),109,2,79,,InterPro:IPR035076
A0A8J4KJU5,UPAR/Ly6 domain-containing protein,Eudyptes chrysocome (Western rockhopper penguin),109,4,79,,InterPro:IPR035076
A0A8J4KJU7,UPAR/Ly6 domain-containing protein,Eudyptes chrysocome (Western rockhopper penguin),109,4,79,,InterPro:IPR035076
A0A8J4KLJ2,UPAR/Ly6 domain-containing protein,Eudyptes chrysocome (Western rockhopper penguin),87,2,79,,InterPro:IPR035076
A0A8J4L310,UPAR/Ly6 domain-containing protein,Eudyptes chrysocome (Western rockhopper penguin),101,20,95,,InterPro:IPR035076
A0A8J4MQ03,UPAR/Ly6 domain-containing protein,Spheniscus mendiculus (Galapagos penguin),109,2,79,,InterPro:IPR035076
A0A8J4MQ44,UPAR/Ly6 domain-containing protein,Spheniscus mendiculus (Galapagos penguin),109,4,79,,InterPro:IPR035076
A0A8J4N2F6,Snake toxin/toxin-like domain-containing protein,Eudyptes sclateri (Erect-crested penguin),78,4,78,,InterPro:IPR035076
A0A8J4N2K6,UPAR/Ly6 domain-containing protein,Eudyptes sclateri (Erect-crested penguin),109,2,79,,InterPro:IPR035076
A0A8J4NEN4,UPAR/Ly6 domain-containing protein,Eudyptula minor (Little blue penguin),109,2,79,,InterPro:IPR035076
A0A8J4NFK7,UPAR/Ly6 domain-containing protein,Eudyptula minor (Little blue penguin),109,4,79,,InterPro:IPR035076
A0A8J4NG22,Snake toxin/toxin-like domain-containing protein,Eudyptula minor (Little blue penguin),78,4,78,,InterPro:IPR035076
A0A8J4NG55,UPAR/Ly6 domain-containing protein,Eudyptula minor (Little blue penguin),127,22,97,,InterPro:IPR035076
A0A8J4NT18,Snake toxin/toxin-like domain-containing protein,Eudyptes chrysocome (Western rockhopper penguin),78,4,78,,InterPro:IPR035076
A0A8J4P1J0,UPAR/Ly6 domain-containing protein,Eudyptes chrysocome (Western rockhopper penguin),112,7,82,,InterPro:IPR035076
A0A8J4P314,UPAR/Ly6 domain-containing protein,Eudyptes chrysocome (Western rockhopper penguin),109,2,79,,InterPro:IPR035076
A0A8J4PH32,UPAR/Ly6 domain-containing protein,Aptenodytes patagonicus (King penguin),109,4,79,,InterPro:IPR035076
A0A8J4PH73,UPAR/Ly6 domain-containing protein,Aptenodytes patagonicus (King penguin),109,4,79,,InterPro:IPR035076
A0A8J4PH82,UPAR/Ly6 domain-containing protein,Aptenodytes patagonicus (King penguin),101,20,95,,InterPro:IPR035076
A0A8J4PHE2,UPAR/Ly6 domain-containing protein,Aptenodytes patagonicus (King penguin),112,7,82,,InterPro:IPR035076
A0A8J4PHJ1,UPAR/Ly6 domain-containing protein,Aptenodytes patagonicus (King penguin),107,2,77,,InterPro:IPR035076
A0A8J4TEI8,Snake toxin/toxin-like domain-containing protein,Paragonimus heterotremus,127,29,99,,InterPro:IPR035076
A0A8J4TVL5,UPAR/Ly6 domain-containing protein,Clarias magur (Asian catfish),145,50,122,,InterPro:IPR035076
A0A8J4UYL9,Snake toxin/toxin-like domain-containing protein,Aptenodytes patagonicus (King penguin),78,4,78,,InterPro:IPR035076
A0A8J4WHW3,Snake toxin/toxin-like domain-containing protein,Paragonimus heterotremus,117,21,91,,InterPro:IPR035076
A0A8J6A4P1,Snake toxin/toxin-like domain-containing protein,Galemys pyrenaicus (Iberian desman),100,40,76,,InterPro:IPR035076
A0A8J6A4P8,UPAR/Ly6 domain-containing protein,Galemys pyrenaicus (Iberian desman),607,498,575,,InterPro:IPR035076
A0A8J6A9H9,Snake toxin/toxin-like domain-containing protein,Galemys pyrenaicus (Iberian desman),339,183,216,,InterPro:IPR035076
A0A8J6A9M2,Secreted Ly-6/uPAR domain-containing protein 2,Galemys pyrenaicus (Iberian desman),99,25,97,,InterPro:IPR035076
A0A8J6AAH1,UPAR/Ly6 domain-containing protein,Galemys pyrenaicus (Iberian desman),427,206,278,,InterPro:IPR035076
A0A8J6AAK6,UPAR/Ly6 domain-containing protein,Galemys pyrenaicus (Iberian desman),146,42,119,,InterPro:IPR035076
A0A8J6ABL2,UPAR/Ly6 domain-containing protein,Galemys pyrenaicus (Iberian desman),325,198,279,,InterPro:IPR035076
A0A8J6APF9,UPAR/Ly6 domain-containing protein,Galemys pyrenaicus (Iberian desman),205,104,180,,InterPro:IPR035076
A0A8J6B9E5,Snake toxin/toxin-like domain-containing protein,Eleutherodactylus coqui (Puerto Rican coqui),136,20,96,,InterPro:IPR035076
A0A8J6BL27,UPAR/Ly6 domain-containing protein,Eleutherodactylus coqui (Puerto Rican coqui),124,21,94,,InterPro:IPR035076
A0A8J6BPJ5,Snake toxin/toxin-like domain-containing protein,Eleutherodactylus coqui (Puerto Rican coqui),110,18,83,,InterPro:IPR035076
A0A8J6E6N5,UPAR/Ly6 domain-containing protein,Eleutherodactylus coqui (Puerto Rican coqui),126,21,96,,InterPro:IPR035076
A0A8J6E8P3,UPAR/Ly6 domain-containing protein,Eleutherodactylus coqui (Puerto Rican coqui),126,21,96,,InterPro:IPR035076
A0A8J6EA95,UPAR/Ly6 domain-containing protein,Eleutherodactylus coqui (Puerto Rican coqui),96,21,96,,InterPro:IPR035076
A0A8J6EBD4,UPAR/Ly6 domain-containing protein,Eleutherodactylus coqui (Puerto Rican coqui),106,31,106,,InterPro:IPR035076
A0A8J6EDD9,Snake toxin/toxin-like domain-containing protein,Eleutherodactylus coqui (Puerto Rican coqui),103,20,96,,InterPro:IPR035076
A0A8J6EJ15,UPAR/Ly6 domain-containing protein,Eleutherodactylus coqui (Puerto Rican coqui),126,21,96,,InterPro:IPR035076
A0A8J6EJQ3,UPAR/Ly6 domain-containing protein,Eleutherodactylus coqui (Puerto Rican coqui),246,20,95,,InterPro:IPR035076
A0A8J6EJS8,UPAR/Ly6 domain-containing protein,Eleutherodactylus coqui (Puerto Rican coqui),325,20,95,,InterPro:IPR035076
A0A8J6GX73,UPAR/Ly6 domain-containing protein,Microtus ochrogaster (Prairie vole),127,23,100,,InterPro:IPR035076
A0A8J6GXK1,Ly-6/neurotoxin-like protein 1,Microtus ochrogaster (Prairie vole),177,82,153,,InterPro:IPR035076
A0A8J6GXM4,UPAR/Ly6 domain-containing protein,Microtus ochrogaster (Prairie vole),119,13,85,,InterPro:IPR035076
A0A8J6GY75,Snake toxin/toxin-like domain-containing protein,Microtus ochrogaster (Prairie vole),59,3,36,,InterPro:IPR035076
A0A8J6GYI7,UPAR/Ly6 domain-containing protein,Microtus ochrogaster (Prairie vole),124,21,93,,InterPro:IPR035076
A0A8J6JR11,UPAR/Ly6 domain-containing protein,Eleutherodactylus coqui (Puerto Rican coqui),127,21,95,,InterPro:IPR035076
A0A8J6L3H5,UPAR/Ly6 domain-containing protein,Microtus ochrogaster (Prairie vole),135,26,104,,InterPro:IPR035076
A0A8J6L3T5,Snake toxin/toxin-like domain-containing protein,Microtus ochrogaster (Prairie vole),110,24,100,,InterPro:IPR035076
A0A8J6L3U4,UPAR/Ly6 domain-containing protein,Microtus ochrogaster (Prairie vole),114,23,91,,InterPro:IPR035076
A0A8J8XAM0,UPAR/Ly6 domain-containing protein,Macaca mulatta (Rhesus macaque),127,23,100,,InterPro:IPR035076
A0A8J8XIG1,UPAR/Ly6 domain-containing protein,Macaca fascicularis (Crab-eating macaque),131,21,99,,InterPro:IPR035076
A0A8J8XKK1,Snake toxin/toxin-like domain-containing protein,Macaca mulatta (Rhesus macaque),184,63,137,,InterPro:IPR035076
A0A8J8YLW6,UPAR/Ly6 domain-containing protein,Macaca mulatta (Rhesus macaque),131,21,99,,InterPro:IPR035076
A0A8J9Z188,Snake toxin/toxin-like domain-containing protein,Branchiostoma lanceolatum (Common lancelet),143,27,108,,InterPro:IPR035076
A0A8J9Z9R8,Snake toxin/toxin-like domain-containing protein,Branchiostoma lanceolatum (Common lancelet),176,25,100,,InterPro:IPR035076
A0A8J9ZZ79,Snake toxin/toxin-like domain-containing protein,Branchiostoma lanceolatum (Common lancelet),152,50,122,,InterPro:IPR035076
A0A8K0BCN3,UPAR/Ly6 domain-containing protein,Eudyptes filholi (Southern rockhopper penguin),112,7,82,,InterPro:IPR035076
A0A8K0BE05,UPAR/Ly6 domain-containing protein,Eudyptes filholi (Southern rockhopper penguin),112,7,82,,InterPro:IPR035076
A0A8K0BE85,Snake toxin/toxin-like domain-containing protein,Eudyptes filholi (Southern rockhopper penguin),78,4,78,,InterPro:IPR035076
A0A8K0BEC5,UPAR/Ly6 domain-containing protein,Eudyptes filholi (Southern rockhopper penguin),109,4,79,,InterPro:IPR035076
A0A8K0BEP5,UPAR/Ly6 domain-containing protein,Eudyptes filholi (Southern rockhopper penguin),109,2,79,,InterPro:IPR035076
A0A8K0BEQ5,UPAR/Ly6 domain-containing protein,Eudyptes filholi (Southern rockhopper penguin),109,4,79,,InterPro:IPR035076
A0A8K0FJ66,UPAR/Ly6 domain-containing protein,Eudyptes filholi (Southern rockhopper penguin),101,20,95,,InterPro:IPR035076
A0A8K0FJG4,UPAR/Ly6 domain-containing protein,Eudyptes filholi (Southern rockhopper penguin),87,2,79,,InterPro:IPR035076
A0A8K1G6V6,UPAR/Ly6 domain-containing protein,Zosterops borbonicus,126,21,96,,InterPro:IPR035076
A0A8K1G7I3,UPAR/Ly6 domain-containing protein,Zosterops borbonicus,127,22,97,,InterPro:IPR035076
A0A8K1G7K7,Snake toxin/toxin-like domain-containing protein,Zosterops borbonicus,100,21,55,,InterPro:IPR035076
A0A8K1G7T7,UPAR/Ly6 domain-containing protein,Zosterops borbonicus,203,97,172,,InterPro:IPR035076
A0A8K1G7V7,UPAR/Ly6 domain-containing protein,Zosterops borbonicus,126,21,96,,InterPro:IPR035076
A0A8K1LGE1,Snake toxin/toxin-like domain-containing protein,Zosterops borbonicus,226,120,197,,InterPro:IPR035076
A0A8K1LGE3,Snake toxin/toxin-like domain-containing protein,Zosterops borbonicus,127,21,95,,InterPro:IPR035076
A0A8K1LGP8,UPAR/Ly6 domain-containing protein,Zosterops borbonicus,122,21,92,,InterPro:IPR035076
A0A8K9XG12,UPAR/Ly6 domain-containing protein,Oncorhynchus mykiss (Rainbow trout),228,135,205,,InterPro:IPR035076
A0A8K9XQ78,Snake toxin/toxin-like domain-containing protein,Oncorhynchus mykiss (Rainbow trout),135,29,97,,InterPro:IPR035076
A0A8M1FFB3,UPAR/Ly6 domain-containing protein,Ursus maritimus (Polar bear),124,21,93,,InterPro:IPR035076
A0A8M1FIE6,UPAR/Ly6 domain-containing protein,Ursus maritimus (Polar bear),127,23,100,,InterPro:IPR035076
A0A8M1FIH6,UPAR/Ly6 domain-containing protein,Ursus maritimus (Polar bear),130,21,98,,InterPro:IPR035076
A0A8M1H649,UPAR/Ly6 domain-containing protein,Betta splendens (Siamese fighting fish),123,19,97,,InterPro:IPR035076
A0A8M1HDQ2,UPAR/Ly6 domain-containing protein,Betta splendens (Siamese fighting fish),324,116,195,,InterPro:IPR035076
A0A8M9PCV3,UPAR/Ly6 domain-containing protein,Danio rerio (Zebrafish),199,112,176,,InterPro:IPR035076
A0A8M9PKD7,UPAR/Ly6 domain-containing protein,Danio rerio (Zebrafish),196,109,173,,InterPro:IPR035076
A0A8M9PNE1,Snake toxin/toxin-like domain-containing protein,Danio rerio (Zebrafish),573,20,94,,InterPro:IPR035076
A0A8N5EYH2,Snake toxin/toxin-like domain-containing protein,Geospiza fortis (Medium ground-finch),127,21,95,,InterPro:IPR035076
A0A8P0N4G3,Snake toxin/toxin-like domain-containing protein,Canis lupus familiaris (Dog),68,21,55,,InterPro:IPR035076
A0A8P0S780,UPAR/Ly6 domain-containing protein,Canis lupus familiaris (Dog),130,26,103,,InterPro:IPR035076
A0A8P0TMH3,UPAR/Ly6 domain-containing protein,Canis lupus familiaris (Dog),419,310,387,,InterPro:IPR035076
A0A8P0TP50,UPAR/Ly6 domain-containing protein,Canis lupus familiaris (Dog),139,35,112,,InterPro:IPR035076
A0A8R1U2E4,Snake toxin/toxin-like domain-containing protein,Onchocerca volvulus,111,28,94,,InterPro:IPR035076
A0A8R1Y956,Snake toxin/toxin-like domain-containing protein,Onchocerca volvulus,124,25,85,,InterPro:IPR035076
A0A8S1EKL8,Snake toxin/toxin-like domain-containing protein,Caenorhabditis bovis,142,24,83,,InterPro:IPR035076
A0A8S1F8X6,Snake toxin/toxin-like domain-containing protein,Caenorhabditis bovis,180,88,145,,InterPro:IPR035076
A0A8S2KLQ0,Snake toxin/toxin-like domain-containing protein,Rotaria magnacalcarata,108,6,79,,InterPro:IPR035076
A0A8S2XFQ0,Snake toxin/toxin-like domain-containing protein,Rotaria magnacalcarata,111,10,83,,InterPro:IPR035076
A0A8S3SG34,Snake toxin/toxin-like domain-containing protein,Mytilus edulis (Blue mussel),330,100,183,,InterPro:IPR035076
A0A8S3SM17,C-type lectin domain-containing protein,Mytilus edulis (Blue mussel),1178,59,135,,InterPro:IPR035076
A0A8S3SM17,C-type lectin domain-containing protein,Mytilus edulis (Blue mussel),1178,205,284,,InterPro:IPR035076
A0A8S3SM17,C-type lectin domain-containing protein,Mytilus edulis (Blue mussel),1178,519,595,,InterPro:IPR035076
A0A8S3SNZ3,C-type lectin domain-containing protein,Mytilus edulis (Blue mussel),699,477,552,,InterPro:IPR035076
A0A8S3SPX0,IgGFc-binding protein N-terminal domain-containing protein,Mytilus edulis (Blue mussel),497,320,393,,InterPro:IPR035076
A0A8S3SZ43,ShKT domain-containing protein,Mytilus edulis (Blue mussel),1478,20,96,,InterPro:IPR035076
A0A8S3T0B0,MAM domain-containing protein,Mytilus edulis (Blue mussel),624,177,249,,InterPro:IPR035076
A0A8S3T0E2,Snake toxin/toxin-like domain-containing protein,Mytilus edulis (Blue mussel),186,9,82,,InterPro:IPR035076
A0A8S3T1D0,Fibrinogen C-terminal domain-containing protein,Mytilus edulis (Blue mussel),441,60,133,,InterPro:IPR035076
A0A8S3T8U5,C-type lectin domain-containing protein,Mytilus edulis (Blue mussel),476,78,151,,InterPro:IPR035076
A0A8S3U019,Snake toxin/toxin-like domain-containing protein,Mytilus edulis (Blue mussel),307,195,275,,InterPro:IPR035076
A0A8S3UN51,Uncharacterized protein,Mytilus edulis (Blue mussel),603,491,571,,InterPro:IPR035076
A0A8S3UTI5,C-type lectin domain-containing protein,Mytilus edulis (Blue mussel),742,491,571,,InterPro:IPR035076
A0A8S3V306,Fibrinogen C-terminal domain-containing protein,Mytilus edulis (Blue mussel),471,26,99,,InterPro:IPR035076
A0A8S3V659,C-type lectin domain-containing protein,Mytilus edulis (Blue mussel),413,137,207,,InterPro:IPR035076
A0A8S3V754,Uncharacterized protein,Mytilus edulis (Blue mussel),456,64,139,,InterPro:IPR035076
A0A8S3VF67,C-type lectin domain-containing protein,Mytilus edulis (Blue mussel),387,36,69,,InterPro:IPR035076
A0A8S4B3H4,Snake toxin/toxin-like domain-containing protein,Menidia menidia (Atlantic silverside),126,20,88,,InterPro:IPR035076
A0A8S4BP39,UPAR/Ly6 domain-containing protein,Menidia menidia (Atlantic silverside),123,18,97,,InterPro:IPR035076
A0A8S4BWS2,Snake toxin/toxin-like domain-containing protein,Menidia menidia (Atlantic silverside),78,21,78,,InterPro:IPR035076
A0A8S4C0L4,UPAR/Ly6 domain-containing protein,Menidia menidia (Atlantic silverside),119,24,96,,InterPro:IPR035076
A0A8S9EW71,UPAR/Ly6 domain-containing protein,Eudyptula minor novaehollandiae (Australian little penguin),87,2,79,,InterPro:IPR035076
A0A8S9EWR9,UPAR/Ly6 domain-containing protein,Eudyptula minor novaehollandiae (Australian little penguin),112,7,82,,InterPro:IPR035076
A0A8S9EWS6,UPAR/Ly6 domain-containing protein,Eudyptula minor novaehollandiae (Australian little penguin),101,20,95,,InterPro:IPR035076
A0A8S9EWY1,UPAR/Ly6 domain-containing protein,Eudyptula minor novaehollandiae (Australian little penguin),109,2,79,,InterPro:IPR035076
A0A8S9EWY9,UPAR/Ly6 domain-containing protein,Eudyptula minor novaehollandiae (Australian little penguin),109,4,79,,InterPro:IPR035076
A0A8S9EYD8,Snake toxin/toxin-like domain-containing protein,Eudyptula minor novaehollandiae (Australian little penguin),78,4,78,,InterPro:IPR035076
A0A8S9EYG1,UPAR/Ly6 domain-containing protein,Eudyptula minor novaehollandiae (Australian little penguin),127,22,97,,InterPro:IPR035076
A0A8S9XL99,Snake toxin/toxin-like domain-containing protein,Apolygus lucorum (Small green plant bug),70,8,43,,InterPro:IPR035076
A0A8S9YFX5,Snake toxin/toxin-like domain-containing protein,Paragonimus skrjabini miyazakii,117,21,91,,InterPro:IPR035076
A0A8S9YRF4,Snake toxin/toxin-like domain-containing protein,Paragonimus skrjabini miyazakii,126,28,98,,InterPro:IPR035076
A0A8S9ZPI1,Snake toxin/toxin-like domain-containing protein,Meloidogyne graminicola,166,67,124,,InterPro:IPR035076
A0A8T0AIP9,Snake toxin/toxin-like domain-containing protein,Silurus meridionalis (Southern catfish),89,20,89,,InterPro:IPR035076
A0A8T0AYF3,UPAR/Ly6 domain-containing protein,Silurus meridionalis (Southern catfish),156,63,133,,InterPro:IPR035076
A0A8T0B5S3,Snake toxin/toxin-like domain-containing protein,Silurus meridionalis (Southern catfish),152,97,151,,InterPro:IPR035076
A0A8T0BP29,UPAR/Ly6 domain-containing protein,Silurus meridionalis (Southern catfish),126,20,97,,InterPro:IPR035076
A0A8T0D2R0,Snake toxin/toxin-like domain-containing protein,Paragonimus westermani,132,22,114,,InterPro:IPR035076
A0A8T0DJ93,Snake toxin/toxin-like domain-containing protein,Paragonimus westermani,117,21,91,,InterPro:IPR035076
A0A8T0DU35,Snake toxin/toxin-like domain-containing protein,Paragonimus westermani,126,28,98,,InterPro:IPR035076
A0A8T1MYG7,Snake toxin/toxin-like domain-containing protein,Clonorchis sinensis (Chinese liver fluke),126,29,100,,InterPro:IPR035076
A0A8T1MZ84,Snake toxin/toxin-like domain-containing protein,Clonorchis sinensis (Chinese liver fluke),126,29,100,,InterPro:IPR035076
A0A8T1RWW3,UPAR/Ly6 domain-containing protein,Chelydra serpentina (Snapping turtle),107,1,77,,InterPro:IPR035076
A0A8T1RY23,UPAR/Ly6 domain-containing protein,Chelydra serpentina (Snapping turtle),112,7,82,,InterPro:IPR035076
A0A8T1RYQ4,UPAR/Ly6 domain-containing protein,Chelydra serpentina (Snapping turtle),144,39,114,,InterPro:IPR035076
A0A8T1S061,UPAR/Ly6 domain-containing protein,Chelydra serpentina (Snapping turtle),108,4,79,,InterPro:IPR035076
A0A8T1S329,Snake toxin/toxin-like domain-containing protein,Chelydra serpentina (Snapping turtle),95,6,64,,InterPro:IPR035076
A0A8T1S3H9,Snake toxin/toxin-like domain-containing protein,Chelydra serpentina (Snapping turtle),68,21,67,,InterPro:IPR035076
A0A8T1S3U3,UPAR/Ly6 domain-containing protein,Chelydra serpentina (Snapping turtle),119,31,107,,InterPro:IPR035076
A0A8T1SBX2,Snake toxin/toxin-like domain-containing protein,Chelydra serpentina (Snapping turtle),108,21,96,,InterPro:IPR035076
A0A8T1SS52,Snake toxin/toxin-like domain-containing protein,Chelydra serpentina (Snapping turtle),114,8,85,,InterPro:IPR035076
A0A8T1ST16,UPAR/Ly6 domain-containing protein,Chelydra serpentina (Snapping turtle),123,21,94,,InterPro:IPR035076
A0A8T1ST64,UPAR/Ly6 domain-containing protein,Chelydra serpentina (Snapping turtle),119,21,98,,InterPro:IPR035076
A0A8T2IAB5,Snake toxin/toxin-like domain-containing protein,Hymenochirus boettgeri (Congo dwarf clawed frog),91,2,61,,InterPro:IPR035076
A0A8T2IAU2,UPAR/Ly6 domain-containing protein,Hymenochirus boettgeri (Congo dwarf clawed frog),92,3,65,,InterPro:IPR035076
A0A8T2ICY2,Snake toxin/toxin-like domain-containing protein,Hymenochirus boettgeri (Congo dwarf clawed frog),89,31,88,,InterPro:IPR035076
A0A8T2IKU5,UPAR/Ly6 domain-containing protein,Hymenochirus boettgeri (Congo dwarf clawed frog),100,4,78,,InterPro:IPR035076
A0A8T2IM49,UPAR/Ly6 domain-containing protein,Hymenochirus boettgeri (Congo dwarf clawed frog),123,21,92,,InterPro:IPR035076
A0A8T2JDC0,Snake toxin/toxin-like domain-containing protein,Hymenochirus boettgeri (Congo dwarf clawed frog),130,43,103,,InterPro:IPR035076
A0A8T2JDG7,UPAR/Ly6 domain-containing protein,Hymenochirus boettgeri (Congo dwarf clawed frog),110,8,83,,InterPro:IPR035076
A0A8T2JGH5,Snake toxin/toxin-like domain-containing protein,Hymenochirus boettgeri (Congo dwarf clawed frog),105,3,65,,InterPro:IPR035076
A0A8T2KZI0,Snake toxin/toxin-like domain-containing protein,Astyanax mexicanus (Blind cave fish),76,21,75,,InterPro:IPR035076
A0A8T2LE65,UPAR/Ly6 domain-containing protein,Astyanax mexicanus (Blind cave fish),214,112,182,,InterPro:IPR035076
A0A8T2LED7,UPAR/Ly6 domain-containing protein,Astyanax mexicanus (Blind cave fish),214,112,182,,InterPro:IPR035076
A0A8T2LGY4,UPAR/Ly6 domain-containing protein,Astyanax mexicanus (Blind cave fish),211,110,179,,InterPro:IPR035076
A0A8T2LIM1,UPAR/Ly6 domain-containing protein,Astyanax mexicanus (Blind cave fish),213,112,181,,InterPro:IPR035076
A0A8T2LIT3,Snake toxin/toxin-like domain-containing protein,Astyanax mexicanus (Blind cave fish),107,24,84,,InterPro:IPR035076
A0A8T2LYP8,UPAR/Ly6 domain-containing protein,Astyanax mexicanus (Blind cave fish),127,20,98,,InterPro:IPR035076
A0A8T2MVE3,UPAR/Ly6 domain-containing protein,Albula glossodonta (roundjaw bonefish),120,27,96,,InterPro:IPR035076
A0A8T2NA12,Snake toxin/toxin-like domain-containing protein,Albula glossodonta (roundjaw bonefish),78,21,77,,InterPro:IPR035076
A0A8T2NY30,Snake toxin/toxin-like domain-containing protein,Albula glossodonta (roundjaw bonefish),120,21,91,,InterPro:IPR035076
A0A8T2PVU4,UPAR/Ly6 domain-containing protein,Albula glossodonta (roundjaw bonefish),125,19,97,,InterPro:IPR035076
A0A8T3CQ92,UPAR/Ly6 domain-containing protein,Albula goreensis,128,21,99,,InterPro:IPR035076
A0A8T3CUP2,UPAR/Ly6 domain-containing protein,Albula goreensis,210,117,186,,InterPro:IPR035076
A0A8T3CV20,UPAR/Ly6 domain-containing protein,Albula goreensis,218,112,186,,InterPro:IPR035076
A0A8T3DAX1,Snake toxin/toxin-like domain-containing protein,Albula goreensis,78,21,77,,InterPro:IPR035076
A0A8T3DL47,Snake toxin/toxin-like domain-containing protein,Albula goreensis,91,21,91,,InterPro:IPR035076
A0A8T3DX98,UPAR/Ly6 domain-containing protein,Albula goreensis,125,19,97,,InterPro:IPR035076
A0A8U0NGB0,Snake toxin/toxin-like domain-containing protein,Mustela putorius furo (European domestic ferret),160,59,121,,InterPro:IPR035076
A0A8U0NNG3,Ly-6/neurotoxin-like protein 1,Mustela putorius furo (European domestic ferret),116,21,92,,InterPro:IPR035076
A0A8U0PR70,Snake toxin/toxin-like domain-containing protein,Salvelinus namaycush (Lake trout),80,22,78,,InterPro:IPR035076
A0A8U0PVC4,UPAR/Ly6 domain-containing protein,Salvelinus namaycush (Lake trout),207,113,185,,InterPro:IPR035076
A0A8U0QWM2,UPAR/Ly6 domain-containing protein,Salvelinus namaycush (Lake trout),205,112,182,,InterPro:IPR035076
A0A8U0RS67,UPAR/Ly6 domain-containing protein,Mustela putorius furo (European domestic ferret),130,21,98,,InterPro:IPR035076
A0A8U0RVF9,Snake toxin/toxin-like domain-containing protein,Mustela putorius furo (European domestic ferret),135,18,106,,InterPro:IPR035076
A0A8U0S088,UPAR/Ly6 domain-containing protein,Mustela putorius furo (European domestic ferret),173,70,142,,InterPro:IPR035076
A0A8U0S0I6,Snake toxin/toxin-like domain-containing protein,Mustela putorius furo (European domestic ferret),180,60,136,,InterPro:IPR035076
A0A8U0S0K6,Secreted Ly-6/uPAR domain-containing protein 2,Mustela putorius furo (European domestic ferret),95,21,93,,InterPro:IPR035076
A0A8U0S176,UPAR/Ly6 domain-containing protein,Mustela putorius furo (European domestic ferret),226,123,195,,InterPro:IPR035076
A0A8U0SRK5,UPAR/Ly6 domain-containing protein,Mustela putorius furo (European domestic ferret),128,21,93,,InterPro:IPR035076
A0A8U0TSP6,UPAR/Ly6 domain-containing protein,Salvelinus namaycush (Lake trout),128,20,98,,InterPro:IPR035076
A0A8U0TX07,UPAR/Ly6 domain-containing protein,Salvelinus namaycush (Lake trout),208,114,186,,InterPro:IPR035076
A0A8U0TYS2,UPAR/Ly6 domain-containing protein,Salvelinus namaycush (Lake trout),207,114,184,,InterPro:IPR035076
A0A8U0UZ77,UPAR/Ly6 domain-containing protein,Mustela putorius furo (European domestic ferret),210,107,179,,InterPro:IPR035076
A0A8U0V128,UPAR/Ly6 domain-containing protein,Mustela putorius furo (European domestic ferret),128,24,101,,InterPro:IPR035076
A0A8V0XRA0,UPAR/Ly6 domain-containing protein,Gallus gallus (Chicken),146,41,116,,InterPro:IPR035076
A0A8V0XVM4,UPAR/Ly6 domain-containing protein,Gallus gallus (Chicken),155,50,125,,InterPro:IPR035076
A0A8V0XWY0,UPAR/Ly6 domain-containing protein,Gallus gallus (Chicken),158,57,128,,InterPro:IPR035076
A0A8V0XZJ9,UPAR/Ly6 domain-containing protein,Gallus gallus (Chicken),167,61,138,,InterPro:IPR035076
A0A8V0Y033,UPAR/Ly6 domain-containing protein,Gallus gallus (Chicken),248,143,218,,InterPro:IPR035076
A0A8V0Y052,UPAR/Ly6 domain-containing protein,Gallus gallus (Chicken),167,62,137,,InterPro:IPR035076
A0A8V0Y052,UPAR/Ly6 domain-containing protein,Gallus gallus (Chicken),167,21,55,,InterPro:IPR035076
A0A8V0Y087,UPAR/Ly6 domain-containing protein,Gallus gallus (Chicken),109,21,97,,InterPro:IPR035076
A0A8V0Y2Z3,UPAR/Ly6 domain-containing protein,Gallus gallus (Chicken),127,21,98,,InterPro:IPR035076
A0A8V0Y3K6,Snake toxin/toxin-like domain-containing protein,Gallus gallus (Chicken),134,21,55,,InterPro:IPR035076
A0A8V0Z223,Snake toxin/toxin-like domain-containing protein,Gallus gallus (Chicken),133,32,100,,InterPro:IPR035076
A0A8V5H3L4,Uncharacterized protein,Melopsittacus undulatus (Budgerigar),124,21,92,,InterPro:IPR035076
A0A8V5H6C2,Snake toxin/toxin-like domain-containing protein,Melopsittacus undulatus (Budgerigar),56,17,46,,InterPro:IPR035076
A0A8V5H6D6,Uncharacterized protein,Melopsittacus undulatus (Budgerigar),127,22,97,,InterPro:IPR035076
A0A8W8I138,Snake toxin/toxin-like domain-containing protein,Magallana gigas (Pacific oyster),131,28,109,,InterPro:IPR035076
A0A8W8I2F6,Snake toxin/toxin-like domain-containing protein,Magallana gigas (Pacific oyster),141,28,109,,InterPro:IPR035076
A0A8W8ITE4,UPAR/Ly6 domain-containing protein,Magallana gigas (Pacific oyster),4825,4128,4196,,InterPro:IPR035076
A0A8W8J3B4,C-type lectin domain-containing protein,Magallana gigas (Pacific oyster),300,25,98,,InterPro:IPR035076
A0A8W8JFY3,Snake toxin/toxin-like domain-containing protein,Magallana gigas (Pacific oyster),450,58,125,,InterPro:IPR035076
A0A8W8JG30,C-type lectin domain-containing protein,Magallana gigas (Pacific oyster),454,58,132,,InterPro:IPR035076
A0A8W8JHE5,C-type lectin domain-containing protein,Magallana gigas (Pacific oyster),472,63,130,,InterPro:IPR035076
A0A8X8BYS0,UPAR/Ly6 domain-containing protein,Polypterus senegalus (Senegal bichir),252,167,229,,InterPro:IPR035076
A0A913XAX9,Snake toxin/toxin-like domain-containing protein,Exaiptasia diaphana (Tropical sea anemone),125,29,100,,InterPro:IPR035076
A0A913Y1R8,Snake toxin/toxin-like domain-containing protein,Exaiptasia diaphana (Tropical sea anemone),119,24,95,,InterPro:IPR035076
A0A913YL48,Snake toxin/toxin-like domain-containing protein,Exaiptasia diaphana (Tropical sea anemone),121,24,95,,InterPro:IPR035076
A0A913ZQ20,Snake toxin/toxin-like domain-containing protein,Patiria miniata (Bat star),147,46,123,,InterPro:IPR035076
A0A914CFZ1,Snake toxin/toxin-like domain-containing protein,Acrobeloides nanus,88,16,81,,InterPro:IPR035076
A0A914DLS4,Snake toxin/toxin-like domain-containing protein,Acrobeloides nanus,111,15,72,,InterPro:IPR035076
A0A914DX43,Snake toxin/toxin-like domain-containing protein,Acrobeloides nanus,87,15,82,,InterPro:IPR035076
A0A914I0N0,Snake toxin/toxin-like domain-containing protein,Globodera rostochiensis (Golden nematode worm),220,86,145,,InterPro:IPR035076
A0A914SCK2,Snake toxin/toxin-like domain-containing protein,Panagrolaimus sp. PS1159,151,22,107,,InterPro:IPR035076
A0A915EI99,Snake toxin/toxin-like domain-containing protein,Ditylenchus dipsaci,159,63,120,,InterPro:IPR035076
A0A922LZL4,Snake toxin/toxin-like domain-containing protein,Schistosoma haematobium (Blood fluke),124,24,98,,InterPro:IPR035076
A0A973Y534,UPAR/Ly6 domain-containing protein,Rhegmatorhina hoffmannsi (white-breasted antbird),109,4,79,,InterPro:IPR035076
A0A973Y5Q0,UPAR/Ly6 domain-containing protein,Rhegmatorhina hoffmannsi (white-breasted antbird),112,7,82,,InterPro:IPR035076
A0A973Y5T8,Snake toxin/toxin-like domain-containing protein,Rhegmatorhina hoffmannsi (white-breasted antbird),78,4,78,,InterPro:IPR035076
A0A973Y605,UPAR/Ly6 domain-containing protein,Rhegmatorhina hoffmannsi (white-breasted antbird),119,14,89,,InterPro:IPR035076
A0A974B4U5,UPAR/Ly6 domain-containing protein,Rhegmatorhina hoffmannsi (white-breasted antbird),109,2,79,,InterPro:IPR035076
A0A974B559,UPAR/Ly6 domain-containing protein,Rhegmatorhina hoffmannsi (white-breasted antbird),87,2,79,,InterPro:IPR035076
A0A974BD24,UPAR/Ly6 domain-containing protein,Rhegmatorhina hoffmannsi (white-breasted antbird),94,4,88,,InterPro:IPR035076
A0A974BSF4,Snake toxin/toxin-like domain-containing protein,Xenopus laevis (African clawed frog),108,21,102,,InterPro:IPR035076
A0A974C165,Snake toxin/toxin-like domain-containing protein,Xenopus laevis (African clawed frog),107,25,106,,InterPro:IPR035076
A0A974CFN9,Snake toxin/toxin-like domain-containing protein,Xenopus laevis (African clawed frog),151,27,108,,InterPro:IPR035076
A0A974CIG9,UPAR/Ly6 domain-containing protein,Xenopus laevis (African clawed frog),195,32,107,,InterPro:IPR035076
A0A974CL47,Snake toxin/toxin-like domain-containing protein,Xenopus laevis (African clawed frog),131,23,92,,InterPro:IPR035076
A0A974CLJ7,Snake toxin/toxin-like domain-containing protein,Xenopus laevis (African clawed frog),100,2,70,,InterPro:IPR035076
A0A974CPE8,UPAR/Ly6 domain-containing protein,Xenopus laevis (African clawed frog),125,24,95,,InterPro:IPR035076
A0A974CPG1,UPAR/Ly6 domain-containing protein,Xenopus laevis (African clawed frog),116,21,88,,InterPro:IPR035076
A0A974CQA0,UPAR/Ly6 domain-containing protein,Xenopus laevis (African clawed frog),122,21,92,,InterPro:IPR035076
A0A974CQT3,Snake toxin/toxin-like domain-containing protein,Xenopus laevis (African clawed frog),82,20,54,,InterPro:IPR035076
A0A974CRG2,UPAR/Ly6 domain-containing protein,Xenopus laevis (African clawed frog),130,21,98,,InterPro:IPR035076
A0A974CRW6,Snake toxin/toxin-like domain-containing protein,Xenopus laevis (African clawed frog),85,19,55,,InterPro:IPR035076
A0A974HGL0,UPAR/Ly6 domain-containing protein,Xenopus laevis (African clawed frog),124,21,94,,InterPro:IPR035076
A0A974HGM1,Snake toxin/toxin-like domain-containing protein,Xenopus laevis (African clawed frog),132,22,92,,InterPro:IPR035076
A0A974HGQ5,UPAR/Ly6 domain-containing protein,Xenopus laevis (African clawed frog),108,3,78,,InterPro:IPR035076
A0A974HGR1,UPAR/Ly6 domain-containing protein,Xenopus laevis (African clawed frog),123,21,96,,InterPro:IPR035076
A0A974HH25,UPAR/Ly6 domain-containing protein,Xenopus laevis (African clawed frog),120,21,92,,InterPro:IPR035076
A0A974HH29,Snake toxin/toxin-like domain-containing protein,Xenopus laevis (African clawed frog),137,30,105,,InterPro:IPR035076
A0A9B0GKX3,Snake toxin/toxin-like domain-containing protein,Odobenus rosmarus divergens (Pacific walrus),168,54,129,,InterPro:IPR035076
A0A9B0GTX7,UPAR/Ly6 domain-containing protein,Odobenus rosmarus divergens (Pacific walrus),165,23,100,,InterPro:IPR035076
A0A9B0LTG3,Snake toxin/toxin-like domain-containing protein,Odobenus rosmarus divergens (Pacific walrus),103,25,101,,InterPro:IPR035076
A0A9B0SSX9,Ly-6/neurotoxin-like protein 1,Chrysochloris asiatica (Cape golden mole),114,21,92,,InterPro:IPR035076
A0A9B0ST93,UPAR/Ly6 domain-containing protein,Chrysochloris asiatica (Cape golden mole),124,21,93,,InterPro:IPR035076
A0A9B0SVP5,UPAR/Ly6 domain-containing protein,Chrysochloris asiatica (Cape golden mole),225,74,149,,InterPro:IPR035076
A0A9B0SX93,UPAR/Ly6 domain-containing protein,Chrysochloris asiatica (Cape golden mole),262,137,218,,InterPro:IPR035076
A0A9B0SXN5,UPAR/Ly6 domain-containing protein,Chrysochloris asiatica (Cape golden mole),273,21,98,,InterPro:IPR035076
A0A9B0T234,UPAR/Ly6 domain-containing protein,Chrysochloris asiatica (Cape golden mole),127,23,100,,InterPro:IPR035076
A0A9B0T3R8,Snake toxin/toxin-like domain-containing protein,Chrysochloris asiatica (Cape golden mole),123,22,101,,InterPro:IPR035076
A0A9B0T481,Snake toxin/toxin-like domain-containing protein,Chrysochloris asiatica (Cape golden mole),274,26,102,,InterPro:IPR035076
A0A9D2XBS6,UPAR/Ly6 domain-containing protein,Nothobranchius furzeri (Turquoise killifish),205,113,182,,InterPro:IPR035076
A0A9D3B9Q7,UPAR/Ly6 domain-containing protein,Nothobranchius furzeri (Turquoise killifish),206,115,185,,InterPro:IPR035076
A0A9D3MVQ9,Snake toxin/toxin-like domain-containing protein,Anguilla anguilla (European freshwater eel),92,1,68,,InterPro:IPR035076
A0A9D3MXT3,Snake toxin/toxin-like domain-containing protein,Anguilla anguilla (European freshwater eel),124,29,100,,InterPro:IPR035076
A0A9D3NHX5,Snake toxin/toxin-like domain-containing protein,Hemibagrus wyckioides,76,21,75,,InterPro:IPR035076
A0A9D3NM10,UPAR/Ly6 domain-containing protein,Hemibagrus wyckioides,284,191,261,,InterPro:IPR035076
A0A9D3PH18,UPAR/Ly6 domain-containing protein,Megalops atlanticus (Tarpon),126,21,98,,InterPro:IPR035076
A0A9D3PI42,UPAR/Ly6 domain-containing protein,Megalops atlanticus (Tarpon),125,19,97,,InterPro:IPR035076
A0A9D3PQ12,UPAR/Ly6 domain-containing protein,Megalops atlanticus (Tarpon),209,116,186,,InterPro:IPR035076
A0A9D3PVJ9,UPAR/Ly6 domain-containing protein,Megalops atlanticus (Tarpon),208,116,185,,InterPro:IPR035076
A0A9D3PVK6,UPAR/Ly6 domain-containing protein,Megalops atlanticus (Tarpon),212,112,187,,InterPro:IPR035076
A0A9D3PVS8,UPAR/Ly6 domain-containing protein,Megalops atlanticus (Tarpon),127,20,98,,InterPro:IPR035076
A0A9D3Q6M0,Snake toxin/toxin-like domain-containing protein,Megalops atlanticus (Tarpon),137,31,99,,InterPro:IPR035076
A0A9D3RRV4,Snake toxin/toxin-like domain-containing protein,Anguilla anguilla (European freshwater eel),124,20,88,,InterPro:IPR035076
A0A9D3S4Y4,Snake toxin/toxin-like domain-containing protein,Anguilla anguilla (European freshwater eel),86,21,86,,InterPro:IPR035076
A0A9D3S527,Snake toxin/toxin-like domain-containing protein,Anguilla anguilla (European freshwater eel),116,25,92,,InterPro:IPR035076
A0A9D3S5X7,UPAR/Ly6 domain-containing protein,Anguilla anguilla (European freshwater eel),208,115,184,,InterPro:IPR035076
A0A9D3SGE3,Snake toxin/toxin-like domain-containing protein,Hemibagrus wyckioides,135,29,97,,InterPro:IPR035076
A0A9D3SYY0,UPAR/Ly6 domain-containing protein,Hemibagrus wyckioides,127,20,98,,InterPro:IPR035076
A0A9D3TB13,Snake toxin/toxin-like domain-containing protein,Megalops atlanticus (Tarpon),78,21,76,,InterPro:IPR035076
A0A9D3X4T7,Snake toxin/toxin-like domain-containing protein,Mauremys mutica (yellowpond turtle),108,21,96,,InterPro:IPR035076
A0A9D3XD86,UPAR/Ly6 domain-containing protein,Mauremys mutica (yellowpond turtle),124,21,93,,InterPro:IPR035076
A0A9D3XDC9,Snake toxin/toxin-like domain-containing protein,Mauremys mutica (yellowpond turtle),72,6,67,,InterPro:IPR035076
A0A9D3XE53,UPAR/Ly6 domain-containing protein,Mauremys mutica (yellowpond turtle),124,21,93,,InterPro:IPR035076
A0A9D3Y578,VWFA domain-containing protein,Dreissena polymorpha (Zebra mussel),343,60,137,,InterPro:IPR035076
A0A9D3Y581,VWFA domain-containing protein,Dreissena polymorpha (Zebra mussel),346,43,125,,InterPro:IPR035076
A0A9D4B290,UPAR/Ly6 domain-containing protein,Mauremys mutica (yellowpond turtle),125,21,98,,InterPro:IPR035076
A0A9D4BP41,SRCR domain-containing protein,Dreissena polymorpha (Zebra mussel),471,23,101,,InterPro:IPR035076
A0A9D4BTS2,Snake toxin/toxin-like domain-containing protein,Dreissena polymorpha (Zebra mussel),451,107,188,,InterPro:IPR035076
A0A9D4DDZ3,Uncharacterized protein,Dreissena polymorpha (Zebra mussel),508,56,129,,InterPro:IPR035076
A0A9D4EGQ9,MAM domain-containing protein,Dreissena polymorpha (Zebra mussel),559,125,205,,InterPro:IPR035076
A0A9D4ILY2,MAM domain-containing protein,Dreissena polymorpha (Zebra mussel),422,124,201,,InterPro:IPR035076
A0A9D4LLP2,ShKT domain-containing protein,Dreissena polymorpha (Zebra mussel),270,21,96,,InterPro:IPR035076
A0A9D4M0Z1,Snake toxin/toxin-like domain-containing protein,Dreissena polymorpha (Zebra mussel),126,41,119,,InterPro:IPR035076
A0A9D4MDK6,Snake toxin/toxin-like domain-containing protein,Dreissena polymorpha (Zebra mussel),115,36,111,,InterPro:IPR035076
A0A9D4RN29,Snake toxin/toxin-like domain-containing protein,Dreissena polymorpha (Zebra mussel),103,24,99,,InterPro:IPR035076
A0A9F5IM03,UPAR/Ly6 domain-containing protein,Python bivittatus (Burmese python),310,205,286,,InterPro:IPR035076
A0A9F5IQ72,UPAR/Ly6 domain-containing protein,Python bivittatus (Burmese python),124,21,93,,InterPro:IPR035076
A0A9F5ISH4,UPAR/Ly6 domain-containing protein,Python bivittatus (Burmese python),139,34,109,,InterPro:IPR035076
A0A9F5IYR9,Snake toxin/toxin-like domain-containing protein,Python bivittatus (Burmese python),104,35,99,,InterPro:IPR035076
A0A9F5IZH9,UPAR/Ly6 domain-containing protein,Python bivittatus (Burmese python),278,161,240,,InterPro:IPR035076
A0A9F5J6T3,Ly6/PLAUR domain-containing protein 2-like,Python bivittatus (Burmese python),166,63,140,,InterPro:IPR035076
A0A9F5JD50,Snake toxin/toxin-like domain-containing protein,Python bivittatus (Burmese python),109,7,79,,InterPro:IPR035076
A0A9J6EIT0,Snake toxin/toxin-like domain-containing protein,Rhipicephalus microplus (Cattle tick),163,39,128,,InterPro:IPR035076
A0A9J6FFX6,Snake toxin/toxin-like domain-containing protein,Haemaphysalis longicornis (Bush tick),227,106,195,,InterPro:IPR035076
A0A9J7GQ31,UPAR/Ly6 domain-containing protein,Cricetulus griseus (Chinese hamster),120,21,89,,InterPro:IPR035076
A0A9J7JH76,UPAR/Ly6 domain-containing protein,Cricetulus griseus (Chinese hamster),127,21,93,,InterPro:IPR035076
A0A9J7JU61,Snake toxin/toxin-like domain-containing protein,Cricetulus griseus (Chinese hamster),229,62,137,,InterPro:IPR035076
A0A9J7K417,Snake toxin/toxin-like domain-containing protein,Cricetulus griseus (Chinese hamster),106,62,96,,InterPro:IPR035076
A0A9J7M192,Snake toxin/toxin-like domain-containing protein,Branchiostoma floridae (Florida lancelet),143,27,108,,InterPro:IPR035076
A0A9J7X9H6,UPAR/Ly6 domain-containing protein,Cyprinus carpio carpio,199,110,176,,InterPro:IPR035076
A0A9J7XIX8,UPAR/Ly6 domain-containing protein,Cyprinus carpio carpio,199,110,176,,InterPro:IPR035076
A0A9J7Y2Z4,UPAR/Ly6 domain-containing protein,Cyprinus carpio carpio,192,102,169,,InterPro:IPR035076
A0A9J7Y2Z4,UPAR/Ly6 domain-containing protein,Cyprinus carpio carpio,192,20,88,,InterPro:IPR035076
A0A9J7Y9D4,UPAR/Ly6 domain-containing protein,Cyprinus carpio carpio,200,113,177,,InterPro:IPR035076
A0A9J7YT80,MAC-inhibitory protein,Cyprinus carpio carpio,199,110,176,,InterPro:IPR035076
A0A9J7Z0V4,MAC-inhibitory protein,Cyprinus carpio carpio,267,106,172,,InterPro:IPR035076
A0A9J7ZBC7,Snake toxin/toxin-like domain-containing protein,Cyprinus carpio carpio,87,32,87,,InterPro:IPR035076
A0A9J7ZI87,MAC-inhibitory protein,Cyprinus carpio carpio,194,105,171,,InterPro:IPR035076
A0A9J8A2N5,UPAR/Ly6 domain-containing protein,Cyprinus carpio carpio,212,115,189,,InterPro:IPR035076
A0A9J8A2N5,UPAR/Ly6 domain-containing protein,Cyprinus carpio carpio,212,20,99,,InterPro:IPR035076
A0A9J8A3V0,UPAR/Ly6 domain-containing protein,Cyprinus carpio carpio,193,20,88,,InterPro:IPR035076
A0A9J8A3V0,UPAR/Ly6 domain-containing protein,Cyprinus carpio carpio,193,104,170,,InterPro:IPR035076
A0A9J8AHW9,UPAR/Ly6 domain-containing protein,Cyprinus carpio carpio,159,66,132,,InterPro:IPR035076
A0A9J8AIT5,UPAR/Ly6 domain-containing protein,Cyprinus carpio carpio,286,20,93,,InterPro:IPR035076
A0A9J8AIT5,UPAR/Ly6 domain-containing protein,Cyprinus carpio carpio,286,109,175,,InterPro:IPR035076
A0A9J8ARB9,UPAR/Ly6 domain-containing protein,Cyprinus carpio carpio,199,110,176,,InterPro:IPR035076
A0A9J8AYR3,UPAR/Ly6 domain-containing protein,Cyprinus carpio carpio,127,20,98,,InterPro:IPR035076
A0A9J8BNR5,UPAR/Ly6 domain-containing protein,Cyprinus carpio carpio,199,110,176,,InterPro:IPR035076
A0A9J8C0E7,Snake toxin/toxin-like domain-containing protein,Cyprinus carpio carpio,145,39,105,,InterPro:IPR035076
A0A9L0ICZ0,Ly-6/neurotoxin-like protein 1,Equus asinus (Donkey),116,21,92,,InterPro:IPR035076
A0A9L0IQX5,UPAR/Ly6 domain-containing protein,Equus asinus (Donkey),124,21,93,,InterPro:IPR035076
A0A9L0IZ79,UPAR/Ly6 domain-containing protein,Equus asinus (Donkey),192,29,62,,InterPro:IPR035076
A0A9L0J0W8,UPAR/Ly6 domain-containing protein,Equus asinus (Donkey),183,29,62,,InterPro:IPR035076
A0A9L0J9D1,UPAR/Ly6 domain-containing protein,Equus asinus (Donkey),131,21,99,,InterPro:IPR035076
A0A9L0JE85,Snake toxin/toxin-like domain-containing protein,Equus asinus (Donkey),176,62,137,,InterPro:IPR035076
A0A9L0JZ64,UPAR/Ly6 domain-containing protein,Equus asinus (Donkey),246,139,211,,InterPro:IPR035076
A0A9L0K7R8,UPAR/Ly6 domain-containing protein,Equus asinus (Donkey),154,29,108,,InterPro:IPR035076
A0A9L0SQQ3,UPAR/Ly6 domain-containing protein,Equus caballus (Horse),394,269,348,,InterPro:IPR035076
A0A9L0T710,UPAR/Ly6 domain-containing protein,Equus caballus (Horse),250,140,218,,InterPro:IPR035076
A0A9N7UD50,UPAR/Ly6 domain-containing protein,Pleuronectes platessa (European plaice),106,20,83,,InterPro:IPR035076
A0A9N7VWP8,UPAR/Ly6 domain-containing protein,Pleuronectes platessa (European plaice),125,20,99,,InterPro:IPR035076
A0A9N7ZEL1,Snake toxin/toxin-like domain-containing protein,Pleuronectes platessa (European plaice),176,71,139,,InterPro:IPR035076
A0A9P1AC63,Snake toxin/toxin-like domain-containing protein,Caenorhabditis sp. 36 PRJEB53466,154,66,123,,InterPro:IPR035076
A0A9P1EWN0,Snake toxin/toxin-like domain-containing protein,Caenorhabditis sp. 36 PRJEB53466,150,24,83,,InterPro:IPR035076
A0A9P1I7J2,Snake toxin/toxin-like domain-containing protein,Caenorhabditis angaria,157,67,124,,InterPro:IPR035076
A0A9P1IJC6,Snake toxin/toxin-like domain-containing protein,Caenorhabditis angaria,142,24,83,,InterPro:IPR035076
A0A9P1MHM6,Snake toxin/toxin-like domain-containing protein,Auanema sp. JU1783,177,17,75,,InterPro:IPR035076
A0A9P1MLS2,Snake toxin/toxin-like domain-containing protein,Auanema sp. JU1783,142,44,103,,InterPro:IPR035076
A0A9Q0EFP4,Snake toxin/toxin-like domain-containing protein,Muraenolepis orangiensis (Patagonian moray cod),88,20,88,,InterPro:IPR035076
A0A9Q0EJ15,Snake toxin/toxin-like domain-containing protein,Muraenolepis orangiensis (Patagonian moray cod),125,57,125,,InterPro:IPR035076
A0A9Q0X782,Snake toxin/toxin-like domain-containing protein,Phrynocephalus forsythii,109,26,98,,InterPro:IPR035076
A0A9Q0X7A5,Snake toxin/toxin-like domain-containing protein,Phrynocephalus forsythii,149,68,141,,InterPro:IPR035076
A0A9Q0X962,Snake toxin/toxin-like domain-containing protein,Phrynocephalus forsythii,284,63,137,,InterPro:IPR035076
A0A9Q0X962,Snake toxin/toxin-like domain-containing protein,Phrynocephalus forsythii,284,199,274,,InterPro:IPR035076
A0A9Q0Y0G3,Snake toxin/toxin-like domain-containing protein,Phrynocephalus forsythii,94,20,64,,InterPro:IPR035076
A0A9Q0Y0H8,UPAR/Ly6 domain-containing protein,Phrynocephalus forsythii,127,21,96,,InterPro:IPR035076
A0A9Q0Y175,UPAR/Ly6 domain-containing protein,Phrynocephalus forsythii,123,21,93,,InterPro:IPR035076
A0A9Q0Y350,UPAR/Ly6 domain-containing protein,Phrynocephalus forsythii,126,21,96,,InterPro:IPR035076
A0A9Q1AQ89,UPAR/Ly6 domain-containing protein,Phrynocephalus forsythii,316,206,286,,InterPro:IPR035076
A0A9Q1B4N3,Snake toxin/toxin-like domain-containing protein,Phrynocephalus forsythii,92,2,63,,InterPro:IPR035076
A0A9Q1B4Z3,Snake toxin/toxin-like domain-containing protein,Phrynocephalus forsythii,125,21,96,,InterPro:IPR035076
A0A9Q1B5F0,UPAR/Ly6 domain-containing protein,Phrynocephalus forsythii,124,21,93,,InterPro:IPR035076
A0A9Q1DW78,UPAR/Ly6 domain-containing protein,Conger conger (Conger eel),205,115,181,,InterPro:IPR035076
A0A9Q1E5U4,UPAR/Ly6 domain-containing protein,Synaphobranchus kaupii (Kaup's arrowtooth eel),208,115,184,,InterPro:IPR035076
A0A9Q1E5X7,Uncharacterized protein,Synaphobranchus kaupii (Kaup's arrowtooth eel),213,115,188,,InterPro:IPR035076
A0A9Q1E7G0,UPAR/Ly6 domain-containing protein,Synaphobranchus kaupii (Kaup's arrowtooth eel),126,21,98,,InterPro:IPR035076
A0A9Q1I6I6,Gypsy retrotransposon integrase-like protein 1,Conger conger (Conger eel),536,433,508,,InterPro:IPR035076
A0A9Q1I8B4,UPAR/Ly6 domain-containing protein,Conger conger (Conger eel),214,124,190,,InterPro:IPR035076
A0A9Q9V3A1,UPAR/Ly6 domain-containing protein,Cyprinus carpio (Common carp),123,34,100,,InterPro:IPR035076
A0A9Q9VAG7,MAC-inhibitory protein,Cyprinus carpio (Common carp),194,105,171,,InterPro:IPR035076
A0A9Q9VB39,UPAR/Ly6 domain-containing protein,Cyprinus carpio (Common carp),196,106,173,,InterPro:IPR035076
A0A9Q9VE66,UPAR/Ly6 domain-containing protein,Cyprinus carpio (Common carp),191,21,88,,InterPro:IPR035076
A0A9Q9VLQ7,Urokinase plasminogen activator surface receptor-like,Cyprinus carpio (Common carp),156,9,42,,InterPro:IPR035076
A0A9Q9W1W1,UPAR/Ly6 domain-containing protein,Cyprinus carpio (Common carp),159,66,132,,InterPro:IPR035076
A0A9Q9W1X0,Urokinase plasminogen activator surface receptor-like,Cyprinus carpio (Common carp),175,82,148,,InterPro:IPR035076
A0A9Q9W1X1,Snake toxin/toxin-like domain-containing protein,Cyprinus carpio (Common carp),202,109,175,,InterPro:IPR035076
A0A9Q9W1X1,Snake toxin/toxin-like domain-containing protein,Cyprinus carpio (Common carp),202,20,96,,InterPro:IPR035076
A0A9Q9XKJ9,UPAR/Ly6 domain-containing protein,Cyprinus carpio (Common carp),199,110,176,,InterPro:IPR035076
A0A9Q9XKY1,UPAR/Ly6 domain-containing protein,Cyprinus carpio (Common carp),216,109,175,,InterPro:IPR035076
A0A9Q9XYL9,Snake toxin/toxin-like domain-containing protein,Cyprinus carpio (Common carp),128,39,105,,InterPro:IPR035076
A0A9Q9XYQ7,UPAR/Ly6 domain-containing protein,Cyprinus carpio (Common carp),200,111,177,,InterPro:IPR035076
A0A9Q9YCC8,Snake toxin/toxin-like domain-containing protein,Cyprinus carpio (Common carp),75,3,75,,InterPro:IPR035076
A0A9Q9YX26,UPAR/Ly6 domain-containing protein,Cyprinus carpio (Common carp),127,20,98,,InterPro:IPR035076
A0A9Q9Z9K3,Snake toxin/toxin-like domain-containing protein,Cyprinus carpio (Common carp),128,39,105,,InterPro:IPR035076
A0A9Q9ZAN1,Urokinase plasminogen activator surface receptor-like,Cyprinus carpio (Common carp),322,20,90,,InterPro:IPR035076
A0A9Q9ZCP0,UPAR/Ly6 domain-containing protein,Cyprinus carpio (Common carp),236,64,129,,InterPro:IPR035076
A0A9Q9ZCP0,UPAR/Ly6 domain-containing protein,Cyprinus carpio (Common carp),236,12,48,,InterPro:IPR035076
A0A9R0AEE1,Snake toxin/toxin-like domain-containing protein,Cyprinus carpio (Common carp),87,32,87,,InterPro:IPR035076
A0A9R0AGU8,UPAR/Ly6 domain-containing protein,Cyprinus carpio (Common carp),172,76,151,,InterPro:IPR035076
A0A9R0AMI5,MAC-inhibitory protein,Cyprinus carpio (Common carp),334,109,175,,InterPro:IPR035076
A0A9R0ANB7,MAC-inhibitory protein,Cyprinus carpio (Common carp),318,109,175,,InterPro:IPR035076
A0A9R0BA77,Snake toxin/toxin-like domain-containing protein,Cyprinus carpio (Common carp),83,28,83,,InterPro:IPR035076
A0A9R0BAF8,Urokinase plasminogen activator surface receptor,Cyprinus carpio (Common carp),163,67,142,,InterPro:IPR035076
A0A9R0BGB5,MAC-inhibitory protein,Cyprinus carpio (Common carp),194,105,171,,InterPro:IPR035076
A0A9R0BGN9,UPAR/Ly6 domain-containing protein,Cyprinus carpio (Common carp),199,110,176,,InterPro:IPR035076
A0A9R0BGZ6,MAC-inhibitory protein,Cyprinus carpio (Common carp),279,106,172,,InterPro:IPR035076
A0A9V1G501,Ly-6/neurotoxin-like protein 1,Panthera pardus (Leopard),116,21,92,,InterPro:IPR035076
A0A9V1G533,UPAR/Ly6 domain-containing protein,Panthera pardus (Leopard),124,21,93,,InterPro:IPR035076
A0A9V1G5A7,UPAR/Ly6 domain-containing protein,Panthera pardus (Leopard),130,21,93,,InterPro:IPR035076
A0A9V1G5A9,UPAR/Ly6 domain-containing protein,Panthera pardus (Leopard),120,21,89,,InterPro:IPR035076
A0A9V1G5K5,UPAR/Ly6 domain-containing protein,Panthera pardus (Leopard),126,29,105,,InterPro:IPR035076
A0A9V1G5V4,UPAR/Ly6 domain-containing protein,Panthera pardus (Leopard),128,24,101,,InterPro:IPR035076
A0A9W2V0N3,UPAR/Ly6 domain-containing protein,Panthera pardus (Leopard),163,54,131,,InterPro:IPR035076
A0A9W2V0R8,Secreted Ly-6/uPAR domain-containing protein 2,Panthera pardus (Leopard),95,21,93,,InterPro:IPR035076
A0A9W2V0T6,UPAR/Ly6 domain-containing protein,Panthera pardus (Leopard),169,54,137,,InterPro:IPR035076
A0A9W2V0V1,Snake toxin/toxin-like domain-containing protein,Panthera pardus (Leopard),175,62,137,,InterPro:IPR035076
A0A9W2V1D1,UPAR/Ly6 domain-containing protein,Panthera pardus (Leopard),136,21,104,,InterPro:IPR035076
A0A9W2X7A7,UPAR/Ly6 domain-containing protein,Physeter macrocephalus (Sperm whale),161,29,110,,InterPro:IPR035076
A0A9W2XCB4,UPAR/Ly6 domain-containing protein,Betta splendens (Siamese fighting fish),207,116,184,,InterPro:IPR035076
A0A9W2XCH4,UPAR/Ly6 domain-containing protein,Betta splendens (Siamese fighting fish),206,113,183,,InterPro:IPR035076
A0A9W2XCQ3,UPAR/Ly6 domain-containing protein,Betta splendens (Siamese fighting fish),209,116,188,,InterPro:IPR035076
A0A9W2XRL2,UPAR/Ly6 domain-containing protein,Betta splendens (Siamese fighting fish),199,110,177,,InterPro:IPR035076
A0A9W2ZRV3,Snake toxin/toxin-like domain-containing protein,Biomphalaria glabrata (Bloodfluke planorb),146,33,113,,InterPro:IPR035076
A0A9W3EXZ4,Snake toxin/toxin-like domain-containing protein,Camelus bactrianus (Bactrian camel),154,41,115,,InterPro:IPR035076
A0A9W3EY51,Snake toxin/toxin-like domain-containing protein,Camelus bactrianus (Bactrian camel),175,62,136,,InterPro:IPR035076
A0A9W3F515,UPAR/Ly6 domain-containing protein,Camelus bactrianus (Bactrian camel),128,21,93,,InterPro:IPR035076
A0A9W3F554,Ly-6/neurotoxin-like protein 1,Camelus bactrianus (Bactrian camel),116,21,92,,InterPro:IPR035076
A0A9W3FFR4,UPAR/Ly6 domain-containing protein,Camelus bactrianus (Bactrian camel),127,26,102,,InterPro:IPR035076
A0A9W3FFR5,Snake toxin/toxin-like domain-containing protein,Camelus bactrianus (Bactrian camel),87,22,56,,InterPro:IPR035076
A0A9W3GE15,Snake toxin/toxin-like domain-containing protein,Camelus bactrianus (Bactrian camel),174,61,135,,InterPro:IPR035076
A0A9W3GWY6,UPAR/Ly6 domain-containing protein,Camelus bactrianus (Bactrian camel),130,21,98,,InterPro:IPR035076
A0A9W3H0E6,UPAR/Ly6 domain-containing protein,Camelus bactrianus (Bactrian camel),125,21,98,,InterPro:IPR035076
A0A9W3H540,Snake toxin/toxin-like domain-containing protein,Camelus bactrianus (Bactrian camel),210,22,94,,InterPro:IPR035076
A0A9W3H669,Snake toxin/toxin-like domain-containing protein,Camelus bactrianus (Bactrian camel),185,58,139,,InterPro:IPR035076
A0A9W3HME7,Snake toxin/toxin-like domain-containing protein,Camelus bactrianus (Bactrian camel),145,62,95,,InterPro:IPR035076
A0A9W7TC53,MAC-inhibitory protein,Triplophysa rosa (Cave loach),204,114,181,,InterPro:IPR035076
A0A9W7TDD7,UPAR/Ly6 domain-containing protein,Triplophysa rosa (Cave loach),200,114,178,,InterPro:IPR035076
A0A9W7TFR4,UPAR/Ly6 domain-containing protein,Triplophysa rosa (Cave loach),204,114,181,,InterPro:IPR035076
A0A9W7TGR0,Snake toxin/toxin-like domain-containing protein,Triplophysa rosa (Cave loach),144,54,121,,InterPro:IPR035076
A0A9W7THA9,UPAR/Ly6 domain-containing protein,Triplophysa rosa (Cave loach),164,74,141,,InterPro:IPR035076
A0A9W7TVS0,Snake toxin/toxin-like domain-containing protein,Triplophysa rosa (Cave loach),76,21,75,,InterPro:IPR035076
A0A9W7WCE8,UPAR/Ly6 domain-containing protein,Triplophysa rosa (Cave loach),114,20,90,,InterPro:IPR035076
A0A9W7WCK6,UPAR/Ly6 domain-containing protein,Triplophysa rosa (Cave loach),333,112,176,,InterPro:IPR035076
A0A9X0CM62,Snake toxin/toxin-like domain-containing protein,Desmophyllum pertusum,156,21,103,,InterPro:IPR035076
A0A9X9LL72,Snake toxin/toxin-like domain-containing protein,Gulo gulo (Wolverine),145,25,101,,InterPro:IPR035076
A0A9X9LLL0,Ly-6/neurotoxin-like protein 1,Gulo gulo (Wolverine),201,106,177,,InterPro:IPR035076
A0A9Y3QL19,Snake toxin/toxin-like domain-containing protein,Pundamilia nyererei,78,21,78,,InterPro:IPR035076
A0A9Y3RXU6,Snake toxin/toxin-like domain-containing protein,Pundamilia nyererei,167,62,141,,InterPro:IPR035076
A0A9Y3RZM5,Snake toxin/toxin-like domain-containing protein,Pundamilia nyererei,88,20,87,,InterPro:IPR035076
A0A9Y4JP79,Snake toxin/toxin-like domain-containing protein,Stegastes partitus (bicolor damselfish),75,20,75,,InterPro:IPR035076
A0A9Y4NE66,UPAR/Ly6 domain-containing protein,Stegastes partitus (bicolor damselfish),123,19,98,,InterPro:IPR035076
A0A9Y4NEA9,UPAR/Ly6 domain-containing protein,Stegastes partitus (bicolor damselfish),111,7,86,,InterPro:IPR035076
A0AA35KIN5,UPAR/Ly6 domain-containing protein,Podarcis lilfordi (Lilford's wall lizard),126,23,96,,InterPro:IPR035076
A0AA35KIS9,UPAR/Ly6 domain-containing protein,Podarcis lilfordi (Lilford's wall lizard),170,67,139,,InterPro:IPR035076
A0AA35KJX1,UPAR/Ly6 domain-containing protein,Podarcis lilfordi (Lilford's wall lizard),110,22,98,,InterPro:IPR035076
A0AA35KK14,UPAR/Ly6 domain-containing protein,Podarcis lilfordi (Lilford's wall lizard),124,21,93,,InterPro:IPR035076
A0AA35KKA7,Snake toxin/toxin-like domain-containing protein,Podarcis lilfordi (Lilford's wall lizard),92,2,63,,InterPro:IPR035076
A0AA35LFU9,Snake toxin/toxin-like domain-containing protein,Podarcis lilfordi (Lilford's wall lizard),102,22,94,,InterPro:IPR035076
A0AA35LFV4,Snake toxin/toxin-like domain-containing protein,Podarcis lilfordi (Lilford's wall lizard),102,21,95,,InterPro:IPR035076
A0AA35LG58,Snake toxin/toxin-like domain-containing protein,Podarcis lilfordi (Lilford's wall lizard),104,23,96,,InterPro:IPR035076
A0AA35LGF5,Snake toxin/toxin-like domain-containing protein,Podarcis lilfordi (Lilford's wall lizard),89,8,81,,InterPro:IPR035076
A0AA35LGU7,Snake toxin/toxin-like domain-containing protein,Podarcis lilfordi (Lilford's wall lizard),108,18,91,,InterPro:IPR035076
A0AA35P7X1,Snake toxin/toxin-like domain-containing protein,Podarcis lilfordi (Lilford's wall lizard),114,22,92,,InterPro:IPR035076
A0AA35P8G8,UPAR/Ly6 domain-containing protein,Podarcis lilfordi (Lilford's wall lizard),126,21,96,,InterPro:IPR035076
A0AA35PAM1,UPAR/Ly6 domain-containing protein,Podarcis lilfordi (Lilford's wall lizard),126,21,96,,InterPro:IPR035076
A0AA35PB78,UPAR/Ly6 domain-containing protein,Podarcis lilfordi (Lilford's wall lizard),124,22,94,,InterPro:IPR035076
A0AA35PBS0,Snake toxin/toxin-like domain-containing protein,Podarcis lilfordi (Lilford's wall lizard),104,25,99,,InterPro:IPR035076
A0AA35PDT8,UPAR/Ly6 domain-containing protein,Podarcis lilfordi (Lilford's wall lizard),310,206,285,,InterPro:IPR035076
A0AA35PPE3,Snake toxin/toxin-like domain-containing protein,Podarcis lilfordi (Lilford's wall lizard),188,107,180,,InterPro:IPR035076
A0AA35PRL3,Snake toxin/toxin-like domain-containing protein,Podarcis lilfordi (Lilford's wall lizard),102,21,94,,InterPro:IPR035076
A0AA35PRU8,Snake toxin/toxin-like domain-containing protein,Podarcis lilfordi (Lilford's wall lizard),119,38,111,,InterPro:IPR035076
A0AA35PST9,Snake toxin/toxin-like domain-containing protein,Podarcis lilfordi (Lilford's wall lizard),144,63,136,,InterPro:IPR035076
A0AA35QR62,UPAR/Ly6 domain-containing protein,Podarcis lilfordi (Lilford's wall lizard),122,21,92,,InterPro:IPR035076
A0AA36CMR3,Snake toxin/toxin-like domain-containing protein,Mesorhabditis spiculigera,155,65,122,,InterPro:IPR035076
A0AA36CZH2,Snake toxin/toxin-like domain-containing protein,Mesorhabditis spiculigera,111,17,91,,InterPro:IPR035076
A0AA36GKX7,Snake toxin/toxin-like domain-containing protein,Cylicocyclus nassatus (Nematode worm),92,5,62,,InterPro:IPR035076
A0AA36GTZ2,Snake toxin/toxin-like domain-containing protein,Cylicocyclus nassatus (Nematode worm),101,33,97,,InterPro:IPR035076
A0AA36GU16,Snake toxin/toxin-like domain-containing protein,Cylicocyclus nassatus (Nematode worm),117,20,90,,InterPro:IPR035076
A0AA36GVX4,Snake toxin/toxin-like domain-containing protein,Cylicocyclus nassatus (Nematode worm),157,59,118,,InterPro:IPR035076
A0AA36GW02,Snake toxin/toxin-like domain-containing protein,Cylicocyclus nassatus (Nematode worm),156,58,117,,InterPro:IPR035076
A0AA36M542,Snake toxin/toxin-like domain-containing protein,Cylicocyclus nassatus (Nematode worm),129,31,101,,InterPro:IPR035076
A0AA39H607,UPAR/Ly6 domain-containing protein,Steinernema hermaphroditum,131,21,105,,InterPro:IPR035076
A0AA39I8V9,Snake toxin/toxin-like domain-containing protein,Steinernema hermaphroditum,153,55,114,,InterPro:IPR035076
A0AA39MC99,Snake toxin/toxin-like domain-containing protein,Steinernema hermaphroditum,100,19,91,,InterPro:IPR035076
A0AA40GWQ8,UPAR/Ly6 domain-containing protein,Pygoscelis papua (Gentoo penguin),112,7,82,,InterPro:IPR035076
A0AA40GWT1,UPAR/Ly6 domain-containing protein,Pygoscelis papua (Gentoo penguin),109,4,79,,InterPro:IPR035076
A0AA40GX07,UPAR/Ly6 domain-containing protein,Pygoscelis papua (Gentoo penguin),101,20,95,,InterPro:IPR035076
A0AA40GX10,UPAR/Ly6 domain-containing protein,Pygoscelis papua (Gentoo penguin),109,4,79,,InterPro:IPR035076
A0AA40GX26,Snake toxin/toxin-like domain-containing protein,Pygoscelis papua (Gentoo penguin),78,4,78,,InterPro:IPR035076
A0AA40GXF7,UPAR/Ly6 domain-containing protein,Pygoscelis papua (Gentoo penguin),109,2,79,,InterPro:IPR035076
A0AA40HIH8,UPAR/Ly6 domain-containing protein,Cnephaeus nilssonii (Northern bat),127,23,100,,InterPro:IPR035076
A0AA40HII2,Snake toxin/toxin-like domain-containing protein,Cnephaeus nilssonii (Northern bat),132,21,108,,InterPro:IPR035076
A0AA40HIJ5,UPAR/Ly6 domain-containing protein,Cnephaeus nilssonii (Northern bat),129,21,99,,InterPro:IPR035076
A0AA40HIL6,UPAR/Ly6 domain-containing protein,Cnephaeus nilssonii (Northern bat),252,141,216,,InterPro:IPR035076
A0AA40L652,Snake toxin/toxin-like domain-containing protein,Pygoscelis papua (Gentoo penguin),87,2,79,,InterPro:IPR035076
A0AA40LFP8,UPAR/Ly6 domain-containing protein,Cnephaeus nilssonii (Northern bat),153,23,104,,InterPro:IPR035076
A0AA40LGW4,Uncharacterized protein,Cnephaeus nilssonii (Northern bat),303,116,149,,InterPro:IPR035076
A0AA41N017,UPAR/Ly6 domain-containing protein,Sciurus carolinensis (Eastern gray squirrel),123,21,93,,InterPro:IPR035076
A0AA41N043,UPAR/Ly6 domain-containing protein,Sciurus carolinensis (Eastern gray squirrel),125,24,100,,InterPro:IPR035076
A0AA41N054,Ly-6/neurotoxin-like protein 1,Sciurus carolinensis (Eastern gray squirrel),116,21,92,,InterPro:IPR035076
A0AA41N0J4,UPAR/Ly6 domain-containing protein,Sciurus carolinensis (Eastern gray squirrel),191,87,164,,InterPro:IPR035076
A0AA41N3F9,Snake toxin/toxin-like domain-containing protein,Sciurus carolinensis (Eastern gray squirrel),68,23,57,,InterPro:IPR035076
A0AA41N4Y0,Snake toxin/toxin-like domain-containing protein,Sciurus carolinensis (Eastern gray squirrel),218,59,134,,InterPro:IPR035076
A0AA41N566,UPAR/Ly6 domain-containing protein,Sciurus carolinensis (Eastern gray squirrel),256,147,224,,InterPro:IPR035076
A0AA41TC32,UPAR/Ly6 domain-containing protein,Sciurus carolinensis (Eastern gray squirrel),175,49,131,,InterPro:IPR035076
A0AA41TD43,UPAR/Ly6 domain-containing protein,Sciurus carolinensis (Eastern gray squirrel),131,25,97,,InterPro:IPR035076
A0AA47NWA2,Snake toxin/toxin-like domain-containing protein,Merluccius polli (Benguela hake),112,8,86,,InterPro:IPR035076
A0AA50S1U2,Snake toxin/toxin-like domain-containing protein,Rhinobothryum bovallii,116,44,109,,InterPro:IPR035076
A0AA50S1V1,Snake toxin/toxin-like domain-containing protein,Oxybelis aeneus (Gray vine snake),87,22,85,,InterPro:IPR035076
A0AA84ZKJ9,Snake toxin/toxin-like domain-containing protein,Schistosoma margrebowiei,126,29,99,,InterPro:IPR035076
A0AA84ZSV4,Snake toxin/toxin-like domain-containing protein,Schistosoma margrebowiei,124,26,96,,InterPro:IPR035076
A0AA84ZTA0,Snake toxin/toxin-like domain-containing protein,Schistosoma margrebowiei,124,24,98,,InterPro:IPR035076
A0AA85BB72,Snake toxin/toxin-like domain-containing protein,Schistosoma mattheei,126,29,99,,InterPro:IPR035076
A0AA85BEC4,Snake toxin/toxin-like domain-containing protein,Schistosoma mattheei,124,26,96,,InterPro:IPR035076
A0AA85BGB5,Snake toxin/toxin-like domain-containing protein,Schistosoma mattheei,129,29,103,,InterPro:IPR035076
A0AA85ETL2,Snake toxin/toxin-like domain-containing protein,Schistosoma rodhaini,124,26,96,,InterPro:IPR035076
A0AA85EUI3,Snake toxin/toxin-like domain-containing protein,Schistosoma rodhaini,124,24,98,,InterPro:IPR035076
A0AA85F516,Snake toxin/toxin-like domain-containing protein,Schistosoma rodhaini,127,29,99,,InterPro:IPR035076
A0AA85GKE7,Snake toxin/toxin-like domain-containing protein,Schistosoma rodhaini,123,1,93,,InterPro:IPR035076
A0AA85JNI1,Snake toxin/toxin-like domain-containing protein,Trichobilharzia regenti (Nasal bird schistosome),123,26,96,,InterPro:IPR035076
A0AA85JTE3,Snake toxin/toxin-like domain-containing protein,Trichobilharzia regenti (Nasal bird schistosome),144,12,41,,InterPro:IPR035076
A0AA85JV02,Snake toxin/toxin-like domain-containing protein,Trichobilharzia regenti (Nasal bird schistosome),117,20,90,,InterPro:IPR035076
A0AA88LV69,UPAR/Ly6 domain-containing protein,Tachysurus vachellii (Darkbarbel catfish),211,120,189,,InterPro:IPR035076
A0AA88LV75,UPAR/Ly6 domain-containing protein,Tachysurus vachellii (Darkbarbel catfish),115,22,92,,InterPro:IPR035076
A0AA88MBL2,UPAR/Ly6 domain-containing protein,Channa striata (Snakehead murrel),485,102,173,,InterPro:IPR035076
A0AA88MSJ9,Snake toxin/toxin-like domain-containing protein,Channa striata (Snakehead murrel),125,20,99,,InterPro:IPR035076
A0AA88MTJ4,UPAR/Ly6 domain-containing protein,Channa striata (Snakehead murrel),158,65,135,,InterPro:IPR035076
A0AA88NHD6,Snake toxin/toxin-like domain-containing protein,Channa striata (Snakehead murrel),91,21,91,,InterPro:IPR035076
A0AA88NKS8,Snake toxin/toxin-like domain-containing protein,Tachysurus vachellii (Darkbarbel catfish),95,22,95,,InterPro:IPR035076
A0AA88P1C8,UPAR/Ly6 domain-containing protein,Cirrhinus molitorella (mud carp),209,110,176,,InterPro:IPR035076
A0AA88P1H4,UPAR/Ly6 domain-containing protein,Cirrhinus molitorella (mud carp),116,20,92,,InterPro:IPR035076
A0AA88P3M5,UPAR/Ly6 domain-containing protein,Cirrhinus molitorella (mud carp),211,106,171,,InterPro:IPR035076
A0AA88P3M5,UPAR/Ly6 domain-containing protein,Cirrhinus molitorella (mud carp),211,20,91,,InterPro:IPR035076
A0AA88P4W3,MAC-inhibitory protein,Cirrhinus molitorella (mud carp),199,110,176,,InterPro:IPR035076
A0AA88P663,MAC-inhibitory protein,Cirrhinus molitorella (mud carp),254,136,207,,InterPro:IPR035076
A0AA88P7E0,MAC-inhibitory protein,Cirrhinus molitorella (mud carp),193,104,170,,InterPro:IPR035076
A0AA88P7J8,UPAR/Ly6 domain-containing protein,Cirrhinus molitorella (mud carp),116,20,93,,InterPro:IPR035076
A0AA88P7M2,UPAR/Ly6 domain-containing protein,Cirrhinus molitorella (mud carp),203,109,180,,InterPro:IPR035076
A0AA88P8C2,MAC-inhibitory protein,Cirrhinus molitorella (mud carp),194,106,171,,InterPro:IPR035076
A0AA88P9I9,UPAR/Ly6 domain-containing protein,Cirrhinus molitorella (mud carp),199,21,89,,InterPro:IPR035076
A0AA88P9I9,UPAR/Ly6 domain-containing protein,Cirrhinus molitorella (mud carp),199,99,176,,InterPro:IPR035076
A0AA88PF39,Snake toxin/toxin-like domain-containing protein,Cirrhinus molitorella (mud carp),128,20,104,,InterPro:IPR035076
A0AA88PF95,Snake toxin/toxin-like domain-containing protein,Cirrhinus molitorella (mud carp),238,149,215,,InterPro:IPR035076
A0AA88PFB2,Snake toxin/toxin-like domain-containing protein,Cirrhinus molitorella (mud carp),148,18,48,,InterPro:IPR035076
A0AA88PFB2,Snake toxin/toxin-like domain-containing protein,Cirrhinus molitorella (mud carp),148,63,125,,InterPro:IPR035076
A0AA88Q0A3,UPAR/Ly6 domain-containing protein,Cirrhinus molitorella (mud carp),209,83,151,,InterPro:IPR035076
A0AA88Q6Y7,UPAR/Ly6 domain-containing protein,Cirrhinus molitorella (mud carp),439,126,191,,InterPro:IPR035076
A0AA88SD47,Uncharacterized protein,Channa striata (Snakehead murrel),209,115,187,,InterPro:IPR035076
A0AA88SLM6,UPAR/Ly6 domain-containing protein,Channa striata (Snakehead murrel),106,20,83,,InterPro:IPR035076
A0AA88SX05,UPAR/Ly6 domain-containing protein,Tachysurus vachellii (Darkbarbel catfish),127,20,98,,InterPro:IPR035076
A0AA88TAX3,UPAR/Ly6 domain-containing protein,Cirrhinus molitorella (mud carp),198,110,175,,InterPro:IPR035076
A0AA88TDA1,CD59 glycoprotein,Cirrhinus molitorella (mud carp),265,107,172,,InterPro:IPR035076
A0AA88TF02,Uncharacterized protein,Cirrhinus molitorella (mud carp),239,75,140,,InterPro:IPR035076
A0AA88TFW6,Snake toxin/toxin-like domain-containing protein,Cirrhinus molitorella (mud carp),76,21,76,,InterPro:IPR035076
A0AA88TLP3,UPAR/Ly6 domain-containing protein,Cirrhinus molitorella (mud carp),199,110,176,,InterPro:IPR035076
A0AA88U0W4,UPAR/Ly6 domain-containing protein,Cirrhinus molitorella (mud carp),127,20,98,,InterPro:IPR035076
A0AA88Y0T1,Snake toxin/toxin-like domain-containing protein,Pinctada imbricata (Atlantic pearl-oyster),439,361,428,,InterPro:IPR035076
A0AA97JNF9,UPAR/Ly6 domain-containing protein,Eublepharis macularius (Leopard gecko),124,21,93,,InterPro:IPR035076
A0AA97JPW0,UPAR/Ly6 domain-containing protein,Eublepharis macularius (Leopard gecko),126,21,96,,InterPro:IPR035076
A0AA97JR69,UPAR/Ly6 domain-containing protein,Eublepharis macularius (Leopard gecko),120,21,91,,InterPro:IPR035076
A0AA97JRF4,UPAR/Ly6 domain-containing protein,Eublepharis macularius (Leopard gecko),127,25,96,,InterPro:IPR035076
A0AA97JRN3,UPAR/Ly6 domain-containing protein,Eublepharis macularius (Leopard gecko),158,53,128,,InterPro:IPR035076
A0AA97JS18,UPAR/Ly6 domain-containing protein,Eublepharis macularius (Leopard gecko),127,21,98,,InterPro:IPR035076
A0AA97L3Q0,UPAR/Ly6 domain-containing protein,Eublepharis macularius (Leopard gecko),104,21,97,,InterPro:IPR035076
A0AA97L4A6,UPAR/Ly6 domain-containing protein,Eublepharis macularius (Leopard gecko),159,60,130,,InterPro:IPR035076
A0AA97L6H2,UPAR/Ly6 domain-containing protein,Eublepharis macularius (Leopard gecko),127,21,98,,InterPro:IPR035076
A0AA97L728,UPAR/Ly6 domain-containing protein,Eublepharis macularius (Leopard gecko),126,21,96,,InterPro:IPR035076
A0AA97MQ40,UPAR/Ly6 domain-containing protein,Menura novaehollandiae (superb lyrebird),104,4,75,,InterPro:IPR035076
A0AA97MQK8,UPAR/Ly6 domain-containing protein,Menura novaehollandiae (superb lyrebird),109,2,79,,InterPro:IPR035076
A0AA97MR76,UPAR/Ly6 domain-containing protein,Menura novaehollandiae (superb lyrebird),87,2,79,,InterPro:IPR035076
A0AA97MRE0,UPAR/Ly6 domain-containing protein,Menura novaehollandiae (superb lyrebird),109,4,79,,InterPro:IPR035076
A0AA97MRM6,UPAR/Ly6 domain-containing protein,Menura novaehollandiae (superb lyrebird),100,17,94,,InterPro:IPR035076
A0AA97MRP2,UPAR/Ly6 domain-containing protein,Menura novaehollandiae (superb lyrebird),109,4,79,,InterPro:IPR035076
A0AA97MSP7,Snake toxin/toxin-like domain-containing protein,Menura novaehollandiae (superb lyrebird),78,4,78,,InterPro:IPR035076
A0AA97N9N0,UPAR/Ly6 domain-containing protein,Menura novaehollandiae (superb lyrebird),112,7,82,,InterPro:IPR035076
A0AAA9SNA3,Snake toxin/toxin-like domain-containing protein,Bos taurus (Bovine),105,24,101,,InterPro:IPR035076
A0AAA9SVE0,Snake toxin/toxin-like domain-containing protein,Bos taurus (Bovine),126,24,101,,InterPro:IPR035076
A0AAA9TG35,Snake toxin/toxin-like domain-containing protein,Bos taurus (Bovine),166,40,121,,InterPro:IPR035076
A0AAA9TGG3,Snake toxin/toxin-like domain-containing protein,Bos taurus (Bovine),134,60,95,,InterPro:IPR035076
A0AAD1S242,UPAR/Ly6 domain-containing protein,Pelobates cultripes (Western spadefoot toad),127,21,98,,InterPro:IPR035076
A0AAD1S2Z0,Snake toxin/toxin-like domain-containing protein,Pelobates cultripes (Western spadefoot toad),163,50,127,,InterPro:IPR035076
A0AAD1S4B2,Snake toxin/toxin-like domain-containing protein,Pelobates cultripes (Western spadefoot toad),118,1,80,,InterPro:IPR035076
A0AAD1S4B8,Snake toxin/toxin-like domain-containing protein,Pelobates cultripes (Western spadefoot toad),155,50,120,,InterPro:IPR035076
A0AAD1T6I6,UPAR/Ly6 domain-containing protein,Pelobates cultripes (Western spadefoot toad),127,23,98,,InterPro:IPR035076
A0AAD1W2N6,UPAR/Ly6 domain-containing protein,Pelobates cultripes (Western spadefoot toad),135,30,105,,InterPro:IPR035076
A0AAD1W471,Snake toxin/toxin-like domain-containing protein,Pelobates cultripes (Western spadefoot toad),119,61,95,,InterPro:IPR035076
A0AAD1W471,Snake toxin/toxin-like domain-containing protein,Pelobates cultripes (Western spadefoot toad),119,21,54,,InterPro:IPR035076
A0AAD1W781,UPAR/Ly6 domain-containing protein,Pelobates cultripes (Western spadefoot toad),131,21,91,,InterPro:IPR035076
A0AAD3MHF3,UPAR/Ly6 domain-containing protein,Lates japonicus (Japanese lates),186,93,163,,InterPro:IPR035076
A0AAD3RHC9,Snake toxin/toxin-like domain-containing protein,Lates japonicus (Japanese lates),91,21,91,,InterPro:IPR035076
A0AAD4U3V0,Snake toxin/toxin-like domain-containing protein,Ovis ammon polii,126,24,101,,InterPro:IPR035076
A0AAD4U641,UPAR/Ly6 domain-containing protein,Ovis ammon polii,401,294,366,,InterPro:IPR035076
A0AAD4U641,UPAR/Ly6 domain-containing protein,Ovis ammon polii,401,169,227,,InterPro:IPR035076
A0AAD4U8Z1,UPAR/Ly6 domain-containing protein,Ovis ammon polii,114,9,86,,InterPro:IPR035076
A0AAD4UAB9,Ly-6/neurotoxin-like protein 1,Ovis ammon polii,116,21,92,,InterPro:IPR035076
A0AAD4Y6T6,UPAR/Ly6 domain-containing protein,Ovis ammon polii,187,78,155,,InterPro:IPR035076
A0AAD4YB02,Glycosylphosphatidylinositol-anchored high density lipoprotein-binding protein 1,Ovis ammon polii,335,223,296,,InterPro:IPR035076
A0AAD5KWC2,Snake toxin/toxin-like domain-containing protein,Daphnia sinensis,149,24,116,,InterPro:IPR035076
A0AAD6B169,Snake toxin/toxin-like domain-containing protein,Pogonophryne albipinna,78,20,76,,InterPro:IPR035076
A0AAD6FEF5,UPAR/Ly6 domain-containing protein,Pogonophryne albipinna,113,7,88,,InterPro:IPR035076
A0AAD7RMK5,UPAR/Ly6 domain-containing protein,Aldrovandia affinis,126,21,98,,InterPro:IPR035076
A0AAD7RPW1,UPAR/Ly6 domain-containing protein,Aldrovandia affinis,120,18,96,,InterPro:IPR035076
A0AAD7T6V1,Snake toxin/toxin-like domain-containing protein,Aldrovandia affinis,87,21,77,,InterPro:IPR035076
A0AAD8CJ20,Snake toxin/toxin-like domain-containing protein,Acipenser oxyrinchus oxyrinchus,120,48,120,,InterPro:IPR035076
A0AAD8CJI6,Snake toxin/toxin-like domain-containing protein,Acipenser oxyrinchus oxyrinchus,109,38,109,,InterPro:IPR035076
A0AAD8FRE1,Keratin-associated protein 10-6-like,Acipenser oxyrinchus oxyrinchus,136,34,102,,InterPro:IPR035076
A0AAD8FUY6,Snake toxin/toxin-like domain-containing protein,Acipenser oxyrinchus oxyrinchus,404,302,370,,InterPro:IPR035076
A0AAD8FUY6,Snake toxin/toxin-like domain-containing protein,Acipenser oxyrinchus oxyrinchus,404,156,227,,InterPro:IPR035076
A0AAD8FUY6,Snake toxin/toxin-like domain-containing protein,Acipenser oxyrinchus oxyrinchus,404,231,298,,InterPro:IPR035076
A0AAD8FW28,UPAR/Ly6 domain-containing protein,Acipenser oxyrinchus oxyrinchus,170,78,147,,InterPro:IPR035076
A0AAD8GEX4,UPAR/Ly6 domain-containing protein,Acipenser oxyrinchus oxyrinchus,124,21,95,,InterPro:IPR035076
A0AAD8GF65,UPAR/Ly6 domain-containing protein,Acipenser oxyrinchus oxyrinchus,127,21,98,,InterPro:IPR035076
A0AAD8GF84,UPAR/Ly6 domain-containing protein,Acipenser oxyrinchus oxyrinchus,119,15,90,,InterPro:IPR035076
A0AAD9DS86,Snake toxin/toxin-like domain-containing protein,Electrophorus voltai,92,22,92,,InterPro:IPR035076
A0AAD9DT86,Snake toxin/toxin-like domain-containing protein,Electrophorus voltai,115,46,115,,InterPro:IPR035076
A0AAD9IV51,C1q domain-containing protein,Paralvinella palmiformis,429,50,127,,InterPro:IPR035076
A0AAD9JQH5,Snake toxin/toxin-like domain-containing protein,Paralvinella palmiformis,220,118,194,,InterPro:IPR035076
A0AAD9JQH5,Snake toxin/toxin-like domain-containing protein,Paralvinella palmiformis,220,44,109,,InterPro:IPR035076
A0AAD9K488,Snake toxin/toxin-like domain-containing protein,Paralvinella palmiformis,82,9,48,,InterPro:IPR035076
A0AAD9KJE7,Snake toxin/toxin-like domain-containing protein,Ridgeia piscesae (Tubeworm),126,3,95,,InterPro:IPR035076
A0AAD9NNY5,Snake toxin/toxin-like domain-containing protein,Ridgeia piscesae (Tubeworm),147,34,116,,InterPro:IPR035076
A0AAD9NUR5,Snake toxin/toxin-like domain-containing protein,Ridgeia piscesae (Tubeworm),117,18,89,,InterPro:IPR035076
A0AAD9QDX3,Snake toxin/toxin-like domain-containing protein,Acropora cervicornis (Staghorn coral),135,21,102,,InterPro:IPR035076
A0AAD9QQZ4,Snake toxin/toxin-like domain-containing protein,Acropora cervicornis (Staghorn coral),116,33,106,,InterPro:IPR035076
A0AAE0QD06,UPAR/Ly6 domain-containing protein,Hemibagrus guttatus,143,48,120,,InterPro:IPR035076
A0AAE0RDV0,UPAR/Ly6 domain-containing protein,Hemibagrus guttatus,115,8,86,,InterPro:IPR035076
A0AAE0SYA9,SRCR domain-containing protein,Potamilus streckersoni,371,271,348,,InterPro:IPR035076
A0AAE0UVC5,UPAR/Ly6 domain-containing protein,Hemibagrus guttatus,394,301,371,,InterPro:IPR035076
A0AAE0UVD3,UPAR/Ly6 domain-containing protein,Hemibagrus guttatus,133,42,111,,InterPro:IPR035076
A0AAE1ZHF2,Snake toxin/toxin-like domain-containing protein,Schistosoma mekongi (Parasitic worm),126,28,98,,InterPro:IPR035076
A0AAE9DD82,Snake toxin/toxin-like domain-containing protein,Caenorhabditis briggsae,142,24,83,,InterPro:IPR035076
A0AAF3EL57,Snake toxin/toxin-like domain-containing protein,Mesorhabditis belari,112,18,89,,InterPro:IPR035076
A0AAF3EX73,Snake toxin/toxin-like domain-containing protein,Mesorhabditis belari,130,21,98,,InterPro:IPR035076
A0AAF3J2H5,Snake toxin/toxin-like domain-containing protein,Mesorhabditis belari,128,41,103,,InterPro:IPR035076
A0AAF5PRL3,Snake toxin/toxin-like domain-containing protein,Wuchereria bancrofti,124,25,85,,InterPro:IPR035076
A0AAF6DLI8,Snake toxin/toxin-like domain-containing protein,Bos taurus (Bovine),217,21,55,,InterPro:IPR035076
A0AAJ7IN54,Ly-6/neurotoxin-like protein 1,Rhinopithecus bieti (Black snub-nosed monkey),116,21,92,,InterPro:IPR035076
A0AAJ7MQ91,UPAR/Ly6 domain-containing protein,Rhinopithecus bieti (Black snub-nosed monkey),131,21,99,,InterPro:IPR035076
A0AAJ7UF34,Snake toxin/toxin-like domain-containing protein,Petromyzon marinus (Sea lamprey),262,190,236,,InterPro:IPR035076
A0AAJ7UFE9,UPAR/Ly6 domain-containing protein,Petromyzon marinus (Sea lamprey),136,24,102,,InterPro:IPR035076
A0AAJ8AWQ7,Snake toxin/toxin-like domain-containing protein,Lates calcarifer (Barramundi),89,28,89,,InterPro:IPR035076
A0AAJ8DUC3,UPAR/Ly6 domain-containing protein,Lates calcarifer (Barramundi),424,223,293,,InterPro:IPR035076
A0AAJ8DUR2,UPAR/Ly6 domain-containing protein,Lates calcarifer (Barramundi),313,112,182,,InterPro:IPR035076
A0AAN5DDC6,Snake toxin/toxin-like domain-containing protein,Pristionchus mayeri,112,37,90,,InterPro:IPR035076
A0AAN7NJH9,UPAR/Ly6 domain-containing protein,Mycteria americana (Wood stork),148,43,118,,InterPro:IPR035076
A0AAN7NKU5,UPAR/Ly6 domain-containing protein,Mycteria americana (Wood stork),688,307,384,,InterPro:IPR035076
A0AAN7RZI5,UPAR/Ly6 domain-containing protein,Mycteria americana (Wood stork),117,16,87,,InterPro:IPR035076
A0AAN7S356,Snake toxin/toxin-like domain-containing protein,Mycteria americana (Wood stork),143,37,111,,InterPro:IPR035076
A0AAN7SDY6,UPAR/Ly6 domain-containing protein,Mycteria americana (Wood stork),263,21,96,,InterPro:IPR035076
A0AAN7SDY6,UPAR/Ly6 domain-containing protein,Mycteria americana (Wood stork),263,158,233,,InterPro:IPR035076
A0AAN7SG20,UPAR/Ly6 domain-containing protein,Mycteria americana (Wood stork),145,40,115,,InterPro:IPR035076
A0AAN8ANE2,UPAR/Ly6 domain-containing protein,Eleginops maclovinus (Patagonian blennie),127,20,101,,InterPro:IPR035076
A0AAN8AVW2,UPAR/Ly6 domain-containing protein,Eleginops maclovinus (Patagonian blennie),107,21,84,,InterPro:IPR035076
A0AAN8BWB3,Snake toxin/toxin-like domain-containing protein,Champsocephalus esox (pike icefish),87,20,70,,InterPro:IPR035076
A0AAN8CHV6,Snake toxin/toxin-like domain-containing protein,Champsocephalus esox (pike icefish),78,20,76,,InterPro:IPR035076
A0AAN8DUT2,Snake toxin/toxin-like domain-containing protein,Champsocephalus gunnari (Mackerel icefish),78,20,76,,InterPro:IPR035076
A0AAN8FGD8,Snake toxin/toxin-like domain-containing protein,Trichostrongylus colubriformis (Black scour worm),112,23,81,,InterPro:IPR035076
A0AAN8G0S6,Snake toxin/toxin-like domain-containing protein,Trichostrongylus colubriformis (Black scour worm),133,21,69,,InterPro:IPR035076
A0AAN8IKL4,Snake toxin/toxin-like domain-containing protein,Trichostrongylus colubriformis (Black scour worm),130,41,99,,InterPro:IPR035076
A0AAN8IM76,Snake toxin/toxin-like domain-containing protein,Trichostrongylus colubriformis (Black scour worm),131,21,69,,InterPro:IPR035076
A0AAN8K4G8,Snake toxin/toxin-like domain-containing protein,Patella caerulea (Rayed Mediterranean limpet),125,10,91,,InterPro:IPR035076
A0AAN8KXC6,Snake toxin/toxin-like domain-containing protein,Coregonus suidteri,80,22,78,,InterPro:IPR035076
A0AAN8LKD6,Snake toxin/toxin-like domain-containing protein,Coregonus suidteri,126,20,88,,InterPro:IPR035076
A0AAN8MC89,UPAR/Ly6 domain-containing protein,Coregonus suidteri,128,20,98,,InterPro:IPR035076
A0AAN8MJG7,UPAR/Ly6 domain-containing protein,Coregonus suidteri,207,114,184,,InterPro:IPR035076
A0AAN8QNF4,Snake toxin/toxin-like domain-containing protein,Coregonus suidteri,80,22,78,,InterPro:IPR035076
A0AAN8R9K0,UPAR/Ly6 domain-containing protein,Coregonus suidteri,193,21,99,,InterPro:IPR035076
A0AAN9C819,Snake toxin/toxin-like domain-containing protein,Phoxinus phoxinus (Eurasian minnow),135,29,97,,InterPro:IPR035076
A0AAN9C8E1,Snake toxin/toxin-like domain-containing protein,Phoxinus phoxinus (Eurasian minnow),126,20,88,,InterPro:IPR035076
A0AAN9CMB5,MAC-inhibitory protein,Phoxinus phoxinus (Eurasian minnow),220,109,176,,InterPro:IPR035076
A0AAN9CMB7,UPAR/Ly6 domain-containing protein,Phoxinus phoxinus (Eurasian minnow),194,20,90,,InterPro:IPR035076
A0AAN9CMB7,UPAR/Ly6 domain-containing protein,Phoxinus phoxinus (Eurasian minnow),194,106,171,,InterPro:IPR035076
A0AAN9CMQ5,UPAR/Ly6 domain-containing protein,Phoxinus phoxinus (Eurasian minnow),196,107,173,,InterPro:IPR035076
A0AAN9CP69,UPAR/Ly6 domain-containing protein,Phoxinus phoxinus (Eurasian minnow),204,112,181,,InterPro:IPR035076
A0AAN9CPP5,UPAR/Ly6 domain-containing protein,Phoxinus phoxinus (Eurasian minnow),198,109,175,,InterPro:IPR035076
A0AAN9CQ39,UPAR/Ly6 domain-containing protein,Phoxinus phoxinus (Eurasian minnow),197,108,174,,InterPro:IPR035076
A0AAN9CSP3,UPAR/Ly6 domain-containing protein,Phoxinus phoxinus (Eurasian minnow),198,110,175,,InterPro:IPR035076
A0AAN9CSV4,UPAR/Ly6 domain-containing protein,Phoxinus phoxinus (Eurasian minnow),221,136,198,,InterPro:IPR035076
A0AAN9D294,UPAR/Ly6 domain-containing protein,Phoxinus phoxinus (Eurasian minnow),93,1,71,,InterPro:IPR035076
A0AAN9D7I7,Snake toxin/toxin-like domain-containing protein,Phoxinus phoxinus (Eurasian minnow),99,27,99,,InterPro:IPR035076
A0AAN9D9V5,UPAR/Ly6 domain-containing protein,Phoxinus phoxinus (Eurasian minnow),435,39,112,,InterPro:IPR035076
A0AAN9DC42,UPAR/Ly6 domain-containing protein,Phoxinus phoxinus (Eurasian minnow),194,105,171,,InterPro:IPR035076
A0AAN9DC42,UPAR/Ly6 domain-containing protein,Phoxinus phoxinus (Eurasian minnow),194,20,91,,InterPro:IPR035076
A0AAN9GZP3,UPAR/Ly6 domain-containing protein,Phoxinus phoxinus (Eurasian minnow),198,109,175,,InterPro:IPR035076
A0AAN9H2H9,UPAR/Ly6 domain-containing protein,Phoxinus phoxinus (Eurasian minnow),196,107,173,,InterPro:IPR035076
A0AAN9H9X3,UPAR/Ly6 domain-containing protein,Phoxinus phoxinus (Eurasian minnow),127,20,98,,InterPro:IPR035076
A0AAQ4D8Y8,Snake toxin/toxin-like domain-containing protein,Amblyomma americanum (Lone star tick),180,63,152,,InterPro:IPR035076
A0AAQ4DXC9,Snake toxin/toxin-like domain-containing protein,Amblyomma americanum (Lone star tick),182,65,154,,InterPro:IPR035076
A0AAQ4Q7T3,Snake toxin/toxin-like domain-containing protein,Gasterosteus aculeatus aculeatus (three-spined stickleback),127,20,88,,InterPro:IPR035076
A0AAQ4RH14,Snake toxin/toxin-like domain-containing protein,Gasterosteus aculeatus aculeatus (three-spined stickleback),111,10,84,,InterPro:IPR035076
A0AAQ4RPZ3,UPAR/Ly6 domain-containing protein,Gasterosteus aculeatus aculeatus (three-spined stickleback),206,114,183,,InterPro:IPR035076
A0AAQ5XP88,UPAR/Ly6 domain-containing protein,Amphiprion ocellaris (Clown anemonefish),121,16,95,,InterPro:IPR035076
A0AAQ5YNS0,Snake toxin/toxin-like domain-containing protein,Amphiprion ocellaris (Clown anemonefish),105,19,82,,InterPro:IPR035076
A0AAR2IQL0,UPAR/Ly6 domain-containing protein,Pygocentrus nattereri (Red-bellied piranha),183,78,148,,InterPro:IPR035076
A0AAR2JCF5,Snake toxin/toxin-like domain-containing protein,Pygocentrus nattereri (Red-bellied piranha),122,20,88,,InterPro:IPR035076
A0AAU9W017,Snake toxin/toxin-like domain-containing protein,Pocillopora meandrina,132,23,108,,InterPro:IPR035076
A0AAU9W917,Snake toxin/toxin-like domain-containing protein,Pocillopora meandrina,98,20,98,,InterPro:IPR035076
A0AAU9ZEL1,UPAR/Ly6 domain-containing protein,Phodopus roborovskii (Roborovski's desert hamster),130,21,99,,InterPro:IPR035076
A0AAU9ZFN2,UPAR/Ly6 domain-containing protein,Phodopus roborovskii (Roborovski's desert hamster),190,57,105,,InterPro:IPR035076
A0AAU9ZFS2,Snake toxin/toxin-like domain-containing protein,Phodopus roborovskii (Roborovski's desert hamster),228,61,136,,InterPro:IPR035076
A0AAU9ZFX3,UPAR/Ly6 domain-containing protein,Phodopus roborovskii (Roborovski's desert hamster),111,21,88,,InterPro:IPR035076
A0AAU9ZI86,Snake toxin/toxin-like domain-containing protein,Phodopus roborovskii (Roborovski's desert hamster),111,61,95,,InterPro:IPR035076
A0AAV0A089,Ly-6/neurotoxin-like protein 1,Phodopus roborovskii (Roborovski's desert hamster),116,21,92,,InterPro:IPR035076
A0AAV0A0Q0,UPAR/Ly6 domain-containing protein,Phodopus roborovskii (Roborovski's desert hamster),183,54,136,,InterPro:IPR035076
A0AAV0A0Y7,UPAR/Ly6 domain-containing protein,Phodopus roborovskii (Roborovski's desert hamster),107,3,80,,InterPro:IPR035076
A0AAV0A1N8,Snake toxin/toxin-like domain-containing protein,Phodopus roborovskii (Roborovski's desert hamster),87,22,56,,InterPro:IPR035076
A0AAV0A1X1,UPAR/Ly6 domain-containing protein,Phodopus roborovskii (Roborovski's desert hamster),127,23,100,,InterPro:IPR035076
A0AAV0A2L5,UPAR/Ly6 domain-containing protein,Phodopus roborovskii (Roborovski's desert hamster),127,21,93,,InterPro:IPR035076
A0AAV0A3D3,UPAR/Ly6 domain-containing protein,Phodopus roborovskii (Roborovski's desert hamster),124,21,93,,InterPro:IPR035076
A0AAV0A3M9,Snake toxin/toxin-like domain-containing protein,Phodopus roborovskii (Roborovski's desert hamster),110,24,100,,InterPro:IPR035076
A0AAV1FGC3,UPAR/Ly6 domain-containing protein,Xyrichtys novacula (Pearly razorfish),307,206,285,,InterPro:IPR035076
A0AAV1G5R9,Snake toxin/toxin-like domain-containing protein,Xyrichtys novacula (Pearly razorfish),127,18,86,,InterPro:IPR035076
A0AAV1NLF8,UPAR/Ly6 domain-containing protein,Scomber scombrus (Atlantic mackerel),222,111,181,,InterPro:IPR035076
A0AAV1Q8P7,Snake toxin/toxin-like domain-containing protein,Scomber scombrus (Atlantic mackerel),205,108,183,,InterPro:IPR035076
A0AAV1QBH4,Snake toxin/toxin-like domain-containing protein,Scomber scombrus (Atlantic mackerel),204,107,182,,InterPro:IPR035076
A0AAV2MDF0,UPAR/Ly6 domain-containing protein,Knipowitschia caucasica (Caucasian dwarf goby),327,234,303,,InterPro:IPR035076
A0AAV2MDG4,UPAR/Ly6 domain-containing protein,Knipowitschia caucasica (Caucasian dwarf goby),451,131,196,,InterPro:IPR035076
A0AAV2MDG4,UPAR/Ly6 domain-containing protein,Knipowitschia caucasica (Caucasian dwarf goby),451,358,427,,InterPro:IPR035076
A0AAV2TWK9,Snake toxin/toxin-like domain-containing protein,Calicophoron daubneyi (Rumen fluke),121,25,94,,InterPro:IPR035076
A0AAV2TWP9,Snake toxin/toxin-like domain-containing protein,Calicophoron daubneyi (Rumen fluke),106,31,80,,InterPro:IPR035076
A0AAV2TX26,Snake toxin/toxin-like domain-containing protein,Calicophoron daubneyi (Rumen fluke),121,25,95,,InterPro:IPR035076
A0AAV2TXJ7,Snake toxin/toxin-like domain-containing protein,Calicophoron daubneyi (Rumen fluke),118,26,95,,InterPro:IPR035076
A0AAV2TXW9,Snake toxin/toxin-like domain-containing protein,Calicophoron daubneyi (Rumen fluke),121,25,95,,InterPro:IPR035076
A0AAV2TY26,Snake toxin/toxin-like domain-containing protein,Calicophoron daubneyi (Rumen fluke),124,26,96,,InterPro:IPR035076
A0AAV2ZWG2,UPAR/Ly6 domain-containing protein,Pyxicephalus adspersus (African bullfrog),285,21,100,,InterPro:IPR035076
A0AAV3A156,UPAR/Ly6 domain-containing protein,Pyxicephalus adspersus (African bullfrog),269,3,82,,InterPro:IPR035076
A0AAV3A9P3,UPAR/Ly6 domain-containing protein,Pyxicephalus adspersus (African bullfrog),134,21,105,,InterPro:IPR035076
A0AAV3AEV6,UPAR/Ly6 domain-containing protein,Pyxicephalus adspersus (African bullfrog),96,4,78,,InterPro:IPR035076
A0AAV3AFT5,UPAR/Ly6 domain-containing protein,Pyxicephalus adspersus (African bullfrog),117,15,90,,InterPro:IPR035076
A0AAV3AHM7,UPAR/Ly6 domain-containing protein,Pyxicephalus adspersus (African bullfrog),126,21,96,,InterPro:IPR035076
A0AAV3AIW7,UPAR/Ly6 domain-containing protein,Pyxicephalus adspersus (African bullfrog),122,21,93,,InterPro:IPR035076
A0AAV3AM96,Snake toxin/toxin-like domain-containing protein,Pyxicephalus adspersus (African bullfrog),104,5,65,,InterPro:IPR035076
A0AAV4HWC4,Snake toxin/toxin-like domain-containing protein,Elysia marginata,1745,894,964,,InterPro:IPR035076
A0AAV4NE00,Snake toxin/toxin-like domain-containing protein,Caerostris extrusa (Bark spider),204,18,108,,InterPro:IPR035076
A0AAV5T3M9,Snake toxin/toxin-like domain-containing protein,Pristionchus entomophagus,116,18,95,,InterPro:IPR035076
A0AAV5T3W2,Snake toxin/toxin-like domain-containing protein,Pristionchus entomophagus,96,22,95,,InterPro:IPR035076
A0AAV5T4I4,Snake toxin/toxin-like domain-containing protein,Pristionchus entomophagus,93,17,87,,InterPro:IPR035076
A0AAV5T5D9,Snake toxin/toxin-like domain-containing protein,Pristionchus entomophagus,204,114,184,,InterPro:IPR035076
A0AAV5T737,Snake toxin/toxin-like domain-containing protein,Pristionchus entomophagus,155,57,116,,InterPro:IPR035076
A0AAV5TDQ6,Snake toxin/toxin-like domain-containing protein,Pristionchus entomophagus,114,34,93,,InterPro:IPR035076
A0AAV5U5R9,Snake toxin/toxin-like domain-containing protein,Pristionchus entomophagus,100,13,80,,InterPro:IPR035076
A0AAV5U8G4,UPAR/Ly6 domain-containing protein,Pristionchus entomophagus,226,63,119,,InterPro:IPR035076
A0AAV6FGZ4,Sodefrin-like factor,Alosa alosa (allis shad),212,112,179,,InterPro:IPR035076
A0AAV6FHA1,Snake toxin/toxin-like domain-containing protein,Alosa alosa (allis shad),87,20,87,,InterPro:IPR035076
A0AAV6FHB1,Snake toxin/toxin-like domain-containing protein,Alosa alosa (allis shad),117,49,117,,InterPro:IPR035076
A0AAV6FZZ2,UPAR/Ly6 domain-containing protein,Alosa alosa (allis shad),180,77,146,,InterPro:IPR035076
A0AAV6G8H9,Snake toxin/toxin-like domain-containing protein,Alosa alosa (allis shad),76,21,75,,InterPro:IPR035076
A0AAV6GAZ0,UPAR/Ly6 domain-containing protein,Alosa alosa (allis shad),194,101,171,,InterPro:IPR035076
A0AAV6GBX4,UPAR/Ly6 domain-containing protein,Alosa alosa (allis shad),215,124,192,,InterPro:IPR035076
A0AAV6GBZ5,UPAR/Ly6 domain-containing protein,Alosa alosa (allis shad),204,112,181,,InterPro:IPR035076
A0AAV6H2H7,Snake toxin/toxin-like domain-containing protein,Alosa alosa (allis shad),211,112,187,,InterPro:IPR035076
A0AAV6PPC1,UPAR/Ly6 domain-containing protein,Solea senegalensis (Senegalese sole),205,112,182,,InterPro:IPR035076
A0AAV6PRB4,Snake toxin/toxin-like domain-containing protein,Solea senegalensis (Senegalese sole),125,21,100,,InterPro:IPR035076
A0AAV6QGB6,Snake toxin/toxin-like domain-containing protein,Solea senegalensis (Senegalese sole),127,20,88,,InterPro:IPR035076
A0AAV6QGD2,UPAR/Ly6 domain-containing protein,Solea senegalensis (Senegalese sole),106,20,83,,InterPro:IPR035076
A0AAV6SB25,UPAR/Ly6 domain-containing protein,Solea senegalensis (Senegalese sole),259,117,195,,InterPro:IPR035076
A0AAV6SCE9,UPAR/Ly6 domain-containing protein,Solea senegalensis (Senegalese sole),216,111,189,,InterPro:IPR035076
A0AAV6YG80,Snake toxin/toxin-like domain-containing protein,Engystomops pustulosus (Tungara frog),69,3,65,,InterPro:IPR035076
A0AAV6YIT0,UPAR/Ly6 domain-containing protein,Engystomops pustulosus (Tungara frog),114,9,84,,InterPro:IPR035076
A0AAV6YQA4,Snake toxin/toxin-like domain-containing protein,Engystomops pustulosus (Tungara frog),118,1,78,,InterPro:IPR035076
A0AAV6YTL0,Urokinase plasminogen activator surface receptor,Engystomops pustulosus (Tungara frog),190,4,84,,InterPro:IPR035076
A0AAV6YVW1,UPAR/Ly6 domain-containing protein,Engystomops pustulosus (Tungara frog),126,21,96,,InterPro:IPR035076
A0AAV6Z560,UPAR/Ly6 domain-containing protein,Engystomops pustulosus (Tungara frog),126,21,96,,InterPro:IPR035076
A0AAV6Z5V1,UPAR/Ly6 domain-containing protein,Engystomops pustulosus (Tungara frog),130,25,100,,InterPro:IPR035076
A0AAV6Z9T4,UPAR/Ly6 domain-containing protein,Engystomops pustulosus (Tungara frog),126,21,96,,InterPro:IPR035076
A0AAV6ZCM0,UPAR/Ly6 domain-containing protein,Engystomops pustulosus (Tungara frog),126,21,96,,InterPro:IPR035076
A0AAV6ZDW4,Snake toxin/toxin-like domain-containing protein,Engystomops pustulosus (Tungara frog),66,2,56,,InterPro:IPR035076
A0AAV6ZW00,Snake toxin/toxin-like domain-containing protein,Engystomops pustulosus (Tungara frog),92,12,46,,InterPro:IPR035076
A0AAV7B9K1,Snake toxin/toxin-like domain-containing protein,Engystomops pustulosus (Tungara frog),138,31,109,,InterPro:IPR035076
A0AAV7B9T2,Snake toxin/toxin-like domain-containing protein,Engystomops pustulosus (Tungara frog),147,29,110,,InterPro:IPR035076
A0AAV7Q5A0,Snake toxin/toxin-like domain-containing protein,Pleurodeles waltl (Iberian ribbed newt),128,25,102,,InterPro:IPR035076
A0AAV7UZW3,Snake toxin/toxin-like domain-containing protein,Pleurodeles waltl (Iberian ribbed newt),128,22,98,,InterPro:IPR035076
A0AAV7UZW8,UPAR/Ly6 domain-containing protein,Pleurodeles waltl (Iberian ribbed newt),134,21,92,,InterPro:IPR035076
A0AAV7UZY2,UPAR/Ly6 domain-containing protein,Pleurodeles waltl (Iberian ribbed newt),133,22,97,,InterPro:IPR035076
A0AAV7V002,Snake toxin/toxin-like domain-containing protein,Pleurodeles waltl (Iberian ribbed newt),133,21,97,,InterPro:IPR035076
A0AAV7V0G1,UPAR/Ly6 domain-containing protein,Pleurodeles waltl (Iberian ribbed newt),175,75,146,,InterPro:IPR035076
A0AAV7V1N0,Snake toxin/toxin-like domain-containing protein,Pleurodeles waltl (Iberian ribbed newt),200,21,94,,InterPro:IPR035076
A0AAV7V238,UPAR/Ly6 domain-containing protein,Pleurodeles waltl (Iberian ribbed newt),212,121,188,,InterPro:IPR035076
A0AAV7V275,Snake toxin/toxin-like domain-containing protein,Pleurodeles waltl (Iberian ribbed newt),137,21,98,,InterPro:IPR035076
A0AAV7V303,UPAR/Ly6 domain-containing protein,Pleurodeles waltl (Iberian ribbed newt),119,21,92,,InterPro:IPR035076
A0AAV7V309,UPAR/Ly6 domain-containing protein,Pleurodeles waltl (Iberian ribbed newt),132,21,92,,InterPro:IPR035076
A0AAV7V319,Snake toxin/toxin-like domain-containing protein,Pleurodeles waltl (Iberian ribbed newt),137,21,89,,InterPro:IPR035076
A0AAV7V322,UPAR/Ly6 domain-containing protein,Pleurodeles waltl (Iberian ribbed newt),119,21,92,,InterPro:IPR035076
A0AAV7V326,Snake toxin/toxin-like domain-containing protein,Pleurodeles waltl (Iberian ribbed newt),148,17,124,,InterPro:IPR035076
A0AAV7V3C6,Snake toxin/toxin-like domain-containing protein,Pleurodeles waltl (Iberian ribbed newt),97,21,80,,InterPro:IPR035076
A0AAV7V3D2,Snake toxin/toxin-like domain-containing protein,Pleurodeles waltl (Iberian ribbed newt),345,21,55,,InterPro:IPR035076
A0AAV7V3M7,Snake toxin/toxin-like domain-containing protein,Pleurodeles waltl (Iberian ribbed newt),128,15,104,,InterPro:IPR035076
A0AAV7V3W3,UPAR/Ly6 domain-containing protein,Pleurodeles waltl (Iberian ribbed newt),173,61,137,,InterPro:IPR035076
A0AAV7V3X9,UPAR/Ly6 domain-containing protein,Pleurodeles waltl (Iberian ribbed newt),134,23,92,,InterPro:IPR035076
A0AAV7V404,UPAR/Ly6 domain-containing protein,Pleurodeles waltl (Iberian ribbed newt),121,21,92,,InterPro:IPR035076
A0AAV7V4U8,UPAR/Ly6 domain-containing protein,Pleurodeles waltl (Iberian ribbed newt),119,21,92,,InterPro:IPR035076
A0AAV7V5H6,Snake toxin/toxin-like domain-containing protein,Pleurodeles waltl (Iberian ribbed newt),119,21,92,,InterPro:IPR035076
A0AAV7V6A4,UPAR/Ly6 domain-containing protein,Pleurodeles waltl (Iberian ribbed newt),123,21,92,,InterPro:IPR035076
A0AAV7V702,UPAR/Ly6 domain-containing protein,Pleurodeles waltl (Iberian ribbed newt),204,92,164,,InterPro:IPR035076
A0AAV7V746,UPAR/Ly6 domain-containing protein,Pleurodeles waltl (Iberian ribbed newt),118,21,89,,InterPro:IPR035076
A0AAV9RT28,UPAR/Ly6 domain-containing protein,Crenichthys baileyi (White River springfish),196,103,173,,InterPro:IPR035076
A0AAV9SEP7,UPAR/Ly6 domain-containing protein,Crenichthys baileyi (White River springfish),163,44,116,,InterPro:IPR035076
A0AAW0H2N8,UPAR/Ly6 domain-containing protein,Myodes glareolus (Bank vole),130,24,96,,InterPro:IPR035076
A0AAW0H3D9,Ly-6/neurotoxin-like protein 1,Myodes glareolus (Bank vole),198,103,174,,InterPro:IPR035076
A0AAW0H3W8,UPAR/Ly6 domain-containing protein,Myodes glareolus (Bank vole),124,21,93,,InterPro:IPR035076
A0AAW0H3Y6,Snake toxin/toxin-like domain-containing protein,Myodes glareolus (Bank vole),150,50,148,,InterPro:IPR035076
A0AAW0H4Y5,Snake toxin/toxin-like domain-containing protein,Myodes glareolus (Bank vole),228,62,139,,InterPro:IPR035076
A0AAW0H5H5,steroid 11beta-monooxygenase,Myodes glareolus (Bank vole),1176,5,73,,InterPro:IPR035076
A0AAW0H5M0,UPAR/Ly6 domain-containing protein,Myodes glareolus (Bank vole),242,133,211,,InterPro:IPR035076
A0AAW0H639,Snake toxin/toxin-like domain-containing protein,Myodes glareolus (Bank vole),109,24,100,,InterPro:IPR035076
A0AAW0H643,UPAR/Ly6 domain-containing protein,Myodes glareolus (Bank vole),127,23,100,,InterPro:IPR035076
A0AAW0MGU5,UPAR/Ly6 domain-containing protein,Mugilogobius chulae (yellowstripe goby),172,102,170,,InterPro:IPR035076
A0AAW0MNB0,Snake toxin/toxin-like domain-containing protein,Mugilogobius chulae (yellowstripe goby),194,87,155,,InterPro:IPR035076
A0AAW0MP18,UPAR/Ly6 domain-containing protein,Mugilogobius chulae (yellowstripe goby),491,113,180,,InterPro:IPR035076
A0AAW0MP74,Snake toxin/toxin-like domain-containing protein,Mugilogobius chulae (yellowstripe goby),176,101,169,,InterPro:IPR035076
A0AAW0N231,UPAR/Ly6 domain-containing protein,Mugilogobius chulae (yellowstripe goby),122,18,97,,InterPro:IPR035076
A0AAW0NK07,Snake toxin/toxin-like domain-containing protein,Mugilogobius chulae (yellowstripe goby),91,21,91,,InterPro:IPR035076
A0AAW0PGP5,UPAR/Ly6 domain-containing protein,Mugilogobius chulae (yellowstripe goby),412,112,181,,InterPro:IPR035076
A0AAW0PGP5,UPAR/Ly6 domain-containing protein,Mugilogobius chulae (yellowstripe goby),412,320,388,,InterPro:IPR035076
A0AAW0PRL5,UPAR/Ly6 domain-containing protein,Mugilogobius chulae (yellowstripe goby),108,20,83,,InterPro:IPR035076
A0AAW0XW39,Snake toxin/toxin-like domain-containing protein,Cherax quadricarinatus (Australian red claw crayfish),104,26,95,,InterPro:IPR035076
A0AAW1AX73,UPAR/Ly6 domain-containing protein,Crotalus adamanteus (Eastern diamondback rattlesnake),297,191,272,,InterPro:IPR035076
A0AAW1BL31,UPAR/Ly6 domain-containing protein,Crotalus adamanteus (Eastern diamondback rattlesnake),181,75,152,,InterPro:IPR035076
A0AAW1BLC8,UPAR/Ly6 domain-containing protein,Crotalus adamanteus (Eastern diamondback rattlesnake),127,21,98,,InterPro:IPR035076
A0AAW1BLE1,Snake toxin/toxin-like domain-containing protein,Crotalus adamanteus (Eastern diamondback rattlesnake),86,22,84,,InterPro:IPR035076
A0AAW1BLI6,UPAR/Ly6 domain-containing protein,Crotalus adamanteus (Eastern diamondback rattlesnake),126,21,96,,InterPro:IPR035076
A0AAW1BLL4,Snake toxin/toxin-like domain-containing protein,Crotalus adamanteus (Eastern diamondback rattlesnake),84,28,83,,InterPro:IPR035076
A0AAW1BLN1,UPAR/Ly6 domain-containing protein,Crotalus adamanteus (Eastern diamondback rattlesnake),127,22,97,,InterPro:IPR035076
A0AAW1BLP8,Snake toxin/toxin-like domain-containing protein,Crotalus adamanteus (Eastern diamondback rattlesnake),115,36,110,,InterPro:IPR035076
A0AAW1BM20,Snake toxin/toxin-like domain-containing protein,Crotalus adamanteus (Eastern diamondback rattlesnake),83,12,82,,InterPro:IPR035076
A0AAW1BMA5,Snake toxin/toxin-like domain-containing protein,Crotalus adamanteus (Eastern diamondback rattlesnake),88,22,86,,InterPro:IPR035076
A0AAW1BMB4,UPAR/Ly6 domain-containing protein,Crotalus adamanteus (Eastern diamondback rattlesnake),132,29,106,,InterPro:IPR035076
A0AAW1BMD1,Snake toxin/toxin-like domain-containing protein,Crotalus adamanteus (Eastern diamondback rattlesnake),783,680,752,,InterPro:IPR035076
A0AAW1BN26,UPAR/Ly6 domain-containing protein,Crotalus adamanteus (Eastern diamondback rattlesnake),109,21,97,,InterPro:IPR035076
A0AAW1C7N5,Snake toxin/toxin-like domain-containing protein,Crotalus adamanteus (Eastern diamondback rattlesnake),82,10,81,,InterPro:IPR035076
A0AAW1DTI8,UPAR/Ly6 domain-containing protein,Zoarces viviparus (Viviparous eelpout),207,115,184,,InterPro:IPR035076
A0AAW1DTZ4,UPAR/Ly6 domain-containing protein,Zoarces viviparus (Viviparous eelpout),207,115,184,,InterPro:IPR035076
A0AAW1DVH9,Snake toxin/toxin-like domain-containing protein,Zoarces viviparus (Viviparous eelpout),127,20,101,,InterPro:IPR035076
A0AAW1EFE9,Snake toxin/toxin-like domain-containing protein,Zoarces viviparus (Viviparous eelpout),80,22,79,,InterPro:IPR035076
A0AAW1EK16,Snake toxin/toxin-like domain-containing protein,Zoarces viviparus (Viviparous eelpout),127,20,88,,InterPro:IPR035076
A0AAW1EKB2,Snake toxin/toxin-like domain-containing protein,Zoarces viviparus (Viviparous eelpout),136,29,97,,InterPro:IPR035076
A0AAW1EV77,Snake toxin/toxin-like domain-containing protein,Zoarces viviparus (Viviparous eelpout),127,20,101,,InterPro:IPR035076
A0AAW1LUC7,Snake toxin/toxin-like domain-containing protein,Popillia japonica (Japanese beetle),146,24,116,,InterPro:IPR035076
A0AAW1Z0I1,UPAR/Ly6 domain-containing protein,Culter alburnus (Topmouth culter),201,112,178,,InterPro:IPR035076
A0AAW1Z0Q7,UPAR/Ly6 domain-containing protein,Culter alburnus (Topmouth culter),195,103,172,,InterPro:IPR035076
A0AAW1Z0Z3,UPAR/Ly6 domain-containing protein,Culter alburnus (Topmouth culter),118,20,94,,InterPro:IPR035076
A0AAW1Z2F0,UPAR/Ly6 domain-containing protein,Culter alburnus (Topmouth culter),196,107,173,,InterPro:IPR035076
A0AAW1Z2G8,UPAR/Ly6 domain-containing protein,Culter alburnus (Topmouth culter),202,111,179,,InterPro:IPR035076
A0AAW1Z2S1,UPAR/Ly6 domain-containing protein,Culter alburnus (Topmouth culter),115,21,91,,InterPro:IPR035076
A0AAW1Z3J1,Snake toxin/toxin-like domain-containing protein,Culter alburnus (Topmouth culter),276,140,208,,InterPro:IPR035076
A0AAW1Z3W2,UPAR/Ly6 domain-containing protein,Culter alburnus (Topmouth culter),200,111,177,,InterPro:IPR035076
A0AAW1Z407,UPAR/Ly6 domain-containing protein,Culter alburnus (Topmouth culter),245,156,222,,InterPro:IPR035076
A0AAW1Z4P6,UPAR/Ly6 domain-containing protein,Culter alburnus (Topmouth culter),114,20,90,,InterPro:IPR035076
A0AAW1ZGD6,UPAR/Ly6 domain-containing protein,Culter alburnus (Topmouth culter),127,20,98,,InterPro:IPR035076
A0AAW2AU02,UPAR/Ly6 domain-containing protein,Culter alburnus (Topmouth culter),197,109,174,,InterPro:IPR035076
A0AAW2AWB5,Snake toxin/toxin-like domain-containing protein,Culter alburnus (Topmouth culter),76,21,75,,InterPro:IPR035076
A0AAW2AZM0,Uncharacterized protein,Culter alburnus (Topmouth culter),205,48,113,,InterPro:IPR035076
A0AAX6NVH2,UPAR/Ly6 domain-containing protein,Heterocephalus glaber (Naked mole rat),153,47,124,,InterPro:IPR035076
A0AAX6NVJ9,Snake toxin/toxin-like domain-containing protein,Heterocephalus glaber (Naked mole rat),110,20,87,,InterPro:IPR035076
A0AAX6QMZ1,Snake toxin/toxin-like domain-containing protein,Heterocephalus glaber (Naked mole rat),195,60,135,,InterPro:IPR035076
A0AAX6SG27,UPAR/Ly6 domain-containing protein,Heterocephalus glaber (Naked mole rat),136,27,104,,InterPro:IPR035076
A0AAX7TQX4,Snake toxin/toxin-like domain-containing protein,Astatotilapia calliptera (Eastern happy),123,18,97,,InterPro:IPR035076
A0AAX7ULR3,Snake toxin/toxin-like domain-containing protein,Astatotilapia calliptera (Eastern happy),135,29,97,,InterPro:IPR035076
A0AAX7VH71,UPAR/Ly6 domain-containing protein,Astatotilapia calliptera (Eastern happy),213,117,192,,InterPro:IPR035076
A0AAX7VVC4,Snake toxin/toxin-like domain-containing protein,Astatotilapia calliptera (Eastern happy),88,20,87,,InterPro:IPR035076
A0AAY4BXC8,UPAR/Ly6 domain-containing protein,Denticeps clupeoides (denticle herring),156,65,132,,InterPro:IPR035076
A0AAY4BY19,UPAR/Ly6 domain-containing protein,Denticeps clupeoides (denticle herring),195,109,172,,InterPro:IPR035076
A0AAY4EW92,Snake toxin/toxin-like domain-containing protein,Denticeps clupeoides (denticle herring),93,20,90,,InterPro:IPR035076
A0AAY5EC54,UPAR/Ly6 domain-containing protein,Electrophorus electricus (Electric eel),194,99,171,,InterPro:IPR035076
A0AAZ1XIQ6,UPAR/Ly6 domain-containing protein,Oreochromis aureus (Israeli tilapia),197,104,174,,InterPro:IPR035076
A0AAZ1XJ60,UPAR/Ly6 domain-containing protein,Oreochromis aureus (Israeli tilapia),243,155,220,,InterPro:IPR035076
A0AAZ1XJQ9,UPAR/Ly6 domain-containing protein,Oreochromis aureus (Israeli tilapia),200,112,177,,InterPro:IPR035076
A0AAZ1XQZ4,Snake toxin/toxin-like domain-containing protein,Oreochromis aureus (Israeli tilapia),126,20,88,,InterPro:IPR035076
A0AAZ1XRM6,UPAR/Ly6 domain-containing protein,Oreochromis aureus (Israeli tilapia),207,114,184,,InterPro:IPR035076
A0AAZ3PQE7,UPAR/Ly6 domain-containing protein,Oncorhynchus tshawytscha (Chinook salmon),151,43,121,,InterPro:IPR035076
A0AAZ3QIV7,Snake toxin/toxin-like domain-containing protein,Oncorhynchus tshawytscha (Chinook salmon),126,20,88,,InterPro:IPR035076
A0AAZ3QRY1,Snake toxin/toxin-like domain-containing protein,Oncorhynchus tshawytscha (Chinook salmon),125,19,87,,InterPro:IPR035076
A0AB13A3T4,Uncharacterized protein LOC566752 precursor,Danio rerio (Zebrafish),199,112,176,,InterPro:IPR035076
A0AB32TH96,UPAR/Ly6 domain-containing protein,Danio rerio (Zebrafish),160,70,137,,InterPro:IPR035076
A0AB32TH96,UPAR/Ly6 domain-containing protein,Danio rerio (Zebrafish),160,18,55,,InterPro:IPR035076
A0AB34GVT9,UPAR/Ly6 domain-containing protein,Eschrichtius robustus (California gray whale),130,21,98,,InterPro:IPR035076
A0ABC9W6S1,Lymphocyte antigen 6E,Grus japonensis (Japanese crane),126,21,96,,InterPro:IPR035076
A0ABC9W6T8,Prostate stem cell antigen-like,Grus japonensis (Japanese crane),122,21,92,,InterPro:IPR035076
A0ABC9W7W2,Lymphocyte antigen 6E-like,Grus japonensis (Japanese crane),71,16,69,,InterPro:IPR035076
A0ABC9W907,Lymphocyte antigen 6E-like,Grus japonensis (Japanese crane),166,61,136,,InterPro:IPR035076
A0ABC9W907,Lymphocyte antigen 6E-like,Grus japonensis (Japanese crane),166,21,55,,InterPro:IPR035076
A0ABD0VWG2,Uncharacterized protein,Umbra pygmaea (Eastern mudminnow),126,23,99,,InterPro:IPR035076
A0ABD0VWT6,Uncharacterized protein,Umbra pygmaea (Eastern mudminnow),128,21,101,,InterPro:IPR035076
A0ABD0X2L1,Uncharacterized protein,Umbra pygmaea (Eastern mudminnow),82,22,81,,InterPro:IPR035076
A0ABD0XCN8,Uncharacterized protein,Umbra pygmaea (Eastern mudminnow),207,113,185,,InterPro:IPR035076
A0ABD0XKK2,Uncharacterized protein,Umbra pygmaea (Eastern mudminnow),123,19,98,,InterPro:IPR035076
A0ABD1IW98,Uncharacterized protein,Coilia grayii (Gray's grenadier anchovy),140,52,117,,InterPro:IPR035076
A0ABD1J035,Uncharacterized protein,Coilia grayii (Gray's grenadier anchovy),223,113,185,,InterPro:IPR035076
A0ABD1J9M6,Uncharacterized protein,Coilia grayii (Gray's grenadier anchovy),128,20,98,,InterPro:IPR035076
A0ABD1JB59,Uncharacterized protein,Coilia grayii (Gray's grenadier anchovy),253,161,230,,InterPro:IPR035076
A0ABD1JD83,Uncharacterized protein,Coilia grayii (Gray's grenadier anchovy),207,115,184,,InterPro:IPR035076
A0ABD1JE20,Uncharacterized protein,Coilia grayii (Gray's grenadier anchovy),206,114,183,,InterPro:IPR035076
A0ABD1KP90,Uncharacterized protein,Coilia grayii (Gray's grenadier anchovy),203,104,179,,InterPro:IPR035076
A0ABD2DK90,Lymphocyte antigen 6D,Daubentonia madagascariensis (Aye-aye),128,21,93,,InterPro:IPR035076
A0ABD2DL29,Secreted Ly-6/uPAR-related protein 1,Daubentonia madagascariensis (Aye-aye),101,24,100,,InterPro:IPR035076
A0ABD2DLW1,Lymphocyte antigen 6E,Daubentonia madagascariensis (Aye-aye),130,21,98,,InterPro:IPR035076
A0ABD2FZ03,Uncharacterized protein,Pagothenia borchgrevinki (Bald rockcod),203,108,181,,InterPro:IPR035076
A0ABD2Q161,Uncharacterized protein,Cichlidogyrus casuarinus,124,24,101,,InterPro:IPR035076
A0ABD2Q404,Uncharacterized protein,Cichlidogyrus casuarinus,113,21,87,,InterPro:IPR035076
A0ABD3UZ52,Uncharacterized protein,Sinanodonta woodiana (Chinese pond mussel),2115,1976,2053,,InterPro:IPR035076
A0ABD3V087,Uncharacterized protein,Sinanodonta woodiana (Chinese pond mussel),144,20,112,,InterPro:IPR035076
A0ABD3WX20,Uncharacterized protein,Sinanodonta woodiana (Chinese pond mussel),171,66,132,,InterPro:IPR035076
A0ABF7SX40,Lymphocyte antigen 6E,Lamprotornis superbus,1164,244,319,,InterPro:IPR035076
A0ABF7SX40,Lymphocyte antigen 6E,Lamprotornis superbus,1164,141,185,,InterPro:IPR035076
A5X2W9,Snake toxin/toxin-like domain-containing protein,Sistrurus catenatus edwardsii (Desert massasauga),86,22,84,,InterPro:IPR035076
A5X2X0,Snake toxin/toxin-like domain-containing protein,Sistrurus catenatus edwardsii (Desert massasauga),85,22,84,,InterPro:IPR035076
A6HRX4,UPAR/Ly6 domain-containing protein,Rattus norvegicus (Rat),181,21,93,,InterPro:IPR035076
A6HRX5,Snake toxin/toxin-like domain-containing protein,Rattus norvegicus (Rat),87,21,54,,InterPro:IPR035076
A6HRX7,Snake toxin/toxin-like domain-containing protein,Rattus norvegicus (Rat),110,24,100,,InterPro:IPR035076
A6HRX8,UPAR/Ly6 domain-containing protein,Rattus norvegicus (Rat),127,23,100,,InterPro:IPR035076
A6HRX9,UPAR/Ly6 domain-containing protein,Rattus norvegicus (Rat),107,3,80,,InterPro:IPR035076
A6HRY3,Ly-6/neurotoxin-like protein 1,Rattus norvegicus (Rat),116,21,92,,InterPro:IPR035076
A6HRY4,UPAR/Ly6 domain-containing protein,Rattus norvegicus (Rat),127,22,93,,InterPro:IPR035076
A6HRY6,UPAR/Ly6 domain-containing protein,Rattus norvegicus (Rat),121,22,90,,InterPro:IPR035076
A6HRZ4,Snake toxin/toxin-like domain-containing protein,Rattus norvegicus (Rat),111,21,88,,InterPro:IPR035076
A6HRZ9,UPAR/Ly6 domain-containing protein,Rattus norvegicus (Rat),136,27,105,,InterPro:IPR035076
A6HS00,UPAR/Ly6 domain-containing protein,Rattus norvegicus (Rat),136,27,105,,InterPro:IPR035076
A6HS10,Snake toxin/toxin-like domain-containing protein,Rattus norvegicus (Rat),119,69,103,,InterPro:IPR035076
A6HS11,Snake toxin/toxin-like domain-containing protein,Rattus norvegicus (Rat),127,69,103,,InterPro:IPR035076
A6HS12,Snake toxin/toxin-like domain-containing protein,Rattus norvegicus (Rat),236,69,144,,InterPro:IPR035076
A7X3S5,Snake toxin/toxin-like domain-containing protein,Telescopus dhara (Egyptian catsnake),92,24,90,,InterPro:IPR035076
A7X3S8,Snake toxin/toxin-like domain-containing protein,Telescopus dhara (Egyptian catsnake),92,25,90,,InterPro:IPR035076
A7X3U7,Snake toxin/toxin-like domain-containing protein,Thrasops jacksonii (Jackson's black tree snake),89,23,86,,InterPro:IPR035076
B5FYB6,UPAR/Ly6 domain-containing protein,Taeniopygia guttata (Zebra finch),126,21,96,,InterPro:IPR035076
B5X906,UPAR/Ly6 domain-containing protein,Salmo salar (Atlantic salmon),128,20,98,,InterPro:IPR035076
B5XGQ8,UPAR/Ly6 domain-containing protein,Salmo salar (Atlantic salmon),128,20,98,,InterPro:IPR035076
B8Y6H3,Snake toxin/toxin-like domain-containing protein,Schistosoma mansoni (Blood fluke),124,26,96,,InterPro:IPR035076
C0HKZ8,Actiflagelin,Walterinnesia aegyptia (Desert black snake),63,1,62,,InterPro:IPR035076
C1L622,Snake toxin/toxin-like domain-containing protein,Schistosoma japonicum (Blood fluke),124,26,96,,InterPro:IPR035076
C1LIM7,Snake toxin/toxin-like domain-containing protein,Schistosoma japonicum (Blood fluke),125,27,97,,InterPro:IPR035076
D2H2M3,UPAR/Ly6 domain-containing protein,Ailuropoda melanoleuca (Giant panda),94,2,77,,InterPro:IPR035076
D2HHG6,UPAR/Ly6 domain-containing protein,Ailuropoda melanoleuca (Giant panda),111,4,76,,InterPro:IPR035076
D2HHG7,Secreted Ly-6/uPAR domain-containing protein 2,Ailuropoda melanoleuca (Giant panda),129,55,127,,InterPro:IPR035076
D2HHG8,UPAR/Ly6 domain-containing protein,Ailuropoda melanoleuca (Giant panda),100,2,79,,InterPro:IPR035076
D2HHG9,Snake toxin/toxin-like domain-containing protein,Ailuropoda melanoleuca (Giant panda),98,21,97,,InterPro:IPR035076
D2HHH1,UPAR/Ly6 domain-containing protein,Ailuropoda melanoleuca (Giant panda),110,7,79,,InterPro:IPR035076
D2I6G6,UPAR/Ly6 domain-containing protein,Ailuropoda melanoleuca (Giant panda),130,21,98,,InterPro:IPR035076
D3ZF96,Lymphocyte antigen 6 family member D,Rattus norvegicus (Rat),127,22,93,,InterPro:IPR035076
D3ZZL5,Snake toxin/toxin-like domain-containing protein,Rattus norvegicus (Rat),236,69,144,,InterPro:IPR035076
D4A6F2,Ly-6/neurotoxin-like protein 1,Rattus norvegicus (Rat),197,102,173,,InterPro:IPR035076
D4A6I7,UPAR/Ly6 domain-containing protein,Rattus norvegicus (Rat),123,21,93,,InterPro:IPR035076
D4A707,Ly6/Plaur domain containing 2,Rattus norvegicus (Rat),127,23,100,,InterPro:IPR035076
D4A7L8,Snake toxin/toxin-like domain-containing protein,Rattus norvegicus (Rat),110,24,100,,InterPro:IPR035076
D4ABI9,Lymphocyte antigen 6 family member M,Rattus norvegicus (Rat),111,21,88,,InterPro:IPR035076
D6PVT7,UPAR/Ly6 domain-containing protein,Epinephelus coioides (Orange-spotted grouper),199,106,176,,InterPro:IPR035076
E1B8I3,UPAR/Ly6 domain-containing protein,Bos taurus (Bovine),128,23,100,,InterPro:IPR035076
E1BP47,Snake toxin/toxin-like domain-containing protein,Bos taurus (Bovine),123,21,98,,InterPro:IPR035076
E3LS43,Snake toxin/toxin-like domain-containing protein,Caenorhabditis remanei,145,24,83,,InterPro:IPR035076
E5RGI6,Snake toxin/toxin-like domain-containing protein,Homo sapiens (Human),73,21,55,,InterPro:IPR035076
E5RGJ8,Snake toxin/toxin-like domain-containing protein,Homo sapiens (Human),100,42,79,,InterPro:IPR035076
E5RI33,Snake toxin/toxin-like domain-containing protein,Homo sapiens (Human),66,21,55,,InterPro:IPR035076
E5RIQ1,Snake toxin/toxin-like domain-containing protein,Homo sapiens (Human),66,21,55,,InterPro:IPR035076
E9G2U7,Snake toxin/toxin-like domain-containing protein,Daphnia pulex (Water flea),149,24,116,,InterPro:IPR035076
E9IRL8,Snake toxin/toxin-like domain-containing protein,Solenopsis invicta (Red imported fire ant),156,23,57,,InterPro:IPR035076
F1T0L0,UPAR/Ly6 domain-containing protein,Homo sapiens (Human),125,23,100,,InterPro:IPR035076
F6KMI0,UPAR/Ly6 domain-containing protein,Epinephelus coioides (Orange-spotted grouper),205,112,182,,InterPro:IPR035076
F6QSP3,Snake toxin/toxin-like domain-containing protein,Macaca mulatta (Rhesus macaque),165,42,122,,InterPro:IPR035076
F6S0D8,UPAR/Ly6 domain-containing protein,Monodelphis domestica (Gray short-tailed opossum),129,26,103,,InterPro:IPR035076
F6T0H2,Snake toxin/toxin-like domain-containing protein,Equus caballus (Horse),238,124,199,,InterPro:IPR035076
F6TDN8,UPAR/Ly6 domain-containing protein,Macaca mulatta (Rhesus macaque),131,21,99,,InterPro:IPR035076
F6XD70,UPAR/Ly6 domain-containing protein,Ornithorhynchus anatinus (Duckbill platypus),131,25,102,,InterPro:IPR035076
F6XD96,UPAR/Ly6 domain-containing protein,Ornithorhynchus anatinus (Duckbill platypus),126,21,98,,InterPro:IPR035076
F6XIX4,Ly-6/neurotoxin-like protein 1,Ornithorhynchus anatinus (Duckbill platypus),120,21,91,,InterPro:IPR035076
F6XND4,UPAR/Ly6 domain-containing protein,Equus caballus (Horse),306,196,274,,InterPro:IPR035076
F6ZX65,Snake toxin/toxin-like domain-containing protein,Xenopus tropicalis (Western clawed frog),112,25,111,,InterPro:IPR035076
F7A4I1,UPAR/Ly6 domain-containing protein,Macaca mulatta (Rhesus macaque),114,12,84,,InterPro:IPR035076
F7AHA8,Snake toxin/toxin-like domain-containing protein,Monodelphis domestica (Gray short-tailed opossum),133,22,99,,InterPro:IPR035076
F7B610,UPAR/Ly6 domain-containing protein,Equus caballus (Horse),246,139,211,,InterPro:IPR035076
F7C1G9,Snake toxin/toxin-like domain-containing protein,Monodelphis domestica (Gray short-tailed opossum),133,25,100,,InterPro:IPR035076
F7CE72,Snake toxin/toxin-like domain-containing protein,Monodelphis domestica (Gray short-tailed opossum),112,27,94,,InterPro:IPR035076
F7H437,Ly-6/neurotoxin-like protein 1,Callithrix jacchus (White-tufted-ear marmoset),116,21,92,,InterPro:IPR035076
F7HJQ7,UPAR/Ly6 domain-containing protein,Callithrix jacchus (White-tufted-ear marmoset),130,20,98,,InterPro:IPR035076
G0MKD9,Snake toxin/toxin-like domain-containing protein,Caenorhabditis brenneri (Nematode worm),134,24,83,,InterPro:IPR035076
G1K0W0,Snake toxin/toxin-like domain-containing protein,Caenorhabditis elegans,154,56,115,,InterPro:IPR035076
G1L3K1,Secreted Ly-6/uPAR domain-containing protein 2,Ailuropoda melanoleuca (Giant panda),109,35,107,,InterPro:IPR035076
G1L3K2,UPAR/Ly6 domain-containing protein,Ailuropoda melanoleuca (Giant panda),128,24,101,,InterPro:IPR035076
G1L3K4,Snake toxin/toxin-like domain-containing protein,Ailuropoda melanoleuca (Giant panda),102,25,101,,InterPro:IPR035076
G1L3L9,UPAR/Ly6 domain-containing protein,Ailuropoda melanoleuca (Giant panda),115,12,84,,InterPro:IPR035076
G1MM78,UPAR/Ly6 domain-containing protein,Ailuropoda melanoleuca (Giant panda),161,36,115,,InterPro:IPR035076
G1NJY7,UPAR/Ly6 domain-containing protein,Meleagris gallopavo (Wild turkey),122,21,92,,InterPro:IPR035076
G1NJZ1,UPAR/Ly6 domain-containing protein,Meleagris gallopavo (Wild turkey),141,10,85,,InterPro:IPR035076
G1NJZ2,Snake toxin/toxin-like domain-containing protein,Meleagris gallopavo (Wild turkey),70,19,57,,InterPro:IPR035076
G1NJZ3,UPAR/Ly6 domain-containing protein,Meleagris gallopavo (Wild turkey),126,21,96,,InterPro:IPR035076
G1NJZ4,UPAR/Ly6 domain-containing protein,Meleagris gallopavo (Wild turkey),126,21,96,,InterPro:IPR035076
G1PED2,UPAR/Ly6 domain-containing protein,Myotis lucifugus (Little brown bat),153,23,104,,InterPro:IPR035076
G1Q6X2,Ly-6/neurotoxin-like protein 1,Myotis lucifugus (Little brown bat),116,21,92,,InterPro:IPR035076
G1QKR3,UPAR/Ly6 domain-containing protein,Nomascus leucogenys (Northern white-cheeked gibbon),123,21,93,,InterPro:IPR035076
G1QKT9,UPAR/Ly6 domain-containing protein,Nomascus leucogenys (Northern white-cheeked gibbon),125,23,100,,InterPro:IPR035076
G1QKY9,UPAR/Ly6 domain-containing protein,Nomascus leucogenys (Northern white-cheeked gibbon),128,21,93,,InterPro:IPR035076
G1QL73,UPAR/Ly6 domain-containing protein,Nomascus leucogenys (Northern white-cheeked gibbon),127,21,99,,InterPro:IPR035076
G1SJS3,UPAR/Ly6 domain-containing protein,Oryctolagus cuniculus (Rabbit),114,12,84,,InterPro:IPR035076
G1U593,UPAR/Ly6 domain-containing protein,Oryctolagus cuniculus (Rabbit),163,37,119,,InterPro:IPR035076
G1U6Z7,UPAR/Ly6 domain-containing protein,Oryctolagus cuniculus (Rabbit),111,21,88,,InterPro:IPR035076
G3I5I5,Snake toxin/toxin-like domain-containing protein,Cricetulus griseus (Chinese hamster),247,64,139,,InterPro:IPR035076
G3I917,Snake toxin/toxin-like domain-containing protein,Cricetulus griseus (Chinese hamster),110,24,100,,InterPro:IPR035076
G3I918,UPAR/Ly6 domain-containing protein,Cricetulus griseus (Chinese hamster),127,23,100,,InterPro:IPR035076
G3I920,Ly-6/neurotoxin-like protein 1,Cricetulus griseus (Chinese hamster),116,21,92,,InterPro:IPR035076
G3IHD6,steroid 11beta-monooxygenase,Cricetulus griseus (Chinese hamster),555,21,88,,InterPro:IPR035076
G3IHD7,UPAR/Ly6 domain-containing protein,Cricetulus griseus (Chinese hamster),130,21,99,,InterPro:IPR035076
G3IKZ9,UPAR/Ly6 domain-containing protein,Cricetulus griseus (Chinese hamster),127,21,93,,InterPro:IPR035076
G3MZX4,UPAR/Ly6 domain-containing protein,Bos taurus (Bovine),120,21,89,,InterPro:IPR035076
G3QG11,UPAR/Ly6 domain-containing protein,Gorilla gorilla gorilla (Western lowland gorilla),131,21,99,,InterPro:IPR035076
G3QMK5,UPAR/Ly6 domain-containing protein,Gorilla gorilla gorilla (Western lowland gorilla),123,21,93,,InterPro:IPR035076
G3QMK6,Snake toxin/toxin-like domain-containing protein,Gorilla gorilla gorilla (Western lowland gorilla),165,42,122,,InterPro:IPR035076
G3RKS8,UPAR/Ly6 domain-containing protein,Gorilla gorilla gorilla (Western lowland gorilla),128,21,93,,InterPro:IPR035076
G3RTI8,UPAR/Ly6 domain-containing protein,Gorilla gorilla gorilla (Western lowland gorilla),125,23,100,,InterPro:IPR035076
G3SLJ6,UPAR/Ly6 domain-containing protein,Loxodonta africana (African elephant),127,23,100,,InterPro:IPR035076
G3T9Y6,UPAR/Ly6 domain-containing protein,Loxodonta africana (African elephant),133,26,103,,InterPro:IPR035076
G3TMV3,Ly-6/neurotoxin-like protein 1,Loxodonta africana (African elephant),116,21,92,,InterPro:IPR035076
G3TYP1,UPAR/Ly6 domain-containing protein,Loxodonta africana (African elephant),111,21,88,,InterPro:IPR035076
G3V0Z9,Snake toxin/toxin-like domain-containing protein,Homo sapiens (Human),82,21,53,,InterPro:IPR035076
G3WZU6,Snake toxin/toxin-like domain-containing protein,Sarcophilus harrisii (Tasmanian devil),122,16,93,,InterPro:IPR035076
G3X079,Ly-6/neurotoxin-like protein 1,Sarcophilus harrisii (Tasmanian devil),111,11,82,,InterPro:IPR035076
G5AWD9,Snake toxin/toxin-like domain-containing protein,Heterocephalus glaber (Naked mole rat),77,21,54,,InterPro:IPR035076
G5AWG1,Snake toxin/toxin-like domain-containing protein,Heterocephalus glaber (Naked mole rat),161,63,138,,InterPro:IPR035076
G5AWG5,UPAR/Ly6 domain-containing protein,Heterocephalus glaber (Naked mole rat),130,21,98,,InterPro:IPR035076
G5C8X5,UPAR/Ly6 domain-containing protein,Heterocephalus glaber (Naked mole rat),123,21,93,,InterPro:IPR035076
G5C8X7,Snake toxin/toxin-like domain-containing protein,Heterocephalus glaber (Naked mole rat),103,20,96,,InterPro:IPR035076
G5C8X8,UPAR/Ly6 domain-containing protein,Heterocephalus glaber (Naked mole rat),126,20,97,,InterPro:IPR035076
G5C8Y0,UPAR/Ly6 domain-containing protein,Heterocephalus glaber (Naked mole rat),130,21,94,,InterPro:IPR035076
G7N071,Snake toxin/toxin-like domain-containing protein,Macaca mulatta (Rhesus macaque),126,62,96,,InterPro:IPR035076
G7N074,UPAR/Ly6 domain-containing protein,Macaca mulatta (Rhesus macaque),127,23,100,,InterPro:IPR035076
G7N076,UPAR/Ly6 domain-containing protein,Macaca mulatta (Rhesus macaque),129,25,97,,InterPro:IPR035076
G7N081,Snake toxin/toxin-like domain-containing protein,Macaca mulatta (Rhesus macaque),184,63,137,,InterPro:IPR035076
G7PD21,Snake toxin/toxin-like domain-containing protein,Macaca fascicularis (Crab-eating macaque),126,62,96,,InterPro:IPR035076
G7PD22,Snake toxin/toxin-like domain-containing protein,Macaca fascicularis (Crab-eating macaque),131,8,88,,InterPro:IPR035076
G7PD25,UPAR/Ly6 domain-containing protein,Macaca fascicularis (Crab-eating macaque),127,23,100,,InterPro:IPR035076
G7PD27,UPAR/Ly6 domain-containing protein,Macaca fascicularis (Crab-eating macaque),129,25,97,,InterPro:IPR035076
G7PD29,UPAR/Ly6 domain-containing protein,Macaca fascicularis (Crab-eating macaque),164,21,99,,InterPro:IPR035076
G7YFC2,Snake toxin/toxin-like domain-containing protein,Clonorchis sinensis (Chinese liver fluke),115,21,91,,InterPro:IPR035076
G8F599,Snake toxin/toxin-like domain-containing protein,Macaca fascicularis (Crab-eating macaque),184,63,137,,InterPro:IPR035076
G9K903,UPAR/Ly6 domain-containing protein,Mustela putorius furo (European domestic ferret),130,21,98,,InterPro:IPR035076
G9K915,Ly-6/neurotoxin-like protein 1,Mustela putorius furo (European domestic ferret),119,24,95,,InterPro:IPR035076
G9K917,UPAR/Ly6 domain-containing protein,Mustela putorius furo (European domestic ferret),125,22,99,,InterPro:IPR035076
G9KIW3,UPAR/Ly6 domain-containing protein,Mustela putorius furo (European domestic ferret),107,4,76,,InterPro:IPR035076
G9KQ20,Snake toxin/toxin-like domain-containing protein,Mustela putorius furo (European domestic ferret),81,5,81,,InterPro:IPR035076
H0W9V6,UPAR/Ly6 domain-containing protein,Cavia porcellus (Guinea pig),122,21,93,,InterPro:IPR035076
H0WVP2,UPAR/Ly6 domain-containing protein,Otolemur garnettii (Small-eared galago),127,23,100,,InterPro:IPR035076
H0X8W3,UPAR/Ly6 domain-containing protein,Otolemur garnettii (Small-eared galago),136,27,104,,InterPro:IPR035076
H0XHS3,UPAR/Ly6 domain-containing protein,Otolemur garnettii (Small-eared galago),124,21,93,,InterPro:IPR035076
H0XJL4,Snake toxin/toxin-like domain-containing protein,Otolemur garnettii (Small-eared galago),116,21,92,,InterPro:IPR035076
H0XND0,UPAR/Ly6 domain-containing protein,Otolemur garnettii (Small-eared galago),163,42,121,,InterPro:IPR035076
H0XNS6,Snake toxin/toxin-like domain-containing protein,Otolemur garnettii (Small-eared galago),111,21,88,,InterPro:IPR035076
H0XW29,UPAR/Ly6 domain-containing protein,Otolemur garnettii (Small-eared galago),181,66,141,,InterPro:IPR035076
H0XZ56,UPAR/Ly6 domain-containing protein,Otolemur garnettii (Small-eared galago),127,21,92,,InterPro:IPR035076
H0YB07,Snake toxin/toxin-like domain-containing protein,Homo sapiens (Human),85,42,74,,InterPro:IPR035076
H0ZR58,UPAR/Ly6 domain-containing protein,Taeniopygia guttata (Zebra finch),122,21,92,,InterPro:IPR035076
H0ZR60,Snake toxin/toxin-like domain-containing protein,Taeniopygia guttata (Zebra finch),137,31,105,,InterPro:IPR035076
H0ZR62,UPAR/Ly6 domain-containing protein,Taeniopygia guttata (Zebra finch),126,21,96,,InterPro:IPR035076
H0ZR63,UPAR/Ly6 domain-containing protein,Taeniopygia guttata (Zebra finch),126,21,96,,InterPro:IPR035076
H1A522,UPAR/Ly6 domain-containing protein,Taeniopygia guttata (Zebra finch),152,43,109,,InterPro:IPR035076
H2LW19,Snake toxin/toxin-like domain-containing protein,Oryzias latipes (Japanese rice fish),122,19,87,,InterPro:IPR035076
H2N1D1,Snake toxin/toxin-like domain-containing protein,Oryzias latipes (Japanese rice fish),106,34,104,,InterPro:IPR035076
H2PRB3,UPAR/Ly6 domain-containing protein,Pongo abelii (Sumatran orangutan),114,12,84,,InterPro:IPR035076
H2PRB6,UPAR/Ly6 domain-containing protein,Pongo abelii (Sumatran orangutan),125,23,100,,InterPro:IPR035076
H2PRC4,Snake toxin/toxin-like domain-containing protein,Pongo abelii (Sumatran orangutan),184,63,137,,InterPro:IPR035076
H2QWS6,UPAR/Ly6 domain-containing protein,Pan troglodytes (Chimpanzee),123,21,93,,InterPro:IPR035076
H2QWS7,Snake toxin/toxin-like domain-containing protein,Pan troglodytes (Chimpanzee),165,42,122,,InterPro:IPR035076
H2QWT1,UPAR/Ly6 domain-containing protein,Pan troglodytes (Chimpanzee),128,21,93,,InterPro:IPR035076
H2QWT5,UPAR/Ly6 domain-containing protein,Pan troglodytes (Chimpanzee),131,21,99,,InterPro:IPR035076
H2R224,UPAR/Ly6 domain-containing protein,Pan troglodytes (Chimpanzee),125,23,100,,InterPro:IPR035076
H2Y967,VWFA domain-containing protein,Ciona savignyi (Pacific transparent sea squirt),424,384,417,,InterPro:IPR035076
H2YSM5,SMB domain-containing protein,Ciona savignyi (Pacific transparent sea squirt),325,129,208,,InterPro:IPR035076
H3ACN4,Snake toxin/toxin-like domain-containing protein,Latimeria chalumnae (Coelacanth),126,20,88,,InterPro:IPR035076
H9G4V9,UPAR/Ly6 domain-containing protein,Anolis carolinensis (Green anole),126,20,97,,InterPro:IPR035076
H9G4X2,Snake toxin/toxin-like domain-containing protein,Anolis carolinensis (Green anole),67,16,50,,InterPro:IPR035076
H9GQH3,UPAR/Ly6 domain-containing protein,Anolis carolinensis (Green anole),142,47,112,,InterPro:IPR035076
I3JRS1,UPAR/Ly6 domain-containing protein,Oreochromis niloticus (Nile tilapia),205,113,182,,InterPro:IPR035076
I3JWN5,Snake toxin/toxin-like domain-containing protein,Oreochromis niloticus (Nile tilapia),137,51,114,,InterPro:IPR035076
I3JWN8,UPAR/Ly6 domain-containing protein,Oreochromis niloticus (Nile tilapia),207,114,184,,InterPro:IPR035076
I3KEG5,UPAR/Ly6 domain-containing protein,Oreochromis niloticus (Nile tilapia),208,114,185,,InterPro:IPR035076
I3KVJ5,UPAR/Ly6 domain-containing protein,Oreochromis niloticus (Nile tilapia),207,114,184,,InterPro:IPR035076
I3MBD7,UPAR/Ly6 domain-containing protein,Ictidomys tridecemlineatus (Thirteen-lined ground squirrel),123,21,93,,InterPro:IPR035076
I3MRR0,UPAR/Ly6 domain-containing protein,Ictidomys tridecemlineatus (Thirteen-lined ground squirrel),131,25,97,,InterPro:IPR035076
I3MWZ0,Secreted Ly-6/uPAR domain-containing protein 2,Ictidomys tridecemlineatus (Thirteen-lined ground squirrel),131,21,53,,InterPro:IPR035076
I7G3A4,UPAR/Ly6 domain-containing protein,Macaca fascicularis (Crab-eating macaque),131,21,99,,InterPro:IPR035076
K1P696,Snake toxin/toxin-like domain-containing protein,Magallana gigas (Pacific oyster),134,1,69,,InterPro:IPR035076
K1RA50,Snake toxin/toxin-like domain-containing protein,Magallana gigas (Pacific oyster),142,73,120,,InterPro:IPR035076
K1RHA1,Snake toxin/toxin-like domain-containing protein,Magallana gigas (Pacific oyster),331,51,128,,InterPro:IPR035076
K6ZXK1,Snake toxin/toxin-like domain-containing protein,Pan troglodytes (Chimpanzee),165,42,122,,InterPro:IPR035076
K7DZP7,Ly-6/neurotoxin-like protein 1,Monodelphis domestica (Gray short-tailed opossum),121,21,92,,InterPro:IPR035076
K7E147,UPAR/Ly6 domain-containing protein,Monodelphis domestica (Gray short-tailed opossum),117,21,86,,InterPro:IPR035076
K7E1F9,UPAR/Ly6 domain-containing protein,Monodelphis domestica (Gray short-tailed opossum),254,141,216,,InterPro:IPR035076
K7E664,Ly-6/neurotoxin-like protein 1,Monodelphis domestica (Gray short-tailed opossum),120,22,91,,InterPro:IPR035076
K7F1B4,Snake toxin/toxin-like domain-containing protein,Pelodiscus sinensis (Chinese softshell turtle),59,5,39,,InterPro:IPR035076
K7FHJ1,UPAR/Ly6 domain-containing protein,Pelodiscus sinensis (Chinese softshell turtle),124,21,93,,InterPro:IPR035076
K7FHL5,UPAR/Ly6 domain-containing protein,Pelodiscus sinensis (Chinese softshell turtle),130,25,102,,InterPro:IPR035076
K7FHR4,UPAR/Ly6 domain-containing protein,Pelodiscus sinensis (Chinese softshell turtle),127,21,98,,InterPro:IPR035076
K7FHS3,UPAR/Ly6 domain-containing protein,Pelodiscus sinensis (Chinese softshell turtle),109,7,84,,InterPro:IPR035076
K7FHV3,UPAR/Ly6 domain-containing protein,Pelodiscus sinensis (Chinese softshell turtle),124,20,95,,InterPro:IPR035076
K7FI05,UPAR/Ly6 domain-containing protein,Pelodiscus sinensis (Chinese softshell turtle),126,21,96,,InterPro:IPR035076
K7FIX3,UPAR/Ly6 domain-containing protein,Pelodiscus sinensis (Chinese softshell turtle),92,5,84,,InterPro:IPR035076
K7FJ01,UPAR/Ly6 domain-containing protein,Pelodiscus sinensis (Chinese softshell turtle),99,21,98,,InterPro:IPR035076
K9IFW4,Ly-6/neurotoxin-like protein 1,Desmodus rotundus (Vampire bat),116,21,92,,InterPro:IPR035076
L5KJ51,Ly-6/neurotoxin-like protein 1,Pteropus alecto (Black flying fox),113,18,89,,InterPro:IPR035076
L5KJE3,UPAR/Ly6 domain-containing protein,Pteropus alecto (Black flying fox),229,119,197,,InterPro:IPR035076
L5KK15,Snake toxin/toxin-like domain-containing protein,Pteropus alecto (Black flying fox),172,57,131,,InterPro:IPR035076
L5KLM7,UPAR/Ly6 domain-containing protein,Pteropus alecto (Black flying fox),122,20,91,,InterPro:IPR035076
L5KM81,Snake toxin/toxin-like domain-containing protein,Pteropus alecto (Black flying fox),203,142,176,,InterPro:IPR035076
L5KM81,Snake toxin/toxin-like domain-containing protein,Pteropus alecto (Black flying fox),203,23,58,,InterPro:IPR035076
L8IEU0,UPAR/Ly6 domain-containing protein,Bos mutus (wild yak),128,21,93,,InterPro:IPR035076
L8IFN6,Ly-6/neurotoxin-like protein 1,Bos mutus (wild yak),116,21,92,,InterPro:IPR035076
L8IFR2,Snake toxin/toxin-like domain-containing protein,Bos mutus (wild yak),112,24,101,,InterPro:IPR035076
L8IHN5,Snake toxin/toxin-like domain-containing protein,Bos mutus (wild yak),174,48,129,,InterPro:IPR035076
L8IIX7,UPAR/Ly6 domain-containing protein,Bos mutus (wild yak),128,23,100,,InterPro:IPR035076
L8J1P9,UPAR/Ly6 domain-containing protein,Bos mutus (wild yak),135,26,103,,InterPro:IPR035076
L8J2A4,Snake toxin/toxin-like domain-containing protein,Bos mutus (wild yak),177,65,138,,InterPro:IPR035076
L9JCP1,Snake toxin/toxin-like domain-containing protein,Tupaia chinensis (Chinese tree shrew),153,54,131,,InterPro:IPR035076
L9KKE9,Ly-6/neurotoxin-like protein 1,Tupaia chinensis (Chinese tree shrew),116,21,92,,InterPro:IPR035076
L9KL14,UPAR/Ly6 domain-containing protein,Tupaia chinensis (Chinese tree shrew),214,109,177,,InterPro:IPR035076
L9KL19,Snake toxin/toxin-like domain-containing protein,Tupaia chinensis (Chinese tree shrew),121,24,100,,InterPro:IPR035076
L9KLR5,Snake toxin/toxin-like domain-containing protein,Tupaia chinensis (Chinese tree shrew),101,21,52,,InterPro:IPR035076
L9KLS0,Protein THEM6,Tupaia chinensis (Chinese tree shrew),379,21,93,,InterPro:IPR035076
L9KQH2,UPAR/Ly6 domain-containing protein,Tupaia chinensis (Chinese tree shrew),127,23,100,,InterPro:IPR035076
M1ER82,Snake toxin/toxin-like domain-containing protein,Mustela putorius furo (European domestic ferret),166,52,127,,InterPro:IPR035076
M3VU52,UPAR/Ly6 domain-containing protein,Felis catus (Cat),128,24,101,,InterPro:IPR035076
M3WRE7,Secreted Ly-6/uPAR domain-containing protein 2,Felis catus (Cat),231,157,229,,InterPro:IPR035076
M3WU16,UPAR/Ly6 domain-containing protein,Felis catus (Cat),163,54,131,,InterPro:IPR035076
M3XSM3,UPAR/Ly6 domain-containing protein,Mustela putorius furo (European domestic ferret),122,21,97,,InterPro:IPR035076
M3XSN1,Snake toxin/toxin-like domain-containing protein,Mustela putorius furo (European domestic ferret),173,24,57,,InterPro:IPR035076
M3XSN1,Snake toxin/toxin-like domain-containing protein,Mustela putorius furo (European domestic ferret),173,65,98,,InterPro:IPR035076
M3XSN4,Secreted Ly-6/uPAR domain-containing protein 2,Mustela putorius furo (European domestic ferret),125,51,123,,InterPro:IPR035076
M3XSP1,Ly-6/neurotoxin-like protein 1,Mustela putorius furo (European domestic ferret),120,22,93,,InterPro:IPR035076
M3YAT0,Snake toxin/toxin-like domain-containing protein,Mustela putorius furo (European domestic ferret),173,59,134,,InterPro:IPR035076
M3YAW4,UPAR/Ly6 domain-containing protein,Mustela putorius furo (European domestic ferret),136,27,104,,InterPro:IPR035076
M3YZ04,UPAR/Ly6 domain-containing protein,Mustela putorius furo (European domestic ferret),108,4,81,,InterPro:IPR035076
M3ZTY2,UPAR/Ly6 domain-containing protein,Xiphophorus maculatus (Southern platyfish),124,16,88,,InterPro:IPR035076
M4A8Y7,Snake toxin/toxin-like domain-containing protein,Xiphophorus maculatus (Southern platyfish),98,2,72,,InterPro:IPR035076
M7AN25,Snake toxin/toxin-like domain-containing protein,Chelonia mydas (Green sea-turtle),70,6,39,,InterPro:IPR035076
M7AN30,UPAR/Ly6 domain-containing protein,Chelonia mydas (Green sea-turtle),123,22,93,,InterPro:IPR035076
M7APV6,UPAR/Ly6 domain-containing protein,Chelonia mydas (Green sea-turtle),203,21,53,,InterPro:IPR035076
M7APV6,UPAR/Ly6 domain-containing protein,Chelonia mydas (Green sea-turtle),203,101,174,,InterPro:IPR035076
M7APV6,UPAR/Ly6 domain-containing protein,Chelonia mydas (Green sea-turtle),203,61,93,,InterPro:IPR035076
M7AUH0,UPAR/Ly6 domain-containing protein,Chelonia mydas (Green sea-turtle),203,99,174,,InterPro:IPR035076
M7AUH5,UPAR/Ly6 domain-containing protein,Chelonia mydas (Green sea-turtle),153,25,59,,InterPro:IPR035076
M7AUH5,UPAR/Ly6 domain-containing protein,Chelonia mydas (Green sea-turtle),153,65,141,,InterPro:IPR035076
M7B3E5,Snake toxin/toxin-like domain-containing protein,Chelonia mydas (Green sea-turtle),92,2,63,,InterPro:IPR035076
M7B3F0,UPAR/Ly6 domain-containing protein,Chelonia mydas (Green sea-turtle),126,23,96,,InterPro:IPR035076
M7BEI7,UPAR/Ly6 domain-containing protein,Chelonia mydas (Green sea-turtle),149,45,122,,InterPro:IPR035076
M7BEJ4,UPAR/Ly6 domain-containing protein,Chelonia mydas (Green sea-turtle),126,21,96,,InterPro:IPR035076
O43653,Prostate stem cell antigen,Homo sapiens (Human),114,12,84,,InterPro:IPR035076
P0DP58,Ly-6/neurotoxin-like protein 1,Homo sapiens (Human),116,21,92,,InterPro:IPR035076
P0DP60,Ly-6/neurotoxin-like protein 1,Mus musculus (Mouse),116,21,92,,InterPro:IPR035076
P0DP62,Ly-6/neurotoxin-like protein 1,Macaca mulatta (Rhesus macaque),118,23,94,,InterPro:IPR035076
P0DPU8,U-scoloptoxin(05)-Ssd1a,Scolopendra dehaani (Thai centipede),105,26,103,,InterPro:IPR035076
P0DPX6,U-scoloptoxin(05)-Sa2a,Scolopendra alternans (Florida Keys giant centipede),105,26,103,,InterPro:IPR035076
P25682,Toxin S6C6,Dendroaspis jamesoni kaimosae (Eastern Jameson's mamba),63,1,62,,InterPro:IPR035076
P35459,Lymphocyte antigen 6D,Mus musculus (Mouse),127,21,93,,InterPro:IPR035076
P57096,Prostate stem cell antigen,Mus musculus (Mouse),123,21,93,,InterPro:IPR035076
P81782,Bucandin,Bungarus candidus (Malayan krait),63,1,62,,InterPro:IPR035076
Q07G93,Snake toxin/toxin-like domain-containing protein,Xenopus tropicalis (Western clawed frog),115,28,114,,InterPro:IPR035076
Q14210,Lymphocyte antigen 6D,Homo sapiens (Human),128,21,93,,InterPro:IPR035076
Q148C3,Lymphocyte antigen 6D,Bos taurus (Bovine),128,21,93,,InterPro:IPR035076
Q14B14,UPAR/Ly6 domain-containing protein,Mus musculus (Mouse),111,21,88,,InterPro:IPR035076
Q16553,Lymphocyte antigen 6E,Homo sapiens (Human),131,21,99,,InterPro:IPR035076
Q17RY6,Lymphocyte antigen 6K,Homo sapiens (Human),165,42,122,,InterPro:IPR035076
Q1RMM2,"Lymphocyte antigen 6 complex, locus E",Bos taurus (Bovine),130,21,98,,InterPro:IPR035076
Q1RMQ4,Ly-6/neurotoxin-like protein 1,Bos taurus (Bovine),116,21,92,,InterPro:IPR035076
Q27J50,Snake toxin/toxin-like domain-containing protein,Lachesis muta (South American bushmaster),93,21,92,,InterPro:IPR035076
Q28CY6,Snake toxin/toxin-like domain-containing protein,Xenopus tropicalis (Western clawed frog),124,37,123,,InterPro:IPR035076
Q4RUW9,UPAR/Ly6 domain-containing protein,Tetraodon nigroviridis (Spotted green pufferfish),106,20,83,,InterPro:IPR035076
Q4T653,Snake toxin/toxin-like domain-containing protein,Tetraodon nigroviridis (Spotted green pufferfish),78,20,78,,InterPro:IPR035076
Q53G57,UPAR/Ly6 domain-containing protein,Homo sapiens (Human),131,21,99,,InterPro:IPR035076
Q5D8X1,Snake toxin/toxin-like domain-containing protein,Schistosoma japonicum (Blood fluke),124,26,96,,InterPro:IPR035076
Q5DC93,Snake toxin/toxin-like domain-containing protein,Schistosoma japonicum (Blood fluke),125,28,98,,InterPro:IPR035076
Q5IS42,Ly-6/neurotoxin-like protein 1,Pan troglodytes (Chimpanzee),116,21,92,,InterPro:IPR035076
Q5IS87,Ly-6/neurotoxin-like protein 1,Saimiri boliviensis boliviensis (Bolivian squirrel monkey),116,21,92,,InterPro:IPR035076
Q64253,Lymphocyte antigen 6E,Mus musculus (Mouse),136,27,105,,InterPro:IPR035076
Q6UXB3,Ly6/PLAUR domain-containing protein 2,Homo sapiens (Human),125,23,100,,InterPro:IPR035076
Q8IV16,Glycosylphosphatidylinositol-anchored high density lipoprotein-binding protein 1,Homo sapiens (Human),184,63,137,,InterPro:IPR035076
Q8JZT1,Snake toxin/toxin-like domain-containing protein,Mus musculus (Mouse),94,56,88,,InterPro:IPR035076
Q90986,Lymphocyte antigen 6E,Gallus gallus (Chicken),126,21,96,,InterPro:IPR035076
Q9CQ11,UPAR/Ly6 domain-containing protein,Mus musculus (Mouse),111,21,88,,InterPro:IPR035076
Q9CXN2,UPAR/Ly6 domain-containing protein,Mus musculus (Mouse),133,27,105,,InterPro:IPR035076
Q9D1N2,Glycosylphosphatidylinositol-anchored high density lipoprotein-binding protein 1,Mus musculus (Mouse),228,61,136,,InterPro:IPR035076
Q9DD23,Ly6/PLAUR domain-containing protein 2,Mus musculus (Mouse),127,23,100,,InterPro:IPR035076
Q9Z0K7,Secreted Ly-6/uPAR-related protein 1,Mus musculus (Mouse),110,24,100,,InterPro:IPR035076
R0K1S5,UPAR/Ly6 domain-containing protein,Anas platyrhynchos (Mallard),114,9,84,,InterPro:IPR035076
R0K2R2,UPAR/Ly6 domain-containing protein,Anas platyrhynchos (Mallard),111,5,82,,InterPro:IPR035076
R0LE23,UPAR/Ly6 domain-containing protein,Anas platyrhynchos (Mallard),127,22,97,,InterPro:IPR035076
R0LQ86,UPAR/Ly6 domain-containing protein,Anas platyrhynchos (Mallard),109,5,80,,InterPro:IPR035076
R0LU27,UPAR/Ly6 domain-containing protein,Anas platyrhynchos (Mallard),109,4,79,,InterPro:IPR035076
R4G9L9,UPAR/Ly6 domain-containing protein,Anolis carolinensis (Green anole),126,21,96,,InterPro:IPR035076
R4GCU5,UPAR/Ly6 domain-containing protein,Anolis carolinensis (Green anole),125,22,95,,InterPro:IPR035076
R7TQB6,Snake toxin/toxin-like domain-containing protein,Capitella teleta (Polychaete worm),135,24,107,,InterPro:IPR035076
R7V544,Snake toxin/toxin-like domain-containing protein,Capitella teleta (Polychaete worm),147,22,114,,InterPro:IPR035076
R7V6D4,Snake toxin/toxin-like domain-containing protein,Capitella teleta (Polychaete worm),135,24,107,,InterPro:IPR035076
R7VNC6,UPAR/Ly6 domain-containing protein,Columba livia (Rock dove),116,12,86,,InterPro:IPR035076
R7VNC8,UPAR/Ly6 domain-containing protein,Columba livia (Rock dove),105,4,75,,InterPro:IPR035076
R7VNH2,Snake toxin/toxin-like domain-containing protein,Columba livia (Rock dove),86,11,86,,InterPro:IPR035076
R7VNS5,UPAR/Ly6 domain-containing protein,Columba livia (Rock dove),109,3,80,,InterPro:IPR035076
R7VS01,UPAR/Ly6 domain-containing protein,Columba livia (Rock dove),108,4,79,,InterPro:IPR035076
R7VSQ5,UPAR/Ly6 domain-containing protein,Columba livia (Rock dove),111,6,81,,InterPro:IPR035076
R7VXN5,"Lymphocyte antigen 6 complex, locus E",Columba livia (Rock dove),109,21,97,,InterPro:IPR035076
S7MWS4,UPAR/Ly6 domain-containing protein,Myotis brandtii (Brandt's bat),134,4,85,,InterPro:IPR035076
S9X6L3,Secreted Ly-6/uPAR-related protein 1,Camelus ferus (Wild bactrian camel),127,26,102,,InterPro:IPR035076
S9X8U9,UPAR/Ly6 domain-containing protein,Camelus ferus (Wild bactrian camel),125,21,98,,InterPro:IPR035076
T1JCL1,Snake toxin/toxin-like domain-containing protein,Strigamia maritima (European centipede),210,27,104,,InterPro:IPR035076
U3F7R0,UPAR/Ly6 domain-containing protein,Micrurus fulvius (Eastern coral snake),126,21,96,,InterPro:IPR035076
U3FVH6,Snake toxin/toxin-like domain-containing protein,Micrurus fulvius (Eastern coral snake),84,22,83,,InterPro:IPR035076
U3IRH6,UPAR/Ly6 domain-containing protein,Anas platyrhynchos platyrhynchos (Northern mallard),155,21,98,,InterPro:IPR035076
U3IRL1,UPAR/Ly6 domain-containing protein,Anas platyrhynchos platyrhynchos (Northern mallard),270,21,96,,InterPro:IPR035076
U3IRL4,UPAR/Ly6 domain-containing protein,Anas platyrhynchos platyrhynchos (Northern mallard),127,22,97,,InterPro:IPR035076
U3IRN9,UPAR/Ly6 domain-containing protein,Anas platyrhynchos platyrhynchos (Northern mallard),155,21,96,,InterPro:IPR035076
U3K4M5,Snake toxin/toxin-like domain-containing protein,Ficedula albicollis (Collared flycatcher),68,18,52,,InterPro:IPR035076
U3K4M8,UPAR/Ly6 domain-containing protein,Ficedula albicollis (Collared flycatcher),230,125,200,,InterPro:IPR035076
U3K4N2,UPAR/Ly6 domain-containing protein,Ficedula albicollis (Collared flycatcher),126,21,96,,InterPro:IPR035076
U3K4Q3,UPAR/Ly6 domain-containing protein,Ficedula albicollis (Collared flycatcher),127,21,98,,InterPro:IPR035076
U3K4Q7,Snake toxin/toxin-like domain-containing protein,Ficedula albicollis (Collared flycatcher),130,24,98,,InterPro:IPR035076
U3K4R5,UPAR/Ly6 domain-containing protein,Ficedula albicollis (Collared flycatcher),121,21,92,,InterPro:IPR035076
U6DDX0,UPAR/Ly6 domain-containing protein,Neovison vison (American mink),128,21,98,,InterPro:IPR035076
U6DEY2,UPAR/Ly6 domain-containing protein,Neovison vison (American mink),126,24,101,,InterPro:IPR035076
U6DV01,Snake toxin/toxin-like domain-containing protein,Neovison vison (American mink),154,12,88,,InterPro:IPR035076
V3Z678,Snake toxin/toxin-like domain-containing protein,Lottia gigantea (Giant owl limpet),146,20,112,,InterPro:IPR035076
V3ZWN9,Snake toxin/toxin-like domain-containing protein,Lottia gigantea (Giant owl limpet),168,57,138,,InterPro:IPR035076
V8N4X0,Snake toxin/toxin-like domain-containing protein,Ophiophagus hannah (King cobra),98,4,69,,InterPro:IPR035076
V8NAR0,UPAR/Ly6 domain-containing protein,Ophiophagus hannah (King cobra),122,17,92,,InterPro:IPR035076
V8NB38,Snake toxin/toxin-like domain-containing protein,Ophiophagus hannah (King cobra),146,80,115,,InterPro:IPR035076
V8NB54,Snake toxin/toxin-like domain-containing protein,Ophiophagus hannah (King cobra),73,4,68,,InterPro:IPR035076
V8NCZ4,Snake toxin/toxin-like domain-containing protein,Ophiophagus hannah (King cobra),90,3,60,,InterPro:IPR035076
V8NDI0,Snake toxin/toxin-like domain-containing protein,Ophiophagus hannah (King cobra),132,29,106,,InterPro:IPR035076
V8NGY7,Snake toxin/toxin-like domain-containing protein,Ophiophagus hannah (King cobra),85,21,56,,InterPro:IPR035076
V9IHU1,Snake toxin/toxin-like domain-containing protein,Apis cerana (Indian honeybee),83,22,80,,InterPro:IPR035076
V9L3C5,UPAR/Ly6 domain-containing protein,Callorhinchus milii (Ghost shark),205,112,183,,InterPro:IPR035076
V9LKR8,Snake toxin/toxin-like domain-containing protein,Callorhinchus milii (Ghost shark),108,2,77,,InterPro:IPR035076
V9LKU2,Snake toxin/toxin-like domain-containing protein,Callorhinchus milii (Ghost shark),90,20,90,,InterPro:IPR035076
W5MCF2,UPAR/Ly6 domain-containing protein,Lepisosteus oculatus (Spotted gar),217,121,194,,InterPro:IPR035076
W5MCG9,UPAR/Ly6 domain-containing protein,Lepisosteus oculatus (Spotted gar),218,123,195,,InterPro:IPR035076
W5MCJ5,UPAR/Ly6 domain-containing protein,Lepisosteus oculatus (Spotted gar),201,111,179,,InterPro:IPR035076
W5MCW4,UPAR/Ly6 domain-containing protein,Lepisosteus oculatus (Spotted gar),205,18,94,,InterPro:IPR035076
W5MCW4,UPAR/Ly6 domain-containing protein,Lepisosteus oculatus (Spotted gar),205,112,182,,InterPro:IPR035076
W5MM03,UPAR/Ly6 domain-containing protein,Lepisosteus oculatus (Spotted gar),126,21,97,,InterPro:IPR035076
W5NT65,Snake toxin/toxin-like domain-containing protein,Ovis aries (Sheep),206,93,166,,InterPro:IPR035076
W5NTN6,UPAR/Ly6 domain-containing protein,Ovis aries (Sheep),134,27,104,,InterPro:IPR035076
W5NTS0,UPAR/Ly6 domain-containing protein,Ovis aries (Sheep),160,37,118,,InterPro:IPR035076
W5NU51,Uncharacterized protein,Ovis aries (Sheep),128,21,93,,InterPro:IPR035076
W5NU88,Ly-6/neurotoxin-like protein 1,Ovis aries (Sheep),119,24,95,,InterPro:IPR035076
W5NUF4,UPAR/Ly6 domain-containing protein,Ovis aries (Sheep),128,23,100,,InterPro:IPR035076
W5NUK2,Snake toxin/toxin-like domain-containing protein,Ovis aries (Sheep),126,24,101,,InterPro:IPR035076
W5NUT3,Snake toxin/toxin-like domain-containing protein,Ovis aries (Sheep),81,16,50,,InterPro:IPR035076
W8Q866,Snake toxin/toxin-like domain-containing protein,Plethodon cinereus (red-backed salamander),176,121,175,,InterPro:IPR035076
W8Q872,Snake toxin/toxin-like domain-containing protein,Plethodon cinereus (red-backed salamander),176,121,175,,InterPro:IPR035076
